trans_x	trans_y	trans_z	rot_x	rot_y	rot_z	dvars_std	dvars_nstd	dvars_vstd	framewise_displacement	aqi	aor
0.0	-0.0	0.0	-0.0	0.0	-0.0	n/a	n/a	n/a	n/a	0.0300841	0.00149
0.0031	0.0799	0.0433	-0.00021118483949131387	-8.726646259971648e-05	-0.00012042771838760874	1.00691104	59.04988861	0.99309247	0.14724395102393195	0.0314788	0.0022
0.0074	-0.0919	0.0233	-0.00013264502315156904	-0.00019198621771937622	-0.00020420352248333657	1.05728865	62.00426483	1.02479088	0.2094517687777566	0.0282847	0.00071
0.0035	-0.1756	0.0185	-8.37758040957278e-05	-0.00020420352248333657	-0.00027576202181510406	0.96766496	56.74831772	0.96338827	0.09903225115757847	0.0279863	0.0005
0.0059	-0.1725	0.0146	-9.075712110370512e-05	-0.00015533430342749534	-0.0002007128639793479	0.9671663	56.71907425	0.95795316	0.01594498469497875	0.0285676	0.0005
0.0021	-0.0739	0.0593	-0.00041015237421866745	-0.00019024088846738194	-0.00023387411976724014	1.01743019	59.66677856	0.99366081	0.16647315469713703	0.028299	0.00108
-0.0019	-0.0693	0.0646	-8.028514559173915e-05	-0.00018151424220741024	-0.0002129301687433082	0.93370473	54.75673294	0.94117959	0.031876891295541596	0.0273524	0.00092
-0.0027	-0.1852	0.0353	0.00010995574287564276	-0.00019198621771937622	-0.00020769418098732522	1.01109719	59.29538345	0.9940008	0.15629744258676656	0.0256014	0.00045
-0.0006	-0.208	0.0137	0.0003159045946109737	-9.075712110370512e-05	-6.981317007977319e-05	0.95956069	56.27304459	0.95603153	0.06875294796292769	0.0253984	0.0003
-0.0017	-0.1406	0.0125	0.000322885911618951	3.4906585039886588e-06	1.3962634015954635e-05	0.95787245	56.17403793	0.95510539	0.07895024503556995	0.0255065	0.0003
-0.0047	0.0148	0.0557	0.0001239183768915974	2.6179938779914945e-05	1.7453292519943296e-05	1.08024049	63.3502655	1.03703681	0.21285737367536345	0.0276925	0.00103
-0.0012	-0.0561	0.0338	0.0002600540585471551	-8.028514559173915e-05	-7.67944870877505e-05	0.98959327	58.03429413	0.97554127	0.11314242728174526	0.0260962	0.00062
-0.0022	-0.1536	-0.0057	0.00046425758103049166	8.726646259971648e-06	1.3962634015954635e-05	0.99388856	58.28619003	0.97769756	0.1571986217719376	0.0246627	0.00026
0.0009	-0.1612	-0.0241	0.0005654866776461627	9.42477796076938e-05	0.0001605702911834783	0.92731637	54.38209152	0.93792462	0.045767894356545866	0.0261421	0.00027
0.0005	-0.0735	0.015	0.0003700098014227979	8.552113334772214e-05	0.00017627825445142725	1.02775478	60.27225876	0.99819641	0.1381955742875643	0.0261042	0.0006
-0.0025	0.0167	0.0449	0.00024260076602721178	6.108652381980153e-05	8.552113334772214e-05	1.01689839	59.6355896	0.99610331	0.1352300383013606	0.0267165	0.00091
0.0018	-0.1353	0.007	0.00046425758103049166	-2.6179938779914945e-05	4.886921905584123e-05	1.02972758	60.3879509	1.00456828	0.21147875959474385	0.0243105	0.00033
0.0029	-0.1889	-0.023	0.0006702064327658224	-1.5707963267948964e-05	6.283185307179586e-05	0.95184284	55.82043457	0.95187687	0.09621917306316256	0.0248772	0.00026
0.0035	-0.1568	-0.0335	0.0005794493116621174	9.599310885968811e-05	0.00012740903539558605	0.97341645	57.08560944	0.95888377	0.05655176877775664	0.0258097	0.00023
-0.0002	-0.0691	0.029	0.0002530727415391778	8.203047484373349e-05	5.93411945678072e-05	1.01424062	59.47972488	0.99139367	0.17432035224833367	0.025179	0.00061
0.002	-0.0345	0.042	0.0003159045946109737	-3.665191429188092e-05	5.235987755982989e-05	0.94366884	55.3410759	0.94541935	0.059224777960769366	0.0261543	0.0007
0.0031	-0.155	-0.0055	0.0005253441048502931	-3.316125578789226e-05	-1.7453292519943296e-05	1.03259957	60.55638123	1.00481247	0.18323716694115405	0.0247552	0.00026
-0.0015	-0.1883	-0.0231	0.000445058959258554	0.00020594885173533088	0.00012217304763960306	0.96361822	56.51099777	0.95470659	0.07845107966372544	0.0247853	0.00024
-0.0047	-0.1119	-0.0144	0.0004049163864626844	0.0002478367537831948	0.0001884955592153876	0.95690227	56.11714172	0.95449664	0.09571764932097587	0.0256112	0.00039
-0.0033	-0.0073	0.0401	0.00023387411976724014	0.00014311699866353502	0.0001291543646475804	1.03907084	60.93588257	1.00824826	0.17725516081914555	0.0265186	0.00086
0.0143	-0.064	0.027	0.0004328416544945937	8.028514559173915e-05	0.00031415926535897925	0.98631132	57.84182358	0.97814522	0.10974021442552742	0.0245335	0.0004
0.0153	-0.1982	-0.0184	0.0005846852994181004	0.00010297442586766544	0.0002548180707911721	1.02215266	59.9437294	0.9985622	0.192293705988362	0.0246836	0.0002
0.0108	-0.1693	-0.0212	0.0006946410422937432	0.00020420352248333657	0.00034557519189487725	0.94961727	55.68991852	0.94778227	0.051297098029750944	0.0243745	0.00018
0.0105	-0.0802	0.0377	0.0002565634000431664	0.00014137166941154068	0.0003351032163829112	1.02866387	60.32557297	0.99815129	0.1738690735417169	0.0245895	0.00056
0.014	-0.063	0.0507	0.00032463124087094524	2.96705972839036e-05	0.0002548180707911721	0.93758619	54.98435974	0.94155	0.046702702927357745	0.0236247	0.00048
0.0147	-0.1867	0.0001	0.0006597344572538566	-3.141592653589793e-05	0.00017627825445142725	1.01618803	59.59393311	0.99397318	0.1987364778271229	0.0236431	0.00021
0.0108	-0.1914	-0.0177	0.0007295476273336296	0.00014486232791552936	0.0002670353755551324	0.96894789	56.82355499	0.9590872	0.043242427281745245	0.0234839	0.00018
0.0065	-0.1252	0.0102	0.0005375614096142535	0.0001832595714594046	0.00023212879051524583	0.98753268	57.91345215	0.97258838	0.11166450231515689	0.0230852	0.00022
0.0069	-0.0276	0.0617	0.00038048177693476387	0.0001884955592153876	0.0002530727415391778	0.99848735	58.55588531	0.98423896	0.15866297857297024	0.0243357	0.00061
0.0084	-0.1263	0.0306	0.0005078908123303499	0.00012042771838760874	0.0001658062789394613	0.99719405	58.48003769	0.98089971	0.14543716694115408	0.0226821	0.00027
0.0047	-0.2035	0.0045	0.0001972222054753592	0.00028623399732707005	9.773843811168246e-05	1.0064851	59.02490616	0.98887515	0.13422713633111155	0.0245928	0.00026
-0.0033	-0.1819	0.0169	5.585053606381854e-05	0.000307177948351002	2.268928027592628e-05	0.94594711	55.47468185	0.94791014	0.05386823891356141	0.0245703	0.00036
-0.0025	-0.0571	0.0674	-9.599310885968811e-05	0.0001972222054753592	1.7453292519943296e-05	1.03666294	60.79467392	1.01208319	0.18945176877775663	0.0249061	0.00075
-0.0045	-0.115	0.0601	7.330382858376184e-05	0.00018500490071139895	-4.0142572795869576e-05	0.96002078	56.30002594	0.95567402	0.07915550537616117	0.0227668	0.00048
-0.0057	-0.2201	0.0161	0.00038571776469074686	0.00032637657012293966	3.490658503988659e-05	1.00778973	59.10142136	0.98987742	0.17674173816771407	0.0221651	0.0002
-0.0069	-0.2474	0.0072	0.0004677482395344803	0.00032812189937493397	2.792526803190927e-05	0.93190593	54.6512413	0.93735809	0.04193785605518527	0.0224032	0.00017
-0.0083	-0.1347	0.0318	0.00039095375244672985	0.00031415926535897925	0.0001012290966156711	1.00831318	59.13211441	0.98875373	0.14690304748437336	0.022582	0.0003
-0.0059	-0.0467	0.0783	0.00021642082724729686	0.00017104226669544429	1.3962634015954635e-05	1.02197289	59.93318558	0.99851721	0.15714581932313423	0.0237917	0.00068
-0.0025	-0.1292	0.0462	0.0005654866776461627	6.108652381980153e-05	-9.773843811168246e-05	0.97966665	57.45215225	0.97000778	0.1465361332701073	0.0215138	0.00023
-0.0031	-0.2538	0.0117	0.0006684611035138282	0.00022340214425527416	-8.901179185171081e-05	0.99978054	58.6317215	0.98546655	0.1734008346281555	0.0217351	0.00019
-0.0039	-0.1972	0.0124	0.0006719517620178169	0.0002600540585471551	-4.71238898038469e-05	0.93185538	54.64827728	0.93998197	0.06220152374218672	0.0222481	0.00016
-0.0024	-0.095	0.056	0.0003961897402027128	0.00021118483949131387	-3.141592653589793e-05	1.03011966	60.41094589	0.99863847	0.16431696020694467	0.0227737	0.00034
0.0012	-0.0778	0.0712	0.0004572762640225143	0.00016929693744344995	5.759586531581287e-05	0.94830382	55.61289215	0.94866728	0.045599310885968816	0.0223471	0.0005
-0.0027	-0.2178	0.0251	0.0006894050545377602	0.0003577924966588376	9.948376736367679e-05	1.01832247	59.71910477	0.9978424	0.21312561258892487	0.0210994	0.00016
-0.0107	-0.2339	0.0037	0.0007993607974134029	0.000614355896702004	0.00019198621771937622	0.95069653	55.75321198	0.95110586	0.06845107966372543	0.0217777	0.00013
-0.0189	-0.164	0.0288	0.0006021385919380437	0.0007871434926494425	0.00031415926535897925	0.99294043	58.23058701	0.97480365	0.12780914245312003	0.0214551	0.00017
-0.0258	-0.0568	0.0797	0.0004328416544945937	0.0007731808586334879	0.0004188790204786391	1.0178504	59.69142151	0.99688674	0.17939896632895325	0.0210464	0.0005
-0.0206	-0.1432	0.059	0.0006544984694978735	0.0007138396640656808	0.00040666171571467877	0.9780609	57.35798264	0.9706379	0.12696076571675236	0.0201364	0.00026
-0.0185	-0.228	0.0235	0.0006771877497737998	0.000731292956585624	0.0003647738136668148	0.99232435	58.19445801	0.97655719	0.12650152374218668	0.0209834	0.00012
-0.0188	-0.1963	0.027	0.0005253441048502931	0.0006684611035138282	0.0003054326190990077	0.9577443	56.16652298	0.95079842	0.049200834628155485	0.0207506	0.00024
-0.0181	-0.103	0.0902	0.0002617993877991494	0.0006073745796940267	0.00035081117965086024	1.00664878	59.03450775	0.98912345	0.1757004900711399	0.0227949	0.00063
-0.0298	-0.1016	0.1053	0.00034208453339088857	0.0006475171524898963	0.0002443460952792061	0.97273189	57.04546356	0.96544811	0.03954464013796315	0.0207585	0.00061
-0.0307	-0.2227	0.0596	0.0006632251157578452	0.0006754424205218055	0.0002478367537831948	1.01992214	59.81291962	0.99597922	0.18532782544514273	0.0189999	0.00018
-0.036	-0.2624	0.0427	0.0007644542123735164	0.0007539822368615504	0.00020943951023931956	0.93724287	54.96422577	0.94006169	0.07280830782496457	0.0196105	0.0001
-0.0365	-0.2115	0.037	0.0006597344572538566	0.0007120943348136865	0.0001832595714594046	0.94433409	55.38008881	0.94579422	0.06573937979737196	0.0204908	0.00014
-0.0413	-0.1005	0.0861	0.0005462880558742252	0.0007766715171374765	0.0003054326190990077	1.04714227	61.40923309	1.00987693	0.17990983156715123	0.0201894	0.00035
-0.0445	-0.0977	0.115	0.0005969026041820607	0.000731292956585624	0.0002513274122871834	0.94443834	55.38619995	0.94549158	0.04240491578357562	0.0188267	0.00043
-0.043	-0.2204	0.071	0.0007487462491055673	0.0007592182246175333	0.00014660765716752367	0.99542171	58.37609863	0.98072886	0.1824244334037538	0.0187538	0.00018
-0.0441	-0.2599	0.0463	0.0007749261878854823	0.0008150687606813518	0.00013439035240356338	0.94123107	55.19811249	0.94304865	0.07001238898038468	0.0193713	0.00011
-0.0445	-0.2164	0.0474	0.000736528944341607	0.0008342673824532895	0.00015184364492350666	0.96538699	56.61472702	0.95474234	0.04875245789178782	0.019217	0.00014
-0.049	-0.11	0.1082	0.0005148721293383271	0.0008517206749732328	0.0001361356816555577	1.01826453	59.71570587	0.99358237	0.18444090353955864	0.0192568	0.00047
-0.048	-0.1223	0.1004	0.0006894050545377602	0.0008063421144213803	0.00015184364492350666	0.93430811	54.79211807	0.94288447	0.032880972450961735	0.0188205	0.00029
-0.0462	-0.2363	0.0433	0.0010000736613927507	0.000853466004225227	0.0001884955592153876	1.01009476	59.23659897	0.99165974	0.19262222054753597	0.0183754	8e-05
-0.0412	-0.2304	0.0357	0.001085594794740473	0.0008307767239493009	0.00021467549799530252	0.94826651	55.61070251	0.94442543	0.025219517620178176	0.0184595	0.0001
-0.0383	-0.1595	0.0395	0.0011239920382843482	0.0007592182246175333	0.00022689280275926284	0.94599956	55.47776031	0.94491965	0.08370865238198015	0.0185226	0.0001
-0.0365	-0.0533	0.0642	0.0012339477811599909	0.0006527531402458793	0.00019547687622336493	1.00239301	58.78492737	0.98209416	0.14509183768915973	0.0198475	0.00018
-0.0284	-0.1421	0.0911	0.000879645943005142	0.0006702064327658224	0.0001239183768915974	0.99171889	58.15895081	0.98081445	0.145965681500328	0.0187831	0.00017
-0.0323	-0.2465	0.0327	0.0010262536001726657	0.0007627088831215222	0.00013264502315156904	1.00211751	58.76877213	0.98591132	0.17909183768915973	0.0183734	9e-05
-0.0426	-0.2869	0.0215	0.0009442231253289323	0.000853466004225227	9.42477796076938e-05	0.93472499	54.81656647	0.94164955	0.07245924197456564	0.0193876	0.0001
-0.0406	-0.1707	0.0533	0.0007347836150896127	0.0007679448708775049	0.0001186823891356144	0.99461305	58.32867813	0.98167484	0.16596976265574814	0.0195341	0.00023
-0.0414	-0.0814	0.0975	0.000640535835481919	0.0006963863715457374	0.00013788101090755203	1.03483689	60.68758774	1.00255325	0.1435502450355699	0.0199609	0.00037
-0.0421	-0.1574	0.0603	0.0009372418083209549	0.0006824237375297829	6.981317007977319e-05	0.98475331	57.75045776	0.97218459	0.1328368223841385	0.0179548	0.00016
-0.0486	-0.2086	0.0175	0.0011414453308042916	0.0008709192967451704	0.0001605702911834783	0.94809479	55.60063171	0.95054966	0.12467281014012144	0.0176838	8e-05
-0.046	-0.191	0.0197	0.0012601277199399059	0.0008272860654453122	0.00018675022996339323	0.94949567	55.68278503	0.94653274	0.031824777960769365	0.0180404	6e-05
-0.0429	-0.0957	0.0922	0.0007871434926494425	0.0007696902001294993	0.0001658062789394613	1.03894448	60.92847824	1.0053047	0.19847620218151044	0.0189336	0.00026
-0.0406	-0.0901	0.1023	0.0008360127117052838	0.0006911503837897545	0.000153588974175501	0.9295314	54.51198959	0.93881378	0.024981317007977313	0.0187291	0.00025
-0.049	-0.2356	0.0375	0.0013055062804917586	0.0007243116395776468	0.00020594885173533088	1.0676775	62.61351013	1.02941707	0.24645073510670987	0.0178443	0.00012
-0.0553	-0.2445	0.0202	0.0013439035240356337	0.0006283185307179585	0.0001256637061435917	0.96449775	56.56257629	0.95503412	0.04323377489976511	0.0182208	8e-05
-0.0561	-0.2116	0.051	0.0010716321607245184	0.0005742133239061344	5.759586531581287e-05	0.9641279	56.54088593	0.95669498	0.08422222054753588	0.018086	8e-05
-0.0577	-0.0872	0.1175	0.0014329153158873448	0.0003106686068549907	0.00029845130209103034	1.05263448	61.73131943	1.02023307	0.23578416544945935	0.018809	0.00023
-0.0581	-0.152	0.1098	0.0017715091907742446	0.0001308996938995747	0.00013264502315156904	0.98174864	57.57424927	0.9661039	0.10710845333908885	0.0174708	0.00015
-0.0559	-0.267	0.0835	0.001820378409830086	0.00011693705988362007	-8.726646259971648e-05	1.01495147	59.5214119	0.99146544	0.15763716694115412	0.0167519	7e-05
-0.0623	-0.2855	0.0597	0.001864011641129944	0.00029321531433504735	2.268928027592628e-05	0.93347603	54.74332047	0.93960658	0.06519336143134637	0.0171268	7e-05
-0.0653	-0.1923	0.0647	0.0022008601867648495	0.00023387411976724014	0.00017802358370342162	0.9891032	58.0055542	0.97662038	0.12877620218151037	0.01724	0.0001
-0.0676	-0.0927	0.1296	0.0017156586547104257	0.00022340214425527416	0.00012740903539558605	1.05139112	61.65840149	1.01334418	0.19411440279371128	0.0185363	0.00017
-0.0657	-0.1419	0.1462	0.0019442967867216831	0.00011170107212763708	-9.250245035569947e-05	0.9562667	56.07987213	0.9537063	0.09571253449450899	0.0168516	0.00019
-0.0698	-0.2612	0.066	0.0024260076602721182	0.00012042771838760874	-0.00010995574287564276	1.02977943	60.39099503	1.00484468	0.22899454061651753	0.0161189	6e-05
-0.0825	-0.2788	0.0453	0.0023911010752322315	0.0002740166925631097	-7.504915783575618e-05	0.96119446	56.36885834	0.95289061	0.062170107212763726	0.016822	0.0001
-0.083	-0.2015	0.074	0.0023876104167282427	7.853981633974481e-05	-6.45771823237902e-05	0.99772149	58.51097107	0.97569595	0.11697197551196596	0.017052	0.0001
-0.0822	-0.078	0.1342	0.0022602013813326567	2.4434609527920616e-05	-0.0001064650843716541	1.02778375	60.27396011	1.00245257	0.19567010721276376	0.0173915	0.00024
-0.0853	-0.175	0.1186	0.002701769682087222	8.726646259971648e-06	-0.0002443460952792061	0.99161184	58.15267181	0.97573088	0.14545786374650332	0.0166459	9e-05
-0.0778	-0.2746	0.0872	0.0025569073541716926	-2.268928027592628e-05	-0.00020769418098732522	1.00517106	58.94784927	0.98432518	0.14914650843716543	0.0164895	8e-05
-0.0833	-0.2506	0.0868	0.0022078415037728267	0.00018151424220741024	-0.00011693705988362007	0.95520735	56.01774597	0.94861615	0.0621013246992954	0.0159897	4e-05
-0.0812	-0.2046	0.1039	0.002141518992197042	0.00023911010752322313	1.7453292519943296e-05	0.94139832	55.20792007	0.94272795	0.07811543646475803	0.0166122	0.00016
-0.0812	-0.1087	0.1584	0.0020176006153054447	0.00026354471705114377	2.96705972839036e-05	1.02183068	59.92484283	0.99383439	0.15842851455917392	0.0175787	0.00021
-0.0745	-0.1866	0.1425	0.0021886428820008896	0.0002251474735072685	-1.9198621771937625e-05	0.9839586	57.70384979	0.97001443	0.11341543646475807	0.0161686	0.00012
-0.0721	-0.3103	0.1046	0.0019425514574696887	0.00034906585039886593	-3.490658503988659e-05	1.01687968	59.63449097	0.99071851	0.18328588823453737	0.0168354	7e-05
-0.0609	-0.2873	0.0798	0.0018465583486100008	0.00041538836197465044	0.00013264502315156904	0.92932481	54.49987411	0.93876886	0.07549336143134641	0.0172881	0.00013
-0.0485	-0.2305	0.0721	0.0017086773377024485	0.00040317105721069014	0.00014311699866353502	0.96050745	56.3285675	0.95250053	0.0849285145591739	0.016901	7e-05
-0.0519	-0.136	0.1371	0.0014381513036433276	0.0004049163864626844	7.330382858376184e-05	1.03311086	60.58636475	0.99903991	0.1800042266695444	0.0176325	0.00016
-0.0576	-0.1232	0.1754	0.0017732545200262388	0.0003612831551628262	-0.00010821041362364843	0.94977891	55.69939804	0.95163313	0.084812534494509	0.0169535	0.00024
-0.0582	-0.2197	0.1555	0.0020245819323134223	0.000307177948351002	-0.0002583087292951608	0.95771873	56.1650238	0.96017197	0.139776546738526	0.0156731	0.00014
-0.0603	-0.3078	0.1172	0.0022008601867648495	0.000312413936106985	-0.0003438298626428829	0.95100492	55.77129745	0.95650748	0.14185176877775663	0.0161368	8e-05
-0.0709	-0.3253	0.0948	0.0022951079663725434	0.0005078908123303499	-0.00018500490071139895	0.96003467	56.30084229	0.95566193	0.0729274808881271	0.0161221	0.0001
-0.0709	-0.262	0.1363	0.0022322761133007477	0.0005375614096142535	-0.00013264502315156904	1.01001394	59.23185349	0.9846846	0.11204311639577644	0.0154634	8e-05
-0.0749	-0.1528	0.195	0.0021851522234969008	0.0005410520681182421	-0.0001361356816555577	1.02497411	60.10919189	1.00035942	0.17460526034059115	0.0157095	0.00016
-0.075	-0.2623	0.1296	0.0029234264970905022	0.0004537856055185257	-0.00017453292519943296	1.02750814	60.25779724	1.00351602	0.21819689898685965	0.0145505	4e-05
-0.0722	-0.2988	0.0867	0.002886774582798621	0.00045902159327450867	-0.0001605702911834783	0.97843838	57.38011932	0.96489268	0.08499252680319097	0.0148101	7e-05
-0.0741	-0.2354	0.0778	0.0028658306317746896	0.000598647933434055	-6.9813170079773176e-06	0.96849799	56.79716873	0.95608053	0.08990796326794893	0.0141777	1e-05
-0.079	-0.1643	0.1419	0.0028274333882308137	0.0005462880558742252	-6.806784082777885e-05	0.99414724	58.30136108	0.9781979	0.1476921822461754	0.0145692	5e-05
-0.0798	-0.1204	0.1808	0.0027244589623631483	0.00048171087355043494	-0.00019896753472735358	0.97814018	57.36263275	0.96634503	0.09852256510455153	0.0161492	0.00011
-0.0751	-0.242	0.1595	0.002883283924294633	0.00034557519189487725	-0.00028623399732707005	1.00399709	58.87900162	0.98515296	0.16671135530933792	0.0149249	7e-05
-0.0749	-0.3042	0.1023	0.0032916909692613052	0.000317649923862968	-0.00029496064358704166	0.98170114	57.57146454	0.9709962	0.1418529479629277	0.0146726	7e-05
-0.0817	-0.3443	0.0625	0.003450515931192789	0.0004956735075663896	-0.0001361356816555577	0.94613248	55.48555374	0.94793212	0.11148367537831944	0.0152557	4e-05
-0.0802	-0.2291	0.092	0.0031730085801256907	0.0004520402762665313	-2.4434609527920616e-05	1.02564633	60.14860916	0.99881995	0.16784208272472967	0.0144327	0.00012
-0.0766	-0.1327	0.1268	0.002820452071222836	0.0004520402762665313	-0.00011170107212763708	1.02998197	60.40287018	1.00016284	0.15679114857512855	0.0155057	8e-05
-0.0738	-0.2197	0.1271	0.002663372438543347	0.00041015237421866745	-0.0003001966313430247	0.96594691	56.64756393	0.95762988	0.109473154697137	0.0141054	0.0001
-0.0865	-0.2958	0.0717	0.002535963403147761	0.0006806784082777885	-0.0002617993877991494	0.96385664	56.52497864	0.96100982	0.1660166156499291	0.0145464	9e-05
-0.089	-0.2964	0.0884	0.00209614043164519	0.0008377580409572782	-0.00017802358370342162	0.96578372	56.63799286	0.95778601	0.053833920413889416	0.0149724	8e-05
-0.0798	-0.1913	0.1284	0.0019687313962496035	0.0008587019919812101	9.42477796076938e-05	1.02893031	60.34119797	0.99698529	0.1753312174865317	0.0152926	9e-05
-0.0684	-0.0686	0.1863	0.0016807520696705393	0.0007190756518216638	0.00015533430342749534	1.02713895	60.23614502	1.00511921	0.21643460952792057	0.0185702	0.00036
-0.0517	-0.1428	0.1573	0.001408480706359424	0.000804596785169386	0.00024609142453120044	1.09507728	64.2203598	1.05837345	0.14232748088812713	0.0228974	0.00074
-0.0719	-0.2104	0.0441	0.002775073510670984	0.00091106186954104	0.00028623399732707005	1.20585287	70.7167511	1.12692054	0.2766600230739541	0.0237304	0.00085
-0.0815	-0.2025	-0.0901	0.003981096023799066	0.000783652834145454	0.0005445427266222308	1.31095839	76.88062286	1.19582796	0.23128701389094136	0.0249875	0.00083
-0.0445	-0.1392	-0.0955	0.002089159114637212	0.00042411500823462205	0.0005864306286700947	1.18303037	69.37833405	1.12634463	0.22036813185602752	0.0218608	0.00018
-0.0386	-0.118	-0.0821	0.001155407964820246	0.0005270894341022875	0.0005794493116621174	0.93883222	55.05743408	0.95201846	0.09268534463463043	0.0226021	0.0001
-0.0533	-0.0132	-0.0367	0.0010716321607245184	0.0005340707511102648	0.0006178465552059926	0.99162751	58.15359116	0.98139337	0.171357718232379	0.0224206	0.0002
-0.0652	-0.0634	-0.0488	0.0016720254234105676	0.0005148721293383271	0.0003316125578789226	0.95219874	55.84130859	0.95550962	0.11949129408925283	0.0197512	0.00015
-0.0793	-0.1986	-0.0743	0.0019757127132575807	0.0006981317007977319	0.00027750735106709843	1.02769756	60.26890182	1.00486493	0.20185260340591207	0.0188098	7e-05
-0.0799	-0.1784	-0.0619	0.001973967384005587	0.0006859143960337716	0.0002530727415391778	0.9759078	57.23171616	0.96141309	0.03511986217719374	0.0185283	0.0001
-0.0876	-0.0819	0.0142	0.0015550883635269475	0.0007470009198535729	0.00023561944901923448	1.03744948	60.84080124	1.00627403	0.20517094184091925	0.0176617	6e-05
-0.0864	-0.0787	0.0259	0.0017453292519943296	0.0006736970912698113	0.00010821041362364843	0.95003712	55.71453857	0.95016019	0.03564768762233648	0.0177622	8e-05
-0.0901	-0.2064	-0.0276	0.0020699604928652747	0.0007086036763096977	3.839724354387525e-05	1.04248631	61.13618469	1.00960163	0.2063675497995302	0.0160177	7e-05
-0.0905	-0.251	-0.04	0.0020664698343612863	0.0008237954069413235	0.00016406094968746698	0.9599449	56.295578	0.95076547	0.06961730476396029	0.0168597	4e-05
-0.0893	-0.1755	0.0032	0.0018570303241219666	0.0008674286382411819	0.0002478367537831948	0.98806524	57.94468307	0.97056728	0.1367424272817453	0.0157464	5e-05
-0.088	-0.055	0.0615	0.001839577031602023	0.0007295476273336296	0.00018675022996339323	1.03393853	60.63490295	1.00516019	0.19092104136236487	0.0177855	8e-05
-0.0913	-0.1771	0.0181	0.0022985986248765322	0.0006684611035138282	6.108652381980153e-05	1.03172171	60.50489807	0.99919599	0.20108859116189512	0.0149674	7e-05
-0.0961	-0.2497	-0.0202	0.002665117767795341	0.0008203047484373349	0.0002007128639793479	0.98460722	57.74188995	0.97013838	0.1485994564000931	0.015142	2e-05
-0.0966	-0.1977	-0.007	0.002553416695667704	0.0008011061266653974	0.00017278759594743863	0.95329386	55.90552902	0.95181822	0.07364124809657421	0.0148804	5e-05
-0.091	-0.0652	0.0575	0.002169444260228951	0.0006824237375297829	0.0002024581932313422	1.06082785	62.21181488	1.02287196	0.22921627109291356	0.0168504	5e-05
-0.0895	-0.1516	0.0323	0.0022148228207808044	0.0006824237375297829	6.806784082777885e-05	1.00275576	58.80620575	0.98104068	0.12208844564777084	0.0149198	7e-05
-0.0997	-0.2367	-0.0128	0.0023544491609403502	0.0007731808586334879	8.37758040957278e-05	0.99144989	58.14317322	0.97244196	0.15270457122655995	0.0144663	3e-05
-0.1023	-0.2048	-0.0153	0.0024836035255879313	0.0008482300164692441	0.0001658062789394613	0.93327624	54.73160553	0.93664122	0.051311699866353526	0.0151929	0.0001
-0.0974	-0.0949	0.0497	0.0019669860669976093	0.0008063421144213803	0.00021642082724729686	1.0507338	61.61985779	1.01128763	0.21025599544730111	0.0164773	7e-05
-0.0941	-0.1233	0.0464	0.0021537362969610025	0.0007382742735936014	0.00010297442586766544	0.95360976	55.92405701	0.95137938	0.053413223608540186	0.0153038	5e-05
-0.1009	-0.2486	-0.0203	0.0022706733568446224	0.0008761552845011534	9.250245035569947e-05	1.02236617	59.95624924	0.99506172	0.2120645023151569	0.014871	5e-05
-0.1027	-0.2406	-0.0333	0.0024242623310201236	0.0009197885158010115	0.00013962634015954637	0.95965683	56.27868271	0.95269458	0.03501730476396029	0.015214	4e-05
-0.0883	-0.1111	0.038	0.002097885760897184	0.000853466004225227	0.00020594885173533088	1.08240163	63.47700119	1.03155567	0.23815107966372537	0.0153063	4e-05
-0.0775	-0.1003	0.0236	0.002134537675189065	0.0008883725892651138	0.00019198621771937622	0.9505986	55.74746704	0.95366346	0.04027605666738612	0.0149522	4e-05
-0.0823	-0.2728	-0.046	0.0017819811662862105	0.0010716321607245184	0.00020420352248333657	1.09279621	64.086586	1.04570499	0.27430166925631094	0.017413	7e-05
-0.0761	-0.1998	-0.0458	0.0014974924982111347	0.0010559241974565693	0.0002181661564992912	0.99085408	58.10823441	0.97152418	0.09510796326794894	0.0173407	5e-05
-0.0843	-0.0512	0.0283	0.001048942880448592	0.0010367255756846318	8.726646259971648e-06	1.09853542	64.42316437	1.04391111	0.26475938748869	0.0175524	8e-05
-0.0823	-0.082	0.039	0.001218239817892042	0.000905825881785057	-5.93411945678072e-05	0.93000799	54.53993988	0.9396051	0.06191322360854017	0.0157266	5e-05
-0.0875	-0.228	-0.0156	0.0016126842288427606	0.0009896016858807848	8.726646259971648e-06	1.04637015	61.36395264	1.01442816	0.23311440279371123	0.0156128	5e-05
-0.0956	-0.2516	-0.0406	0.0018133970928221085	0.0010157816246606998	8.028514559173915e-05	0.96993536	56.8814621	0.96185119	0.0716225651045515	0.0159416	4e-05
-0.0918	-0.1529	0.0206	0.0014922565104551516	0.0008936085770210966	4.886921905584123e-05	1.03375959	60.62440872	1.00160847	0.1874364778271229	0.0146196	6e-05
-0.0932	-0.0819	0.0653	0.0015463617172669759	0.0008098327729253688	5.4105206811824215e-05	0.97930443	57.4309082	0.97006092	0.12425584993317676	0.0161854	9e-05
-0.0751	-0.1849	0.0073	0.0017575465567582897	0.000895353906273091	0.0003595378259108319	1.12920201	66.22158813	1.08075518	0.2092069295969022	0.0191847	0.00022
-0.0832	-0.2257	-0.0402	0.0017994344588061536	0.001069886831472524	0.00040840704496667313	1.03072882	60.44667053	1.00445765	0.10966450231515693	0.0194318	0.0001
-0.1017	-0.1512	-0.0128	0.001658062789394613	0.0010088003076527223	0.0001972222054753592	1.05626261	61.94408798	1.03017283	0.14108215163613283	0.0161655	5e-05
-0.1042	-0.0557	0.0539	0.0015306537539990272	0.0009704030641088471	0.000153588974175501	1.0211612	59.88558197	0.99677525	0.17517197551196595	0.0165913	9e-05
-0.1024	-0.1735	0.0276	0.0019442967867216831	0.000900589894029074	6.632251157578452e-05	1.02625954	60.18457413	0.99779708	0.17443613327010726	0.0141528	2e-05
-0.1062	-0.2596	-0.0254	0.002256710722828668	0.0009546951008408983	0.0001239183768915974	0.99340844	58.25803375	0.97757001	0.1641057504117311	0.0147516	7e-05
-0.1053	-0.1796	-0.0101	0.0020193459445574393	0.0009424777960769379	0.0002478367537831948	0.99262422	58.21204376	0.97536314	0.11487502299633928	0.0151193	5e-05
-0.0869	-0.0759	0.0422	0.001579522973054868	0.0010245082709206715	0.00047647488579445195	1.05951929	62.13507843	1.02173759	0.21192457891787808	0.0162567	8e-05
-0.085	-0.172	0.0075	0.001891936909161853	0.0011344640137963143	0.0005689773361501514	1.00006723	58.64853668	0.98302567	0.15844360646691635	0.0154009	2e-05
-0.0977	-0.2288	-0.0431	0.0022113321622768156	0.0012112585008840647	0.0005166174585903216	0.98280609	57.63626099	0.97096299	0.1425274808881271	0.0175742	5e-05
-0.0982	-0.1998	-0.0206	0.001853539665617978	0.0012042771838760874	0.0004328416544945937	0.97225183	57.0173111	0.9610318	0.07442748088812713	0.0176964	6e-05
-0.093	-0.0628	0.035	0.0015376350710070042	0.001001818990644745	0.00048171087355043494	1.06879783	62.67921448	1.0304158	0.22616160034490787	0.016341	5e-05
-0.0879	-0.0975	0.0165	0.0018727382873899156	0.0009512044423369096	0.00042236967898262774	0.95711577	56.12966537	0.95555344	0.0805529479629277	0.0162274	4e-05
-0.0882	-0.2318	-0.0296	0.0022322761133007477	0.0009773843811168245	0.00039968039870670147	1.04822135	61.47251511	1.00980073	0.2011203522483337	0.0153856	6e-05
-0.0915	-0.2362	-0.0385	0.0024277529895241124	0.001048942880448592	0.00038048177693476387	0.94096446	55.18247604	0.94066149	0.030911699866353476	0.0155492	4e-05
-0.0868	-0.1367	0.0029	0.002197369528260861	0.001054178868204575	0.000486946861306418	1.00678599	59.04255295	0.98403221	0.16270422666954443	0.0163606	5e-05
-0.0815	-0.068	0.0413	0.0020176006153054447	0.0009581857593448868	0.000439822971502571	1.01308858	59.4121666	0.98834649	0.12854429558094754	0.0163629	8e-05
-0.0788	-0.1828	0.0066	0.0022724186860966175	0.0009128071987930344	0.000312413936106985	1.00920987	59.18470001	0.98304808	0.17358028333693057	0.0144022	2e-05
-0.0848	-0.2431	-0.0293	0.0024801128670839424	0.0010419615634406148	0.00035081117965086024	0.9475258	55.56726456	0.94695278	0.12096228945893905	0.0159419	0.0001
-0.0866	-0.1852	-0.0104	0.002197369528260861	0.001022762941668677	0.000312413936106985	0.98537886	57.78713989	0.96620247	0.09561696020694473	0.0159208	6e-05
-0.0826	-0.0842	0.0404	0.001790707812546182	0.0009459684545809266	0.00027576202181510406	1.03032148	60.4227829	1.00142694	0.18180540585471552	0.0168869	8e-05
-0.0784	-0.1749	-0.0007	0.002089159114637212	0.000874409955249159	0.0002373647782712288	0.97520125	57.19028091	0.96641723	0.15642035224833364	0.0158154	4e-05
-0.081	-0.2604	-0.0243	0.0024260076602721182	0.0009546951008408983	0.00027925268031909274	0.98020059	57.48346329	0.96997998	0.13465107966372547	0.0162245	7e-05
-0.0831	-0.1836	-0.0239	0.0023422318561763904	0.0010384709049366262	0.00028274333882308137	0.98115051	57.53917313	0.96437909	0.08785211333477222	0.0159122	6e-05
-0.0821	-0.1097	0.0243	0.001973967384005587	0.0010506882097005862	0.0003665191429188092	0.98862398	57.97745132	0.97331799	0.14631287905152454	0.015776	7e-05
-0.078	-0.0686	0.0358	0.0021048670779051613	0.0009983283321407565	0.00035604716740684323	0.9584381	56.20721054	0.9550967	0.06638657734856851	0.0163119	7e-05
-0.0778	-0.2005	-0.0224	0.0024591689160600103	0.0009843656981248017	0.0003159045946109737	1.05522764	61.88339233	1.01514497	0.2107203522483337	0.014558	5e-05
-0.0779	-0.2484	-0.0399	0.0027244589623631483	0.0010716321607245184	0.0003682644721708035	0.96111518	56.36420822	0.95397354	0.08574581932313424	0.0146168	4e-05
-0.077	-0.1496	0.013	0.002361430477948328	0.0010576695267085637	0.000450294947014537	1.02147448	59.90395355	0.99320493	0.1755510796637254	0.0149025	4e-05
-0.0736	-0.0644	0.0492	0.0021467549799530253	0.0009756390518648303	0.00032812189937493397	1.02357543	60.02716446	0.99398372	0.14574395102393195	0.015794	8e-05
-0.0841	-0.2127	0.0033	0.002637192499763432	0.0011484266478122688	0.0003595378259108319	1.05275857	61.73859787	1.01120147	0.23943205211468715	0.0129213	3e-05
-0.084	-0.2575	-0.0082	0.0031171580440618727	0.0011379546723003027	0.0003892084231947355	0.94677824	55.52342224	0.94835943	0.08240540585471552	0.0139189	4e-05
-0.0825	-0.1481	0.0524	0.0028274333882308137	0.001043706892692609	0.00029845130209103034	1.0425446	61.13960266	1.0044026	0.1952364778271229	0.0131239	2e-05
-0.0789	-0.1199	0.0532	0.002829178717482808	0.0009965830028887623	0.00020943951023931956	0.94375449	55.34609604	0.94459465	0.03949405054537759	0.0126614	4e-05
-0.0773	-0.2353	-0.0035	0.0031223940318178558	0.0009285151620609833	0.0002373647782712288	1.00999248	59.23059845	0.98713482	0.19316042115973683	0.0134611	4e-05
-0.0801	-0.2066	-0.0116	0.002998475654926258	0.0010088003076527223	0.00027925268031909274	0.96344459	56.50081635	0.95455395	0.05190457122656004	0.0139079	4e-05
-0.0797	-0.1042	0.0491	0.00249931148885588	0.0010419615634406148	0.00024609142453120044	1.02937889	60.36750793	0.9979678	0.19177433388230816	0.0134246	2e-05
-0.0789	-0.1464	0.045	0.0026110125609835172	0.0010192722831646884	0.00031415926535897925	0.92850018	54.4515152	0.93539016	0.05722290966156712	0.0134169	4e-05
-0.0852	-0.2567	0.0049	0.0029269171555944902	0.0011013027580084218	0.0002443460952792061	1.01109385	59.2951889	0.98554228	0.18008741197672395	0.0126731	5e-05
-0.0921	-0.2741	-0.0102	0.0032934362985133003	0.001228711793404008	0.00029496064358704166	0.95440149	55.97048569	0.94632133	0.06662713633111161	0.0126553	2e-05
-0.0901	-0.2089	0.0286	0.0031311206780778272	0.0012845623294678264	0.0004380776422505767	0.96989053	56.87883377	0.96097328	0.12406415775814132	0.0124187	5e-05
-0.0872	-0.1127	0.0676	0.0027680921936630064	0.001228711793404008	0.00042760566673861073	1.01731467	59.66000366	0.98850788	0.15956754979953025	0.0135283	4e-05
-0.0885	-0.1787	0.0319	0.0030647981665020423	0.0012775810124598492	0.0003438298626428829	0.97930157	57.43074036	0.96536816	0.12446754979953024	0.0119343	3e-05
-0.094	-0.2504	-0.0243	0.003984586682303054	0.0013264502315156904	0.00026354471705114377	0.98776668	57.92717361	0.97207268	0.18584714402242963	0.0125399	6e-05
-0.0914	-0.1912	-0.0133	0.004331907203449926	0.0012461650859239514	0.0002199114857512855	0.98047841	57.49975586	0.96610278	0.09636194490192339	0.0130302	6e-05
-0.0861	-0.0672	0.0375	0.0033824480903650108	0.0013212142437597075	0.00034033920413889426	1.05828249	62.06254578	1.01600393	0.23734679946541404	0.0137254	7e-05
-0.0825	-0.1003	0.0244	0.003262020371977402	0.0012775810124598492	0.00032637657012293966	0.94225872	55.25837708	0.94726402	0.05870117918517108	0.0137329	4e-05
-0.0804	-0.2479	-0.0796	0.0034644785652087444	0.0015760323145508795	0.0005061454830783556	1.1140877	65.33522034	1.05406779	0.28773392041388945	0.0146589	5e-05
-0.0714	-0.2526	-0.0885	0.0034662238944607386	0.001673770752662562	0.0006300638599699529	0.95991337	56.29372787	0.95338158	0.033770107212763675	0.0152832	7e-05
-0.0784	-0.1416	-0.0132	0.002958333082130389	0.001710422666954443	0.0005393067388662478	1.04505253	61.28667831	1.00982441	0.22506499238629676	0.013231	5e-05
-0.0858	-0.0941	0.0298	0.0028902652413026098	0.0016929693744344998	0.0003630284844148205	0.97147226	56.97159576	0.96337382	0.11098996938995748	0.0135296	3e-05
-0.0878	-0.2082	-0.0176	0.002933898472602468	0.001609193570338772	0.00013264502315156904	1.03645968	60.78275681	1.00014982	0.18138962483294185	0.012244	4e-05
-0.0863	-0.2895	-0.0765	0.0028361600344907856	0.0017016960206944712	0.00014311699866353502	1.00237918	58.78411865	0.98122885	0.15173564319896737	0.0153367	4e-05
-0.0738	-0.1963	-0.0625	0.0028571039855147177	0.0016650441064025902	0.00041015237421866745	0.99097991	58.11561203	0.97753272	0.13593156204354728	0.0143021	5e-05
-0.0704	-0.0604	0.0068	0.0026005405854715507	0.001621410875102732	0.00032812189937493397	1.10792232	64.9736557	1.05051611	0.22771135530933792	0.0171745	0.0001
-0.0611	-0.1223	-0.0295	0.0027366762671271086	0.0016807520696705393	0.00039095375244672985	1.03513837	60.70526886	1.01129474	0.12041543646475804	0.0185208	8e-05
-0.0672	-0.2592	-0.0764	0.0029199358385865134	0.0017540558982543013	0.00040840704496667313	1.03557789	60.73104477	1.00694741	0.20360083462815545	0.0176772	4e-05
-0.0723	-0.1873	-0.0813	0.0030752701420140084	0.0017959438003021652	0.00042236967898262774	0.96698326	56.70833969	0.95904783	0.09245924197456568	0.0175314	4e-05
-0.0752	-0.1012	-0.0147	0.0025254914276357948	0.0018029251173101424	0.00039968039870670147	1.04412758	61.23243713	1.0045938	0.18457246558310583	0.0159448	1e-05
-0.0757	-0.0916	-0.0036	0.0027576202181510408	0.0016807520696705393	0.00032463124087094524	0.94502312	55.42049408	0.94479013	0.042667549799530254	0.0144507	2e-05
-0.0736	-0.2245	-0.0604	0.0030229102644541784	0.0016859880574265225	0.00028099800957108706	1.03484261	60.68792343	1.00529286	0.20750796326794896	0.0151765	2e-05
-0.0746	-0.2131	-0.0655	0.00285012266850674	0.001572541656046891	0.0002513274122871834	0.97075617	56.92959976	0.95633954	0.03329522973054866	0.0164049	5e-05
-0.0783	-0.1916	-0.0511	0.002686061718819273	0.0016877333866785165	0.00028274333882308137	0.95458871	55.98146439	0.94646292	0.055133430342749534	0.0152964	2e-05
-0.079	-0.1146	0.0042	0.0024923301718479027	0.0016615534478986017	0.0004049163864626844	0.99558055	58.38541412	0.97859576	0.15010422666954443	0.0146363	3e-05
-0.0812	-0.1249	0.011	0.0025446900494077327	0.0016406094968746698	0.00027925268031909274	0.96493876	56.58843994	0.95616758	0.02924837673636768	0.0144746	4e-05
-0.0833	-0.2317	-0.0391	0.002960078411382383	0.0017331119472303693	0.0003159045946109737	1.02023637	59.83134842	0.99347063	0.18622713633111157	0.0137035	4e-05
-0.0881	-0.2407	-0.0629	0.0032463124087094525	0.0017749998492782332	0.00038571776469074686	0.9267683	54.34994888	0.9360465	0.05749675347273532	0.0143762	4e-05
-0.0914	-0.1667	-0.0118	0.0030543261909900766	0.0017837264955382047	0.0004363323129985824	1.00314975	58.82931137	0.98130457	0.14096637061435918	0.0138396	4e-05
-0.084	-0.0908	0.0334	0.0029112091923265415	0.0015969762655748114	0.0003874630939427412	1.01961601	59.79496384	0.99188201	0.14743682238413844	0.0143953	4e-05
-0.0856	-0.2023	-0.0104	0.0031695179216217023	0.0016074482410867775	0.00035604716740684323	0.99927032	58.60179901	0.9780643	0.17190983156715123	0.0125465	2e-05
-0.092	-0.2619	-0.0599	0.003522074430524557	0.0017453292519943296	0.000445058959258554	0.97177905	56.98958588	0.96148094	0.1444724655831059	0.0149157	0.0001
-0.0932	-0.1992	-0.0544	0.003518583772020568	0.0017383479349863521	0.00043458698374658803	0.98727196	57.89816284	0.96760478	0.07044719755119665	0.015129	0.00013
-0.0896	-0.0996	0.0162	0.0031363566658338103	0.0016249015336067207	0.0004415683007545654	1.03197324	60.51965332	1.000111	0.19893274122871837	0.0139006	7e-05
-0.0868	-0.1331	0.0095	0.003438298626428829	0.001574286985298885	0.00047123889803846896	0.92921203	54.49325943	0.93772838	0.062111355309337896	0.014011	5e-05
-0.0922	-0.2527	-0.0484	0.0038746309394274117	0.0016057029118347831	0.0004014257279586958	1.03030527	60.42182922	1.00032684	0.20977807048071268	0.0141312	4e-05
-0.0904	-0.2482	-0.0601	0.003947934768011174	0.0016755160819145565	0.00042935099599060504	0.95859587	56.216465	0.95116465	0.02655211333477223	0.0150519	7e-05
-0.0896	-0.1566	-0.0055	0.0034574972482007667	0.0016824973989225337	0.000450294947014537	1.01170981	59.33130646	0.98691243	0.17291813939211584	0.0133854	2e-05
-0.0834	-0.0969	0.018	0.003412118687648914	0.0015481070465189703	0.0004747295565424576	0.96722507	56.72251892	0.96032609	0.0996101761241668	0.0148268	5e-05
-0.0835	-0.2059	-0.0337	0.0036163222101322505	0.0015184364492350666	0.00042236967898262774	1.03847313	60.90083313	1.00328702	0.17511169986635347	0.014066	6e-05
-0.0927	-0.2424	-0.0544	0.003837979025135531	0.0017174039839624202	0.00045553093477052	0.95875841	56.22599792	0.95211431	0.08908928027592627	0.0137305	4e-05
-0.0898	-0.1834	-0.0156	0.003677408733952052	0.001658062789394613	0.0005113814708343385	0.97329652	57.07857895	0.9662222	0.1144881010907552	0.0137664	8e-05
-0.0838	-0.0823	0.0215	0.003560471674068432	0.0015428710587629874	0.00046949356878647465	1.03524232	60.71136093	1.00293791	0.15790083462815546	0.0146632	7e-05
-0.0814	-0.1891	-0.0376	0.004122467693210606	0.0015760323145508795	0.0004485496177625427	1.03366888	60.61909103	1.00124595	0.1991050612976999	0.0134004	4e-05
-0.0871	-0.2539	-0.0696	0.004455825580341524	0.0016528268016386303	0.0004799655442984406	0.95665604	56.10270309	0.95343383	0.12457841503772832	0.014163	2e-05
-0.0803	-0.1763	-0.0717	0.004344124508213886	0.001593485607070823	0.0005061454830783556	0.98764503	57.92004013	0.97187436	0.096361110273768	0.0154318	7e-05
-0.0757	-0.0471	0.0008	0.0033981560536329595	0.0015760323145508795	0.0004939281783143952	1.08839929	63.82873154	1.03832116	0.2550819525932415	0.0157352	0.0001
-0.0776	-0.1	-0.0046	0.00322885911618951	0.0015271630954950383	0.00040666171571467877	0.94973397	55.69676208	0.95107834	0.07547163095495035	0.014991	7e-05
-0.088	-0.2347	-0.087	0.003492403833240653	0.0015847589608108511	0.0002373647782712288	1.07188928	62.86050797	1.0312027	0.2520218759905203	0.0160167	5e-05
-0.088	-0.2573	-0.1125	0.003556981015564444	0.0016441001553786586	0.00024085543677521747	0.95947015	56.26773453	0.95319642	0.05447045176977936	0.0166715	7e-05
-0.0831	-0.1731	-0.0454	0.0032306044454415038	0.0016999506914424768	0.000460766922526503	1.03811038	60.87956238	1.00337065	0.18630692959690215	0.0145101	9e-05
-0.0781	-0.0762	-0.0124	0.0033405601883171464	0.0016057029118347831	0.0005131268000863328	0.99110699	58.12306595	0.98025655	0.1477281700021583	0.0148103	7e-05
-0.0792	-0.2178	-0.0717	0.003673918075448063	0.0015114551322270892	0.0004188790204786391	1.06272566	62.3231163	1.02069077	0.2280926723173152	0.0143769	0.0001
-0.084	-0.2644	-0.1068	0.00376118453804778	0.001706932008450454	0.0004468042885105483	0.97368693	57.10147476	0.96180438	0.10203343034274956	0.0164214	7e-05
-0.0864	-0.1688	-0.0735	0.0035360370645405115	0.0017208946424664088	0.0004956735075663896	0.99184567	58.16638565	0.97538928	0.14569896632895327	0.0153786	6e-05
-0.0822	-0.0773	-0.0107	0.0033318335420571745	0.0016004669240788003	0.0005358160803622592	1.01973116	59.80171967	0.99176852	0.1767386906833408	0.0154616	8e-05
-0.0788	-0.157	-0.0465	0.003785619147575701	0.0015812683023068625	0.00047123889803846896	1.00327516	58.83666229	0.97944484	0.1457780704807127	0.0141666	5e-05
-0.0856	-0.2738	-0.0914	0.0042655846918741415	0.0017174039839624202	0.0004799655442984406	1.01348019	59.43513107	0.98677303	0.19974139361069848	0.0150923	5e-05
-0.0885	-0.204	-0.0619	0.004253367387110181	0.0018360863730980347	0.0005881759579220891	0.99030095	58.07579422	0.97468361	0.11415550537616118	0.0147592	2e-05
-0.0871	-0.0788	-0.001	0.003639011490408177	0.0018483036778619948	0.0006562437987498679	1.06657112	62.54862595	1.01982727	0.2222320521146872	0.0147234	3e-05
-0.0845	-0.1703	-0.003	0.0034644785652087444	0.0017697638615222502	0.0005497787143782138	0.96605295	56.65378189	0.95695497	0.11407689129554156	0.0122401	7e-05
-0.0874	-0.2531	-0.0591	0.0037384952577718534	0.001762782544514273	0.0005131268000863328	0.97897357	57.41150665	0.96982235	0.15768249619314836	0.0151153	7e-05
-0.0953	-0.2535	-0.0765	0.0036896260387160127	0.0019024088846738192	0.0004904375198104066	0.96688157	56.70237732	0.95817526	0.03625924197456566	0.0159296	4e-05
-0.0897	-0.166	-0.0137	0.003225368457685521	0.0018465583486100008	0.0005218534463463045	1.02678108	60.21516037	0.99693881	0.1834762021815104	0.0141431	3e-05
-0.0843	-0.1057	0.0092	0.0033265975543011915	0.0017540558982543013	0.0006422811647339132	0.95500892	56.00610733	0.95448144	0.10430796326794894	0.0147741	3e-05
-0.0887	-0.2116	-0.0341	0.0035238197597765512	0.0017208946424664088	0.0004747295565424576	1.01477444	59.5110321	0.98618968	0.1734967534727354	0.0130371	4e-05
-0.099	-0.2624	-0.0718	0.0037472219040318253	0.0019530234329816546	0.0004886921905584122	0.97297078	57.05947495	0.96210652	0.12227467843932376	0.0137194	6e-05
-0.1029	-0.1922	-0.0506	0.0036966073557239895	0.0019687313962496035	0.0005235987755982988	0.96279991	56.46300888	0.958171	0.10036145483078358	0.0129737	5e-05
-0.0957	-0.0986	0.0117	0.0033283428835531865	0.001853539665617978	0.0005585053606381855	1.01788938	59.69370651	0.98924067	0.18901813939211573	0.0133807	7e-05
-0.0938	-0.1662	-0.0077	0.003556981015564444	0.001790707812546182	0.00047123889803846896	0.97898555	57.41220856	0.96302589	0.10783682238413853	0.0121456	4e-05
-0.1009	-0.2863	-0.0637	0.0041661009245104645	0.0019006635554218248	0.0004520402762665313	1.01274109	59.39178848	0.98485898	0.22011371367968008	0.0130641	5e-05
-0.098	-0.256	-0.0612	0.00443837228782158	0.001980948701013564	0.0004991641660703782	0.96301281	56.47549438	0.95945237	0.0556840199353351	0.0145513	4e-05
-0.0913	-0.1044	0.0085	0.0038484510006474965	0.0018343410438460403	0.0005619960191421741	1.10659099	64.89557648	1.04608643	0.26796803987067014	0.0137219	7e-05
-0.0917	-0.1434	0.0038	0.00411548637620263	0.0017924531417981763	0.0004991641660703782	0.94385046	55.35172653	0.94446441	0.06268775653373965	0.012323	4e-05
-0.0921	-0.2271	-0.0523	0.0045553093477052	0.001778490507782222	0.0004433136300065597	0.97647315	57.26486969	0.96822221	0.16568180707911714	0.0133931	8e-05
-0.0968	-0.2762	-0.0602	0.004686209041604775	0.0019163715186897737	0.0004310963252425994	0.96248388	56.44447327	0.95729449	0.07574990047855436	0.0137087	4e-05
-0.0957	-0.1503	0.0308	0.003974114706791089	0.0018413223608540175	0.0004258603374866164	1.09368992	64.13899994	1.03739428	0.2576189740202712	0.0123855	7e-05
-0.0933	-0.1547	0.0205	0.004178318229274424	0.0017941984710501708	0.0003892084231947355	0.93222481	54.66994476	0.93757537	0.03149896632895316	0.0117473	2e-05
-0.1005	-0.2478	-0.07	0.004871213942316174	0.001963495408493621	0.000445058959258554	1.04014361	60.99879456	1.00591295	0.23670215932745087	0.0140449	7e-05
-0.1024	-0.2537	-0.0686	0.005066690818539539	0.002008873969045473	0.00040840704496667313	0.97671908	57.27929306	0.96526362	0.02307536755335489	0.0147938	8e-05
-0.0886	-0.0601	-0.0034	0.0039287361462392355	0.0019216075064457567	0.0005742133239061344	1.15115702	67.50913239	1.07799086	0.34215137069197404	0.0155194	3e-05
-0.0937	-0.0735	-0.0062	0.0037978364523396607	0.001970476725501598	0.00040666171571467877	0.98030353	57.48950195	0.97168597	0.0386660260573436	0.0184061	8e-05
-0.1008	-0.206	-0.0283	0.00365646478292812	0.001996656664281513	0.00017976891295541595	1.03004587	60.40662003	1.00146254	0.18142222054753593	0.0146737	7e-05
-0.1097	-0.253	-0.0729	0.0037419859162758423	0.0022462387473167022	0.00018500490071139895	0.96389526	56.52724457	0.95685046	0.11751696020694476	0.0146178	7e-05
-0.1208	-0.2752	-0.0818	0.003623303527140228	0.0023527038316883565	0.0002024581932313422	0.93788201	55.00170898	0.94397476	0.054330038301360566	0.0149854	5e-05
-0.1097	-0.1268	-0.0072	0.003455751918948773	0.002054252529597326	0.00038397243543875244	1.09006572	63.92646027	1.03743572	0.2664758576244948	0.0131007	4e-05
-0.1081	-0.1587	0.0039	0.0037646751965517687	0.0020263272615654165	0.00035430183815484887	0.96655196	56.68304443	0.95512302	0.06292595714594046	0.0121204	3e-05
-0.109	-0.2641	-0.0202	0.0041381756564785556	0.002064724505109292	0.0003822271061867582	0.98226273	57.60439682	0.96672632	0.1523911485751286	0.0117745	4e-05
-0.1171	-0.2883	-0.0403	0.004351105825221863	0.002234021442552742	0.0002705260340591211	0.95107919	55.77565002	0.95019736	0.07709640891571974	0.0132102	7e-05
-0.1086	-0.2247	0.0079	0.004525638750421296	0.002097885760897184	0.00022165681500327985	1.00678241	59.04234695	0.97786655	0.13827689129554155	0.0121811	4e-05
-0.1037	-0.1002	0.0568	0.004211479485062317	0.0019826940302655584	0.000312413936106985	1.02971792	60.38738632	0.99870913	0.2043054058547155	0.0123394	3e-05
-0.1069	-0.1403	0.0316	0.004511676116405342	0.0019826940302655584	0.0003193952531149623	0.96033287	56.31832886	0.95669008	0.0838588974175501	0.0128953	6e-05
-0.1075	-0.278	0.0103	0.004738568919164605	0.002050761871093337	0.0002740166925631097	1.03836298	60.89437485	1.00117657	0.17661696020694476	0.0121605	3e-05
-0.1061	-0.2589	0.0184	0.004729842272904633	0.0021048670779051613	0.00021467549799530252	0.94360358	55.33724594	0.94245821	0.03470865238198018	0.0114548	2e-05
-0.1089	-0.2174	0.0291	0.0045867252742410975	0.002150245638457014	0.0003874630939427412	0.95359015	55.92290497	0.95099397	0.07306415775814133	0.0124397	2e-05
-0.1066	-0.1559	0.0412	0.004279547325890096	0.00204378055408536	0.0003612831551628262	0.98426431	57.72177887	0.96619079	0.09789114857512851	0.0125501	4e-05
-0.1013	-0.2517	0.0287	0.004431390970813603	0.0019076448724298022	0.00031415926535897925	0.97723615	57.30961609	0.96289323	0.13035516081914553	0.0121607	5e-05
-0.1059	-0.3067	-0.0243	0.004993386989955777	0.002150245638457014	0.0004206243497306334	0.96824884	56.78255844	0.96305305	0.15815309347705195	0.0133865	9e-05
-0.1073	-0.2905	-0.0223	0.005042256209011618	0.0021205750411731105	0.00039968039870670147	0.97115326	56.95288849	0.96131251	0.02457418836818384	0.0131716	4e-05
-0.1008	-0.1591	0.0441	0.004897393881096089	0.002139773662945048	0.00034033920413889426	1.05653214	61.9598999	1.01274373	0.2154701072127637	0.0120042	3e-05
-0.093	-0.1763	0.062	0.0055763269601218825	0.002143264321449037	0.00019198621771937622	0.92943573	54.50637817	0.93661205	0.08443883619746502	0.0122102	4e-05
-0.095	-0.2842	0.0235	0.006899286533133583	0.0016493361431346415	0.00019198621771937622	1.03737736	60.83657074	1.00622604	0.23924438756630484	0.0146027	7e-05
-0.0889	-0.3155	0.0403	0.0067491882174620715	0.0016929693744344998	-3.4906585039886588e-06	0.98765123	57.92040253	0.97418472	0.07366042115973676	0.0149193	8e-05
-0.083	-0.212	0.1658	0.005394812717914472	0.0018133970928221085	-0.00015533430342749534	1.10694444	64.91630554	1.05437555	0.3162323431429358	0.0141323	5e-05
-0.0779	-0.1583	0.1551	0.005766567848589266	0.001980948701013564	0.00021118483949131387	0.99735111	58.48925018	0.9870693	0.11479129408925294	0.0142186	7e-05
-0.0755	-0.221	0.1515	0.0048904125640881115	0.002134537675189065	0.000609119908946021	1.00240958	58.78590012	0.98551099	0.14008396640656812	0.0126872	5e-05
-0.0776	-0.3523	0.1468	0.004780456821212468	0.0022008601867648495	0.0006702064327658224	1.0088352	59.16272736	0.98554757	0.14996823891356148	0.0123002	5e-05
-0.0943	-0.4382	0.0984	0.00466002910282486	0.0024975661596038853	0.0006318091892219474	0.9717707	56.9890976	0.9653967	0.17377654673852588	0.0146331	0.0001
-0.1005	-0.425	0.0948	0.004317944569433971	0.0023544491609403502	0.0005462880558742252	0.95593083	56.06017303	0.95661237	0.05153613327010732	0.0152792	0.00026
-0.0886	-0.2497	0.1327	0.003787364476827695	0.00205599785884932	0.000450294947014537	1.12881768	66.1990509	1.06739017	0.27135122517784965	0.0128618	7e-05
-0.0791	-0.2666	0.1623	0.003677408733952052	0.0019896753472735357	0.0005375614096142535	0.95953709	56.27165985	0.9559609	0.0691772358525572	0.0135546	0.0001
-0.0806	-0.3404	0.1285	0.004000294645571003	0.0019774580425095754	0.0005201081170943102	0.96339184	56.49772263	0.95990707	0.1267278254451427	0.0140693	0.00021
-0.0835	-0.3397	0.0762	0.004171336912266447	0.0019792033717615696	0.0005288347633542819	0.99866468	58.56628418	0.97868852	0.06497571211037048	0.0141447	0.00014
-0.0828	-0.2686	0.0718	0.003958406743523139	0.001998401993533507	0.0004956735075663896	0.98903483	58.00154495	0.97509765	0.08946450231515686	0.0135122	8e-05
-0.0787	-0.1481	0.127	0.003677408733952052	0.0019198621771937623	0.0004747295565424576	1.05076087	61.62144089	1.01256255	0.19882408884673816	0.0153731	0.00011
-0.0767	-0.2149	0.1269	0.003733259270015871	0.0018901915799098587	0.0003874630939427412	0.996665	58.44901276	0.97522732	0.07753937979737194	0.0135724	0.00013
-0.0828	-0.3157	0.0663	0.0038833575856873836	0.0016929693744344998	3.839724354387525e-05	1.03942442	60.95662308	1.00735447	0.20231931857728688	0.0130666	8e-05
-0.0791	-0.3436	0.0111	0.0035238197597765512	0.0013404128655316449	3.490658503988659e-05	1.03890193	60.92597961	1.01687333	0.12257924966588384	0.0203581	0.00029
-0.0993	-0.1977	-0.2396	0.005314527572322734	0.001022762941668677	-0.0009128071987930344	1.52383304	89.36457062	1.38834398	0.5696035760121037	0.0317263	0.00211
-0.0561	-0.1937	-0.2581	0.003152064629101759	0.00017104226669544429	-0.0009023352232810684	1.29677987	76.04912567	1.20499881	0.21693277968530864	0.0293836	0.00078
-0.0405	-0.0577	-0.2829	0.003159045946109736	8.726646259971648e-06	-0.0010768681484805013	1.01983881	59.80802917	1.00886223	0.19359149313214413	0.0320772	0.00104
-0.0477	0.0075	-0.2286	0.002879793265790644	0.0003089232776029963	-0.0010768681484805013	0.9405039	55.15546799	0.95272853	0.15567246558310582	0.0305325	0.00079
-0.0463	-0.0053	-0.2117	0.0034051373706409367	9.42477796076938e-05	-0.0012112585008840647	0.92859381	54.45700455	0.94377121	0.0748204977624579	0.0282305	0.00072
-0.0503	-0.1609	-0.2569	0.003771656513559746	-2.094395102393195e-05	-0.001308996938995747	1.02560472	60.14617157	1.0038776	0.23377246558310588	0.0269979	0.00063
-0.0532	-0.1639	-0.2811	0.0036843900509600297	4.71238898038469e-05	-0.0012793263417118436	0.90436286	53.03599167	0.92686891	0.03935024503556993	0.0280325	0.0007
-0.0512	-0.125	-0.2538	0.003478441199224699	6.9813170079773176e-06	-0.00119729586686811	0.99786371	58.51931	0.98106976	0.08460609496874669	0.0282759	0.00102
-0.0491	-0.0311	-0.1687	0.003026400922958167	-2.96705972839036e-05	-0.001291543646475804	1.05957127	62.13812256	1.02570973	0.21024699850830536	0.0257629	0.00045
-0.0405	-0.1553	-0.2066	0.0030647981665020423	-0.00013264502315156904	-0.0014433872913993105	1.02541459	60.1350174	0.99955113	0.1853607657167524	0.0254608	0.0007
-0.0544	-0.2435	-0.261	0.00301941960595019	0.00022863813201125715	-0.0013805554383275148	0.98833609	57.96056747	0.98024911	0.17997467843932372	0.0284208	0.00101
-0.0521	-0.18	-0.2461	0.0030176742766981957	0.00014660765716752367	-0.0013596114873035826	0.9694435	56.85261917	0.96050612	0.08593598775598299	0.0286378	0.00107
-0.0563	-0.057	-0.1409	0.0026773350725593018	0.00019547687622336493	-0.0015132004614790836	1.10882437	65.02655029	1.05695834	0.25953986986851185	0.0249356	0.0006
-0.0542	-0.0808	-0.156	0.003113667385557884	0.00027925268031909274	-0.0015341444125030156	0.95407665	55.95143509	0.95794238	0.0680526034059121	0.0248295	0.0005
-0.061	-0.2125	-0.201	0.0031817352263856626	0.0003822271061867582	-0.001593485607070823	1.01605713	59.58625793	0.99615158	0.19501917306316255	0.0245562	0.00048
-0.0647	-0.2126	-0.1979	0.0027523842303950577	0.0005480333851262194	-0.001595230936322817	0.92181599	54.05952454	0.93559538	0.03674513020910304	0.0243685	0.00039
-0.061	-0.1331	-0.1528	0.0020856684561332234	0.0006003932626860494	-0.001609193570338772	0.97701842	57.2968483	0.9700908	0.164951914291881	0.0236531	0.00043
-0.0673	-0.0669	-0.0706	0.0015306537539990272	0.0006684611035138282	-0.0017348572764823637	1.03195632	60.51865768	1.00476265	0.19213731245527835	0.0219801	0.0003
-0.0655	-0.1613	-0.0865	0.001668534764906579	0.0006126105674500097	-0.0018256143975860688	0.9864518	57.85006332	0.97441133	0.12632443340375377	0.0206994	0.00024
-0.0644	-0.2317	-0.129	0.0019076448724298022	0.0005881759579220891	-0.0018325957145940458	0.97152847	56.97489166	0.96061941	0.12752630170295606	0.0211985	0.00024
-0.0698	-0.2616	-0.1448	0.001947787445225672	0.0006422811647339132	-0.0018465583486100008	0.92925525	54.4957962	0.93809617	0.056510520681182445	0.021803	0.00024
-0.0699	-0.1761	-0.0795	0.0015132004614790836	0.0006510078109938849	-0.001811651763570114	1.04237711	61.12977982	1.00926704	0.17481101075232233	0.019915	0.00024
-0.0683	-0.1481	-0.0773	0.0016301375213627037	0.0006126105674500097	-0.001790707812546182	0.98961931	58.03582001	0.9783994	0.04061391272257137	0.0196389	0.0002
-0.0721	-0.2977	-0.1496	0.0018884462506578647	0.0007086036763096977	-0.0017610372152622785	1.06540084	62.47999573	1.02561506	0.24489862177193764	0.0220039	0.00018
-0.0842	-0.2263	-0.1676	0.0018151424220741027	0.0008848819307611251	-0.0017139133254584315	0.93376285	54.76014328	0.94331718	0.11633529864195181	0.0225304	0.00032
-0.0826	-0.1553	-0.0942	0.001574286985298885	0.0008098327729253688	-0.001762782544514273	1.00984073	59.22169495	0.9908574	0.16423869068334077	0.0197441	0.00026
-0.0767	-0.0936	-0.0797	0.0018343410438460403	0.000710349005561692	-0.0017872171540421933	0.96755254	56.74172592	0.96530121	0.10129862177193764	0.0195739	0.00024
-0.0744	-0.2153	-0.1614	0.0021886428820008896	0.000705113017805709	-0.0017400932642383465	1.04086041	61.04083633	1.01292608	0.22603308578573397	0.0210358	0.00023
-0.0749	-0.2292	-0.202	0.002106612407157156	0.0008342673824532895	-0.0017453292519943296	0.97526526	57.19403458	0.96455447	0.06582104136236487	0.0229599	0.00032
-0.0786	-0.1475	-0.1423	0.002045525883337354	0.000731292956585624	-0.0018500490071139892	1.01475954	59.51016235	0.99445127	0.15853903524035637	0.0202352	0.00018
-0.0773	-0.065	-0.0917	0.0021013764194011725	0.0007400196028455958	-0.001820378409830086	1.01825345	59.71505737	0.9958356	0.1391123889803847	0.0197495	0.00019
-0.0715	-0.1785	-0.1269	0.0022549653935766737	0.0007382742735936014	-0.0018291050560900572	1.0175283	59.67253113	0.99437359	0.1627030474843733	0.0188463	0.0002
-0.0575	-0.2588	-0.1792	0.00209614043164519	0.0007801621756414653	-0.00152367243699105	0.98533702	57.78468704	0.97492048	0.1719072741539177	0.0219515	0.00022
-0.0497	-0.2206	-0.1864	0.0018238690683340744	0.0009843656981248017	-0.0011763519158441782	0.94482535	55.4088974	0.94901935	0.09438977034706617	0.0227256	0.00015
-0.0753	-0.0705	-0.1315	0.0016702800941585732	0.0009197885158010115	-0.001462585913171248	1.06107008	62.22602081	1.02759786	0.2558200076913181	0.0210519	0.0002
-0.0812	-0.143	-0.1506	0.0020734511513692635	0.0009023352232810684	-0.0016615534478986017	0.97015905	56.89458084	0.96475726	0.12847959422289934	0.0195854	9e-05
-0.0817	-0.2261	-0.1786	0.002171189589480946	0.0008674286382411819	-0.001668534764906579	0.97757208	57.32931519	0.96887379	0.11858131700797732	0.0207132	0.00011
-0.0866	-0.173	-0.1796	0.001912880860185785	0.0010384709049366262	-0.0015882496193148398	0.96145207	56.38396454	0.95350055	0.08448180707911722	0.0206088	8e-05
-0.0881	-0.1072	-0.1241	0.001424188669627373	0.0010053096491487337	-0.0016109388995907662	1.00695741	59.05260849	0.98909176	0.15002713633111156	0.0196766	0.00014
-0.092	-0.0506	-0.0861	0.0012479104151759456	0.001054178868204575	-0.0016720254234105676	1.00416446	58.88881683	0.98419817	0.11281169986635352	0.0200007	0.0002
-0.0918	-0.1831	-0.1126	0.0015638150097869194	0.001048942880448592	-0.0017016960206944712	1.03028286	60.42051697	0.99937997	0.17674055898254304	0.0175784	0.00014
-0.1003	-0.2445	-0.1553	0.0017331119472303693	0.0011606439525762293	-0.001656317460142619	0.9522385	55.84363937	0.95199069	0.12891882850614694	0.0190623	8e-05
-0.0997	-0.1843	-0.1384	0.001574286985298885	0.0011938052083641214	-0.0015271630954950383	0.98011291	57.47832108	0.97036541	0.09375702911834785	0.0188104	9e-05
-0.0955	-0.0778	-0.0781	0.0012618730491919003	0.001129228026040331	-0.0015550883635269475	1.05021465	61.58940887	1.01591664	0.19124581932313417	0.0182944	0.00014
-0.0913	-0.1537	-0.0926	0.001614429558094755	0.001075122819228507	-0.0016196655458507376	0.97012842	56.89278412	0.96212718	0.11816194490192342	0.0166761	0.0001
-0.1021	-0.2827	-0.1695	0.0021467549799530253	0.0012269664641520136	-0.0015987215948268059	1.03701687	60.8154335	1.0054325	0.25195565089028543	0.0190641	8e-05
-0.1081	-0.2264	-0.1896	0.0024836035255879313	0.001296779634231787	-0.0014643312424232424	0.94786614	55.58722305	0.953924	0.10945260340591212	0.0199699	0.00015
-0.0974	-0.0822	-0.1063	0.0019617500792416262	0.0012374384396639797	-0.0013665928043115599	1.12024331	65.69621277	1.05614116	0.2721466539512897	0.0178424	0.0001
-0.0924	-0.0798	-0.1053	0.0021205750411731105	0.0012426744274199627	-0.0013491395117916165	0.95910358	56.24623871	0.95619737	0.017475712110370537	0.0171271	7e-05
-0.095	-0.2182	-0.1742	0.002595304597715568	0.0012950343049797925	-0.0013735741213195373	1.04312515	61.17364883	1.01078312	0.2374762021815104	0.018451	0.0001
-0.0967	-0.2124	-0.1683	0.0026354471705114374	0.0013264502315156904	-0.0013578661580515882	0.96145695	56.38425064	0.95784821	0.017763323129985797	0.0187488	6e-05
-0.0984	-0.0712	-0.0937	0.0018308503853420514	0.0013805554383275148	-0.0013439035240356337	1.09335113	64.119133	1.04116739	0.26113323129985827	0.017726	0.00011
-0.0984	-0.1029	-0.0806	0.0016301375213627037	0.0013072516097437528	-0.0014049900478554352	0.93685198	54.94130325	0.94336502	0.06155516081914557	0.0163583	5e-05
-0.1052	-0.2229	-0.1382	0.002007128639793479	0.0013945180723434693	-0.0014433872913993105	1.01362979	59.44390869	0.99217544	0.2095327412287183	0.017391	0.00011
-0.117	-0.2539	-0.1848	0.0024434609527920616	0.0015917402778188286	-0.0014119713648634124	0.9797976	57.45983124	0.9695059	0.122648522250492	0.019227	0.00011
-0.1057	-0.1486	-0.1271	0.0021572269554649913	0.0014957471689591403	-0.0012793263417118436	1.04026043	61.00564957	1.00502238	0.20004360646691635	0.017177	5e-05
-0.0736	-0.0535	-0.0811	0.0017016960206944712	0.001520181778487061	-0.0009023352232810684	1.01863587	59.73748779	1.00049109	0.2160478331364608	0.0197388	0.00013
-0.0732	-0.1724	-0.0852	0.001621410875102732	0.0016667894356545846	-0.0008429940287132613	1.02324724	60.0079155	0.99915446	0.1377116998663535	0.0182793	0.0001
-0.094	-0.2428	-0.1257	0.0018029251173101424	0.0016074482410867775	-0.0011431906600562858	1.00534189	58.95786285	0.98838217	0.15875260340591207	0.0170409	5e-05
-0.0987	-0.2004	-0.1173	0.0015446163880149814	0.0017121679962064373	-0.0012060225131280816	0.97811204	57.36098099	0.96649804	0.07679301687433084	0.016871	6e-05
-0.0903	-0.0818	-0.0411	0.0011205013797803594	0.0015812683023068625	-0.0011449359893082802	1.03825951	60.88830566	1.01213056	0.23400506129769996	0.0164074	8e-05
-0.0946	-0.1726	-0.0306	0.0012112585008840647	0.001637118838370681	-0.0011798425743481666	0.97410738	57.12612915	0.9654467	0.1146757121103705	0.0148862	5e-05
-0.0928	-0.2677	-0.0648	0.0011623892818282235	0.001595230936322817	-0.0013281955607676848	1.00141072	58.72732162	0.98235345	0.14305550537616116	0.0165641	6e-05
-0.1159	-0.2605	-0.1357	0.0012880529879718153	0.0019024088846738192	-0.0014748032179352085	0.99278355	58.22138596	0.97986178	0.13017246558310583	0.0189521	0.0001
-0.1071	-0.2036	-0.1283	0.0014154620233674013	0.0019285888234537342	-0.0010576695267085637	0.99015647	58.06732178	0.9794441	0.10163613327010727	0.0193387	7e-05
-0.0854	-0.0833	-0.1038	0.0012775810124598492	0.0019512781037296606	-0.0006684611035138282	1.05183876	61.68465424	1.01997589	0.1939889357189107	0.0206266	0.0001
-0.0861	-0.1561	-0.0984	0.0011676252695842063	0.0019303341527057286	-0.0007086036763096977	0.96197933	56.41488647	0.95765228	0.0874521133347722	0.0184496	5e-05
-0.0923	-0.2234	-0.1017	0.0013334315485236678	0.0017418385934903407	-0.0010681415022205296	0.96394426	56.53011703	0.96178784	0.11249198320328405	0.017483	5e-05
-0.0976	-0.1946	-0.1112	0.0015655603390389136	0.0016772614111665507	-0.0012304571226560022	0.95617402	56.07443619	0.95402966	0.06655107966372542	0.017698	7e-05
-0.092	-0.1102	-0.0535	0.0011955505376161158	0.0016912240451825054	-0.0011239920382843482	1.02346122	60.02046585	0.98994032	0.17222187599052033	0.0173555	5e-05
-0.0884	-0.1666	-0.0586	0.001350884841043611	0.001668534764906579	-0.0011135200627723821	0.95706052	56.12642288	0.9518359	0.07452477796076935	0.0157799	6e-05
-0.0914	-0.2617	-0.1114	0.001801179788058148	0.001658062789394613	-0.001117010721276371	0.98982048	58.04761887	0.97907711	0.17411287905152456	0.0176253	5e-05
-0.0954	-0.2597	-0.1304	0.0019181168479417679	0.0017016960206944712	-0.0011274826967883368	0.95271862	55.87179565	0.94916756	0.0335521133347722	0.0180916	8e-05
-0.0977	-0.1918	-0.0871	0.0015777776438028737	0.001759291886010284	-0.0010978120995044332	0.99289393	58.2278595	0.97300476	0.1348802833369305	0.0164558	7e-05
-0.0943	-0.113	-0.0422	0.001429424657383356	0.0016790067404185449	-0.0010611601852125523	0.9787268	57.39703369	0.9699212	0.14036450231515687	0.0155782	8e-05
-0.1021	-0.2362	-0.0804	0.0019233528356977512	0.0017156586547104257	-0.001117010721276371	1.02059829	59.85257339	0.9928667	0.19852153143350476	0.0155686	0.0001
-0.109	-0.2732	-0.1221	0.0022916173078685546	0.0018168877513260971	-0.0010803588069844899	0.97721004	57.3080864	0.96466206	0.1109072741539178	0.0171015	0.00014
-0.1137	-0.1814	-0.0671	0.0022113321622768156	0.0018709929581379211	-0.0011082840750163993	1.01377296	59.45230103	0.98693777	0.1596157810217736	0.014097	4e-05
-0.1147	-0.1162	-0.0357	0.0027244589623631483	0.0019076448724298022	-0.0011100294042683937	0.96082163	56.34699249	0.95660097	0.1251762021815104	0.0142499	9e-05
-0.1149	-0.2507	-0.0761	0.003834488366631542	0.001998401993533507	-0.001282817000215832	1.05387461	61.80404663	1.01619309	0.24377870606597685	0.0128775	5e-05
-0.1179	-0.2639	-0.0777	0.004553564018453206	0.002057743188101315	-0.0013177235852557187	0.96431553	56.55189133	0.95749116	0.058466171571467995	0.0127288	5e-05
-0.1227	-0.1781	-0.0015	0.00446629755585349	0.0019931660057775245	-0.0012025318546240932	1.02354693	60.02549362	0.99545512	0.18015176877775657	0.0107273	5e-05
-0.1166	-0.0913	0.0425	0.0038519416591514853	0.002033308578573394	-0.0011135200627723821	1.01706386	59.64529419	0.99090194	0.17407551306747923	0.0122278	5e-05
-0.1128	-0.2103	0.0144	0.003834488366631542	0.002078687139125246	-0.0011746065865921838	1.01626039	59.59817505	0.98918496	0.15709591884457985	0.00995004	2e-05
-0.122	-0.3171	-0.0333	0.0038397243543875246	0.0022410027595607188	-0.001192059879112127	0.99376208	58.27877045	0.9746934	0.1729502450355699	0.0107532	3e-05
-0.129	-0.2844	-0.0219	0.004070107815650777	0.002288126649364566	-0.001117010721276371	0.96067923	56.33864212	0.95836421	0.06872782544514279	0.0104348	3e-05
-0.1141	-0.1742	0.0349	0.0036547194536761256	0.0022444934180647076	-0.0009808750396208131	1.05576003	61.91461563	1.0129353	0.21165786374650336	0.00991297	7e-05
-0.1133	-0.2394	0.0175	0.00400727596257898	0.0023509585024363614	-0.0009529497715889039	0.96723384	56.72303391	0.95661405	0.10774734306532088	0.00909126	2e-05
-0.1239	-0.3472	-0.0246	0.004600687908257053	0.002495820830351891	-0.000926769832808989	0.99233937	58.1953392	0.97776294	0.19872271061867583	0.0110856	4e-05
-0.1249	-0.279	-0.0094	0.0045483280306972225	0.0024975661596038853	-0.0008639379797371932	0.9883824	57.96328354	0.97008625	0.09024685299418099	0.0103327	8e-05
-0.1126	-0.1312	0.0316	0.003876376268679406	0.0024399702942880727	-0.000752236907609556	1.0913763	64.00331879	1.03808453	0.24316243497306336	0.0102553	2e-05
-0.109	-0.1928	0.0201	0.0038152897448596045	0.0024207716725161347	-0.0008011061266653974	0.95170921	55.81259918	0.94902392	0.08315771823237904	0.00924647	2e-05
-0.117	-0.2644	-0.0373	0.004340633849709897	0.0025080381351158514	-0.0008621926504851988	0.98155856	57.56310272	0.97053307	0.17068485456349058	0.0107961	4e-05
-0.1174	-0.2587	-0.0171	0.0048188540647563435	0.0024242623310201236	-0.0009372418083209549	0.99814731	58.53594208	0.98172671	0.05815225884889656	0.0107687	3e-05
-0.1153	-0.1265	0.053	0.004333652532701919	0.002488839513343914	-0.000879645943005142	1.07499766	63.04279709	1.02730505	0.23476872898470127	0.0101418	4e-05
-0.1124	-0.2096	0.0442	0.004225442119078272	0.002535963403147761	-0.0008464846872172499	0.95772356	56.16530609	0.95514621	0.10422477796076932	0.0110915	7e-05
-0.1141	-0.2989	-0.012	0.004588470603493092	0.002581341963699613	-0.0008517206749732328	1.00383484	58.86948395	0.98517223	0.16788215163613276	0.0132276	7e-05
-0.1136	-0.3102	-0.0449	0.004806636759992383	0.0026511551337793865	-0.0007819075048934597	0.96910232	56.83261108	0.96243801	0.06258962483294181	0.0124141	2e-05
-0.1077	-0.1986	0.0192	0.0040282199136029125	0.0026127578902355115	-0.0006736970912698113	1.02132499	59.89519119	0.99412592	0.22785122517784967	0.0105977	3e-05
-0.1099	-0.1859	0.0489	0.0038170350741115982	0.0026319565120074486	-0.0006702064327658224	0.95057815	55.74626923	0.94853021	0.056293705988362	0.0109978	2e-05
-0.1034	-0.2669	0.0149	0.004035201230610889	0.0026145032194875057	-0.0007190756518216638	0.9932794	58.25046539	0.9765607	0.13572443340375379	0.0105969	5e-05
-0.1065	-0.3165	-0.0316	0.004324925886441949	0.0026930430358272505	-0.0007696902001294993	0.97347736	57.08918381	0.9604001	0.12014395102393197	0.0107801	6e-05
-0.1134	-0.2931	-0.0446	0.004427900312309613	0.002694788365079245	-0.0008080874436733745	0.93342644	54.74041367	0.93986379	0.05045584993317669	0.0113773	5e-05
-0.1119	-0.1505	0.0165	0.003926990816987242	0.0025516713664157096	-0.0007923794804054256	1.08144104	63.42066956	1.02645222	0.23818672286269285	0.011026	3e-05
-0.1118	-0.1741	0.0063	0.004242895411598215	0.0025726153174396417	-0.0008168140899333463	0.95488054	55.99858093	0.94843807	0.05196415775814131	0.00986773	2e-05
-0.1158	-0.2802	-0.0393	0.004977679026687828	0.0025865779514555962	-0.0008429940287132613	0.99589199	58.40367889	0.97770006	0.19444630939427407	0.0109526	7e-05
-0.116	-0.2986	0.0321	0.005597270911145814	0.0023701571242082994	-0.0008656833089891874	1.04174805	61.09288788	1.01041003	0.1329350995990604	0.0117603	7e-05
-0.1099	-0.162	0.1941	0.005344198169606637	0.0024748768793279594	-0.0007435102613495844	1.21697402	71.36894226	1.12413541	0.32869827721492195	0.0122544	5e-05
-0.1086	-0.2057	0.154	0.004954989746411901	0.002567379329683659	-0.0006894050545377602	0.96875149	56.81203461	0.96715845	0.111890804018113	0.011449	6e-05
-0.1123	-0.3491	0.0991	0.005162683927399226	0.002645919146023404	-0.0008063421144213803	1.04940438	61.54188919	1.0104457	0.22215855286053451	0.0109061	2e-05
-0.1154	-0.4336	0.0962	0.0054052846934264384	0.0026965336943312393	-0.000905825881785057	0.98885334	57.99090195	0.97436824	0.11013495408493616	0.01282	8e-05
-0.1209	-0.3664	0.1633	0.0052726396702748686	0.0027366762671271086	-0.0009145525280450286	0.99072748	58.100811	0.9757415	0.1488757121103705	0.011925	2e-05
-0.1223	-0.2678	0.1817	0.005002113636215748	0.0025586526834236872	-0.0009861110273767962	1.00254631	58.79392242	0.98362784	0.1444054058547155	0.0118851	2e-05
-0.1227	-0.3666	0.1499	0.005094616086571448	0.002567379329683659	-0.0010122909661567112	0.99663359	58.44717026	0.97460876	0.1373704517697793	0.0119092	4e-05
-0.1397	-0.427	0.1668	0.005822418384653083	0.0024801128670839424	-0.0011676252695842063	0.97204214	57.00501633	0.96532269	0.14282015320544236	0.013878	5e-05
-0.1395	-0.3307	0.1449	0.005701990666265475	0.0022863813201125715	-0.0013421581947836393	0.98063952	57.50920486	0.9712857	0.1428346095279206	0.0131507	8e-05
-0.1374	-0.2533	0.1876	0.005302310267558773	0.0022479840765686964	-0.0011362093430483087	1.01490116	59.51846313	0.98688994	0.15440132469929535	0.0129602	4e-05
-0.1587	-0.2677	0.1645	0.0055431657043339905	0.002361430477948328	-0.0013491395117916165	0.95458186	55.98106384	0.95123964	0.0871616003449078	0.0110635	4e-05
-0.1627	-0.3128	0.1187	0.005386086071654501	0.0023404865269243957	-0.001410226035611418	0.96089274	56.35116196	0.95701639	0.10685550537616118	0.010465	5e-05
-0.1672	-0.3029	0.0731	0.004300491276914028	0.002698279023583233	-0.001410226035611418	1.01151538	59.31990433	0.99227776	0.1321693645699655	0.00974351	4e-05
-0.1616	-0.1894	0.1061	0.0034993851502486306	0.0026249751949994717	-0.0014538592669112763	1.03996837	60.98852158	1.00402401	0.1980021593274508	0.00972652	3e-05
-0.1546	-0.2672	0.0897	0.0035901422713523357	0.0026825710603152844	-0.0014276793281313615	0.94756395	55.56949997	0.94690006	0.1099266462599716	0.00974214	4e-05
-0.1562	-0.3907	0.0282	0.004019493267342941	0.002820452071222836	-0.0015323990832510211	1.02620375	60.1812973	0.99652442	0.22019758810089085	0.010861	6e-05
-0.1682	-0.3802	-0.0143	0.0037227872945039047	0.0029059732045705585	-0.0016510814723866359	0.9860338	57.82555008	0.97040995	0.09004547476611865	0.0124747	8e-05
-0.1663	-0.215	0.0429	0.002933898472602468	0.0030490902032340936	-0.0015690509975429022	1.11852133	65.5952301	1.05781108	0.2750018147704353	0.0118096	5e-05
-0.1274	-0.0601	0.0194	0.0026965336943312393	0.0033894294073729884	-0.00091106186954104	1.12481225	65.9641571	1.07475882	0.27908465552059925	0.0185859	0.00014
-0.1491	-0.195	-0.1052	0.006517059426946826	0.0030613075079980543	-0.0007400196028455958	1.33668983	78.38963318	1.22390852	0.49718449493429834	0.0221407	0.00067
-0.1656	-0.0521	-0.3017	0.008696975662687744	0.0034627332359567498	-0.0010873401239924673	1.40918934	82.64133453	1.2932695	0.5023331242423241	0.0370004	0.00839
-0.1321	-0.0151	-0.2824	0.005743878568313338	0.003309144261781249	-0.0011519173063162574	1.30988908	76.81790924	1.21570322	0.24836316254368487	0.0336186	0.00367
-0.1222	0.024	-0.2448	0.00422893277758226	0.0032969269570172887	-0.0011222467090323538	1.02145278	59.90267944	1.01114854	0.16444168463894707	0.0315647	0.00151
-0.1305	0.118	-0.1546	0.0034627332359567498	0.0034417892849328176	-0.0012897983172238095	1.03257823	60.55512619	1.01006392	0.2464306738866248	0.0299894	0.00163
-0.1468	0.0753	-0.1116	0.0037227872945039047	0.0033021629447732717	-0.0014765485471872027	0.96717912	56.71982574	0.9698556	0.13132153143350467	0.0266286	0.00089
-0.1667	-0.1173	-0.1631	0.0038170350741115982	0.0035499996985564664	-0.0015847589608108511	1.09114337	63.98965836	1.0474697	0.2865147473507268	0.0215827	0.00025
-0.1812	-0.2253	-0.1614	0.003417354675404897	0.003673918075448063	-0.0017400932642383465	0.9725436	57.03442383	0.969413	0.1581466539512897	0.019742	0.00023
-0.1822	-0.1564	-0.0793	0.0030560715202420713	0.0035116024550125905	-0.0017086773377024485	1.05280507	61.74132538	1.01769153	0.1797507351067098	0.0169871	0.00018
-0.1788	-0.1271	-0.0434	0.0033527774930811067	0.0032934362985133003	-0.001839577031602023	1.0082581	59.12888336	0.99113188	0.10088859116189502	0.0153015	0.0001
-0.1784	-0.2879	-0.101	0.004244640740850209	0.0032498030672134413	-0.002038544566329377	1.07860792	63.25452423	1.03022592	0.2755232006898157	0.0147878	8e-05
-0.192	-0.3026	-0.1293	0.005094616086571448	0.003412118687648914	-0.002038544566329377	0.95229977	55.84723282	0.95660533	0.10721454830783551	0.0166464	0.00013
-0.1913	-0.1975	-0.0615	0.004874704600820162	0.0034662238944607386	-0.001891936909161853	1.04582143	61.33176804	1.00852155	0.19463121748653167	0.0142956	0.00011
-0.181	-0.0714	0.051	0.004701917004872723	0.003363249468593073	-0.0017819811662862105	1.12673092	66.07667542	1.06356832	0.2681858882345374	0.0144886	0.00016
-0.1884	-0.1863	0.0093	0.005434955290710342	0.003577924966588375	-0.0017174039839624202	1.01346469	59.43422699	0.98803731	0.2146145483078356	0.0124477	4e-05
-0.188	-0.2606	-0.0169	0.006152285613280011	0.0035482543693044722	-0.001780235837034216	0.96655911	56.68346405	0.96076134	0.1413916386462684	0.0140215	9e-05
-0.1771	-0.2262	0.0405	0.006089453760208215	0.0033196162372932147	-0.0019181168479417679	1.00384164	58.86988449	0.98280019	0.12416754979953028	0.0132451	8e-05
-0.1727	-0.1151	0.1598	0.005274384999526864	0.003115412714809878	-0.00209614043164519	1.12105548	65.74384308	1.06273144	0.29466479334340545	0.0146723	8e-05
-0.1712	-0.2223	0.1524	0.005054473513775579	0.003068288825006031	-0.0021624629432209744	0.97070354	56.92651367	0.96389128	0.1327678943565458	0.0120072	6e-05
-0.1733	-0.3555	0.0789	0.005239478414486977	0.0031974431896536117	-0.0020682151636132805	1.03652418	60.78653717	1.00474855	0.22922035224833368	0.0123158	8e-05
-0.1856	-0.3982	-0.0024	0.005387831400906495	0.0033283428835531865	-0.00214850030920502	0.99332952	58.25340652	0.97982528	0.15427689129554156	0.0140089	7e-05
-0.1849	-0.357	0.0542	0.004609414554517024	0.0033894294073729884	-0.00210835773640915	1.01336658	59.42847061	0.99003496	0.1424822971502571	0.0125967	4e-05
-0.1777	-0.2362	0.0994	0.00411548637620263	0.0032498030672134413	-0.0021170843826691216	1.03060126	60.43919373	1.00068186	0.20531405823669568	0.0114313	3e-05
-0.1822	-0.3241	0.0709	0.004427900312309613	0.0033056536032772606	-0.00217293491873294	0.96055895	56.33158875	0.95639767	0.14210575041173107	0.0120188	5e-05
-0.1989	-0.3517	0.0121	0.004838052686528281	0.0034295719801688577	-0.002253220064324679	0.9742837	57.13647079	0.96552094	0.1338177948351002	0.0125702	5e-05
-0.2085	-0.301	-0.0072	0.005016076270231703	0.0033946653951289706	-0.002239257430308725	0.98047352	57.49946976	0.96480447	0.09094464013796316	0.0124328	4e-05
-0.1894	-0.1471	0.0865	0.004480260189869444	0.0031677725923697077	-0.0019669860669976093	1.10597849	64.85965729	1.04744778	0.31844901232163186	0.0115197	5e-05
-0.178	-0.1582	0.1135	0.004843288674284265	0.003082251459021986	-0.002008873969045473	0.94516891	55.42904663	0.94813593	0.07402187599052035	0.0128726	5e-05
-0.1777	-0.2801	0.0707	0.005445427266222308	0.002998475654926258	-0.002089159114637212	1.04207277	61.11193466	1.00508768	0.20330997708127552	0.0111066	7e-05
-0.1597	-0.3115	0.08	0.005516985765554075	0.0030665434957540365	-0.002054252529597326	0.97668183	57.27710724	0.96297175	0.06742664625997156	0.0112296	2e-05
-0.154	-0.2658	0.2031	0.004707152992628707	0.0030665434957540365	-0.002282890661608583	1.06921864	62.70388794	1.03460823	0.2264235452468313	0.0135853	8e-05
-0.1573	-0.2084	0.2232	0.004091051766674708	0.0031014500807939236	-0.00231779724664847	1.0073812	59.07746124	0.98726074	0.1150957198016886	0.0145122	2e-05
-0.1595	-0.3222	0.1657	0.004162610266006475	0.003199188518905606	-0.002186897552748895	1.03480327	60.68561935	1.00138734	0.18850983156715123	0.0117748	4e-05
-0.1686	-0.4627	0.0565	0.0043266712156939426	0.003525565089028546	-0.002057743188101315	1.08478844	63.61697769	1.03585526	0.28977959422289934	0.0129567	4e-05
-0.1631	-0.4028	0.0507	0.00436157780073383	0.003387684078120994	-0.0020525072003453313	0.95760554	56.15838623	0.95467009	0.08010117918517116	0.0122631	8e-05
-0.1512	-0.2678	0.1576	0.0038484510006474965	0.003157300616857742	-0.0020472712125893483	1.12622678	66.04711151	1.06050128	0.2912373124552784	0.0115591	4e-05
-0.1513	-0.2657	0.1734	0.004223696789826277	0.0030752701420140084	-0.002131047016685076	0.95587265	56.0567627	0.95394389	0.0450526034059121	0.0108681	4e-05
-0.1547	-0.3965	0.1161	0.004956735075663896	0.0030455995447301047	-0.0022444934180647076	1.01686943	59.63389587	0.99148319	0.23530776422505767	0.0116631	4e-05
-0.1524	-0.3926	0.122	0.005270894341022875	0.003014183618194207	-0.0022706733568446224	0.96806818	56.77196503	0.95799902	0.030687756533739605	0.0126879	6e-05
-0.1562	-0.2551	0.2238	0.004956735075663896	0.0029548424236264	-0.002336995868420407	1.10745811	64.94642639	1.04665472	0.2650911485751285	0.0131838	7e-05
-0.1604	-0.2211	0.2389	0.004808382089244378	0.0030578168494940655	-0.0021991148575128553	0.94654191	55.50956345	0.94834673	0.07276042115973667	0.0146996	8e-05
-0.1596	-0.3359	0.2006	0.004871213942316174	0.003043854215478111	-0.0022200588085367874	1.02456403	60.08513641	0.99557495	0.1587869219055841	0.0131054	5e-05
-0.1551	-0.3932	0.1501	0.005077162794051505	0.0029565877528783943	-0.0022898719786165604	0.99202514	58.1769104	0.9734928	0.130451424220741	0.0116917	5e-05
-0.1573	-0.3972	0.1411	0.005044001538263612	0.002998475654926258	-0.0022933626371205488	0.94575119	55.46319199	0.94899109	0.01912699081698728	0.0120237	3e-05
-0.1611	-0.2939	0.2166	0.004501204140893376	0.0030752701420140084	-0.002256710722828668	1.04618621	61.35316467	1.0096636	0.2154121899374933	0.0128538	4e-05
-0.1639	-0.3572	0.2024	0.004694935687864747	0.003085742117525975	-0.0022427480888127134	0.96926546	56.84217834	0.96078545	0.09120830782496461	0.0130265	2e-05
-0.1766	-0.4692	0.1367	0.005602506898901799	0.003480186528476693	-0.0020106192982974674	1.02663565	60.20662689	0.99806526	0.2671072206251508	0.0137096	4e-05
-0.1413	-0.4742	0.1464	0.006176720222807932	0.003570943649580398	-0.0015027284859671175	0.98698682	57.88143921	0.98106585	0.10864306286700944	0.0155587	7e-05
-0.1285	-0.2518	0.2404	0.00538957673015849	0.003532546406036523	-0.0013892820845874865	1.22356749	71.75561523	1.12345808	0.37614935687864737	0.0143747	4e-05
-0.1344	-0.2776	0.2348	0.004981169685191816	0.0034400439556808234	-0.0016842427281745281	0.96160764	56.39308929	0.96041418	0.07709350694547074	0.0144085	6e-05
-0.1572	-0.3784	0.1061	0.004808382089244378	0.0037367499285198597	-0.001595230936322817	1.09957409	64.48407745	1.05357447	0.2802252680319093	0.012721	0.00011
-0.1706	-0.4294	0.0515	0.004988151002199794	0.0038013271108436495	-0.0016074482410867775	1.02458775	60.08652878	1.00620724	0.13182817000215827	0.0122171	5e-05
-0.1369	-0.2465	0.1611	0.0045204027626653135	0.00399505865781502	-0.0010035643198967395	1.19021368	69.79959869	1.10022321	0.3894681853847944	0.0119918	5e-05
-0.1225	-0.2567	0.171	0.004937536453891958	0.003913028182971286	-0.0009162978572970229	0.95622277	56.0772934	0.95472028	0.06382153143350472	0.0124148	5e-05
-0.1269	-0.4199	0.0689	0.0056374134839416844	0.003954916085019151	-0.0007644542123735164	1.09874558	64.43548584	1.04586679	0.31438042885105494	0.0109736	2e-05
-0.1416	-0.4395	0.0402	0.005754350543825304	0.00411548637620263	-0.0008377580409572782	0.9392581	55.08240891	0.94959322	0.08054055898254302	0.0123672	5e-05
-0.1425	-0.269	0.1311	0.005263913024014897	0.004202752838802345	-0.0008272860654453122	1.11423624	65.34393311	1.05421307	0.29170879789610443	0.0106636	5e-05
-0.1466	-0.291	0.1278	0.0053389621818506535	0.004291764630654057	-0.0008674286382411819	0.9361136	54.89799881	0.94152636	0.039610176124166875	0.0109718	4e-05
-0.1737	-0.3929	0.0385	0.0057526052145733106	0.0048624872960562025	-0.0006841690667817771	1.02735817	60.24900436	1.00102907	0.2766812634792104	0.0116035	6e-05
-0.1787	-0.4106	0.0259	0.005688028032249521	0.004834562028024293	-0.0006649704450098395	0.92557162	54.2797699	0.933944	0.040885053606381845	0.0124002	3e-05
-0.1708	-0.2366	0.0961	0.005113814708343385	0.00477696616270848	-0.0005427973973702365	1.10918713	65.04782867	1.04600299	0.2897991118430776	0.0113882	5e-05
-0.1683	-0.219	0.101	0.005071926806295522	0.004588470603493092	-0.0006911503837897545	0.96759456	56.74419022	0.95972063	0.04393682238413848	0.0117766	2e-05
-0.181	-0.3437	0.0387	0.0056810467152415434	0.004783947479716458	-0.000804596785169386	1.03252804	60.55218506	1.00014402	0.24560215932745091	0.0112247	8e-05
-0.1887	-0.3501	0.0273	0.005794493116621174	0.004733332931408622	-0.0010262536001726657	0.92536765	54.26780701	0.93539008	0.04478588823453733	0.0115919	2e-05
-0.1844	-0.2253	0.1218	0.00533721685259866	0.004574507969477138	-0.0010384709049366262	1.06323433	62.35294724	1.01974533	0.255015926535898	0.0124244	5e-05
-0.188	-0.2425	0.1112	0.005330235535590682	0.004391248398017733	-0.001254891732183923	0.96467096	56.57273483	0.9579209	0.05173308578573397	0.0120792	8e-05
-0.19	-0.3887	0.0476	0.005839871677173027	0.004368559117741807	-0.0014486232791552935	1.05989563	62.15715027	1.01745461	0.2481028484414821	0.0119555	8e-05
-0.1881	-0.3618	0.0616	0.0056810467152415434	0.00434586983746588	-0.0015446163880149814	0.94041193	55.15007401	0.94550917	0.05667536755335489	0.0121078	4e-05
-0.1756	-0.2101	0.1552	0.005324999547834699	0.004181808887778414	-0.0013735741213195373	1.08924866	63.87854385	1.03615525	0.29235751918948766	0.0129929	4e-05
-0.1805	-0.2921	0.1203	0.005541420375081997	0.004120722363958612	-0.001572541656046891	0.99012035	58.06520462	0.97205581	0.14562374428972266	0.0120698	3e-05
-0.1921	-0.3879	0.0437	0.005970771371072602	0.004277801996638102	-0.0017400932642383465	1.01937854	59.78104019	0.99032534	0.22169911184307756	0.0128793	5e-05
-0.1874	-0.3343	0.076	0.0057368972513053606	0.004248131399354198	-0.0017016960206944712	0.95483094	55.99567032	0.95203311	0.10569709802975108	0.0114392	6e-05
-0.1686	-0.1741	0.1398	0.005185373207675152	0.003963642731279122	-0.0015690509975429022	1.08674657	63.73181152	1.03458597	0.29123288674284264	0.0131595	6e-05
-0.1761	-0.2982	0.0918	0.005475097863506211	0.0038397243543875246	-0.001837831702350029	1.03106427	60.46634293	0.99733535	0.2137211868764892	0.0114292	4e-05
-0.1941	-0.3712	0.05	0.005768313177841259	0.004146902302738527	-0.001843067690106012	0.98229373	57.60621643	0.96949277	0.1630814625221016	0.0115345	5e-05
-0.1908	-0.326	0.09	0.005588544264885843	0.00416435559525847	-0.0018273597268380628	0.96069437	56.33953094	0.95499895	0.09914650843716531	0.0106835	2e-05
-0.1768	-0.193	0.1583	0.0052010811709431014	0.0039723693775390945	-0.0016615534478986017	1.03640735	60.77968597	1.00847457	0.25256277953007894	0.012896	5e-05
-0.1742	-0.3036	0.1153	0.005644394800949661	0.0038938295611993493	-0.0017226399717184032	1.0013051	58.72112656	0.98410804	0.18534699850830533	0.0106092	2e-05
-0.1797	-0.3744	0.0541	0.006077236455444256	0.0038432150128915135	-0.0017924531417981763	0.97388184	57.11290359	0.96501231	0.1651634686441102	0.010831	7e-05
-0.1866	-0.3272	0.0522	0.005984734005088556	0.004014257279586958	-0.001762782544514273	0.96058404	56.33306122	0.94926712	0.07066076571675241	0.0105695	6e-05
-0.1786	-0.2124	0.1536	0.005516985765554075	0.004042182547618867	-0.0016039575825827887	1.0621779	62.29099274	1.02122583	0.25692492347489365	0.0106459	4e-05
-0.1871	-0.2699	0.1409	0.005890486225480862	0.004110250388446646	-0.0015254177662430443	0.94994956	55.70940399	0.95081531	0.10470540585471542	0.0113395	6e-05
-0.191	-0.3879	0.0845	0.006490879488166912	0.004120722363958612	-0.001556833692778942	1.02671182	60.21109772	0.99639191	0.21041405823669576	0.0117789	2e-05
-0.1893	-0.323	0.1573	0.006120869686744114	0.0041608649367544815	-0.0015166911199830724	1.02124405	59.89043808	0.99253113	0.1619147473507269	0.0118181	3e-05
-0.1832	-0.233	0.1938	0.005871287603708924	0.003963642731279122	-0.0015969762655748114	0.97933525	57.43271637	0.96924542	0.1589544717051144	0.0122246	3e-05
-0.1955	-0.4051	0.1896	0.0062727133316676205	0.004040437218366873	-0.0017941984710501708	1.05019009	61.58797073	1.01492022	0.22237212102609036	0.0142784	4e-05
-0.1956	-0.3691	0.165	0.006352998477259359	0.00398284135305106	-0.001811651763570114	0.97294724	57.05809402	0.96130302	0.06846671517137477	0.0133159	5e-05
-0.1933	-0.2756	0.1983	0.005455899241734273	0.004059635840138811	-0.0018448130193580064	1.01080227	59.2780838	0.98641983	0.17945274892003643	0.0126661	5e-05
-0.186	-0.2371	0.1846	0.004979424355939822	0.004145156973486532	-0.0017941984710501708	0.99470377	58.33399582	0.98349288	0.09013052837250042	0.0171729	0.00011
-0.1949	-0.3913	0.1332	0.005237733085234983	0.004377285764001779	-0.0017400932642383465	1.05564821	61.90806198	1.02132261	0.2417271363311115	0.0186813	0.0003
-0.1948	-0.396	0.1002	0.005508259119294104	0.004380776422505768	-0.0017243853009703976	0.93556261	54.86568832	0.94136156	0.05228623279155296	0.0167659	0.0001
-0.1842	-0.3242	0.1475	0.005185373207675152	0.0043039819354180175	-0.001500983156715123	1.01720047	59.65330505	0.98804771	0.16085412714809885	0.0149806	5e-05
-0.1707	-0.2247	0.1613	0.005230751768227006	0.004131194339470578	-0.001356120828799594	1.01170695	59.33114243	0.99080699	0.14495142422074112	0.0136157	3e-05
-0.176	-0.3318	0.1157	0.0057246799465414016	0.0041381756564785556	-0.0013735741213195373	0.98887587	57.99222183	0.97238516	0.18391813939211576	0.0133792	7e-05
-0.1828	-0.3937	0.0968	0.005845107664929009	0.004070107815650777	-0.001473057888683214	0.96158934	56.39201355	0.95609209	0.10199896632895317	0.0131318	4e-05
-0.1823	-0.3505	0.0968	0.005572836301617893	0.004139920985730549	-0.001408480706359424	0.96624303	56.66492844	0.95461384	0.06403308578573393	0.0122339	3e-05
-0.1748	-0.2312	0.1561	0.004904375198104066	0.004167846253762459	-0.001410226035611418	1.02610481	60.17549896	0.99640434	0.2210065850398865	0.0120524	4e-05
-0.1776	-0.2519	0.1686	0.004925319149127998	0.004150392961242515	-0.0014957471689591403	0.93495768	54.83021164	0.9389043	0.04219591884457993	0.0134282	4e-05
-0.1838	-0.3599	0.1295	0.005195845183187119	0.004178318229274424	-0.001609193570338772	1.0009172	58.69837952	0.97896583	0.17389488517353305	0.0124246	5e-05
-0.1943	-0.3954	0.0874	0.005585053606381855	0.0042603487041181585	-0.001616174887346749	0.96906149	56.83021545	0.95746154	0.11201101075232232	0.0130871	3e-05
-0.1853	-0.3188	0.1604	0.005002113636215748	0.0042882739721500675	-0.0015446163880149814	1.01402783	59.46724701	0.99295094	0.19272118687648915	0.0123103	1e-05
-0.1774	-0.2346	0.1978	0.005042256209011618	0.00420449816805434	-0.0015690509975429022	0.99704915	58.47154236	0.97827258	0.1369176493209759	0.0147892	7e-05
-0.1754	-0.3845	0.169	0.005098106745075437	0.004084070449666731	-0.0016877333866785165	1.03571618	60.73915482	1.00107638	0.19544803217935208	0.0145373	8e-05
-0.1758	-0.3989	0.0905	0.0058538343111889804	0.004064871827894794	-0.001656317460142619	0.98272765	57.63166046	0.97767895	0.1336171057210689	0.0142727	7e-05
-0.1774	-0.3863	0.1187	0.005539675045830002	0.0041608649367544815	-0.0016528268016386303	0.95785224	56.17285538	0.95635967	0.06308215163613273	0.0130581	5e-05
-0.1767	-0.2394	0.1945	0.00506320016003555	0.0041277036809665895	-0.001626646862858715	1.06147814	62.24995422	1.02108643	0.25019080401811294	0.0133686	6e-05
-0.1754	-0.3223	0.1874	0.005234242426730994	0.004066617157146788	-0.0017296212887263805	0.94943923	55.67947769	0.94983696	0.10805516081914554	0.0135825	1e-05
-0.1754	-0.4022	0.137	0.00558330827712986	0.003979350694547071	-0.0017837264955382047	0.96591836	56.64588928	0.96234988	0.15482187599052033	0.0137422	7e-05
-0.1799	-0.4116	0.0947	0.005949827420048669	0.00411199571769864	-0.001759291886010284	0.97724241	57.3099823	0.96259289	0.08237993877991492	0.0135374	5e-05
-0.1793	-0.3283	0.1742	0.005344198169606637	0.0042167154728183	-0.001637118838370681	1.03155005	60.4948349	0.9994558	0.2050261026600648	0.0122482	4e-05
-0.1792	-0.2215	0.2171	0.0052499503899989435	0.004134684997974567	-0.0016283921921107093	1.01438797	59.48836517	0.98912885	0.15905024503556991	0.0151591	6e-05
-0.1857	-0.3503	0.1537	0.005619960191421741	0.004190535534038385	-0.0016929693744344998	1.04250646	61.13736725	1.00642854	0.22322187599052024	0.0132399	2e-05
-0.1855	-0.4348	0.1165	0.00602662190713642	0.004244640740850209	-0.0017313666179783749	0.99519676	58.36290741	0.97632199	0.14685820830351895	0.0144056	2e-05
-0.1925	-0.3669	0.1934	0.005710717312525446	0.004382521751757761	-0.0017575465567582897	1.01254201	59.38011551	0.98864464	0.17579827721492203	0.0141843	4e-05
-0.1898	-0.2323	0.2485	0.005537929716578008	0.004328416544945937	-0.0017296212887263805	1.04808712	61.46464157	1.01346117	0.20514090353955855	0.0164312	6e-05
-0.1985	-0.3596	0.2154	0.005525712411814047	0.004359832471481835	-0.0017575465567582897	1.02300704	59.99382782	0.99176476	0.1726779249665884	0.0152938	4e-05
-0.2105	-0.4402	0.1689	0.00610341639422417	0.00463559449329694	-0.0017121679962064373	0.99822807	58.54067993	0.97998416	0.18404222823885408	0.0163716	5e-05
-0.2145	-0.4073	0.2077	0.006293657282691553	0.00477696616270848	-0.001689478715930511	0.95749861	56.15211487	0.95527957	0.09341509190774243	0.0172613	4e-05
-0.2076	-0.2733	0.2445	0.006138322979264057	0.00467224640758882	-0.0017313666179783749	1.03762174	60.85090637	1.00535744	0.19279709802975095	0.0179414	5e-05
-0.2036	-0.3702	0.22	0.00613134166225608	0.004632103834792951	-0.0017243853009703976	0.99330473	58.25194931	0.97455117	0.1281052603405911	0.0166936	6e-05
-0.2051	-0.4255	0.1916	0.006487388829662923	0.004763003528692525	-0.0016859880574265225	0.96351624	56.50501633	0.95572691	0.1114672052425146	0.0157369	3e-05
-0.2022	-0.4291	0.1889	0.006684611035138282	0.00478918346747244	-0.0016196655458507376	0.94098657	55.18377304	0.94559341	0.023686232791552964	0.0187055	7e-05
-0.1938	-0.2476	0.2427	0.0061453042962720346	0.004665265090580842	-0.0015585790220309364	1.11817789	65.5750885	1.05587373	0.2799155819788823	0.0163966	8e-05
-0.1908	-0.2978	0.2201	0.005995205980600523	0.004551818689201211	-0.0015358897417550098	0.96261686	56.45227432	0.9566174	0.09011169986635352	0.0147989	2e-05
-0.2198	-0.4102	0.1445	0.006194173515327876	0.004906120527356061	-0.0017156586547104257	1.02759647	60.2629776	0.9988334	0.25365191429188094	0.0154291	3e-05
-0.235	-0.4241	0.106	0.006396631708559217	0.005115560037595381	-0.001801179788058148	0.95886016	56.23196411	0.96362324	0.09247094184091917	0.0171115	0.00011
-0.2151	-0.2621	0.2077	0.0057368972513053606	0.004864232625308196	-0.0016947147036864942	1.14012909	66.86240387	1.06945743	0.3344763476956347	0.0155689	7e-05
-0.2153	-0.2583	0.2234	0.005689773361501514	0.004879940588576145	-0.0017331119472303693	0.95602316	56.0655899	0.95314712	0.02476145483078353	0.0161759	5e-05
-0.2214	-0.408	0.156	0.006330309196983434	0.004871213942316174	-0.0016842427281745281	1.04636168	61.36345291	1.008137	0.25810658503988665	0.0152798	2e-05
-0.2239	-0.416	0.1103	0.00661479786505851	0.004928809807631986	-0.0016318828506146981	0.9353618	54.85391235	0.94300464	0.07592222054753583	0.0167524	4e-05
-0.2221	-0.2963	0.1555	0.006187192198319898	0.00471238898038469	-0.0016004669240788003	1.0407598	61.034935	1.00398636	0.2004721210260902	0.0157203	7e-05
-0.2192	-0.2086	0.1954	0.006110397711232148	0.004508185457901353	-0.0016842427281745281	0.99650717	58.4397583	0.97931329	0.14873869068334072	0.0156198	2e-05
-0.2325	-0.325	0.1286	0.0065833819385226105	0.004756022211684548	-0.0015917402778188286	1.01074016	59.27444458	0.98813391	0.23716617157146783	0.0144666	4e-05
-0.2293	-0.3776	0.0808	0.006759660192974038	0.004780456821212468	-0.001567305668290908	0.97670031	57.27819061	0.96399551	0.11485737367536333	0.0145964	5e-05
-0.2176	-0.2832	0.177	0.006173229564303944	0.004796164784480418	-0.001450368608407288	1.0667429	62.55870056	1.02149439	0.23825378259108315	0.014403	7e-05
-0.2152	-0.2426	0.2198	0.0062116268078478195	0.004729842272904633	-0.001481784534943186	0.95393252	55.94298553	0.95286635	0.09260678408277791	0.0157885	3e-05
-0.2221	-0.3901	0.1517	0.006738716241950105	0.004714134309636684	-0.0015812683023068625	1.05347514	61.78061676	1.0162236	0.2546140582366955	0.0160977	5e-05
-0.2222	-0.3977	0.1331	0.006894050545377602	0.004747295565424576	-0.0015847589608108511	0.96807176	56.77217484	0.95752308	0.035899310885968885	0.0153986	2e-05
-0.2137	-0.2999	0.2339	0.006344271830999388	0.004694935687864747	-0.0015777776438028737	1.06048369	62.19163132	1.02064896	0.23755599544730108	0.0155506	2e-05
-0.2119	-0.2962	0.2551	0.0065886179262785935	0.0047246062851486505	-0.0016859880574265225	0.93393701	54.77035522	0.94107913	0.0458113553093379	0.0177217	7e-05
-0.2253	-0.4387	0.1994	0.006908013179393556	0.004729842272904633	-0.0017523105690023068	1.05729806	62.00481415	1.0178613	0.2311476876223364	0.0182694	7e-05
-0.2273	-0.4249	0.2147	0.007070328799829028	0.004879940588576145	-0.0018570303241219666	0.95378542	55.93435669	0.95035002	0.051956684561332254	0.0171933	3e-05
-0.2186	-0.3154	0.2553	0.006726498937186146	0.004743804906920588	-0.0017313666179783749	0.99858302	58.56149292	0.97974414	0.1890814625221016	0.017086	4e-05
-0.2082	-0.2704	0.2758	0.006578145950766627	0.004560545335461182	-0.0017296212887263805	0.96394777	56.53032303	0.9579105	0.09256789435654596	0.0183379	5e-05
-0.2144	-0.4015	0.2617	0.006756169534470049	0.00456752665246916	-0.0018517943363659836	1.01030385	59.24885559	0.98677329	0.16675889741755015	0.0190218	8e-05
-0.213	-0.4549	0.2693	0.007255333700540428	0.004632103834792951	-0.002089159114637212	0.95852154	56.2121048	0.95513794	0.10245530633326992	0.019612	4e-05
-0.21	-0.44	0.2718	0.007564256978143424	0.00462337718853298	-0.0021258110289290935	0.94159049	55.21918869	0.94623135	0.03811509190774248	0.021401	0.00011
-0.2088	-0.3095	0.3311	0.007459537223023765	0.004874704600820162	-0.0022148228207808044	1.05367911	61.79258347	1.01548982	0.21325294796292765	0.0221546	0.00011
-0.21	-0.3308	0.3137	0.0074787358447957015	0.00481710873550435	-0.0022985986248765322	0.9525311	55.86079788	0.95006637	0.047928514559173845	0.020282	8e-05
-0.2277	-0.4342	0.2155	0.007695156672042999	0.005021312257987686	-0.0022043508452688383	1.03004694	60.40668488	1.00370817	0.2450436064669164	0.0187659	8e-05
-0.2392	-0.4628	0.1921	0.007466518540031742	0.005312782243070739	-0.0019425514574696887	0.99198508	58.17456055	0.98114885	0.10259537524467302	0.0193154	0.0001
-0.2262	-0.2734	0.253	0.007103490055616921	0.005312782243070739	-0.0017523105690023068	1.13745236	66.70542908	1.07281166	0.2909634686441101	0.0187756	7e-05
-0.2322	-0.3705	0.2368	0.0072413710665244725	0.005447172595474302	-0.0016912240451825054	0.97279441	57.0491333	0.96115097	0.13596789435654577	0.0180787	2e-05
-0.2374	-0.457	0.1803	0.007665486074759095	0.0054593899002382635	-0.0017697638615222502	0.96675611	56.69501877	0.9601312	0.1739436064669165	0.0190941	7e-05
-0.2406	-0.4143	0.1712	0.007773696488382744	0.0054384459492143305	-0.0018884462506578647	0.97903168	57.41491318	0.96634343	0.06739183768915985	0.0184456	7e-05
-0.2192	-0.2774	0.2728	0.0074403386012518264	0.0052726396702748686	-0.0018151424220741027	1.1071955	64.93103027	1.05042995	0.2885233997327071	0.0194035	7e-05
-0.2102	-0.2597	0.2739	0.0074839718325516846	0.0051120693790913906	-0.0017645278737662671	0.93099231	54.59766388	0.94173481	0.040540903539558575	0.0199341	6e-05
-0.2271	-0.4046	0.2232	0.007866198938738442	0.005302310267558773	-0.001837831702350029	1.04578662	61.32972717	1.01065624	0.24478859116189508	0.0197817	4e-05
-0.2345	-0.4561	0.1744	0.008182103533349416	0.005475097863506211	-0.001780235837034216	0.98810667	57.94711304	0.97168892	0.13501440279371124	0.0204356	4e-05
-0.231	-0.3788	0.2573	0.007976154681614086	0.005883504908472884	-0.0013753194505715315	1.0328331	60.57007599	1.00114347	0.2146636141582344	0.020734	4e-05
-0.2172	-0.2586	0.318	0.007770205829878755	0.005668829410477582	-0.0014154620233674013	1.02413857	60.06019211	0.99885458	0.2177383461263252	0.0226731	0.0001
-0.2214	-0.3519	0.2966	0.0077719511591307485	0.005560618996853934	-0.0014887658519511632	0.98263687	57.62633896	0.96981273	0.1280629785729702	0.0208844	4e-05
-0.2577	-0.4354	0.1116	0.007408922674715928	0.005951572749300664	-0.0012130038301360591	1.21172929	71.06137085	1.13762778	0.3562872129338327	0.0190859	0.0001
-0.241	-0.4701	-0.2111	0.00545415391248228	0.005899212871740834	6.981317007977319e-05	1.55699146	91.30912781	1.3872686	0.5385972820004655	0.0246018	0.00229
-0.2085	-0.2353	-0.183	0.003450515931192789	0.006176720222807932	0.0019530234329816546	1.2988832	76.17247772	1.20671437	0.5036177797629233	0.0222583	0.00293
-0.2147	-0.1717	-0.2596	0.0025603980126756814	0.007265805676052394	0.0028361600344907856	1.05018806	61.58785248	1.03859833	0.2895169986635351	0.0308206	0.01037
-0.2022	-0.2231	-0.2979	0.002811725424962865	0.0074176493209759005	0.0029269171555944902	0.96680915	56.69812775	0.96722892	0.12689640891571977	0.0314055	0.01112
-0.2041	-0.1186	-0.2515	0.002584832622203602	0.0075834555999153615	0.003010692959690218	1.02680588	60.21660995	0.99786032	0.17662374428972255	0.0302086	0.01082
-0.2022	-0.0196	-0.1797	0.0029775317039023265	0.0076881753550350216	0.003043854215478111	1.01361346	59.4429512	0.99645385	0.19922900463031387	0.0289328	0.00996
-0.2125	-0.1237	-0.1963	0.003757693879543791	0.007974409352362091	0.0031014500807939236	1.00319481	58.83194733	0.9870661	0.1871996019142173	0.0283835	0.00883
-0.2246	-0.2613	-0.2154	0.004694935687864747	0.008140215631301554	0.0029059732045705585	1.07400262	62.98444748	1.03440508	0.2337262481741892	0.0281868	0.00762
-0.2547	-0.2201	-0.0158	0.004673991736840814	0.0076270888312152205	0.001467821900927231	1.23686469	72.53542328	1.15863385	0.3695111027376796	0.0196776	0.00153
-0.2525	-0.1318	0.0744	0.004745550236172582	0.007696902001294993	0.0013159782560037243	1.0681138	62.63909912	1.0322566	0.19536076571675237	0.0205522	0.00112
-0.2693	-0.2988	0.0209	0.005002113636215748	0.007956956059842148	0.001410226035611418	1.08010781	63.34247971	1.03222708	0.2678432619099007	0.0202802	0.00101
-0.2857	-0.4174	-0.0476	0.005928883469024737	0.008688249016427773	0.0018832102629018814	1.04249012	61.13640976	1.0151699	0.31005235083425386	0.0258079	0.00275
-0.288	-0.3495	0.0085	0.005612978874413764	0.008721410272215664	0.0016493361431346415	1.01273048	59.39116287	0.99524211	0.1554469985083052	0.022817	0.00184
-0.2848	-0.1709	0.0652	0.005246459731494954	0.008473573518432469	0.001609193570338772	1.09238064	64.06221771	1.04576441	0.27122492347489363	0.0225871	0.00172
-0.3075	-0.2766	0.0354	0.005492551156026155	0.009173450548482195	0.0021013764194011725	1.01300108	59.40703583	0.99153881	0.2301075651821664	0.025517	0.00293
-0.2968	-0.3384	-0.01	0.006473426195646968	0.009166469231474218	0.0019896753472735357	1.00520349	58.94974899	0.98988019	0.17287787143782127	0.0256628	0.00239
-0.2831	-0.2645	0.046	0.0063896503915512395	0.009154251926710258	0.002061233846605303	0.99639887	58.43340683	0.98345346	0.1519775804095728	0.0243853	0.00187
-0.2778	-0.1274	0.0983	0.0058747782622129135	0.008988445647770796	0.002124065699677099	1.05951762	62.13497925	1.02251379	0.2318755130674792	0.0250982	0.00224
-0.2774	-0.2233	0.0589	0.005838126347921033	0.008895943197415098	0.00210835773640915	1.00175369	58.74743652	0.98326606	0.14294311639577637	0.0237944	0.00224
-0.2935	-0.3449	0.0025	0.006351253148007365	0.00927642497434986	0.0020839231268812296	1.02622318	60.18244171	0.99947217	0.24000215932745067	0.0245697	0.00257
-0.285	-0.3375	0.0393	0.00648215284190694	0.008847073978359257	0.0014538592669112763	0.96093446	56.35361099	0.96740435	0.11221572749300648	0.0234445	0.00115
-0.2626	-0.2379	0.1861	0.00662352451131848	0.008983209660014814	0.002089159114637212	1.1454047	67.17179108	1.08139235	0.3144403599396517	0.0255774	0.00107
-0.2639	-0.2243	0.2059	0.006415830330331155	0.008297295263981043	0.0011780972450961724	0.99245572	58.20215988	0.98568131	0.12493352232810684	0.0225452	0.00032
-0.2758	-0.3403	0.1423	0.006309365245959501	0.008143706289805541	0.0010943214410004448	1.01499486	59.52396011	0.99347051	0.20869149313214408	0.020327	0.0004
-0.2911	-0.3798	0.0686	0.006270968002415626	0.008192575508861382	0.0009512044423369096	0.98020285	57.4835968	0.97203718	0.14001917306316264	0.0213135	0.00057
-0.2906	-0.3403	0.088	0.005658357434965616	0.00819955682586936	0.0009040805525330626	0.98764807	57.92021942	0.97170089	0.09273578871309171	0.0209572	0.00055
-0.2748	-0.2132	0.1155	0.005108578720587403	0.007892378877518359	0.000926769832808989	1.02561975	60.14704895	1.00116046	0.21438229715025703	0.0197709	0.00048
-0.2766	-0.311	0.0864	0.005323254218582705	0.007813839061178614	0.0009389871375729493	0.96464187	56.57102966	0.96142766	0.1439716309549504	0.0202944	0.00044
-0.2857	-0.3623	0.0272	0.005967280712568612	0.007840018999958528	0.0010454522219446034	0.97232693	57.02171707	0.9677305	0.1584335758568738	0.0207283	0.00075
-0.295	-0.3706	-0.0238	0.00632507320922745	0.00788539756051038	0.0008325220532012951	0.97585982	57.22890091	0.9652355	0.09940506129769987	0.021682	0.00098
-0.2791	-0.2583	0.0533	0.005881759579220891	0.007726572598578897	0.0009861110273767962	1.03582346	60.74544525	1.00515781	0.24308637830567717	0.018629	0.00055
-0.2648	-0.1482	0.0986	0.005733406592801372	0.007443829259755815	0.0010524335389525807	1.01345146	59.43344879	0.99282165	0.19457094184091925	0.0207759	0.00071
-0.2661	-0.2727	0.0608	0.006033603224144398	0.0074124133332199174	0.0009983283321407565	1.0204972	59.84664154	0.99365126	0.18288588823453736	0.0191098	0.0005
-0.2711	-0.3316	0.0016	0.006518804756198821	0.007557275661135446	0.0009878563566287904	0.9859497	57.82061768	0.97358916	0.1551267917740959	0.0200666	0.00051
-0.2779	-0.312	0.0182	0.006401867696315201	0.007642796794483169	0.0008639379797371932	0.94767904	55.57625198	0.94998072	0.05931882850614696	0.0190445	0.00042
-0.2615	-0.191	0.0876	0.006016149931624455	0.0073897240529439915	0.0009424777960769379	1.04336798	61.18789291	1.00848256	0.24266651612848336	0.0201298	0.00058
-0.2718	-0.2989	0.0674	0.006215117466351807	0.007510151771331601	0.0009686577348568529	1.00853539	59.14514923	0.98283473	0.15567875959474378	0.0202437	0.00042
-0.2831	-0.3472	0.0464	0.0066881016936422705	0.007785913793146704	0.0008028514559173916	0.96339422	56.49785995	0.95495952	0.12632762640225145	0.0203447	0.00039
-0.2828	-0.3295	0.0829	0.006483898171158934	0.007778932476138726	0.0008168140899333463	0.95483351	55.99582291	0.9557871	0.06575737367536344	0.0203973	0.00041
-0.2676	-0.2108	0.1219	0.006201154832335853	0.007518878417591571	0.0007888888219014368	1.03901935	60.93286514	1.00864215	0.20143613327010723	0.0210249	0.00043
-0.268	-0.3217	0.0761	0.006665412413366345	0.007517133088339578	0.0007173303225696694	1.01615083	59.5917511	0.99173607	0.18397807048071263	0.0207028	0.00032
-0.2633	-0.3771	0.053	0.007166321908688717	0.007503170454323623	0.0004799655442984406	0.95451641	55.97722626	0.9511666	0.12081184538047784	0.0204266	0.00023
-0.272	-0.3261	0.1256	0.007030186227033159	0.007621852843459237	0.0003193952531149623	1.00436878	58.9007988	0.99262956	0.1530694180987325	0.0221099	0.00018
-0.2685	-0.1795	0.1945	0.0065833819385226105	0.007485717161803679	0.00042935099599060504	1.10966074	65.07559967	1.05255461	0.2536447856520875	0.0239352	0.0004
-0.2541	-0.277	0.1663	0.0065327673902147755	0.0072850042978243315	0.0005131268000863328	0.99517226	58.36147308	0.97822527	0.15685516081914555	0.0204241	0.00013
-0.257	-0.3738	0.1088	0.006517059426946826	0.007192501847468633	0.0004049163864626844	0.98710454	57.88834381	0.97311904	0.1680210413623648	0.0188464	8e-05
-0.27	-0.4055	0.0159	0.006593853914034577	0.007429866625739861	0.00019896753472735358	1.00168788	58.74357986	0.99048108	0.1636054058547155	0.0211115	0.00032
-0.2513	-0.3064	0.1013	0.0054873151682701725	0.007415903991723906	0.0004747295565424576	1.07415676	62.9934845	1.03195737	0.2730131700797732	0.0195314	0.00024
-0.241	-0.2093	0.1379	0.0051173053668473745	0.007387978723691997	0.0006754424205218055	1.03158486	60.49687195	1.00440275	0.1739323966717028	0.0220792	0.00028
-0.2463	-0.3355	0.1	0.005551892350593962	0.007379252077432025	0.0007749261878854823	1.01848292	59.72851562	0.99555021	0.19653986986851177	0.019977	0.00015
-0.272	-0.3885	-0.0055	0.00605105651666434	0.007475245186291714	0.000645771823237902	1.0143466	59.48594284	1.00122487	0.2204155819788824	0.019784	0.00042
-0.2652	-0.358	0.0186	0.0060685098091842835	0.007442083930503821	0.0009407324668249436	0.9556824	56.04560471	0.9643589	0.07867875959474396	0.0194247	0.00053
-0.2472	-0.1748	0.0793	0.0057526052145733106	0.007086036763096978	0.0010210176124166828	1.12595737	66.03131104	1.06530756	0.2995118453804777	0.0194049	0.00062
-0.2507	-0.2761	0.0452	0.005981243346584567	0.007082546104592989	0.0009162978572970229	0.99980718	58.63328552	0.98173534	0.15574242728174523	0.0182602	0.00035
-0.263	-0.3283	-0.0075	0.006647959120846402	0.007361798784912082	0.0008133234314293575	0.9676587	56.74795151	0.96298147	0.16964714402242959	0.0186977	0.00035
-0.2549	-0.3121	0.0493	0.0067648961807300215	0.007332128187628178	0.0008115781021773631	0.96790898	56.76262665	0.96873545	0.08851764932097587	0.018205	0.00023
-0.2401	-0.1672	0.1456	0.006421066318087138	0.0070912727508529606	0.0007382742735936014	1.11065161	65.13371277	1.05113741	0.2888994564000931	0.0202461	0.00026
-0.238	-0.2915	0.138	0.006700318998406232	0.007021459580773188	0.00032812189937493397	1.03379381	60.62641907	1.00411066	0.17196091123087673	0.0187535	9e-05
-0.2442	-0.4046	0.1694	0.006997024971245267	0.0072640603468004	7.155849933176751e-05	1.02129114	59.89319992	1.00078867	0.1904935069454707	0.0194091	5e-05
-0.2481	-0.3313	0.2523	0.006911503837897546	0.007475245186291714	8.203047484373349e-05	1.01185167	59.33963013	0.99054804	0.17545889741755008	0.021758	0.0001
-0.24	-0.2419	0.2781	0.006101671064972177	0.007202973822980598	1.0471975511965975e-05	1.03593063	60.75172806	1.0078859	0.18098313177841252	0.0221124	0.00012
-0.2365	-0.354	0.239	0.005942846103040692	0.007059856824317063	-5.585053606381854e-05	1.00674438	59.04011154	0.98523909	0.17311322360854023	0.0197108	5e-05
-0.2481	-0.4834	0.1791	0.006115633698988131	0.007185520530460655	-0.00017976891295541595	1.00685096	59.04636383	0.98528347	0.22201848394913143	0.0203095	5e-05
-0.2634	-0.448	0.1142	0.0062622413561556544	0.0074228853087318835	-0.00022863813201125715	0.94376755	55.34686279	0.95629816	0.13724208272472965	0.0196338	0.00011
-0.257	-0.3407	0.1826	0.005771803836345247	0.007218681786248547	-0.00022689280275926284	1.04608083	61.34698486	1.00983615	0.21691931857728688	0.0185187	8e-05
-0.2489	-0.2954	0.188	0.005611233545161769	0.006972590361717347	-0.0002583087292951608	0.96321011	56.48706436	0.95663537	0.08070388211252881	0.0182307	8e-05
-0.2497	-0.3741	0.148	0.0059690260418206065	0.007021459580773188	-0.0002600540585471551	0.96745884	56.73622894	0.9593043	0.13992035224833363	0.0174377	6e-05
-0.2591	-0.4229	0.0996	0.006480407512654946	0.007202973822980598	-0.00020769418098732522	0.94647521	55.50565338	0.95055792	0.14386277953007895	0.0184581	0.0001
-0.2528	-0.3177	0.1719	0.006033603224144398	0.007176793884200683	-9.42477796076938e-05	1.0352217	60.71015167	0.99999496	0.21312153143350476	0.0182729	0.0001
-0.2523	-0.2265	0.204	0.0057142079710294355	0.007082546104592989	-0.0002007128639793479	1.00339723	58.84381866	0.98361151	0.14980540585471547	0.0195972	0.0001
-0.2439	-0.3512	0.1717	0.006161012259539982	0.006923721142661505	-0.00038397243543875244	1.00407612	58.88363647	0.98125346	0.20484444109507177	0.0173469	5e-05
-0.2342	-0.4274	0.1439	0.006974335690969341	0.006757914863722044	-0.0005515240436302081	0.96726066	56.72460556	0.96491245	0.17103406592801376	0.0186372	9e-05
-0.2398	-0.388	0.1763	0.006935938447425466	0.006825982704549823	-0.0005148721293383271	0.99437392	58.31465149	0.97805777	0.0845558499331768	0.0194834	7e-05
-0.2461	-0.2622	0.2977	0.006401867696315201	0.00713141532364883	-0.000460766922526503	1.11399233	65.32962799	1.05537339	0.29818042885105484	0.0221453	6e-05
-0.2127	-0.3125	0.2969	0.00669159235214626	0.007051130178057092	-0.0003001966313430247	0.93818516	55.01948547	0.94415319	0.11102900463031382	0.0212662	4e-05
-0.2151	-0.4277	0.2455	0.00701447826376521	0.006876597252857658	-0.000450294947014537	1.00922632	59.18566513	0.9847761	0.2013758576244949	0.0215011	6e-05
-0.2265	-0.4739	0.1696	0.006918485154905522	0.007145377957664784	-0.0005707226654021458	1.00367916	58.86035538	0.98383389	0.15776007660272112	0.021155	0.0001
-0.2227	-0.3904	0.2129	0.006157521601035994	0.007361798784912082	-0.0003944444109507184	1.0110842	59.29462051	0.98887668	0.1882831317784126	0.0194516	6e-05
-0.2291	-0.3092	0.2287	0.005785766470361203	0.007274532322312366	-0.0003874630939427412	0.95084918	55.76216125	0.95622684	0.12670014551412423	0.0196192	5e-05
-0.2286	-0.4339	0.2016	0.006045820528908357	0.007260569688296411	-0.0003438298626428829	0.98727614	57.89840698	0.9752346	0.1681824961931484	0.0203321	7e-05
-0.233	-0.4546	0.1594	0.0063058745874555126	0.007166321908688717	-0.0005689773361501514	0.92724234	54.3777504	0.93804525	0.09627246558310594	0.0194629	6e-05
-0.2451	-0.4447	0.109	0.006373942428283292	0.0072850042978243315	-0.0006161012259539982	0.99179661	58.16350937	0.97465972	0.08409370598836206	0.0195324	0.0001
-0.2409	-0.299	0.1918	0.006024876577884425	0.007276277651564359	-0.0004956735075663896	1.07630324	63.11936188	1.03216428	0.2566110107523224	0.0183276	5e-05
-0.2403	-0.2515	0.2064	0.005925392810520749	0.007031931556285153	-0.00048171087355043494	0.95460683	55.98252869	0.95389224	0.08058962483294181	0.0199675	0.00012
-0.2383	-0.3613	0.1776	0.006147049625524028	0.006880087911361647	-0.0006736970912698113	0.99388224	58.28582001	0.97739583	0.1688743338823081	0.0183486	4e-05
-0.238	-0.4139	0.1336	0.006710790973918196	0.006883578569865635	-0.0007155849933176752	0.97163665	56.9812355	0.96197625	0.12735599544730103	0.0183869	7e-05
-0.2282	-0.3892	0.166	0.00669159235214626	0.006894050545377602	-0.0006283185307179585	0.95658201	56.09836197	0.95237264	0.07274685299418104	0.0177718	3e-05
-0.2314	-0.2628	0.2272	0.006330309196983434	0.0069865529957333005	-0.0005288347633542819	1.02835226	60.30729675	0.99953659	0.2184634686441101	0.0203559	9e-05
-0.2468	-0.371	0.2054	0.006960373056953386	0.006307619916707506	-0.0008447393579652555	1.01994932	59.81451416	0.99488796	0.226645076680336	0.0197769	7e-05
-0.2442	-0.4775	0.1819	0.007682939367279038	0.006209881478595825	-0.0011309733552923255	1.01484215	59.51500702	0.99561712	0.18792693728822008	0.0212325	7e-05
-0.25	-0.4285	0.3003	0.007436847942747837	0.006424556976591126	-0.0012688543661998775	1.04369116	61.20684433	1.01561895	0.2031323966717027	0.0233226	4e-05
-0.2457	-0.3055	0.3498	0.007396705369951969	0.006590363255530588	-0.0011798425743481666	1.0270946	60.23354721	0.99948525	0.19154803217935204	0.0258249	9e-05
-0.2401	-0.4127	0.3164	0.0074124133332199174	0.006508332780686855	-0.0012060225131280816	0.99303949	58.23639679	0.97407562	0.1523959188445798	0.0243791	0.0001
-0.2394	-0.4869	0.2664	0.0077492618788548235	0.006501351463678877	-0.0012269664641520136	0.97562748	57.21527481	0.96531161	0.14313869068334076	0.0237864	0.0001
-0.2403	-0.4955	0.2379	0.007892378877518359	0.006504842122182866	-0.0013159782560037243	0.95282388	55.87796783	0.95343334	0.049780972450961754	0.0230852	7e-05
-0.2421	-0.4064	0.3808	0.007702137989050977	0.006564183316750673	-0.0011047934165124105	1.10579658	64.84899139	1.06088111	0.2568383461263252	0.027924	0.00015
-0.2448	-0.3361	0.3874	0.00753807703936351	0.006307619916707506	-0.0009040805525330626	1.0011878	58.71425247	0.98553187	0.11066686068549904	0.0278744	0.00011
-0.248	-0.452	0.3491	0.007621852843459237	0.006508332780686855	-0.0009564404300928925	1.00494504	58.93458939	0.98426203	0.17424242728174527	0.0267194	3e-05
-0.263	-0.5381	0.3017	0.007867944267990437	0.006635741816082441	-0.0010821041362364843	0.96906829	56.830616	0.96280866	0.1734582083035189	0.0279054	0.0001
-0.254	-0.4883	0.388	0.007613126197199265	0.0067160269616741795	-0.001090830782496456	1.0232501	60.00808716	1.00153216	0.1622914931321441	0.0305745	0.00014
-0.2476	-0.3479	0.4058	0.007555530331883452	0.0065606926582466845	-0.0010576695267085637	1.04983413	61.56709671	1.01999278	0.1769045712265601	0.0281115	0.00012
-0.25	-0.4453	0.331	0.007353072138652111	0.006592108584782582	-0.0011274826967883368	0.99983686	58.63502502	0.98373137	0.18978436449235056	0.0250899	8e-05
-0.2514	-0.5005	0.2568	0.00776846050062676	0.006538003377970758	-0.00119729586686811	0.98184371	57.57982254	0.97297877	0.15776533694331235	0.0245427	5e-05
-0.2604	-0.4441	0.2907	0.007454301235267781	0.0067771134854939805	-0.0011100294042683937	0.9830243	57.6490593	0.96957855	0.13132679177409587	0.0243316	6e-05
-0.2618	-0.3526	0.3171	0.007094763409356949	0.006771877497737999	-0.0011484266478122688	0.98333651	57.66736984	0.97203334	0.13945855286053432	0.0240944	4e-05
-0.2531	-0.4151	0.2638	0.0072902402855803145	0.006386159733047251	-0.0010786134777324957	0.95517176	56.01565933	0.9551348	0.15705039054969433	0.0232067	0.0001
-0.258	-0.5125	0.1819	0.0076497781114911465	0.006435028952103093	-0.0009896016858807848	1.01303041	59.40875244	0.99286003	0.20907094184091915	0.0223368	7e-05
-0.2601	-0.4937	0.1635	0.007325146870620201	0.0070685834705770355	-0.00048171087355043494	0.98073542	57.51482773	0.97627393	0.1126038285837618	0.0218374	6e-05
-0.2473	-0.3041	0.2543	0.00701447826376521	0.007093018080104955	-0.000322885911618951	1.13777483	66.72434235	1.0725156	0.31789640891571985	0.0214116	5e-05
-0.2502	-0.383	0.2542	0.007222172444752536	0.006939429105929455	-0.0004380776422505767	0.94410026	55.36637497	0.94762065	0.10572374428972262	0.021818	6e-05
-0.2611	-0.4352	0.2003	0.007653268769995135	0.007087782092348972	-0.000439822971502571	0.93659633	54.92631149	0.9455301	0.1460597320457055	0.0215096	4e-05
-0.267	-0.4637	0.1619	0.007976154681614086	0.00721170046924057	-0.00047123889803846896	0.98529452	57.78219604	0.96862164	0.09671101075232237	0.022678	0.00014
-0.2632	-0.3623	0.2469	0.0075991635631833115	0.007274532322312366	-0.0003769911184307752	1.05349016	61.78149796	1.0135736	0.21690353755551325	0.0226545	5e-05
-0.2536	-0.2872	0.3161	0.007349581480148122	0.0070581114950650685	-0.0005044001538263612	0.99154234	58.14859772	0.98075109	0.18357059728390365	0.0245881	0.00013
-0.2529	-0.435	0.3119	0.007730063257082885	0.006881833240613641	-0.0007016223593017205	1.04026949	61.00617981	1.01166561	0.19039911184307745	0.0262266	7e-05
-0.2284	-0.5202	0.2671	0.008447393579652554	0.006782349473249965	-0.00047123889803846896	1.01497126	59.52257538	0.98987969	0.20685987755982987	0.0266683	0.00016
-0.2467	-0.5134	0.3608	0.008225736764649274	0.007166321908688717	-0.0007801621756414653	1.0237546	60.03767014	1.00308499	0.16452762640225152	0.0298797	0.00022
-0.2259	-0.3711	0.4398	0.008489281481700419	0.007403686686959946	-0.00033684854563490564	1.08359122	63.54676819	1.03985741	0.2893111562664467	0.0332581	0.0005
-0.2267	-0.4627	0.4054	0.008438666933392583	0.007321656212116212	-0.00026354471705114377	1.00691676	59.0502243	0.98631154	0.13709744258676665	0.0318906	0.00041
-0.2406	-0.544	0.3241	0.008313003227248992	0.007400196028455957	-0.00040840704496667313	1.0149591	59.52186203	0.9913914	0.19395329251994328	0.0286666	0.00017
-0.2502	-0.5591	0.2874	0.008206538142877338	0.007429866625739861	-0.0003961897402027128	0.95444852	55.97324371	0.9579705	0.06881764932097592	0.0286869	0.0002
-0.2412	-0.411	0.3311	0.007730063257082885	0.007447319918259804	-0.0001012290966156711	1.07148945	62.83705902	1.02961921	0.24024444109507193	0.0269446	9e-05
-0.2296	-0.4375	0.3066	0.008049458510197848	0.007393214711447979	0.00020594885173533088	0.95478463	55.99295425	0.95327596	0.09663392041388953	0.0266281	0.00011
-0.223	-0.5619	0.2613	0.008358381787800843	0.006956882398449398	-0.00015184364492350666	1.0077889	59.10137177	0.98553065	0.23145240436302064	0.026349	8e-05
-0.1704	-0.5565	0.2172	0.008964011038242875	0.006445500927615059	-4.537856055185256e-05	0.96026957	56.31461716	0.96219367	0.16327379028240116	0.0249267	0.00013
-0.1679	-0.4581	0.243	0.008819148710327346	0.006072000467688272	-0.00031415926535897925	1.02700102	60.22805786	0.99556727	0.1660571746324721	0.0234063	8e-05
-0.199	-0.3294	0.3814	0.008253662032681184	0.006668903071870333	-0.0004747295565424576	1.1347295	66.54574585	1.07378196	0.3643479786505851	0.0263718	0.00013
-0.2141	-0.3555	0.372	0.007876670914250409	0.006794566778013924	-0.0005078908123303499	0.94219726	55.254776	0.95120015	0.07739080401811296	0.027133	0.00014
-0.2172	-0.4606	0.3193	0.007803367085666647	0.006661921754862355	-0.0006178465552059926	1.00074244	58.68813324	0.98461994	0.17669522973054871	0.025543	7e-05
-0.2147	-0.525	0.2493	0.008122762338781609	0.00661479786505851	-0.0005759586531581287	0.99375945	58.27861786	0.97744672	0.1573203522483336	0.0243822	7e-05
-0.2047	-0.5161	0.219	0.007871434926494426	0.006724753607934152	-1.5707963267948964e-05	0.98145247	57.55688095	0.97266932	0.09527669225265024	0.022056	4e-05
-0.2127	-0.3944	0.3106	0.007548549014875476	0.00686088928958971	-0.0001308996938995747	1.04339552	61.18950272	1.01752866	0.2500106661953068	0.0243146	7e-05
-0.2188	-0.5022	0.3223	0.007698647330546988	0.006717772290926174	-0.0004206243497306334	0.99653894	58.44161987	0.98494547	0.1547469985083053	0.0267022	7e-05
-0.233	-0.5893	0.3296	0.008093091741497705	0.006899286533133583	-0.0005689773361501514	0.99285907	58.22581482	0.97951101	0.1448155819788824	0.0305987	0.00016
-0.2435	-0.5529	0.3687	0.00817163155783745	0.007007496946757234	-0.0005916666164260777	0.96027434	56.31489563	0.95759873	0.09647197551196617	0.0316166	0.00024
-0.2095	-0.3981	0.4434	0.008536405371504265	0.007077310116837006	-0.0002705260340591211	1.08297443	63.51059723	1.03867637	0.3012863783056772	0.0343459	0.00051
-0.1492	-0.4576	0.3915	0.009286896949861827	0.006995279641993272	0.0005567600313861911	1.04443347	61.25037384	1.01901482	0.2546904059323304	0.0330553	0.00045
-0.1024	-0.5766	0.3271	0.010124654990819104	0.006569419304506657	0.0008569566627292158	1.05675995	61.97325516	1.02592942	0.3083907504893459	0.0322357	0.00101
-0.1211	-0.5156	0.3311	0.01000946326018748	0.0068591439603377154	0.0007906341511534313	0.96315044	56.48356628	0.95961057	0.1072619449019234	0.031314	0.00065
-0.1455	-0.4178	0.3787	0.008909905831431052	0.007063347482821051	0.0005235987755982988	1.0399574	60.98788071	1.00970229	0.24833981633974475	0.0299454	0.0003
-0.1623	-0.4551	0.3634	0.008513716091228338	0.006991788983489284	0.0002565634000431664	0.95071697	55.75440979	0.95147373	0.10613918075448064	0.0283852	0.00015
-0.1741	-0.5519	0.3243	0.008663814406899851	0.0067980574365179135	-6.45771823237902e-05	0.9700107	56.88588333	0.96414738	0.180948522250492	0.0297419	0.00019
-0.178	-0.586	0.2882	0.008717919613711676	0.00669159235214626	-0.00019024088846738194	0.94775999	55.58099747	0.94876612	0.0884116998663535	0.0286094	0.00019
-0.1773	-0.5402	0.3225	0.008419468311620645	0.006754424205218055	-0.000153588974175501	0.98236817	57.61058044	0.96951499	0.10069675347273528	0.0283927	0.00017
-0.1801	-0.4213	0.3748	0.008059930485709814	0.006839945338565778	-0.00017627825445142725	1.00913739	59.18045044	0.99106322	0.197387411976724	0.0278776	0.00015
-0.1776	-0.5236	0.361	0.008194320838113377	0.00650658745143486	-0.000439822971502571	0.97243828	57.02824783	0.96836717	0.1551646478292812	0.0298589	0.00017
-0.186	-0.5535	0.3364	0.008419468311620645	0.006483898171158934	-0.0004677482395344803	0.97214597	57.01110458	0.96384161	0.07668810109075522	0.0300449	0.00017
-0.1604	-0.5296	0.3061	0.008463101542920504	0.006148794954776023	-0.0005846852994181004	0.97729146	57.31285858	0.96714017	0.10458367537831956	0.0266643	0.0001
-0.172	-0.4595	0.4377	0.008227482093901268	0.006827728033801816	-0.00026354471705114377	1.07553923	63.07456207	1.04082398	0.27508465552059924	0.0338148	0.00046
-0.1645	-0.3845	0.4878	0.008023278571417934	0.007086036763096978	5.4105206811824215e-05	1.01377738	59.45256424	0.99303292	0.17160810878207325	0.0364365	0.00073
-0.1621	-0.4566	0.444	0.00810705437551366	0.0068591439603377154	-7.853981633974481e-05	0.9927668	58.22040558	0.97978842	0.14046568150032798	0.0316135	0.00035
-0.1664	-0.5608	0.3834	0.007902850853030323	0.00672824426643814	-0.0003385938748868999	0.99387503	58.28539658	0.97876672	0.19885786374650333	0.0299333	0.0003
-0.1517	-0.5651	0.3533	0.00745779189377177	0.006702064327658226	-0.00017976891295541595	1.04024398	61.00468445	1.01888185	0.08060319299849764	0.032636	0.0007
-0.1512	-0.4428	0.4038	0.006785840131753953	0.006548475353482724	-0.0001291543646475804	1.09878612	64.43786621	1.05619168	0.21710776422505773	0.0315415	0.00044
-0.1629	-0.4766	0.3889	0.006997024971245267	0.00647866218340295	-0.00038571776469074686	1.00014114	58.65286636	0.99210968	0.08727807048071262	0.0280951	0.00014
-0.1763	-0.6206	0.3564	0.0072570790297924225	0.006391395720803235	-0.0006544984694978735	0.99831557	58.5458107	0.9848855	0.22070506129769996	0.0304979	0.00054
-0.1836	-0.6062	0.3067	0.0075276050638515436	0.006356489135763348	-0.0006876597252857658	0.92012757	53.96050644	0.94016995	0.0883296937443451	0.0282735	0.00025
-0.184	-0.5994	0.2728	0.0077335539155868735	0.006215117466351807	-0.000778416846389471	0.98769706	57.92309189	0.97821931	0.0630038821125287	0.0274168	0.0002
-0.1816	-0.4114	0.3535	0.006991788983489284	0.006370451769779303	-0.0007819075048934597	1.1492461	67.39707184	1.08096698	0.3161294947014537	0.0261065	0.00011
-0.1764	-0.3939	0.363	0.006871361265101675	0.006251769380643689	-0.0007993607974134029	0.93570739	54.87417984	0.94461199	0.04502817000215829	0.0263854	5e-05
-0.1801	-0.4887	0.325	0.007333873516880173	0.006243042734383717	-0.0008115781021773631	0.97341138	57.08531189	0.96669125	0.16067281014012152	0.0267255	0.00012
-0.1853	-0.5225	0.2652	0.0075834555999153615	0.006070255138436278	-0.0009546951008408983	0.97165203	56.98213577	0.96413522	0.12707433388230807	0.0245691	8e-05
-0.1857	-0.5072	0.2628	0.007646287452987157	0.006138322979264057	-0.0008813912722571365	0.96797037	56.76622772	0.95965435	0.028310176124166815	0.0239992	8e-05
-0.1786	-0.3826	0.356	0.00728849495632832	0.0063407811724954	-0.000705113017805709	1.04904902	61.52105331	1.017107	0.2617264472170804	0.0266991	6e-05
-0.1824	-0.4389	0.333	0.007695156672042999	0.006426302305843123	-0.0007382742735936014	0.9707129	56.92706299	0.96649946	0.10936720524251468	0.0280426	9e-05
-0.1861	-0.5663	0.2751	0.007946484084330182	0.006373942428283292	-0.0008220500776893293	1.04354644	61.19835663	1.01250009	0.20837315469713708	0.0278708	0.00014
-0.1801	-0.5263	0.231	0.008297295263981043	0.006311110575211495	-0.0008168140899333463	0.97727311	57.31178284	0.97107504	0.1110439510239321	0.0242261	0.00012
-0.1656	-0.4418	0.3428	0.007684684696531034	0.006302383928951523	-0.000645771823237902	1.04784548	61.45046997	1.01931763	0.25041897402027125	0.0257351	0.0001
-0.1683	-0.4489	0.3469	0.0077492618788548235	0.00623257075887175	-0.0007504915783575615	0.94984162	55.70307541	0.95307327	0.025855505376161117	0.0263568	9e-05
-0.1695	-0.569	0.3063	0.008110545034017648	0.006073745796940267	-0.0009040805525330626	0.98103744	57.53253937	0.97232001	0.1955848545634904	0.0268681	0.00018
-0.1727	-0.5672	0.274	0.008257152691185174	0.0060580378336723174	-0.0009494591130849152	0.93860984	55.04439163	0.94153685	0.04768470904936623	0.0262206	0.00016
-0.1711	-0.4906	0.3433	0.008011061266653973	0.006164502918043972	-0.0009721483933608416	1.00801635	59.11470795	0.98772364	0.16626228945893912	0.0262713	0.0001
-0.1834	-0.4137	0.407	0.007789404451650692	0.00647866218340295	-0.0009616764178488756	0.99582559	58.39978409	0.98106116	0.18021440279371123	0.0303177	0.00025
-0.1956	-0.5178	0.3923	0.007922049474802262	0.0066043258895465435	-0.0011013027580084218	0.99922627	58.59921646	0.98024977	0.15089675347273543	0.0316546	0.00033
-0.2147	-0.5645	0.3979	0.008356636458548849	0.007073819458333017	-0.0010157816246606998	0.96398532	56.53252792	0.95882858	0.12088008429403904	0.0331071	0.00057
-0.2081	-0.505	0.4297	0.008185594191853404	0.006888814557621618	-0.0009983283321407565	0.94945985	55.68068695	0.95095988	0.11657502299633939	0.0332463	0.00058
-0.1997	-0.4396	0.4546	0.007660250087003113	0.006642723133090418	-0.0011274826967883368	0.97648692	57.26567841	0.9702289	0.14372949470145363	0.0341808	0.00047
-0.1925	-0.5249	0.4368	0.007567747636647412	0.006415830330331155	-0.0012322024519079964	0.97514755	57.18712997	0.96540635	0.13150575041173113	0.034621	0.00081
-0.1967	-0.6266	0.4091	0.00761487152645126	0.006499606134426883	-0.0012409290981679683	0.97465652	57.15833282	0.96508543	0.14058131700797735	0.0353401	0.00106
-0.1995	-0.6187	0.3831	0.0077614791836187825	0.006510078109938849	-0.0012671090369478833	0.9269073	54.35810089	0.93702752	0.04586297857297023	0.0349199	0.0007
-0.1965	-0.5407	0.4272	0.007354817467904104	0.00648215284190694	-0.0012147491593880533	1.00326514	58.83607864	0.98313622	0.14944734306532098	0.0341832	0.00054
-0.1992	-0.4683	0.4193	0.007173303225696694	0.006513568768442837	-0.0010297442586766543	0.98404247	57.70877075	0.976177	0.10289675347273528	0.0315728	0.00021
-0.2029	-0.5975	0.3773	0.007349581480148122	0.00650658745143486	-0.0010629055144645468	0.9966898	58.45046616	0.97791781	0.1857210413623649	0.0313693	0.00042
-0.2091	-0.6051	0.3041	0.007506661112827611	0.006677629718130304	-0.0009197885158010115	0.95217639	55.83999634	0.95842227	0.11056194490192343	0.0284559	0.00018
-0.2112	-0.5432	0.3274	0.007470009198535731	0.006785840131753953	-0.0009128071987930344	0.96696776	56.70743179	0.96264404	0.09489218224617528	0.0282872	0.00013
-0.197	-0.3786	0.4047	0.007112216701876892	0.0067038096569102205	-0.0008552113334772215	1.11211133	65.21931458	1.05659525	0.2809709418409192	0.0293264	0.00017
-0.1959	-0.4351	0.3993	0.007220427115500541	0.0066217791820664855	-0.0009407324668249436	0.95648813	56.09285736	0.95519595	0.07678810109075535	0.0293034	0.00013
-0.1967	-0.5634	0.3298	0.007686430025783027	0.0065833819385226105	-0.0009861110273767962	1.01946414	59.78605652	0.99628113	0.22608893571891073	0.0278262	9e-05
-0.189	-0.566	0.344	0.007880161572754398	0.006485643500410928	-0.001075122819228507	0.94827342	55.61110687	0.95949964	0.04352408884673815	0.0294847	0.0002
-0.1927	-0.3982	0.4243	0.00731292956585624	0.006572909963010645	-0.00102799892942466	1.14020741	66.86699677	1.07326423	0.28688111796508614	0.031312	0.00017
-0.198	-0.4517	0.4064	0.007093018080104955	0.006579891280018623	-0.001090830782496456	0.96871036	56.80962372	0.96301321	0.09118623279155293	0.0300908	0.00015
-0.205	-0.5563	0.3548	0.007347836150896126	0.006639232474586429	-0.0011135200627723821	0.98497742	57.7635994	0.9735041	0.18004242728174516	0.0292363	0.00016
-0.2093	-0.6061	0.3145	0.007674212721019067	0.00669159235214626	-0.0011274826967883368	0.96795684	56.76543427	0.96214015	0.11403495408493627	0.029864	0.00021
-0.1995	-0.5147	0.4185	0.007298966931840286	0.006627015169822469	-0.0010384709049366262	1.07541192	63.06709671	1.03231222	0.23164173816771408	0.0323396	0.00021
-0.1984	-0.4608	0.4501	0.0072902402855803145	0.006670648401122327	-0.001022762941668677	0.95820564	56.19358063	0.95587695	0.09000339204138902	0.0320544	0.00029
-0.2023	-0.5853	0.3961	0.007628834160467214	0.006745697558958083	-0.0009983283321407565	0.99734026	58.48861313	0.98356452	0.20430388211252887	0.032839	0.00038
-0.1954	-0.6249	0.3672	0.007960446718346137	0.006658431096358368	-0.0009546951008408983	0.96835226	56.78862381	0.96278531	0.0985256125889248	0.032701	0.00054
-0.1871	-0.4941	0.4586	0.007602654221687299	0.006674139059626316	-0.000973893722612836	1.07172287	62.85075378	1.02815074	0.25013495408493613	0.0328045	0.0003
-0.1922	-0.4072	0.4544	0.007403686686959946	0.006630505828326458	-0.0009861110273767962	0.96244419	56.4421463	0.96293114	0.10894090353955854	0.0319737	0.00022
-0.1993	-0.5214	0.4188	0.007394960040699974	0.006627015169822469	-0.0011030480872604163	0.99600327	58.41020584	0.98042112	0.16335771823237907	0.0326412	0.00024
-0.2116	-0.5733	0.3621	0.007271041663808378	0.00653102206096278	-0.0014486232791552935	0.97250915	57.03240204	0.96511995	0.1491743338823082	0.0308398	0.00018
-0.221	-0.5671	0.3417	0.007244861725028462	0.006513568768442837	-0.0015917402778188286	0.95322043	55.90122223	0.95080608	0.045337511498169655	0.0288203	8e-05
-0.2211	-0.4625	0.3978	0.006714281632422186	0.006524040743954804	-0.001614429558094755	1.00049126	58.67340088	0.98531421	0.18898706741970847	0.0290993	0.00012
-0.2186	-0.4524	0.4129	0.0065833819385226105	0.006464699549386996	-0.0015341444125030156	0.93909502	55.07284546	0.94375631	0.04122630170295614	0.0304996	0.00016
-0.2172	-0.5715	0.3921	0.006817256058289851	0.006443755598363065	-0.0014870205226991688	0.99011415	58.06484222	0.97810817	0.15639709802975088	0.0314553	0.00037
-0.2205	-0.5952	0.3324	0.007065092812073046	0.006391395720803235	-0.0015358897417550098	0.97078359	56.93120956	0.96479715	0.10415329251994326	0.0289872	0.00016
-0.2187	-0.5863	0.3137	0.007065092812073046	0.006515314097694833	-0.0013840460968315032	0.95566887	56.04481125	0.95695256	0.043188101090755104	0.0278313	0.0002
-0.2105	-0.3875	0.4027	0.006876597252857658	0.006513568768442837	-0.0012164944886400475	1.15407205	67.68008423	1.08367159	0.313889624832942	0.0292864	0.00018
-0.2074	-0.4566	0.3851	0.006895795874629596	0.006370451769779303	-0.0012845623294678264	0.98139167	57.55331421	0.96803059	0.10131917306316252	0.0291982	0.00014
-0.2203	-0.5465	0.3483	0.007304202919596269	0.006541494036474748	-0.0014119713648634124	0.98813945	57.94903564	0.97581375	0.17494291735288517	0.0282907	0.0001
-0.2334	-0.5747	0.3509	0.0076497781114911465	0.0067980574365179135	-0.0013072516097437528	0.92836159	54.44338608	0.93892817	0.07924291735288513	0.0306332	0.00018
-0.2208	-0.4949	0.3987	0.007496189137315645	0.006726498937186146	-0.001239183768915974	1.01753354	59.67284012	0.99094015	0.15486076571675236	0.031236	0.0003
-0.2078	-0.3845	0.4607	0.007361798784912082	0.006606071218798537	-0.001228711793404008	1.0313623	60.48382187	1.00480185	0.1986645023151569	0.0322919	0.00032
-0.2063	-0.4912	0.448	0.007557275661135446	0.006667157742618338	-0.0011309733552923255	0.9641999	56.5451088	0.96107983	0.13861509190774243	0.0332497	0.0003
-0.2181	-0.6395	0.3795	0.008122762338781609	0.0069097585086455495	-0.0009896016858807848	1.05526531	61.88560486	1.02044294	0.27607295565424567	0.0349059	0.00061
-0.1981	-0.6402	0.3437	0.008374089751068793	0.006625269840570476	-0.0009250245035569946	0.98376322	57.69239426	0.97248721	0.08651966313430245	0.033053	0.00039
-0.193	-0.5141	0.4865	0.007944738755078189	0.006714281632422186	-0.0009896016858807848	1.12513947	65.98334503	1.06993355	0.3031469985083052	0.0356694	0.00063
-0.1923	-0.4474	0.4777	0.007618362184955248	0.006578145950766627	-0.0011117747335203881	0.96225423	56.43100739	0.96535419	0.10543426497090508	0.0346189	0.00041
-0.1908	-0.5451	0.4231	0.007597418233931317	0.006396631708559217	-0.0012042771838760874	0.99969095	58.62646866	0.9823223	0.16854803217935208	0.0325894	0.00041
-0.2	-0.6228	0.3531	0.007909832170038301	0.006564183316750673	-0.0011833332328521555	0.99464834	58.3307457	0.98223175	0.18194547476611853	0.0317345	0.00033
-0.1939	-0.606	0.4064	0.007785913793146704	0.006466444878638991	-0.0013473941825396225	0.97830957	57.37256622	0.97441217	0.09548588823453737	0.0335227	0.00053
-0.1771	-0.4456	0.4725	0.008025023900669927	0.006646213791594407	-0.0009634217471008699	1.07683969	63.15082169	1.03637218	0.2834425727958696	0.0346105	0.00041
-0.1842	-0.4996	0.4234	0.007923794804054257	0.0066374871453344355	-0.0009564404300928925	0.99256283	58.20844269	0.97855353	0.11604685299418088	0.0326918	0.00026
-0.2045	-0.5999	0.3249	0.008059930485709814	0.006825982704549823	-0.001129228026040331	1.0441134	61.23160172	1.01116515	0.2439709418409192	0.0298377	0.00018
-0.2138	-0.5885	0.4142	0.008129743655789588	0.007274532322312366	-0.0009512044423369096	1.03105938	60.46606064	1.01754854	0.14481931857728683	0.0356281	0.00075
-0.2071	-0.4122	0.5047	0.0075991635631833115	0.007129669994396836	-0.0009145525280450286	1.15164125	67.53752899	1.08779572	0.3091047167406844	0.0362668	0.00067
-0.2043	-0.4719	0.4744	0.007564256978143424	0.006967354373961363	-0.0009424777960769379	0.96315289	56.48370743	0.96003132	0.10405737367536348	0.034081	0.00048
-0.211	-0.5938	0.3844	0.007794640439406676	0.0068923052161256075	-0.0009581857593448868	1.02196741	59.93286514	0.99796513	0.23465702911834777	0.0321466	0.00033
-0.2153	-0.6647	0.3552	0.008093091741497705	0.006949901081441421	-0.0009634217471008699	0.97542596	57.20345688	0.97248189	0.12246415775814123	0.0341126	0.00072
-0.1996	-0.4907	0.4963	0.007431611954991856	0.006675884388878311	-0.0011431906600562858	1.1989764	70.31348419	1.11986451	0.38656326960121873	0.0364318	0.00079
-0.1911	-0.471	0.522	0.007663740745507101	0.006660176425610361	-0.0010838494654884787	0.96833539	56.7876358	0.96522616	0.06925889741755017	0.0372603	0.00109
-0.195	-0.6397	0.4422	0.008012806595905968	0.006632251157578452	-0.0010210176124166828	1.0727706	62.9121933	1.03376448	0.2743911485751287	0.0371094	0.00155
-0.196	-0.6551	0.3573	0.007988371986378046	0.006592108584782582	-0.0010314895879286487	1.00612307	59.00367737	0.99128863	0.1050524578917878	0.0329234	0.00086
-0.1962	-0.5452	0.4311	0.007670722062515079	0.006796312107265919	-0.0008569566627292158	1.05937219	62.12644958	1.02264437	0.21871931857728688	0.033069	0.00068
-0.1993	-0.4307	0.4925	0.007562511648891429	0.006775368156241988	-0.000890117918517108	1.0074662	59.08244705	0.99296675	0.18711578102177365	0.0351998	0.00078
-0.2057	-0.569	0.4746	0.0074787358447957015	0.006625269840570476	-0.0010995574287564276	1.01456332	59.49865341	0.99557604	0.18476568150032785	0.0374935	0.00135
-0.2004	-0.634	0.4185	0.007955210730590153	0.00648215284190694	-0.0011676252695842063	1.00019479	58.65601349	0.98404909	0.1607829862642884	0.0360202	0.00129
-0.2111	-0.5981	0.5012	0.00807912910748175	0.006326818538479445	-0.0014119713648634124	1.00530744	58.95584488	0.99422841	0.15547993877991495	0.039667	0.00233
-0.1861	-0.4699	0.5659	0.008271115325201127	0.006921975813409511	-0.000445058959258554	1.07323551	62.93945694	1.035171	0.3056027949127151	0.0431364	0.00267
-0.167	-0.57	0.5252	0.00884358331985527	0.006871361265101675	-7.330382858376184e-05	1.02857411	60.32030869	1.00555853	0.2096418836818384	0.043142	0.00314
-0.1741	-0.6907	0.4796	0.009274679645097867	0.00680852941202988	-0.0002251474735072685	1.01166177	59.32849503	0.99166883	0.205688591161895	0.0436953	0.00413
-0.1872	-0.659	0.4437	0.009040805525330627	0.0069865529957333005	-0.00012217304763960306	0.96990597	56.87974167	0.96820144	0.10644360646691628	0.0413159	0.00223
-0.1658	-0.5644	0.5521	0.00882438469808333	0.006979571678725324	-3.839724354387525e-05	1.07279027	62.91334534	1.03417154	0.23975889741755013	0.0441377	0.00328
-0.1462	-0.5537	0.5212	0.009353219461437613	0.006822492046045835	0.0002007128639793479	0.95514435	56.01404953	0.95682361	0.10745122517784982	0.0424492	0.00274
-0.1355	-0.6486	0.4653	0.00951728041112508	0.006384414403795257	0.00019024088846738194	0.98354244	57.67944717	0.97333326	0.19213052837250047	0.0423637	0.00332
-0.116	-0.6625	0.3863	0.009499827118605135	0.005944591432292687	0.00027925268031909274	0.99959981	58.62112427	0.98298172	0.1397144027937113	0.0382199	0.00221
-0.1084	-0.6443	0.4816	0.009613273519984766	0.005766567848589266	0.0002251474735072685	1.02892005	60.34059906	1.01119629	0.1383787595947438	0.0423305	0.00398
-0.126	-0.537	0.5458	0.009653416092780637	0.0062238441126117785	0.00021642082724729686	1.0142349	59.47939301	0.99934198	0.2144072741539177	0.0442614	0.00367
-0.1329	-0.5517	0.4567	0.009587093581204851	0.005925392810520749	-6.981317007977319e-05	1.01865494	59.73860168	1.00478493	0.14325039054969413	0.0370332	0.00156
-0.1402	-0.6	0.4493	0.008946557745722932	0.005867796945204936	-0.0005148721293383271	0.9692117	56.83902359	0.96311475	0.12015953300281434	0.0358056	0.00141
