trans_x	trans_y	trans_z	rot_x	rot_y	rot_z	dvars_std	dvars_nstd	dvars_vstd	framewise_displacement	aqi	aor
0.0	-0.0	0.0	-0.0	0.0	-0.0	n/a	n/a	n/a	n/a	0.0273942	0.00777
0.002	-0.0296	-0.02	0.00022689280275926284	-1.3962634015954635e-05	7.330382858376184e-05	0.97105742	52.50849915	0.97004482	0.06730796326794897	0.0268117	0.00558
-0.0006	0.0305	-0.0314	0.0003630284844148205	-0.00023387411976724014	0.00022689280275926284	0.94119179	50.89356232	0.95163769	0.0995818070791172	0.0273157	0.00525
-0.0248	0.103	0.0064	-0.0005288347633542819	-0.0005899212871740833	-0.0006440264939859076	1.00732362	54.46953964	1.00447906	0.24044148559605583	0.0312921	0.00882
-0.0355	0.057	-0.0082	-0.0003630284844148205	-0.0005794493116621174	-0.0010803588069844899	0.97827351	52.89870071	0.97890816	0.10193052837250044	0.0320574	0.00898
-0.0335	-0.0456	-0.0629	-8.726646259971648e-06	-0.0004886921905584122	-0.0007190756518216638	1.02797854	55.5864296	1.01012147	0.19961710572106897	0.0307359	0.00629
-0.0332	-0.0574	-0.0781	0.00012042771838760874	-0.0006876597252857658	-0.0007400196028455958	0.9193514	49.71257401	0.93563621	0.0447532925199433	0.0312185	0.00646
-0.0289	-0.0013	-0.055	0.00011170107212763708	-0.0007417649320975902	-0.0007644542123735164	0.97138959	52.52646255	0.96822881	0.08786332312998582	0.0313416	0.00667
-0.0238	0.0644	-0.017	0.000582939970166106	-0.0006736970912698113	-0.0006492624817418905	0.98377901	53.1964035	0.98035469	0.14152492347489368	0.0304861	0.00654
-0.0179	0.0195	0.0117	0.0010314895879286487	-0.0008342673824532895	-0.0007714355293814937	0.97424847	52.68105316	0.97518652	0.11606464782928122	0.0299885	0.0056
-0.0172	-0.093	-0.0218	0.0009930923443847736	-0.0008726646259971648	-0.0004956735075663896	1.04685521	56.60715485	1.0247537	0.1643278254451427	0.0286806	0.00432
-0.0131	-0.0821	-0.0428	0.0008866272600131194	-0.0009180431865490173	-5.93411945678072e-05	0.93751508	50.69474792	0.95091986	0.06540879789610445	0.0273702	0.00342
-0.0064	0.0136	-0.0186	0.0007679448708775049	-0.0010053096491487337	0.0001308996938995747	0.97570264	52.75968552	0.97868845	0.14640948701013565	0.0269307	0.00352
-0.0013	0.0741	0.019	0.00024085543677521747	-0.0012199851471440364	9.250245035569947e-05	0.96523178	52.19348907	0.96663579	0.14220810878207324	0.027773	0.00418
0.0075	-0.0046	-0.0011	0.0005550147021341969	-0.0011693705988362008	0.000450294947014537	0.97818744	52.89404678	0.97510419	0.14372831551628262	0.0252245	0.00261
0.0013	-0.0704	-0.0396	-0.00018151424220741024	-0.0010559241974565693	0.00021467549799530252	1.00110614	54.13334274	0.99451167	0.16477973973702364	0.0270148	0.00331
-0.0035	-0.0229	-0.0683	-0.00023911010752322313	-0.00102799892942466	2.792526803190927e-05	0.93643868	50.63654327	0.9486745	0.09461356816555577	0.0282641	0.00433
0.0027	0.0784	-0.0197	-1.9198621771937625e-05	-0.0010332349171806431	0.00026354471705114377	1.01750958	55.02033234	1.00568576	0.17913834612632515	0.0277576	0.00452
0.0021	0.0499	-0.0071	0.00041015237421866745	-0.0012112585008840647	0.0002478367537831948	0.93098134	50.34144592	0.94287995	0.07285412714809879	0.0270553	0.00352
0.0096	-0.0501	-0.0231	0.0007470009198535729	-0.001228711793404008	0.0004799655442984406	0.96308446	52.0773735	0.96818417	0.15282153143350474	0.0249466	0.00222
0.0185	-0.0675	-0.0134	0.0009616764178488756	-0.0013578661580515882	0.0006754424205218055	0.93307298	50.45454788	0.94514816	0.06296533694331238	0.0241798	0.00186
0.0251	-0.0161	0.0092	0.0010157816246606998	-0.0014329153158873448	0.0007557275661135446	0.95437211	51.60626602	0.95409848	0.091071975511966	0.0241767	0.00192
0.0315	0.0305	0.0358	0.001420698011123384	-0.0017191493132144146	0.0010192722831646884	0.97074091	52.49138641	0.96669285	0.1273347550420449	0.0242003	0.00188
0.0385	-0.0589	0.0333	0.0017435839227423352	-0.0017610372152622785	0.0011641346110802177	0.95860767	51.83530045	0.96001154	0.12438180707911722	0.0228447	0.00125
0.0462	-0.121	0.0225	0.0017226399717184032	-0.0018186330805780916	0.0014259339988793671	0.96094418	51.96164322	0.96787025	0.09761696020694474	0.0219095	0.00108
0.0412	-0.1025	0.0058	0.001556833692778942	-0.0016615534478986017	0.0014259339988793671	0.94403696	51.04740906	0.95011184	0.05634429558094756	0.0216696	0.00102
0.0366	-0.0086	0.0378	0.0014556045961632708	-0.001541125729510993	0.0014870205226991688	1.01215863	54.73099136	0.99600678	0.14463716694115403	0.0216703	0.00123
0.0401	-0.0023	0.0475	0.0020472712125893483	-0.0015132004614790836	0.001403244718603441	0.93922561	50.78724289	0.94978991	0.05466838442768574	0.0228375	0.00111
0.0481	-0.0923	0.0147	0.001748819910498318	-0.0014137166941154068	0.001785471824790199	0.96625072	52.24858475	0.96792585	0.16980810878207325	0.0199768	0.00061
0.0488	-0.0833	0.0026	0.001329940890019679	-0.0015306537539990272	0.002040289895581371	0.93093568	50.33897781	0.94342046	0.06133170755767156	0.0194978	0.00068
0.051	-0.0591	0.0245	0.0007120943348136865	-0.001481784534943186	0.002040289895581371	0.98653954	53.34567261	0.98693717	0.08163578871309168	0.0195891	0.0009
0.037	-0.0194	0.0157	-0.000317649923862968	-0.001635373509118687	0.0014189526818713899	1.03664577	56.05509186	1.02752863	0.15273352232810683	0.0219389	0.00157
0.0407	0.0008	0.0035	0.00023212879051524583	-0.0015323990832510211	0.0016004669240788003	0.97471803	52.70644379	0.9713045	0.0778133691226645	0.0212412	0.00128
0.0357	0.0532	0.0307	0.0006859143960337716	-0.001452113937659282	0.0016336281798666925	0.99162394	53.62060547	0.98251011	0.11296160034490783	0.0218629	0.00134
0.0285	-0.0183	0.0308	0.0014852751934471744	-0.001350884841043611	0.001778490507782222	0.97446138	52.69256592	0.97320646	0.13107261109723015	0.0203928	0.00079
0.0299	-0.1158	0.0076	0.0010384709049366262	-0.0013788101090755204	0.001843067690106012	1.00363028	54.26983261	0.99321341	0.14906533694331237	0.0194982	0.00061
0.0213	-0.1307	0.0013	0.0003193952531149623	-0.0011850785621041497	0.0016982053621904826	0.98666328	53.35236359	0.97452197	0.08268347633542819	0.0202335	0.00089
0.0152	-0.0645	0.0179	0.00039793506945470715	-0.001064650843716541	0.0016196655458507376	1.00150311	54.15480423	0.98427131	0.10277536755335492	0.0205424	0.00089
0.0205	-0.0063	0.027	0.0006108652381980154	-0.0009616764178488756	0.0019460421159736775	1.0009191	54.12322617	0.98684213	0.10471405823669568	0.0198561	0.00077
0.0313	-0.0642	0.0145	0.0011850785621041497	-0.0010157816246606998	0.0023422318561763904	0.9971652	53.92024231	0.98674017	0.13242541354603354	0.0181241	0.00045
0.0257	-0.1114	-0.0262	0.0011152653920243766	-0.0012583823906879114	0.0021851522234969008	0.99384028	53.74045181	0.98701738	0.11697467843932371	0.0191286	0.00052
0.0197	-0.0503	-0.0316	0.0010943214410004448	-0.0015079644737231008	0.002103121748653167	0.95737278	51.76852417	0.96231599	0.09012782544514275	0.0198776	0.00059
0.0266	0.0282	0.0322	0.0010384709049366262	-0.0015254177662430443	0.0021327923459370708	1.02440453	55.3931694	1.00744299	0.15434872129338323	0.02027	0.00068
0.0236	-0.0129	0.0414	0.0013840460968315032	-0.0014224433403753785	0.0022113321622768156	0.94800764	51.26211929	0.95235907	0.0796544717051144	0.0189684	0.00043
0.0224	-0.1019	0.0127	0.0013212142437597075	-0.0014346606451393388	0.002134537675189065	0.96592909	52.23119354	0.9646115	0.1264921822461753	0.0187751	0.00032
0.0239	-0.0742	0.0052	0.0010314895879286487	-0.001265363707695889	0.0023352505391684127	0.95427066	51.60078049	0.95754825	0.06968672286269283	0.0184156	0.00048
0.0253	0.0014	0.0763	0.0009197885158010115	-0.001382300767579509	0.002361430477948328	1.04920828	56.73439407	1.02241684	0.16084090353955863	0.0192112	0.00053
0.0256	-0.041	0.0968	0.002134537675189065	-0.0015446163880149814	0.0022706733568446224	1.01266575	54.75840759	0.9993569	0.13659109504636155	0.0198634	0.00043
0.0368	-0.1651	0.0782	0.0026668630970473357	-0.0013631021458075715	0.0028221974004748306	1.02330327	55.33361816	1.00659106	0.21716818538479443	0.0186869	0.0003
0.031	-0.1589	0.059	0.002663372438543347	-0.001403244718603441	0.0029914943379182805	0.97676003	52.8168602	0.96962993	0.041846508437165406	0.0183102	0.00029
0.0225	-0.0795	0.0711	0.0021327923459370708	-0.001424188669627373	0.0027349309378751144	1.00625503	54.41175842	0.99089443	0.1404043721836687	0.0180182	0.00034
0.0266	-0.0516	0.0762	0.002490584842595908	-0.001429424657383356	0.0029949849964222694	0.94606853	51.15726471	0.94923435	0.06825412714809878	0.01839	0.00031
0.0416	-0.1412	0.0486	0.0027680921936630064	-0.00147131255943122	0.0032602750427254074	0.97864056	52.91854858	0.97266077	0.161434264970905	0.0175375	0.00015
0.0428	-0.1564	0.0218	0.0030560715202420713	-0.0014887658519511632	0.0035534903570604553	0.95843202	51.82580185	0.95978764	0.07313239667170282	0.0174448	0.00021
0.0405	-0.1007	0.0234	0.0026022859147235454	-0.001567305668290908	0.003701843343479973	0.97778809	52.87245178	0.96987661	0.09363392041388945	0.0163208	0.00014
0.0424	-0.0031	0.0668	0.0027157323161031764	-0.001668534764906579	0.003712315318991939	1.01009369	54.61932755	0.99158448	0.15415737367536336	0.0176786	0.00026
0.0439	-0.091	0.0624	0.003160791275361731	-0.0017505652397503124	0.0037384952577718534	0.96549898	52.20793533	0.96385632	0.1214634686441101	0.0176311	0.00015
0.0385	-0.1567	0.0282	0.003014183618194207	-0.0015707963267948967	0.0036669367584400863	0.97604942	52.77843475	0.96938607	0.12519675347273534	0.0170842	0.00018
0.0263	-0.1113	0.0401	0.0021118483949131386	-0.0016336281798666925	0.0034068826998929313	0.97887337	52.93113708	0.97437736	0.13076105674500096	0.0165579	0.00019
0.028	-0.0484	0.1038	0.0021170843826691216	-0.0018186330805780916	0.0031956978604016175	1.01522577	54.89683914	0.99629409	0.1483712863979348	0.0182834	0.00026
0.0317	-0.095	0.0925	0.002806489437206882	-0.001933824811209717	0.0031956978604016175	0.97228646	52.5749588	0.97131722	0.10182983925846928	0.0183665	0.0002
0.0435	-0.177	0.0489	0.002981022362406315	-0.001843067690106012	0.003841469683639519	0.99463338	53.78333664	0.98344724	0.18295309347705196	0.0167687	0.00012
0.0448	-0.1447	0.0458	0.0032637657012293962	-0.002049016541841343	0.00399505865781502	0.95804596	51.80492401	0.95401721	0.06881405823669565	0.0171456	0.00011
0.0451	-0.0758	0.0908	0.0035918876006043304	-0.002165953601724963	0.004029965242854907	0.99990857	54.06858444	0.98486525	0.1381982772149221	0.0184694	0.00023
0.047	-0.076	0.1126	0.004543092042941239	-0.0023282692221604354	0.0038746309394274117	0.98303229	53.15602493	0.97922055	0.08734271830999382	0.021524	0.00058
0.0625	-0.1757	0.0802	0.0038065630985996326	-0.002469640891571976	0.004279547325890096	1.00583565	54.38908386	0.99280551	0.2117408500107916	0.0185633	0.0001
0.0649	-0.1722	0.0527	0.0041277036809665895	-0.002541199390903744	0.00447851486061745	0.94430453	51.0618782	0.9499443	0.06298333082130395	0.0185722	0.00014
0.0566	-0.1284	0.0716	0.004080579791162742	-0.0027296949501191318	0.004110250388446646	0.96193397	52.01516342	0.96230085	0.10119419605950196	0.019464	0.00017
0.0514	-0.0734	0.1325	0.003925245487735247	-0.0027192229746071652	0.0038606683054114572	0.97742343	52.85273361	0.97382782	0.1418694180987325	0.0206777	0.00029
0.0524	-0.1306	0.1142	0.004419173666049642	-0.0026895523773232616	0.0038432150128915135	0.96004838	51.91320419	0.96236072	0.10355260340591212	0.0212839	0.00029
0.0531	-0.1687	0.0776	0.004218460802070294	-0.0025028021473598684	0.0040561451816348215	0.97503221	52.72343063	0.9748663	0.10541966313430244	0.0197079	0.00018
0.0614	-0.1667	0.0832	0.0035622170033204267	-0.002748893571891069	0.004312708581677988	1.00415719	54.29832077	0.99639957	0.07384493116621171	0.0187424	0.00023
0.0659	-0.1406	0.0515	0.004314453910929983	-0.0028152160834668534	0.0043266712156939426	0.98336792	53.17417145	0.98420031	0.10392610266006475	0.0190844	0.0002
0.0572	-0.1179	0.0542	0.0042271874483302664	-0.0028221974004748306	0.00404741853537485	0.95628279	51.70958328	0.95829013	0.052775022996339294	0.0195939	0.00018
0.0597	-0.0362	0.0968	0.0045553093477052	-0.0029530970943744054	0.004092797095926702	1.0110209	54.66946793	0.99338892	0.152020007691318	0.0214896	0.00043
0.0573	-0.1049	0.0667	0.004434881629317591	-0.002925171826342496	0.0041329396687225725	0.96929449	52.41317368	0.9669611	0.11062477796076949	0.0203032	0.00021
0.0607	-0.2108	0.0449	0.0041661009245104645	-0.002892010570554604	0.004312708581677988	0.99520016	53.81398392	0.98610263	0.1551855436775217	0.0193567	0.00014
0.0619	-0.1865	0.0358	0.004148647631990522	-0.002949606435870417	0.004256858045614169	0.93651056	50.64043045	0.94503474	0.04114498469497873	0.0191379	0.00019
0.0463	-0.112	0.0379	0.003855432317655474	-0.00294262511886244	0.003871140280923423	0.96962613	52.43110657	0.96685304	0.12649571980168853	0.0193297	0.00015
0.0405	-0.0473	0.0745	0.003913028182971286	-0.0027838001569309555	0.003707079331235956	0.99893343	54.01585388	0.98064736	0.12612408884673815	0.020795	0.00032
0.0444	-0.1133	0.0714	0.00416435559525847	-0.0026965336943312393	0.00376118453804778	0.95894182	51.85336685	0.95917938	0.09263495408493619	0.0207661	0.00033
0.053	-0.1665	0.0361	0.003864158963915446	-0.0025865779514555962	0.004038691889114879	0.96312577	52.07960892	0.96435401	0.1314829862642883	0.018906	0.00016
0.0501	-0.158	0.0244	0.0033981560536329595	-0.0025202554398798117	0.003932226804743224	0.94913244	51.32294083	0.95377124	0.05503952531149629	0.0175773	0.00015
0.0542	-0.0983	0.0581	0.003419100004656891	-0.002583087292951608	0.0041277036809665895	0.98932201	53.4961319	0.98262437	0.11146263401595465	0.0175694	0.00012
0.0478	-0.0471	0.1018	0.00409977841293468	-0.0026284658535034606	0.0039235001584832525	0.99645501	53.88183975	0.98399618	0.1478130245656489	0.0202865	0.00024
0.054	-0.1271	0.0959	0.0044628068973495	-0.002537708732399755	0.004064871827894794	0.9494381	51.33946609	0.95555067	0.12185786374650336	0.0200468	0.00018
0.0644	-0.1928	0.0871	0.004611159883769018	-0.002698279023583233	0.004328416544945937	0.93723083	50.67937851	0.94478433	0.11352339973270698	0.0201964	0.00019
0.0659	-0.1788	0.0879	0.004206243497306334	-0.0029688050576423546	0.00437379510549779	0.94821244	51.27319336	0.95298873	0.05234104905368293	0.0195647	0.00017
0.0531	-0.0933	0.1171	0.003419100004656891	-0.0030665434957540365	0.003907792195215304	1.01629937	54.95489502	0.99893308	0.19504424205218052	0.019574	0.00016
0.0493	-0.0691	0.1164	0.0028728119487826664	-0.002963569069886372	0.0033021629447732717	0.97696096	52.82772446	0.97401882	0.09144458660919608	0.019883	0.00018
0.0624	-0.1528	0.0829	0.0036145768808802567	-0.003026400922958167	0.0036180675393842456	0.98927003	53.49332047	0.98219449	0.186325068989018	0.0200844	0.00014
0.0474	-0.1863	0.0681	0.0034033920413889425	-0.0028675759610266834	0.0032916909692613052	0.95479274	51.62901306	0.95619703	0.09811931857728691	0.0200694	0.0002
0.0426	-0.1493	0.0932	0.002806489437206882	-0.0029478611066184224	0.0031852258848896514	0.96936393	52.41692734	0.96936159	0.10608264170727268	0.0200507	0.00024
0.0466	-0.0575	0.1312	0.00318871654339364	-0.0030316369107141502	0.00322885911618951	1.01513267	54.89180374	0.99733721	0.15928180707911718	0.0210792	0.00031
0.0523	-0.099	0.122	0.003577924966588375	-0.0030490902032340936	0.0031799898971336684	0.92368573	49.94694519	0.93750878	0.079176546738526	0.0214326	0.00029
0.0586	-0.1769	0.0847	0.0037227872945039047	-0.002993239667170275	0.003577924966588375	0.96212769	52.02563858	0.96143785	0.15143239667170275	0.0201521	0.00015
0.0595	-0.1798	0.0689	0.0033545228223331013	-0.00314857397059777	0.003637266161156183	0.92630684	50.08868027	0.94145047	0.04874699850830529	0.0195134	0.0001
0.0536	-0.1365	0.1046	0.0031922072018976287	-0.0031730085801256907	0.0033946653951289706	0.98741883	53.39321899	0.97732431	0.10636754979953024	0.0201252	0.00018
0.0488	-0.0906	0.134	0.003703588672731967	-0.003237585762449481	0.0032498030672134413	0.99129277	53.60269928	0.97875161	0.11614104905368292	0.0230474	0.00039
0.0597	-0.1708	0.1038	0.0036198128686362394	-0.0031084313978019013	0.0035499996985564664	0.96242177	52.04154205	0.96357495	0.14695634000431662	0.0203695	0.00017
0.0653	-0.1993	0.0847	0.0031223940318178558	-0.0029408797896104456	0.003824016391119576	0.93006867	50.29209518	0.93942246	0.10014935687864741	0.0186636	0.00012
0.068	-0.1964	0.0788	0.003269001688985379	-0.003003711642682241	0.003895574890451344	0.95221531	51.4896431	0.95603525	0.025549900478554335	0.0188673	0.00013
0.0635	-0.1226	0.128	0.0028605946440187057	-0.0030927234345339517	0.0036651914291880917	1.0004853	54.09976959	0.98820147	0.1638901149040818	0.0188975	0.00015
0.0576	-0.1101	0.1319	0.0029880036794142917	-0.0030578168494940655	0.0036250488563922224	0.92434245	49.98245621	0.93573946	0.03242290966156706	0.0192409	0.00018
0.0656	-0.1718	0.1036	0.0029112091923265415	-0.0027628562059070234	0.0037995817815916558	0.95252097	51.50616837	0.95412664	0.12531440279371128	0.0176988	0.0001
0.0775	-0.2021	0.0874	0.002469640891571976	-0.0027436575841350863	0.004148647631990522	0.95884091	51.84791183	0.9579371	0.0988916386462684	0.0161008	7e-05
0.0837	-0.1493	0.0836	0.0026127578902355115	-0.0029688050576423546	0.0042935099599060505	0.95951861	51.88455582	0.95552623	0.08845634000431665	0.0161263	8e-05
0.0808	-0.0813	0.1281	0.002933898472602468	-0.00322885911618951	0.004195771521794368	1.00790679	54.50107574	0.9881251	0.1493466539512897	0.0181907	0.00014
0.0701	-0.1306	0.1298	0.003426081321664869	-0.002963569069886372	0.003925245487735247	0.9563548	51.71347809	0.96216111	0.113099946471233	0.0195645	0.00017
0.073	-0.2452	0.0927	0.003682644721708035	-0.0027157323161031764	0.004221951460574283	1.01002753	54.61575317	0.99485805	0.1946553063332699	0.0191829	0.00021
0.0724	-0.2185	0.063	0.0036477381366681488	-0.003005456971934235	0.00434586983746588	0.96745932	52.31393814	0.96913418	0.07942748088812705	0.0185589	0.00014
0.0684	-0.1225	0.105	0.003186971214141646	-0.0030874874467779687	0.004143411644234539	1.02121294	55.22058868	1.00634075	0.17926277953007888	0.0181115	8e-05
0.0706	-0.102	0.144	0.003420845333908886	-0.003199188518905606	0.004029965242854907	0.96193582	52.0152626	0.9596975	0.08465107966372543	0.0198629	0.00017
0.0834	-0.1906	0.1113	0.003939208121751202	-0.0030927234345339517	0.004344124508213886	0.97807634	52.88803864	0.97340227	0.18104935687864743	0.0197092	0.00016
0.0744	-0.2116	0.0807	0.003902556207459321	-0.003033382239966145	0.004447098934081553	0.94978774	51.35837555	0.95475604	0.0705483767363677	0.0190781	0.00013
0.0812	-0.1495	0.0817	0.0032567843842214186	-0.0030595621787460597	0.004722860955896656	1.00545168	54.36831665	0.99415218	0.11728568919164604	0.0170525	0.0001
0.0768	-0.0736	0.1249	0.002958333082130389	-0.003068288825006031	0.004577998627981126	1.01811707	55.05318069	0.99892378	0.14610201381332655	0.0173693	0.00012
0.082	-0.1076	0.0942	0.003480186528476693	-0.0026790804018112955	0.004633849164044945	0.9606815	51.94743729	0.95959041	0.11824562028024292	0.0168982	0.0001
0.0821	-0.1946	0.0698	0.003605850234620285	-0.0025883232807075904	0.0047577675409365425	0.99860239	53.99795532	0.98347773	0.12851696020694472	0.0170905	0.0001
0.0855	-0.161	0.0973	0.0032916909692613052	-0.00285012266850674	0.0046809730538487915	0.98485565	53.2546196	0.97757417	0.09713765701229399	0.0172184	0.00011
0.0791	-0.1026	0.1154	0.0030176742766981957	-0.002928662484846485	0.004344124508213886	0.98946297	53.50375366	0.98366221	0.117370252726888	0.017382	0.00016
0.0849	-0.18	0.0878	0.0032602750427254074	-0.002766346864411012	0.004682718383100785	1.0075016	54.47916412	0.99601949	0.14797551306747916	0.0166346	8e-05
0.0785	-0.1978	0.0647	0.0028571039855147177	-0.002698279023583233	0.004920083161372014	0.98067832	53.02873611	0.97417343	0.08273018381548491	0.0163371	0.00013
0.0833	-0.1712	0.0983	0.002385865087476248	-0.002885029253546627	0.005113814708343385	1.03931713	56.19954681	1.03146641	0.10758603374866176	0.0159646	0.00011
0.0765	-0.0956	0.1192	0.003078760800517997	-0.003110176727053895	0.004768239516448508	1.0459913	56.56044006	1.03056497	0.16648091892219471	0.017676	0.00012
0.0718	-0.0885	0.1393	0.003495894491744642	-0.0031852258848896514	0.004408701690537677	0.97608542	52.78038406	0.97402351	0.07448603374866161	0.0194429	0.00017
0.0779	-0.1824	0.1119	0.003979350694547071	-0.003242821750205464	0.0046251225177849735	0.99352717	53.72351837	0.98572315	0.16527364476827697	0.0194082	0.00017
0.0768	-0.2306	0.0765	0.003940953451003196	-0.0031468286413457764	0.0049183378321200205	0.94486582	51.09222794	0.95257787	0.10608028333693048	0.0189498	0.00017
0.0792	-0.2033	0.0959	0.0037262779530078936	-0.003373721444105039	0.004996877648459765	0.96655029	52.26478577	0.96802664	0.0751054058547155	0.0190206	0.00023
0.076	-0.1287	0.1476	0.003635520831904189	-0.003600614246864302	0.004628613176288962	1.01389682	54.82497787	0.99659069	0.16379571980168856	0.0210336	0.00045
0.0729	-0.1839	0.1177	0.0032061698359135836	-0.0038030724400956446	0.004024729255098924	0.98555475	53.29242325	0.97745995	0.14998465552059928	0.0209136	0.00023
0.0791	-0.2165	0.0853	0.003593632929856324	-0.00386590429316744	0.004207988826558329	0.96381015	52.1166153	0.96585132	0.102877725923697	0.021237	0.0003
0.0753	-0.2037	0.0881	0.0032882003107573173	-0.003900810878207326	0.0042987459476620336	0.97946286	52.9630127	0.97327328	0.040954816262129885	0.020075	0.00015
0.0605	-0.1175	0.1227	0.00277332818141899	-0.0038397243543875246	0.003956661414271145	1.02833223	55.60555267	1.00476686	0.18150215932745087	0.0198548	0.00024
0.0647	-0.1432	0.1216	0.0030368728984701333	-0.0038222710618675813	0.003925245487735247	0.95854247	51.83177185	0.95689522	0.04662069680534925	0.0199414	0.00016
0.0673	-0.1943	0.0893	0.0031852258848896514	-0.0036337755026521943	0.00399505865781502	0.9682886	52.35877991	0.96310119	0.10633308578573387	0.0193612	0.00012
0.0764	-0.1928	0.0777	0.0029321531433504737	-0.0038449603421435077	0.004180063558526419	0.96865839	52.37877655	0.96195397	0.054663124087094526	0.0194277	0.0001
0.0712	-0.1372	0.1112	0.002811725424962865	-0.004146902302738527	0.003796091123087667	0.99785286	53.95742416	0.98462327	0.134617105721069	0.0198807	0.00016
0.0691	-0.1272	0.1285	0.0028012534494508993	-0.004225442119078272	0.003712315318991939	0.93970317	50.81306458	0.94700878	0.03803937979737192	0.020481	0.00012
0.0783	-0.2141	0.1131	0.0027104963283471934	-0.004117231705454623	0.003940953451003196	0.97368741	52.65071487	0.96973802	0.13288028333693058	0.0201584	0.00015
0.0767	-0.2342	0.1058	0.0025045474766118626	-0.003925245487735247	0.004146902302738527	0.94924355	51.32894897	0.95000131	0.059194196059501866	0.019571	0.00011
0.0756	-0.184	0.1269	0.0024399702942880727	-0.0040334559013588955	0.004118977034706617	0.97113657	52.51277924	0.96884027	0.08243564319896739	0.0188606	0.00012
0.0715	-0.1327	0.1476	0.0024836035255879313	-0.004038691889114879	0.003925245487735247	0.95300794	51.53250122	0.95709844	0.08823003830136054	0.0195689	0.00015
0.0826	-0.1848	0.1417	0.002750638901143063	-0.003981096023799066	0.004131194339470578	0.92246717	49.88105392	0.93656107	0.09562900463031376	0.0196105	0.00015
0.088	-0.2173	0.1054	0.002754129559647052	-0.0037262779530078936	0.00447851486061745	0.93824196	50.73405457	0.94680545	0.10448146252210164	0.0182821	0.0001
0.0843	-0.2069	0.0867	0.002909463863074547	-0.003900810878207326	0.004534365396681268	0.94208145	50.94166946	0.94820059	0.05208588823453725	0.0184034	0.00013
0.0734	-0.1289	0.126	0.0025726153174396417	-0.004019493267342941	0.004162610266006475	1.00355911	54.26597977	0.98969505	0.16956430327226563	0.0191191	0.00019
0.0641	-0.1275	0.1304	0.0029077185338225527	-0.004118977034706617	0.0039287361462392355	0.94335473	51.01051712	0.94896278	0.04852305517569132	0.0206841	0.00022
0.0646	-0.1956	0.1078	0.0030962140930379405	-0.003956661414271145	0.003907792195215304	0.96206468	52.02223206	0.96565892	0.10978775653373953	0.0199993	0.0002
0.0618	-0.2199	0.0809	0.0032550390549694243	-0.003911282853719292	0.004021238596594935	0.95304453	51.53448105	0.95413252	0.06988249619314843	0.019706	0.0002
0.0629	-0.1943	0.0728	0.003043854215478111	-0.0038851029149393774	0.004040437218366873	0.96995765	52.44903183	0.9632116	0.04762817000215831	0.0188944	0.00012
0.0594	-0.1185	0.1148	0.0027384215963791032	-0.0037367499285198597	0.0038013271108436495	1.00624001	54.41094971	0.98926169	0.15594478565208747	0.0190681	0.00021
0.0572	-0.1255	0.1326	0.003043854215478111	-0.0037472219040318253	0.0036651914291880917	0.95112312	51.43058395	0.95470175	0.04960201381332656	0.0204718	0.00024
0.0667	-0.2081	0.0916	0.00314857397059777	-0.0037367499285198597	0.003937462792499207	0.98487866	53.25586319	0.97730007	0.152473154697137	0.0194203	0.00012
0.0662	-0.231	0.0699	0.002834414705238791	-0.0036896260387160127	0.004211479485062317	0.95876175	51.84363174	0.95971921	0.07686499238629683	0.0183311	0.00011
0.0658	-0.1572	0.101	0.0025289820861397836	-0.00401076662108297	0.0041661009245104645	0.99465609	53.78456497	0.9833763	0.13889758810089084	0.018001	0.0001
0.0612	-0.1264	0.1211	0.0028221974004748306	-0.003947934768011174	0.003981096023799066	0.94974816	51.3562355	0.95459182	0.08255260340591203	0.0202608	0.00012
0.065	-0.1762	0.1134	0.0029722957161463434	-0.0038135444156076103	0.004017747938090946	0.94002372	50.83039856	0.95121559	0.07735702911834783	0.0192629	0.00011
0.068	-0.2019	0.0805	0.002928662484846485	-0.003543018381548489	0.004214970143566306	0.93912822	50.78197479	0.94963046	0.08716907354171696	0.0181531	0.00012
0.0695	-0.1883	0.0533	0.0027314402793711255	-0.003556981015564444	0.004365068459237818	0.95267582	51.51454163	0.95408423	0.0603641577581413	0.01707	5e-05
0.0639	-0.1353	0.0932	0.0023492131731843676	-0.0038432150128915135	0.003996803987067014	0.99476522	53.79046631	0.98443394	0.15033627878423153	0.0176567	0.00011
0.056	-0.0985	0.1382	0.0024312436480281013	-0.003944444109507185	0.0035482543693044722	0.98906589	53.48228073	0.97831893	0.12129045946109732	0.0198775	0.00017
0.0711	-0.1471	0.1324	0.003008947630438224	-0.00400727596257898	0.003855432317655474	0.9684819	52.36923218	0.96570464	0.116885689191646	0.0203772	0.00016
0.0711	-0.2025	0.0835	0.003316125578789226	-0.0036983526849759846	0.004146902302738527	0.97481298	52.71157837	0.97239112	0.14967856055185252	0.0189167	0.00012
0.0698	-0.2068	0.0539	0.003110176727053895	-0.0037262779530078936	0.004256858045614169	0.95248276	51.50410461	0.95402515	0.052391493132144085	0.0182768	8e-05
0.066	-0.1584	0.0727	0.0022043508452688383	-0.0038833575856873836	0.004042182547618867	0.98304796	53.1568718	0.98067893	0.13487905062299244	0.0174058	0.00012
0.0604	-0.1244	0.1055	0.0025045474766118626	-0.0038781215979314006	0.003792600464583678	0.97222453	52.5716095	0.96885079	0.10015073510670983	0.0184556	0.0001
0.0628	-0.1726	0.1019	0.0028396506929947744	-0.0037262779530078936	0.0041277036809665895	0.96451885	52.15493774	0.9661411	0.09530250388446648	0.0191612	0.00014
0.0858	-0.2111	0.0745	0.0026110125609835172	-0.004258603374866164	0.00481710873550435	0.97890764	52.93299103	0.97513994	0.1614184304203644	0.0177355	9e-05
0.0913	-0.1793	0.0606	0.002178170906488923	-0.004417428336797647	0.005134758659367318	0.95420259	51.5970993	0.95912701	0.09666582701445232	0.0171283	8e-05
0.0857	-0.0734	0.0837	0.002530727415391778	-0.004523893421169302	0.004801400772236401	1.00648808	54.42436218	0.99639446	0.17421897402027137	0.0175011	0.0001
0.0902	-0.0718	0.1157	0.0027942721324429216	-0.0047856928089684515	0.0047246062851486505	0.9560563	51.6973381	0.95949881	0.06820692959690218	0.0191907	0.00023
0.0975	-0.1926	0.0795	0.0030508355324860886	-0.004667010419832838	0.004956735075663896	1.00301456	54.23653412	0.9894988	0.19466872898470128	0.0187167	0.00012
0.1106	-0.2402	0.0275	0.0027035150113392165	-0.004621631859280984	0.005424483315198376	0.96287131	52.0658493	0.9665529	0.1557223660616603	0.0180518	0.00022
0.1122	-0.1755	0.032	0.001932079481957723	-0.0051836278784231585	0.0053162729015747276	0.98875982	53.46573257	0.98366667	0.1428820981073658	0.0181456	0.00026
0.0928	-0.0936	0.1062	0.0010349802464326373	-0.005670574739729577	0.004324925886441949	1.0706979	57.89641571	1.04012363	0.29426965559821416	0.0204672	0.00045
0.0899	-0.1482	0.1096	0.0016999506914424768	-0.005890486225480862	0.004063126498642799	0.96716648	52.29810333	0.9704024	0.11823406592801367	0.0219135	0.00047
0.0946	-0.2167	0.05	0.0018256143975860688	-0.00540179403492245	0.004319689898685966	0.981866	53.09296036	0.97893436	0.17634596483725856	0.0195683	0.00027
0.0869	-0.1995	0.0379	0.0016982053621904826	-0.005199335841691108	0.004286528642898074	0.9268316	50.11705399	0.94074252	0.05515142422074103	0.0188263	0.00018
0.081	-0.1395	0.0575	0.001085594794740473	-0.0050736721355475155	0.004473278872861466	1.01673794	54.97860718	1.00535095	0.1317512251778497	0.0186894	0.00035
0.0714	-0.0971	0.0658	0.00124965574442794	-0.005120796025351363	0.0041661009245104645	1.03044212	55.71963882	1.01734449	0.0862181393921158	0.0202875	0.00028
0.0702	-0.0677	0.105	0.0008918632477691023	-0.005138249317871306	0.0040613811693908045	0.99188632	53.63479233	0.98761816	0.09379827721492205	0.0193714	0.0003
0.0745	-0.0993	0.1053	0.0008255407361933179	-0.005037020221255636	0.0039898226700590365	0.96057892	51.94189072	0.95971834	0.04815550537616113	0.0189286	0.00023
0.078	-0.1915	0.0607	0.0008813912722571365	-0.004825835381764321	0.004365068459237818	1.01326883	54.79102325	1.00153787	0.17241405823669567	0.0174134	0.00011
0.0732	-0.2185	0.0376	0.0008255407361933179	-0.004775220833456485	0.00463559449329694	0.94636768	51.17343903	0.95259805	0.07374955592153881	0.0171447	0.00021
0.0925	-0.1752	0.0413	0.0010122909661567112	-0.0051277773423593406	0.005330235535590682	0.95263392	51.5122757	0.9594575	0.1279973890579995	0.0165187	0.0002
0.0895	-0.1009	0.1126	0.0013578661580515882	-0.005218534463463045	0.005098106745075437	1.02349591	55.3440361	1.00761916	0.1820230551756913	0.0186016	0.0002
0.0925	-0.1784	0.0923	0.002022836603061428	-0.00514348530562729	0.0049462631001519295	0.9761548	52.78413391	0.97356727	0.14539316238845515	0.0184869	0.00023
0.0967	-0.2448	0.0478	0.0013945180723434693	-0.005049237526019596	0.005328490206338688	0.99774528	53.95160675	0.98732592	0.17033967082562057	0.0174104	0.00019
0.092	-0.1909	0.0421	0.0009302604913129776	-0.0053546701451186035	0.005318018230826722	0.98099548	53.04588699	0.97421878	0.10330810878207328	0.0170867	0.00024
0.0875	-0.0699	0.1179	0.0010681415022205296	-0.005375614096142535	0.0049672070511758626	1.10366321	59.67896652	1.06197074	0.22678180707911716	0.0188975	0.00021
0.075	-0.087	0.1145	0.0012322024519079964	-0.0050073496239717305	0.004429645641561609	0.97459555	52.69982147	0.9703442	0.08649434157362622	0.0177578	0.00012
0.0818	-0.1804	0.052	0.0011536626355682519	-0.00493055513688398	0.00476474885794452	1.00486672	54.336689	0.9908155	0.18722187599052031	0.0164974	0.00015
0.0791	-0.1892	0.0287	0.0012426744274199627	-0.0049183378321200205	0.004916592502868026	0.9636513	52.1080246	0.96063844	0.047453637076958814	0.0168713	0.0002
0.0802	-0.1171	0.0687	0.0015463617172669759	-0.005061454830783556	0.004766494187196514	1.0250783	55.42959976	1.00441316	0.143045130209103	0.0172752	0.00017
0.0767	-0.0778	0.1062	0.0018884462506578647	-0.004928809807631986	0.0045971972497530645	0.96632332	52.25251007	0.96861129	0.1125013246992954	0.0180529	0.00011
0.0936	-0.204	0.0674	0.0020263272615654165	-0.004794419455228423	0.005199335841691108	1.0067085	54.4362793	0.99294279	0.22562049776245785	0.0168359	0.0001
0.0909	-0.229	0.0405	0.001996656664281513	-0.004799655442984407	0.005440191278466324	0.93583047	50.60365677	0.94340922	0.06838810109075523	0.0169387	0.00014
0.0959	-0.1791	0.0642	0.0020001473227855013	-0.004956735075663896	0.005494296485278149	0.95781642	51.7925148	0.95971554	0.0893337748997651	0.0166013	0.0001
0.0924	-0.1081	0.123	0.0021886428820008896	-0.0051399946471233	0.0051173053668473745	1.00284791	54.2275238	0.99358925	0.17073731245527843	0.0181261	0.00012
0.0951	-0.1816	0.0967	0.002584832622203602	-0.004970697709679851	0.005202826500195096	0.96121991	51.97655106	0.96273237	0.1350503905496942	0.0179031	0.00014
0.0906	-0.2183	0.055	0.0026511551337793865	-0.004700171675620729	0.005379104754646523	0.95526952	51.65479279	0.96172949	0.10855634000431665	0.0183317	0.0001
0.0856	-0.1643	0.0405	0.002450442269800039	-0.004928809807631986	0.0052778756580308525	0.96167004	52.00089264	0.96786392	0.10002900463031376	0.0173376	0.00017
0.086	-0.0855	0.0959	0.0017453292519943296	-0.005033529562751646	0.005091125428067459	1.03443336	55.93546295	1.00941666	0.1844291501444381	0.0175835	0.00021
0.092	-0.1439	0.09	0.0016650441064025902	-0.004689699700108763	0.005098106745075437	0.97526377	52.73595428	0.97127286	0.09185481626213	0.0167885	0.00017
0.1014	-0.2101	0.0499	0.0017383479349863521	-0.004396484385773717	0.005602506898901799	0.99626815	53.87173462	0.98667356	0.1592459648372585	0.016517	9e-05
0.1021	-0.1952	0.0307	0.0018448130193580064	-0.004792674125976429	0.0057037359955174685	0.9783988	52.90547562	0.97651325	0.06499419605950181	0.0160615	0.00014
0.0931	-0.1051	0.0892	0.0014905111812031574	-0.0048956485518440946	0.005377359425394529	1.03225243	55.81753159	1.01665165	0.19678264170727272	0.0162776	0.00011
0.0767	-0.1926	0.0915	0.002633701841259443	-0.003778637830567723	0.004832816698772298	1.11928272	60.52356339	1.09452394	0.2464372053977444	0.0217492	0.00071
0.0962	-0.1181	0.0749	0.0015760323145508795	-0.003754203221039803	0.005508259119294104	1.09066141	58.97591019	1.06953972	0.19847732783791447	0.0152435	0.00016
0.1034	-0.158	0.103	0.0004136430327226561	-0.0038816122564353885	0.005794493116621174	1.13782275	61.52609253	1.10811576	0.15400161572754395	0.0155838	0.00033
0.0938	-0.13	0.1082	-0.00017453292519943296	-0.004258603374866164	0.005169665244407204	1.12720239	60.95181274	1.0940566	0.12229974742834172	0.0155393	0.00012
0.0804	-0.0931	0.1078	0.0003525565089028545	-0.004070107815650777	0.0046251225177849735	1.0279727	55.58610916	1.00900361	0.11370638599699524	0.0152457	0.0001
0.0853	-0.1635	0.0807	0.0005532693728822024	-0.004125958351714595	0.004509930787153347	0.99982333	54.06397629	0.98735878	0.12098775653373962	0.0158447	8e-05
0.1054	-0.1994	0.0592	0.0007173303225696694	-0.0046582837735728655	0.005152211951887261	0.96782219	52.33356094	0.96775997	0.14443337681398255	0.0159342	0.00011
0.0906	-0.1483	0.1018	0.0006108652381980154	-0.0049672070511758626	0.004801400772236401	0.98648739	53.34285355	0.98005405	0.14680997708127555	0.017442	0.00024
0.078	-0.1693	0.0634	0.0009093165402890458	-0.004904375198104066	0.004447098934081553	0.96950549	52.42458344	0.97160876	0.10777924966588376	0.0181731	0.00025
0.0918	-0.1689	0.058	0.0011885692206081383	-0.004488986836129415	0.005358160803622591	1.01232266	54.73985672	1.0009203	0.09988514559173912	0.0161998	0.0002
0.1076	-0.0734	0.0948	0.0010175269539126942	-0.004448844263333546	0.006017895260876448	1.09213233	59.05545044	1.05178733	0.19164596483725843	0.0154781	0.00017
0.11	-0.0097	0.1417	0.0011309733552923255	-0.0044628068973495	0.006134832320760068	1.01439488	54.85190964	0.99622205	0.12521730476396023	0.016988	0.00019
0.1162	-0.1446	0.1313	0.0006981317007977319	-0.0044593162388455124	0.006192428186075881	1.02645266	55.50391769	1.00025148	0.17619640891571972	0.0143229	7e-05
0.1152	-0.1875	0.1082	0.0006073745796940267	-0.0042987459476620336	0.0062116268078478195	0.93888342	50.76873779	0.94333761	0.08052630170295613	0.0140001	0.0001
0.1333	-0.1836	0.071	9.075712110370512e-05	-0.0039898226700590365	0.007340854833888149	1.01060367	54.64690781	0.9997877	0.1569384381116824	0.0127326	0.00013
0.1495	-0.1081	0.1036	-5.4105206811824215e-05	-0.00450294947014537	0.007532841051607526	1.04060674	56.26927567	1.0179911	0.166798767286062	0.0130656	7e-05
0.138	-0.0789	0.1689	0.00018151424220741024	-0.004550073359949217	0.006780604143997971	0.99770314	53.94932938	0.99131192	0.15774901232163183	0.0140598	7e-05
0.1246	-0.202	0.1154	-0.00021118483949131387	-0.0039235001584832525	0.006593853914034577	1.06905568	57.80761337	1.0295857	0.25030112565640406	0.0126006	0.0001
0.1313	-0.233	0.0853	-0.0007749261878854823	-0.004026474584350918	0.006836454680061789	0.96677154	52.27674866	0.96623103	0.11326582701445224	0.0125515	8e-05
0.1303	-0.1849	0.0774	-0.0001361356816555577	-0.003939208121751202	0.006904522520889568	0.95919943	51.86729813	0.96407096	0.09670624048287103	0.0121459	5e-05
0.1302	-0.0965	0.1284	0.00022165681500327985	-0.004036946559862884	0.006705554986162213	1.03539348	55.98738098	1.01268274	0.1722249234748937	0.0126047	9e-05
0.1284	-0.0849	0.1741	0.0006946410422937432	-0.004145156973486532	0.006462954220135002	0.98533988	53.28080368	0.97376784	0.10028977034706618	0.0143499	0.0001
0.1366	-0.1811	0.1252	0.001022762941668677	-0.004049163864626845	0.006969099703213358	1.00230396	54.19810867	0.98973751	0.19981302456564887	0.0129934	5e-05
0.1357	-0.1967	0.0778	0.001335176877775662	-0.0038467056713955023	0.007473499857039719	0.96403378	52.12870789	0.96432544	0.11486361415823448	0.0118048	2e-05
0.1515	-0.1474	0.1056	0.0017976891295541592	-0.004276056667386107	0.007579964941411373	0.98009205	52.99703598	0.97179442	0.14281641660703778	0.0131748	7e-05
0.1466	-0.0984	0.18	0.0017959438003021652	-0.004386012410261751	0.007148868616168773	1.04842758	56.69218063	1.01456396	0.15543986986851183	0.0155138	0.00019
0.1483	-0.1874	0.157	0.0021624629432209744	-0.004239404753094226	0.007073819458333017	0.99407095	53.75292206	0.98295155	0.1431087978961045	0.0154042	0.00013
0.1431	-0.2308	0.1151	0.0021956241990088664	-0.004129449010218584	0.007115707360380881	0.97112036	52.51190567	0.96781929	0.09975024503556992	0.0149245	5e-05
0.1361	-0.2091	0.0899	0.002054252529597326	-0.004124213022462601	0.006955137069197403	0.95283234	51.52300644	0.9535325	0.06925889741755008	0.0138151	0.0001
0.1337	-0.1745	0.0768	0.0017767451785302276	-0.003981096023799066	0.007134905982152819	0.96302271	52.07403564	0.96033448	0.08011966313430245	0.0129457	5e-05
0.1455	-0.1574	0.0926	0.0009983283321407565	-0.0035203291012725624	0.007764969842122772	1.01829755	55.0629425	1.01035629	0.13816238144429635	0.0121796	0.00018
0.1278	-0.1277	0.1058	0.00017976891295541595	-0.0045204027626653135	0.006831218692305806	1.06524515	57.6015625	1.04495144	0.19821921151975283	0.0140631	0.00014
0.1145	-0.0976	0.0903	0.0002530727415391778	-0.004433136300065597	0.006586872597026601	0.99935311	54.03854752	0.98681026	0.07914581932313415	0.0124936	9e-05
0.1065	-0.1821	0.0739	0.0004188790204786391	-0.003988077340807043	0.006827728033801816	1.01804185	55.04911423	1.00109127	0.1514860337486616	0.0131509	7e-05
0.1185	-0.1144	0.0973	0.0005462880558742252	-0.004202752838802345	0.006913249167149539	0.99202389	53.64223099	0.98408522	0.12448028333693056	0.0125978	7e-05
0.1376	-0.0678	0.177	0.0002670353755551324	-0.004534365396681268	0.006983062337229313	0.99674076	53.89728928	0.99052041	0.1794339204138895	0.0150474	0.00012
0.1311	-0.2081	0.1507	0.00018675022996339323	-0.004092797095926702	0.006513568768442837	1.02920985	55.65300751	1.01208206	0.22266735075663907	0.0135376	4e-05
0.1315	-0.2642	0.0842	0.0005393067388662478	-0.0038170350741115982	0.006932447788921477	0.98832923	53.44244766	0.98190678	0.17535987755982993	0.0132997	6e-05
0.1174	-0.2657	0.0634	0.0005218534463463045	-0.003673918075448063	0.006846926655573755	0.97334784	52.63235092	0.96736344	0.04870457122656005	0.0125954	8e-05
0.129	-0.1907	0.0863	0.0005881759579220891	-0.0040613811693908045	0.007183775201208661	1.02680278	55.52284622	1.00317395	0.1490317075576716	0.0122042	9e-05
0.1289	-0.0785	0.1564	0.0001361356816555577	-0.0039287361462392355	0.007059856824317063	1.06606257	57.6457634	1.02858349	0.2178301838154849	0.012596	6e-05
0.1301	-0.1504	0.1622	0.000307177948351002	-0.003998549316319009	0.006914994496401533	0.96931887	52.41448975	0.96613577	0.09818588823453736	0.0129532	5e-05
0.1309	-0.212	0.0945	0.0003106686068549907	-0.003918264170727269	0.0070354222147891434	0.98984253	53.52427673	0.98292889	0.1403101761241669	0.0117427	5e-05
0.1247	-0.2092	0.0657	0.0005619960191421741	-0.0038135444156076103	0.0072954762733362976	0.93513697	50.56615448	0.94539139	0.06860506129769982	0.0112395	4e-05
0.1389	-0.1233	0.1128	0.0004049163864626844	-0.004249876728606192	0.007358308126408092	1.00616121	54.40668869	0.99417816	0.18001218993749332	0.0116903	5e-05
0.1323	-0.0772	0.1769	0.0007452555906015787	-0.004312708581677988	0.0067701321684860045	1.00278211	54.22396851	0.98958935	0.16636735075663892	0.0137506	7e-05
0.1147	-0.1725	0.1135	0.0010402162341886204	-0.0039287361462392355	0.006443755598363065	1.01030314	54.6306572	0.99549772	0.22656548245743668	0.0123216	4e-05
0.1065	-0.2228	0.0533	0.00102799892942466	-0.003637266161156183	0.006564183316750673	0.96954167	52.42654037	0.9680967	0.13990575041173106	0.0118855	2e-05
0.1063	-0.1769	0.0562	0.001329940890019679	-0.0036477381366681488	0.006682865705886288	0.9485606	51.29201889	0.95020137	0.07055481626212998	0.0123112	4e-05
0.1125	-0.1078	0.1184	0.001541125729510993	-0.003820525732615587	0.006627015169822469	1.05432916	57.01129913	1.01909029	0.1594911485751286	0.013034	8e-05
0.1158	-0.1542	0.14	0.0016249015336067207	-0.003961897402027128	0.006572909963010645	0.9706549	52.4867363	0.96590742	0.0852626340159546	0.013956	8e-05
0.1219	-0.2247	0.0983	0.0019058995431778078	-0.003961897402027128	0.007021459580773188	0.9782576	52.89783859	0.97415094	0.1547773813666815	0.0134565	8e-05
0.1245	-0.2302	0.0762	0.001932079481957723	-0.003984586682303054	0.007394960040699974	0.96305186	52.07561111	0.9599434	0.05131848394913132	0.0130388	4e-05
0.1327	-0.1507	0.1355	0.0021153390534171274	-0.004206243497306334	0.007442083930503821	1.06036162	57.3374939	1.0204784	0.1696020138133266	0.0143165	8e-05
0.124	-0.0999	0.1808	0.0022078415037728267	-0.004077089132658754	0.0070179689222692	1.00295281	54.23319626	0.98657716	0.13708859116189506	0.0155371	0.0001
0.1306	-0.2177	0.1439	0.0022776546738526	-0.004012511950334963	0.0072623150175484055	1.02075803	55.19599152	0.99955501	0.1802368223841385	0.0148411	8e-05
0.1342	-0.2337	0.0961	0.0022898719786165604	-0.0037995817815916558	0.0077614791836187825	0.96851403	52.37097168	0.9669583	0.10361558197888224	0.0135027	5e-05
0.1318	-0.1902	0.1057	0.0018971728969178364	-0.0036704274169440743	0.007829547024446562	0.96572536	52.2201767	0.96443433	0.08499606435870426	0.0123375	5e-05
0.1235	-0.1002	0.1838	0.00200363798128949	-0.003597123588360313	0.007143632628412791	1.05983818	57.30918884	1.02718207	0.2196841654494593	0.0143822	7e-05
0.1178	-0.1913	0.1503	0.0021676989309769574	-0.0033824480903650108	0.007145377957664784	1.00388396	54.28355026	0.98803529	0.14932408884673815	0.0138035	8e-05
0.1178	-0.2658	0.1065	0.0018814649336498872	-0.0031119220563058892	0.007592182246175334	0.98331112	53.17110062	0.97396253	0.16847821599483706	0.0128763	6e-05
0.1128	-0.2224	0.091	0.0017086773377024485	-0.0028693212902786776	0.007714355293814937	0.96513337	52.18816757	0.96622748	0.09077807048071265	0.0115881	5e-05
0.103	-0.1893	0.1178	0.0006230825429619757	-0.0026668630970473357	0.007351326809400116	1.05462778	57.02744675	1.03421381	0.15225407361933174	0.0117819	0.00015
0.097	-0.146	0.1364	-0.000296705972839036	-0.002764601535159018	0.006995279641993272	1.01708698	54.9974823	1.00944665	0.1365787060659769	0.0107251	5e-05
0.1001	-0.1785	0.1104	0.00033684854563490564	-0.0024923301718479027	0.007298966931840286	1.00465536	54.32526016	0.99386679	0.12207565858160352	0.0111634	6e-05
0.1175	-0.145	0.1527	0.00043458698374658803	-0.003110176727053895	0.007620107514207243	1.0150497	54.88731766	1.00286615	0.1450362787842316	0.0113124	5e-05
0.1151	-0.0745	0.1951	9.075712110370512e-05	-0.003078760800517997	0.007122688677388859	1.01215982	54.7310524	0.99656176	0.15893323129985823	0.0126708	6e-05
0.1232	-0.2126	0.1504	0.0006492624817418905	-0.002726204291615143	0.007374016089676042	1.05224109	56.89838791	1.01917021	0.24901946409141115	0.0111333	4e-05
0.1242	-0.2515	0.1353	0.0005131268000863328	-0.002230530784048753	0.007775441817634738	0.99813974	53.97293854	0.99644104	0.10666174585903213	0.0122151	0.00024
0.1217	-0.2486	0.165	-0.0009791297103688187	-0.002371902453460294	0.007496189137315645	1.11469364	60.27542114	1.08477958	0.13074404300928927	0.0133821	0.00029
0.1069	-0.2138	0.1168	4.886921905584123e-05	-0.0023509585024363614	0.00701447826376521	1.08488607	58.66361618	1.06578037	0.1743326876999514	0.0105263	4e-05
0.12	-0.1739	0.1377	0.00034033920413889426	-0.0026110125609835172	0.007501425125071628	1.00949574	54.58699417	0.99561256	0.12582354524683131	0.0101569	5e-05
0.1288	-0.0928	0.2102	0.00048520153205442357	-0.0028221974004748306	0.007566002307395418	1.06111252	57.37809753	1.02631435	0.1834312174865316	0.0124219	8e-05
0.1416	-0.2155	0.1455	0.0009285151620609833	-0.002530727415391778	0.008089601082993718	1.07598591	58.18235397	1.03585894	0.26311911953439565	0.011148	5e-05
0.1326	-0.2763	0.0991	0.0008517206749732328	-0.0021118483949131386	0.008052949168701836	0.96991301	52.44661713	0.96959702	0.1428162710929136	0.0102704	7e-05
0.1281	-0.2372	0.0969	0.0010838494654884787	-0.0021013764194011725	0.008084365095237734	0.95950478	51.88380814	0.96069536	0.0595008346281555	0.00977057	5e-05
0.1302	-0.1338	0.1779	0.0009791297103688187	-0.0023876104167282427	0.007855726963226478	1.06810379	57.75614166	1.03019046	0.21747959422289928	0.0123672	0.0001
0.1314	-0.1491	0.1942	0.0006806784082777885	-0.0022863813201125715	0.007740535232594851	0.95575184	51.68087387	0.95836063	0.058543606466916406	0.0118561	8e-05
0.1421	-0.2651	0.1586	4.363323129985824e-05	-0.0020734511513692635	0.008389797714336742	1.03821695	56.14005661	1.00807518	0.23726189137315648	0.0108755	4e-05
0.1431	-0.2561	0.1416	0.00020594885173533088	-0.0017418385934903407	0.00895353906273091	0.95802844	51.80397797	0.95832784	0.0798834763354282	0.010079	6e-05
0.1538	-0.2376	0.1507	0.00034033920413889426	-0.001790707812546182	0.009443976582541317	0.9633199	52.09010696	0.95952	0.07198485456349052	0.0114074	4e-05
0.1535	-0.1338	0.1977	0.0004747295565424576	-0.0021048670779051613	0.009220574438286043	1.03696227	56.0722084	1.00947574	0.1846975881008908	0.0108629	4e-05
0.1382	-0.1222	0.2274	0.0001239183768915974	-0.0019687313962496035	0.00855385866402421	0.96393913	52.12358856	0.96289263	0.11428313177841258	0.012219	6e-05
0.14	-0.28	0.1947	-0.00011170107212763708	-0.0019687313962496035	0.008508480103472356	1.06968248	57.84150696	1.03415592	0.2063499004785544	0.0138909	0.00011
0.117	-0.2484	0.1526	-9.075712110370512e-05	-0.0019076448724298022	0.007668976733263084	0.99728107	53.92650604	0.99292818	0.1427766922526503	0.0121006	0.00011
0.1174	-0.2674	0.1217	-0.0004258603374866164	-0.001635373509118687	0.008077383778229757	0.96851301	52.37091446	0.96827508	0.101089081233035	0.0110255	0.00011
0.1236	-0.2413	0.126	0.00024085543677521747	-0.0016283921921107093	0.008365363104808822	0.95801753	51.80338669	0.96365259	0.08468382089244383	0.0102273	7e-05
0.122	-0.1581	0.1528	-4.18879020478639e-05	-0.0017331119472303693	0.008229227423153265	0.99305451	53.6979599	0.98321353	0.13777993877991493	0.0104476	8e-05
0.1217	-0.15	0.1722	4.886921905584123e-05	-0.0019495327744776662	0.00826762466669714	0.91723806	49.59829712	0.93227648	0.04507875959474385	0.0110989	7e-05
0.1232	-0.1903	0.1482	0.0006230825429619757	-0.0019826940302655584	0.00823097275240526	0.93478388	50.54706192	0.94498894	0.09800132469929534	0.0116433	7e-05
0.1247	-0.2176	0.1064	0.0007592182246175333	-0.0020176006153054447	0.008470082859928481	0.93250239	50.42369461	0.94488529	0.09110761871093329	0.0103577	6e-05
0.1225	-0.2019	0.0925	0.0006021385919380437	-0.0018151424220741027	0.008676031711663812	0.94442433	51.06835556	0.95117499	0.0600743338823081	0.0103102	8e-05
0.1162	-0.1807	0.0864	0.0007557275661135446	-0.0013927727430914749	0.008777260808279484	0.97317129	52.62280655	0.97403574	0.06745938748869001	0.0102554	0.00011
0.1443	-0.114	0.1296	0.0006021385919380437	-0.0017697638615222502	0.009480628496833197	1.04052472	56.26484299	1.01847662	0.19969738905799952	0.0105914	9e-05
0.1644	-0.0892	0.2052	9.250245035569947e-05	-0.0018709929581379211	0.009960594041131638	1.00093722	54.12421036	0.99309884	0.17504153912482276	0.0125121	9e-05
0.1673	-0.2245	0.1927	0.00047822021504644627	-0.0019006635554218248	0.009911724822075797	1.02208769	55.26788712	1.00232863	0.17391287905152455	0.012087	4e-05
0.1714	-0.3108	0.1515	0.0006073745796940267	-0.001963495408493621	0.01015432558810301	0.97165406	52.54076385	0.97024717	0.1533293491873295	0.0124344	4e-05
0.1728	-0.2991	0.1322	0.000705113017805709	-0.0019792033717615696	0.010398671683382215	0.93548757	50.58511353	0.94571906	0.05028962483294189	0.0118898	5e-05
0.1698	-0.176	0.1947	0.0002670353755551324	-0.0023457225146803788	0.009992009967667536	1.04778814	56.65760422	1.02423434	0.24916292504420323	0.0120589	7e-05
0.1699	-0.1769	0.1995	0.00039968039870670147	-0.0022863813201125715	0.009882054224791895	0.92960095	50.26680374	0.94178318	0.02089709802975088	0.0114623	5e-05
0.1752	-0.2779	0.1555	0.0003822271061867582	-0.0023527038316883565	0.010206685465662838	0.97694528	52.82687759	0.96882803	0.17072035224833357	0.0115352	4e-05
0.171	-0.2521	0.1213	0.0006230825429619757	-0.0020594885173533086	0.010444050243934069	0.94555211	51.12933731	0.95114912	0.10277177646907476	0.0102615	8e-05
0.1626	-0.1554	0.1678	0.0009372418083209549	-0.0022898719786165604	0.009885544883295882	1.02688098	55.52707672	0.99895557	0.2067524043630209	0.010807	6e-05
0.1578	-0.1224	0.1885	0.0014643312424232424	-0.002303834612632515	0.009512044423369096	0.97391081	52.66279221	0.96761998	0.10422762640225144	0.0118747	7e-05
0.1619	-0.2478	0.1366	0.0010384709049366262	-0.0020525072003453313	0.009882054224791895	1.03059089	55.72768402	1.00323466	0.23375987755982996	0.0117319	8e-05
0.154	-0.2597	0.1124	0.0005462880558742252	-0.0016947147036864942	0.009934414102351725	0.96641457	52.25744629	0.96244093	0.08911676116405341	0.0101871	4e-05
0.1385	-0.2271	0.1056	0.00034906585039886593	-0.0015638150097869194	0.009749409201640325	0.96131289	51.98157883	0.96432252	0.08055634000431669	0.00972432	8e-05
0.1353	-0.2287	0.1424	0.0002024581932313422	-0.0016877333866785165	0.009258971681829917	1.00592804	54.3940773	0.99969509	0.07964817769347644	0.0121722	0.00014
0.1288	-0.2013	0.0931	0.0009494591130849152	-0.0015760323145508795	0.009419541973013396	1.03941762	56.20497513	1.02652975	0.1341636141582344	0.00944066	5e-05
0.1447	-0.172	0.1501	0.0009354964790689606	-0.001932079481957723	0.009756390518648303	1.03182828	55.79459763	1.01243467	0.13754291735288532	0.0104464	5e-05
0.1442	-0.1122	0.1848	0.0010088003076527223	-0.0019460421159736775	0.009508553764865106	1.02012646	55.16183472	1.00059339	0.11175516081914565	0.0111425	7e-05
0.142	-0.259	0.1199	0.0013543754995475996	-0.0018291050560900572	0.00958185759344887	1.08181202	58.49739075	1.04073534	0.24069080401811316	0.0110807	7e-05
0.135	-0.3029	0.0753	0.0013159782560037243	-0.0018029251173101424	0.009403834009745446	0.96155816	51.99484253	0.96083374	0.10763003830136073	0.0105805	7e-05
0.1387	-0.2721	0.0662	0.0013840460968315032	-0.001947787445225672	0.0093567101199416	0.98747092	53.39603806	0.98108706	0.05660270292735765	0.0103945	5e-05
0.1406	-0.1483	0.1538	0.0009616764178488756	-0.0018867009214058703	0.009101892049150427	1.10932326	59.98501968	1.05659386	0.2502137136796802	0.0107748	0.00017
0.1431	-0.2027	0.1585	0.0010524335389525807	-0.0018151424220741027	0.009238027730805985	0.9830057	53.15458679	0.97423246	0.07652256510455152	0.011252	0.00015
0.1602	-0.278	0.116	0.001158898623324235	-0.001956514091485643	0.009962339370383632	1.00261116	54.21472549	0.98585003	0.18350741966804207	0.0111312	5e-05
0.1684	-0.2602	0.1143	0.001282817000215832	-0.0018814649336498872	0.010444050243934069	0.97004265	52.45362854	0.96459065	0.06173392041388952	0.0109081	5e-05
0.1622	-0.1279	0.1686	0.00119729586686811	-0.002087413785385218	0.010119419003063122	1.06518865	57.59850693	1.02709516	0.2236050612977	0.0115733	4e-05
0.1571	-0.1561	0.1816	0.0014224433403753785	-0.0020804324683772408	0.009911724822075797	0.9469834	51.2067337	0.94951637	0.06829114857512857	0.0114278	4e-05
0.1713	-0.268	0.1387	0.0015428710587629874	-0.002082177797629235	0.010560987303817687	0.99331141	53.71185303	0.98113188	0.2075717764690748	0.0118756	6e-05
0.172	-0.286	0.1112	0.0018291050560900572	-0.001748819910498318	0.011114256676699892	0.96988147	52.44491196	0.96577549	0.1048430628670095	0.0124778	0.00013
0.1701	-0.2098	0.1359	0.0020245819323134223	-0.0019058995431778078	0.010773917472560995	1.01161778	54.70174408	0.99085566	0.13744478565208756	0.0130575	6e-05
0.1719	-0.1592	0.175	0.0018483036778619948	-0.001387536755335492	0.010358529110586347	1.00218403	54.1916275	0.99182221	0.14700147021341947	0.0121269	5e-05
0.1918	-0.2649	0.1488	0.001329940890019679	-0.0014049900478554352	0.010819296033112848	1.0098865	54.60812378	0.98960446	0.201629150144438	0.012087	2e-05
0.186	-0.2909	0.1107	0.0014940018397071458	-0.0012618730491919003	0.011147417932487783	0.96956414	52.42775345	0.96661997	0.10166499238629675	0.012447	0.0001
0.1793	-0.2519	0.0981	0.0013002702927357754	-0.0011623892818282235	0.011026990214100174	0.97972256	52.9770546	0.97163352	0.07898215163613281	0.0109999	2e-05
0.1713	-0.1465	0.1532	0.0016423548261266642	-0.0016039575825827887	0.010353293122830362	1.04613113	56.56800079	1.01404341	0.2413674962707633	0.0111741	5e-05
0.1762	-0.1845	0.1679	0.0018657569703819383	-0.0015481070465189703	0.010255554684718681	0.9406293	50.86314392	0.94676804	0.07644955592153864	0.0120879	7e-05
0.1779	-0.2782	0.1115	0.0018238690683340744	-0.001452113937659282	0.010793116094332932	1.00010097	54.07898712	0.98598595	0.18557212102609016	0.0118293	2e-05
0.1708	-0.2683	0.0783	0.0017243853009703976	-0.0012217304763960308	0.010899581178704588	0.94227433	50.95209885	0.94745092	0.07201661564992919	0.0108163	4e-05
0.1621	-0.1609	0.1255	0.0016650441064025902	-0.0014852751934471744	0.010447540902438057	1.00568783	54.38108826	0.98904559	0.2020463093942741	0.0107265	6e-05
0.1473	-0.1292	0.1638	0.002089159114637212	-0.0016004669240788003	0.009819222371720098	0.95316476	51.54098129	0.95487551	0.14318126347921029	0.0115432	8e-05
0.1583	-0.2437	0.1278	0.0020594885173533086	-0.001593485607070823	0.010236356062946742	0.99016273	53.54159164	0.9800351	0.18418928027592624	0.011435	3e-05
0.162	-0.2574	0.0782	0.0022078415037728267	-0.0012618730491919003	0.010739010887521109	0.95016026	51.37851715	0.95287579	0.1161310184436404	0.011036	5e-05
0.1732	-0.1827	0.1106	0.0011536626355682519	-0.0017715091907742446	0.010641272449409427	1.00188661	54.17554092	0.98965633	0.20137767239493007	0.00989228	2e-05
0.1641	-0.1137	0.1397	0.0022043508452688383	-0.0018046704465621369	0.010149089600347026	1.05411696	56.99982071	1.01271392	0.186001615727544	0.0119291	0.00012
0.1721	-0.2411	0.115	0.0020001473227855013	-0.0017226399717184032	0.010595893888857573	1.03757298	56.10523224	1.00873028	0.19675191429188088	0.013157	0.00018
0.174	-0.2644	0.0852	0.001656317460142619	-0.0014381513036433276	0.010885618544688634	0.97231007	52.57623672	0.96776764	0.10090215932745096	0.0118002	0.0001
0.1764	-0.2258	0.0984	0.0015114551322270892	-0.0013945180723434693	0.010910053154216554	0.97360229	52.64611053	0.96471619	0.06484650843716543	0.0108557	6e-05
0.1707	-0.1375	0.1594	0.0017278759594743865	-0.0017366026057343581	0.010407398329642187	1.04959321	56.75521088	1.01804905	0.20805800926062765	0.0120529	8e-05
0.1747	-0.1859	0.1535	0.00182212373908208	-0.0017697638615222502	0.010273007977238624	0.95462734	51.6200676	0.95451302	0.07138996938995741	0.0121842	0.00011
0.1839	-0.2731	0.1027	0.0017749998492782332	-0.0016650441064025902	0.010882127886184645	0.98588574	53.31032181	0.97429253	0.1852481776934764	0.012367	4e-05
0.1782	-0.2518	0.0825	0.0019460421159736775	-0.0014957471689591403	0.010906562495712565	0.95764649	51.7833252	0.95937289	0.06543869068334068	0.0125498	4e-05
0.1745	-0.1476	0.1293	0.001759291886010284	-0.0018291050560900572	0.010487683475233926	1.01900697	55.1013031	0.99831777	0.20164935687864743	0.0113568	2e-05
0.174	-0.1515	0.1428	0.0011519173063162574	-0.0017558012275062952	0.01054178868204575	0.95188791	51.47193909	0.95470057	0.0546391807544806	0.0110548	5e-05
0.1682	-0.2622	0.0817	0.00016929693744344995	-0.0011780972450961724	0.010833258667128804	1.05683124	57.146595	1.01809866	0.27018971681829923	0.00997061	3e-05
0.159	-0.237	0.0683	0.000598647933434055	-0.0011239920382843482	0.010850711959648747	0.95555598	51.67028427	0.96070243	0.07284547476611859	0.0105419	4e-05
0.1613	-0.2292	0.1009	0.0004799655442984406	-0.0012199851471440364	0.010749482863033075	1.08668578	58.76093674	1.06695036	0.058495229730548715	0.0127196	0.00034
0.1668	-0.1966	0.0617	0.0009861110273767962	-0.0012531464029319286	0.01099731961681627	1.08211672	58.51387024	1.06004187	0.11665717463247216	0.00984049	4e-05
0.1691	-0.1751	0.0485	0.0019163715186897737	-0.0012583823906879114	0.011131709969219833	0.98485523	53.25459671	0.98290593	0.09049434157362611	0.010277	5e-05
0.1739	-0.0803	0.1125	0.001932079481957723	-0.0014765485471872027	0.011028735543352168	1.04307199	56.40258408	1.01670339	0.18044242728174528	0.0111489	7e-05
0.1753	-0.136	0.0953	0.0023160519173964756	-0.001616174887346749	0.01084023998413678	0.97225767	52.5734024	0.97206404	0.10990471674068436	0.0113497	8e-05
0.1852	-0.2869	0.0334	0.0019879300180215415	-0.001473057888683214	0.011548843660446477	1.07280517	58.01036072	1.03617133	0.28169212871740823	0.0118417	7e-05
0.1833	-0.2464	0.0283	0.0016510814723866359	-0.0013840460968315032	0.011545353001942489	0.96009564	51.91576004	0.96142916	0.0689675497995302	0.0108803	7e-05
0.1837	-0.1237	0.098	0.0015341444125030156	-0.0017610372152622785	0.011056660811384077	1.05384362	56.98504257	1.02013414	0.2419310184436404	0.0105151	4e-05
0.1944	-0.1948	0.0743	0.0019041542139258136	-0.0014974924982111347	0.011550588989698473	0.97148752	52.53175735	0.96665033	0.16187413483941687	0.0113039	7e-05
0.1935	-0.2758	0.0267	0.002134537675189065	-0.0009494591130849152	0.012203342129944355	0.9917506	53.62745285	0.98069334	0.2010584993317676	0.0126923	0.0001
0.1903	-0.2138	0.0243	0.00210835773640915	-0.0010873401239924673	0.012154472910888512	0.9530037	51.53227234	0.95636538	0.07824650843716549	0.0120589	8e-05
0.1886	-0.1021	0.0981	0.0018448130193580064	-0.0013631021458075715	0.011540117014186509	1.02740431	55.55537415	1.00704468	0.24488313177841256	0.0110322	3e-05
0.1863	-0.1327	0.1017	0.0021799162357409173	-0.0014835298641951804	0.011299261577411289	0.92809457	50.18534851	0.93892752	0.071319318577287	0.0111639	4e-05
0.1931	-0.2317	0.046	0.002190388211252884	-0.0014643312424232424	0.011838568316277538	0.98680723	53.36014938	0.97578735	0.1899488668075077	0.0116514	7e-05
0.1893	-0.2141	0.032	0.0019303341527057286	-0.001239183768915974	0.011746065865921838	0.93593448	50.60927963	0.94498569	0.06428519912050616	0.0109103	4e-05
0.1853	-0.1019	0.1039	0.0014486232791552935	-0.0013910274138394805	0.01121548577331556	1.02929568	55.65764618	1.00905139	0.24630673055401095	0.0108479	7e-05
0.1754	-0.1264	0.1128	0.00119729586686811	-0.0013142329267517303	0.010777408131064986	0.93890321	50.76980972	0.94670447	0.08160997708127538	0.00960612	5e-05
0.1869	-0.2386	0.075	0.001223475805648025	-0.001308996938995747	0.011412707978790921	0.99115479	53.59523773	0.97905479	0.19483578871309168	0.0101619	5e-05
0.1802	-0.2492	0.0456	0.001450368608407288	-0.0011327186845443199	0.011472049173358728	0.92343831	49.93356705	0.93553835	0.06982561258892486	0.0103879	4e-05
0.1764	-0.1888	0.0699	0.0015777776438028737	-0.00119729586686811	0.011316714869931232	0.95295846	51.52982712	0.95410156	0.10586602605734365	0.0102754	5e-05
0.174	-0.1384	0.129	0.0020001473227855013	-0.0013945180723434693	0.010946705068508434	1.01562667	54.91851425	0.99571584	0.1613800842940392	0.012162	8e-05
0.1803	-0.2293	0.1076	0.0016074482410867775	-0.0013072516097437528	0.011218976431819553	0.97372812	52.65291595	0.96892522	0.15621184538047794	0.0116737	7e-05
0.1789	-0.255	0.0652	0.0013002702927357754	-0.0010821041362364843	0.011536626355682518	0.94800013	51.26171112	0.95092791	0.11199876728606176	0.0109575	0.00011
0.1765	-0.2099	0.0562	0.001424188669627373	-0.0010070549784007281	0.011564551623714427	0.95068592	51.40694046	0.95365527	0.06784464013796314	0.0103992	4e-05
0.178	-0.1059	0.1205	0.0013857914260834976	-0.0011780972450961724	0.011175343200519692	1.03755176	56.10408401	1.01012568	0.19973239667170273	0.0109106	7e-05
0.1811	-0.1775	0.1141	0.0015271630954950383	-0.0011693705988362008	0.01124341104134747	0.93934363	50.79362488	0.94499524	0.09200830782496458	0.0109111	6e-05
0.1818	-0.2582	0.0708	0.0013386675362796509	-0.0011623892818282235	0.011522663721666564	0.96538156	52.20158768	0.96286038	0.14843647782712288	0.011732	6e-05
0.1787	-0.2484	0.049	0.0011728612573401894	-0.001054178868204575	0.011601203538006309	0.92948425	50.26049423	0.93870845	0.0523278254451427	0.0104565	1e-05
0.1836	-0.1469	0.1106	0.000947713783832921	-0.0012269664641520136	0.011351621454971119	1.04148173	56.31658936	1.01308203	0.2003758576244949	0.0102705	4e-05
0.1802	-0.1465	0.1117	0.0008726646259971648	-0.0011152653920243766	0.01103397153110815	0.95684779	51.74013519	0.9565484	0.0301200076913181	0.010936	6e-05
0.1838	-0.2518	0.0514	0.0009878563566287904	-0.0009808750396208131	0.01137256540599505	1.00759113	54.48400879	0.99241272	0.1986087978961044	0.0102922	4e-05
0.1819	-0.2347	0.0205	0.000804596785169386	-0.0008098327729253688	0.011658799403322121	0.95248538	51.50424576	0.95400242	0.08192679177409604	0.0102869	5e-05
0.1833	-0.1436	0.0814	0.0007609635538695277	-0.0011519173063162574	0.011407471991034937	1.02499354	55.4250145	0.99958715	0.1852522588488965	0.00987232	4e-05
0.1827	-0.1413	0.1134	0.001223475805648025	-0.0011990411961201044	0.01118232451752767	0.95899409	51.85619354	0.95655691	0.07163918075448053	0.0103868	2e-05
0.1827	-0.2371	0.0552	0.0010506882097005862	-0.001265363707695889	0.011475539831862716	1.00743544	54.47558594	0.98939638	0.18061627109291345	0.0102444	2e-05
0.1647	-0.233	0.0234	0.0009808750396208131	-0.0008517206749732328	0.011302752235915276	0.95945865	51.88131332	0.95922596	0.08671218993749341	0.00996935	5e-05
0.173	-0.1248	0.0795	0.000926769832808989	-0.0009564404300928925	0.011281808284891344	1.02217662	55.27269745	1.00082097	0.1815884456477708	0.00901109	4e-05
0.1694	-0.1141	0.094	0.001155407964820246	-0.000926769832808989	0.010978120995044333	0.93698502	50.66608429	0.94334742	0.056899800957108594	0.00928271	7e-05
0.1769	-0.2173	0.0323	0.0007155849933176752	-0.0007819075048934597	0.011534881026430523	1.02169764	55.24679947	0.99713085	0.2294722665402145	0.00950676	4e-05
0.1685	-0.2039	0.0091	0.0004572762640225143	-0.00040666171571467877	0.011534881026430523	0.92622131	50.08405304	0.9358658	0.0766777259236971	0.00965399	4e-05
0.1706	-0.1382	0.0459	2.96705972839036e-05	-0.000619591884457987	0.011451105222334798	0.99131101	53.60368347	0.97685271	0.14081558197888222	0.00975722	6e-05
0.1633	-0.0994	0.1003	0.00015707963267948963	-0.00062482787221397	0.010922270458980515	0.99792147	53.96113586	0.98306612	0.13357398932529255	0.00935137	7e-05
0.1741	-0.2002	0.081	0.0004468042885105483	-0.000726056968829641	0.011316714869931232	0.98341471	53.17670441	0.97553808	0.17016990816987232	0.0095275	5e-05
0.1761	-0.2214	0.0523	0.0005218534463463045	-0.00045553093477052	0.01180715238974164	0.94925892	51.32978058	0.95538181	0.09370063558526429	0.0104162	8e-05
0.1656	-0.195	0.0313	0.0003944444109507184	-0.0001884955592153876	0.011863002925805456	0.96930313	52.41363907	0.96452902	0.08041474735072673	0.0102171	5e-05
0.1668	-0.126	0.0954	-0.0004485496177625427	-0.0004433136300065597	0.011388273369263	1.02406144	55.37461853	1.00491474	0.2129270828023445	0.00949258	3e-05
0.1662	-0.1383	0.0872	-8.552113334772214e-05	-0.0004956735075663896	0.011236429724339494	0.95458281	51.61766052	0.95549421	0.04946160034490783	0.00928485	5e-05
0.1689	-0.2337	0.0221	0.00024260076602721178	-0.00029845130209103034	0.011735593890409872	1.01189983	54.71699142	0.9964842	0.21442541354603356	0.0108947	4e-05
0.1631	-0.2036	-0.0115	0.0006021385919380437	-9.42477796076938e-05	0.01178620843871771	0.95252675	51.50648117	0.95449715	0.10021779483510028	0.0107158	3e-05
0.1692	-0.1101	0.0486	0.00029496064358704166	-0.00038048177693476387	0.011587240903990355	1.02607691	55.4835968	1.00450913	0.19931897402027127	0.00935566	5e-05
0.1704	-0.1036	0.0866	9.948376736367679e-05	-0.0005131268000863328	0.011356857442727103	0.94895566	51.3133812	0.95232144	0.07362526803190932	0.0100737	2e-05
0.1789	-0.2124	0.0564	0.0001972222054753592	-0.00047123889803846896	0.011768755146197764	0.99515659	53.81162643	0.97865872	0.17507620218151043	0.00962508	3e-05
0.1665	-0.2129	0.0154	5.93411945678072e-05	-3.490658503988659e-05	0.011925834778877254	0.96542603	52.20399094	0.96068327	0.0904646478292812	0.0103936	4e-05
0.1539	-0.1709	0.0004	-0.0003298672286269283	0.00022165681500327985	0.011801916401985656	0.96817732	52.35276413	0.96715939	0.10808451000647504	0.0104935	8e-05
0.164	-0.1783	0.0499	-0.0013892820845874865	1.0471975511965975e-05	0.011995647948957027	1.05061805	56.81062317	1.03085701	0.14021656212116218	0.0121642	0.00014
0.1688	-0.1237	0.0628	-0.0003717551306747922	-0.0004136430327226561	0.011887437535333379	1.07364285	58.05565643	1.05050862	0.1497926187885482	0.01005	0.00011
0.1709	-0.0925	0.1048	-0.0003001966313430247	-0.0004537856055185257	0.011496483782886648	1.00093627	54.12415695	0.9863036	0.1004327412287184	0.00967103	6e-05
0.1852	-0.2237	0.0692	-0.00018151424220741024	-0.0003682644721708035	0.012276645958528114	1.01610172	54.94420624	0.99739496	0.23031828490624015	0.0104225	3e-05
0.1752	-0.2374	0.0283	-0.0001605702911834783	7.853981633974481e-05	0.012430234932703614	0.95136058	51.44342422	0.95658108	0.09566686068549902	0.0114171	8e-05
0.1702	-0.1961	0.0291	-0.000635299847725936	0.00015184364492350666	0.012199851471440362	0.95228082	51.49318314	0.95725596	0.08602084231947359	0.0103141	4e-05
0.1774	-0.1139	0.106	-0.0005602506898901797	-0.00014660765716752367	0.011821115023757595	1.05237699	56.90573883	1.01783722	0.20391184538047769	0.0103775	7e-05
0.1744	-0.1656	0.1127	-0.0008168140899333463	-0.00020943951023931956	0.011458086539342773	0.99752367	53.93962479	0.98352575	0.09552118687648922	0.0104871	0.00011
0.1769	-0.2993	0.0963	-0.0005393067388662478	0.00038397243543875244	0.011796680414229672	1.14555943	61.94443893	1.10800789	0.21307565858160343	0.0172127	0.00093
0.2058	-0.1696	0.0747	-0.0005427973973702365	0.00023387411976724014	0.013329079497480696	1.18108273	63.86531067	1.1274799	0.2644994028713263	0.0145063	0.00029
0.1869	-0.142	0.0582	-0.0010402162341886204	0.0002513274122871834	0.012873548562710176	1.04814935	56.67713165	1.02723196	0.1115201532054424	0.0123686	8e-05
0.1849	-0.1684	0.0907	-0.0012164944886400475	0.00010821041362364843	0.012733922222550629	1.08488798	58.66372299	1.05806056	0.08385107966372547	0.0146479	0.00052
0.1556	-0.1061	0.0755	-0.0006318091892219474	5.93411945678072e-05	0.011536626355682518	1.10760009	59.89184189	1.07546704	0.19834251926710264	0.00977057	5e-05
0.1846	-0.1657	0.0462	-0.0006178465552059926	-6.9813170079773176e-06	0.012747884856566584	1.02557421	55.45641708	1.00939471	0.18247718232379023	0.0121478	5e-05
0.1925	-0.0714	0.1136	-0.0010733774899765126	-0.00028099800957108706	0.012599531870147064	1.04555452	56.53682327	1.02274701	0.21349503068765752	0.01173	9e-05
0.1768	-0.1279	0.1283	-0.0013526301702956054	-5.235987755982988e-06	0.011810643048245627	0.98362899	53.18828964	0.9784277	0.1540951762017817	0.011868	5e-05
0.1876	-0.2614	0.0727	-0.001090830782496456	6.9813170079773176e-06	0.012320279189827973	1.02095222	55.20648956	1.00115444	0.23908264170727273	0.0117327	7e-05
0.1895	-0.2766	0.043	-0.000778416846389471	0.00042411500823462205	0.012798499404874418	0.94395703	51.04308701	0.95100777	0.10718839211900379	0.0125886	0.00012
0.1964	-0.2374	0.0479	-0.0007679448708775049	0.0001256637061435917	0.012962560354561887	0.99104732	53.58942413	0.98187358	0.07464921136452324	0.0122914	8e-05
0.1965	-0.1169	0.1267	-0.001335176877775662	-0.0002705260340591211	0.012507029419791364	1.09996331	59.47889709	1.05157184	0.27034763409356966	0.0130723	9e-05
0.1948	-0.1527	0.1343	-0.00124965574442794	-0.00016929693744344995	0.012171926203408455	0.9730888	52.61834335	0.96847709	0.07119267231731513	0.0114756	8e-05
0.2144	-0.2183	0.0893	-0.0013142329267517303	8.726646259971648e-05	0.013137093279761319	1.00869918	54.54392624	0.99106365	0.19451538293599105	0.0127571	6e-05
0.2047	-0.212	0.0655	-0.0011676252695842063	0.0003630284844148205	0.013173745194053201	0.96478045	52.16908264	0.96109009	0.06275107966372552	0.0127584	6e-05
0.2031	-0.1426	0.082	-0.0011746065865921838	-5.4105206811824215e-05	0.012948597720545931	0.98543328	53.28585434	0.97553206	0.11996312408709459	0.0115622	4e-05
0.1906	-0.0847	0.1514	-0.0013962634015954637	-0.00020943951023931956	0.012245230031992217	1.01615047	54.94684219	0.99644221	0.19381794034922448	0.0119527	3e-05
0.1824	-0.1805	0.1252	-0.0010821041362364843	-0.00011170107212763708	0.011854276279545488	1.00275838	54.22268677	0.98562464	0.1703425727958695	0.0121444	0.00011
0.1818	-0.2322	0.0818	-0.0018133970928221085	-3.4906585039886588e-06	0.012144000935376544	0.98650455	53.34378052	0.97511254	0.15216140130201647	0.0119462	4e-05
0.1715	-0.2179	0.054	-0.0019006635554218248	1.0471975511965975e-05	0.011985175973445061	0.95224279	51.49112701	0.95491735	0.06540270292735761	0.0115748	8e-05
0.174	-0.1648	0.072	-0.0021153390534171274	-0.0005410520681182421	0.011780972450961723	0.98834062	53.44306564	0.98006782	0.1221201532054424	0.0107296	7e-05
0.174	-0.0983	0.1227	-0.002082177797629235	-0.00048520153205442357	0.011412707978790921	0.99544501	53.82722473	0.98323245	0.1400638132011257	0.0110872	4e-05
0.1727	-0.1797	0.0871	-0.002235766771804736	-0.0002583087292951608	0.011489502465878671	0.97186577	52.55221176	0.96631456	0.14116381320112567	0.010434	4e-05
0.1745	-0.2298	0.0561	-0.0022043508452688383	0.0003211405823669566	0.012044517168012869	0.94963205	51.34995651	0.95649166	0.14119399701661065	0.0118953	5e-05
0.1673	-0.1918	0.0248	-0.002958333082130389	0.0006876597252857658	0.012344713799355894	0.99012512	53.53955841	0.98206815	0.14753490055616925	0.0139152	0.00013
0.1806	-0.1287	0.071	-0.003159045946109736	8.203047484373349e-05	0.01236740307963182	1.00226867	54.19620514	0.98647484	0.1640515697348652	0.0145461	0.00016
0.1667	-0.0531	0.1332	-0.003378957431861022	0.00015009831567151235	0.011419689295798898	1.02049315	55.18166733	1.00148017	0.21348465552059936	0.0136637	0.00015
0.1839	-0.157	0.1187	-0.003427826650916863	-2.6179938779914945e-05	0.011871729572065429	0.99067497	53.56929016	0.98526947	0.16945938748869	0.0142334	0.00017
0.1912	-0.1956	0.0925	-0.0033021629447732717	-4.71238898038469e-05	0.011859512267301468	0.95397943	51.58503342	0.96509804	0.0800412480965742	0.0138503	8e-05
0.19	-0.1982	0.1033	-0.0025883232807075904	6.806784082777885e-05	0.012081169082304749	0.96187973	52.01222992	0.96616954	0.0671344104850294	0.0125611	0.00013
0.1832	-0.1501	0.0969	-0.0025045474766118626	0.00029321531433504735	0.011892673523089361	0.95668483	51.73132324	0.95965098	0.08617094184091918	0.0118955	7e-05
0.1757	-0.1834	0.0549	-0.0018901915799098587	0.0004468042885105483	0.011969468010177111	0.95531249	51.65711594	0.95825317	0.12503696789826277	0.0112752	4e-05
0.1787	-0.1731	0.0444	-0.002410299697004169	0.0006981317007977319	0.012369148408883812	0.96647996	52.26098251	0.96777433	0.08235579640440972	0.0135728	6e-05
0.1715	-0.1427	0.0349	-0.0022689280275926286	0.0007016223593017205	0.012253956678252185	0.97142136	52.52817917	0.96776106	0.0601027029273578	0.0127734	9e-05
0.169	-0.1329	0.0429	-0.002469640891571976	0.0007120943348136865	0.012311552543568001	0.94905269	51.3186264	0.96070508	0.03373903524035647	0.0134975	0.00015
0.1698	-0.1308	0.0672	-0.0024975661596038853	0.00018675022996339323	0.012217304763960306	0.99810994	53.97132492	0.99997134	0.05957585762449485	0.0141252	0.00018
0.1697	-0.1173	0.0398	-0.0010611601852125523	0.0003874630939427412	0.012377875055143785	1.03875828	56.16932678	1.02296837	0.130884456477708	0.0119755	8e-05
0.1886	-0.0487	0.1143	-0.0017400932642383465	-0.00017802358370342162	0.012507029419791364	1.06283367	57.4711647	1.03579799	0.2306787060659768	0.0124682	5e-05
0.1913	-0.113	0.1288	-0.0012950343049797925	-8.552113334772214e-05	0.012107349021084663	1.0111233	54.67500687	0.99867304	0.1283620904160477	0.0119966	5e-05
0.2051	-0.2668	0.0888	-0.0011606439525762293	-0.00014486232791552936	0.012529718700067291	1.05206835	56.88904572	1.02398007	0.23840506129769992	0.012784	5e-05
0.1889	-0.2848	0.0461	-0.001181587903600161	0.0003961897402027128	0.012571606602115157	0.93945992	50.7999115	0.94771907	0.107094196059502	0.01252	7e-05
0.2059	-0.2288	0.08	-0.0013177235852557187	-3.665191429188092e-05	0.012927653769522	0.9716332	52.5396347	0.97132109	0.1531512251778497	0.0121101	7e-05
0.2068	-0.1131	0.1498	-0.0012025318546240932	-0.0001675516081914556	0.01259255055313909	1.04103744	56.29256821	1.01314177	0.2154597320457056	0.0134683	0.00014
0.2146	-0.2139	0.116	-0.0007016223593017205	-0.00019547687622336493	0.012699015637510741	0.97799712	52.88375473	0.97265901	0.17416499238629665	0.0117052	6e-05
0.2121	-0.2443	0.0577	-0.0007382742735936014	0.0001937315469713706	0.013240067705628985	0.97407734	52.67179871	0.96844447	0.139545620280243	0.0124666	0.00014
0.2069	-0.1777	0.0541	-0.0007871434926494425	0.00031415926535897925	0.013076006755941515	0.96006978	51.91436005	0.96346432	0.09206789435654598	0.0119509	6e-05
0.2059	-0.0575	0.1334	-0.0007906341511534313	9.075712110370512e-05	0.012524482712311309	1.06580603	57.63189316	1.03024631	0.23942084231947347	0.0125915	0.00013
0.2133	-0.1436	0.1044	-0.0006021385919380437	-3.839724354387525e-05	0.012623966479674986	0.9768452	52.82146835	0.97159262	0.1433566845613322	0.011737	4e-05
0.216	-0.2191	0.0547	-0.0005445427266222308	6.45771823237902e-05	0.013158037230785251	0.96707809	52.29332352	0.9632335	0.16263205211468723	0.0120568	9e-05
0.2119	-0.2039	0.0594	-0.0003193952531149623	0.0002303834612632515	0.013203415791337103	0.93766451	50.70282745	0.94628585	0.045816615649929074	0.0123596	7e-05
0.2047	-0.113	0.1318	-0.0008639379797371932	0.00015184364492350666	0.012683307674242791	1.06395471	57.53178787	1.0247087	0.22765953300281436	0.0126155	0.0001
0.2056	-0.1722	0.1047	-0.0009965830028887623	0.00012042771838760874	0.01252099205380732	0.9821437	53.10797501	0.97548104	0.10351882850614692	0.0121537	0.00011
0.2128	-0.2656	0.0565	-0.0009948376736367678	0.0002007128639793479	0.013171999864801205	0.98628098	53.33169174	0.97902332	0.18545191429188088	0.0129364	7e-05
0.2023	-0.2396	0.0282	-0.0010297442586766543	0.0004991641660703782	0.013203415791337103	0.96854496	52.37264252	0.96397555	0.08303869068334073	0.013042	0.00011
0.1994	-0.1366	0.0869	-0.0012130038301360591	0.00023911010752322313	0.01278279144160647	1.04168892	56.32779312	1.01236631	0.20779689898685963	0.0117095	3e-05
0.1899	-0.1164	0.1171	-0.0012723450247038664	0.00030368728984701333	0.012377875055143785	0.9521513	51.48617935	0.95425238	0.08634173816771407	0.0124502	6e-05
0.1875	-0.2016	0.0646	-0.0013910274138394805	0.0003961897402027128	0.012636183784438945	0.98580021	53.30569458	0.97348478	0.16357467843932366	0.0115985	5e-05
0.1805	-0.201	0.0334	-0.0019163715186897737	0.0006492624817418905	0.012709487613022707	0.97607833	52.77999878	0.97036725	0.08138603374866167	0.0134343	7e-05
0.1766	-0.1278	0.0501	-0.0020664698343612863	0.0003577924966588376	0.012245230031992217	0.99408191	53.75351715	0.98522819	0.13909129408925275	0.0117507	5e-05
0.1782	-0.0672	0.1078	-0.001970476725501598	0.000317649923862968	0.012116075667344635	1.00144434	54.1516304	0.98579208	0.13316450231515703	0.0117356	2e-05
0.1905	-0.1863	0.0789	-0.0015184364492350666	0.00015533430342749534	0.012620475821170997	1.00024009	54.0865097	0.9887401	0.21623780252641833	0.0116401	2e-05
0.1989	-0.2283	0.0491	-0.001499237827463129	0.00012740903539558605	0.013250539681140951	0.95104873	51.42655945	0.95428329	0.11405938748869009	0.0127138	8e-05
0.203	-0.1798	0.0584	-0.0016999506914424768	0.0005480333851262194	0.01349663110567215	0.99013513	53.5401001	0.97843104	0.10527143191205902	0.0134112	5e-05
0.1946	-0.089	0.1174	-0.0015655603390389136	0.00037350045992678646	0.01273043156404664	1.04690945	56.61008835	1.01445959	0.21195614096142532	0.012166	7e-05
0.2034	-0.1946	0.0997	-0.0013386675362796509	0.00018675022996339323	0.012793263417118434	0.99216896	53.65007782	0.98049632	0.15592374428972253	0.0122825	6e-05
0.2043	-0.2401	0.0527	-0.0012845623294678264	0.00041713369122664475	0.013245303693384966	0.98416203	53.21711349	0.97894983	0.13022644721708035	0.0133106	5e-05
0.2026	-0.2023	0.0421	-0.0009686577348568529	0.0004799655442984406	0.013334315485236677	0.98064029	53.02667999	0.97069886	0.07348741197672401	0.0129254	0.00012
0.2004	-0.107	0.0952	-0.0010995574287564276	-4.363323129985824e-05	0.012760102161330542	1.04738879	56.6360054	1.01706682	0.21203558967020047	0.0116642	9e-05
0.1909	-0.128	0.1217	-0.0008674286382411819	5.235987755982988e-06	0.012013101241476969	0.9863224	53.33393097	0.97502091	0.108399946471233	0.0108058	3e-05
0.1936	-0.236	0.1131	5.759586531581287e-05	-0.00010471975511965978	0.012217304763960306	1.0367974	56.06329346	1.01263025	0.18125918844579875	0.0114392	8e-05
0.2009	-0.2175	0.085	0.000307177948351002	0.0003665191429188092	0.012849113953182252	0.98323631	53.16705704	0.97483938	0.1215315085147802	0.0120531	0.0001
0.2091	-0.1599	0.1333	3.316125578789226e-05	-1.0471975511965975e-05	0.0128351513191663	1.03293419	55.85439301	1.00370552	0.14734852225049183	0.0142326	0.00014
0.1923	-0.1447	0.1579	-0.0003892084231947355	0.00010995574287564276	0.01233947781159991	1.00159645	54.15985107	0.98911128	0.10852354524683136	0.0122502	8e-05
0.1981	-0.265	0.1183	-0.000577703982410123	6.283185307179586e-05	0.012667599710974845	1.04231656	56.36173248	1.00919876	0.19388706741970843	0.012643	6e-05
0.1977	-0.2705	0.0902	-0.0003193952531149623	0.0001239183768915974	0.012927653769522	0.96990186	52.4460144	0.96274847	0.06297246558310593	0.013319	2e-05
0.1972	-0.2316	0.0855	-0.00039968039870670147	0.0002565634000431664	0.013014920232121715	0.98365563	53.1897316	0.97199674	0.05910983156715115	0.0127113	5e-05
0.198	-0.1295	0.1406	-0.00042760566673861073	-4.0142572795869576e-05	0.012503538761287378	1.04322708	56.41096878	1.0122084	0.1998006355852641	0.0114876	6e-05
0.1928	-0.1701	0.1461	-0.0002251474735072685	6.9813170079773176e-06	0.012311552543568001	0.95689905	51.74290848	0.95577727	0.07337841503772832	0.0114707	4e-05
0.1957	-0.2614	0.0994	-0.00035430183815484887	0.0001832595714594046	0.012955579037553908	1.00424862	54.30326843	0.98846561	0.18837295565424567	0.0125157	7e-05
0.1881	-0.2134	0.0717	-0.00042236967898262774	0.0006771877497737998	0.01304110017090163	0.99033099	53.5506897	0.97978495	0.11567585762449482	0.0122448	5e-05
0.1785	-0.1878	0.063	-0.0006736970912698113	0.0007941248096574199	0.012786282100110458	0.98342586	53.17730713	0.97179222	0.07505412714809878	0.011915	3e-05
0.1611	-0.1591	0.0501	-0.0007330382858376184	0.0008220500776893293	0.012285372604788085	0.99633801	53.87551117	0.97892534	0.08840879789610445	0.0118476	6e-05
0.1549	-0.1429	0.0453	-0.0007906341511534313	0.0008831366015091308	0.012145746264628538	0.98043448	53.01555252	0.97236228	0.040115436464758014	0.0113617	5e-05
0.1821	-0.1541	0.0752	-0.001291543646475804	0.0006754424205218055	0.013267992973660893	1.04190922	56.33971024	1.02868166	0.15984251926710255	0.0142599	0.0002
0.1872	-0.0602	0.0961	-0.0010611601852125523	0.00020420352248333657	0.013063789451177558	1.10111022	59.54091644	1.07496734	0.16519129408925273	0.0133746	0.0001
0.1873	-0.1168	0.1114	-0.0012618730491919003	0.0002705260340591211	0.012864821916450202	0.98871261	53.46318054	0.98049234	0.09530014551412438	0.0117951	6e-05
0.1957	-0.2627	0.0698	-0.0010716321607245184	0.0004433136300065597	0.013512339068940098	1.03336155	55.87750244	1.00976389	0.24642728184523577	0.0134417	8e-05
0.1927	-0.1999	0.1165	-0.0012531464029319286	0.00027576202181510406	0.01302888286613767	0.98666328	53.35236359	0.97994226	0.15412610266006463	0.0128154	9e-05
0.1892	-0.2081	0.1333	-0.0011693705988362008	0.00034208453339088857	0.012805480721882397	0.96857542	52.37429047	0.96556246	0.047175022996339314	0.0128413	8e-05
0.1876	-0.3024	0.0986	-0.002197369528260861	0.00048171087355043494	0.013180726511061176	1.07034087	57.87710953	1.03368894	0.20774355293814928	0.0158514	0.00013
0.1832	-0.2708	0.0922	-0.0035465090400524776	0.0007190756518216638	0.013114403999485392	1.03635693	56.0394783	1.01097813	0.12504134008193146	0.0162988	0.00018
0.1887	-0.1776	0.1166	-0.0030717794835100195	0.0005270894341022875	0.013219123754605051	1.04076099	56.27762222	1.01853762	0.16167177646907469	0.0157474	0.00029
0.1776	-0.1761	0.1233	-0.0011100294042683937	0.0014364059743913332	0.013102186694721431	1.21211696	65.54344177	1.14850743	0.1687001839707146	0.0194091	0.00127
0.1943	-0.0455	0.1415	-0.002092649773141201	0.0007923794804054256	0.013739231871699361	1.20083094	64.9331665	1.14272334	0.2786846019918322	0.0175032	0.0002
0.1711	-0.0744	0.1453	-0.0021153390534171274	0.0012007865253720988	0.012943361732789947	1.05249417	56.91207123	1.02858589	0.1172483232076007	0.016019	0.00028
0.1815	-0.1574	0.1136	-0.0023160519173964756	0.0011519173063162574	0.01345648853287628	1.05181122	56.87514114	1.02501536	0.16323544415607616	0.0171651	0.0003
0.1847	-0.1848	0.1036	-0.0026930430358272505	0.0008883725892651138	0.01349663110567215	1.00053668	54.10254669	0.99326356	0.0746339204138894	0.0173088	0.00055
0.1619	-0.2042	0.134	-0.0014957471689591403	0.00013788101090755203	0.012056734472776828	1.11708033	60.40447617	1.08400868	0.24198420390604972	0.0137188	0.00045
0.1538	-0.1671	0.1256	-0.001467821900927231	-7.504915783575618e-05	0.011554079648202462	1.03634489	56.03882599	1.02484586	0.09077551306747915	0.0120071	0.00014
0.1651	-0.2851	0.0979	-0.0013997540600994523	0.00013264502315156904	0.012241739373488228	1.01894808	55.09811783	1.0025615	0.20517108735504347	0.0131787	0.00014
0.1812	-0.2507	0.0988	-0.0012042771838760874	-2.96705972839036e-05	0.012922417781766015	0.95449573	51.61295319	0.96041504	0.10332354524683127	0.0133668	0.00019
0.1733	-0.1373	0.1509	-0.0016702800941585732	-0.00034557519189487725	0.012369148408883812	1.05426431	57.00778961	1.02685171	0.24015884388878309	0.0130445	0.00012
0.1613	-0.1232	0.1826	-0.001504473815219112	-0.00020769418098732522	0.011751301853677822	1.00624633	54.41128922	0.98943215	0.1038766922526502	0.0128759	0.00012
0.1653	-0.2249	0.1461	-0.0018238690683340744	-8.028514559173915e-05	0.011868238913561443	1.0310756	55.75389862	1.00522309	0.1703870674197085	0.0126556	7e-05
0.1645	-0.1987	0.1108	-0.0020106192982974674	-0.00020943951023931956	0.01194503340064919	0.96984565	52.44297791	0.96796282	0.081934954084936	0.0126209	7e-05
0.1593	-0.1804	0.0928	-0.001932079481957723	-0.0003298672286269283	0.012098622374824694	0.97251993	52.58758545	0.96456124	0.05912782544514284	0.0121112	5e-05
0.1622	-0.1474	0.0911	-0.001429424657383356	-0.0004206243497306334	0.012290608592544069	0.98376882	53.19585037	0.97130627	0.07686990816987238	0.0110905	7e-05
0.1703	-0.0684	0.1538	-0.001759291886010284	-0.0004136430327226561	0.012042771838760872	1.04482961	56.49762344	1.01401285	0.17903426497090513	0.0123683	7e-05
0.1685	-0.0868	0.16	-0.0012356931104119853	-0.0002652900463031381	0.011772245804701754	0.94561684	51.1328392	0.94838593	0.07352388980384676	0.011157	4e-05
0.1812	-0.2182	0.1096	-0.0014573499254152652	-0.000317649923862968	0.01248434013951544	1.03414607	55.9199295	1.00524345	0.24380555136883977	0.0116908	5e-05
0.1918	-0.2399	0.0891	-0.0014905111812031574	-0.0005131268000863328	0.012704251625266724	0.93969852	50.81281281	0.94843738	0.07522748088812707	0.0125854	8e-05
0.1871	-0.2111	0.0919	-0.0010524335389525807	-0.000645771823237902	0.012358676433371846	0.95723909	51.76129532	0.95791015	0.08211489286485116	0.0107394	6e-05
0.1756	-0.1155	0.1592	-0.0008831366015091308	-0.0007679448708775049	0.011711159280881954	1.04243135	56.367939	1.01197536	0.2213493568786473	0.0107219	7e-05
0.1675	-0.1467	0.1711	-0.0005427973973702365	-0.0005113814708343385	0.011447614563830808	0.94556183	51.12986374	0.95034388	0.09422236606166029	0.0121335	5e-05
0.1711	-0.259	0.1231	-0.0005375614096142535	-0.0006038839211900379	0.01175479251218181	1.00218332	54.19158936	0.98957577	0.1841458193231341	0.0112726	8e-05
0.1677	-0.2404	0.0811	-0.0005916666164260777	-0.0006754424205218055	0.011852530950293493	0.96009862	51.91592026	0.96277888	0.0751701072127638	0.0110177	6e-05
0.1625	-0.1753	0.1043	-0.0005846852994181004	-0.0007958701389094143	0.011672762037338073	0.9849686	53.26072693	0.97711564	0.10885889741755028	0.00993937	5e-05
0.1522	-0.0818	0.1647	-0.0002181661564992912	-0.0006492624817418905	0.011114256676699892	1.04702139	56.61614227	1.01415907	0.21778160803622576	0.0117617	7e-05
0.1531	-0.1895	0.1297	-8.203047484373349e-05	-0.0005462880558742252	0.011442378576074823	1.01338589	54.79734802	0.99268572	0.1719616003449077	0.0102986	4e-05
0.15	-0.2333	0.0777	-5.235987755982989e-05	-0.00047123889803846896	0.011873474901317424	0.98089236	53.04030991	0.97347345	0.12569080401811303	0.010421	7e-05
0.1461	-0.1938	0.0842	-1.3962634015954635e-05	-0.0003438298626428829	0.011697196646865998	0.97210634	52.56521988	0.96850754	0.06700422666954432	0.0111653	5e-05
0.142	-0.1135	0.1515	-0.00039793506945470715	-0.0004433136300065597	0.01109331272567596	1.03326571	55.87232208	1.00759367	0.20606700619962337	0.010006	7e-05
0.1465	-0.178	0.1405	1.7453292519943296e-05	-0.0004537856055185257	0.011164871225007726	0.95715016	51.75648499	0.95764667	0.1048709418409191	0.0100768	5e-05
0.1459	-0.2486	0.0842	7.853981633974481e-05	-0.0006213372137099814	0.011468558514854739	0.98960531	53.51145172	0.98010987	0.1541162710929135	0.00982696	2e-05
0.1221	-0.2021	0.0593	-4.537856055185256e-05	-0.0005044001538263612	0.010817550703860854	0.95183712	51.4691925	0.95548362	0.13979316238845513	0.00872523	2e-05
0.1232	-0.1178	0.129	-0.00027925268031909274	-0.0004380776422505767	0.010498155450745892	1.03095913	55.74760056	1.00585261	0.18607959422289927	0.0101851	5e-05
0.1327	-0.1464	0.1382	4.886921905584123e-05	-0.00041189770347066176	0.010574949937833642	0.93467051	50.5409317	0.94124521	0.06885481626212994	0.00916636	4e-05
0.1401	-0.2365	0.0831	0.00017278759594743863	-0.00048345620280242926	0.011095058054927952	0.99174219	53.6269989	0.97881445	0.18837924966588368	0.00964248	4e-05
0.1343	-0.2273	0.039	-0.00011693705988362007	-0.00018151424220741024	0.011292280260403314	0.95995796	51.90831375	0.95836879	0.09854444109507193	0.0095672	3e-05
0.1428	-0.1642	0.0851	-0.00020769418098732522	-0.00013962634015954637	0.011149163261739778	0.99621928	53.86909103	0.98488157	0.13148810109075523	0.0088523	2e-05
0.1472	-0.1413	0.1472	9.948376736367679e-05	-0.0002652900463031381	0.010983356982800315	0.99725968	53.92535019	0.98530791	0.1193323966717028	0.0104731	4e-05
0.1554	-0.2378	0.1124	0.00043458698374658803	-0.0002443460952792061	0.011479030490366705	0.98367709	53.19089127	0.97627685	0.18208603374866167	0.0104711	2e-05
0.1537	-0.2481	0.073	0.00047822021504644627	5.759586531581287e-05	0.011854276279545488	0.94917852	51.32543182	0.95260984	0.087441049053683	0.0112031	3e-05
0.1504	-0.2048	0.0817	0.000582939970166106	0.00013439035240356338	0.011602948867258303	0.95305258	51.53491592	0.95619136	0.0769420827247297	0.0103199	7e-05
0.1416	-0.1333	0.1681	0.0004258603374866164	0.0001605702911834783	0.011126473981463849	1.06162953	57.40605164	1.02681891	0.19968672286269293	0.0116437	4e-05
0.1395	-0.2101	0.144	0.0005497787143782138	0.0001972222054753592	0.010941469080752452	0.97989535	52.9864006	0.97165518	0.12027875959474375	0.01265	6e-05
0.1535	-0.2649	0.0982	8.37758040957278e-05	0.0002303834612632515	0.011658799403322121	0.98555005	53.29216766	0.97751116	0.17542472443200238	0.0113621	6e-05
0.1524	-0.2301	0.082	-0.000577703982410123	0.00022340214425527416	0.011536626355682518	0.97743851	52.85354996	0.97147678	0.0916317075576716	0.0112322	0.0001
0.1516	-0.1499	0.1522	-6.632251157578452e-05	-0.00022863813201125715	0.011051424823628093	1.05526233	57.06175995	1.02224795	0.22363116395776467	0.0103092	0.00012
0.1495	-0.1629	0.1549	0.00033335788713091696	-0.00021467549799530252	0.010719812265749171	0.94465113	51.08061981	0.95172247	0.05506277953007892	0.0116038	6e-05
0.1609	-0.2659	0.0938	0.0005148721293383271	-0.0001239183768915974	0.011306242894419267	1.00244057	54.20550156	0.9874112	0.2184350995990606	0.0106428	8e-05
0.1623	-0.2466	0.0736	0.0003316125578789226	0.0001308996938995747	0.011828096340765572	0.95743614	51.77194977	0.95703065	0.08889655442984408	0.0113698	0.00011
0.1549	-0.1528	0.1459	1.5707963267948964e-05	-0.00028797932657906436	0.011116002005951886	1.02577388	55.46721268	1.00474928	0.2458438974951649	0.0101805	3e-05
0.1673	-0.1602	0.1494	0.00035430183815484887	-0.0004188790204786391	0.011060151469888067	0.93819964	50.73176575	0.94402226	0.04956720524251473	0.0110949	4e-05
0.181	-0.2682	0.0962	0.0003054326190990077	-0.000291469985083053	0.011780972450961723	1.00462723	54.3237381	0.99062747	0.21975496177625417	0.0110445	4e-05
0.179	-0.2566	0.0604	0.0004363323129985824	-9.773843811168246e-05	0.012138764947620562	0.93952191	50.80326462	0.94466942	0.08352118687648916	0.0110534	4e-05
0.171	-0.1564	0.1146	0.00047647488579445195	-0.000486946861306418	0.011440633246822828	1.01452208	54.85878754	0.99601523	0.21877413483941688	0.0111012	2e-05
0.1741	-0.151	0.1448	0.0004415683007545654	-0.0005811946409141118	0.010992083629060288	0.94364727	51.02633667	0.95039909	0.06758519912050605	0.0117832	7e-05
0.2027	-0.2456	0.0899	0.00023561944901923448	-0.0005026548245743669	0.011552334318950468	1.00465441	54.32520676	0.99258662	0.2203369678982628	0.0109129	5e-05
0.2049	-0.2412	0.0468	0.00014137166941154068	-0.0005672320068981572	0.01204975315576885	0.95500594	51.64054108	0.95979826	0.08251218993749337	0.0108669	3e-05
0.2054	-0.1552	0.0845	3.316125578789226e-05	-0.0007958701389094143	0.011946778729901185	1.00655782	54.42813492	0.99333916	0.1461911485751286	0.0102784	6e-05
0.2022	-0.1221	0.074	-0.0005270894341022875	-0.00047123889803846896	0.011554079648202462	0.96809798	52.3484726	0.96616969	0.1106790506229924	0.0101547	5e-05
0.1917	-0.1623	0.0466	-0.0008028514559173916	-4.886921905584123e-05	0.011470303844106734	0.94842404	51.28463364	0.94932966	0.117195375244673	0.00988275	4e-05
0.183	-0.1555	0.0346	-0.0005951572749300663	1.3962634015954635e-05	0.011529645038674539	0.92836416	50.19992447	0.94120374	0.04399336143134636	0.0101335	8e-05
0.1658	-0.1537	0.0369	-0.0009093165402890458	4.18879020478639e-05	0.011351621454971119	0.97843283	52.9073143	0.97234636	0.04730540585471543	0.0112969	0.00014
0.1732	-0.1401	0.0659	-0.0013578661580515882	9.599310885968811e-05	0.011442378576074823	0.99666673	53.89328766	0.99255964	0.07967059728390352	0.011399	0.0001
0.1756	-0.0623	0.0783	-0.0008325220532012951	-0.00021118483949131387	0.011264354992371403	1.03264928	55.83899307	1.01484784	0.14312728184523577	0.00959837	2e-05
0.1613	-0.0751	0.109	-0.00102799892942466	9.075712110370512e-05	0.010651744424921393	0.98626029	53.33057404	0.97738331	0.11330147021341971	0.0103022	1e-05
0.1663	-0.205	0.072	-0.0008063421144213803	0.00012740903539558605	0.010875146569176668	1.02577901	55.46748734	1.0010001	0.1959855436775218	0.00962263	5e-05
0.1637	-0.2136	0.0412	-0.0010245082709206715	-1.7453292519943296e-05	0.011184069846779665	0.92917693	50.2438736	0.94050187	0.07559758810089089	0.0104405	4e-05
0.1598	-0.1859	0.0311	-0.0011780972450961724	-0.00016406094968746698	0.011014772909336213	0.93645722	50.63754654	0.94684734	0.06517467843932385	0.0100607	2e-05
0.1525	-0.0692	0.0778	-0.0014538592669112763	-0.00021118483949131387	0.010372491744602301	1.04634249	56.57942963	1.01539857	0.2189583538176432	0.0093767	7e-05
0.1558	-0.1271	0.0709	-0.0011100294042683937	-4.886921905584123e-05	0.010456267548698026	0.97382593	52.65820312	0.96706236	0.097596064358704	0.0104228	3e-05
0.1675	-0.1957	0.0414	-0.001706932008450454	0.00010821041362364843	0.01088387321543664	0.97787076	52.87692261	0.97237605	0.1688793951800082	0.0107302	7e-05
0.1634	-0.1549	0.0201	-0.0018884462506578647	5.4105206811824215e-05	0.011178833859023681	0.96262711	52.05264282	0.96287602	0.09272900463031385	0.0124073	4e-05
0.1699	-0.1006	0.0143	-0.0017296212887263805	-0.00020594885173533088	0.011369074747491064	0.9782939	52.89980316	0.97028489	0.0970559954473011	0.0109501	3e-05
0.1568	-0.0102	0.0677	-0.0018814649336498872	-0.00024609142453120044	0.010702358973229227	1.0196346	55.13524246	1.0001837	0.19983509959906065	0.010825	4e-05
0.1486	-0.0541	0.0682	-0.0020245819323134223	-0.00010995574287564276	0.010304423903774522	0.95652503	51.72268295	0.95779946	0.08645938748868985	0.0114232	5e-05
0.156	-0.1403	0.0384	-0.0020350539078253884	-4.0142572795869576e-05	0.010625564486141478	0.98725051	53.38411713	0.97668684	0.14347128639793474	0.0103568	4e-05
0.1583	-0.1408	0.01	-0.0020420352248333657	1.5707963267948964e-05	0.011040952848116129	0.94976401	51.35709	0.95101156	0.05511101075232232	0.011446	3e-05
0.1541	-0.1127	0.0207	-0.0019216075064457567	-3.490658503988659e-05	0.010910053154216554	0.96120036	51.97549438	0.95936845	0.05809709802975102	0.0106723	2e-05
0.1438	-0.0535	0.0604	-0.002139773662945048	-5.93411945678072e-05	0.010196213490150874	0.98917979	53.48844147	0.97677365	0.15702202150464456	0.0102153	4e-05
0.1375	-0.1297	0.0534	-0.0018570303241219666	7.330382858376184e-05	0.009985028650659561	0.9477219	51.24666595	0.94885925	0.1208286600732982	0.00940108	2e-05
0.1404	-0.1737	0.0083	-0.0019792033717615696	0.0001239183768915974	0.010494664792241901	0.95118868	51.43412781	0.95234436	0.1261211868764889	0.011052	4e-05
0.1341	-0.1546	-0.0182	-0.0018151424220741027	0.0002600540585471551	0.010543534011297744	0.93967956	50.81179047	0.94821303	0.06935329251994339	0.0110657	4e-05
0.1295	-0.0447	0.0347	-0.002186897552748895	-2.4434609527920616e-05	0.010004227272431497	1.01529515	54.90058899	0.99638589	0.22717752688080575	0.0104011	5e-05
0.1186	-0.0417	0.0448	-0.001947787445225672	0.0002705260340591211	0.009597565556716819	0.9257133	50.0565834	0.93739613	0.07103662334124712	0.00997704	2e-05
0.1163	-0.1421	0.0022	-0.0017697638615222502	0.0004014257279586958	0.009793042432940184	0.97108305	52.5098877	0.96581911	0.17052000769131803	0.00984901	4e-05
0.1159	-0.1373	-0.0253	-0.0016598081186466073	0.0004415683007545654	0.010152580258851015	0.94261825	50.9706955	0.95057091	0.058181807079117166	0.0111235	6e-05
0.1202	-0.0961	-0.002	-0.0018797196043978928	0.00023212879051524583	0.010180505526882926	0.96314746	52.08078003	0.96211138	0.0916638132011258	0.0116363	7e-05
0.1143	-0.0122	0.0366	-0.0016982053621904826	0.00039269908169872416	0.0100338978697154	1.01654053	54.96792984	0.99485201	0.1528346095279207	0.0111257	9e-05
0.1112	-0.076	0.0192	-0.0016632987771505957	0.0006056292504420323	0.010081021759519247	0.96935809	52.41661072	0.96550263	0.09904803217935208	0.0111408	5e-05
0.1088	-0.2307	0.0025	-0.0008395033702092724	0.0011431906600562858	0.01022762941668677	1.19055486	64.37750244	1.13982145	0.249198223686155	0.0158529	0.00077
0.1266	-0.0849	-0.0203	-0.0007976154681614085	0.0005026548245743669	0.010864674593664702	1.18046045	63.83166122	1.12675387	0.25237344572538567	0.0125354	9e-05
0.1128	-0.0419	-0.0103	-0.0017697638615222502	0.0007644542123735164	0.010328858513302442	1.04457772	56.48400116	1.01924864	0.15528819307611255	0.0126117	0.0001
0.1048	-0.0595	-0.0429	-0.0016231562043547262	0.0008587019919812101	0.010253809355466686	0.9919011	53.63559341	0.98590036	0.07399522973054865	0.0142875	8e-05
0.1009	-0.1008	-0.0582	-0.0014451326206513049	0.0007993607974134029	0.010283479952750588	0.97260046	52.59193802	0.97240031	0.07385176877775652	0.0137496	7e-05
0.093	-0.0958	-0.0544	-0.002309070600388498	0.0008761552845011534	0.01007054978400728	0.96457297	52.15786362	0.97029024	0.07438313177841258	0.0146096	0.0001
0.0688	-0.0635	-0.0146	-0.002874557278034661	0.0011606439525762293	0.008478809506188453	1.03312004	55.86444855	1.02375272	0.21838578117700333	0.0148234	0.00033
0.0739	-0.0603	-0.0278	-0.002542944720155738	0.0011135200627723821	0.008639379797371931	1.06396222	57.53218842	1.04741165	0.04846533694331244	0.0146444	0.00015
0.0944	-0.0092	0.0202	-0.002844886680750757	0.0006684611035138282	0.00896226570899088	1.02919173	55.65202713	1.01194036	0.17309434157362608	0.0131423	5e-05
0.1021	-0.0276	0.0391	-0.0033527774930811067	0.0005689773361501514	0.009025097562062679	0.98173916	53.08610153	0.97566208	0.07851032163829123	0.0139809	6e-05
0.1172	-0.1547	-0.0026	-0.003387684078120994	0.00047647488579445195	0.009417796643761401	1.04415298	56.46103287	1.01539557	0.20990540585471543	0.0141814	9e-05
0.1132	-0.1603	-0.036	-0.0030874874467779687	0.0005846852994181004	0.00973544656762437	0.92572254	50.05708313	0.94092585	0.0793028484414821	0.0153664	0.00013
0.124	-0.1252	-0.0306	-0.0026005405854715507	0.0004206243497306334	0.010211921453418822	0.93722856	50.67925644	0.95026362	0.10767413483941687	0.01313	7e-05
0.1227	-0.0299	0.0512	-0.0026773350725593018	0.0002722713633111154	0.009637708129512687	1.0549475	57.04473495	1.02850445	0.2183680398706702	0.0122665	5e-05
0.1165	-0.0669	0.0499	-0.0024923301718479027	0.0002495820830351891	0.00927118898659388	0.94397467	51.04404068	0.9536551	0.07321066619530665	0.0110146	3e-05
0.1061	-0.1228	-0.0103	-0.0027052603405912107	0.0003647738136668148	0.009300859583877783	0.97250021	52.58651733	0.9670977	0.14438962483294188	0.0120177	6e-05
0.1009	-0.1069	-0.041	-0.0025726153174396417	0.00047822021504644627	0.009377654070965533	0.92704582	50.12863922	0.94010328	0.06794429558094754	0.0124969	6e-05
0.1035	-0.0306	0.0231	-0.0024609142453120045	0.0002443460952792061	0.009066985464110541	1.02296889	55.31554031	1.00236895	0.17581218993749345	0.0110971	5e-05
0.0951	-0.0063	0.0645	-0.0022741640153486112	0.0004380776422505767	0.008625417163355976	0.95336664	51.55189896	0.95637818	0.11520250388446644	0.0106251	6e-05
0.1002	-0.1187	0.0253	-0.001785471824790199	0.000439822971502571	0.008995426964778775	0.98448956	53.23482513	0.97689835	0.19972236606166024	0.0103653	2e-05
0.0934	-0.1219	-0.0561	-0.001424188669627373	0.0008168140899333463	0.009407324668249437	0.98886937	53.4716568	0.98058658	0.14890859885321314	0.0112978	6e-05
0.0914	-0.0847	-0.0006	-0.0012863076587198209	0.0005742133239061344	0.008964011038242875	1.013569	54.80725479	0.99452757	0.13588977034706629	0.0110796	6e-05
0.0799	-0.0296	0.0497	-0.001129228026040331	0.0007941248096574199	0.008141960960553548	1.0148052	54.87409592	0.99990767	0.1768520598060051	0.00971103	2e-05
0.0857	-0.1548	0.032	-0.0014660765716752368	0.0007906341511534313	0.00825191670342919	1.00180757	54.17127228	0.98599283	0.17121474735072675	0.00986516	1e-05
0.0934	-0.1543	-0.0002	-0.0013421581947836393	0.000874409955249159	0.008679522370167801	0.95105499	51.42689896	0.9542435	0.07216499238629683	0.0102448	6e-05
0.0908	-0.1388	-0.0041	-0.001572541656046891	0.000778416846389471	0.008637634468119937	0.96628571	52.25047684	0.96272453	0.04041322360854018	0.0100969	6e-05
0.0852	-0.0237	0.0472	-0.001509709802975095	0.0006387905062299246	0.008237954069413234	1.03964722	56.21739578	1.00794363	0.20210692959690224	0.0101755	6e-05
0.0828	-0.0582	0.0486	-0.0015987215948268059	0.0009023352232810684	0.008180358204097423	0.95486909	51.63314056	0.95393159	0.05880761871093328	0.0100526	3e-05
0.0922	-0.1346	0.0118	-0.0016702800941585732	0.0011938052083641214	0.00894132175796695	1.00539911	54.3654747	0.98719398	0.17879960191421732	0.010664	5e-05
0.0938	-0.1073	-0.0197	-0.0017366026057343581	0.0014067353771074296	0.00942128730226539	0.98131889	53.06337357	0.97346225	0.09836091123087665	0.0118678	9e-05
0.092	-0.0693	-0.0172	-0.0015707963267948967	0.0012252211349000194	0.00936543676620157	0.98665416	53.35187149	0.97347675	0.062458552860534575	0.0114902	4e-05
0.0891	0.006	0.0546	-0.0016615534478986017	0.0009180431865490173	0.00880518607631139	1.05327046	56.95404816	1.01951024	0.1979092879672444	0.0108756	2e-05
0.0903	-0.0409	0.0659	-0.0013910274138394805	0.0009302604913129776	0.008581783932056119	0.95867199	51.83877563	0.95766948	0.08470727415391768	0.00947738	4e-05
0.0993	-0.1392	0.0305	-0.0012007865253720988	0.0009669124056048585	0.00916297857297023	0.99777234	53.95307159	0.98278546	0.1831043721836687	0.00974452	2e-05
0.1054	-0.1341	0.0091	-0.0016423548261266642	0.0008412486994612669	0.00952949771588904	0.96949923	52.42424393	0.9636139	0.07928755749084831	0.00991911	2e-05
0.1038	-0.1038	0.0298	-0.001446877949903299	0.0006649704450098395	0.009314822217893735	0.97561657	52.75503159	0.96764202	0.08192153143350489	0.00906241	3e-05
0.0924	-0.0525	0.08	-0.0014922565104551516	0.0007888888219014368	0.00874409955249159	0.99166685	53.6229248	0.97856617	0.1499009801422797	0.00995088	4e-05
0.0943	-0.1507	0.0449	-0.001408480706359424	0.0009023352232810684	0.008969247025998859	1.01120675	54.67951965	0.98941906	0.1563184839491314	0.00936842	5e-05
0.0963	-0.1565	-0.0079	-0.0013927727430914749	0.0007853981633974483	0.009484119155337187	0.99231064	53.65773773	0.9824784	0.09297585762449487	0.0112605	8e-05
0.1026	-0.1186	0.0018	-0.0016283921921107093	0.0006161012259539982	0.009265952998837895	0.99613214	53.86437988	0.98366806	0.08505412714809879	0.0103781	6e-05
0.0947	-0.022	0.0728	-0.0018762289458939042	0.0008080874436733745	0.008686503687175778	1.07733226	58.25515366	1.03483174	0.22646361415823443	0.0115542	5e-05
0.0997	-0.0905	0.0543	-0.0016824973989225337	0.0008726646259971648	0.008703956979695721	0.98957944	53.51005173	0.9809601	0.10578810109075516	0.00990504	5e-05
0.1073	-0.1142	0.0119	-0.0017383479349863521	0.0006335545184739417	0.009241518389309976	0.98793834	53.42131042	0.97744501	0.11532610266006482	0.0101277	4e-05
0.1181	-0.113	0.0161	-0.001858775653373961	0.0004904375198104066	0.00965516142203263	0.96522474	52.1931076	0.95876222	0.050059387488689905	0.0100824	4e-05
0.1137	-0.075	0.059	-0.0018657569703819383	0.0005707226654021458	0.009391616704981487	0.97671515	52.81443405	0.96950104	0.102840558982543	0.00954908	1e-05
0.1021	-0.0353	0.0998	-0.0018064157758141308	0.0007819075048934597	0.008777260808279484	0.99884409	54.01102448	0.9803477	0.1363440965380562	0.0106602	5e-05
0.1023	-0.1379	0.0761	-0.002001892652037496	0.0009843656981248017	0.008948303074974929	1.0171864	55.00285721	0.99293426	0.15494886680750755	0.00996208	0.0001
0.1123	-0.1553	0.0382	-0.0019216075064457567	0.0007801621756414653	0.009482373826085192	0.97401011	52.6681633	0.96640044	0.10622797095926693	0.0100953	5e-05
0.1251	-0.145	0.021	-0.001748819910498318	0.000598647933434055	0.009992009967667536	0.98644787	53.34071732	0.97023811	0.08349689898685964	0.0103211	3e-05
0.1194	-0.0323	0.0697	-0.001785471824790199	0.0007801621756414653	0.009334020839665676	1.06250095	57.45317459	1.0225623	0.21090776422505753	0.0113098	5e-05
0.1133	-0.0755	0.106	-0.001322959573011702	0.0010367255756846318	0.008609709200088028	0.98748374	53.39672852	0.97884066	0.1577693645699656	0.009817	1e-05
0.1136	-0.1905	0.0439	-0.0018936822384138475	0.0007801621756414653	0.00918741318249815	1.06884432	57.79618073	1.02907296	0.24764950239277173	0.010271	4e-05
0.1114	-0.1747	0.0069	-0.0021118483949131386	0.00041189770347066176	0.009197885158010117	0.97220576	52.57059479	0.97080704	0.08484513020910305	0.0109652	4e-05
0.0993	-0.105	0.0009	-0.0024050637092481865	0.0006754424205218055	0.008930849782454984	0.97317815	52.62317657	0.97162299	0.1289897703470662	0.0114445	4e-05
0.0864	-0.056	-0.0006	-0.002333505209916419	0.0008656833089891874	0.008803440747059398	0.95342684	51.55515289	0.95517531	0.08286042115973676	0.011716	7e-05
0.0836	-0.0232	-0.0043	-0.00214850030920502	0.0008499753457212384	0.008815658051823359	0.9401018	50.83462143	0.9481114	0.04994650843716546	0.0123796	5e-05
0.0959	-0.0381	0.0332	-0.002855358656262723	0.0006387905062299246	0.008897688526667093	0.99728692	53.92682266	0.99652781	0.11470368306963756	0.0138459	0.00018
0.1071	0.0007	0.0397	-0.002371902453460294	0.00035604716740684323	0.009217083779782056	1.05503821	57.04964066	1.04039047	0.11077973973702368	0.012352	7e-05
0.0938	0.0178	0.0826	-0.0019373154697137059	0.0006894050545377602	0.00840899633610868	1.02189958	55.25771332	1.00644651	0.1521016157275441	0.0114597	5e-05
0.1041	-0.1284	0.0154	-0.0018762289458939042	0.0006073745796940267	0.008934340440958973	1.09598577	59.26381683	1.05121538	0.25712305517569145	0.0104428	3e-05
0.1105	-0.1511	-0.0193	-0.001960004749989632	0.00038397243543875244	0.009286896949861827	0.94258928	50.96912766	0.94866704	0.09678672286269285	0.0113984	5e-05
0.0926	-0.0576	0.0523	-0.002324778563656447	8.901179185171081e-05	0.008494517469456403	1.04056752	56.26715851	1.01616362	0.2556056968829641	0.0109668	5e-05
0.0604	-0.0881	0.0653	-0.0018901915799098587	0.0008185594191853405	0.007869689597242433	0.96738148	52.30973053	0.96791081	0.16514812416470936	0.0103232	5e-05
0.0577	-0.1565	-0.0052	-0.0023753931119642824	0.0014224433403753785	0.00829205927622506	1.0675447	57.72591019	1.03460526	0.2171727566113544	0.0129254	0.00011
0.067	-0.0963	-0.0328	-0.0036250488563922224	0.0016615534478986017	0.008749335540247573	1.03355515	55.88797379	1.01390071	0.19440210579868383	0.0160109	0.00011
0.0682	0.0107	0.0056	-0.0035150931135165793	0.001998401993533507	0.008798204759303414	1.03981519	56.22647858	1.01109077	0.17138367537831947	0.0173647	0.00012
0.0635	0.0479	0.0547	-0.003199188518905606	0.002324778563656447	0.008407251006856685	1.02318788	55.32737732	0.99953318	0.14266174585903213	0.0165114	0.00014
0.0777	-0.0343	0.0379	-0.002930407814098479	0.0022846359908605773	0.00882787535658732	1.00185537	54.17385483	0.99210841	0.14967738136668157	0.0145291	9e-05
0.0893	-0.0591	0.0057	-0.0032567843842214186	0.0021572269554649913	0.009478883167581205	0.99215227	53.64917374	0.98557264	0.12383967082562054	0.0158036	0.0001
0.0974	-0.0337	0.0019	-0.0028640853025226946	0.0017924531417981763	0.009690068007072518	0.98363209	53.18845749	0.97498668	0.08573288674284257	0.0144329	5e-05
0.0888	0.0314	0.0574	-0.0031311206780778272	0.0018133970928221085	0.00882787535658732	1.00316918	54.24489594	0.99187762	0.18670859885321311	0.0149875	7e-05
0.0753	-0.0285	0.0681	-0.003303908274025266	0.0021676989309769574	0.008218755447641298	0.94815737	51.27021408	0.9554275	0.1409104671524154	0.0141475	0.00011
0.0702	-0.1059	0.0596	-0.0032934362985133003	0.0021746802479849347	0.008026769229921921	1.01947308	55.12650299	1.01225203	0.10147197551196598	0.0161727	0.00033
0.0748	-0.1392	0.0729	-0.004386012410261751	0.002303834612632515	0.007936012108818216	1.09262145	59.08189392	1.06928748	0.1168243798749868	0.0170189	0.00052
0.0849	-0.1177	0.0316	-0.003940953451003196	0.0021135937241651332	0.008492772140204406	1.07841146	58.31351471	1.05404866	0.13250299395560633	0.016741	0.0002
0.0869	-0.1058	-0.0079	-0.003920009499979264	0.0018360863730980347	0.008899433855919086	0.98570347	53.30046463	0.97826524	0.0886556508902855	0.0165822	0.00029
0.0958	-0.0256	0.0248	-0.003733259270015871	0.001473057888683214	0.008990190977022791	0.98451561	53.23623276	0.97751318	0.15382679177409597	0.016848	0.00024
0.0937	0.0401	0.0562	-0.003953170755767157	0.0015481070465189703	0.008772024820523501	0.99614012	53.86481094	0.98430711	0.1248563400043166	0.0173153	0.00035
0.0989	-0.0657	0.0134	-0.004131194339470578	0.001562069680534925	0.009124581329426356	1.03341353	55.88031387	1.00959842	0.18102713633111153	0.0185566	0.00026
0.1008	-0.0794	-0.0359	-0.003909537524467298	0.001509709802975095	0.009841911651996023	0.99825144	53.9789772	0.98508673	0.11446735075663889	0.0181237	0.00042
0.0977	-0.0254	-0.02	-0.0033231068957972035	0.0014049900478554352	0.009649925434276646	1.01556468	54.91516495	0.99211086	0.11715683007545656	0.0167417	0.00029
0.0899	0.0491	0.0596	-0.003298672286269283	0.0015777776438028737	0.008862781941627205	1.05270731	56.92359924	1.02253303	0.21111828490624	0.0162818	0.0002
0.0938	-0.0372	0.0174	-0.0031503192998497648	0.0018465583486100008	0.009004153611038746	1.0041815	54.29963684	0.9968112	0.16032526803190933	0.0155016	7e-05
0.1073	-0.0876	-0.015	-0.003321361566545209	0.0017366026057343581	0.009836675664240041	0.98094547	53.04318237	0.97398939	0.1519760031386191	0.0157269	0.00012
0.1093	-0.0409	-0.0057	-0.0035849062835963527	0.001668534764906579	0.009766862494160268	0.94730079	51.22389603	0.95155683	0.07807128639793479	0.0163203	0.00011
0.0968	0.0319	0.057	-0.0035203291012725624	0.0019390607989657003	0.008991936306274786	1.01018274	54.62414551	0.99395843	0.2035014702134197	0.0160394	0.00013
0.1139	-0.0788	0.0488	-0.003220132469929538	0.0022846359908605773	0.00944048592403733	0.99787414	53.9585762	0.98860105	0.19071607205002225	0.0141984	5e-05
0.1307	-0.1073	0.0144	-0.002834414705238791	0.0020664698343612863	0.010196213490150874	0.94551218	51.12717819	0.95652568	0.14768057436517915	0.0138279	4e-05
0.1327	-0.098	0.0038	-0.0026441738167714093	0.0019198621771937623	0.010484192816729937	0.93245506	50.42113495	0.94040912	0.05314139361069844	0.0145961	5e-05
0.1231	-0.0154	0.0434	-0.002700024352835228	0.0020176006153054447	0.009751154530892318	1.01910591	55.10665512	0.99834035	0.17613136300065607	0.0138186	0.00012
0.1188	-0.0297	0.0642	-0.0025272367568877894	0.002183406894244906	0.009423032631517385	0.96064168	51.9452858	0.96030518	0.07273578871309164	0.0141758	7e-05
0.1268	-0.1087	0.0077	-0.002642428487519415	0.002082177797629235	0.010040879186723379	1.00264299	54.21644211	0.98876804	0.1852133691226645	0.0136569	7e-05
0.1175	-0.0968	-0.0289	-0.002750638901143063	0.002054252529597326	0.010337585159562415	0.96244276	52.04267502	0.96063369	0.07944208272472966	0.0149161	0.00011
0.1143	-0.0357	0.024	-0.002825688058978819	0.0021048670779051613	0.009777334469672236	1.00814068	54.51372528	0.99259708	0.15149571980168855	0.0154037	0.0001
0.1062	-0.0044	0.0665	-0.0030874874467779687	0.0022060961745208325	0.009075712110370514	0.9654699	52.20636368	0.96699658	0.13513254218582707	0.0145154	9e-05
0.1127	-0.1084	0.0227	-0.0029548424236264	0.002090904443889207	0.009534733703645023	0.99054468	53.56224442	0.98477562	0.18964291735288513	0.0134314	8e-05
0.1142	-0.1296	-0.0223	-0.0026511551337793865	0.0019181168479417679	0.010197958819402868	0.95586103	51.68677902	0.95953277	0.12468500007761492	0.0136323	6e-05
0.1091	-0.0912	0.002	-0.002581341963699613	0.0019146261894377795	0.009854128956759984	0.9679544	52.34070969	0.96675897	0.0886566845613323	0.0137799	5e-05
0.0987	-0.0104	0.0723	-0.002453932928304027	0.0020245819323134223	0.008929104453202991	1.04860854	56.70196152	1.02311211	0.2196194640914111	0.0125858	5e-05
0.0969	-0.0738	0.0435	-0.002054252529597326	0.0020664698343612863	0.008895943197415098	0.96865004	52.37832642	0.97284563	0.11773647782712292	0.0116982	6e-05
0.099	-0.1286	0.0062	-0.0024678955623199817	0.0017976891295541592	0.00933576616891767	0.97613704	52.78317261	0.97026759	0.15031233545161776	0.0139268	7e-05
0.0928	-0.082	0.0046	-0.002542944720155738	0.00182212373908208	0.0092031211457661	0.97132045	52.52272415	0.96469384	0.06600643952576235	0.0130718	7e-05
0.0941	-0.0012	0.0695	-0.002541199390903744	0.0019250981649497454	0.00873188224772763	1.04486299	56.4994278	1.0141182	0.17579793265790652	0.0131305	0.00011
0.0927	-0.0681	0.0628	-0.0023998277214922034	0.001954768762233649	0.00865508776063988	0.97008294	52.45580673	0.96460768	0.08739183768915972	0.0125523	5e-05
0.0827	-0.1281	0.0015	-0.0022968532956245376	0.001574286985298885	0.009053022830094588	0.99963748	54.05392456	0.98626804	0.17536956361285688	0.011857	4e-05
0.0856	-0.0997	-0.0205	-0.0023387411976724015	0.001509709802975095	0.00930435024238177	0.96021187	51.92204285	0.95693272	0.07118962483294183	0.0123179	4e-05
0.0881	-0.0258	0.0286	-0.0028099800957108703	0.0015463617172669759	0.008988445647770796	1.01277566	54.76435089	0.99540555	0.16668977034706617	0.0130973	4e-05
0.0781	-0.0334	-0.0008	-0.0030002209841782524	0.0019181168479417679	0.008665559736151846	0.96422935	52.13928223	0.96500345	0.09124409653805624	0.0147161	7e-05
0.0749	-0.0869	-0.0019	-0.0031555552876057474	0.0021746802479849347	0.008826130027335325	0.94348788	51.01771927	0.95072943	0.08642339973270705	0.0140248	7e-05
0.071	-0.0775	-0.006	-0.0031468286413457764	0.0021170843826691216	0.00893259511170698	0.93598866	50.61220932	0.94674971	0.026039379797371982	0.0151226	0.0001
0.0683	-0.0764	-0.0121	-0.003038618227722128	0.002008873969045473	0.009004153611038746	0.92259979	49.88822556	0.93784344	0.024298966328953155	0.0154242	0.00011
0.0613	-0.0518	-0.0161	-0.002939134460358451	0.002005383310541485	0.008862781941627205	0.93608356	50.61734009	0.94781023	0.04781730476396033	0.0153559	0.00023
0.0595	-0.0401	-0.0073	-0.0029146998508305304	0.0016545721308906245	0.008653342431387885	1.02193475	55.25962067	1.01115622	0.05153426497090505	0.0151169	0.00022
0.0638	0.0451	-0.0045	-0.0013404128655316449	0.0012095131716320703	0.008496262798708396	1.09679365	59.30750275	1.06206038	0.20112127886184644	0.0134852	6e-05
0.0633	-0.0053	0.0165	-0.0013980087308474581	0.0013910274138394805	0.008121017009529614	0.97887605	52.93128204	0.97379048	0.10261779483510022	0.0117604	8e-05
0.0679	-0.1114	-0.0297	-0.001192059879112127	0.0012514010736799342	0.008447393579652554	0.99679089	53.90000153	0.98358567	0.19049758810089087	0.0109813	5e-05
0.0738	-0.1206	-0.0536	-0.0012636183784438947	0.0011903145498601325	0.00891688714843903	0.92738569	50.14701462	0.94075195	0.06910692959690228	0.0126892	5e-05
0.0779	-0.0852	-0.0435	-0.0010821041362364843	0.0010157816246606998	0.008902924514423075	0.95885152	51.84848404	0.96053336	0.06810049007113993	0.0112854	7e-05
0.0718	-0.0113	0.0349	-0.0010210176124166828	0.0011606439525762293	0.00809832772925369	1.04738379	56.63573456	1.01962044	0.20892728184523585	0.0108907	4e-05
0.0689	-0.0597	0.0046	-0.0007888888219014368	0.0012932889757277981	0.008150687606813518	0.97402984	52.66923141	0.96907515	0.1024566845613322	0.0104777	5e-05
0.0705	-0.1167	-0.0326	-0.0007086036763096977	0.0012199851471440364	0.008717919613711676	0.97066355	52.48720169	0.96472755	0.1318410490536829	0.0109199	4e-05
0.0641	-0.0643	-0.0295	-0.001270599695451872	0.0013456488532876281	0.008637634468119937	0.95512694	51.64708328	0.95949505	0.10029724354387524	0.0126544	4e-05
0.0618	0.0251	0.0406	-0.0017086773377024485	0.0013543754995475996	0.00808261976598574	1.06107223	57.37591934	1.02687866	0.21189094953223728	0.0129541	4e-05
0.0553	-0.0036	0.0221	-0.0010716321607245184	0.0013386675362796509	0.007716100623066931	0.96743953	52.31287003	0.96529726	0.10466361415823432	0.0115466	5e-05
0.0529	-0.1022	-0.0449	-0.001069886831472524	0.0012897983172238095	0.008208283472129332	1.01553571	54.91360092	0.99681533	0.1951398698685118	0.011622	7e-05
0.0529	-0.0671	-0.052	-0.0009162978572970229	0.0011379546723003027	0.008220500776893291	0.9391166	50.78134918	0.94746125	0.058082496193148335	0.0118238	5e-05
0.0495	0.0134	0.0036	-0.0012322024519079964	0.0012130038301360591	0.007648032782239152	1.00765932	54.4876976	0.9962789	0.18767108735504348	0.0123011	6e-05
0.0485	-0.0364	0.0185	-0.001291543646475804	0.0013316862192716734	0.007347836150896126	0.94609535	51.15871429	0.95194706	0.08961101075232236	0.0105416	1e-05
0.0521	-0.1137	-0.0148	-0.0010925761117484504	0.0012618730491919003	0.0077876591223986985	0.95924312	51.86965942	0.95772377	0.14963018381548493	0.0104519	5e-05
0.052	-0.1036	-0.0491	-0.001022762941668677	0.001186823891356144	0.008183848862601411	0.96221757	52.0304985	0.95810101	0.0715526034059121	0.0121792	4e-05
0.0415	-0.0308	-0.0272	-0.0009529497715889039	0.0010821041362364843	0.007567747636647412	0.99449468	53.77583694	0.97740876	0.14473170755767156	0.011422	4e-05
0.0382	0.0133	0.023	-0.0011606439525762293	0.0013369222070276565	0.007215191127744558	0.98532301	53.27989197	0.97597259	0.13835343803406755	0.0119583	6e-05
0.0483	-0.0884	0.0009	-0.0009791297103688187	0.0012217304763960308	0.007452555906015787	1.00261331	54.21483994	0.98767243	0.1606035375555133	0.0103799	2e-05
0.0563	-0.0856	-0.0393	-0.0011379546723003027	0.001048942880448592	0.00796568270610212	0.96186334	52.01134491	0.9605387	0.09323696789826277	0.0109371	8e-05
0.0595	-0.0348	-0.0283	-0.0012025318546240932	0.0009459684545809266	0.007936012108818216	0.94825047	51.27524948	0.95051206	0.074861110273768	0.0110898	2e-05
0.054	0.0392	0.0392	-0.0015917402778188286	0.001298524963483781	0.007464773210779748	1.03471458	55.95066833	1.00826123	0.2076501915068029	0.0128536	7e-05
0.0538	-0.0394	0.0235	-0.0014905111812031574	0.0014451326206513049	0.007335618846132167	0.97716331	52.83866882	0.96993279	0.1133495559215388	0.0112143	4e-05
0.0575	-0.0751	-0.004	-0.0017505652397503124	0.0014590952546672592	0.007693411342791005	0.9607386	51.95052719	0.96108999	0.09849045946109733	0.0121289	2e-05
0.0553	-0.0603	-0.037	-0.0018779742751458986	0.001350884841043611	0.00797790001086608	0.96734029	52.30750275	0.96623702	0.0760054058547155	0.0127746	5e-05
0.0485	-0.0658	-0.0226	-0.0022985986248765322	0.0012042771838760874	0.0077440258910988395	1.05351067	56.96704102	1.04064436	0.06675530633326988	0.014908	0.00033
0.0558	-0.0672	-0.0207	-0.002925171826342496	0.0010838494654884787	0.00797790001086608	1.08065534	58.43484497	1.0628985	0.059643751981040646	0.0146981	0.00012
0.0615	0.0151	-0.0043	-0.0018657569703819383	0.0010314895879286487	0.007902850853030323	1.0857408	58.70983505	1.05353521	0.16374119456780722	0.0127369	2e-05
0.0658	-0.0081	-0.0406	-0.002097885760897184	0.001064650843716541	0.008264134008193149	0.99831402	53.98236084	0.98797178	0.09512866007329816	0.0137982	8e-05
0.0598	-0.0556	-0.0747	-0.0020839231268812296	0.0009581857593448868	0.008436921604140588	0.94078231	50.871418	0.94864886	0.10226076571675242	0.014262	6e-05
0.0566	0.0017	-0.0218	-0.0018517943363659836	0.0009040805525330626	0.007873180255746421	0.98094773	53.04330444	0.97631109	0.15589876728606186	0.0128179	8e-05
0.0471	0.0225	0.0256	-0.0018029251173101424	0.001085594794740473	0.007255333700540428	0.98128021	53.06128311	0.9755916	0.12011150082346223	0.0137976	5e-05
0.0599	-0.1056	-0.0098	-0.0012130038301360591	0.0010786134777324957	0.007642796794483169	1.02534819	55.44419098	1.0061581	0.22551828490624007	0.0104523	5e-05
0.0669	-0.1284	-0.0326	-0.000879645943005142	0.0010088003076527223	0.008122762338781609	0.96579719	52.22406006	0.9613989	0.09675683007545649	0.0115051	8e-05
0.066	-0.089	-0.0345	-0.0006894050545377602	0.0009704030641088471	0.008004079949645995	0.98775667	53.41148758	0.9720484	0.059566026057343575	0.0106144	2e-05
0.059	0.0087	0.0141	-0.0008761552845011534	0.0012164944886400475	0.007307693578100258	1.03828108	56.14352417	1.00852749	0.20976140130201648	0.0111933	7e-05
0.0619	-0.0468	0.029	-0.0008168140899333463	0.0011938052083641214	0.007250097712784445	0.95201403	51.47875595	0.95591522	0.08028131700797735	0.0103388	2e-05
0.0665	-0.0923	-0.0132	-0.0003351032163829112	0.0009546951008408983	0.007529350393103537	0.98266166	53.13598251	0.97705691	0.14230368306963753	0.0112733	0.0001
0.0554	-0.0239	-0.0347	-0.0004974188368183839	0.0008412486994612669	0.007120943348136864	1.00121713	54.13934326	0.9903209	0.13520845333908887	0.0113689	7e-05
0.0481	0.0661	0.0204	-0.000932005820564972	0.0010419615634406148	0.006850417314077744	1.01403511	54.83245468	0.99681773	0.19769129408925284	0.0130085	8e-05
0.0518	-0.0167	-0.0169	-0.0008203047484373349	0.0010960667702524388	0.0071087260433729035	0.98577195	53.3041687	0.97566933	0.14500575041173103	0.0113058	4e-05
0.0618	-0.0669	-0.0838	-0.001504473815219112	0.0007033676885537148	0.0077440258910988395	1.01958632	55.13262939	1.00116328	0.21270839981032183	0.0130258	5e-05
0.064	-0.02	-0.0773	-0.001574286985298885	0.0005742133239061344	0.007763224512870777	0.95438343	51.60688019	0.95798874	0.06650830782496456	0.0138305	7e-05
0.0516	0.0632	0.0019	-0.0016772614111665507	0.0010262536001726657	0.007031931556285153	1.05385852	56.98584747	1.02488642	0.23911538293599105	0.0137706	7e-05
0.0532	0.0056	0.0034	-0.0015481070465189703	0.0011257373675363424	0.0069865529957333005	0.97096682	52.50360107	0.96821249	0.07440083462815548	0.0122921	7e-05
0.0523	-0.0711	-0.062	-0.001621410875102732	0.0009232791743050004	0.007396705369951969	1.02073133	55.19454575	1.00281171	0.1772957198016886	0.0132689	5e-05
0.0562	-0.0329	-0.0611	-0.0017470745812463236	0.0007278022980816354	0.007356562797156099	0.98141539	53.06859207	0.97362807	0.06106415775814135	0.0135259	6e-05
0.0545	0.0612	-0.0027	-0.002057743188101315	0.0009686577348568529	0.007005751617505238	1.02314699	55.32516479	1.00179906	0.19931676116405347	0.0141566	9e-05
0.0539	-0.0053	-0.0003	-0.0020106192982974674	0.0011397000015522971	0.006838200009313782	0.96278596	52.06123352	0.96389195	0.08878588823453734	0.0129744	5e-05
0.0557	-0.0848	-0.0603	-0.0018238690683340744	0.0009651670763528643	0.007339109504636156	1.01066601	54.65027618	0.99403571	0.18440963252425993	0.0137691	4e-05
0.0547	-0.085	-0.0849	-0.0019722220547535923	0.0009250245035569946	0.007675958050271062	0.96480936	52.17064667	0.96488755	0.05206720524251469	0.0139261	7e-05
0.059	-0.0129	-0.0945	-0.0015219271077390555	0.0007801621756414653	0.007960446718346137	0.97786272	52.87648773	0.97314169	0.12998229715025708	0.0150672	4e-05
0.0539	0.0638	-0.0442	-0.0016912240451825054	0.0008621926504851988	0.007363544114164076	1.0074712	54.4775238	0.99289357	0.17451150082346223	0.0145369	7e-05
0.0525	0.0256	0.0062	-0.0017331119472303693	0.0010210176124166828	0.00680852941202988	0.96623123	52.24753189	0.96937831	0.12778637830567724	0.0137368	9e-05
0.0619	-0.079	-0.0167	-0.0014049900478554352	0.000879645943005142	0.006935938447425466	0.98081666	53.03621674	0.97326189	0.16674513020910303	0.0110093	1e-05
0.0683	-0.0836	-0.036	-0.001335176877775662	0.0008011061266653974	0.007410668003967923	0.93427324	50.51945114	0.94174307	0.061454127148098746	0.0110465	4e-05
0.062	-0.0685	-0.0526	-0.0012007865253720988	0.0007976154681614085	0.007454301235267781	0.93666279	50.64866257	0.94332233	0.047075712110370496	0.0117663	8e-05
0.0543	0.0214	-0.0226	-0.0014276793281313615	0.0009250245035569946	0.0069586277277013915	1.00348771	54.26212311	0.98589289	0.1700987672860619	0.0125606	7e-05
0.0539	0.0	-0.0081	-0.0017174039839624202	0.0009896016858807848	0.006829473363053811	0.93132246	50.35988998	0.94047853	0.06047281014012147	0.0123869	3e-05
0.0581	-0.0754	-0.0569	-0.001595230936322817	0.0009128071987930344	0.007281513639320344	0.97012091	52.45785904	0.96822838	0.16095039054969432	0.0123775	5e-05
0.063	-0.0865	-0.0866	-0.0015271630954950383	0.0007504915783575615	0.007812093731926618	0.94393933	51.04212952	0.94940556	0.08374817769347628	0.0142383	0.0001
0.0623	0.0138	-0.0415	-0.0017034413499464657	0.0007609635538695277	0.007276277651564359	1.01336038	54.79597092	0.99487761	0.18222831551628263	0.0131609	5e-05
0.0458	0.0098	-0.0042	-0.0013281955607676848	0.001324704902263696	0.006585127267774605	1.08277941	58.54970551	1.0560814	0.13930687606813516	0.0153336	0.0003
0.0514	-0.0692	-0.0207	2.268928027592628e-05	0.0016824973989225337	0.006887069228369624	1.26966572	68.65530396	1.19708162	0.20163096491487345	0.0160374	0.00058
0.0704	0.0064	-0.055	-0.0019285888234537342	0.0014189526818713899	0.007524114405347554	1.19826746	64.79454803	1.14029459	0.27149339988793675	0.0159094	0.00011
0.0582	-0.0366	-0.0718	-0.0016842427281745281	0.0013962634015954637	0.007696902001294993	0.9778499	52.87579346	0.97529358	0.09399114857512857	0.0143758	6e-05
0.0555	-0.0533	-0.0356	-0.0022165681500327986	0.00119729586686811	0.0075886915876713455	1.05700243	57.15585327	1.0440786	0.0975751685104636	0.0156131	0.00035
0.0765	-0.0251	-0.0535	-0.0015690509975429022	0.0003700098014227979	0.008185594191853404	1.13674402	61.46776199	1.10259749	0.17068529110586336	0.0137174	0.00018
0.0729	0.032	-0.0877	-0.000661479786505851	0.0003787364476827695	0.008087855753741723	1.05406976	56.99727249	1.02528242	0.14560181477043518	0.0143939	8e-05
0.0651	-0.0769	-0.1057	-0.0005532693728822024	0.000577703982410123	0.007955210730590153	1.03486586	55.95885086	1.01144224	0.15669114857512856	0.0132941	8e-05
0.0713	0.008	-0.0765	-0.0008587019919812101	0.0005358160803622592	0.007932521450314228	0.99813747	53.97281647	0.99068813	0.13880049007113984	0.0132298	7e-05
0.0727	0.0683	-0.0004	-0.0004136430327226561	0.0005916666164260777	0.007566002307395418	1.05591071	57.09681702	1.02592046	0.18117143191205917	0.0124049	7e-05
0.0774	-0.0464	-0.0483	-0.0004380776422505767	0.0006265732014659643	0.007892378877518359	1.05629015	57.11733627	1.02303069	0.18658588823453745	0.0113847	9e-05
0.0756	-0.1007	-0.0906	-6.981317007977319e-05	0.0004904375198104066	0.008429940287132611	0.97791249	52.87917709	0.97412749	0.1504980781720307	0.012363	8e-05
0.0666	-0.0434	-0.0784	0.00018675022996339323	0.0007731808586334879	0.008389797714336742	0.9610346	51.96652985	0.96040225	0.10747246558310584	0.0132432	8e-05
0.0611	0.0165	-0.0261	-6.806784082777885e-05	0.0009162978572970229	0.0078487456462185	0.98274386	53.14042664	0.97432575	0.16464935687864748	0.0119125	2e-05
0.0582	0.0137	-0.0083	0.0003473205211468716	0.00102799892942466	0.007480481174047695	0.94515097	51.10764694	0.94910737	0.0682676953136546	0.0114358	7e-05
0.0728	-0.0701	-0.0295	0.0006824237375297829	0.0010053096491487337	0.007942993425826193	0.96634865	52.25387955	0.96230598	0.16061523742186676	0.0105089	5e-05
0.0737	-0.0482	-0.0483	0.0007173303225696694	0.0010995574287564276	0.008326965861264947	0.9493922	51.33698654	0.94752526	0.06725634000431674	0.011431	5e-05
0.0818	-0.0263	-0.0608	0.0009686577348568529	0.000926769832808989	0.008639379797371931	0.95039773	51.39135742	0.95082578	0.07932644721708032	0.0123488	4e-05
0.0771	0.0355	-0.0194	0.0008552113334772215	0.0009948376736367678	0.008038986534685882	0.9843545	53.22751999	0.97725216	0.146995375244673	0.0117124	7e-05
0.066	-0.0009	0.018	0.0010681415022205296	0.0013456488532876281	0.007506661112827611	0.9532215	51.54404831	0.9603015	0.13970333851262196	0.012316	0.0001
0.0704	-0.0928	-0.0319	0.0003717551306747922	0.0012863076587198209	0.007998843961890012	1.02601647	55.48033142	1.00030344	0.20859552075879728	0.0108895	2e-05
0.0732	-0.0858	-0.0705	0.000153588974175501	0.000879645943005142	0.008351400470792867	0.94942957	51.33900833	0.95485298	0.0972692190558412	0.0119565	4e-05
0.0639	-0.0365	-0.0599	0.000322885911618951	0.0007347836150896127	0.0077213366108229145	0.94534999	51.1184082	0.95239589	0.11641115626644656	0.0116539	8e-05
0.0548	0.0373	-0.0265	0.00039793506945470715	0.0007033676885537148	0.0071715578964447	0.97002804	52.4528389	0.96765591	0.14911218993749342	0.0123624	8e-05
0.0611	-0.0669	-0.0488	5.061454830783555e-05	0.000778416846389471	0.007370525431172054	0.99346399	53.72010422	0.98002251	0.16386686068549908	0.0121987	0.00015
0.0715	-0.0871	-0.0852	6.283185307179586e-05	0.0006894050545377602	0.007955210730590153	0.9428699	50.98430252	0.95138717	0.10129571980168849	0.0121929	8e-05
0.0683	-0.0137	-0.0439	7.155849933176751e-05	0.0007557275661135446	0.007660250087003113	0.97991908	52.98768234	0.97195963	0.1364004900711398	0.0134674	7e-05
0.0596	0.0229	-0.0273	0.00035430183815484887	0.0008988445647770796	0.007113962031128888	0.95393056	51.58238983	0.95597453	0.11050741966804203	0.0129521	0.0001
0.0671	-0.0753	-0.0473	7.504915783575618e-05	0.0008604473212332044	0.007433357284243849	0.98276192	53.1414032	0.973618	0.1575522588488964	0.0112997	7e-05
0.0691	-0.0691	-0.0648	8.203047484373349e-05	0.0007487462491055673	0.007899360194526335	0.93727481	50.68175507	0.94339798	0.05493426497090505	0.0113851	0.0001
0.0672	-0.0324	-0.0595	0.00013788101090755203	0.0006213372137099814	0.007812093731926618	0.9672519	52.30272293	0.96354064	0.05742630170295608	0.0121313	4e-05
0.0541	0.066	-0.025	0.00019896753472735358	0.0008115781021773631	0.0070197142515211934	1.03248167	55.82992554	1.00718882	0.1981853446346304	0.01343	8e-05
0.0604	-0.0234	-0.034	0.0002024581932313422	0.0009564404300928925	0.0072291537617605135	0.97978735	52.9805603	0.97453984	0.12258962483294192	0.0119069	0.00011
0.0597	-0.0846	-0.0747	7.504915783575618e-05	0.0009372418083209549	0.007801621756414652	0.97768235	52.86673355	0.97092007	0.1385537825910831	0.0123415	8e-05
0.0562	-0.0757	-0.0845	-0.00012217304763960306	0.0009285151620609833	0.007859217621730466	0.93829495	50.7369194	0.94701297	0.035377235852557205	0.013598	8e-05
0.0491	0.0201	-0.0524	-1.2217304763960308e-05	0.0009023352232810684	0.007304202919596269	1.0218786	55.25658417	0.99951088	0.16955751918948772	0.0129785	9e-05
0.0418	0.012	-0.0527	0.000296705972839036	0.0011606439525762293	0.006829473363053811	0.95889658	51.85092163	0.96182182	0.06779807817203076	0.0136721	7e-05
0.0415	-0.0639	-0.0969	-0.0001012290966156711	0.0011519173063162574	0.006682865705886288	0.98236305	53.1198349	0.974879	0.14806346864411007	0.0137476	0.00013
0.0422	-0.0328	-0.1303	-0.0008080874436733745	0.0011379546723003027	0.006974335690969341	0.98441327	53.23069763	0.98269504	0.11581454830783552	0.0161263	0.00015
0.0514	0.0198	-0.081	-0.0008255407361933179	0.0010262536001726657	0.007038912873293131	0.99530512	53.81966019	0.98713634	0.12078657734856854	0.01536	9e-05
0.0445	0.0759	-0.035	-0.0006806784082777885	0.0012007865253720988	0.006630505828326458	0.99036396	53.55247498	0.98671062	0.1453901149040818	0.0159398	0.00015
0.0523	-0.0248	-0.0542	-0.0007976154681614085	0.0011623892818282235	0.006894050545377602	0.98141867	53.06877136	0.97925025	0.1486439510239319	0.0129132	6e-05
0.0565	-0.0527	-0.0992	-0.0010367255756846318	0.0008831366015091308	0.007503170454323623	0.96141827	51.98727798	0.96549548	0.13347413483941684	0.0156187	7e-05
0.0575	-0.0192	-0.1125	-0.0011379546723003027	0.0006963863715457374	0.007548549014875476	0.95910859	51.8623848	0.96201909	0.06446789435654586	0.0149589	0.00011
0.0529	0.0796	-0.088	-0.0009232791743050004	0.0009616764178488756	0.007216936456996553	0.99868387	54.0023613	0.98785716	0.1684789051088682	0.0164165	0.00014
0.0601	-0.0088	-0.0984	-0.00047647488579445195	0.0008360127117052838	0.007370525431172054	0.98010296	52.99762344	0.97708533	0.14230284844148208	0.0140993	7e-05
0.0591	-0.0499	-0.1428	-0.0007330382858376184	0.001022762941668677	0.007871434926494426	0.97198194	52.55849457	0.97025446	0.1337111562664466	0.0166141	0.00019
0.0338	-0.0446	-0.1504	-0.0007435102613495844	0.0008447393579652555	0.007265805676052394	0.95238727	51.49893951	0.96050255	0.077906240482871	0.0163979	0.00017
0.0316	0.0704	-0.0666	-0.0009773843811168245	0.0009075712110370514	0.006763150851478027	1.04871893	56.70793152	1.02406775	0.24096803987067017	0.0169412	6e-05
0.029	0.041	-0.0448	-0.0007976154681614085	0.0009634217471008699	0.006426302305843123	0.94625425	51.16730499	0.95645405	0.08242339973270695	0.0147812	7e-05
0.0341	-0.0392	-0.0915	-0.000752236907609556	0.0007993607974134029	0.006956882398449398	0.97868615	52.92101288	0.97583833	0.1690009801422797	0.0142016	0.0001
0.0277	-0.0416	-0.1299	-0.0005899212871740833	0.0007609635538695277	0.007059856824317063	0.95957959	51.88785553	0.96518751	0.06238436449235066	0.0171359	0.00018
0.0215	0.0206	-0.096	9.599310885968811e-05	0.0007435102613495844	0.006571164633758651	1.00368261	54.2726593	0.99299068	0.1619029939556063	0.0147519	0.00013
0.0178	0.0755	-0.0522	0.0002722713633111154	0.0009128071987930344	0.0060911990894602095	0.97663301	52.80999374	0.97222675	0.14367703680966593	0.0152213	0.00015
0.0203	-0.0219	-0.0924	0.0002530727415391778	0.0008848819307611251	0.006448991586119048	0.99135578	53.6061058	0.98290558	0.16034581932313424	0.0152498	8e-05
0.015	-0.0342	-0.1394	0.0004433136300065597	0.0007330382858376184	0.006558947328994691	0.96499556	52.18071365	0.96810488	0.0872020138133266	0.016332	0.00024
0.0207	0.0221	-0.1117	0.0003630284844148205	0.0007016223593017205	0.00662352451131848	0.97869551	52.92152023	0.97113669	0.09851391272257133	0.0174161	0.00026
0.0204	0.0731	-0.0631	0.00028274333882308137	0.000926769832808989	0.0062063908200918365	1.00792885	54.50226974	0.99223173	0.13602831551628256	0.0160841	0.00021
0.025	-0.0115	-0.0883	0.0003001966313430247	0.0009965830028887623	0.006557201999742696	0.99722075	53.92324448	0.98465658	0.1363038821125288	0.0153072	0.00019
0.0263	-0.0431	-0.1297	0.0003822271061867582	0.0009162978572970229	0.006942919764433443	0.97659153	52.8077507	0.97142769	0.101701669256311	0.0154666	0.0002
0.0284	0.0272	-0.124	1.7453292519943294e-06	0.0009180431865490173	0.006874851923605664	1.00647295	54.42354202	0.98810039	0.10061474735072692	0.0171075	0.00021
0.0178	0.1094	-0.0769	-0.00017627825445142725	0.0011536626355682519	0.006344271830999388	1.00693905	54.44874954	0.99121858	0.18711115626644656	0.0174202	0.0002
0.0126	0.0207	-0.1202	-0.000614355896702004	0.0014782938764391971	0.006663667084114349	1.00470471	54.32793045	0.98959274	0.1913052068118241	0.0184842	0.00016
0.0141	0.0061	-0.1548	-0.0006422811647339132	0.0016126842288427606	0.007127924665144842	0.9742099	52.67896652	0.97105654	0.08202866007329827	0.0189278	0.00036
0.0209	0.0222	-0.1388	-0.00045553093477052	0.0016004669240788003	0.007223917774004529	0.97406548	52.67115784	0.96900967	0.053648032179352	0.0180246	0.00029
0.0193	0.1065	-0.0682	-0.0006632251157578452	0.001759291886010284	0.0066881016936422705	1.03496337	55.96411896	1.01454959	0.20161676116405333	0.0184911	0.00022
0.0167	0.0313	-0.0789	-6.283185307179586e-05	0.0017418385934903407	0.006468190207890985	0.98554534	53.29191208	0.97897029	0.13038790204786388	0.0158862	0.00014
0.0224	-0.025	-0.1145	-0.00010297442586766544	0.0016545721308906245	0.007087782092348972	0.98188961	53.09423447	0.97605498	0.13495004599267865	0.0158393	0.00017
0.0258	0.0123	-0.1085	-0.0005846852994181004	0.001562069680534925	0.007145377957664784	0.9634589	52.09762192	0.96532425	0.07829045946109733	0.0169082	0.00015
0.0117	0.1065	-0.0736	-0.0004206243497306334	0.0017435839227423352	0.006298893270447535	1.02628052	55.49460602	1.01036159	0.20280299395560633	0.018544	0.00027
0.0101	0.026	-0.107	-0.0005742133239061344	0.0017296212887263805	0.006270968002415626	0.98545837	53.28721237	0.97945725	0.12527384381116824	0.0171735	0.00015
0.0077	-0.0109	-0.1586	-0.0007661995416255106	0.0017208946424664088	0.0067980574365179135	0.97758055	52.86122894	0.97567722	0.12729011490408176	0.0185692	0.00021
0.0022	0.018	-0.1724	-0.0008237954069413235	0.001574286985298885	0.006578145950766627	0.9608584	51.95700455	0.96393933	0.06940575041173114	0.0207745	0.00046
0.0083	0.1082	-0.1056	-0.0010733774899765126	0.0015777776438028737	0.006333799855487422	1.05031252	56.79410553	1.02008574	0.18797094184091911	0.0198473	0.00037
0.0085	0.0683	-0.1049	-0.0008098327729253688	0.001668534764906579	0.006033603224144398	0.96662033	52.26856995	0.96660702	0.07352492347489371	0.0198575	0.00033
0.017	-0.0081	-0.1277	-0.0008709192967451704	0.0016650441064025902	0.006398377037811212	0.99194604	53.63802338	0.98475097	0.12916754979953024	0.0179024	0.00032
0.0187	0.0131	-0.125	-0.0009983283321407565	0.0015899949485668342	0.006731734924942128	0.95762998	51.78243256	0.95825525	0.052390804018112906	0.0180967	0.00023
0.0167	0.0218	-0.1182	-0.0010524335389525807	0.0014887658519511632	0.006820746716793839	0.96739787	52.31061554	0.96589521	0.0297173047639603	0.0184678	0.00033
0.0126	0.0247	-0.1196	-0.0009442231253289323	0.001514945790731078	0.006773622826989993	0.94931865	51.33300781	0.95186208	0.01747571211037044	0.0189431	0.00032
0.0076	0.0407	-0.1295	-0.0006475171524898963	0.0016528268016386303	0.006693337681398254	0.97032964	52.46914673	0.96369756	0.05664360646691635	0.0198165	0.00051
0.007	0.0622	-0.1267	-0.0005532693728822024	0.001621410875102732	0.006796312107265919	0.97258776	52.59125137	0.96614483	0.036331906600562826	0.0202986	0.00053
0.0043	0.0528	-0.1331	-0.0002251474735072685	0.0015638150097869194	0.0067160269616741795	0.95297825	51.53089523	0.95411174	0.04180014551412429	0.020044	0.0005
0.0002	0.0263	-0.1382	-0.0002652900463031381	0.0016632987771505957	0.006511823439190843	0.95889062	51.85059738	0.96167786	0.0528914931321441	0.0200499	0.00053
-0.0059	0.0419	-0.1421	-0.000731292956585624	0.0017749998492782332	0.006396631708559217	0.9885425	53.45397949	0.982961	0.06024478565208748	0.0219392	0.00082
0.0036	0.0196	-0.1335	-0.000752236907609556	0.0015219271077390555	0.006606071218798537	1.01857924	55.07817459	1.01455639	0.06457281014012148	0.019791	0.00051
