trans_x	trans_y	trans_z	rot_x	rot_y	rot_z	dvars_std	dvars_nstd	dvars_vstd	framewise_displacement	aqi	aor
0.0	-0.0	0.0	-0.0	0.0	-0.0	n/a	n/a	n/a	n/a	0.0412574	0.04248
-0.0107	0.008	-0.0078	0.000148352986419518	7.853981633974481e-05	-9.250245035569947e-05	1.08811593	56.45189667	1.02896217	0.04246976265574812	0.0411376	0.04078
-0.0134	-0.1124	-0.0194	0.0002844886680750757	2.268928027592628e-05	-7.67944870877505e-05	1.14342713	59.32146072	1.09378858	0.14508470904936627	0.0417038	0.03951
-0.0098	-0.0993	0.0146	0.0002181661564992912	-7.853981633974481e-05	6.9813170079773176e-06	1.08656752	56.37156296	1.0352079	0.06326637061435916	0.0396187	0.0359
-0.0054	-0.0413	0.0428	9.42477796076938e-05	1.9198621771937625e-05	-1.0471975511965975e-05	1.04820919	54.3815155	1.0184115	0.10255550537616114	0.0379118	0.03343
0.0	0.0116	0.0332	3.839724354387525e-05	0.00014660765716752367	5.061454830783555e-05	1.05702627	54.83895111	1.01352787	0.08011730476396033	0.0386639	0.03524
-0.0124	-0.0997	0.0029	0.00020943951023931956	0.00011170107212763708	-7.504915783575618e-05	1.11942863	58.0764122	1.07939469	0.17058062789394612	0.0401723	0.03593
-0.0229	-0.1433	0.0408	0.00014660765716752367	3.490658503988659e-05	-9.250245035569947e-05	1.08784187	56.43767929	1.04783258	0.09985398163397449	0.0390971	0.03279
-0.0182	-0.0857	0.0662	8.726646259971648e-05	-1.7453292519943294e-06	-6.283185307179586e-05	1.07592785	55.81957626	1.02726814	0.09398318530717958	0.0372477	0.03
-0.0036	-0.0377	0.0717	-1.0471975511965975e-05	1.0471975511965975e-05	6.283185307179586e-05	1.01564741	52.69219971	0.99824993	0.07988097245096173	0.0370308	0.03103
0.0092	0.0165	0.0703	1.5707963267948964e-05	8.203047484373349e-05	0.00016231562043547262	1.10060859	57.10002136	1.03084539	0.07826111027376796	0.0375485	0.03193
0.0085	-0.0562	0.0404	0.00023387411976724014	2.792526803190927e-05	6.981317007977319e-05	1.09513462	56.81602478	1.04665313	0.12153869068334074	0.037908	0.03248
0.0017	-0.118	0.0491	0.00023561944901923448	1.9198621771937625e-05	0.00011693705988362007	1.06702495	55.3576889	1.02858824	0.08017979326579062	0.0377255	0.03131
0.0034	-0.0879	0.0807	0.00016231562043547262	-4.71238898038469e-05	8.028514559173915e-05	1.04362452	54.14366531	1.01379887	0.07221391272257134	0.0362834	0.0284
0.0121	-0.0067	0.0835	1.2217304763960308e-05	-0.00010471975511965978	0.00010995574287564276	1.05753195	54.86518478	1.02625475	0.10456823891356144	0.0366134	0.0302
-0.0008	-0.0229	0.0402	0.0001256637061435917	-1.7453292519943294e-06	-6.9813170079773176e-06	1.08643138	56.36450195	1.04867486	0.08906789435654584	0.037909	0.03335
-0.0143	-0.143	0.0191	0.0002495820830351891	-0.00010995574287564276	-3.141592653589793e-05	1.13277137	58.76863861	1.08442567	0.16752817000215833	0.0396316	0.03411
-0.0204	-0.1229	0.0598	0.00011519173063162575	-0.0002670353755551324	-0.00010995574287564276	1.0813849	56.10268402	1.0349744	0.08540049007113987	0.0376834	0.03052
-0.0119	-0.0838	0.0725	2.268928027592628e-05	-0.0002565634000431664	-2.268928027592628e-05	1.00851929	52.3223877	0.99453214	0.06981204442336908	0.0367022	0.02975
-0.0019	-0.0264	0.0821	-1.9198621771937625e-05	-0.00015184364492350666	8.726646259971648e-06	1.10246503	57.19633102	1.02874824	0.08590117918517107	0.0370106	0.03028
0.0025	0.0061	0.0564	4.18879020478639e-05	-7.853981633974481e-05	-2.268928027592628e-05	1.12044799	58.12929535	1.05085417	0.07089031394697308	0.0376108	0.03274
-0.003	-0.0977	0.0321	0.0002530727415391778	-0.00016929693744344995	-1.7453292519943296e-05	1.11208427	57.69538116	1.07035523	0.1489588974175501	0.0380185	0.03197
0.0027	-0.1009	0.0713	0.00027750735106709843	-0.00020594885173533088	3.316125578789226e-05	1.05230641	54.59408188	1.01992103	0.05368505360638188	0.0360423	0.02774
0.006	-0.04	0.0851	0.000291469985083053	-0.00024085543677521747	9.250245035569947e-05	1.06287777	55.14253235	1.0175911	0.08341052068118242	0.0355271	0.02714
0.0108	0.0117	0.0738	0.00030368728984701333	-0.00013264502315156904	8.726646259971648e-06	1.08463717	56.27141571	1.04444982	0.07801017612416683	0.0354142	0.02854
0.0095	-0.0717	0.0306	0.0005672320068981572	-0.00015533430342749534	-2.4434609527920616e-05	1.06786931	55.40149307	1.04753027	0.14386976265574816	0.0364106	0.03012
0.0018	-0.152	0.035	0.0006021385919380437	-0.00037350045992678646	-2.792526803190927e-05	1.03828502	53.86664581	1.03578943	0.10522817000215832	0.0372885	0.03034
0.0041	-0.1293	0.0816	0.00046425758103049166	-0.00041015237421866745	5.235987755982988e-06	1.05506933	54.73742294	1.03370851	0.08198470904936625	0.0352805	0.02565
0.0037	-0.0523	0.0927	0.0003159045946109737	-0.0003612831551628262	-5.235987755982988e-06	1.02750111	53.30717468	1.01980899	0.09888470904936623	0.0347124	0.02591
-0.0011	0.0141	0.0698	0.00028274333882308137	-0.00023387411976724014	-6.981317007977319e-05	1.10921919	57.54674149	1.05080313	0.10535737367536344	0.0357296	0.02904
-0.0131	-0.0382	0.0214	0.0004485496177625427	-0.0002199114857512855	-0.00020594885173533088	1.12011552	58.11204529	1.06312258	0.12849522973054867	0.0374105	0.03174
-0.0264	-0.1192	0.0281	0.0006073745796940267	-0.000317649923862968	-0.00027925268031909274	1.13414478	58.83988953	1.0793537	0.1174933614313464	0.0374868	0.02964
-0.0311	-0.0856	0.0808	0.0007086036763096977	-0.0004468042885105483	-0.0002844886680750757	1.06286561	55.14189911	1.03891616	0.10278097245096172	0.0334126	0.02337
-0.0333	-0.0296	0.1039	0.000752236907609556	-0.00040840704496667313	-0.0002478367537831948	1.1468662	59.49988556	1.05770431	0.08723411945678072	0.0334019	0.02238
-0.0384	-0.005	0.0674	0.00041538836197465044	-0.00032463124087094524	-0.0002024581932313422	1.17327702	60.87008667	1.08997606	0.08950014551412429	0.0353076	0.02749
-0.0491	-0.0527	0.0315	0.000598647933434055	-0.0002478367537831948	-0.0003612831551628262	1.07488883	55.76566696	1.03198494	0.11524395102393196	0.0356361	0.02946
-0.0525	-0.132	0.0491	0.0005916666164260777	-0.00040317105721069014	-0.00039269908169872416	1.08258867	56.16514206	1.05046194	0.10998657734856852	0.036192	0.02809
-0.0565	-0.1039	0.1014	0.0006370451769779302	-0.0004468042885105483	-0.0003874630939427412	1.10023737	57.08076096	1.05245469	0.08911238898038469	0.0337219	0.02357
-0.06	-0.0441	0.1165	0.0005288347633542819	-0.0004939281783143952	-0.0004363323129985824	1.09530032	56.82462311	1.03773499	0.08861017612416681	0.032429	0.02242
-0.0689	0.0211	0.1138	0.00042236967898262774	-0.0005026548245743669	-0.0006213372137099814	1.06568456	55.28814697	1.03201874	0.09180983156715126	0.0319388	0.02298
-0.0742	-0.0667	0.0669	0.000661479786505851	-0.0003961897402027128	-0.000598647933434055	1.0455724	54.24472046	1.03814097	0.15841322360854018	0.0332945	0.02537
-0.0678	-0.1163	0.1007	0.000736528944341607	-0.0004904375198104066	-0.0005358160803622592	1.05019915	54.48475647	1.03131412	0.10140643952576228	0.0326324	0.0219
-0.0658	-0.0473	0.1238	0.0006859143960337716	-0.0005235987755982988	-0.0005462880558742252	1.06354475	55.17713547	1.03459181	0.09881238898038468	0.0312613	0.02077
-0.0647	0.0152	0.1207	0.00048345620280242926	-0.0004974188368183839	-0.0006056292504420323	1.05723143	54.84959412	1.03499718	0.08109896632895322	0.0314843	0.02218
-0.0702	0.0136	0.0704	0.0007819075048934597	-0.00042760566673861073	-0.0006946410422937432	1.06482792	55.24370193	1.03316389	0.08026381320112573	0.0318679	0.02397
-0.0779	-0.1063	0.0578	0.0010035643198967395	-0.00042935099599060504	-0.0007906341511534313	1.0705179	55.53890228	1.04910378	0.1561697626557481	0.0321553	0.02255
-0.0873	-0.1386	0.0925	0.0011397000015522971	-0.00048171087355043494	-0.000778416846389471	1.09408438	56.76153946	1.04047645	0.08643564319896739	0.0318924	0.01933
-0.0897	-0.0909	0.1243	0.0012269664641520136	-0.0004939281783143952	-0.0007731808586334879	1.13812459	59.04636765	1.06126565	0.08713598775598298	0.0298815	0.01635
-0.0797	-0.0107	0.1396	0.0009040805525330626	-0.0005445427266222308	-0.0007766715171374765	1.09391057	56.75252151	1.0445183	0.12434955592153876	0.0287151	0.01665
-0.0977	0.0308	0.1161	0.0011885692206081383	-0.0005044001538263612	-0.0009529497715889039	1.12337697	58.28125	1.03258548	0.10804547476611864	0.0297748	0.01833
-0.1154	-0.0241	0.0948	0.001429424657383356	-0.00032812189937493397	-0.001059414855960558	1.15534616	59.93982697	1.05544394	0.12007993877991496	0.0298442	0.01827
-0.1174	-0.106	0.1023	0.0013753194505715315	-0.0003822271061867582	-0.0010559241974565693	1.1091435	57.54281235	1.05162033	0.09698505360638189	0.0296653	0.01829
-0.1229	-0.1201	0.1496	0.0014346606451393388	-0.00042236967898262774	-0.0010786134777324957	1.06691623	55.35204697	1.03292733	0.07300865238198016	0.0287655	0.01498
-0.1253	-0.0677	0.1934	0.0014922565104551516	-0.00045902159327450867	-0.0011344640137963143	1.11672747	57.93627548	1.057156	0.1061049157835756	0.0269132	0.0119
-0.1245	-0.0184	0.1959	0.0015289084247470327	-0.0004380776422505767	-0.0010419615634406148	1.08271456	56.17166901	1.02688726	0.060104915783575616	0.0258748	0.0115
-0.1032	0.029	0.2122	0.001256637061435917	-0.00039269908169872416	-0.0009145525280450286	1.03028464	53.45158768	1.00635179	0.10725294796292772	0.0256412	0.01112
-0.1023	0.0667	0.1924	0.0014381513036433276	-0.00042236967898262774	-0.0009197885158010115	1.01797676	52.81304932	1.00132691	0.06922104136236487	0.0251842	0.01181
-0.1092	-0.0328	0.164	0.0017453292519943296	-0.0003944444109507184	-0.0009093165402890458	1.04659677	54.29786301	1.03916592	0.1520787595947438	0.025345	0.01118
-0.1197	-0.1054	0.1558	0.0017418385934903407	-0.00041015237421866745	-0.0009494591130849152	1.01412344	52.61313248	1.01120211	0.09426705972839036	0.0266888	0.01258
-0.1252	-0.122	0.1937	0.0016824973989225337	-0.0005113814708343385	-0.0010419615634406148	1.02806008	53.33617401	1.02559802	0.07265363707695892	0.0262044	0.01074
-0.1182	-0.0553	0.2085	0.001656317460142619	-0.0004729842272904633	-0.000926769832808989	1.05650985	54.81216049	1.02987123	0.09748844564777075	0.0242521	0.00873
-0.1122	0.006	0.2165	0.001439896632895322	-0.0004433136300065597	-0.000900589894029074	1.03244317	53.56356812	1.01527687	0.08891356816555578	0.0240102	0.0085
-0.11	0.0029	0.1709	0.0016493361431346415	-0.0003769911184307752	-0.0008813912722571365	1.0708102	55.5540657	1.01979489	0.06564803217935207	0.0248728	0.01001
-0.1177	-0.1081	0.1517	0.0018901915799098587	-0.0004729842272904633	-0.0009564404300928925	1.12331355	58.27796173	1.07073187	0.15849488517353308	0.0262829	0.01108
-0.1222	-0.1014	0.1978	0.0020699604928652747	-0.0005270894341022875	-0.001022762941668677	1.10360706	57.2555809	1.05566107	0.07230983156715123	0.0241403	0.0082
-0.115	-0.0418	0.2418	0.0022078415037728267	-0.0005113814708343385	-0.0009599310885968812	1.05598783	54.78507996	1.03269744	0.12162104136236485	0.0216207	0.0052
-0.1104	0.0204	0.2544	0.0022060961745208325	-0.00048345620280242926	-0.0009023352232810684	1.06502509	55.25393295	1.01840662	0.08376332312998583	0.0220125	0.00487
-0.1054	0.0624	0.2577	0.0018500490071139892	-0.00042411500823462205	-0.0008447393579652555	1.09772611	56.9504776	1.04948697	0.07394921136452313	0.0230192	0.00648
-0.1079	0.0237	0.2166	0.0019861846887695473	-0.00028274333882308137	-0.0007330382858376184	1.08412743	56.24496841	1.04530781	0.1017604211597368	0.0225165	0.00733
-0.1188	-0.0995	0.212	0.0020996310901491783	-0.00016929693744344995	-0.0007958701389094143	1.08463609	56.2713623	1.06106572	0.1531862327915529	0.0232069	0.00758
-0.1223	-0.1134	0.2453	0.002090904443889207	-0.0002373647782712288	-0.0008918632477691023	1.01340115	52.57566071	1.00939772	0.0593393797973719	0.0228184	0.00612
-0.1171	-0.0728	0.2611	0.002176425577236929	-0.00028274333882308137	-0.0009180431865490173	1.05785608	54.88200378	1.01986281	0.0694539816339745	0.0222604	0.00502
-0.1086	0.0064	0.2509	0.0020839231268812296	-0.0002897246558310587	-0.000895353906273091	1.08881032	56.48792267	1.05334458	0.10400865238198012	0.0216525	0.00511
-0.1093	-0.0194	0.2194	0.002136283004441059	-0.0002478367537831948	-0.0008604473212332044	1.05623543	54.79792404	1.03028516	0.064457718232379	0.0214676	0.00568
-0.1188	-0.0818	0.2436	0.002169444260228951	-0.00027925268031909274	-0.0010559241974565693	1.0504216	54.49629593	1.0367021	0.10910270292735776	0.0217216	0.0046
-0.1167	-0.0329	0.2644	0.0022706733568446224	-0.00027925268031909274	-0.0011239920382843482	1.01249695	52.52875137	1.01565888	0.08026484687217253	0.0201666	0.00314
-0.1069	0.0126	0.2634	0.002314306588144481	-0.0003001966313430247	-0.001022762941668677	1.05919707	54.95157623	1.02260338	0.06459031394697308	0.0202301	0.00307
-0.0997	0.0534	0.25	0.0022898719786165604	-0.0002548180707911721	-0.0009930923443847736	1.0818156	56.12503433	1.03885184	0.06637418836818385	0.0203136	0.00364
-0.1095	-0.0209	0.2178	0.0025045474766118626	-0.00017278759594743863	-0.0010402162341886204	1.08215177	56.14247131	1.04504764	0.13349149313214415	0.0202736	0.00371
-0.1126	-0.0779	0.2637	0.0026127578902355115	-0.00017278759594743863	-0.0011030480872604163	1.06737316	55.3757515	1.04621308	0.11455211333477223	0.0194061	0.00238
-0.1118	-0.0385	0.2885	0.0028396506929947744	-0.0001937315469713706	-0.0011274826967883368	1.00757658	52.27348328	1.00002906	0.07861356816555577	0.0185285	0.00146
-0.1075	-0.0007	0.2886	0.0026581364507873638	-0.0001937315469713706	-0.0010629055144645468	1.05927324	54.95552826	1.02053867	0.05450457122656008	0.0192586	0.00178
-0.1065	0.0087	0.2597	0.0025289820861397836	-0.00011693705988362007	-0.0010349802464326373	1.0517596	54.56571198	1.02231303	0.050993705988362045	0.0193065	0.00256
-0.1301	-0.0597	0.2296	0.0026092672317315226	8.726646259971648e-06	-0.0011641346110802177	1.03883338	53.89509964	1.02701941	0.13885516081914556	0.0202368	0.00359
-0.1329	-0.1028	0.2789	0.0027768188399229783	-0.0001308996938995747	-0.0012409290981679683	1.06032622	55.01015472	1.04221183	0.1143986217719376	0.0198514	0.00228
-0.1299	-0.0327	0.2957	0.002879793265790644	-5.585053606381854e-05	-0.001181587903600161	1.0161376	52.71763229	1.01241226	0.10176823891356147	0.0182644	0.00136
-0.115	0.0309	0.2831	0.002802998778702893	-5.235987755982989e-05	-0.0010192722831646884	1.05101347	54.52700424	1.01954218	0.1032300383013606	0.0184618	0.00166
-0.1253	0.0133	0.2413	0.003082251459021986	0.000153588974175501	-0.001129228026040331	1.04885674	54.41511154	1.03106999	0.09945786374650332	0.0179938	0.00183
-0.136	-0.0762	0.2646	0.0033108895910332428	0.00010471975511965978	-0.0012217304763960308	1.0906601	56.58388901	1.06171845	0.1420004900711399	0.0184662	0.0015
-0.1346	-0.0168	0.3078	0.003635520831904189	3.4906585039886588e-06	-0.0012950343049797925	1.08171725	56.11993027	1.04734294	0.12895820830351895	0.0163859	0.00046
-0.1298	0.0108	0.317	0.0035883969421003415	8.028514559173915e-05	-0.0011728612573401894	1.00480711	52.12979889	0.99058168	0.05390457122656003	0.016072	0.0004
-0.1209	0.0501	0.3114	0.00342259066316088	0.00017453292519943296	-0.0010663961729685354	1.09047639	56.57435989	1.02711451	0.07212595714594046	0.0175781	0.00068
-0.1335	-0.0147	0.2762	0.003530801076784529	0.00028099800957108706	-0.001155407964820246	1.12163961	58.19111633	1.04638339	0.12778436449235067	0.0168025	0.00095
-0.1324	-0.0751	0.3125	0.0036320301734002	0.0003001966313430247	-0.0011990411961201044	1.06276953	55.1369133	1.02525388	0.10600304748437336	0.0164938	0.00057
-0.1307	-0.029	0.333	0.003661700770684103	0.00027576202181510406	-0.0012130038301360591	1.04169345	54.0434761	0.99418136	0.07170339204138891	0.0170692	0.0005
-0.1286	0.0061	0.3426	0.0036320301734002	0.00034208453339088857	-0.0011955505376161158	1.07282186	55.65843582	1.01820796	0.052472320068981546	0.0170093	0.00039
-0.1184	0.0247	0.3349	0.0034749505407207105	0.00039968039870670147	-0.0010297442586766543	1.04356277	54.14046097	1.0135935	0.05552408884673823	0.0166889	0.00046
-0.1315	-0.0409	0.3101	0.0037140606482439333	0.0005305800926062762	-0.0011257373675363424	1.01269686	52.53912354	1.00930415	0.12680014551412425	0.0160342	0.00046
-0.1315	-0.0738	0.3418	0.0038222710618675813	0.0005183627878423159	-0.0011990411961201044	1.01190865	52.4982338	1.01176575	0.07428657734856854	0.0168827	0.00042
-0.1291	-0.0305	0.3529	0.0035796702958403696	0.0005393067388662478	-0.0012042771838760874	0.99181837	51.45594025	0.99415696	0.07023903524035635	0.0167212	0.00039
-0.1276	-0.0003	0.3508	0.0033649947978450674	0.0005044001538263612	-0.0011623892818282235	1.02828836	53.34801865	1.00335526	0.04837349925415263	0.0172382	0.00044
-0.1187	0.0491	0.3399	0.003178244567881674	0.0005846852994181004	-0.0011431906600562858	1.06965685	55.49422836	1.03155265	0.08351169986635353	0.0174794	0.00044
-0.1314	-0.0295	0.31	0.0033999013828849537	0.0005637413483941684	-0.001223475805648025	1.07769096	55.91104126	1.04043424	0.1373442955809475	0.0174307	0.00062
-0.1311	-0.0676	0.354	0.0037227872945039047	0.00040317105721069014	-0.0013020156219877698	1.06801963	55.40929413	1.03932269	0.11049980095710868	0.0167404	0.00033
-0.1233	-0.019	0.3667	0.0036948620264719957	0.0004258603374866164	-0.001239183768915974	1.00251257	52.01076126	0.99058233	0.07477232006898157	0.0162425	0.00019
-0.1154	0.0297	0.3487	0.0035081117965086025	0.0004328416544945937	-0.001155407964820246	1.08201671	56.13546753	1.01926398	0.08847536755335494	0.0170038	0.00031
-0.1246	-0.027	0.3182	0.0035953782591083183	0.0005131268000863328	-0.0013037609512397642	1.0650959	55.25760651	1.02879871	0.11219522973054868	0.0166495	0.00042
-0.1264	-0.1111	0.3426	0.0038013271108436495	0.0003892084231947355	-0.0013107422682477415	1.06677008	55.34446335	1.0460522	0.12714242728174535	0.017468	0.00055
-0.1233	-0.0619	0.3629	0.003926990816987242	0.000317649923862968	-0.0012950343049797925	1.041363	54.02633667	1.01917183	0.08324650843716543	0.0158907	0.00023
-0.121	-0.0369	0.3809	0.003830997708127553	0.00033684854563490564	-0.0012426744274199627	0.9921056	51.47084045	0.98435989	0.053677580409572816	0.0159513	0.00015
-0.1213	0.0278	0.3874	0.0037646751965517687	0.0004921828490624009	-0.0011397000015522971	0.98897582	51.30846786	0.99379643	0.08773156204354729	0.0158329	0.00011
-0.1173	0.0415	0.3745	0.0037315139407638766	0.0004974188368183839	-0.0011239920382843482	1.00003433	51.88218689	0.98268792	0.03330526034059123	0.016296	0.00019
-0.1384	-0.0534	0.363	0.003953170755767157	0.0004206243497306334	-0.0013910274138394805	1.01759148	52.79305649	1.01864055	0.15577433388230819	0.0165982	0.00029
-0.1351	-0.022	0.3875	0.004096287754430691	0.0003595378259108319	-0.001450368608407288	1.01477122	52.64674377	1.00541589	0.0723772358525572	0.0162281	0.00014
-0.1277	-0.0205	0.3989	0.004173082241518442	0.0003665191429188092	-0.0013212142437597075	1.03490555	53.69131851	1.00698977	0.030946508437165392	0.016382	0.00016
-0.1249	0.0128	0.4022	0.00420449816805434	0.0005166174585903216	-0.0012583823906879114	1.0314126	53.51010132	1.00292934	0.05161730476396033	0.0156513	0.00016
-0.11	0.0166	0.4068	0.003935717463247213	0.0005864306286700947	-0.0011152653920243766	1.00315464	52.04406738	0.99009111	0.0473855436775217	0.0156497	9e-05
-0.1235	-0.0373	0.3599	0.00409977841293468	0.0007033676885537148	-0.001192059879112127	1.01753533	52.79014587	1.0029451	0.13218962483294183	0.0150172	0.00012
-0.1266	-0.1011	0.3825	0.004267330021126135	0.0005270894341022875	-0.0012758356832078548	1.02848482	53.3582077	1.01695527	0.11088028333693052	0.0167439	0.00033
-0.1218	-0.0404	0.4004	0.004267330021126135	0.00048345620280242926	-0.001308996938995747	1.04224622	54.072155	1.01640588	0.08723972435438745	0.0158129	0.00012
-0.1083	0.0126	0.4156	0.004110250388446646	0.0005846852994181004	-0.0011414453308042916	1.01553285	52.68625641	1.00523795	0.10299301687433086	0.0158021	0.00011
-0.1041	0.0058	0.373	0.004159119607502487	0.0006073745796940267	-0.0010978120995044332	0.98255593	50.97539902	0.99103897	0.05935958653158131	0.0149503	8e-05
-0.1148	-0.06	0.3648	0.0043266712156939426	0.0005585053606381855	-0.0012269664641520136	0.99288934	51.51150131	0.99890862	0.10197875959474384	0.0148266	0.00015
-0.11	-0.0244	0.4008	0.004286528642898074	0.0004380776422505767	-0.0012304571226560022	1.01277184	52.54301453	1.00078563	0.08460304748437328	0.0153022	0.0001
-0.0924	0.048	0.3896	0.004054399852382828	0.0004886921905584122	-0.0011152653920243766	1.02547038	53.20181656	1.02089152	0.12109675347273537	0.0149109	9e-05
-0.0933	0.0038	0.348	0.00429700061841004	0.0006684611035138282	-0.0010768681484805013	1.03893983	53.90061951	1.00974082	0.1097383461263252	0.0144929	0.00011
-0.1025	-0.1016	0.3503	0.004544837372193235	0.0006108652381980154	-0.0012042771838760874	1.07661474	55.85520935	1.05047219	0.13854208272472973	0.0151466	0.0002
-0.1056	-0.0804	0.3835	0.0044628068973495	0.0005340707511102648	-0.0012269664641520136	1.07615471	55.8313446	1.02917458	0.0665757121103706	0.0159972	0.00022
-0.0895	-0.0336	0.3082	0.005323254218582705	0.000158824961931484	-0.001090830782496456	1.16906023	60.65132141	1.10118677	0.20679143960337723	0.0143978	0.00021
-0.0634	-0.063	0.1766	0.007628834160467214	-4.0142572795869576e-05	-9.948376736367679e-05	1.34642088	69.8528595	1.26168577	0.3618947245872321	0.0111794	0.00018
-0.0406	0.0245	0.2788	0.005827654372409066	0.00038397243543875244	5.235987755982988e-06	1.22125745	63.35932922	1.16202525	0.3290007275706215	0.0112103	0.00018
-0.0466	0.014	0.3141	0.005146975964131278	0.0002129301687433082	-0.000312413936106985	1.01300371	52.55504608	1.01218183	0.11026852994181	0.0118316	8e-05
-0.0493	0.0708	0.2688	0.005612978874413764	1.3962634015954635e-05	-0.00035081117965086024	1.00414348	52.09537125	1.01324635	0.13996838442768572	0.0121146	0.00018
-0.0511	-0.0241	0.2267	0.005417501998190398	1.9198621771937625e-05	-0.00041015237421866745	1.0040226	52.08909988	1.02024619	0.15180270292735779	0.0120388	0.00019
-0.0443	-0.1676	0.1906	0.0058468529941810045	-2.094395102393195e-05	-0.0003717551306747922	1.0705657	55.54138565	1.07496124	0.21179454061651756	0.0143206	0.00042
-0.0307	-0.0994	0.2464	0.0059079395180008055	-0.0001291543646475804	-0.0002652900463031381	0.99857879	51.80667114	1.02029988	0.15138810109075515	0.0123239	0.00023
-0.0302	0.0072	0.2501	0.0055658549846099165	-3.141592653589793e-05	-0.0002548180707911721	1.00570786	52.17653275	1.01347685	0.13331474735072685	0.0121917	0.00012
-0.0431	-0.0489	0.2517	0.005105088062083414	5.93411945678072e-05	-0.0003769911184307752	0.99712354	51.73117447	1.00024651	0.10428485456349051	0.0127692	0.00027
-0.0397	-0.1278	0.2742	0.005445427266222308	6.283185307179586e-05	-0.00041713369122664475	1.05040979	54.49568558	1.03661516	0.12399862177193764	0.0133416	0.00029
-0.0213	-0.0611	0.3034	0.005403539364174444	-9.773843811168246e-05	-0.000296705972839036	1.01923537	52.87834167	1.00882186	0.13044429558094756	0.0122482	0.00011
-0.0263	-0.0022	0.3079	0.0054384459492143305	-1.2217304763960308e-05	-0.0002478367537831948	1.11234665	57.70899582	1.02488855	0.0768648468721725	0.0128734	0.00018
-0.0332	0.0559	0.3173	0.0052778756580308525	1.5707963267948964e-05	-0.0002583087292951608	1.13073719	58.6631012	1.03558368	0.08434837673636766	0.0128625	0.00014
-0.0326	-0.0153	0.3101	0.005344198169606637	-1.9198621771937625e-05	-0.00030368728984701333	1.08781588	56.43632889	1.02483717	0.08633038285837624	0.0112136	6e-05
-0.0315	-0.0739	0.3253	0.005407030022678433	7.330382858376184e-05	-0.0002495820830351891	1.02911627	53.39096832	1.00477499	0.08537197551196593	0.0117479	6e-05
-0.0342	-0.0616	0.3458	0.005555383009097951	0.00011693705988362007	-0.0002705260340591211	1.08350289	56.21257019	1.01404794	0.046146508437165425	0.0125339	0.00015
-0.0379	-0.0519	0.3536	0.005407030022678433	5.759586531581287e-05	-0.0002513274122871834	1.09057069	56.57924652	1.01694487	0.03254464013796318	0.0123482	0.00011
-0.0313	-0.0135	0.3719	0.005162683927399226	-0.000153588974175501	-0.000322885911618951	1.05386674	54.67503357	1.00694094	0.08965447170511438	0.0119583	6e-05
-0.0218	0.0147	0.3628	0.00486597795456019	-0.0002251474735072685	-0.0003577924966588376	1.00873709	52.33368683	0.99591801	0.06695855286053451	0.0118316	2e-05
-0.0361	-0.0853	0.3382	0.005220279792715039	-0.0001361356816555577	-0.0004136430327226561	1.07913792	55.98611069	1.02764283	0.1638582083035189	0.0126384	0.0001
-0.0355	-0.0973	0.3587	0.005419247327442393	1.3962634015954635e-05	-0.000439822971502571	1.02267742	53.0569191	1.00005936	0.05186228945893907	0.0125158	0.00011
-0.0396	-0.0429	0.3691	0.005431464632206353	-1.0471975511965975e-05	-0.0005183627878423159	1.03945434	53.92731094	1.01270842	0.07465958653158121	0.012139	0.0001
-0.0349	0.0377	0.3706	0.0052726396702748686	-0.00016231562043547262	-0.0005201081170943102	1.07298207	55.66674423	1.03613384	0.10242069680534927	0.0119454	6e-05
-0.031	0.0466	0.3315	0.005295328950550796	-0.00011693705988362007	-0.0005567600313861911	1.03534079	53.71390152	1.01320622	0.05713598775598303	0.0112349	8e-05
-0.0343	-0.0932	0.2987	0.005363396791378575	-7.853981633974481e-05	-0.0005375614096142535	1.08750975	56.4204483	1.06657025	0.18218318530717956	0.0111009	6e-05
-0.0279	-0.0906	0.3632	0.005981243346584567	5.235987755982989e-05	-0.0005235987755982988	1.07271755	55.65302277	1.04482934	0.11163544415607608	0.0123489	0.00016
-0.0253	-0.0294	0.3856	0.006080727113948244	5.585053606381854e-05	-0.0005148721293383271	1.09062958	56.58230209	1.02553586	0.09178505360638184	0.011813	7e-05
-0.0213	0.0306	0.4034	0.005899212871740834	-0.00010297442586766544	-0.0005462880558742252	1.08834505	56.46377945	1.02493215	0.10038775653373957	0.011654	6e-05
-0.0195	0.0792	0.3943	0.005729915934297383	-9.773843811168246e-05	-0.000582939970166106	1.02770424	53.31771469	1.00443543	0.07005924197456574	0.011243	5e-05
-0.0251	-0.0253	0.359	0.0058171823968971	-0.00011519173063162575	-0.0006003932626860494	1.11969745	58.09035492	1.04435891	0.1515086523819802	0.0113848	0.00019
-0.0362	-0.0566	0.3963	0.006161012259539982	-1.7453292519943294e-06	-0.0006702064327658224	1.06921434	55.47127533	1.02690947	0.10605447170511433	0.011694	7e-05
-0.0372	-0.0402	0.4239	0.006281439977927592	3.665191429188092e-05	-0.00062482787221397	1.03914249	53.91113281	1.01030741	0.05521017612416688	0.0121503	8e-05
-0.0387	-0.0021	0.4248	0.006222098783359784	7.853981633974481e-05	-0.000645771823237902	1.01975226	52.905159	0.99619397	0.046608652381980205	0.0113614	7e-05
-0.0309	0.0174	0.4335	0.005918411493512772	1.7453292519943294e-06	-0.000619591884457987	0.9998551	51.87288666	0.98800618	0.05633308578573386	0.0119765	2e-05
-0.0303	0.0674	0.4055	0.005721189288037411	-1.3962634015954635e-05	-0.0006440264939859076	0.9947471	51.60788345	0.99994589	0.09046823891356147	0.0117531	4e-05
-0.0449	-0.0609	0.3796	0.005855579640440977	0.0001186823891356144	-0.0006963863715457374	1.09373176	56.74324799	1.0596939	0.18476976265574824	0.0121596	8e-05
-0.0425	-0.0285	0.4069	0.0060632738214283005	8.203047484373349e-05	-0.000757472895365539	1.04877269	54.41075516	1.01655946	0.07737163095495028	0.0121171	7e-05
-0.042	-0.0178	0.4071	0.006014404602372459	4.71238898038469e-05	-0.0007138396640656808	1.04974461	54.46117783	1.00917886	0.017770451769779337	0.0119855	6e-05
-0.0378	0.0387	0.4229	0.005728170605045389	-2.6179938779914945e-05	-0.0007155849933176752	1.04879653	54.4119873	1.00764514	0.09456415775814131	0.0124829	5e-05
-0.0381	0.0323	0.3981	0.005756095873077299	-1.3962634015954635e-05	-0.0006579891280018621	1.05912924	54.94805527	0.99663757	0.03638692190558415	0.0127246	0.00013
-0.0411	-0.09	0.3894	0.005995205980600523	6.108652381980153e-05	-0.0006702064327658224	1.16347063	60.36132812	1.08143445	0.15031882850614697	0.0133134	0.0002
-0.0424	-0.0582	0.4058	0.006070255138436278	0.00014137166941154068	-0.0006562437987498679	1.10861051	57.51516342	1.02995409	0.05796484687217242	0.0121818	0.00011
-0.0366	-0.0155	0.4193	0.0059690260418206065	0.00014311699866353502	-0.0006597344572538566	1.03561318	53.72803116	0.99865418	0.06732325421858275	0.0114089	2e-05
-0.0344	0.056	0.4245	0.005754350543825304	-4.0142572795869576e-05	-0.000757472895365539	1.1037885	57.26499176	1.02439981	0.10368367537831946	0.0127925	0.00011
-0.036	-0.0069	0.3914	0.005811946409141117	-9.42477796076938e-05	-0.0007679448708775049	1.09621787	56.87222672	1.03847907	0.10370865238198008	0.0113903	6e-05
-0.0513	-0.0612	0.405	0.006122615015996109	7.504915783575618e-05	-0.000804596785169386	1.0514946	54.55196762	1.01738913	0.10903087292951612	0.0113035	2e-05
-0.0452	-0.0174	0.4354	0.006042329870404369	0.00014137166941154068	-0.0007906341511534313	1.03466845	53.67901611	0.99974933	0.0883285145591739	0.0115664	6e-05
-0.0376	0.0147	0.4415	0.005937610115284709	-3.839724354387525e-05	-0.0007871434926494425	0.99599797	51.67277908	0.98530805	0.06019896632895322	0.0118015	5e-05
-0.0328	0.0498	0.4501	0.005705481324769463	-0.0001064650843716541	-0.0008028514559173916	1.06359828	55.17990875	1.01605569	0.06429522973054869	0.0129915	6e-05
-0.0422	-0.0493	0.4124	0.005918411493512772	3.316125578789226e-05	-0.0008237954069413235	1.08454955	56.26686859	1.04759711	0.16487502299633933	0.0117565	6e-05
-0.0441	-0.0704	0.4236	0.005963790054064624	9.773843811168246e-05	-0.0007696902001294993	1.02379668	53.11498642	1.0022014	0.04240304748437335	0.0124525	6e-05
-0.0432	-0.0327	0.4295	0.005925392810520749	-3.4906585039886588e-06	-0.0008080874436733745	1.01814139	52.82158661	0.99378456	0.05340117918517109	0.0121267	6e-05
-0.0402	-0.0006	0.4439	0.005770058507093254	-0.00010995574287564276	-0.0008272860654453122	0.99311811	51.52336884	0.98496939	0.06354990047855437	0.0126935	3e-05
-0.036	0.0379	0.4443	0.005695009349257497	-0.0002129301687433082	-0.0008237954069413235	1.05096185	54.52432632	1.00367424	0.05217571211037053	0.0133485	0.0001
-0.0488	-0.0525	0.4161	0.005832890360165049	-4.18879020478639e-05	-0.0008639379797371932	1.07828379	55.94180298	1.03691414	0.14885329251994328	0.0126492	6e-05
-0.055	-0.0505	0.4553	0.005682792044493536	5.061454830783555e-05	-0.0008168140899333463	1.05822432	54.90110397	1.01339855	0.06188623279155291	0.0143169	9e-05
-0.0526	-0.0037	0.4706	0.005630432166933707	6.108652381980153e-05	-0.0008272860654453122	1.04651487	54.29361343	1.00109884	0.0681651914291881	0.0138354	8e-05
-0.0299	0.0254	0.5024	0.005302310267558773	-0.00029845130209103034	-0.0007923794804054256	1.00752318	52.27070999	0.99311398	0.11972831551628255	0.0150326	0.0001
-0.0279	0.0287	0.4835	0.005290092962794812	-0.0002740166925631097	-0.0008011061266653974	1.06600845	55.30495071	1.00499889	0.02646892802759263	0.0151314	0.00014
-0.0452	-0.0735	0.4627	0.005618214862169747	-0.00010471975511965978	-0.000905825881785057	1.10014367	57.07590103	1.05201385	0.1704069295969022	0.0144726	7e-05
-0.0543	-0.0879	0.4783	0.005806710421385134	6.45771823237902e-05	-0.0008779006137531476	1.0446434	54.19652557	1.00721942	0.05838588823453734	0.0149448	0.00011
-0.0552	-0.0388	0.4866	0.00588525023772488	9.42477796076938e-05	-0.0009232791743050004	1.03989065	53.94995117	1.00042008	0.06597944870877508	0.0139822	8e-05
-0.0416	-0.0033	0.4964	0.00562345084992573	-4.18879020478639e-05	-0.000905825881785057	1.00205708	51.98712921	0.98922827	0.07966941809873257	0.0143474	7e-05
-0.0367	0.0418	0.4865	0.005482079180514189	-0.0001186823891356144	-0.0009250245035569946	1.0670203	55.35744476	1.01201182	0.07176823891356147	0.0146981	0.00011
-0.0431	-0.034	0.4482	0.005661848093469605	-7.67944870877505e-05	-0.0009930923443847736	1.07477927	55.75998306	1.03843157	0.13498623279155297	0.013256	4e-05
-0.0536	-0.0974	0.4709	0.005900958200992828	5.4105206811824215e-05	-0.000947713783832921	1.04877889	54.41107178	1.0232154	0.11736941809873248	0.0147393	6e-05
-0.0571	-0.0295	0.478	0.006012659273120465	7.155849933176751e-05	-0.0009756390518648303	1.04376757	54.1510849	1.01151882	0.08635398163397445	0.0136278	0.00011
-0.0436	0.011	0.5023	0.005756095873077299	-1.0471975511965975e-05	-0.0009040805525330626	1.02062547	52.95046616	0.99857679	0.09880761871093331	0.0146258	8e-05
-0.0378	0.0366	0.4779	0.00558330827712986	-9.250245035569947e-05	-0.0008779006137531476	1.02112162	52.97620392	0.99700432	0.06984990047855433	0.0143135	0.00013
-0.0406	-0.0858	0.4677	0.005794493116621174	-0.00011344640137963142	-0.0008552113334772215	1.08562982	56.32291412	1.05930167	0.14814090353955858	0.0147118	0.00015
-0.0505	-0.0427	0.4802	0.006052801845916334	6.9813170079773176e-06	-0.0009354964790689606	1.05324447	54.64274979	1.01887881	0.08845107966372542	0.0146263	0.00013
-0.0563	-0.0145	0.4802	0.006019640590128442	4.0142572795869576e-05	-0.000895353906273091	1.07325494	55.68090057	1.01870658	0.039323254218582696	0.0143229	9e-05
-0.0387	0.031	0.4947	0.0057368972513053606	-0.0001658062789394613	-0.0008691739674931761	1.02676964	53.26922607	1.00077887	0.10334360646691634	0.0151531	0.00014
-0.0397	0.0204	0.4733	0.005827654372409066	-2.792526803190927e-05	-0.000853466004225227	1.09678841	56.90182877	1.02061675	0.045217304763960305	0.0150157	0.00016
-0.0546	-0.0988	0.4558	0.005967280712568612	3.4906585039886588e-06	-0.0008883725892651138	1.15937662	60.1489296	1.06943763	0.16189744258676655	0.015004	0.00013
-0.0671	-0.0563	0.4722	0.005850343652684992	0.0001308996938995747	-0.0010245082709206715	1.07416284	55.72800064	1.01167341	0.09042408884673821	0.0141727	7e-05
-0.0612	-0.0246	0.4811	0.005750859885321316	3.490658503988659e-05	-0.0010122909661567112	0.99926043	51.8420372	0.9841948	0.05688470904936625	0.0144044	9e-05
-0.048	0.0253	0.4924	0.005777039824101231	1.3962634015954635e-05	-0.000947713783832921	1.09428251	56.77182007	1.02521656	0.07998505360638182	0.0153176	0.00013
-0.0633	-0.0645	0.4517	0.005883504908472884	7.853981633974481e-05	-0.0009896016858807848	1.13353169	58.80808258	1.05841595	0.15644650843716537	0.0143731	7e-05
-0.0634	-0.0566	0.4688	0.005951572749300664	8.37758040957278e-05	-0.0009965830028887623	1.04942822	54.44475937	1.00578043	0.02911425727958701	0.0137779	7e-05
-0.0614	-0.0364	0.488	0.005937610115284709	0.00013962634015954637	-0.0009913470151327792	1.00249362	52.00977707	0.98420126	0.04515245789178778	0.0143301	4e-05
-0.0469	0.0339	0.5124	0.0057246799465414016	-3.4906585039886588e-06	-0.0009232791743050004	1.00850224	52.3215065	1.00140654	0.13040575041173108	0.0155712	9e-05
-0.0463	0.0204	0.4882	0.0057037359955174685	-1.7453292519943296e-05	-0.000879645943005142	0.99393761	51.56588745	0.99616405	0.042226990816987234	0.0147817	0.00016
-0.0583	-0.0658	0.4728	0.005923647481268755	5.061454830783555e-05	-0.0009581857593448868	1.03313684	53.59955597	1.02150167	0.13192595714594052	0.0148264	0.00015
-0.0633	-0.0451	0.4774	0.006019640590128442	7.330382858376184e-05	-0.0009459684545809266	1.07989144	56.0252037	1.01970817	0.0368449846949787	0.0152534	0.00013
-0.054	-0.0082	0.4976	0.005970771371072602	3.490658503988659e-05	-0.0009128071987930344	1.06030655	55.0091362	1.01208821	0.07242138591938038	0.0152759	7e-05
-0.0458	0.0352	0.4937	0.005927138139772744	-0.000148352986419518	-0.0007714355293814937	1.10372496	57.26169586	1.01730004	0.07391322360854012	0.0163655	0.00026
-0.0599	-0.0553	0.4627	0.0062290801003677615	1.7453292519943296e-05	-0.0007993607974134029	1.18258286	61.35287857	1.07053024	0.16038367537831943	0.0153332	0.00037
-0.072	-0.0727	0.477	0.006087708430956222	5.93411945678072e-05	-0.0009337511498169664	1.1099757	57.58599091	1.02488041	0.05968249619314832	0.0143401	0.00012
-0.0669	-0.0526	0.4804	0.0061295963330040846	4.886921905584123e-05	-0.0008377580409572782	1.05902457	54.94262314	0.99479485	0.03601764932097584	0.0149997	0.00016
-0.0537	0.0138	0.5154	0.006085963101704227	-4.363323129985824e-05	-0.0007487462491055673	1.12437129	58.33283615	1.03843023	0.12585737367536337	0.0160391	0.00016
-0.0497	0.0646	0.4945	0.005831145030913055	8.552113334772214e-05	-0.0006370451769779302	1.1076448	57.46506119	1.04144	0.10048367537831944	0.01454	0.00015
-0.0611	-0.0631	0.4637	0.005916666164260778	0.0003001966313430247	-0.0006440264939859076	1.08439851	56.2590332	1.04406962	0.18525889741755008	0.0129082	6e-05
-0.0635	-0.0659	0.4874	0.0061453042962720346	0.000291469985083053	-0.0006492624817418905	1.02203023	53.02334213	0.99567613	0.04103003830136055	0.014456	8e-05
-0.0645	-0.0306	0.4963	0.006164502918043972	0.00028099800957108706	-0.0006789330790257941	1.02200329	53.02194214	0.99974222	0.04816705972839037	0.0143028	0.0001
-0.0544	0.0188	0.5166	0.005951572749300664	0.00019024088846738194	-0.0005742133239061344	1.0444423	54.18609238	1.01579686	0.10022035224833357	0.0151448	0.0001
-0.0581	0.0319	0.453	0.005799729104377157	0.00039793506945470715	-0.0004485496177625427	1.05751896	54.8645134	1.03831665	0.10466007660272111	0.012849	7e-05
-0.0674	-0.0964	0.4422	0.005984734005088556	0.0005218534463463045	-0.0004468042885105483	1.08080888	56.0728035	1.0534936	0.16393343034274954	0.0134225	9e-05
-0.0634	-0.0603	0.4625	0.005937610115284709	0.0003787364476827695	-0.000450294947014537	1.00071239	51.91736221	0.99488866	0.07008657734856856	0.0137654	6e-05
-0.0647	-0.0326	0.4664	0.0061121430404841425	0.000445058959258554	-0.0004537856055185257	1.06239319	55.11738968	1.0014993	0.04511730476396029	0.0140863	0.00012
-0.0547	0.0321	0.4814	0.0059358647860327145	0.0005201081170943102	-0.00028274333882308137	1.117522	57.97749329	1.03470166	0.11081848394913142	0.0148092	0.00012
-0.0557	-0.0012	0.4478	0.00588525023772488	0.0005881759579220891	-0.00027925268031909274	1.07805562	55.92996216	1.02075241	0.07400865238198015	0.0131193	9e-05
-0.064	-0.0991	0.4385	0.005996951309852516	0.0004956735075663896	-0.00032637657012293966	1.05720317	54.84812927	1.02715771	0.1280663706143591	0.0132118	6e-05
-0.051	-0.0193	0.4633	0.005988224663592545	0.000466002910282486	-0.00024260076602721178	1.11501968	57.84767532	1.03491285	0.12370865238198012	0.0142302	9e-05
-0.0477	0.0088	0.4371	0.005804965092133139	0.0005358160803622592	-0.00023212879051524583	1.07756305	55.9044075	1.03046721	0.07077723585255724	0.0127011	7e-05
-0.0615	-0.0953	0.4297	0.0060405845411523745	0.0005445427266222308	-0.0002722713633111154	1.0556767	54.76893234	1.03478951	0.13952443340375378	0.0130427	6e-05
-0.0697	-0.0908	0.4538	0.0060946897479642	0.00046949356878647465	-0.0003944444109507184	1.02044046	52.94086456	1.00128761	0.049366370614359154	0.0133902	6e-05
-0.0659	-0.056	0.4767	0.005899212871740834	0.0005270894341022875	-0.00040840704496667313	1.00269413	52.02017593	0.99241308	0.07485176877775669	0.0142592	8e-05
-0.0514	0.0167	0.4973	0.005890486225480862	0.000619591884457987	-0.000296705972839036	1.0241785	53.13479614	1.00641408	0.11844650843716543	0.0151647	0.00018
-0.0468	0.0715	0.4913	0.005804965092133139	0.0007295476273336296	-0.00032637657012293966	1.09620643	56.87163162	1.04133682	0.07665737367536342	0.0155565	0.00012
-0.0618	-0.0332	0.439	0.00605105651666434	0.0009878563566287904	-0.0003316125578789226	1.15403247	59.87166977	1.07534389	0.1974818070791172	0.0136471	0.00011
-0.0686	-0.0621	0.4508	0.005892231554732856	0.000778416846389471	-0.0004433136300065597	1.07371461	55.70475006	1.02097033	0.07149827721492197	0.0145313	0.0001
-0.0512	-0.0324	0.4634	0.005932374127528725	0.0006073745796940267	-0.0003054326190990077	1.0801065	56.03636169	1.00726637	0.07715329251994325	0.0153036	0.00019
-0.0443	0.0226	0.457	0.0058747782622129135	0.0006894050545377602	-0.00029845130209103034	1.12744892	58.49250412	1.03966708	0.0756303828583761	0.0150464	0.0002
-0.0492	-0.0849	0.4114	0.006024876577884425	0.0006876597252857658	-0.0003193952531149623	1.12824345	58.53372574	1.06769346	0.16663937979737192	0.0131956	0.00016
-0.0518	-0.1314	0.4348	0.005895722213236845	0.0005742133239061344	-0.0003525565089028545	1.05924606	54.95411682	1.01107646	0.08628810109075521	0.0139445	7e-05
-0.0421	-0.0193	0.4705	0.005871287603708924	0.0004729842272904633	-0.00035430183815484887	1.07304466	55.66999435	1.03593402	0.16387045176977924	0.0142756	0.0001
-0.0375	0.0549	0.4612	0.005789257128865191	0.000661479786505851	-0.00032637657012293966	1.06094396	55.042202	1.03907294	0.10302256510455148	0.0138587	7e-05
-0.0392	-0.026	0.4245	0.005976007358828583	0.000661479786505851	-0.0003630284844148205	1.03907907	53.90784073	1.02229765	0.13047010721276367	0.0120736	5e-05
-0.0447	-0.1068	0.4418	0.006162757588791978	0.0005532693728822024	-0.0003351032163829112	1.02439749	53.14616013	1.01825095	0.11974429558094768	0.0135175	6e-05
-0.0416	-0.0252	0.4701	0.006197664173831864	0.0004572762640225143	-0.00034557519189487725	1.04767215	54.35365677	1.02936061	0.120068583470577	0.0132012	6e-05
-0.0378	0.0488	0.4788	0.005890486225480862	0.0005462880558742252	-0.0003577924966588376	1.04065788	53.98974991	1.01608804	0.10692035224833366	0.0136347	8e-05
-0.0418	0.0037	0.4363	0.005979498017332573	0.0005358160803622592	-0.0003473205211468716	1.00608695	52.19619751	0.99774394	0.09709778714378212	0.0119043	6e-05
-0.0578	-0.0979	0.4476	0.006295402611943547	0.0005864306286700947	-0.00042935099599060504	1.0769614	55.87319565	1.04266744	0.15132748088812714	0.0141194	0.00015
-0.0639	-0.0567	0.4707	0.00644201026911107	0.00048520153205442357	-0.0004537856055185257	1.08494008	56.28712845	1.02144351	0.08401356816555575	0.0143129	8e-05
-0.0514	0.0226	0.4944	0.006290166624187564	0.0004799655442984406	-0.00041189770347066176	1.0997541	57.05569077	1.03677247	0.1254483767363676	0.0143811	0.00012
-0.0396	0.0576	0.4796	0.006016149931624455	0.0005148721293383271	-0.00031415926535897925	1.00857472	52.32526779	0.99423366	0.0819330857857339	0.0134963	5e-05
-0.0507	-0.042	0.4496	0.006098180406468187	0.0004677482395344803	-0.0004258603374866164	1.10195112	57.1696701	1.04623673	0.15274277183876084	0.0137437	0.00018
-0.0566	-0.0742	0.4662	0.006258750697651665	0.00037350045992678646	-0.0005148721293383271	1.04462433	54.19553375	1.0150578	0.07189149313214413	0.0142557	0.00012
-0.0458	-0.0095	0.4969	0.006174974893555937	0.000460766922526503	-0.0004188790204786391	1.04805839	54.37369537	1.02750789	0.11955176877775664	0.0148228	8e-05
-0.0351	0.0752	0.4782	0.0060301125656404084	0.0006667157742618339	-0.0003351032163829112	1.03221107	53.55152893	1.02550449	0.1358293491873294	0.0140923	0.00011
-0.037	-0.0355	0.4456	0.006070255138436278	0.0006579891280018621	-0.0003577924966588376	1.01927173	52.88022995	1.02137533	0.1487779249665884	0.0125526	7e-05
-0.0478	-0.1121	0.4648	0.006213372137099812	0.0005742133239061344	-0.00039269908169872416	1.00892019	52.34318924	1.00989188	0.11968996938995743	0.014302	9e-05
-0.0455	-0.047	0.481	0.006270968002415626	0.0005288347633542819	-0.00035430183815484887	0.99924332	51.84114838	1.00030385	0.09066858347057709	0.0136694	7e-05
-0.0423	-0.0119	0.481	0.006393141050055229	0.0005619960191421741	-0.0003054326190990077	1.00659728	52.22267532	0.99025315	0.04851017612416682	0.0136173	0.0001
-0.0319	0.0445	0.4972	0.0062063908200918365	0.0005689773361501514	-0.00029496064358704166	1.04298937	54.11071014	1.02220627	0.09321017612416677	0.0148127	0.00014
-0.0256	0.0745	0.4556	0.00617148423505195	0.0006510078109938849	-0.00028623399732707005	1.02394676	53.12277603	1.01634072	0.08418318530717955	0.0131919	8e-05
-0.0183	0.0098	0.4193	0.0062290801003677615	0.0006527531402458793	-0.0002373647782712288	1.00236177	52.0029335	1.00523761	0.11371052068118236	0.0119116	0.00013
-0.0172	-0.0069	0.3627	0.006424556976591126	0.0007033676885537148	-0.0002024581932313422	0.98739499	51.22645187	0.99526021	0.08844990047855432	0.0108012	0.00024
-0.0228	-0.1055	0.3282	0.0063721970990312975	0.000614355896702004	-0.00024260076602721178	1.03964424	53.93716431	1.0301724	0.14777571211037047	0.0109715	0.00021
-0.0234	-0.1944	0.3607	0.006199409503083859	0.0006161012259539982	-0.00024260076602721178	1.03758907	53.83054352	1.02840768	0.13072664625997168	0.0134673	0.00013
-0.0437	-0.1491	0.383	0.006333799855487422	0.0006492624817418905	-0.0003351032163829112	1.08019888	56.04115677	1.01693708	0.10090270292735772	0.0137657	0.00022
-0.0467	-0.0888	0.3919	0.006396631708559217	0.0005410520681182421	-0.000296705972839036	1.0949868	56.80836105	1.03085519	0.08267197551196592	0.0127875	9e-05
-0.0079	-0.0011	0.3315	0.0059411007737886976	0.0002024581932313422	5.4105206811824215e-05	1.1592654	60.14316177	1.10656983	0.244146799465414	0.011447	0.00015
-0.0299	0.1246	0.4406	0.006431538293599104	0.000486946861306418	-0.00022689280275926284	1.17486024	60.95222855	1.14130823	0.30959620987282843	0.0127866	5e-05
-0.0077	0.0892	0.3525	0.00596204472481263	0.00012740903539558605	3.839724354387525e-05	1.10805702	57.48644638	1.08605329	0.2004160720500222	0.0117737	0.00012
-0.0299	0.1134	0.4361	0.006318091892219472	0.00039269908169872416	-0.00028623399732707005	1.08503211	56.29190826	1.07275078	0.1772984227290463	0.0127587	8e-05
-0.0127	0.1324	0.4478	0.0064280476350951155	0.0005654866776461627	-0.00023387411976724014	0.96206707	49.91242981	0.98036448	0.06465516081914555	0.0129386	0.00014
-0.0158	0.0058	0.4159	0.006452482244623035	0.0006544984694978735	-0.0002513274122871834	1.00571525	52.17691422	1.02011631	0.16814498469497863	0.0110646	5e-05
-0.0243	-0.1379	0.383	0.006511823439190843	0.0007190756518216638	-0.0002251474735072685	1.04611003	54.27260971	1.0456989	0.19260491578357564	0.0119914	0.00012
-0.0414	-0.1655	0.345	0.007267551005304389	0.0006126105674500097	-0.00026878070480712676	1.09109938	56.60667801	1.06073109	0.12799129408925294	0.0131291	0.00019
-0.0308	-0.1052	0.1525	0.010733774899765127	0.0003682644721708035	0.0001361356816555577	1.40328538	72.80301666	1.28572091	0.4691743188101314	0.0127629	0.00037
-0.0134	-0.0255	0.0958	0.01146157719784676	-0.0002670353755551324	0.0006265732014659643	1.26439452	65.59729767	1.18662747	0.2464769832808988	0.0136899	0.00038
-0.0048	0.0532	0.2147	0.009182177194742168	9.773843811168246e-05	0.00027750735106709843	1.25466132	65.09233856	1.17454158	0.3558619833585136	0.00920135	0.00018
-0.0101	0.0729	0.2887	0.00844564825040056	0.0002478367537831948	0.00019198621771937622	1.10263145	57.20496368	1.0445668	0.1476074196680422	0.00816339	0.0001
-0.0088	0.1553	0.2996	0.008929104453202991	6.981317007977319e-05	0.00018151424220741024	1.0681299	55.41501236	1.03545419	0.12819758810089088	0.00985175	8e-05
-0.0122	0.213	0.3176	0.009066985464110541	0.0002478367537831948	1.7453292519943294e-06	1.10383987	57.26766205	1.03258869	0.1038836753783194	0.0124774	0.00021
-0.0333	0.0532	0.2712	0.00874409955249159	0.0005672320068981572	-0.00021642082724729686	1.16759944	60.57553101	1.11034359	0.2703223660616602	0.00875074	0.00011
-0.036	-0.1078	0.2908	0.008443902921148567	0.00042236967898262774	-0.0001239183768915974	1.13876557	59.07961655	1.09812945	0.21017807048071263	0.00943112	6e-05
-0.0272	-0.0091	0.3521	0.00832522053201295	9.773843811168246e-05	-0.00021467549799530252	1.09062433	56.58203506	1.05717263	0.19550353755551336	0.00843012	4e-05
-0.0237	0.0322	0.3313	0.008450884238156544	0.0003211405823669566	-0.00023561944901923448	1.0116564	52.48514175	1.00479809	0.08410049007114001	0.00798029	5e-05
-0.0531	-0.1067	0.2806	0.008183848862601411	0.0004974188368183839	-0.0003682644721708035	1.09085929	56.59422302	1.0651201	0.2477979326579064	0.00856507	3e-05
-0.0374	-0.1134	0.3008	0.008100073058505684	0.00040317105721069014	-0.0002565634000431664	1.01294911	52.55221176	1.00392032	0.05708623279155288	0.00974315	0.00012
-0.035	0.0439	0.3522	0.008370599092564804	0.0004328416544945937	-0.00020943951023931956	1.15920544	60.14004517	1.10205879	0.22846602605734356	0.00892872	7e-05
-0.0191	0.118	0.3237	0.008382816397328765	0.0004729842272904633	-0.0002181661564992912	1.07753432	55.90291977	1.04545117	0.12155432619099012	0.00967884	0.00012
-0.0205	0.0752	0.2788	0.00799011731563004	0.0007330382858376184	-0.00018151424220741024	1.02761221	53.31293869	1.02498381	0.12357025272688806	0.00851685	0.00014
-0.0368	-0.0797	0.2764	0.00802153324216594	0.0007731808586334879	-0.00020594885173533088	1.09385633	56.74971008	1.07012646	0.1783996554429845	0.00838131	5e-05
-0.0599	-0.0756	0.3599	0.007407177345463934	0.000661479786505851	-0.0004747295565424576	1.03503585	53.69808197	1.02894355	0.16044188368183843	0.00927573	6e-05
-0.056	-0.0146	0.4062	0.007084291433844983	0.000582939970166106	-0.00038397243543875244	1.00933707	52.36481476	1.01000672	0.1358091424531201	0.0101955	6e-05
-0.0232	0.077	0.4263	0.007433357284243849	0.0006318091892219474	-0.0002181661564992912	1.07449543	55.74525833	1.04479885	0.17268706741970843	0.0109571	5e-05
-0.015	0.0658	0.408	0.007452555906015787	0.0005742133239061344	-0.00022863813201125715	1.03606403	53.75142288	1.01305763	0.042063323129985904	0.0102826	7e-05
-0.0366	-0.0893	0.3565	0.007661995416255106	0.0005969026041820607	-0.0002565634000431664	1.12764013	58.50242615	1.08871825	0.24120270292735776	0.00942731	7e-05
-0.0477	-0.0793	0.4132	0.0076393061359791795	0.0005201081170943102	-0.0003787364476827695	1.04590213	54.26182938	1.01834504	0.08888284075016403	0.010398	3e-05
-0.0328	0.0061	0.422	0.0075729836244033955	0.00037524578917878077	-0.0003351032163829112	1.01316357	52.56333923	1.00395284	0.12184090353955856	0.009799	4e-05
-0.022	0.0666	0.4206	0.007630579489719209	0.0004380776422505767	-0.00030194196059501896	1.08322906	56.19836044	1.03039163	0.08037944870877507	0.0113471	0.00012
-0.0208	-0.0301	0.3814	0.007623598172711231	0.00045902159327450867	-0.0003089232776029963	1.09036517	56.56858444	1.05361205	0.1388453292519943	0.0098443	0.00015
-0.0294	-0.0902	0.4179	0.0079412480965742	0.0005689773361501514	-0.0002652900463031381	1.04416108	54.17150116	1.03165351	0.12876194490192344	0.011368	9e-05
-0.0232	-0.0023	0.4599	0.007936012108818216	0.00045902159327450867	-0.00028797932657906436	1.0652802	55.26716995	1.03363438	0.14299405054537764	0.0115632	8e-05
-0.0183	0.0709	0.4613	0.0077440258910988395	0.0005794493116621174	-0.00020594885173533088	1.01948345	52.89121628	1.01208109	0.09922222054753592	0.0117946	7e-05
-0.0197	-0.0163	0.4229	0.00786096295098246	0.000577703982410123	-0.00021118483949131387	1.08881319	56.48806763	1.03025924	0.1331959188445799	0.0110815	0.00012
-0.0357	-0.0726	0.4414	0.008166395570081468	0.0007993607974134029	-0.0002530727415391778	1.0844245	56.26038361	1.03589672	0.1192488668075076	0.0124974	0.00018
-0.0344	-0.0128	0.4608	0.008140215631301554	0.0007382742735936014	-0.0002199114857512855	1.07459462	55.75040436	1.02305209	0.08652138591938038	0.0122876	0.00012
-0.0199	0.0573	0.483	0.0079412480965742	0.0005724679946541401	-0.00015533430342749534	1.02521062	53.18834305	1.0032611	0.12826754979953023	0.012458	7e-05
-0.0124	0.0737	0.484	0.008025023900669927	0.0004747295565424576	-0.000153588974175501	1.07505631	55.77435684	1.00585231	0.0340629785729702	0.0144223	0.00024
-0.0225	-0.0334	0.4545	0.008140215631301554	0.0006579891280018621	-0.00013264502315156904	1.13608491	58.94054413	1.06110611	0.16266976265574812	0.0132875	0.00018
-0.0255	-0.0578	0.4799	0.008180358204097423	0.0006963863715457374	-0.00017627825445142725	1.05959666	54.97230148	1.01238083	0.05890865238198013	0.0132579	6e-05
-0.0175	-0.0163	0.4916	0.007962192047598132	0.0005235987755982988	-0.0002024581932313422	0.9978171	51.76715469	0.98648295	0.08205668456133222	0.0131009	2e-05
-0.0078	0.0441	0.5068	0.007960446718346137	0.0003385938748868999	-0.00022340214425527416	1.06338358	55.16877365	1.01179422	0.09568470904936632	0.0146504	0.00012
-0.0138	0.0314	0.4892	0.008059930485709814	0.0003525565089028545	-0.0003211405823669566	1.03253627	53.56839752	1.0062786	0.0468592419745657	0.0136642	7e-05
-0.0243	-0.0073	0.4557	0.008051203839449843	0.0004328416544945937	-0.000439822971502571	1.02963924	53.41809845	1.00944263	0.09308470904936628	0.0119554	0.0001
-0.024	-0.0873	0.4525	0.007881906902006392	0.00023911010752322313	-0.0004433136300065597	1.03517997	53.70555496	1.01438521	0.10182595714594046	0.0122418	0.00012
-0.0152	-0.1031	0.4806	0.008073893119725768	0.0002007128639793479	-0.00033684854563490564	0.99552429	51.6482048	1.00238818	0.06954242728174526	0.0131726	3e-05
-0.0278	-0.0586	0.4927	0.00850149878646438	0.0004136430327226561	-0.00037524578917878077	1.05115247	54.53421402	1.01225332	0.10314665395128975	0.0135052	7e-05
-0.0324	-0.0009	0.4763	0.008354891129296856	0.0003630284844148205	-0.0003717551306747922	1.08190739	56.12979126	1.02583926	0.08873564319896739	0.0122058	7e-05
-0.0212	0.0605	0.4938	0.008091346412245713	0.0003089232776029963	-0.00035081117965086024	1.04722881	54.33065796	1.01043464	0.107029693744345	0.0124947	8e-05
-0.0201	0.133	0.5104	0.008032005217677904	8.203047484373349e-05	-0.0004433136300065597	1.03862834	53.88446045	1.00385294	0.10913682238413852	0.0146579	0.00013
-0.0254	0.1125	0.4893	0.008127998326537593	0.0002007128639793479	-0.0005358160803622592	1.06382585	55.19171524	1.02215338	0.06225889741755012	0.0141706	0.0001
-0.0297	0.0383	0.4417	0.008136724972797564	0.00039269908169872416	-0.0005253441048502931	1.08624446	56.35480499	1.04010127	0.13665924197456575	0.011705	8e-05
-0.0319	-0.0733	0.4043	0.008148942277561523	0.0003682644721708035	-0.0005846852994181004	1.06026113	55.00677872	1.04095	0.15599965544298436	0.00989163	0.00012
-0.024	-0.1786	0.4414	0.008218755447641298	0.0002513274122871834	-0.0005061454830783556	1.06925786	55.47353363	1.04742505	0.163564502315157	0.0131259	0.00014
-0.0261	-0.1539	0.4782	0.008569566627292158	0.0002600540585471551	-0.0004921828490624009	1.01076698	52.43900299	1.00608415	0.08227502299633929	0.0141739	0.00013
-0.0375	-0.0964	0.4998	0.00884358331985527	0.0003944444109507184	-0.0004991641660703782	1.0774169	55.8968277	1.03302718	0.1112694180987326	0.0143539	0.00018
-0.0315	-0.0036	0.51	0.008787732783791448	0.0004433136300065597	-0.00041713369122664475	1.09926867	57.03050613	1.03960582	0.11833751149816978	0.0139066	0.0001
-0.0248	0.0846	0.521	0.00857829327355213	0.00046425758103049166	-0.0003577924966588376	1.02930439	53.40073013	1.01043347	0.12038623279155287	0.0144919	6e-05
-0.0247	0.1497	0.5416	0.008569566627292158	0.0006108652381980154	-0.0003193952531149623	1.10174394	57.15892029	1.02702771	0.09548657734856848	0.0179153	0.00042
-0.0158	0.1612	0.5728	0.008555603993276205	0.0008360127117052838	-0.000158824961931484	1.09805024	56.96728897	1.03444582	0.07158401993533503	0.0196666	0.00052
-0.0281	0.1126	0.5525	0.00898146433076282	0.0011222467090323538	-0.00034033920413889426	1.0430727	54.11503601	1.02630528	0.12588042885105477	0.018023	0.0004
-0.0144	-0.0727	0.4771	0.008934340440958973	0.0009896016858807848	-0.0003193952531149623	1.15430069	59.8855896	1.12539365	0.2844356431989673	0.0140145	0.00018
-0.0058	-0.1564	0.4749	0.008974483013754843	0.0007330382858376184	-0.0003211405823669566	1.01599598	52.71028137	1.02135603	0.10942256510455153	0.0150374	0.00019
-0.0247	-0.1837	0.4791	0.008897688526667093	0.0006108652381980154	-0.0004014257279586958	0.98701531	51.20675278	1.00192986	0.06436263401595464	0.0158426	0.00032
-0.0279	-0.1343	0.4926	0.00900589894029074	0.0004904375198104066	-0.0003525565089028545	1.11731672	57.96684265	1.06174024	0.07997536755335478	0.0153214	0.00027
-0.0183	-0.0071	0.5241	0.008913396489935041	0.0004014257279586958	-0.0003106686068549907	1.11181021	57.68116379	1.06897185	0.1794701072127637	0.0146986	0.00017
-0.0147	0.0763	0.5146	0.0088645272708792	0.0004049163864626844	-0.00027750735106709843	1.0724808	55.64073563	1.02423683	0.10077605666738616	0.0151771	0.00026
-0.0267	0.0277	0.4859	0.008868017929383189	0.0003822271061867582	-0.0003822271061867582	1.10614383	57.38719177	1.04477093	0.09584498469497872	0.014517	0.00014
-0.0298	0.0176	0.5125	0.008796459430051421	0.0005375614096142535	-0.00038571776469074686	1.06952763	55.48752975	1.02117976	0.05131917306316256	0.0140098	0.00018
-0.019	0.0578	0.5374	0.008751080869499567	0.0005794493116621174	-0.00035604716740684323	1.00547123	52.16425323	0.98753684	0.0817468529941811	0.0154068	0.00016
-0.021	0.1071	0.5556	0.008660323748395862	0.00048345620280242926	-0.0004014257279586958	1.07722521	55.88688278	1.02086784	0.08110643952576232	0.0178452	0.00037
-0.0255	0.0527	0.4928	0.00848579082319643	0.0004328416544945937	-0.00048345620280242926	1.11561358	57.87848282	1.05175332	0.13705889741755006	0.0143182	0.0003
-0.0415	-0.1059	0.4391	0.00847706417693646	0.00042935099599060504	-0.0005881759579220891	1.11353195	57.77048874	1.07557364	0.2341468529941809	0.0120997	8e-05
-0.0394	-0.1441	0.4773	0.00872315560146766	0.00033335788713091696	-0.0005288347633542819	1.06687975	55.35015106	1.02558077	0.0985712863979348	0.0156903	0.00039
-0.031	-0.0782	0.5208	0.00867079572390783	0.00022689280275926284	-0.0005078908123303499	1.09075928	56.58903503	1.03675868	0.12678844564777086	0.0165297	0.00028
-0.0265	0.0154	0.5374	0.00876853416201951	0.0003473205211468716	-0.0004747295565424576	1.08084261	56.07455444	1.04051602	0.12726637061435905	0.0164687	0.00017
-0.0273	0.0159	0.5151	0.008663814406899851	0.0005846852994181004	-0.0004310963252425994	1.00021577	51.89160156	0.98972244	0.042885888234537296	0.0149726	0.00018
-0.0315	-0.0219	0.4777	0.008782496796035466	0.0005427973973702365	-0.00048520153205442357	1.02224338	53.03440094	0.99585312	0.09013377489976512	0.0138109	0.00014
-0.0327	-0.116	0.4853	0.008998917623282763	0.00041015237421866745	-0.0005235987755982988	1.04476142	54.20264435	1.0311939	0.12227315469713704	0.0153121	0.00017
-0.0397	-0.0702	0.5166	0.009091420073638463	0.0003961897402027128	-0.000577703982410123	1.02973568	53.42310333	1.01143688	0.09212851455917388	0.0156238	0.00021
-0.0463	-0.0017	0.5277	0.009046041513086609	0.0003822271061867582	-0.0005742133239061344	1.04433513	54.18053055	1.02024791	0.08934159265358985	0.0150033	0.0002
-0.0413	0.0847	0.5336	0.008815658051823359	0.00034208453339088857	-0.0005637413483941684	1.03162074	53.52090454	1.01947256	0.11134990047855428	0.0155728	0.00013
-0.0452	0.0956	0.4758	0.00888896188040712	0.0004014257279586958	-0.0005846852994181004	1.06854951	55.43678284	1.02148535	0.08027944870877497	0.0142162	0.00012
-0.0586	-0.0476	0.4592	0.009028588220566666	0.000439822971502571	-0.0006894050545377602	1.13203919	58.73065186	1.08664674	0.18733716694115407	0.0135642	0.00023
-0.0686	-0.079	0.4861	0.009241518389309976	0.0005637413483941684	-0.0007731808586334879	1.05902791	54.9427948	1.02316799	0.0893312174865317	0.0145633	0.00014
-0.0655	-0.0515	0.5218	0.009288642279113822	0.0005846852994181004	-0.0008011061266653974	1.02182281	53.01258469	0.99873284	0.07109965544298445	0.0151223	0.00022
-0.0469	0.0102	0.5346	0.00911934534167037	0.00017453292519943296	-0.0007661995416255106	1.03417015	53.65316772	0.99871617	0.12381779483510026	0.0158924	0.0002
-0.0365	0.0446	0.5238	0.008929104453202991	-4.18879020478639e-05	-0.0007644542123735164	1.06342387	55.17086029	1.02466387	0.07602035224833342	0.0161613	0.00025
-0.0449	-0.025	0.4819	0.00891688714843903	3.839724354387525e-05	-0.0008482300164692441	1.07947946	56.00383377	1.03528977	0.12871391272257143	0.0145668	0.00029
-0.0474	-0.108	0.5012	0.009035569537574645	-0.00011344640137963142	-0.0008639379797371932	1.03569484	53.73226547	1.0162663	0.11911169986635348	0.0157278	0.00023
-0.0474	-0.0757	0.5263	0.0092031211457661	5.235987755982988e-06	-0.0007906341511534313	1.01387429	52.60020828	0.9924612	0.07537689129554162	0.0168034	0.00037
-0.0444	-0.0307	0.5384	0.00933576616891767	0.00010297442586766544	-0.000778416846389471	1.04459262	54.1938858	1.01096683	0.07223003830136063	0.0171798	0.00046
-0.0373	0.0047	0.554	0.009290387608365815	7.330382858376184e-05	-0.0007016223593017205	1.02806067	53.33620453	1.00481947	0.06569218224617554	0.0179724	0.00045
-0.0298	0.0654	0.5548	0.00922755575529402	0.00012740903539558605	-0.0006265732014659643	1.01884687	52.85818863	1.00602937	0.07859931088596865	0.0179873	0.0003
-0.0281	0.0475	0.5488	0.00907047612261453	0.0001937315469713706	-0.0005166174585903216	0.98524922	51.11512756	0.98748435	0.04226789435654585	0.0171938	0.00016
-0.0293	0.0346	0.5613	0.00888023523414715	0.0003577924966588376	-0.00038571776469074686	1.00912559	52.35384369	0.98846925	0.0508600766027212	0.0190526	0.0003
-0.0189	-0.0385	0.4742	0.008628907821859965	0.0006754424205218055	-0.0002740166925631097	1.06297028	55.14732742	1.0587546	0.20463392041388948	0.0154122	0.00025
0.0196	-0.0687	0.4338	0.008969247025998859	0.00031415926535897925	-4.71238898038469e-05	1.02119732	52.98012924	1.0210226	0.1555257581030491	0.0152146	0.00054
0.0102	-0.2218	0.3185	0.009831439676484059	0.00024085543677521747	-0.0002443460952792061	1.14204609	59.24981689	1.11823391	0.33443593422721607	0.0142372	0.00062
0.009	-0.3251	0.3504	0.010035643198967393	4.537856055185256e-05	-0.00034557519189487725	1.14317262	59.30826187	1.103434	0.1614454747661185	0.0177919	0.00235
0.0158	-0.2318	0.3808	0.01028697061125458	6.283185307179586e-05	-0.000312413936106985	1.063007	55.14923096	1.05007327	0.14559709802975113	0.0143763	0.00065
0.0171	-0.1467	0.4199	0.010583676584093616	0.00032463124087094524	-0.0002251474735072685	1.0645324	55.22837067	1.04220368	0.1577885911618951	0.0145763	0.0005
0.0171	-0.0108	0.4606	0.010681415022205296	0.0005044001538263612	-0.00020943951023931956	1.12280548	58.25160599	1.07137872	0.19126076571675227	0.0142186	0.00027
0.0234	0.0844	0.4894	0.011030480872604163	0.00042236967898262774	-0.00018675022996339323	1.03435063	53.66253281	1.01850803	0.15298928027592634	0.0157152	0.00032
0.0227	0.154	0.5245	0.011205013797803597	0.00040840704496667313	-0.000153588974175501	1.07331514	55.68402481	1.03162179	0.116482840750164	0.0194451	0.0012
0.02	0.1989	0.5342	0.011070623445400033	0.0004520402762665313	-0.00021642082724729686	1.07610178	55.82859421	1.02547844	0.06934277183876097	0.0198824	0.00145
0.0204	0.1504	0.533	0.010934487763744474	0.00046425758103049166	-0.00020769418098732522	1.00747943	52.26844025	0.99747202	0.05795398163397453	0.0185106	0.00085
0.0209	0.0794	0.5389	0.010784389448072963	0.00037524578917878077	-0.0002007128639793479	1.08046782	56.05511093	1.0297284	0.08970457122656	0.0188044	0.00094
0.0249	0.0043	0.5299	0.010578440596337632	0.0003316125578789226	-0.0002530727415391778	1.08762777	56.42657089	1.03116946	0.10319709802975097	0.0179124	0.0009
0.0247	-0.0718	0.5131	0.010440559585430078	0.0003700098014227979	-0.0002600540585471551	1.00828922	52.31045151	0.99604206	0.10226297857297036	0.0168766	0.0008
0.0156	-0.0794	0.5015	0.010016444577195456	0.00022689280275926284	-0.00041015237421866745	1.1043762	57.29548645	1.02771628	0.06416651612848354	0.018558	0.00154
0.0114	-0.1229	0.4343	0.009587093581204851	0.0002705260340591211	-0.00041538836197465044	1.11590958	57.89384079	1.0597296	0.1388110107523222	0.0165369	0.00107
-0.0009	-0.1672	0.372	0.009454448558053281	0.00034557519189487725	-0.0005044001538263612	1.04561114	54.2467308	1.03726399	0.13373529864195183	0.0157437	0.0011
-0.0066	-0.2274	0.4011	0.009496336460101147	0.00022689280275926284	-0.00045553093477052	1.06697214	55.35494614	1.04126076	0.1054719755119661	0.018119	0.00236
-0.0027	-0.1107	0.4492	0.009709266628844455	0.0002199114857512855	-0.0005148721293383271	1.05715382	54.84556961	1.05490406	0.18266263401595456	0.0166181	0.00132
-0.0007	-0.0079	0.4711	0.009941395419359702	0.00022863813201125715	-0.0005567600313861911	1.06743634	55.37903214	1.04101724	0.14083716694115417	0.0166813	0.00096
0.0095	0.121	0.4828	0.009918706139083775	0.0001605702911834783	-0.0005026548245743669	1.10995281	57.58480072	1.07114372	0.15804311639577645	0.0179982	0.00096
0.0115	0.1693	0.4603	0.009677850702308557	0.00034557519189487725	-0.0004258603374866164	1.04775906	54.35816574	1.02939293	0.09793274122871842	0.0176698	0.00066
-0.008	0.0671	0.4159	0.009730210579868387	0.00047647488579445195	-0.0004939281783143952	1.06601202	55.30513763	1.03537955	0.1786663706143592	0.0141479	0.0002
-0.0146	-0.0453	0.4371	0.009803514408452148	0.00042935099599060504	-0.0005078908123303499	1.10206497	57.17557907	1.05762336	0.1469195176201781	0.0150443	0.00046
-0.0207	-0.069	0.4292	0.009724974592112405	0.0002129301687433082	-0.0005951572749300663	1.05248237	54.60321045	1.01319399	0.05681135530933778	0.0139311	0.00038
-0.0095	-0.063	0.4601	0.009681341360812546	0.00017802358370342162	-0.0005148721293383271	1.00505018	52.14241028	0.99206499	0.05604124809657423	0.0144629	0.00027
-0.0062	-0.0117	0.4678	0.009777334469672236	0.00017453292519943296	-0.0004799655442984406	1.03087127	53.48201752	0.99825874	0.06901951762017822	0.0146537	0.00034
0.0004	0.0106	0.4461	0.00957836693494488	0.0003001966313430247	-0.00040840704496667313	1.04239154	54.07969666	1.01714345	0.07040948701013575	0.013826	0.00019
-0.0079	-0.0407	0.3829	0.009545205679156989	0.0004433136300065597	-0.00045902159327450867	1.06080139	55.0348053	1.03438924	0.13414464013796307	0.0118306	0.00017
-0.0244	-0.1348	0.344	0.009602801544472801	0.000445058959258554	-0.0006300638599699529	1.0596137	54.97319031	1.03771406	0.1610191730631626	0.0118985	0.00016
-0.027	-0.1413	0.3428	0.009166469231474218	0.00047822021504644627	-0.000645771823237902	0.98622501	51.16575241	0.9858807	0.034560076602721194	0.011174	7e-05
-0.0218	-0.0635	0.3687	0.009426523290021374	0.0005305800926062762	-0.0005654866776461627	1.03237987	53.56028366	1.01261461	0.1285349540849363	0.0106687	8e-05
-0.0177	0.025	0.3978	0.009637708129512687	0.0006335545184739417	-0.0005235987755982988	1.05684423	54.82950592	1.03045681	0.13950235837034208	0.0111172	0.00011
-0.0305	0.0574	0.4072	0.009637708129512687	0.0007539822368615504	-0.000640535835481919	1.01838613	52.83428574	1.00160245	0.06646823891356146	0.0113117	9e-05
-0.0307	0.1074	0.4215	0.009534733703645023	0.0008028514559173916	-0.000661479786505851	1.0092988	52.36283112	0.99707914	0.07313937979737185	0.0123783	8e-05
-0.0242	0.102	0.4035	0.009358455449193595	0.0007679448708775049	-0.0006056292504420323	0.98440129	51.07113647	0.99030743	0.04325176877775659	0.0112738	4e-05
-0.031	0.043	0.3545	0.009204866475018093	0.0007470009198535729	-0.0006702064327658224	1.05103993	54.52837753	1.01529987	0.12675550537616123	0.0104703	5e-05
-0.0432	-0.0865	0.3025	0.009302604913129776	0.000705113017805709	-0.0007644542123735164	1.08006179	56.03404236	1.05963088	0.205393705988362	0.0100163	0.00017
-0.0515	-0.2049	0.2807	0.009445721911793312	0.0006894050545377602	-0.0008028514559173916	1.06416011	55.20906067	1.04773221	0.15836111027376795	0.0119098	0.00017
-0.0644	-0.2279	0.3062	0.009211847792026072	0.000645771823237902	-0.000895353906273091	1.0354085	53.71741104	1.01910388	0.07990049007113989	0.0127921	0.0002
-0.0497	-0.154	0.3524	0.009318312876397726	0.0006859143960337716	-0.0007923794804054256	1.06217444	55.10604095	1.03664965	0.14727910415175935	0.0112581	8e-05
-0.0585	-0.0239	0.3835	0.009358455449193595	0.0005445427266222308	-0.0009581857593448868	1.04831803	54.38716125	1.03979859	0.1873660260573436	0.00943804	4e-05
-0.059	0.0358	0.3887	0.009608037532228783	0.0005742133239061344	-0.0009424777960769379	1.04643393	54.28941345	1.00872362	0.08014803217935201	0.0110493	0.00017
-0.0796	0.0415	0.2977	0.008817403381075353	0.0005183627878423159	-0.0009250245035569946	1.11203337	57.69274139	1.09965841	0.1604968989868596	0.00949878	6e-05
-0.0708	0.0658	0.341	0.009049532171590598	0.0007068583470577034	-0.0008883725892651138	1.03482199	53.68698502	1.02013903	0.09926381320112568	0.0103242	0.0001
-0.0524	0.0743	0.251	0.008374089751068793	0.0007557275661135446	-0.0008133234314293575	1.15782213	60.06827927	1.15479691	0.15686803987067016	0.0106817	0.00013
-0.0599	-0.0533	0.2978	0.008459610884416515	0.000661479786505851	-0.0008936085770210966	1.17976272	61.20656967	1.17560079	0.19490270292735767	0.00931597	6e-05
-0.0449	0.0685	0.3384	0.008902924514423075	0.0006021385919380437	-0.0008185594191853405	1.04467082	54.19794846	1.04270449	0.2062851991205061	0.00950885	3e-05
-0.0477	-0.0179	0.2995	0.008936085770210968	0.0008604473212332044	-0.0007958701389094143	1.00230646	52.00006866	0.99727229	0.14380796326794895	0.00911421	7e-05
-0.0907	-0.1896	0.2263	0.008939576428714955	0.0009442231253289323	-0.0009965830028887623	1.14356351	59.3285408	1.11799609	0.30229896632895314	0.0123009	0.00026
-0.076	-0.2241	0.1952	0.008785987454539455	0.0004991641660703782	-0.0008220500776893293	1.07356608	55.69704437	1.06848541	0.11895904293167436	0.0137974	0.00049
-0.0221	-0.2229	0.0572	0.0072413710665244725	8.726646259971648e-05	-0.0004415683007545654	1.30750716	67.83399963	1.33603702	0.3099497934210204	0.0183631	0.0018
-0.0551	-0.0104	0.184	0.007372270760424048	0.0004310963252425994	-0.0007330382858376184	1.29773366	67.32695007	1.26310822	0.4106099770812755	0.00973594	5e-05
-0.0362	0.0492	0.1656	0.007476990515543707	0.0005166174585903216	-0.0005323254218582705	1.07237017	55.63499832	1.0695089	0.11644768762233644	0.0108187	0.0002
-0.0457	0.037	0.2011	0.007515387759087582	0.00031415926535897925	-0.000640535835481919	1.06778049	55.39688492	1.077527	0.07465329251994329	0.00901991	6e-05
-0.0411	0.1889	0.2723	0.008456120225912526	0.0005009094953223725	-0.0007243116395776468	1.16970193	60.68461227	1.12754566	0.2882629250442032	0.0116955	0.00015
-0.0626	0.0897	0.2169	0.008548622676268226	0.0006510078109938849	-0.0009459684545809266	1.08224857	56.14749527	1.06683038	0.1993128790515246	0.00984502	0.00016
-0.0773	-0.1169	0.2063	0.008396779031344719	0.0005969026041820607	-0.0010367255756846318	1.19436109	61.96393585	1.15618083	0.2467352986419518	0.0100234	0.0001
-0.074	-0.0866	0.2719	0.00844564825040056	0.000598647933434055	-0.0010349802464326373	1.02537227	53.19673157	1.03015541	0.10181799387799147	0.00875098	4e-05
-0.0617	-0.08	0.2783	0.008548622676268226	0.0005166174585903216	-0.0009459684545809266	0.97301012	50.48015976	0.98329722	0.039000834628155526	0.00826532	4e-05
-0.0545	-0.0847	0.2866	0.008637634468119937	0.00047647488579445195	-0.0009075712110370514	0.98012519	50.84929276	0.98367073	0.028577580409572808	0.00785875	4e-05
-0.0466	-0.0716	0.2944	0.008628907821859965	0.000593411945678072	-0.0008168140899333463	0.97435087	50.54971695	0.97723535	0.0396210413623648	0.00767088	3e-05
-0.039	-0.0012	0.2916	0.008662069077647858	0.0004747295565424576	-0.0007696902001294993	1.00208783	51.98871994	0.99551333	0.09074837673636768	0.00714064	4e-05
-0.0347	0.0473	0.2944	0.00882787535658732	0.000450294947014537	-0.0007714355293814937	1.04228282	54.07405472	1.01132323	0.06519931088596877	0.0085941	9e-05
-0.0378	0.0397	0.2563	0.008911651160683048	0.0005305800926062762	-0.0007731808586334879	1.04061913	53.98774338	1.01507766	0.05709031394697313	0.00802684	7e-05
-0.0481	-0.0672	0.1748	0.008597491895324067	0.0003665191429188092	-0.00091106186954104	1.10632777	57.39673233	1.09175826	0.22950506129769996	0.00905353	0.00012
-0.0449	-0.1031	0.1198	0.008979719001510825	-7.853981633974481e-05	-0.0008691739674931761	1.07922983	55.99088287	1.05854595	0.1375586983746588	0.0114861	0.00016
-0.0202	-0.0716	-0.0363	0.01259255055313909	-0.0007330382858376184	-0.00026354471705114377	1.38345933	71.77442932	1.30258866	0.45594796357840855	0.0194209	0.00169
-0.017	0.033	0.0595	0.010702358973229227	-0.0003211405823669566	-0.0003473205211468716	1.19659758	62.0799675	1.16850403	0.3228932543738126	0.0125186	0.00019
-0.0184	-0.0064	0.1231	0.010011208589439474	-0.0002478367537831948	-0.00042760566673861073	1.01456332	52.63595581	1.01255969	0.14663696789826272	0.00990528	8e-05
-0.0152	0.0051	0.1503	0.009765117164908273	-0.00032463124087094524	-0.0004921828490624009	0.9999299	51.87677002	0.998378	0.061273154697137046	0.00893474	6e-05
-0.0043	0.0654	0.1753	0.01001818990644745	-0.000661479786505851	-0.0005044001538263612	1.05709255	54.84239197	1.02649637	0.12630692959690215	0.00964278	6e-05
-0.0035	0.1073	0.1651	0.009873327578531921	-0.000757472895365539	-0.000661479786505851	1.05140996	54.5475769	1.02433088	0.07279675347273534	0.0100865	0.00014
-0.0243	-0.0464	0.1426	0.0096342174710087	-0.0004904375198104066	-0.0007766715171374765	1.08330035	56.20206451	1.06288972	0.228066860685499	0.00919569	5e-05
-0.0425	-0.1444	0.1713	0.009965830028887622	-0.0002303834612632515	-0.0008290313946973065	1.05240023	54.59895325	1.04962131	0.17710132469929535	0.0101687	5e-05
-0.0481	-0.1151	0.2252	0.01024333737995472	-0.0002199114857512855	-0.000895353906273091	1.04738426	54.33871841	1.03107481	0.10651509190774244	0.0100884	6e-05
-0.0425	-0.041	0.2503	0.010147344271095031	-0.00039793506945470715	-0.0008360127117052838	1.07340777	55.68882751	1.03276712	0.12146789435654592	0.00899887	4e-05
-0.0352	0.0647	0.2279	0.010053096491487336	-0.00045902159327450867	-0.0007923794804054256	1.07457328	55.7492981	1.04942316	0.14534837673636775	0.00900799	9e-05
-0.0552	-0.0445	0.1801	0.009751154530892318	-0.0005410520681182421	-0.00102799892942466	1.04743719	54.341465	1.03832663	0.20797959422289927	0.00895679	7e-05
-0.0508	-0.0331	0.2064	0.009925687456091752	-0.0006283185307179585	-0.0010192722831646884	0.99227411	51.47958374	0.99512578	0.0556263017029561	0.00846207	2e-05
-0.0434	0.0884	0.2247	0.010131636307827083	-0.0006806784082777885	-0.000973893722612836	1.03432012	53.66094589	1.03153732	0.16238436449235066	0.00918525	5e-05
-0.0599	0.0299	0.1814	0.009663888068292601	-0.000598647933434055	-0.0011100294042683937	1.04117548	54.01660538	1.03534137	0.15259571980168862	0.00905842	5e-05
-0.0679	-0.0088	0.1223	0.010636036461653444	-0.0004956735075663896	-0.0011798425743481666	1.06049979	55.01915741	1.05003161	0.16304679946541406	0.0109396	9e-05
-0.0544	0.0007	-0.0612	0.014154620233674012	-0.0008360127117052838	-0.0005462880558742252	1.28394461	66.61156464	1.22921804	0.4311238747316701	0.0219384	0.00281
-0.0693	-0.0055	-0.0262	0.011056660811384077	-0.00024260076602721178	-0.0006824237375297829	1.21373653	62.96914291	1.20814404	0.2474753524811782	0.0166757	0.00052
-0.0489	0.0316	0.0728	0.010740756216773102	-0.0004904375198104066	-0.0007138396640656808	1.03793716	53.84860229	1.05394279	0.1862578637465034	0.0113857	0.00011
-0.0262	0.073	0.0499	0.010653489754173387	-0.0006946410422937432	-0.0006667157742618339	0.96047688	49.82992935	0.98068113	0.10392969374434488	0.0128273	0.00012
-0.0313	-0.0653	-0.012	0.011065387457644049	-0.00062482787221397	-0.0007557275661135446	1.06523454	55.26479721	1.05821331	0.23383613327010727	0.0152182	0.00028
-0.0302	-0.1441	0.0483	0.011412707978790921	-0.0006265732014659643	-0.0007731808586334879	1.08416903	56.24713135	1.0716749	0.1585259571459405	0.013559	0.00019
-0.0202	-0.0301	0.101	0.011299261577411289	-0.0006928957130417488	-0.0006841690667817771	1.06258452	55.12731552	1.04671747	0.19013903524035636	0.0105127	7e-05
-0.0194	0.0524	0.0647	0.011236429724339494	-0.0006562437987498679	-0.0006649704450098395	1.10817933	57.49279022	1.04232935	0.12553411945678067	0.0133933	0.00027
-0.0289	-0.0507	0.0339	0.011143927273983794	-0.0006108652381980154	-0.0007592182246175333	1.10852563	57.51075745	1.06651904	0.15500643952576232	0.0138118	0.00036
-0.0188	-0.084	0.1053	0.010934487763744474	-0.0007278022980816354	-0.0006475171524898963	1.08253729	56.16247559	1.05624908	0.13670388211252885	0.0119247	0.00025
-0.0077	0.0407	0.1613	0.010574949937833642	-0.0009424777960769379	-0.0006475171524898963	1.11193275	57.68752289	1.06461332	0.22051066619530668	0.00960171	9e-05
-0.0014	0.1068	0.1308	0.010499900779997887	-0.0009162978572970229	-0.0006370451769779302	1.03947759	53.92851639	1.01951712	0.10848505360638185	0.0119126	0.00012
-0.0059	0.0249	0.085	0.010510372755509851	-0.0007906341511534313	-0.000661479786505851	1.05909085	54.94606018	1.04130252	0.1402285145591738	0.0131226	0.00025
-0.0052	-0.0891	0.0924	0.010564477962321676	-0.0008237954069413235	-0.0006632251157578452	1.07645309	55.84682083	1.05620248	0.12655058959258556	0.0123931	0.00022
-0.0061	-0.1	0.1464	0.010978120995044333	-0.0007470009198535729	-0.0006667157742618339	1.04473221	54.20113373	1.03826819	0.0904964089157198	0.0116043	0.00013
-0.0014	-0.0107	0.1842	0.01100953692158023	-0.0008779006137531476	-0.0006702064327658224	1.05292952	54.62641144	1.03296165	0.14009031394697308	0.00970352	0.00013
0.0074	0.0625	0.1558	0.010602875205865551	-0.0009407324668249436	-0.000635299847725936	1.02343225	53.09608078	1.02319124	0.1356200076913181	0.00990081	5e-05
-0.0013	0.0026	0.1115	0.010451031560942046	-0.0008412486994612669	-0.0006894050545377602	1.03199518	53.54032898	1.00294511	0.12817163095495032	0.0108199	0.0001
-0.0104	-0.0775	0.1431	0.010543534011297744	-0.0007853981633974483	-0.0006754424205218055	1.03423095	53.65632248	1.02782727	0.1289157810217736	0.0104886	6e-05
-0.0056	-0.0075	0.1828	0.010695377656221252	-0.0008290313946973065	-0.0006876597252857658	1.03490114	53.69109344	1.01942374	0.12488470904936629	0.00926566	4e-05
-0.0009	0.0637	0.1781	0.010534807365037773	-0.0007993607974134029	-0.0006440264939859076	1.05119467	54.53640366	1.02453959	0.092293705988362	0.0101392	0.00013
0.0027	0.0699	0.147	0.010363765098342328	-0.0007225663103256524	-0.0005951572749300663	1.01485825	52.65125656	1.00328549	0.05573529864195185	0.0106567	0.00017
-0.0065	-0.0339	0.1171	0.010382963720114267	-0.0006911503837897545	-0.0006894050545377602	1.05007398	54.47826385	1.02706451	0.15014311639577657	0.0112534	0.00017
-0.0057	-0.1025	0.1621	0.010665707058937348	-0.0006946410422937432	-0.0006946410422937432	1.0680933	55.41311646	1.04666546	0.12897349925415263	0.0124921	0.00042
0.0044	-0.0263	0.1991	0.010718066936497177	-0.0008395033702092724	-0.0006265732014659643	1.08420432	56.24895859	1.03736984	0.13656450231515685	0.0113871	0.00024
0.0118	0.0515	0.2073	0.010510372755509851	-0.0008290313946973065	-0.0005427973973702365	1.05092216	54.52226639	1.01857355	0.10849709802975097	0.0112361	0.00015
0.0037	0.0095	0.1801	0.010485938145981932	-0.000752236907609556	-0.000582939970166106	0.9898265	51.3526001	0.99222704	0.08436858347057698	0.0111783	0.00019
0.0011	-0.0513	0.22	0.01077915346031698	-0.0006911503837897545	-0.000609119908946021	1.05565047	54.76757431	1.03294758	0.12232408884673825	0.0126961	0.00023
0.0059	0.0219	0.2566	0.010861183935160713	-0.000921533845053006	-0.0006283185307179585	1.05557525	54.76367188	1.02292921	0.13118062789394605	0.0120907	0.00011
0.0113	0.0912	0.2473	0.010501646109249882	-0.0010122909661567112	-0.000582939970166106	1.0384196	53.87363052	1.02372253	0.10878367537831944	0.0122126	9e-05
0.0035	0.0398	0.2284	0.010489428804485921	-0.0009093165402890458	-0.0006318091892219474	0.99352491	51.54447556	0.99449834	0.08630304748437338	0.0114189	0.0001
0.0041	-0.0266	0.2486	0.01069014166846527	-0.0008866272600131194	-0.0006544984694978735	0.99923819	51.84088135	1.00549034	0.09950457122656006	0.011147	4e-05
-0.0073	-0.002	0.2697	0.01075122819228507	-0.000926769832808989	-0.0007504915783575615	1.00876927	52.33535767	0.99591119	0.06696111027376789	0.0116079	0.00014
-0.0073	0.06	0.2537	0.010458012877950023	-0.0009808750396208131	-0.0008028514559173916	1.03871405	53.88890457	1.02179715	0.09798401993533505	0.0109996	0.0001
-0.0089	0.0056	0.2193	0.010259045343222669	-0.0009442231253289323	-0.0008168140899333463	1.02403486	53.12734222	1.01048497	0.10287910415175944	0.0108776	6e-05
-0.008	-0.0296	0.2325	0.010512118084761846	-0.0009634217471008699	-0.0008377580409572782	0.99634701	51.69088745	0.99518705	0.06396076571675237	0.0103254	6e-05
-0.0041	-0.0034	0.2681	0.010454522219446033	-0.0009354964790689606	-0.0008656833089891874	0.98112667	50.90124893	0.9869741	0.07137232006898155	0.0100905	7e-05
0.0008	0.0822	0.2513	0.01038470904936626	-0.0011205013797803594	-0.0008063421144213803	1.00081921	51.92290878	1.00945773	0.12300796326794892	0.0104584	3e-05
-0.0067	0.0528	0.2046	0.010355038452082358	-0.0010245082709206715	-0.0008307767239493009	1.03243089	53.56293488	1.00767286	0.09110491578357552	0.0106508	5e-05
-0.0087	-0.0362	0.2137	0.010386454378618255	-0.0010821041362364843	-0.0008988445647770796	1.06550932	55.27905655	1.03898114	0.1079539816339744	0.0101218	5e-05
-0.005	-0.0184	0.2334	0.010677924363701307	-0.0010245082709206715	-0.0008237954069413235	1.03368831	53.62817001	1.00885017	0.06240575041173106	0.00993323	0.00011
0.0092	0.0404	0.238	0.010503391438501875	-0.0011135200627723821	-0.0007190756518216638	1.02227437	53.03600693	0.99925864	0.09601322360854014	0.00986409	7e-05
0.0095	0.0361	0.2159	0.01036027443983834	-0.0010192722831646884	-0.0006894050545377602	0.97934055	50.80858612	0.97845658	0.04005176877775657	0.00995922	7e-05
0.0064	-0.0279	0.2186	0.010468484853461989	-0.001048942880448592	-0.0008360127117052838	1.04769957	54.35507584	1.01563306	0.08402443340375378	0.0112341	0.00015
0.0137	0.0029	0.2484	0.010599384547361562	-0.0010367255756846318	-0.0007120943348136865	1.03986216	53.94846725	1.00985382	0.08125176877775657	0.0108285	0.00011
0.0189	0.0357	0.2634	0.011023499555596186	-0.0010873401239924673	-0.0007033676885537148	1.01014566	52.40676498	1.00045368	0.07717281014012156	0.0108322	5e-05
0.0239	0.0345	0.2863	0.010946705068508434	-0.0010419615634406148	-0.0006736970912698113	0.9814958	50.92039871	0.9818826	0.036692182246175375	0.0107462	4e-05
0.0155	0.0875	0.2543	0.010489428804485921	-0.0009040805525330626	-0.0007278022980816354	0.99652392	51.70006561	1.00621486	0.12586312408709444	0.0106342	5e-05
0.0091	0.0554	0.196	0.010341075818066403	-0.0007679448708775049	-0.0006824237375297829	1.03778613	53.84076309	1.01725325	0.11329336143134644	0.0111241	6e-05
0.0027	-0.007	0.1444	0.010304423903774522	-0.0007278022980816354	-0.0007801621756414653	1.02331698	53.09009933	1.01718711	0.1291266462599716	0.011196	0.00012
-0.0003	-0.1017	0.1769	0.010534807365037773	-0.0007766715171374765	-0.000804596785169386	1.04652107	54.29393768	1.04142813	0.1453843644923506	0.0108899	7e-05
-0.0022	-0.0611	0.214	0.010822786691616838	-0.0008080874436733745	-0.0007819075048934597	1.03507471	53.70009613	1.02662048	0.09670422666954445	0.00972575	4e-05
0.0111	0.0218	0.2356	0.010876891898428661	-0.0008988445647770796	-0.0007225663103256524	1.02640057	53.25007629	1.01128763	0.1280101761241668	0.00892723	2e-05
0.0235	0.0919	0.2081	0.010934487763744474	-0.0008656833089891874	-0.0006073745796940267	1.0830102	56.1870079	1.03429871	0.12029744258676651	0.0104396	0.0001
0.0159	0.007	0.1887	0.010716321607245182	-0.0008429940287132613	-0.0006824237375297829	1.10917866	57.54463959	1.04225788	0.12769522973054867	0.00942427	0.0001
0.0149	0.0192	0.2204	0.010796606752836923	-0.0008395033702092724	-0.0007120943348136865	1.02868879	53.36878967	1.00098404	0.050572320068981685	0.00839055	1e-05
0.0245	0.1008	0.2337	0.010838494654884786	-0.0009948376736367678	-0.0006824237375297829	1.07151473	55.59061813	1.01686937	0.11584464013796304	0.0105597	0.00014
0.0231	0.0961	0.2033	0.010747737533781082	-0.0008936085770210966	-0.00062482787221397	1.09347093	56.72971344	1.02609056	0.04897910415175937	0.0105457	0.00014
0.0164	-0.0021	0.1925	0.010658725741929371	-0.0008272860654453122	-0.0006771877497737998	1.0537498	54.6689682	1.02241942	0.12608470904936625	0.00908267	6e-05
0.026	-0.0433	0.2362	0.010990338299808293	-0.0009023352232810684	-0.0006038839211900379	1.08512139	56.29653549	1.02931908	0.118498277214922	0.0106946	0.00015
0.0284	0.0	0.2598	0.011316714869931232	-0.0009826203688728075	-0.0005969026041820607	1.09395528	56.75484085	1.02600472	0.0899821516361327	0.0109158	7e-05
0.0335	0.0577	0.2663	0.01117010721276371	-0.0010297442586766543	-0.0005899212871740833	1.05916929	54.95013428	1.00822686	0.0793356431989673	0.0103884	8e-05
0.027	0.0638	0.2267	0.011124728652211854	-0.0007801621756414653	-0.0006335545184739417	0.99482733	51.61204529	0.98319097	0.0691296937443451	0.0101305	5e-05
0.0147	-0.026	0.2104	0.01116661655425972	-0.0006475171524898963	-0.0007504915783575615	1.080055	56.03369141	1.02958836	0.13297349925415275	0.0112234	0.00014
0.0155	-0.0428	0.2497	0.011287044272647331	-0.0007120943348136865	-0.0007208209810736582	1.03908813	53.90831375	1.01726114	0.06763377489976521	0.010471	0.00011
0.0221	0.0213	0.2707	0.01146157719784676	-0.000726056968829641	-0.0006335545184739417	1.00783205	52.28673553	1.00369281	0.10548810109075497	0.0105701	5e-05
0.0226	0.0567	0.2865	0.011653563415566138	-0.0006335545184739417	-0.0006038839211900379	0.9919948	51.46509171	0.98994818	0.06740796326794897	0.0105491	8e-05
0.0222	0.0599	0.2931	0.011712904610133945	-0.0006387905062299246	-0.000577703982410123	0.96823478	50.23241425	0.97275444	0.014737856055185305	0.0103263	3e-05
0.0237	0.1256	0.2739	0.011562806294462432	-0.000736528944341607	-0.0006056292504420323	1.00889242	52.34174728	1.00124917	0.10018810109075524	0.0109894	0.0001
0.0072	0.0983	0.2458	0.01133591349170317	-0.0006073745796940267	-0.0007696902001294993	1.02708936	53.28581238	1.01602248	0.0979054058547154	0.0107645	6e-05
-0.0006	0.0147	0.1975	0.011348130796467132	-0.00040666171571467877	-0.000853466004225227	1.05139685	54.54689407	1.03269268	0.15453529864195178	0.00970215	8e-05
0.0063	-0.0948	0.225	0.011414453308042916	-0.0005044001538263612	-0.0007487462491055673	1.06297588	55.14762115	1.05031538	0.1573390352403563	0.0102482	4e-05
0.0095	-0.0451	0.2588	0.011604694196510298	-0.0005462880558742252	-0.0007696902001294993	1.0151788	52.66788864	1.01277233	0.09935363707695889	0.00983047	5e-05
0.0072	-0.0178	0.2794	0.011704177963873973	-0.0005061454830783556	-0.0007749261878854823	0.99388343	51.56307602	0.98921837	0.05744311639577641	0.00946248	7e-05
0.0097	0.0409	0.2648	0.011723376585645911	-0.0005235987755982988	-0.0007661995416255106	0.98021746	50.8540802	0.9846793	0.07806892802759262	0.00919616	3e-05
0.0082	0.0578	0.2653	0.011885692206081384	-0.0004729842272904633	-0.000752236907609556	1.03493059	53.69261932	0.99926745	0.030244640137963186	0.0107276	0.00014
0.0089	0.0841	0.2698	0.011728612573401895	-0.0005375614096142535	-0.0007295476273336296	1.05710006	54.84277725	1.01063768	0.04371730476396031	0.0108005	7e-05
0.0032	0.132	0.2391	0.011426670612806873	-0.00048171087355043494	-0.0007609635538695277	1.05468678	54.71757507	1.02680786	0.10376042115973692	0.0106787	0.00013
-0.0102	0.0133	0.2067	0.011465067856350753	-0.0003106686068549907	-0.000874409955249159	1.04576075	54.25449371	1.03183651	0.18064429558094777	0.00886565	2e-05
-0.0122	-0.0283	0.2368	0.011918853461869274	-0.000296705972839036	-0.0008028514559173916	1.0304296	53.45910263	1.00781538	0.10066533694331216	0.0103118	7e-05
-0.0034	-0.0185	0.2274	0.011419689295798898	-0.0004188790204786391	-0.0006859143960337716	1.04238057	54.07912445	1.01498209	0.06491371367967998	0.00955212	3e-05
-0.0094	0.0151	0.2378	0.01149299312438266	-0.0004188790204786391	-0.0007557275661135446	1.02815533	53.34111786	1.0077377	0.0571558499331768	0.00941998	4e-05
-0.006	0.0884	0.2264	0.0113271868454432	-0.0003961897402027128	-0.0007609635538695277	1.03662884	53.78072357	1.01931797	0.09778657734856855	0.00944942	4e-05
-0.0036	-0.004	0.2055	0.011164871225007726	-0.00029496064358704166	-0.0006736970912698113	1.01875353	52.85334778	1.01020072	0.13324055898254303	0.00854701	4e-05
0.0019	-0.0046	0.2143	0.01100953692158023	-0.00028623399732707005	-0.0005305800926062762	0.97567272	50.61829758	0.97909147	0.030258897417550085	0.00830781	3e-05
0.0024	0.0132	0.2282	0.011068878116148038	-0.00035604716740684323	-0.0005375614096142535	0.9938727	51.56251907	0.98622539	0.03900678408277788	0.00895089	0.0001
0.003	0.0505	0.2303	0.011095058054927952	-0.0003961897402027128	-0.0005515240436302081	1.0113821	52.47091293	0.99568597	0.04401425727958695	0.00882715	5e-05
0.0057	0.048	0.2299	0.010965903690280372	-0.00032812189937493397	-0.00048520153205442357	0.99885714	51.82111359	0.99256125	0.018777235852557212	0.0087266	4e-05
0.0046	0.0659	0.2138	0.010992083629060288	-0.00027576202181510406	-0.00048520153205442357	0.99438691	51.58919525	0.98843793	0.0390269908169873	0.00852489	4e-05
0.0035	0.0436	0.2193	0.010958922373272395	-0.0002530727415391778	-0.0004974188368183839	0.97424299	50.54412079	0.97069557	0.03230339204138898	0.00812489	4e-05
0.0107	0.0466	0.2115	0.011004300933824247	-0.0002303834612632515	-0.00039793506945470715	0.97015351	50.33195877	0.96835245	0.026377580409572752	0.00838548	5e-05
0.0082	0.0183	0.21	0.011044443506620118	-0.00017802358370342162	-0.00042236967898262774	1.02322149	53.08514404	0.99657765	0.03814685299418109	0.00908464	5e-05
0.0075	0.0369	0.221	0.010892599861696611	-0.00028623399732707005	-0.00043458698374658803	1.0448364	54.20653534	1.00406243	0.043913568165555805	0.00886232	2e-05
0.0115	0.084	0.1995	0.01082802267937282	-0.0003717551306747922	-0.0005131268000863328	1.04079533	53.99688339	1.01931809	0.0840319066005629	0.00894284	7e-05
0.0092	-0.0264	0.1707	0.010807078728348888	-0.0003089232776029963	-0.00047822021504644627	1.03449035	53.66978073	1.02392067	0.14743411945678075	0.00850487	5e-05
0.0037	-0.0758	0.1855	0.010880382556932649	-0.0002181661564992912	-0.0005427973973702365	0.98981351	51.3519249	0.99326355	0.08113190660056281	0.00862271	2e-05
0.0107	-0.0516	0.2263	0.010958922373272395	-0.00028099800957108706	-0.000593411945678072	0.99942058	51.85034561	0.99892787	0.08159931088596889	0.00906456	4e-05
0.005	-0.0014	0.2071	0.010953686385516413	-0.0002181661564992912	-0.0004956735075663896	1.01323009	52.56678772	1.00490527	0.08339031394697302	0.00858867	6e-05
0.0082	0.0696	0.2041	0.010857693276656723	-0.0003351032163829112	-0.0005270894341022875	1.01657772	52.74046707	1.01379753	0.08941730476396036	0.0087052	3e-05
0.0107	0.1141	0.1733	0.01069886831472524	-0.0004136430327226561	-0.0005270894341022875	1.02062261	52.95031738	1.01828683	0.08966823891356147	0.0100269	4e-05
0.0052	0.0386	0.1384	0.010597639218109568	-0.0003769911184307752	-0.0005044001538263612	1.02711499	53.28714371	1.01999495	0.12392851455917392	0.00945181	8e-05
0.0105	-0.0283	0.1834	0.01063080047389746	-0.0003682644721708035	-0.0004328416544945937	1.04311466	54.11721039	1.02600319	0.1228723200689816	0.00820076	3e-05
0.0156	0.0131	0.1905	0.010679669692953302	-0.00041189770347066176	-0.00039968039870670147	0.9761067	50.64081192	0.976222	0.05988318530717959	0.00830406	4e-05
0.0119	0.0164	0.1902	0.010859438605908718	-0.0003630284844148205	-0.000439822971502571	1.03074884	53.47566986	0.99962517	0.020739035240356356	0.00875115	4e-05
0.0108	0.0539	0.1743	0.010756464180041052	-0.0004328416544945937	-0.000445058959258554	1.06861472	55.44016266	1.01635369	0.06340117918517113	0.00920707	5e-05
0.0002	0.0002	0.1536	0.010716321607245182	-0.00032812189937493397	-0.0005462880558742252	1.04426372	54.17682266	1.01106591	0.09730457122656003	0.00876784	7e-05
0.0048	-0.075	0.1802	0.010709340290237207	-0.0004136430327226561	-0.0005078908123303499	1.02817833	53.34231186	1.01579499	0.11294498469497864	0.0085519	4e-05
0.0065	-0.0158	0.1969	0.01098510231205231	-0.000445058959258554	-0.0004625122517784973	1.03726542	53.81375122	1.00216819	0.09522782544514263	0.00911605	0.00013
0.0046	0.0433	0.1998	0.010831513337876809	-0.0004537856055185257	-0.0005462880558742252	1.05132949	54.54339981	1.01442661	0.07620457122656	0.00868905	6e-05
0.0018	0.106	0.1753	0.010587167242597603	-0.00043458698374658803	-0.0005811946409141118	1.05028188	54.489048	1.02518733	0.1049225651045515	0.00948894	5e-05
-0.0069	0.048	0.1478	0.010789625435828945	-0.0003054326190990077	-0.0005707226654021458	1.01916683	52.87478638	1.00458127	0.1113042266695444	0.00937778	5e-05
0.0001	-0.0419	0.151	0.010691886997717262	-0.0004729842272904633	-0.0005323254218582705	1.0230751	53.0775528	1.0164114	0.11528436449235067	0.00908053	1e-05
-0.0035	-0.0295	0.1489	0.010656980412677377	-0.0004921828490624009	-0.000466002910282486	1.03803587	53.85372162	0.99574389	0.024121385919380383	0.00961089	0.00014
-0.0028	0.0177	0.1593	0.01082802267937282	-0.0004014257279586958	-0.00046949356878647465	1.07865798	55.96121216	1.01969587	0.07156450231515683	0.00940365	5e-05
0.0042	0.0333	0.1635	0.010725048253505155	-0.00038048177693476387	-0.000450294947014537	1.0405128	53.98222733	0.99985028	0.03395584993317671	0.00850707	2e-05
0.0041	0.0365	0.1686	0.01067443370519732	-0.0005183627878423159	-0.0004974188368183839	0.98398995	51.04979706	0.97380247	0.020180972450961725	0.0085066	4e-05
0.013	0.0936	0.1631	0.010711085619489202	-0.0006824237375297829	-0.000619591884457987	1.07730544	55.8910408	1.02894863	0.08764429558094762	0.0100768	8e-05
0.0131	0.026	0.1222	0.010636036461653444	-0.000752236907609556	-0.0006370451769779302	1.08330154	56.20212555	1.03647643	0.11671578102177368	0.0102917	4e-05
0.0098	-0.0764	0.1482	0.01063080047389746	-0.0006492624817418905	-0.0005899212871740833	1.05710995	54.84329224	1.04128178	0.1394667151713748	0.00919354	5e-05
0.0061	-0.0559	0.2056	0.010578440596337632	-0.0006510078109938849	-0.0006649704450098395	1.02970171	53.42134476	1.01388822	0.08805771823237897	0.00821835	6e-05
0.0073	-0.0019	0.2087	0.010524335389525807	-0.000609119908946021	-0.0006422811647339132	0.98680842	51.19602203	0.98976348	0.06423411945678073	0.0087468	7e-05
-0.0021	0.0554	0.1922	0.01048070215822595	-0.000752236907609556	-0.0007400196028455958	1.05278361	54.61884308	1.02199079	0.09742443340375373	0.00935316	0.00015
-0.0005	0.0963	0.1519	0.010489428804485921	-0.000726056968829641	-0.000778416846389471	1.08009315	56.03566742	1.0342099	0.08646519142918807	0.0105751	7e-05
-0.0071	-0.0078	0.1103	0.01064650843716541	-0.0005427973973702365	-0.0007504915783575615	1.09557498	56.838871	1.04945679	0.17071322360854016	0.0110279	0.00011
-0.0112	-0.0525	0.1418	0.010464994194958001	-0.00062482787221397	-0.0007382742735936014	1.03162527	53.52113724	1.00507346	0.09408810109075517	0.00947571	4e-05
-0.0129	0.008	0.1625	0.010555751316061705	-0.0007138396640656808	-0.0007696902001294993	1.09605372	56.86371231	1.01147434	0.09345924197456563	0.00982523	0.0001
-0.01	0.0856	0.1642	0.01064650843716541	-0.0007382742735936014	-0.0008098327729253688	1.13214791	58.73628998	1.03858818	0.08996671517137478	0.00997919	0.00011
-0.0133	0.0789	0.107	0.010346311805822385	-0.0008185594191853405	-0.001069886831472524	1.08641243	56.36351776	1.03799446	0.099226791774096	0.0106491	6e-05
-0.0283	-0.0519	0.115	0.01067443370519732	-0.0007592182246175333	-0.001054178868204575	1.1132797	57.75740051	1.06676298	0.17395855286053455	0.0102133	7e-05
-0.0353	-0.0529	0.1746	0.01098510231205231	-0.0007644542123735164	-0.001129228026040331	1.0936439	56.73868942	1.04244342	0.08714768762233643	0.00947487	7e-05
-0.0252	0.0127	0.1951	0.010826277350120825	-0.0009093165402890458	-0.001059414855960558	1.10986614	57.58030319	1.03622583	0.11487502299633932	0.00873488	5e-05
-0.0194	0.0748	0.177	0.010672688375945327	-0.0009407324668249436	-0.0010803588069844899	1.0559181	54.78145981	1.01500587	0.09629744258676644	0.0088554	2e-05
-0.0281	0.029	0.1479	0.010625564486141478	-0.0007923794804054256	-0.001064650843716541	1.01375663	52.59410477	0.99115759	0.09415924197456572	0.00892359	5e-05
-0.0271	-0.0618	0.1948	0.010733774899765127	-0.0007679448708775049	-0.0010384709049366262	1.05566859	54.76851273	1.03956791	0.1466412480965742	0.00919682	9e-05
-0.0205	-0.0	0.2229	0.010580185925589625	-0.0006981317007977319	-0.001059414855960558	1.03401136	53.64493179	1.00925449	0.10871730476396033	0.00821429	7e-05
-0.0155	0.0153	0.2263	0.010501646109249882	-0.0006527531402458793	-0.0009704030641088471	1.00640035	52.21245575	0.99515621	0.03434650843716533	0.00792295	3e-05
-0.0139	0.0913	0.1893	0.010299187916018537	-0.0007120943348136865	-0.0010035643198967395	1.05793905	54.88630676	1.03547873	0.12934803217935223	0.00866532	4e-05
-0.0274	0.0384	0.149	0.010173524209874947	-0.0007086036763096977	-0.0011205013797803594	1.03024185	53.44936752	1.01178948	0.11900457122655991	0.00884503	1e-05
-0.0306	-0.0668	0.1436	0.01022762941668677	-0.0007016223593017205	-0.0010995574287564276	1.05684078	54.82933044	1.02988789	0.11790152374218658	0.00918347	5e-05
-0.0248	-0.0002	0.1712	0.01048070215822595	-0.0008255407361933179	-0.0011274826967883368	1.07644081	55.84618378	1.03087751	0.12024581932313425	0.00898206	5e-05
-0.0325	0.04	0.1477	0.010386454378618255	-0.0008028514559173916	-0.0011536626355682519	1.10885704	57.5279541	1.03533864	0.07855584993317678	0.00995535	0.00015
-0.0379	-0.0749	0.1546	0.010290461269758567	-0.0006003932626860494	-0.0011013027580084218	1.0909785	56.60040665	1.04840361	0.14474055898254298	0.00874585	4e-05
-0.0309	-0.0378	0.1936	0.010402162341886203	-0.0005532693728822024	-0.001001818990644745	1.04216099	54.06773758	1.00427931	0.096015436464758	0.00878012	7e-05
-0.0281	0.0258	0.2035	0.010496410121493898	-0.0005393067388662478	-0.0010506882097005862	1.0838269	56.22938156	1.02741753	0.08415398163397453	0.00868779	8e-05
-0.027	0.068	0.1808	0.010458012877950023	-0.0004956735075663896	-0.0009896016858807848	1.07017601	55.52116394	1.02222361	0.07315584993317675	0.00913662	0.0001
-0.0238	-0.0034	0.1806	0.010463248865706007	-0.0006632251157578452	-0.0010367255756846318	1.04273844	54.09769058	1.01298143	0.08579557428756429	0.00822395	5e-05
-0.0091	-0.0058	0.2026	0.010388199707870248	-0.0007731808586334879	-0.0008936085770210966	1.00735843	52.26216125	0.98675251	0.05550609496874684	0.00780392	3e-05
-0.0035	0.0239	0.212	0.010543534011297744	-0.0007470009198535729	-0.0008360127117052838	1.04776096	54.35826492	0.99175355	0.056655505376161215	0.00898212	6e-05
-0.002	0.0416	0.2116	0.010576695267085637	-0.0006928957130417488	-0.0008464846872172499	1.02944052	53.40779114	0.99875266	0.024486921905584137	0.00884944	5e-05
-0.0046	0.0201	0.2129	0.010527826048029794	-0.0006632251157578452	-0.0007941248096574199	1.01377261	52.59493637	0.9967268	0.03194498469497882	0.00886327	5e-05
-0.0087	0.0559	0.2009	0.010393435695626231	-0.0006789330790257941	-0.000879645943005142	0.99656135	51.70200729	0.99450595	0.0636809724509617	0.00810409	4e-05
-0.0073	0.017	0.1876	0.010234610733694749	-0.0005759586531581287	-0.000890117918517108	0.97861695	50.77104568	0.98624246	0.0672135681655557	0.0085023	7e-05
-0.0079	-0.0522	0.1814	0.010051351162235343	-0.0005881759579220891	-0.0008726646259971648	0.99497753	51.61983871	0.99623384	0.08664650843716545	0.00786108	1e-05
-0.0072	-0.0314	0.1876	0.010145598941843038	-0.0005707226654021458	-0.0008587019919812101	0.96402031	50.01376343	0.97029349	0.033983185307179635	0.00786954	6e-05
-0.0136	-0.0039	0.2011	0.010339330488814408	-0.0005864306286700947	-0.0009529497715889039	1.00161898	51.96440125	0.99245328	0.06258436449235065	0.00825256	6e-05
-0.0114	0.0633	0.2081	0.010405653000390192	-0.0007504915783575615	-0.0010053096491487337	1.05596328	54.78380585	1.01792574	0.09053716694115402	0.00844079	5e-05
-0.0342	0.0156	0.1676	0.010513863414013842	-0.0005881759579220891	-0.0011205013797803594	1.0570513	54.84024811	1.02379289	0.13028588823453743	0.00880557	0.00011
-0.0395	-0.0471	0.1957	0.010452776890194039	-0.0006073745796940267	-0.0011728612573401894	1.03179133	53.52975464	1.00749039	0.10273225115757856	0.00778753	1e-05
-0.0312	0.021	0.211	0.01053306203578578	-0.0006440264939859076	-0.0010995574287564276	1.00720513	52.25421143	0.99124611	0.10121204442336916	0.0078854	4e-05
-0.0296	0.0735	0.2015	0.010739010887521109	-0.0005811946409141118	-0.0011711159280881952	1.04452503	54.1903801	1.01065867	0.08061696020694457	0.00905448	4e-05
-0.0319	0.0371	0.1774	0.010733774899765127	-0.000640535835481919	-0.0011676252695842063	1.05503786	54.73579407	1.01538891	0.0662033920413889	0.00900429	3e-05
-0.0322	-0.026	0.1964	0.010817550703860854	-0.0007068583470577034	-0.001181587903600161	1.02586567	53.22232437	1.01172417	0.09060304748437328	0.00798297	6e-05
-0.0237	-0.0052	0.2228	0.010786134777324957	-0.0007086036763096977	-0.0011100294042683937	0.99923325	51.84062576	0.98665914	0.06093598775598292	0.00766128	2e-05
-0.0257	0.0538	0.2126	0.010808824057600882	-0.0007138396640656808	-0.0011623892818282235	0.99302983	51.5187912	0.9888963	0.07521425727958686	0.00827295	3e-05
-0.0272	0.0738	0.1947	0.010782644118820968	-0.0005881759579220891	-0.0011536626355682519	1.02321732	53.08493042	1.00538021	0.047428514559173886	0.00898111	5e-05
-0.0401	-0.0169	0.1872	0.010805333399096893	-0.000731292956585624	-0.00124965574442794	1.04225051	54.07237625	1.02287026	0.12418996938995742	0.00835919	5e-05
-0.0422	-0.0131	0.2135	0.010918779800476527	-0.0006440264939859076	-0.0012060225131280816	1.01106739	52.45458603	1.0013459	0.04441730476396043	0.00843054	7e-05
-0.0315	0.0434	0.2203	0.010925761117484502	-0.000598647933434055	-0.0011047934165124105	1.01314175	52.56220627	0.99753197	0.08167944870877494	0.00821728	5e-05
-0.0266	0.0741	0.2023	0.010824532020868832	-0.00047123889803846896	-0.0010663961729685354	0.99068683	51.39723587	0.98730299	0.06695176877775653	0.00868732	3e-05
-0.028	-0.0066	0.1789	0.010672688375945327	-0.0005951572749300663	-0.0011693705988362008	1.01027119	52.41328049	1.00437877	0.1244368223841384	0.00862873	5e-05
-0.034	-0.011	0.1945	0.011026990214100174	-0.0005550147021341969	-0.00119729586686811	1.0231123	53.07947922	1.00690774	0.0471184839491313	0.00872463	0.00011
-0.0363	0.0213	0.2022	0.011129964639967842	-0.0005707226654021458	-0.0011379546723003027	1.03155899	53.5177002	1.00203115	0.05120117918517118	0.00895452	1e-05
-0.0428	0.0515	0.2059	0.01115439924949576	-0.0004956735075663896	-0.0011938052083641214	1.03065944	53.47102737	0.9992087	0.04816671517137465	0.00879371	8e-05
-0.0345	0.0728	0.2056	0.01109331272567596	-0.00048520153205442357	-0.0011379546723003027	0.98449743	51.0761261	0.97535683	0.03627045176977924	0.00857061	4e-05
-0.0258	0.1201	0.1822	0.01097288500728835	-0.0004258603374866164	-0.0010506882097005862	1.05349147	54.65556717	1.00835591	0.09275176877775662	0.0105124	0.0001
-0.0437	0.0445	0.1431	0.01090830782496456	-0.00038571776469074686	-0.0012217304763960308	1.07386136	55.71236038	1.03893109	0.14638810109075523	0.00987148	5e-05
-0.0651	-0.0755	0.1587	0.010669197717441336	-0.0005270894341022875	-0.0013107422682477415	1.09167397	56.63648987	1.05646929	0.18047467843932377	0.00946409	6e-05
-0.0625	-0.0277	0.1655	0.010711085619489202	-0.0004939281783143952	-0.0012723450247038664	1.03290248	53.58739853	1.00716405	0.06287232006898168	0.00836015	4e-05
-0.0659	-0.0135	0.184	0.010627309815393473	-0.0004799655442984406	-0.0013037609512397642	0.99116486	51.42203522	0.98023063	0.04255771823237904	0.00791532	1e-05
-0.055	0.0465	0.1792	0.01076344549704903	-0.0005323254218582705	-0.0012147491593880533	1.00753152	52.27114487	0.98599616	0.08957536755335489	0.00854421	6e-05
-0.0359	0.0939	0.1496	0.010639527120157432	-0.000661479786505851	-0.0012793263417118436	1.06302488	55.15016174	1.04064388	0.11198249619314844	0.0103749	0.0001
-0.0606	0.0277	0.1613	0.01093623309299647	-0.0005078908123303499	-0.0012671090369478833	1.05710185	54.84287262	1.03373668	0.12572561258892495	0.00898463	6e-05
-0.0671	-0.0123	0.1769	0.010979866324296327	-0.000450294947014537	-0.001282817000215832	1.02643287	53.25175476	1.00294496	0.06794685299418096	0.00896323	7e-05
-0.0713	0.0296	0.1907	0.010941469080752452	-0.0003892084231947355	-0.0013124875974997359	1.02658725	53.25976181	0.99462031	0.06635771823237903	0.00840783	0.00012
-0.0612	0.0634	0.1816	0.010836749325632793	-0.0003193952531149623	-0.0012845623294678264	0.99224287	51.47796249	0.9873565	0.06312290966156708	0.0086363	2e-05
-0.0599	0.0725	0.1619	0.010978120995044333	-0.0002495820830351891	-0.0011990411961201044	1.05028141	54.48902512	0.99904351	0.04493529864195176	0.00990295	7e-05
-0.0899	-0.0302	0.1728	0.011042698177368124	-0.00026354471705114377	-0.001509709802975095	1.07798111	55.92609787	1.04515746	0.16306042115973685	0.00941491	7e-05
-0.0943	-0.0099	0.1997	0.011100294042683936	-0.00019547687622336493	-0.0014852751934471744	1.025038	53.17938995	1.00293281	0.05910491578357559	0.00898236	3e-05
-0.0804	0.0634	0.1826	0.011081095420911997	-0.00013788101090755203	-0.0014189526818713899	1.03906262	53.90699005	1.01935968	0.1114558499331768	0.00904405	4e-05
-0.0685	0.0795	0.1402	0.010993828958312283	-0.0001605702911834783	-0.0013596114873035826	1.01357067	52.5844574	1.00392736	0.0788648468721724	0.0101961	7e-05
-0.0729	-0.0223	0.1019	0.01069886831472524	-0.00033335788713091696	-0.0014364059743913332	1.03630269	53.76380539	1.02973658	0.1717271363311116	0.0100777	6e-05
-0.0693	-0.0405	0.1482	0.010836749325632793	-0.00042935099599060504	-0.0014049900478554352	1.02293122	53.07008743	1.01261063	0.08136450231515698	0.00988609	6e-05
-0.0682	0.0264	0.1605	0.010910053154216554	-0.00041015237421866745	-0.0014433872913993105	1.04937792	54.44215012	1.01290256	0.0868449846949787	0.00915992	6e-05
-0.0555	0.0662	0.1393	0.010814060045356866	-0.00039793506945470715	-0.0013159782560037243	1.06983483	55.50346375	1.022654	0.0854809724509617	0.00969231	0.00011
-0.0467	0.113	0.0903	0.010669197717441336	-0.0003298672286269283	-0.0013369222070276565	1.05337381	54.64945984	1.02593403	0.11629370598836208	0.0115312	4e-05
-0.0534	-0.0176	0.0732	0.010513863414013842	-0.0004904375198104066	-0.0013683381335635543	1.13258994	58.75922394	1.05947661	0.17176602605734348	0.0116538	0.00013
-0.0475	-0.0152	0.1073	0.010807078728348888	-0.0005323254218582705	-0.001387536755335492	1.05195737	54.57597733	1.01455544	0.06011509190774236	0.0102572	6e-05
-0.0333	0.0463	0.1123	0.010782644118820968	-0.0006492624817418905	-0.0013020156219877698	1.05718195	54.84703064	1.01688687	0.09204464013796307	0.0104885	5e-05
-0.0242	0.0921	0.0828	0.010789625435828945	-0.0005462880558742252	-0.0012426744274199627	1.02999341	53.43647385	1.01062103	0.09286484687217246	0.0113518	6e-05
-0.0538	-0.0665	0.0858	0.01063080047389746	-0.0004049163864626844	-0.0013945180723434693	1.0958246	56.85182571	1.06875689	0.2138020138133266	0.0101947	3e-05
-0.0516	-0.0166	0.1187	0.010768681484805013	-0.0005026548245743669	-0.0013753194505715315	0.99120921	51.42433548	0.99016441	0.0977409035395586	0.00961202	0.0001
-0.0517	0.0172	0.1227	0.010836749325632793	-0.0005707226654021458	-0.0013596114873035826	1.00588083	52.18550491	0.99447484	0.04549218224617542	0.00999379	6e-05
-0.0444	0.0974	0.1208	0.010892599861696611	-0.0005009094953223725	-0.001329940890019679	1.06381571	55.19118881	1.0272887	0.09716671517137475	0.0104753	3e-05
-0.0437	0.1124	0.0718	0.010950195727012422	-0.00041189770347066176	-0.0013037609512397642	1.05814576	54.89702988	1.02888363	0.07333937979737182	0.0124306	0.00022
-0.0532	-0.0393	0.1049	0.01081580537460886	-0.00042411500823462205	-0.0013648474750595659	1.11055613	57.61610031	1.07559685	0.20468470904936611	0.0094313	6e-05
-0.04	0.0076	0.133	0.010843730642640768	-0.0005707226654021458	-0.001239183768915974	0.98458648	51.0807457	0.98601977	0.10320983156715116	0.00893509	2e-05
-0.0408	0.0277	0.1387	0.010962413031776383	-0.000609119908946021	-0.001281071670963838	1.02538228	53.19725037	0.99734391	0.03654837673636768	0.00974834	7e-05
-0.0338	0.085	0.1128	0.010915289141972536	-0.000582939970166106	-0.0012531464029319286	1.05913556	54.94837952	1.02154125	0.09526145483078355	0.0103676	0.0001
-0.0228	0.1079	0.0637	0.011016518238588208	-0.0005270894341022875	-0.0011693705988362008	1.03538013	53.71594238	1.01741862	0.09504277183876089	0.0127478	0.00021
-0.032	0.0427	-0.0004	0.011051424823628093	-0.0005427973973702365	-0.0013055062804917586	1.0435195	54.13821411	1.03298894	0.14783751149816965	0.0143194	0.00022
-0.0406	-0.1448	0.0265	0.010780898789568973	-0.0006161012259539982	-0.0012688543661998775	1.15577829	59.96224594	1.12125529	0.24202408884673812	0.0135885	0.0001
-0.0529	-0.0768	0.0925	0.010838494654884786	-0.000609119908946021	-0.0013665928043115599	1.01666284	52.74488068	1.0272476	0.15441578102177367	0.0105661	5e-05
-0.0429	0.0046	0.1232	0.011054915482132083	-0.0006178465552059926	-0.0012723450247038664	1.04215026	54.06717682	1.01525577	0.1380697626557481	0.00977796	4e-05
-0.0237	0.1097	0.1273	0.011208504456307583	-0.0006003932626860494	-0.0012112585008840647	1.07234991	55.63394547	1.04007305	0.14000643952576225	0.0105572	8e-05
-0.0139	0.1542	0.0728	0.011248647029103453	-0.0005340707511102648	-0.0011623892818282235	1.04716527	54.32736206	1.03418907	0.11656671517137476	0.0136048	0.00015
-0.0286	0.0024	0.0213	0.010976375665792338	-0.0005183627878423159	-0.0012339477811599909	1.10892892	57.53168488	1.08745932	0.23597689129554156	0.0130508	0.00013
-0.0386	-0.0371	0.1042	0.010957177044020402	-0.0006318091892219474	-0.0013020156219877698	1.07044423	55.53507996	1.04933373	0.14243564319896734	0.00998801	9e-05
-0.039	0.0318	0.1251	0.011079350091660004	-0.0006161012259539982	-0.0012845623294678264	0.98893446	51.30632019	0.99230575	0.09796671517137472	0.00925511	4e-05
-0.0294	0.0381	0.1253	0.011220721761071544	-0.0005951572749300663	-0.0011362093430483087	1.01858187	52.84444046	0.97999352	0.03163343034274947	0.0100725	7e-05
-0.0297	0.0837	0.1148	0.011187560505283653	-0.0006108652381980154	-0.001223475805648025	1.04356968	54.14081955	1.01153577	0.06320678408277781	0.0106715	4e-05
-0.0128	0.1147	0.0857	0.011159635237251742	-0.000614355896702004	-0.0010925761117484504	1.0462153	54.27807617	1.01973062	0.0851157810217737	0.0125685	0.00011
-0.031	0.008	0.0516	0.011194541822291628	-0.0005497787143782138	-0.001244419756671957	1.0568105	54.82775497	1.03775792	0.1715663706143591	0.012462	0.00014
-0.0375	-0.0569	0.1172	0.011306242894419267	-0.000593411945678072	-0.0012793263417118436	1.07542837	55.79365921	1.04529618	0.1465120444233692	0.0102835	9e-05
-0.0307	0.0302	0.1181	0.011175343200519692	-0.0007155849933176752	-0.0012479104151759456	1.00439155	52.10823822	1.00429216	0.1090244334037538	0.00976759	4e-05
-0.0276	0.0901	0.0821	0.011105530030439919	-0.0006387905062299246	-0.0012304571226560022	1.07797551	55.92580795	1.02082414	0.10720304748437336	0.012606	0.00011
-0.0482	0.0157	0.057	0.01107760476240801	-0.0005393067388662478	-0.0013840460968315032	1.06996953	55.51045227	1.03724768	0.13414990047855435	0.0121821	0.00014
-0.0616	-0.039	0.1015	0.01117010721276371	-0.0005811946409141118	-0.0014416419621473165	1.05521977	54.74522781	1.03202198	0.12219931088596885	0.0113126	0.00013
-0.0566	0.0364	0.1401	0.011196287151543622	-0.0006108652381980154	-0.0013857914260834976	1.04413486	54.17013931	1.01518957	0.12458505360638177	0.00979382	0.0001
-0.0559	0.0602	0.1414	0.011068878116148038	-0.0006370451769779302	-0.0013892820845874865	0.98266327	50.98096848	0.97971432	0.033653981633974386	0.00964028	2e-05
-0.0352	0.0634	0.1249	0.011042698177368124	-0.0007470009198535729	-0.0012252211349000194	1.01835728	52.83278656	0.99577772	0.0554098315671512	0.0110508	0.00011
-0.03	0.085	0.1276	0.011047934165124106	-0.0007993607974134029	-0.0012409290981679683	1.00434256	52.10570145	0.99152169	0.033165191429188064	0.0108748	7e-05
-0.0198	0.1306	0.1311	0.010958922373272395	-0.0009232791743050004	-0.0012252211349000194	0.99353296	51.54489136	0.99359655	0.07073190660056285	0.0110874	7e-05
-0.0303	0.0794	0.1023	0.010965903690280372	-0.0008150687606813518	-0.0012409290981679683	1.00642562	52.21377182	1.00538291	0.0970449846949787	0.011371	8e-05
-0.0435	-0.018	0.1145	0.011020008897092195	-0.0007470009198535729	-0.0013473941825396225	1.02729607	53.29653549	1.02480063	0.13423190660056283	0.0102367	3e-05
-0.0354	-0.0085	0.1442	0.01117010721276371	-0.0007714355293814937	-0.0012618730491919003	0.99362904	51.54987717	0.9907053	0.06030270292735786	0.00962895	8e-05
-0.0324	0.0243	0.1356	0.011198032480795619	-0.0007853981633974483	-0.001239183768915974	0.96439773	50.03334427	0.97645974	0.04762885911618949	0.0095368	3e-05
-0.0208	0.061	0.1243	0.011114256676699892	-0.0008203047484373349	-0.0011641346110802177	1.06196404	55.09512329	1.00824157	0.0692865773485685	0.0113492	0.00014
-0.0155	0.0943	0.0981	0.011156144578747754	-0.0007749261878854823	-0.0011222467090323538	1.06537676	55.27217865	1.02365199	0.07125771823237893	0.012352	7e-05
-0.0331	-0.0239	0.0794	0.011037462189612138	-0.0007435102613495844	-0.0012130038301360591	1.06916702	55.46881866	1.04820935	0.16654277183876104	0.0117855	6e-05
-0.0426	-0.016	0.1404	0.010976375665792338	-0.0007504915783575615	-0.001296779634231787	1.03757238	53.82967377	1.01616976	0.08599218224617526	0.00978363	4e-05
-0.0322	0.0583	0.1458	0.010986847641304302	-0.000752236907609556	-0.0012217304763960308	0.98531806	51.11870193	0.99178775	0.09446332312998576	0.00970566	5e-05
-0.0307	0.0667	0.1495	0.01107411410390402	-0.000736528944341607	-0.001218239817892042	1.01061463	52.43109512	0.98543013	0.018923254218582763	0.0103363	7e-05
-0.0143	0.1394	0.1558	0.011035716860360145	-0.0007853981633974483	-0.0011187560505283654	1.04619312	54.27692413	1.02268923	0.10473751149816964	0.0108864	5e-05
-0.0081	0.1476	0.1255	0.010946705068508434	-0.0006684611035138282	-0.0010925761117484504	1.03973639	53.94194412	1.01972726	0.05630643952576229	0.012212	0.00011
-0.0382	0.0186	0.0928	0.011053170152880088	-0.0005340707511102648	-0.0012950343049797925	1.08037889	56.05049515	1.0594548	0.213965681500328	0.0109345	0.0001
-0.0519	-0.0625	0.1535	0.010904817166460572	-0.0005846852994181004	-0.0014189526818713899	1.05609548	54.79066467	1.04100656	0.17164429558094751	0.00939846	3e-05
-0.0516	-0.0019	0.1804	0.010924015788232508	-0.0006387905062299246	-0.001424188669627373	1.01506937	52.66220856	0.9967018	0.09172699081698717	0.00905919	7e-05
-0.049	0.0345	0.1748	0.011028735543352168	-0.000635299847725936	-0.0014224433403753785	1.0409025	54.00244141	1.00554461	0.050097787143782185	0.00905907	4e-05
-0.0368	0.0801	0.1432	0.010871655910672679	-0.0005654866776461627	-0.0012845623294678264	1.05361605	54.66202545	1.02085428	0.10763869068334075	0.0104732	7e-05
-0.0239	0.1124	0.0947	0.010913543812720543	-0.0005585053606381855	-0.0012426744274199627	1.02974164	53.42341614	1.0158242	0.09823785605518524	0.0119665	0.00012
-0.0329	0.0025	0.0665	0.010780898789568973	-0.0005288347633542819	-0.0013020156219877698	1.03401101	53.64491272	1.03005246	0.158182840750164	0.0119039	0.00011
-0.0347	-0.064	0.1189	0.010885618544688634	-0.000619591884457987	-0.0013334315485236678	1.03496897	53.6946106	1.03910365	0.1320446401379632	0.0103838	0.0001
-0.0269	-0.0124	0.1657	0.011037462189612138	-0.0006318091892219474	-0.0012514010736799342	1.01937675	52.88567734	1.01301214	0.11850457122655988	0.00969207	0.00011
-0.0227	0.0485	0.1751	0.011117747335203878	-0.0006283185307179585	-0.0012130038301360591	1.01940191	52.88698578	1.00695316	0.08060865238198017	0.00950527	0.0001
-0.0225	0.0745	0.1721	0.011185815176031658	-0.0006771877497737998	-0.0011606439525762293	1.03540337	53.71714401	1.00716249	0.03766484687217258	0.00991762	5e-05
-0.0226	0.097	0.1665	0.011163125895755731	-0.0006579891280018621	-0.0011466813185602744	1.03641903	53.76984024	1.0013993	0.030992526803190968	0.0097115	3e-05
-0.012	0.1149	0.1383	0.010937978422248463	-0.0006736970912698113	-0.0010332349171806431	1.01124454	52.46377945	0.99352078	0.07441509190774245	0.0107529	7e-05
-0.0121	0.1073	0.0866	0.011168361883511715	-0.000577703982410123	-0.0010175269539126942	1.08470666	56.27502441	1.03794721	0.07650422666954447	0.0131941	0.00021
-0.0107	-0.0437	0.0871	0.011152653920243765	-0.0005044001538263612	-0.0008726646259971648	1.15478313	59.91061401	1.09566998	0.1645937059883621	0.0123698	0.00025
-0.0009	-0.0327	0.1527	0.011067132786896043	-0.0005951572749300663	-0.0008447393579652555	1.06816816	55.41699982	1.02442611	0.0966101761241668	0.00957882	8e-05
-0.0036	-0.0003	0.1785	0.011037462189612138	-0.0006928957130417488	-0.0008726646259971648	1.02699351	53.28084183	0.98282432	0.06866671517137485	0.0101303	0.0001
-0.0089	0.0206	0.1779	0.011140436615479804	-0.000731292956585624	-0.0009529497715889039	1.05128574	54.54113007	1.00774642	0.037882840750164015	0.0100247	0.0001
-0.0129	0.0353	0.1747	0.011136945956975817	-0.0006946410422937432	-0.0009302604913129776	1.03717422	53.809021	1.00213936	0.025041592653589732	0.0101072	0.00014
-0.0216	0.0584	0.1833	0.011117747335203878	-0.0007120943348136865	-0.0010367255756846318	1.01377201	52.59490585	0.99009588	0.04755584993317683	0.00980341	0.0001
-0.0189	0.0798	0.182	0.011007791592328238	-0.0007225663103256524	-0.0009634217471008699	0.98191613	50.94220734	0.97905565	0.03508657734856836	0.00954056	4e-05
-0.0123	0.119	0.1565	0.010852457288900741	-0.0007627088831215222	-0.0009337511498169664	1.05468988	54.71773911	1.00670522	0.0825573736753635	0.0116352	0.00011
-0.0268	0.0445	0.1223	0.010768681484805013	-0.0007487462491055673	-0.0010297442586766543	1.03730965	53.81604385	1.02469308	0.13288657734856857	0.011209	9e-05
-0.0322	-0.021	0.1611	0.010800097411340913	-0.0008272860654453122	-0.0011344640137963143	1.01730013	52.77794266	1.01689465	0.12043377489976521	0.00968796	6e-05
-0.0285	0.0126	0.1738	0.01071457627799319	-0.0009581857593448868	-0.0011501719770642632	0.97772074	50.72454834	0.98636669	0.06160643952576236	0.009287	8e-05
-0.0138	0.09	0.1454	0.010634291132401448	-0.0009965830028887623	-0.001054178868204575	1.0216893	53.0056572	1.02030831	0.13123377489976523	0.0106578	9e-05
-0.0223	0.0348	0.1119	0.010683160351457291	-0.0009634217471008699	-0.001069886831472524	1.02931798	53.40143204	1.01740675	0.1020869219055842	0.0107542	0.00012
-0.0251	-0.0737	0.1411	0.01069886831472524	-0.000973893722612836	-0.0011082840750163993	1.05959225	54.97207642	1.04311372	0.14372885911618946	0.00961131	2e-05
-0.0247	-0.006	0.1644	0.01090830782496456	-0.001022762941668677	-0.0010629055144645468	1.09580112	56.85060501	1.02990937	0.10658436449235066	0.00962967	5e-05
-0.0223	0.0343	0.1684	0.010913543812720543	-0.0010314895879286487	-0.0010524335389525807	1.08187497	56.12810898	1.01715929	0.04792173047639608	0.00904721	3e-05
-0.016	0.1008	0.1541	0.01077915346031698	-0.0009669124056048585	-0.000947713783832921	1.03383696	53.63587952	1.01081997	0.10228436449235064	0.00954974	5e-05
-0.0191	0.1156	0.1243	0.010850711959648747	-0.0008639379797371932	-0.0010332349171806431	1.07093441	55.56051254	1.02148345	0.060702702927357674	0.0117208	0.0001
-0.0336	0.001	0.1132	0.010808824057600882	-0.0009896016858807848	-0.0010768681484805013	1.12338006	58.28141022	1.0609203	0.15075924197456572	0.0105947	9e-05
-0.0331	0.0153	0.1603	0.010807078728348888	-0.001069886831472524	-0.0011257373675363424	1.04894364	54.41962051	1.00949336	0.06844498469497876	0.00897795	3e-05
-0.0321	0.0352	0.1694	0.010732029570513132	-0.0011100294042683937	-0.0011431906600562858	0.97307742	50.48365021	0.97220893	0.03663225115757843	0.00882679	4e-05
-0.0324	0.0403	0.1716	0.010737265558269114	-0.0011327186845443199	-0.0011397000015522971	1.01076579	52.43894196	0.98185498	0.009170796326794857	0.00932491	7e-05
-0.0212	0.0787	0.1555	0.010611601852125523	-0.0011519173063162574	-0.0010995574287564276	1.03811562	53.85786057	1.01042353	0.07495024503556993	0.0095309	8e-05
-0.0306	0.0471	0.1144	0.010587167242597603	-0.0010332349171806431	-0.0010576695267085637	1.032552	53.56921768	1.01258016	0.09135024503556989	0.0103926	6e-05
-0.0419	-0.0151	0.1389	0.010583676584093616	-0.0010943214410004448	-0.0011780972450961724	1.0219388	53.01859665	1.00824073	0.1072502450355699	0.00928396	7e-05
-0.0428	0.0202	0.1359	0.010444050243934069	-0.001239183768915974	-0.001270599695451872	0.98676455	51.19374466	0.98539362	0.058049555921538765	0.0093199	5e-05
-0.0402	0.0679	0.1128	0.01048070215822595	-0.0011746065865921838	-0.0012845623294678264	1.06221771	55.10828781	1.00589936	0.07915958653158124	0.0112886	0.0001
-0.051	0.0133	0.1092	0.010470230182713982	-0.0011955505376161158	-0.001308996938995747	1.08819008	56.45574188	1.02031928	0.07179252680319101	0.0110551	8e-05
-0.0509	-0.0157	0.1545	0.010419615634406148	-0.0012322024519079964	-0.0013212142437597075	1.07425702	55.73288727	1.02660146	0.07937418836818375	0.00920355	5e-05
-0.0407	0.0172	0.1814	0.01022762941668677	-0.0012531464029319286	-0.0012252211349000194	0.9984737	51.80121994	0.98338907	0.0854461638801499	0.00811839	3e-05
-0.0328	0.0521	0.1901	0.010049605832983349	-0.0012758356832078548	-0.0012217304763960308	1.08768559	56.42956924	1.01399429	0.06171017612416681	0.00942183	0.0001
-0.033	0.0768	0.1812	0.009669124056048585	-0.001186823891356144	-0.0011798425743481666	1.09746361	56.93685532	1.0270545	0.05936907354171688	0.00954366	0.0001
-0.0489	-0.0134	0.1596	0.00976337183565628	-0.0011344640137963143	-0.001265363707695889	1.06563127	55.28538513	1.0295483	0.13930643952576233	0.00892371	0.00011
-0.0546	-0.0499	0.212	0.00974766387238833	-0.0012426744274199627	-0.0012880529879718153	1.03573418	53.73430634	1.01650258	0.10193038285837625	0.00770193	4e-05
-0.0485	-0.0065	0.2197	0.009897762188059843	-0.0012636183784438947	-0.0012112585008840647	1.01660979	52.74212646	0.98788096	0.06959183768915979	0.00810891	4e-05
-0.0401	0.0211	0.2192	0.010002481943179504	-0.0012130038301360591	-0.0011571532940722405	1.02679372	53.27047729	0.99485192	0.04697197551196604	0.0078339	5e-05
-0.0323	0.0581	0.2085	0.009848892969004002	-0.0011746065865921838	-0.0011501719770642632	1.03878081	53.89237213	1.00934404	0.06544837673636773	0.00820857	4e-05
-0.0339	0.0583	0.1874	0.009819222371720098	-0.0009389871375729493	-0.0012147491593880533	1.00989771	52.39390182	0.99096775	0.039393361431346384	0.00849557	8e-05
-0.0353	-0.0354	0.2016	0.009838420993492036	-0.0009773843811168245	-0.0011641346110802177	1.02258384	53.05206299	1.01456276	0.1147105206811824	0.00764966	2e-05
-0.0343	0.0001	0.2159	0.009923942126839757	-0.0010384709049366262	-0.001129228026040331	1.04452574	54.19041824	0.99453573	0.059875712110370495	0.00831854	4e-05
-0.0279	0.026	0.2221	0.009899507517311838	-0.0010629055144645468	-0.0010629055144645468	1.04587758	54.26055145	1.00146599	0.044259586531581206	0.00806117	4e-05
-0.0133	0.0848	0.2113	0.009573130947188898	-0.0010629055144645468	-0.0010978120995044332	1.06140745	55.06624603	1.02467283	0.10226415775814132	0.00853723	6e-05
-0.0328	0.0117	0.1705	0.009475392509077215	-0.0009162978572970229	-0.0011990411961201044	1.03130794	53.50467682	1.01328228	0.15067875959474383	0.00819039	5e-05
-0.0412	-0.0699	0.1927	0.009765117164908273	-0.0009389871375729493	-0.001218239817892042	1.05896914	54.93975067	1.0323947	0.1287806278939461	0.00851363	4e-05
-0.0365	-0.0235	0.2152	0.009937904760855713	-0.0009459684545809266	-0.0011938052083641214	1.03075337	53.47590256	1.00367265	0.08381017612416684	0.00790489	4e-05
-0.0284	0.0126	0.2181	0.009948376736367677	-0.0009494591130849152	-0.0010925761117484504	1.04749942	54.34469604	1.00731458	0.05285958653158117	0.0082913	6e-05
-0.0161	0.0779	0.2137	0.00965865208053662	-0.0008691739674931761	-0.0010367255756846318	1.05329216	54.64522552	1.0144093	0.10329301687433076	0.00838125	7e-05
-0.0303	0.0132	0.191	0.009585348251952858	-0.0008150687606813518	-0.0010611601852125523	1.0031153	52.04203033	0.99735232	0.10919218224617527	0.00761265	3e-05
-0.0269	-0.0288	0.2153	0.009902998175815827	-0.0008831366015091308	-0.0010245082709206715	1.05059135	54.50510788	1.0075565	0.09081848394913139	0.00844854	6e-05
-0.0249	0.02	0.2235	0.009894271529555854	-0.0008848819307611251	-0.0010122909661567112	1.06573725	55.29088211	1.01370401	0.0601344640137964	0.00808394	6e-05
-0.0162	0.0491	0.2258	0.009761626506404286	-0.000926769832808989	-0.0009529497715889039	1.04609632	54.27190018	1.00233915	0.05179370598836197	0.00795412	7e-05
-0.0169	0.069	0.2242	0.009484119155337187	-0.0010122909661567112	-0.0009389871375729493	0.99942994	51.85083008	0.98236342	0.04104955592153877	0.00778556	1e-05
-0.0336	-0.0383	0.2036	0.009627236154000721	-0.001218239817892042	-0.0010367255756846318	1.07669222	55.85923004	1.02787657	0.1669402144255274	0.00848246	5e-05
-0.031	-0.0159	0.223	0.009745918543136336	-0.0013281955607676848	-0.0010559241974565693	1.026968	53.27951431	1.00264427	0.05679183768915974	0.00797129	5e-05
-0.0296	0.002	0.2329	0.00967086938530058	-0.001377064779823526	-0.001001818990644745	1.01509428	52.66350555	0.99614701	0.03810117918517103	0.0079248	4e-05
-0.0245	0.0581	0.2284	0.00949284580159716	-0.0012775810124598492	-0.0009581857593448868	1.02308977	53.07831192	1.00818204	0.08175702911834774	0.00817817	6e-05
-0.0404	0.0229	0.2133	0.0093567101199416	-0.0013194689145077131	-0.001117010721276371	1.00375295	52.07510757	0.99442913	0.08304242728174534	0.0082075	3e-05
-0.0501	-0.0265	0.2178	0.009512044423369096	-0.0014486232791552935	-0.001192059879112127	0.99448329	51.59419632	0.99491997	0.08157689129554156	0.00833505	5e-05
-0.046	-0.0061	0.2283	0.00973544656762437	-0.0014346606451393388	-0.0011222467090323538	1.04744971	54.34211349	1.00107116	0.05035889741755008	0.00868845	6e-05
-0.0342	0.0375	0.2287	0.009602801544472801	-0.0013735741213195373	-0.0009948376736367678	1.08918011	56.50710297	1.02530668	0.07185702911834775	0.00873643	0.00012
-0.0257	0.0738	0.2202	0.009361946107697583	-0.0013543754995475996	-0.0009564404300928925	1.05059993	54.50555038	1.01026677	0.06822256510455156	0.00886583	2e-05
-0.0397	-0.029	0.1981	0.009450957899549294	-0.0014067353771074296	-0.0009913470151327792	1.06942964	55.48244476	1.02635419	0.1477139127225714	0.00889611	0.0001
-0.0364	-0.0529	0.2241	0.009602801544472801	-0.001499237827463129	-0.0009808750396208131	1.04368937	54.14702606	1.01016682	0.06594090353955866	0.00886595	5e-05
-0.0355	-0.0184	0.2539	0.00946142987506126	-0.001462585913171248	-0.000921533845053006	1.05138564	54.54631042	1.01251752	0.0770682389135615	0.00831008	7e-05
-0.0186	0.0411	0.2507	0.009342747485925645	-0.0015027284859671175	-0.0008499753457212384	1.04090691	54.0026741	1.00934951	0.0911191730631626	0.00791991	8e-05
-0.0078	0.0692	0.2363	0.009054768159346582	-0.0014695672301792255	-0.0008307767239493009	1.00065565	51.91442108	0.98718551	0.0703169602069446	0.00824285	4e-05
-0.0255	-0.0099	0.1997	0.009157742585214249	-0.001424188669627373	-0.0008639379797371932	1.02822852	53.34491348	1.00643835	0.14247571211037055	0.00835502	5e-05
-0.0269	-0.0482	0.2227	0.009395107363485476	-0.0015271630954950383	-0.0008412486994612669	1.01627243	52.72462463	1.00977885	0.08085142422074097	0.00867927	0.0001
-0.0189	0.034	0.2311	0.00939685269273747	-0.0015690509975429022	-0.0008656833089891874	1.04663265	54.29972839	1.02463526	0.10200339204138895	0.00847644	5e-05
-0.0115	0.0772	0.2113	0.00917868653623818	-0.0015481070465189703	-0.0008604473212332044	1.04330122	54.12688828	1.01925974	0.08261730476396026	0.00988269	6e-05
-0.0271	-0.007	0.1823	0.009257226352577924	-0.0015114551322270892	-0.0009128071987930344	1.04943264	54.44498825	1.02392333	0.13717758040957273	0.00928116	6e-05
-0.0304	-0.0866	0.2121	0.009430013948525362	-0.001574286985298885	-0.0009494591130849152	1.03977096	53.94373703	1.02199362	0.12631356816555572	0.0092622	9e-05
-0.0227	-0.0022	0.2183	0.009588838910456846	-0.0016283921921107093	-0.000895353906273091	1.11763239	57.98322296	1.02798126	0.11165176877775662	0.0095793	0.00017
-0.0173	0.0624	0.2109	0.009337511498169663	-0.001567305668290908	-0.0008936085770210966	1.14521337	59.41413116	1.05189353	0.09310796326794887	0.0097937	0.00015
-0.0238	0.0406	0.1807	0.009190903841002138	-0.0015603243512829306	-0.0009599310885968812	1.06261182	55.12873077	1.01976907	0.06949557428756438	0.00928301	5e-05
-0.0435	-0.0648	0.1873	0.009508553764865106	-0.001572541656046891	-0.0010245082709206715	1.13890338	59.0867691	1.05936911	0.15142222054753593	0.0100326	0.00021
-0.0453	-0.0129	0.2212	0.009656906751284626	-0.0016493361431346415	-0.0010210176124166828	1.10345423	57.24765015	1.02800268	0.09903190660056296	0.00911218	6e-05
-0.0347	0.0372	0.2296	0.009592329568960835	-0.001668534764906579	-0.0009599310885968812	1.06438124	55.22052765	1.00532679	0.07634311639577651	0.00804579	5e-05
-0.0189	0.0904	0.2392	0.009370672753957556	-0.001621410875102732	-0.0008761552845011534	1.00295925	52.03393555	0.98824899	0.0962278254451427	0.00832397	3e-05
-0.023	0.073	0.2198	0.00938114472946952	-0.001647590813882647	-0.0009040805525330626	1.0496428	54.45589447	1.00608913	0.04412885911618943	0.00962299	0.00011
-0.0417	-0.0465	0.2147	0.009677850702308557	-0.0016615534478986017	-0.0010559241974565693	1.10000956	57.06893921	1.06103931	0.16642561258892488	0.00853461	6e-05
-0.0409	-0.0254	0.2369	0.009681341360812546	-0.0016859880574265225	-0.0010157816246606998	1.01699936	52.76234055	1.00070109	0.047503392041388974	0.00814122	3e-05
-0.0402	0.0169	0.2364	0.00973544656762437	-0.0016790067404185449	-0.001048942880448592	1.00084746	51.92437363	0.99153452	0.04821238898038466	0.0076344	5e-05
-0.0325	0.0223	0.2401	0.009532988374393028	-0.0015603243512829306	-0.0009826203688728075	0.98343217	51.02085876	0.97747961	0.036173154697137035	0.0075748	2e-05
-0.0453	0.0766	0.194	0.009449212570297301	-0.001473057888683214	-0.0011152653920243766	1.04015636	53.96373367	1.01651236	0.12838436449235063	0.00903904	7e-05
-0.0678	-0.0372	0.1646	0.009484119155337187	-0.001446877949903299	-0.0012618730491919003	1.08151972	56.10968018	1.05336595	0.17608470904936624	0.00941092	7e-05
-0.073	-0.0626	0.1886	0.009644689446520666	-0.0014852751934471744	-0.0012636183784438947	1.05345833	54.65384293	1.01270332	0.06463564319896743	0.00941074	5e-05
-0.0592	0.0114	0.2063	0.00965516142203263	-0.0014870205226991688	-0.001165879940332212	1.05455172	54.71057129	1.01361305	0.11099778714378213	0.00804019	5e-05
-0.0512	0.0785	0.191	0.009449212570297301	-0.0014748032179352085	-0.0011571532940722405	1.00520706	52.15054703	0.99955169	0.10174464013796304	0.00871885	4e-05
-0.0621	0.031	0.1552	0.009452703228801288	-0.001403244718603441	-0.0011780972450961724	1.06568766	55.28830719	1.01782206	0.09899965544298435	0.010258	0.00014
-0.0666	-0.0622	0.179	0.009494591130849153	-0.0015498523757709647	-0.0011327186845443199	1.09800696	56.96504593	1.04486182	0.13319370598836203	0.00957733	9e-05
-0.0648	-0.001	0.1862	0.009527752386637046	-0.0015655603390389136	-0.0011379546723003027	1.05087686	54.51992035	1.00979037	0.07290526034059125	0.00836736	6e-05
-0.0631	0.0238	0.1934	0.00952600705738505	-0.0015219271077390555	-0.0011501719770642632	0.9827767	50.98685455	0.9765085	0.036579793265790736	0.00813162	6e-05
-0.0539	0.0973	0.1989	0.009543460349904992	-0.0013927727430914749	-0.0012025318546240932	1.07457078	55.7491684	1.02354627	0.09814837673636768	0.00990176	4e-05
-0.0593	0.0262	0.1695	0.009445721911793312	-0.001296779634231787	-0.0011536626355682519	1.10092688	57.11653137	1.04006311	0.11803003830136045	0.00968057	0.00015
-0.0641	-0.0507	0.2085	0.009515535081873085	-0.0013491395117916165	-0.0011536626355682519	1.06335926	55.16751099	1.02877276	0.1268086523819801	0.00830048	4e-05
-0.0561	-0.0019	0.2246	0.009548696337660976	-0.001377064779823526	-0.001117010721276371	0.99725765	51.73813248	0.98803785	0.0777869219055841	0.00782287	3e-05
-0.0489	0.0427	0.2227	0.009468411192069237	-0.0012950343049797925	-0.001085594794740473	1.03542268	53.71815109	1.00346425	0.06338657734856852	0.00857902	6e-05
-0.0468	0.0193	0.1965	0.009426523290021374	-0.0011431906600562858	-0.001075122819228507	1.0520817	54.58242416	1.01351522	0.06191017612416677	0.00885987	6e-05
-0.0562	-0.0422	0.1971	0.009447467241045306	-0.0013142329267517303	-0.0011850785621041497	1.03960693	53.93523026	1.01524021	0.08659709802975096	0.00841922	8e-05
-0.0556	-0.0084	0.2155	0.009398598021989465	-0.0014381513036433276	-0.0012112585008840647	1.00035548	51.89884949	0.98708672	0.06274837673636768	0.00781852	5e-05
-0.0521	0.0429	0.2134	0.009548696337660976	-0.0014259339988793671	-0.0011623892818282235	1.05798268	54.88856888	1.00530206	0.06745924197456563	0.00877666	9e-05
-0.0457	0.0788	0.2029	0.009445721911793312	-0.0013124875974997359	-0.001054178868204575	1.09331381	56.72156143	1.02260792	0.06903156204354721	0.00932592	8e-05
-0.0636	0.0156	0.1953	0.00947713783832921	-0.0013840460968315032	-0.00119729586686811	1.05256951	54.60773468	1.01088991	0.10100457122656002	0.00831085	2e-05
-0.0568	0.0033	0.2227	0.00967086938530058	-0.001520181778487061	-0.0010629055144645468	1.03727043	53.81401062	0.99665243	0.06971287905152457	0.00867617	7e-05
-0.0509	0.0484	0.2288	0.00974766387238833	-0.0014940018397071458	-0.0010140362954087054	1.07712543	55.88170624	1.01866715	0.06469218224617534	0.00876284	8e-05
-0.0416	0.0806	0.2168	0.009588838910456846	-0.0014137166941154068	-0.000932005820564972	1.07461417	55.75141907	1.01846785	0.06955702911834785	0.00891012	0.00011
-0.0439	0.0027	0.2182	0.009524261728133056	-0.0014067353771074296	-0.0008726646259971648	1.0325309	53.56811905	1.00475914	0.08814498469497872	0.00787824	2e-05
-0.044	-0.0296	0.2402	0.009780825128176223	-0.0015847589608108511	-0.0008080874436733745	1.04463291	54.19597626	1.0004976	0.07935820830351892	0.00861204	7e-05
-0.0431	0.001	0.2503	0.009871582249279927	-0.0015027284859671175	-0.000853466004225227	1.05278444	54.61888123	1.00765565	0.05250830782496453	0.00811434	4e-05
-0.0407	0.0085	0.2516	0.009805259737704143	-0.0014940018397071458	-0.000804596785169386	1.05827475	54.90372467	1.00716314	0.017395918844579805	0.00801802	9e-05
-0.0378	0.0322	0.2584	0.00975988117715229	-0.0014556045961632708	-0.0007871434926494425	1.01410151	52.6119957	0.98834208	0.03846145483078355	0.00733781	1e-05
-0.0381	0.0582	0.2546	0.009758135847900296	-0.001452113937659282	-0.0007679448708775049	1.0321089	53.54623032	0.98247464	0.03132173047639609	0.00848401	6e-05
-0.0344	0.1077	0.2454	0.009601056215220807	-0.001322959573011702	-0.0007923794804054256	1.07543647	55.79408264	1.02181799	0.07793343034274951	0.00891089	5e-05
-0.0435	0.0575	0.1966	0.009573130947188898	-0.0012426744274199627	-0.0008569566627292158	1.06741965	55.37816238	1.02784392	0.11673937979737192	0.00861645	5e-05
-0.0501	-0.0428	0.2214	0.009639453458764682	-0.0014137166941154068	-0.0009721483933608416	1.05073571	54.51259613	1.02906156	0.14932782544514273	0.0078975	5e-05
-0.045	-0.0042	0.2354	0.009803514408452148	-0.0015306537539990272	-0.0009040805525330626	1.02593613	53.22598267	0.98935099	0.07515329251994327	0.00868648	7e-05
-0.0464	0.0261	0.2363	0.009848892969004002	-0.0014835298641951804	-0.000932005820564972	1.06569135	55.28849792	1.01258843	0.038621385919380496	0.00842893	8e-05
-0.0342	0.0836	0.2155	0.009508553764865106	-0.001377064779823526	-0.0008429940287132613	1.08859694	56.47685242	1.03386087	0.117290804018113	0.00900447	0.0001
-0.0474	0.0286	0.1816	0.009449212570297301	-0.0012863076587198209	-0.0009180431865490173	1.0211519	52.97777557	1.00270807	0.11335737367536328	0.00857919	3e-05
-0.0528	-0.0455	0.2071	0.009676105373056562	-0.001467821900927231	-0.0009407324668249436	1.09192646	56.64958572	1.03390859	0.1265548162621299	0.00935221	7e-05
-0.0556	0.01	0.2315	0.009794787762192178	-0.0014974924982111347	-0.0009808750396208131	1.08588386	56.33609772	1.02290424	0.09212477796076947	0.00867271	0.00011
-0.0536	0.0472	0.2369	0.009794787762192178	-0.0015254177662430443	-0.0009669124056048585	1.05627632	54.80004501	1.01054991	0.04669439510239319	0.00836325	4e-05
-0.0446	0.0979	0.2384	0.00949808178935314	-0.001410226035611418	-0.0009128071987930344	1.02227664	53.03612518	0.99737913	0.08450014551412444	0.0085848	6e-05
-0.0425	0.1102	0.2064	0.009456193887305276	-0.001439896632895322	-0.0008761552845011534	1.04584169	54.25868988	1.00253469	0.05181052068118248	0.0100638	7e-05
-0.0555	-0.0233	0.189	0.009583602922700864	-0.001450368608407288	-0.0010140362954087054	1.1029824	57.22317123	1.06627114	0.17768810109075528	0.00911224	0.0001
-0.0569	-0.0366	0.2254	0.009697049324080494	-0.0015847589608108511	-0.0010035643198967395	1.03687918	53.79371262	1.01863874	0.06401543646475798	0.00881582	5e-05
-0.0571	0.0064	0.2326	0.009714502616600437	-0.0015498523757709647	-0.0009983283321407565	1.04627252	54.28104401	1.01326774	0.05327979326579064	0.00833941	0.0001
-0.0481	0.0358	0.227	0.00953822436214901	-0.001429424657383356	-0.0009232791743050004	0.99264407	51.49877548	0.98359664	0.06258775653373959	0.00831509	3e-05
-0.0402	0.1044	0.2232	0.009560913642424935	-0.001387536755335492	-0.0008639379797371932	1.08572423	56.32781219	1.02234803	0.08649591884457981	0.0101029	0.00014
-0.0312	0.0999	0.2477	0.009756390518648303	-0.0015114551322270892	-0.0007993607974134029	1.09161222	56.63328171	1.02524043	0.057198621771937776	0.0107473	0.00014
-0.0347	0.086	0.2407	0.01027126264798663	-0.0017767451785302276	-0.0007086036763096977	1.04559398	54.24584198	1.01736209	0.06794596483725851	0.0108449	0.00021
-0.0371	-0.0869	0.1894	0.010224138758182781	-0.0018989182261698304	-0.0008569566627292158	1.11698902	57.94984436	1.08871775	0.2424824961931485	0.0103297	8e-05
-0.0373	-0.1296	0.2045	0.010327113184050447	-0.0018360863730980347	-0.0008115781021773631	0.98979658	51.35104752	0.99663088	0.0685592419745657	0.0105256	0.0001
-0.0381	-0.0856	0.2537	0.010316641208538481	-0.0018744836166419098	-0.0007679448708775049	1.05946708	54.9655838	1.02220968	0.09862512251778496	0.0101795	0.00011
-0.0404	0.005	0.2746	0.010246828038458708	-0.0019949113350295183	-0.0008639379797371932	1.12154007	58.18595123	1.04753619	0.12811169986635354	0.00964689	9e-05
-0.0553	0.0759	0.2584	0.009922196797587763	-0.0022148228207808044	-0.0010506882097005862	1.07967901	56.01418304	1.03300818	0.13856464782928118	0.0091188	7e-05
-0.0608	0.1168	0.2646	0.009695303994828501	-0.002239257430308725	-0.0010576695267085637	1.0183531	52.83256912	0.98982359	0.06551543646475795	0.00973058	8e-05
-0.0501	0.1931	0.289	0.009845402310500014	-0.0020629791758572974	-0.0010349802464326373	1.08506358	56.29353714	1.03548914	0.12885329251994332	0.0124795	0.0002
-0.0581	0.084	0.24	0.009789551774436193	-0.0020245819323134223	-0.0010175269539126942	1.13016725	58.63353729	1.06766879	0.17168505360638195	0.0101307	0.00013
-0.0605	0.0085	0.2659	0.00976860782341226	-0.0021607176139689798	-0.0010402162341886204	1.05932653	54.9582901	1.02037011	0.11278844564777084	0.00870591	7e-05
-0.0532	0.0048	0.2763	0.00971101195809645	-0.00214850030920502	-0.0009302604913129776	0.96799648	50.22005081	0.97126531	0.03038844564777064	0.00829041	6e-05
-0.0539	0.0052	0.2813	0.009843656981248018	-0.0019792033717615696	-0.0009093165402890458	1.04349005	54.13668823	0.99109909	0.022244295580947527	0.00931084	0.00013
-0.048	0.0517	0.2823	0.009745918543136336	-0.0018779742751458986	-0.000895353906273091	1.04525113	54.22805405	1.01054079	0.06404650843716542	0.00928152	8e-05
-0.0556	-0.0026	0.2516	0.009695303994828501	-0.0018186330805780916	-0.000895353906273091	1.04757118	54.34841537	1.01795223	0.09809778714378206	0.00967413	0.00014
-0.0631	-0.0818	0.2591	0.009822713030224086	-0.0020594885173533086	-0.0009965830028887623	1.04475856	54.20249939	1.02785432	0.11767467843932362	0.00956815	0.00011
