trans_x	trans_y	trans_z	rot_x	rot_y	rot_z	dvars_std	dvars_nstd	dvars_vstd	framewise_displacement	aqi	aor
0.0	-0.0	0.0	-0.0	0.0	-0.0	n/a	n/a	n/a	n/a	0.0194824	0.00929
0.0022	-0.0333	0.0097	7.853981633974481e-05	1.2217304763960308e-05	9.948376736367679e-05	1.01389587	60.15262222	0.98875478	0.0547120444233691	0.0178785	0.00402
0.0067	0.0315	0.0155	0.000317649923862968	9.599310885968811e-05	0.0002251474735072685	1.00535786	59.64608002	0.98725086	0.09752748088812714	0.0181558	0.00285
0.0029	0.1175	0.0388	0.00027750735106709843	0.0002495820830351891	0.0003159045946109737	1.04971027	62.27742767	1.01798937	0.12732443340375377	0.0180185	0.0031
-0.0057	0.1512	0.0608	0.00013264502315156904	0.0005532693728822024	0.0005567600313861911	1.03496301	61.40249634	1.00769066	0.098770252726888	0.0201026	0.00222
0.0024	0.0394	0.0277	0.0005742133239061344	0.0004974188368183839	0.0006876597252857658	1.02380395	60.74045181	1.006332	0.184415926535898	0.0140789	0.00061
0.0033	0.0013	0.0188	0.0006771877497737998	0.0005864306286700947	0.0007539822368615504	1.01816177	60.40571213	0.98414598	0.06081543646475803	0.0130244	0.00035
0.0053	0.0572	0.0083	0.0007644542123735164	0.0005009094953223725	0.0007609635538695277	1.08648086	64.45896149	1.01729202	0.07738844564777081	0.0150139	0.00072
-0.0043	0.129	0.0254	0.0010349802464326373	0.000757472895365539	0.0007068583470577034	1.09119403	64.73858643	1.02846376	0.1275597320457056	0.0150865	0.00064
-0.0125	0.0688	0.0128	0.001673770752662562	0.001270599695451872	0.000577703982410123	1.03279483	61.27386475	1.0060203	0.14505358354819192	0.0130584	0.00019
-0.0076	-0.0811	0.0145	0.0013962634015954637	0.001085594794740473	0.0007330382858376184	1.05355334	62.50543213	1.02653379	0.18739232776029963	0.01302	0.00027
-0.0023	-0.0753	0.0133	0.001256637061435917	0.0009843656981248017	0.0008499753457212384	0.95904922	56.8986702	0.95619153	0.03018962483294189	0.012662	0.00019
0.0055	-0.0265	0.0026	0.001254891732183923	0.0009564404300928925	0.0009616764178488756	1.03750682	61.55341721	0.99567692	0.07436858347057702	0.0124323	0.00027
0.0028	0.0115	-0.0072	0.0012269664641520136	0.0010576695267085637	0.0010088003076527223	1.06172132	62.99002075	0.99682524	0.059313912722571374	0.0115536	0.00015
0.006	0.118	0.0069	0.001324704902263696	0.00102799892942466	0.0010995574287564276	1.05951488	62.8591156	1.01359218	0.13470830782496457	0.0135871	0.00023
0.0008	0.1786	0.0153	0.0015446163880149814	0.0012618730491919003	0.0011152653920243766	1.05191767	62.40839005	1.00551859	0.09767467843932374	0.0151371	0.00042
0.0022	0.0898	-0.0009	0.001350884841043611	0.0012042771838760874	0.0009721483933608416	1.03555381	61.43754578	1.00453996	0.1261222205475359	0.0120341	0.00014
0.0052	0.0126	0.002	0.0012147491593880533	0.001192059879112127	0.0009843656981248017	1.01978111	60.50178146	0.98353248	0.09112851455917392	0.0110804	0.0001
0.0118	0.0179	-0.0003	0.0013980087308474581	0.0011466813185602744	0.0011274826967883368	0.98273998	58.30419922	0.96275711	0.03278775653373962	0.0118905	0.00013
0.0063	0.0469	0.0011	0.0014695672301792255	0.0012409290981679683	0.0010786134777324957	1.06005239	62.89100647	1.0013066	0.04663377489976511	0.0122923	0.00015
0.0063	0.1138	0.0301	0.0013665928043115599	0.0013264502315156904	0.0011222467090323538	1.04796445	62.17385101	0.99742081	0.10750643952576228	0.0131848	0.00014
0.0048	0.0214	0.0129	0.0015463617172669759	0.0013072516097437528	0.0011013027580084218	1.00286567	59.49822235	0.98255463	0.12209557428756428	0.0130553	0.00015
0.0073	-0.0755	0.0058	0.001574286985298885	0.0013002702927357754	0.0011746065865921838	1.01946354	60.48294449	0.99523751	0.11191052068118242	0.0127189	0.00013
0.0122	-0.0502	-0.0032	0.0014870205226991688	0.0012409290981679683	0.0012007865253720988	1.02105069	60.57710648	0.98316172	0.04783937979737191	0.0125118	0.00016
0.0121	0.0126	-0.0061	0.0014870205226991688	0.001324704902263696	0.0011938052083641214	1.02316332	60.70244217	0.98182743	0.07033785605518525	0.0120807	0.00012
0.0095	0.0843	0.0007	0.0015812683023068625	0.0013369222070276565	0.0011693705988362008	1.04999828	62.2945137	1.00211756	0.08764498469497874	0.0142601	0.00021
0.0063	0.1206	0.0052	0.0016423548261266642	0.0014643312424232424	0.0012671090369478833	1.05090356	62.34822083	1.00086331	0.0583116998663535	0.0142513	0.00018
0.0075	0.0371	-0.0019	0.0015987215948268059	0.0014014993893514465	0.00124965574442794	1.01474679	60.20310211	0.9821214	0.09799591884457985	0.0122834	0.00011
0.0091	0.0082	-0.0013	0.001616174887346749	0.0013020156219877698	0.0013194689145077131	0.97558933	57.87996292	0.96067348	0.04043751149816966	0.0120945	9e-05
0.0089	0.0293	-0.0212	0.0019617500792416262	0.0014311699866353504	0.0012583823906879114	1.06346405	63.09341049	1.00294589	0.06799080401811297	0.0148597	0.0002
0.0048	0.112	0.0124	0.0020210912738094335	0.0015917402778188286	0.0013473941825396225	1.08104479	64.13644409	1.01823138	0.13584616388014986	0.0146509	0.00014
0.0077	0.0721	0.0067	0.0017924531417981763	0.001637118838370681	0.0015481070465189703	0.98654664	58.53004074	0.9697721	0.07223647782712286	0.0131384	7e-05
0.0102	-0.0201	-0.0086	0.001912880860185785	0.0017156586547104257	0.001895427567665842	1.01219976	60.05199814	0.99248946	0.13731440279371127	0.0133721	0.00012
0.0178	-0.0279	-0.0135	0.002134537675189065	0.0017941984710501708	0.0020734511513692635	0.97423887	57.79984283	0.96683775	0.04421101075232232	0.0133315	0.00018
0.0128	0.0116	-0.0235	0.0020751964806212577	0.00182212373908208	0.002001892652037496	1.05612934	62.65826035	0.99723744	0.0624412480965742	0.0125633	6e-05
0.0083	0.0897	-0.0113	0.002141518992197042	0.0018989182261698304	0.0019425514574696887	1.04400086	61.938694	1.00420254	0.10492290966156712	0.0146757	0.00017
0.0061	0.0793	-0.0124	0.002305579941884509	0.0019792033717615696	0.0019896753472735357	1.02643764	60.89670181	0.99255351	0.028273499254152654	0.0139431	0.00016
0.0069	0.0048	-0.0196	0.0022043508452688383	0.0018832102629018814	0.0018989182261698304	1.01001143	59.92216492	0.98572811	0.0968989663289532	0.012644	0.00012
0.0109	0.0043	-0.0176	0.002288126649364566	0.0019355701404617114	0.0020141099568014562	0.97426355	57.80130768	0.9630931	0.019066370614359188	0.0126917	0.0001
0.0113	-0.0017	-0.0077	0.002190388211252884	0.0019058995431778078	0.0020210912738094335	0.97883487	58.0725174	0.95859489	0.02301951762017816	0.012564	0.00016
0.0069	0.0958	0.0085	0.0021519909677090087	0.0018901915799098587	0.002008873969045473	0.99611503	59.09771729	0.982221	0.1214161255787892	0.0143366	0.00016
-0.0011	0.1117	0.0152	0.0021956241990088664	0.002129301687433082	0.0019757127132575807	0.99637628	59.1132164	0.97634	0.046395229730548666	0.0147296	0.00019
0.0033	0.0128	-0.0081	0.0022235494670407763	0.002005383310541485	0.0019687313962496035	1.01232064	60.05916977	0.99470828	0.1345412480965742	0.0123088	0.00014
0.0031	-0.0159	-0.016	0.002181661564992912	0.002022836603061428	0.001998401993533507	1.01890743	60.44995117	0.97777393	0.04125058959258557	0.0117232	0.00016
0.011	0.0115	-0.0235	0.0023422318561763904	0.002015855286053451	0.0020804324683772408	1.04564023	62.03595734	0.99046603	0.05527910415175946	0.0139406	0.0003
0.008	0.0362	-0.0244	0.002457423586808016	0.002087413785385218	0.0021205750411731105	1.06821966	63.37555695	1.00027724	0.03994464013796313	0.0134689	0.00029
-0.0007	0.1027	0.0197	0.002410299697004169	0.0022602013813326567	0.0021101030656611444	1.05978644	62.87522888	1.005254	0.1308191730631626	0.0137594	0.00016
0.0002	0.0961	0.0155	0.002494075501099897	0.0022410027595607188	0.0020594885173533086	0.98987341	58.72741318	0.96833869	0.019379448708775077	0.0143749	0.00021
0.0047	-0.0114	-0.0033	0.0024277529895241124	0.002089159114637212	0.0020664698343612863	1.02990782	61.10258484	1.00340582	0.14205737367536345	0.0124973	0.00015
0.007	-0.0232	-0.0079	0.002452187599052033	0.002087413785385218	0.002155481626212997	0.99766141	59.18946075	0.97307388	0.02445958653158128	0.0127966	0.00017
0.0099	0.0202	-0.0114	0.002509783464367846	0.0021519909677090087	0.0022410027595607188	1.00874257	59.84688568	0.97715065	0.06018470904936626	0.0127293	0.00018
0.0048	0.0871	0.0001	0.0024609142453120045	0.002197369528260861	0.0022270401255447643	0.99338418	58.93569946	0.97757347	0.08891052068118242	0.013755	0.0002
0.0025	0.1104	-0.005	0.0023928464044842257	0.0022724186860966175	0.0021799162357409173	0.9889341	58.67168427	0.97299454	0.04021204442336911	0.0144287	0.00023
0.0049	-0.0003	-0.0185	0.0024260076602721182	0.0022235494670407763	0.002234021442552742	1.00121808	59.40047455	0.99027478	0.13340678408277787	0.0127102	0.0001
0.0083	-0.0264	-0.0266	0.0024766222085799536	0.0021799162357409173	0.002234021442552742	0.99003434	58.73696136	0.97126699	0.04231238898038471	0.0128416	0.00017
0.0073	0.0248	-0.0332	0.00244695161129605	0.0022444934180647076	0.0022427480888127134	1.02561593	60.8479538	0.98219736	0.06394872129338326	0.012463	0.00012
0.002	0.096	-0.017	0.0025080381351158514	0.0022724186860966175	0.002183406894244906	1.06007552	62.89237595	1.00706949	0.10011764932097592	0.0152735	0.0003
-0.0031	0.1308	-0.0088	0.0024975661596038853	0.002368411794956305	0.0022322761133007477	1.04531431	62.01662445	1.0004961	0.055866715171374766	0.01516	0.00019
-0.0002	0.0261	-0.0134	0.0024277529895241124	0.002368411794956305	0.002251474735072685	1.04280329	61.86764908	1.00286546	0.11665058959258548	0.0126494	0.00015
0.0033	-0.0329	-0.0183	0.00244695161129605	0.002333505209916419	0.002303834612632515	0.99411178	58.97886658	0.97218233	0.0727232542185827	0.0124291	9e-05
0.0085	-0.0179	-0.0152	0.0025603980126756814	0.0022689280275926286	0.002319542575900464	0.98351562	58.35021591	0.96650503	0.032986577348568545	0.013022	0.00014
0.0056	0.0131	-0.0247	0.0026162485487395003	0.0022898719786165604	0.0022968532956245376	1.05112946	62.36162186	0.99845406	0.04837418836818385	0.0131601	0.00015
-0.0007	0.0959	-0.0058	0.0025045474766118626	0.002384119758224254	0.0023160519173964756	1.04737854	62.13908768	1.00399493	0.11925737367536345	0.0136262	0.00011
0.0017	0.0644	-0.0193	0.002583087292951608	0.0023771384412162766	0.0022759093446006054	0.99733835	59.17029572	0.97299773	0.05368318530717963	0.0136857	0.00015
0.004	0.0015	-0.0275	0.0026406831582674204	0.002336995868420407	0.002333505209916419	1.04609334	62.06283951	0.99639716	0.0811667151713748	0.0129279	0.00011
0.0039	0.0196	-0.0224	0.0025603980126756814	0.002361430477948328	0.0023387411976724015	1.00228536	59.46379089	0.9657638	0.028797787143782127	0.0126696	0.00012
0.0038	0.0456	-0.021	0.0027035150113392165	0.0023212879051524586	0.002324778563656447	1.01473558	60.20244217	0.98359577	0.037361110273767935	0.0139952	0.00017
-0.003	0.1004	-0.0056	0.0027035150113392165	0.002466150233067988	0.0023457225146803788	1.05552578	62.62244797	1.00466697	0.08529031394697306	0.0145076	0.00023
0.0	0.0284	-0.0148	0.002649409804527392	0.0024836035255879313	0.002373647782712288	1.00050473	59.35815048	0.97851327	0.08917418836818387	0.0132061	0.00013
0.0029	-0.0432	-0.0168	0.002642428487519415	0.0024120450262561633	0.002410299697004169	0.98814881	58.62509537	0.97308244	0.08225958653158127	0.0131223	0.00015
0.0096	-0.0064	-0.0225	0.002823942729726825	0.0023701571242082994	0.0024713862208239705	0.97200572	57.66735458	0.96440672	0.06342443340375375	0.0144293	0.00032
0.0017	0.0399	-0.0213	0.002841396022246768	0.00249931148885588	0.0024713862208239705	1.08971977	64.65111542	1.02064208	0.06273038285837619	0.0145831	0.00027
-0.0074	0.1065	0.0018	0.002813470754214859	0.0026755897433073067	0.002453932928304027	1.05199218	62.41280746	1.00008173	0.10988284075016394	0.0151964	0.00027
-0.0033	0.0216	-0.019	0.002893755899806598	0.0027104963283471934	0.0025551620249196984	1.02863884	61.02729797	0.9949379	0.12062104136236484	0.0147497	0.00028
-0.0002	-0.0224	-0.0059	0.002717477645355171	0.0026668630970473357	0.0026249751949994717	1.04420817	61.9509964	1.00188368	0.0746862327915529	0.0179476	0.00037
0.0011	0.0421	-0.0147	0.0029862583501622975	0.0026808257310632897	0.0026563911215353696	1.07204556	63.60253906	1.01398183	0.09030796326794893	0.0138026	0.0003
-0.0084	0.1355	0.0091	0.002958333082130389	0.002846632010002751	0.0026249751949994717	1.04346287	61.90678024	1.00274647	0.1379573736753634	0.0152189	0.00035
-0.0038	0.0529	-0.0165	0.0031119220563058892	0.002885029253546627	0.0027366762671271086	1.0042727	59.58169937	0.98692482	0.12798436449235065	0.0144498	0.00019
0.0029	-0.0513	-0.0338	0.003438298626428829	0.002820452071222836	0.0028152160834668534	1.01267648	60.08027649	0.99508103	0.15167467843932375	0.0144992	0.00031
0.0086	-0.0191	-0.0394	0.003426081321664869	0.002766346864411012	0.0027872908154349444	1.01519167	60.22949982	0.98008192	0.04821238898038466	0.0146283	0.00034
0.0112	0.0129	-0.034	0.002816961412718848	0.0027349309378751144	0.0027995081201989047	1.06726325	63.31881332	1.00242617	0.07263765701229395	0.0135374	0.00022
0.0065	0.1231	-0.0092	0.002494075501099897	0.002717477645355171	0.0027401669256310974	1.08938766	64.63141632	1.033083	0.15968401993533507	0.0167569	0.00033
0.0051	0.0983	-0.0095	0.002371902453460294	0.0028431413514987624	0.0027523842303950577	1.04666793	62.09692764	1.00323896	0.039502702927357726	0.0151925	0.00025
0.0098	-0.0245	-0.0182	0.0024434609527920616	0.002713986986851182	0.0027523842303950577	1.05671763	62.69316101	1.01789723	0.1462356431989674	0.0130076	0.00012
0.0109	-0.0297	-0.02	0.002542944720155738	0.002665117767795341	0.002722713633111154	0.9920972	58.85934448	0.97304045	0.017001179185171068	0.0128555	0.00012
0.0121	-0.0109	-0.0145	0.002513274122871834	0.0027436575841350863	0.002846632010002751	1.00171101	59.42971802	0.96990092	0.03710643952576232	0.0125855	0.00013
0.021	0.0631	-0.0062	0.0022968532956245376	0.002825688058978819	0.003342305517569141	0.99929047	59.28610992	0.9835231	0.13090624048287097	0.0143747	0.00022
0.0162	0.1208	0.0011	0.0019250981649497454	0.0028221974004748306	0.003237585762449481	1.03238189	61.24936676	0.99972121	0.09379827721492205	0.0152115	0.00024
0.0148	0.0183	-0.0131	0.002165953601724963	0.0027680921936630064	0.0030473448739821	1.01556671	60.25174713	0.99807202	0.14236007660272115	0.0128211	0.00013
0.0145	-0.0426	-0.0189	0.0023492131731843676	0.0027366762671271086	0.003014183618194207	1.01200783	60.04060745	0.98417394	0.07939183768915979	0.0129483	0.00019
0.0151	0.0078	-0.0027	0.002106612407157156	0.002717477645355171	0.003003711642682241	1.04347372	61.90742493	0.99336782	0.0808135681655558	0.0153224	0.00022
0.0127	0.0892	-0.0026	0.00222529479629277	0.0027680921936630064	0.002981022362406315	1.09984779	65.2519989	1.02725647	0.09349931088596877	0.017296	0.00043
0.0105	0.1072	-0.0168	0.0024050637092481865	0.0028710666195306722	0.0030578168494940655	1.07869518	63.99704742	1.01468165	0.05237689129554164	0.0149277	0.00023
0.0126	-0.0002	-0.0248	0.002450442269800039	0.0028152160834668534	0.003003711642682241	1.03667629	61.50414276	1.00314929	0.1252667151713748	0.0127419	0.00011
0.0171	-0.0524	-0.0219	0.002488839513343914	0.002816961412718848	0.0030368728984701333	0.99543804	59.05755234	0.97224092	0.06326519142918811	0.0126716	9e-05
0.0196	0.0111	-0.019	0.0024452062820440558	0.0027157323161031764	0.0030909781052819575	1.05353808	62.50452423	1.00625656	0.07884837673636769	0.0131801	0.0002
0.0118	0.1258	-0.0063	0.002478367537831948	0.002820452071222836	0.0030490902032340936	1.10434103	65.51856995	1.03762807	0.14418844564777075	0.0141845	0.00019
0.01	0.0716	-0.0099	0.002398082392240209	0.0029513517651224112	0.0031433379828417875	0.99616748	59.10083008	0.97552982	0.0748716309549504	0.0136609	0.00011
0.0202	-0.0292	-0.0193	0.002469640891571976	0.0028431413514987624	0.0030421088862261168	1.01137066	60.0028038	0.99455736	0.13444990047855435	0.0130585	0.00013
0.0199	-0.0151	-0.0283	0.0025237460983838006	0.002834414705238791	0.0030525808617380824	0.99030167	58.75281906	0.97420502	0.027065191429188087	0.0129305	0.00013
0.0191	0.0338	-0.0396	0.002366666465704311	0.002834414705238791	0.002967059728390361	1.07019162	63.4925499	1.00825724	0.07313003830136057	0.013054	0.0002
0.0179	0.1385	-0.0286	0.002356194490192345	0.0026790804018112955	0.0029897490086662863	1.05337369	62.49477386	1.01048112	0.12632477796076935	0.0140975	0.00014
0.0176	0.1236	-0.0374	0.002331759880664424	0.002764601535159018	0.002981022362406315	1.02176058	60.61922073	0.98569418	0.02993411945678076	0.014058	0.00015
0.0205	0.0098	-0.0415	0.002234021442552742	0.0027593655474030345	0.0029880036794142917	1.05809212	62.77470398	1.01509056	0.1262977871437821	0.0121772	0.00011
0.024	0.0224	-0.0333	0.002324778563656447	0.002673844414055313	0.0029548424236264	1.01040637	59.9455986	0.9779972	0.03477197551196591	0.0119049	9e-05
0.022	0.1024	-0.0166	0.0022741640153486112	0.0026441738167714093	0.0029565877528783943	1.01989365	60.508461	0.98576165	0.10280152374218668	0.0127465	0.00011
0.0157	0.1113	-0.0342	0.0022235494670407763	0.002813470754214859	0.0029827676916583086	0.97029656	57.5659523	0.96351479	0.04510457122655996	0.012933	8e-05
0.0216	-0.014	-0.041	0.0022985986248765322	0.002766346864411012	0.003033382239966145	1.02215374	60.64254761	1.00224105	0.14663937979737193	0.0119934	0.0001
0.0249	-0.0275	-0.0391	0.002366666465704311	0.002713986986851182	0.0030229102644541784	0.99476147	59.01741409	0.9681552	0.02524498469497876	0.0121225	0.00013
0.0194	0.015	-0.0386	0.002314306588144481	0.0027715828521669953	0.0028693212902786776	1.04363394	61.91692734	0.99112756	0.06167723585255718	0.0119055	0.00016
0.0161	0.1239	-0.0233	0.0022444934180647076	0.0027523842303950577	0.0028710666195306722	1.05823553	62.78321457	1.01262496	0.13203785605518528	0.0154685	0.00023
0.0124	0.1098	-0.0218	0.0022200588085367874	0.0028728119487826664	0.003010692959690218	1.04136431	61.78227615	0.99850611	0.03352443340375374	0.0166643	0.00028
0.0166	0.0143	-0.0306	0.0021938788697568722	0.0028152160834668534	0.002958333082130389	1.04191601	61.81500626	1.0052215	0.11530678408277788	0.012271	6e-05
0.0187	0.0021	-0.0285	0.0022549653935766737	0.002939134460358451	0.0029775317039023265	0.98391932	58.3741684	0.96688682	0.02661017612416683	0.0123751	0.00011
0.0202	0.0536	-0.0241	0.002288126649364566	0.0029653143991383657	0.002939134460358451	0.98333293	58.33937836	0.96767441	0.062286921905584144	0.0125952	0.0001
0.016	0.141	-0.0298	0.0024609142453120045	0.0030211649352021846	0.0030874874467779687	1.03666079	61.50322723	1.00062943	0.11614955592153872	0.0144544	0.00018
0.0264	0.0032	-0.0605	0.003082251459021986	0.003227113786937515	0.0030997047515419294	1.08292878	64.24822235	1.04735579	0.2208751685104636	0.0132039	0.0002
0.0315	0.0074	-0.0581	0.0028396506929947744	0.0029914943379182805	0.0029269171555944902	1.00597572	59.68273163	0.98851095	0.044250390549694256	0.012457	0.00013
0.0329	0.0639	-0.0492	0.002380629099720265	0.0027890361446869386	0.0027872908154349444	1.02265787	60.67245865	0.98563596	0.10685530633326984	0.0120441	0.00011
0.028	0.1175	-0.0526	0.0017872171540421933	0.0020996310901491783	0.002595304597715568	1.06590164	63.23803329	1.01796857	0.13564016089676043	0.0136431	0.00021
0.0228	0.1393	-0.056	0.0018657569703819383	0.0022794000031045943	0.002813470754214859	1.05216646	62.42314529	1.00697473	0.05422374428972262	0.0140142	0.00022
0.0195	0.0058	-0.0558	0.002022836603061428	0.00238237442897226	0.002904227875318564	1.03313768	61.29420471	1.01130692	0.154540558982543	0.0118872	0.00011
0.021	-0.0752	-0.0467	0.002089159114637212	0.0023911010752322315	0.0030229102644541784	1.00436783	59.58733749	0.98621856	0.10128657734856852	0.0121451	0.00013
0.0282	-0.0165	-0.0439	0.002040289895581371	0.002380629099720265	0.0031014500807939236	0.97975796	58.12728119	0.96982145	0.07559405054537763	0.0119071	8e-05
0.021	0.0505	-0.0438	0.002022836603061428	0.002466150233067988	0.003001966313430246	1.07582951	63.827034	1.0122454	0.08442290966156717	0.0129226	0.00022
0.0202	0.1669	-0.0338	0.0018325957145940458	0.002366666465704311	0.0029530970943744054	1.08003306	64.07642365	1.02337201	0.144129693744345	0.0139792	0.00013
0.0233	0.0617	-0.0549	0.0019024088846738192	0.0023928464044842257	0.002895501229058593	1.01155281	60.01361084	0.9916181	0.13707944870877503	0.012529	0.0001
0.0254	0.022	-0.0553	0.0019058995431778078	0.0023527038316883565	0.002939134460358451	1.02061701	60.55137634	0.98132796	0.0465633231299858	0.0119711	0.00012
0.0215	0.0558	-0.0524	0.0019285888234537342	0.0025342180738957666	0.0029199358385865134	1.0199573	60.51223755	0.9782979	0.05177010721276371	0.0117564	0.00011
0.0204	0.1119	-0.0409	0.001895427567665842	0.0023963370629882146	0.0028885199120506156	1.01459694	60.19421768	0.98459966	0.0788229096615671	0.0134975	9e-05
0.017	0.1155	-0.0383	0.0018308503853420514	0.002408554367752175	0.002855358656262723	1.01181555	60.02919769	0.98160469	0.015097787143782168	0.0129615	0.0001
0.0198	0.0111	-0.05	0.0018884462506578647	0.0024033183799961914	0.0028309240467348025	1.03155732	61.20044327	0.9986315	0.12326332312998586	0.011221	5e-05
0.0209	-0.0419	-0.0348	0.0018413223608540175	0.0024870941840919192	0.0028710666195306722	0.99616659	59.10077667	0.97232293	0.07785211333477222	0.0113508	0.00012
0.028	0.0146	-0.0332	0.0017016960206944712	0.002209586833024821	0.002790781473938933	0.97580904	57.89299774	0.96864066	0.09007094184091921	0.0115749	7e-05
0.0178	0.1087	-0.0279	0.0016702800941585732	0.002178170906488923	0.0026162485487395003	1.08478248	64.35820007	1.02700673	0.12146823891356141	0.0127019	0.00013
0.0148	0.108	-0.0232	0.0015166911199830724	0.002171189589480946	0.0026092672317315226	1.02987742	61.10078049	0.98905203	0.016777580409572793	0.0134599	0.00013
0.0215	0.0053	-0.0364	0.001635373509118687	0.002237512101056731	0.0027279496208671367	1.02882636	61.03841782	0.99786989	0.13778436449235068	0.0123519	7e-05
0.0253	0.0047	-0.0362	0.001864011641129944	0.0022916173078685546	0.0028361600344907856	0.99983716	59.31854248	0.97355363	0.02414768762233648	0.0148995	0.0001
0.0206	0.0732	-0.0463	0.0019774580425095754	0.0024609142453120045	0.002820452071222836	1.08687127	64.48212433	1.01747621	0.09822256510455157	0.0132111	0.0001
0.0172	0.173	-0.039	0.001895427567665842	0.0023596851486963333	0.002808234766458876	1.06047916	62.91632462	1.01297556	0.1202738438111682	0.0136788	9e-05
0.0169	0.1207	-0.0434	0.0019512781037296606	0.0023928464044842257	0.0028274333882308137	1.0134027	60.12336349	0.98525618	0.06241052068118241	0.0129837	0.0001
0.0191	-0.0048	-0.0501	0.002057743188101315	0.002432988977280095	0.0029234264970905022	1.05461597	62.56847	1.0134067	0.14653003830136063	0.0114304	8e-05
0.0187	-0.013	-0.0483	0.002129301687433082	0.0026075219024795284	0.0029949849964222694	1.01096439	59.97870255	0.97524815	0.02628249619314837	0.0112482	8e-05
0.0235	0.026	-0.0615	0.0022689280275926286	0.00249931148885588	0.002904227875318564	1.05554879	62.62381363	0.99989915	0.07392969374434502	0.0127727	0.00015
0.0231	0.1194	-0.0555	0.0020141099568014562	0.0023352505391684127	0.0028396506929947744	1.08561957	64.4078598	1.02599974	0.12397281014012144	0.0128742	0.00016
0.0221	0.0263	-0.051	0.0018605209826259553	0.0023404865269243957	0.002883283924294633	1.02130246	60.59204102	0.99243368	0.10872290966156711	0.0110195	5e-05
0.0282	-0.0069	-0.0565	0.0019826940302655584	0.0023544491609403502	0.0029408797896104456	0.9747237	57.82860565	0.9669561	0.05448657734856852	0.0112186	5e-05
0.0317	0.0153	-0.055	0.0020525072003453313	0.0023963370629882146	0.002963569069886372	0.99616486	59.10067368	0.97632509	0.03391951762017818	0.0126799	0.00016
0.0258	0.0685	-0.0632	0.0020699604928652747	0.002569124658935653	0.0029880036794142917	1.06336451	63.08750534	1.00912386	0.07803377489976505	0.0123107	0.00014
0.0253	0.1543	-0.0589	0.0019931660057775245	0.0024068090385001802	0.002981022362406315	1.05311489	62.47941589	1.00889864	0.10290457122655997	0.0143611	0.00014
0.0223	0.1282	-0.0753	0.002253220064324679	0.0026005405854715507	0.003029891581462156	1.02526629	60.82720947	0.9932581	0.0706327412287183	0.0157902	0.00019
0.018	0.0216	-0.0872	0.002361430477948328	0.0027314402793711255	0.0029967303256742636	1.05425847	62.5472641	1.00735867	0.1364135681655558	0.0136023	8e-05
0.0248	-0.0133	-0.0692	0.002143264321449037	0.0026965336943312393	0.0030421088862261168	1.00900686	59.86256409	0.9756977	0.07462256510455152	0.0138345	7e-05
0.0234	0.0012	-0.068	0.002057743188101315	0.0027593655474030345	0.0030473448739821	1.07028377	63.49801254	1.00706095	0.024779448708775006	0.0141307	0.00022
0.0198	0.0956	-0.0558	0.0020682151636132805	0.002712241657599188	0.0030717794835100195	1.08454704	64.34423065	1.02209902	0.1143015237421866	0.014155	8e-05
0.0179	0.0871	-0.0619	0.002057743188101315	0.002712241657599188	0.00308399678827398	0.98279715	58.30759048	0.96588842	0.017634464013796303	0.0141965	0.00011
0.0197	0.0028	-0.0615	0.0018936822384138475	0.00249931148885588	0.0030665434957540365	1.02795446	60.98669434	0.99287862	0.10622222054753593	0.0119857	6e-05
0.0216	-0.0089	-0.0624	0.0018832102629018814	0.0026057765732275338	0.003106686068549906	1.00307906	59.51087952	0.97343345	0.02235398163397448	0.011747	0.00011
0.021	0.0465	-0.0672	0.0019408061282176943	0.0026843163895672786	0.003043854215478111	1.01682043	60.32613373	0.97709455	0.07074837673636764	0.0129776	6e-05
0.0211	0.0814	-0.0762	0.002022836603061428	0.002665117767795341	0.0030455995447301047	1.03175259	61.2120285	0.98600293	0.04914872129338328	0.0145166	0.00013
0.0223	0.0275	-0.0732	0.0018727382873899156	0.002717477645355171	0.003035127569218139	1.04145634	61.78773499	0.99501376	0.06874650843716541	0.01305	0.00011
0.0267	0.083	-0.0552	0.0016336281798666925	0.002623229865747477	0.0030962140930379405	1.02804708	60.99219131	0.98797083	0.09762222054753594	0.0133386	0.00018
0.0215	0.166	-0.0415	0.0016650441064025902	0.0026790804018112955	0.00312413936106985	1.04589689	62.05118561	1.00052999	0.10765958653158127	0.0147177	0.00023
0.0214	0.0633	-0.0597	0.0018133970928221085	0.002617993877991494	0.0030962140930379405	1.02679527	60.91792297	0.99755098	0.13286823891356148	0.0119188	0.0001
0.023	-0.0309	-0.0513	0.0017418385934903407	0.002623229865747477	0.003110176727053895	1.03630853	61.48232269	1.00002505	0.10873785605518527	0.0125121	0.00014
0.0259	0.0222	-0.0442	0.001658062789394613	0.0025865779514555962	0.0030909781052819575	1.00194597	59.44365692	0.97734094	0.07008131700797729	0.013325	0.00011
0.024	0.0806	-0.0367	0.001514945790731078	0.0025865779514555962	0.003068288825006031	1.00319886	59.51799011	0.97746298	0.07609031394697306	0.0144317	7e-05
0.0278	0.0652	-0.0613	0.0016249015336067207	0.0025202554398798117	0.0031799898971336684	0.9775281	57.99498749	0.96747343	0.05819896632895322	0.0126929	0.0001
0.0313	-0.018	-0.0651	0.0017400932642383465	0.0025446900494077327	0.00324107642095347	1.00449228	59.59472275	0.98438582	0.1005356431989674	0.0125566	8e-05
0.0323	0.0272	-0.0587	0.0017558012275062952	0.0025446900494077327	0.0032009338481576006	1.02348304	60.72140884	0.9855151	0.05539252680319089	0.0126614	0.00015
0.0241	0.1308	-0.0494	0.001706932008450454	0.002518510110627818	0.0030229102644541784	1.08462059	64.34859467	1.03084916	0.13375363707695892	0.0170196	0.0002
0.0182	0.1319	-0.0573	0.0018797196043978928	0.0027035150113392165	0.0032026791774095948	0.9989481	59.26579666	0.97545815	0.04177807048071268	0.0133699	0.00019
0.0159	0.0519	-0.065	0.0019896753472735357	0.0028571039855147177	0.0032934362985133003	0.96966267	57.52834702	0.96658496	0.10771509190774248	0.0123708	0.00014
0.0188	-0.0241	-0.0761	0.0020699604928652747	0.002820452071222836	0.003347541505325124	0.96170342	57.05613708	0.95919537	0.09855211333477222	0.011944	9e-05
0.0211	-0.0335	-0.0735	0.002384119758224254	0.002921681167838507	0.003459242577452761	0.97354501	57.75867844	0.96363657	0.04065447170511437	0.0127705	0.00011
0.0179	0.0206	-0.0789	0.002305579941884509	0.0030211649352021846	0.003363249468593073	1.08018231	64.08528137	1.01311311	0.0764008346281555	0.0135757	0.00026
0.0136	0.1159	-0.0583	0.0021851522234969008	0.00308399678827398	0.0033981560536329595	1.07024825	63.49591064	1.01778026	0.1311083078249645	0.0138789	0.0001
0.0204	0.0639	-0.0708	0.0020176006153054447	0.002825688058978819	0.0032515483964654355	0.98469079	58.41993713	0.97188704	0.09992339973270704	0.0132123	0.00015
0.0251	0.0101	-0.0675	0.0019530234329816546	0.0026808257310632897	0.00322885911618951	0.96459758	57.22784424	0.96178682	0.07340643952576224	0.0122979	7e-05
0.028	0.0684	-0.0586	0.0018744836166419098	0.0026145032194875057	0.0031695179216217023	0.96313989	57.14136124	0.96197171	0.08031017612416681	0.0128537	0.00014
0.0208	0.1416	-0.0456	0.0016912240451825054	0.002750638901143063	0.003178244567881674	0.99474406	59.01638031	0.98129791	0.10980609496874667	0.0142717	0.00013
0.0236	0.0244	-0.0638	0.001572541656046891	0.0027314402793711255	0.0033108895910332428	0.99969321	59.31000519	0.98917088	0.151726301702956	0.0123414	0.0001
0.025	0.0057	-0.0546	0.0013892820845874865	0.002769837522915001	0.0033702307856010505	0.97192228	57.66240311	0.96509046	0.043349900478554394	0.0139076	0.00018
0.0267	0.0684	-0.0611	0.001748819910498318	0.0027279496208671367	0.0033824480903650108	1.01336145	60.12091446	0.98403405	0.09158215163613281	0.0130075	0.00022
0.0182	0.065	-0.0482	0.0015323990832510211	0.002855358656262723	0.0033196162372932147	0.99360019	58.94851685	0.97199721	0.04513308578573397	0.0145004	0.00016
0.0245	-0.0271	-0.0665	0.0016667894356545846	0.002886774582798621	0.003452261260444784	1.00485659	59.61633682	0.9859622	0.13162256510455153	0.0123609	0.0001
0.0257	-0.0028	-0.0562	0.0015481070465189703	0.0029688050576423546	0.003415609346152903	1.00134921	59.4082489	0.97667297	0.04766823891356146	0.0166087	0.00019
0.0248	0.0969	-0.0498	0.0014782938764391971	0.002930407814098479	0.0033981560536329595	1.08241391	64.21767426	1.02298323	0.1132831853071796	0.0145192	0.00029
0.0281	0.0698	-0.0609	0.0014451326206513049	0.0029024825460665696	0.0034051373706409367	1.02506089	60.81502151	0.98602462	0.04490339204138896	0.013236	0.00022
0.0274	-0.027	-0.0512	0.001335176877775662	0.002946115777366428	0.0033772121026090277	1.01946759	60.48318481	0.98729201	0.11627571211037052	0.0124289	0.0001
0.0279	0.0273	-0.0392	0.001181587903600161	0.002893755899806598	0.003303908274025266	0.99307489	58.91735077	0.97223945	0.08076263401595463	0.0154327	0.00018
0.0239	0.107	-0.0299	0.0010890854532444615	0.0028710666195306722	0.003349286834577118	1.0489198	62.23052979	1.00515437	0.10102851455917387	0.0157505	0.00016
0.0278	0.0781	-0.0504	0.001186823891356144	0.0029077185338225527	0.0035377823937925057	1.01815677	60.40541077	0.9845518	0.06944429558094753	0.0131478	0.00015
0.0293	0.008	-0.0524	0.0011746065865921838	0.002933898472602468	0.0036093408931242737	0.99419677	58.98390961	0.97531783	0.07909778714378217	0.0126767	0.00016
0.0293	0.0217	-0.0306	0.0010978120995044332	0.0029321531433504737	0.003600614246864302	0.9846971	58.42031097	0.96354934	0.03986332312998584	0.0134451	0.00011
0.0255	0.1241	-0.0262	0.0009424777960769379	0.0029146998508305304	0.003560471674068432	1.00413275	59.57339096	0.98849775	0.1212465084371654	0.0153358	0.00011
0.0273	0.0258	-0.042	0.0008517206749732328	0.0029565877528783943	0.0035674529910764093	1.0132519	60.11441422	0.99536904	0.1228813170079773	0.0144986	0.00013
0.0328	-0.0126	-0.0577	0.0010978120995044332	0.0029618237406343773	0.0037437312455278365	1.00606108	59.68779755	0.98088191	0.08098028333693053	0.0136419	0.00016
0.0312	0.0165	-0.0564	0.0011938052083641214	0.0029827676916583086	0.003701843343479973	1.01462102	60.19564438	0.97924894	0.03994124809657416	0.0137162	0.00015
0.0259	0.1304	-0.0389	0.0010629055144645468	0.0029164451800825246	0.0036145768808802567	1.03934228	61.66231537	1.0049943	0.15092443340375372	0.0147349	0.00022
0.0269	0.0769	-0.0555	0.0009424777960769379	0.002883283924294633	0.0035238197597765512	0.97536314	57.86654282	0.9650497	0.08331730476396029	0.0133025	0.00013
0.0294	-0.0176	-0.0632	0.001048942880448592	0.002975786374650332	0.003605850234620285	0.97824425	58.03747559	0.97297791	0.11874990047855435	0.0131623	0.00012
0.0297	-0.015	-0.0698	0.0012269664641520136	0.003040363556974122	0.0036582101121801144	1.06327856	63.08240509	1.00129873	0.02424803217935207	0.0147295	0.00029
0.0274	0.1007	-0.0459	0.0010332349171806431	0.0029373891311064567	0.003530801076784529	1.09954643	65.2341156	1.03170263	0.16310575041173103	0.0148043	0.00013
0.0261	0.1101	-0.0575	0.0011135200627723821	0.0030211649352021846	0.003563962332572421	1.01119924	59.99263382	0.97945487	0.032161110273767946	0.0153603	0.0003
0.0322	-0.0023	-0.0615	0.0010803588069844899	0.002855358656262723	0.003452261260444784	1.03753841	61.55529022	1.00623361	0.1380334303427495	0.0126774	0.00015
0.0366	-0.0159	-0.0552	0.0010890854532444615	0.002879793265790644	0.003492403833240653	0.97337329	57.74848938	0.96675355	0.02796519142918808	0.012839	0.00019
0.0348	0.0455	-0.0525	0.0011798425743481666	0.002883283924294633	0.0034644785652087444	1.01452219	60.18977737	0.9861184	0.07200865238198013	0.0129637	0.00017
0.0275	0.1289	-0.031	0.0010332349171806431	0.002855358656262723	0.003417354675404897	1.02015364	60.52388382	0.9931778	0.123282840750164	0.0141829	0.00027
0.0255	0.0747	-0.0543	0.000853466004225227	0.0029321531433504737	0.003298672286269283	0.98021102	58.15415955	0.97504663	0.09826228945893904	0.013397	0.00014
0.0319	-0.0145	-0.0685	0.0010733774899765126	0.002998475654926258	0.003438298626428829	0.98246646	58.2879715	0.97870161	0.13109301687433084	0.0135373	0.0002
0.0309	0.0513	-0.0563	0.0009861110273767962	0.002935643801854462	0.0033859387488689996	1.0348146	61.39369202	0.99925542	0.0891229096615671	0.0162165	0.00031
0.0238	0.1345	-0.0626	0.0010559241974565693	0.0029967303256742636	0.0034295719801688577	1.13000393	67.04110718	1.04353924	0.10532664625997162	0.019465	0.00043
0.0326	0.0233	-0.079	0.0011938052083641214	0.0029880036794142917	0.003635520831904189	1.08625078	64.4453125	1.03079651	0.1540278254451427	0.0142096	0.00018
0.0309	0.0124	-0.0738	0.001382300767579509	0.003080506129769991	0.0036337755026521943	1.06600332	63.24406052	1.00493488	0.031937166941154074	0.0154924	0.00046
0.028	0.1216	-0.0401	0.00124965574442794	0.0030927234345339517	0.0035831609543443585	1.121189	66.51812744	1.0437982	0.1555738438111683	0.0149464	0.00017
0.0218	0.1149	-0.0354	0.0014364059743913332	0.0032864549815053226	0.0036302848441482054	0.99398488	58.97134018	0.97000028	0.03898028333693055	0.0161813	0.00035
0.0257	-0.0106	-0.051	0.0015341444125030156	0.0031799898971336684	0.0036983526849759846	1.06741452	63.32778931	1.02369098	0.1586135681655558	0.0136266	0.00013
0.0271	-0.0352	-0.0523	0.0015655603390389136	0.0032306044454415038	0.003675663404700058	1.01258326	60.07474518	0.98107155	0.032535987755982994	0.013606	0.00017
0.0269	0.0277	-0.0531	0.001408480706359424	0.003118903373313867	0.0036145768808802567	1.02901995	61.04990387	0.98910558	0.08039336143134637	0.0127891	0.00011
0.0191	0.1152	-0.0723	0.0013404128655316449	0.0030752701420140084	0.0035412730522964946	1.05859959	62.8048172	1.01733252	0.12375024503556999	0.0151325	0.00025
0.0167	0.0765	-0.0618	0.0006963863715457374	0.0031764992386296795	0.003349286834577118	1.03721726	61.53623581	1.00199228	0.09846209041604775	0.0137287	0.00015
0.0171	-0.0123	-0.0665	0.0008709192967451704	0.0031730085801256907	0.003242821750205464	1.00936115	59.88358688	0.98761913	0.10812443340375379	0.0129256	0.0001
0.0153	-0.0018	-0.0713	0.0012269664641520136	0.0032969269570172887	0.0030543261909900766	1.0141288	60.16643906	0.97719418	0.05052305517569143	0.0123056	8e-05
0.0239	0.0232	-0.0729	0.0011135200627723821	0.003113667385557884	0.003227113786937515	1.05579507	62.63842773	0.99784479	0.05867467843932373	0.0141907	0.00021
0.0166	0.1332	-0.0555	0.0009651670763528643	0.0031922072018976287	0.003190461872645634	1.10362053	65.47582245	1.0386946	0.1478772358525572	0.0156176	0.00015
0.0189	0.0944	-0.0802	0.0011833332328521555	0.0033562681515850955	0.003274237676741362	1.00952971	59.89358902	0.98384417	0.08910014551412429	0.0135711	0.00017
0.0261	-0.019	-0.084	0.0012793263417118436	0.003342305517569141	0.0033231068957972035	1.03201103	61.22736359	1.00196179	0.1323412480965742	0.013555	0.0001
0.0252	-0.005	-0.0996	0.0014870205226991688	0.0034400439556808234	0.0032550390549694243	1.05707598	62.71442032	1.0026056	0.04917502299633933	0.0171824	0.00021
0.0244	0.0968	-0.0736	0.0008203047484373349	0.003312634920285238	0.0033178709080412204	1.07395744	63.71596909	1.02302797	0.17144783313646075	0.0146592	0.00017
0.0264	0.0946	-0.0803	0.0010140362954087054	0.0032079151651655774	0.003375466773357033	1.0113399	60.00098419	0.98235903	0.028702358370342167	0.014327	0.00019
0.0274	-0.0244	-0.0824	0.0011030480872604163	0.0031799898971336684	0.0032009338481576006	1.08088708	64.12709045	1.01962032	0.13667349925415265	0.012907	0.0001
0.0296	-0.0285	-0.0669	0.0009250245035569946	0.0032515483964654355	0.003193952531149623	1.01770794	60.37878418	0.97456258	0.03462817000215832	0.0125089	0.0001
0.0297	0.0461	-0.0668	0.00091106186954104	0.0031433379828417875	0.0031555552876057474	1.05769515	62.75115204	1.00654043	0.08282851455917392	0.0142824	0.0002
0.0255	0.1316	-0.0701	0.0009808750396208131	0.003115412714809878	0.0031468286413457764	1.08710146	64.49578094	1.02266771	0.09832325421858269	0.015036	0.00018
0.0256	0.0207	-0.0732	0.0009389871375729493	0.0030700341542580253	0.00312413936106985	1.02691233	60.92486572	0.99687885	0.11959778714378214	0.0124494	0.00011
0.0304	-0.0417	-0.067	0.0008831366015091308	0.0030630528372500485	0.00314857397059777	0.98766291	58.5962677	0.9729513	0.07776332312998575	0.0121783	8e-05
0.0348	0.0177	-0.0666	0.0008936085770210966	0.00294262511886244	0.0031014500807939236	0.99096584	58.79222488	0.97421002	0.07310117918517103	0.0132131	0.0002
0.0296	0.1015	-0.0744	0.0008395033702092724	0.0029653143991383657	0.003008947630438224	1.10959399	65.83022308	1.0337296	0.10526484687217248	0.0142482	0.00025
0.031	0.0336	-0.0777	0.0006213372137099814	0.0029897490086662863	0.0030246555937061734	1.04151666	61.79131699	0.99379242	0.08551543646475808	0.0125778	0.0001
0.0369	-0.0177	-0.0837	0.0008185594191853405	0.0029792770331543207	0.0031503192998497648	1.01146138	60.00819016	0.98052175	0.07986789435654579	0.013559	0.00019
0.0319	0.0011	-0.085	0.0009232791743050004	0.0031415926535897933	0.00308399678827398	1.05165005	62.39250946	0.99150837	0.04176789435654589	0.013306	0.00015
0.0306	0.0987	-0.0697	0.0008691739674931761	0.0030368728984701333	0.0030508355324860886	1.06551921	63.21534348	1.00798107	0.12379931088596877	0.0152203	0.00025
0.0284	0.0791	-0.0672	0.0007731808586334879	0.003003711642682241	0.00314857397059777	1.04738331	62.13936996	1.00119641	0.0356446401379631	0.0140845	0.00026
0.0295	0.0022	-0.0556	0.0005009094953223725	0.00308399678827398	0.0031956978604016175	1.05644214	62.67681885	1.00062348	0.10958401993533508	0.0139703	8e-05
0.0372	0.0151	-0.0546	0.000736528944341607	0.003073524812762014	0.003373721444105039	1.00489855	59.61882782	0.97135669	0.04280575041173106	0.0141323	0.00017
0.0291	0.1	-0.0505	0.0007993607974134029	0.003118903373313867	0.003267256359733385	1.07855201	63.98855209	1.01747039	0.10783377489976512	0.015785	0.00024
0.0273	0.0261	-0.0603	0.0007714355293814937	0.0032044245066615894	0.0033649947978450674	1.04233301	61.83974838	0.9920616	0.09605924197456568	0.0136979	0.00012
0.0296	-0.0126	-0.0582	0.0008604473212332044	0.0033649947978450674	0.003420845333908886	1.0039717	59.56383896	0.97733754	0.05837163095495034	0.014379	0.00017
0.0316	0.0246	-0.0442	0.0008168140899333463	0.003232349774693498	0.0033667401270970616	1.01011014	59.92802429	0.98378086	0.06471917306316259	0.0161601	0.00015
0.0258	0.1147	-0.0477	0.0007243116395776468	0.003227113786937515	0.0033283428835531865	1.04580712	62.04586029	1.00881761	0.10620678408277787	0.0156689	0.00024
0.028	0.0309	-0.0728	0.0008639379797371932	0.003153809958353753	0.0033580134808370897	1.01394534	60.15555573	0.99163582	0.12323003830136056	0.0124182	0.00011
0.0291	-0.0093	-0.0692	0.0007557275661135446	0.0032044245066615894	0.0033807027611130165	0.99136573	58.81594849	0.96562274	0.0539757121103706	0.0120212	0.0001
0.0307	0.0065	-0.0794	0.0008761552845011534	0.003186971214141646	0.003375466773357033	1.06118369	62.95812225	0.9960003	0.034755849933176784	0.0141547	0.00038
0.0272	0.0911	-0.0617	0.0009023352232810684	0.00325329372571743	0.0033318335420571745	1.08783853	64.539505	1.0205937	0.11260678408277788	0.0136899	0.00011
0.0286	0.035	-0.0727	0.0010786134777324957	0.0033248522250491977	0.003384193419617005	1.00794625	59.79964066	0.98190359	0.08350983156715126	0.0150811	0.00025
0.0304	-0.0242	-0.0797	0.0011571532940722405	0.0032794736644973454	0.0033894294073729884	1.03668642	61.50474548	0.99088299	0.07445771823237901	0.0145464	0.00015
0.0315	-0.0169	-0.0633	0.0010088003076527223	0.003307398932529255	0.003412118687648914	1.02473557	60.79572296	0.97770621	0.03474837673636766	0.0129455	8e-05
0.0242	0.0775	-0.0572	0.0010838494654884787	0.0033143802495372316	0.0033196162372932147	1.04010057	61.70729828	1.00011773	0.11652664625997163	0.0138664	0.00017
0.0243	0.0711	-0.0609	0.0009896016858807848	0.0032218777991815323	0.0032882003107573173	1.02870822	61.03141022	0.98740026	0.02110830782496453	0.0131218	0.00014
0.0226	-0.0199	-0.0691	0.0009546951008408983	0.0031730085801256907	0.0031695179216217023	1.0068382	59.73390198	0.98314533	0.11102290966156712	0.013143	0.00015
0.0263	-0.0416	-0.0679	0.0009773843811168245	0.003199188518905606	0.003239331091701475	0.96581018	57.29978561	0.95692967	0.032534119456780704	0.0133788	0.0001
0.025	0.0058	-0.0748	0.001054178868204575	0.003270747018237374	0.003220132469929538	1.05934262	62.84889984	1.00173505	0.06397758040957277	0.0138711	0.00025
0.0187	0.1029	-0.0576	0.000895353906273091	0.0033353242005611634	0.0032480577379614467	1.08026087	64.0899353	1.01626497	0.13316637061435913	0.0138788	0.00012
0.0218	0.0348	-0.0742	0.0012130038301360591	0.003455751918948773	0.0033615041393410786	0.99017072	58.74505234	0.97392935	0.11537620218151048	0.0143635	0.00013
0.0262	-0.0594	-0.0741	0.0011711159280881952	0.003300417615521277	0.003338814859065152	1.01983762	60.5051384	0.99438667	0.1096955742875643	0.0136613	7e-05
0.0275	-0.0358	-0.0726	0.0010803588069844899	0.0032864549815053226	0.0032864549815053226	1.0143168	60.17759705	0.98028761	0.03425398163397447	0.0134973	0.00012
0.0238	0.0687	-0.0546	0.0009459684545809266	0.0032934362985133003	0.003220132469929538	1.0454638	62.02548981	1.00141975	0.13658470904936623	0.013566	7e-05
0.0201	0.0772	-0.065	0.0009529497715889039	0.003375466773357033	0.003262020371977402	0.95795619	56.83382034	0.95325362	0.029144984694978712	0.0139745	0.00013
0.024	-0.0264	-0.0678	0.0007295476273336296	0.003316125578789226	0.0032637657012293962	1.00660908	59.72031021	0.9908007	0.1245244334037538	0.0136859	0.00014
0.0146	-0.0296	-0.0694	0.0007470009198535729	0.002933898472602468	0.003157300616857742	0.97794878	58.01994705	0.96825897	0.039507274153917776	0.0126766	0.00012
0.0193	0.0733	-0.0675	0.0006736970912698113	0.003321361566545209	0.0032812189937493396	1.01833749	60.41613388	0.99945339	0.138734264970905	0.014318	0.00019
0.0172	0.1089	-0.0652	0.0006265732014659643	0.0035395277230445004	0.003307398932529255	0.96219456	57.08527756	0.95989925	0.054573499254152696	0.0146148	0.00024
0.0219	0.0071	-0.0816	0.0006527531402458793	0.0033946653951289706	0.0032096604944175725	0.98525786	58.45357895	0.97813648	0.13633903524035637	0.01335	0.00017
0.0051	-0.0036	-0.0862	0.0007086036763096977	0.0036337755026521943	0.002855358656262723	0.99636775	59.11270905	0.9845988	0.06456312408709455	0.014774	0.00047
0.0002	-0.0055	-0.1095	0.00011344640137963142	0.0036896260387160127	0.002239257430308725	1.03686905	61.51557922	1.02081624	0.09345545184739416	0.0154194	0.00064
-0.0857	-0.0295	0.0419	-0.00233001455141243	0.005131268000863328	0.0011449359893082802	1.37559497	81.6115799	1.31875941	0.510271217796991	0.0273499	0.01419
-0.1052	-0.113	0.148	-0.0042603487041181585	0.007847000316966505	0.0018151424220741027	1.45333815	86.22394562	1.39640281	0.47491364507873635	0.0426555	0.03832
-0.1231	-0.0044	0.0039	-0.0006597344572538566	0.003710569989739945	-0.00016406094968746698	1.65240753	98.03437042	1.53179814	0.7564123972926214	0.0223847	0.00391
-0.1328	-0.0858	-0.0552	0.00038571776469074686	0.0038187804033635933	-0.0011309733552923255	1.17083025	69.46325684	1.09843339	0.25622875205865553	0.0194066	0.00159
-0.157	-0.1317	-0.0327	0.0005445427266222308	0.00415213829049451	-0.0010314895879286487	1.0472883	62.13373184	1.00622639	0.12218333082130388	0.0213668	0.00234
-0.1138	-0.1113	-0.0309	0.0013543754995475996	0.0039514254265151615	-0.0005707226654021458	1.0338279	61.33515549	1.01319738	0.13896562797156103	0.0164333	0.00063
-0.1123	-0.0119	-0.0152	0.001450368608407288	0.003841469683639519	-0.000890117918517108	1.05421412	62.54463196	1.02166633	0.14286720524251464	0.0162915	0.00068
-0.1054	0.0289	-0.0088	0.0007190756518216638	0.0037489672332838195	-0.0007033676885537148	1.00098455	59.38661575	0.98559089	0.10462728184523584	0.0153868	0.00068
-0.0984	-0.0929	-0.028	0.0008150687606813518	0.0036093408931242737	-0.000466002910282486	0.98571938	58.48096085	0.98105056	0.17164921136452313	0.0148805	0.00039
-0.0911	-0.1057	-0.0229	0.0007749261878854823	0.0034871678454846703	-0.00038397243543875244	0.95598376	56.71680069	0.95452766	0.03741730476396032	0.014414	0.00037
-0.0858	-0.059	-0.0217	0.00046425758103049166	0.0033108895910332428	-0.0003717551306747922	1.01959217	60.49057388	0.98600659	0.07815820830351891	0.0141129	0.00036
-0.0862	0.032	-0.0094	-0.00012740903539558605	0.0031922072018976287	-0.00033335788713091696	1.03016007	61.1175499	1.00161913	0.14113731245527836	0.0152581	0.00086
-0.0846	0.0163	-0.0245	-6.981317007977319e-05	0.003166027263117714	-0.0003665191429188092	0.99614412	59.09944153	0.97665878	0.038246852994181006	0.015823	0.00063
-0.0801	-0.1209	-0.0228	-7.330382858376184e-05	0.003077015471266003	-0.00038048177693476387	1.0498358	62.28487396	1.02591912	0.1487232542185827	0.0173745	0.00049
-0.0733	-0.0952	-0.0266	0.0002617993877991494	0.003106686068549906	-0.00023387411976724014	0.96905404	57.49223709	0.96413102	0.06186907354171689	0.0146271	0.00035
-0.0754	-0.041	-0.0033	-4.71238898038469e-05	0.0030630528372500485	-0.00014660765716752367	1.03241622	61.25139999	0.99337928	0.10159114857512852	0.0156021	0.00039
-0.0836	0.0594	-0.0055	0.00022340214425527416	0.0033248522250491977	-0.00015184364492350666	1.04757595	62.15080261	1.0104581	0.13767807048071268	0.0140961	0.00058
-0.079	-0.0642	-0.0273	0.0003647738136668148	0.0032061698359135836	-0.00011519173063162575	1.00907373	59.86653519	0.99740881	0.16483529864195176	0.0138919	0.00031
-0.0769	-0.1684	-0.0283	0.000450294947014537	0.003164281933865719	-0.0002251474735072685	1.0070101	59.74410248	0.98651487	0.1191682389135615	0.015176	0.00046
-0.0693	-0.1177	-0.0188	0.0004468042885105483	0.0030525808617380824	-0.00029496064358704166	0.98183686	58.25061798	0.96848561	0.0770502450355699	0.0129203	0.00021
-0.0793	-0.0159	-0.0051	0.00018500490071139895	0.002925171826342496	-0.0005759586531581287	1.11930895	66.40659332	1.04107999	0.15901032163829115	0.0156941	0.00052
-0.0816	0.0191	-0.02	0.0006300638599699529	0.003040363556974122	-0.0005410520681182421	1.06835055	63.38331985	1.00927284	0.08195786374650334	0.0134251	0.00035
-0.0767	-0.0972	-0.0298	0.000731292956585624	0.003043854215478111	-0.0004537856055185257	1.0333277	61.30547714	1.00109561	0.1405993108859688	0.0130991	0.00015
-0.0742	-0.0828	-0.0293	0.0008464846872172499	0.003164281933865719	-0.0004014257279586958	1.03072822	61.15125656	0.98515751	0.03179896632895318	0.0138251	0.00026
-0.0716	-0.0356	-0.0261	0.0008063421144213803	0.0032061698359135836	-0.0003316125578789226	1.03976226	61.68722534	0.98936866	0.06059218224617537	0.0124512	9e-05
-0.0637	0.0173	-0.0284	0.000439822971502571	0.002858849314766712	-0.00035604716740684323	1.00717282	59.75375748	0.98237633	0.10001371367968007	0.0129434	0.00017
-0.0674	-0.0021	-0.0359	0.0003298672286269283	0.002904227875318564	-0.00029845130209103034	1.0114131	60.0053215	0.98330405	0.041246508437165375	0.0131431	0.00017
-0.0684	-0.0928	-0.04	0.0003787364476827695	0.002921681167838507	-0.00023387411976724014	1.01052964	59.95291138	0.99263481	0.10234498469497874	0.0133761	0.00021
-0.076	-0.0221	-0.0138	0.000317649923862968	0.003029891581462156	-0.0002740166925631097	1.02770495	60.9718895	1.00072065	0.11497197551196597	0.0135194	0.00041
-0.0748	-0.0728	-0.0236	0.00026354471705114377	0.003106686068549906	-0.00017453292519943296	1.00553191	59.6564064	0.98905134	0.07321917306316254	0.0149259	0.00023
-0.0718	-0.1654	-0.0402	0.0005375614096142535	0.0032306044454415038	-0.00015009831567151235	1.04239035	61.84315109	1.0015491	0.1333184839491314	0.0142364	0.00044
-0.0678	-0.1148	-0.0401	0.00032812189937493397	0.003077015471266003	-0.00016929693744344995	1.109254	65.81005096	1.02837393	0.07381135530933788	0.0173747	0.00065
-0.0694	0.029	-0.0223	0.00023387411976724014	0.003120648702565861	-0.00015707963267948963	1.16646457	69.20424652	1.07568	0.17070491578357563	0.0142896	0.00028
-0.0718	0.0536	-0.0263	0.0006440264939859076	0.0032934362985133003	-0.00014311699866353502	1.0290308	61.05054855	0.99445986	0.060845130209103065	0.0152873	0.00046
-0.0695	-0.0609	-0.0214	0.0005235987755982988	0.0031695179216217023	-0.000148352986419518	1.07578254	63.82424927	1.02970473	0.13417910415175952	0.0143762	0.00021
-0.0654	-0.0962	-0.0301	0.0007766715171374765	0.0031922072018976287	-1.9198621771937625e-05	1.05779588	62.75713348	1.00355549	0.06834581932313422	0.0121523	0.00016
-0.0634	-0.0491	-0.011	0.0006387905062299246	0.00326551103048139	9.250245035569947e-05	1.05023718	62.30868912	0.99599393	0.08434429558094753	0.0138465	9e-05
-0.0657	0.0168	-0.0067	0.0005672320068981572	0.0032724923474893677	6.45771823237902e-05	1.03439867	61.36901855	0.99711573	0.0778232542185827	0.0163897	0.00021
-0.0676	0.0092	-0.0184	0.0007644542123735164	0.0033143802495372316	0.00019198621771937622	1.03692567	61.51893997	0.99594729	0.03952595714594045	0.0113255	0.00011
-0.0615	-0.1114	-0.0337	0.0009128071987930344	0.0032498030672134413	0.00027576202181510406	1.03193104	61.2226181	1.00643933	0.15683529864195178	0.0113575	0.00014
-0.054	-0.0958	-0.0659	0.001244419756671957	0.0031712632508736965	0.00022689280275926284	1.02214408	60.6419754	0.99223177	0.07825107966372542	0.0109093	0.00011
-0.0549	-0.0655	-0.0889	0.0012636183784438947	0.0029775317039023265	0.0001884955592153876	1.02184582	60.62427521	0.98116994	0.06676637061435915	0.010573	8e-05
-0.064	0.0245	-0.076	0.0013177235852557187	0.0030909781052819575	9.948376736367679e-05	1.03244305	61.25299072	0.9968597	0.12482817000215828	0.0133227	0.00011
-0.0657	-0.0778	-0.09	0.001329940890019679	0.0030647981665020423	9.599310885968811e-05	1.07633793	63.85720062	1.02108672	0.1200943951023932	0.011916	0.00013
-0.0534	-0.0848	-0.1002	0.0017086773377024485	0.0031381019950858045	0.00027925268031909274	1.01668036	60.3178215	0.98369787	0.06126499238629682	0.0115666	0.0001
-0.0481	0.068	-0.076	0.001837831702350029	0.002855358656262723	0.00048520153205442357	1.09508467	64.96940613	1.04393355	0.21319232776029964	0.0108931	9e-05
-0.0541	0.04	-0.084	0.0020350539078253884	0.0032340951039454926	0.0003665191429188092	0.9932608	58.92837906	0.97460966	0.07673205211468717	0.0111988	9e-05
-0.0485	-0.0633	-0.1036	0.0026354471705114374	0.003532546406036523	0.0005218534463463045	1.01162159	60.01769638	0.99584635	0.18120894341022875	0.0115773	0.0001
-0.0407	-0.0719	-0.1049	0.0026511551337793865	0.003239331091701475	0.00047822021504644627	0.98686415	58.54887772	0.97164951	0.03532782544514276	0.011728	0.00018
-0.046	0.0116	-0.1138	0.002883283924294633	0.0031852258848896514	0.0004136430327226561	1.08215415	64.20226288	1.01777881	0.11524055898254303	0.0121517	0.0002
-0.0487	0.0962	-0.1037	0.0024277529895241124	0.0030229102644541784	0.0003892084231947355	1.06202543	63.00806046	1.01468279	0.1295140582366957	0.0124284	0.00018
-0.0433	-0.0288	-0.1175	0.002766346864411012	0.002981022362406315	0.00038571776469074686	1.05478859	62.57871246	1.01835402	0.1633986217719376	0.012521	0.0003
-0.0428	-0.0723	-0.1103	0.0029880036794142917	0.0029513517651224112	0.00034557519189487725	1.03785706	61.57419968	0.99145267	0.06577349925415264	0.0121351	0.00018
-0.0432	-0.0475	-0.1031	0.002645919146023404	0.0030979594222899347	0.0005166174585903216	1.05058348	62.32923508	0.99654409	0.06538672286269277	0.014016	0.00015
-0.0463	0.0455	-0.0835	0.0023160519173964756	0.002949606435870417	0.000598647933434055	1.03283679	61.27635193	0.99756464	0.14371253449450896	0.0139226	0.00012
-0.0506	0.041	-0.0941	0.002617993877991494	0.0031799898971336684	0.0006649704450098395	0.98604584	58.50032806	0.96898748	0.049332396671702715	0.0174851	0.00031
-0.0429	-0.093	-0.1013	0.00294262511886244	0.0032131511529215613	0.0008115781021773631	1.04506207	62.00165939	1.020362	0.17412000769131808	0.0136533	0.00018
-0.0373	-0.0459	-0.1112	0.003159045946109736	0.003235840433197487	0.0008552113334772215	1.00122404	59.4008255	0.98017497	0.07673716694115398	0.0125488	0.00012
-0.0406	0.0307	-0.0959	0.003157300616857742	0.003237585762449481	0.0007749261878854823	1.0327493	61.27116394	0.99705156	0.09938879020478637	0.0124816	0.00016
-0.0422	0.078	-0.0964	0.003220132469929538	0.0032829643230013338	0.0009128071987930344	1.01956546	60.48898697	0.9910472	0.06170457122656005	0.0133704	0.00018
-0.0391	-0.0706	-0.0973	0.003190461872645634	0.003309144261781249	0.0010262536001726657	1.08101261	64.13453674	1.03226509	0.1610648468721725	0.0114899	0.00011
-0.0314	-0.0765	-0.0942	0.003262020371977402	0.00334579617607313	0.0010663961729685354	0.98927253	58.69176483	0.96973396	0.024117649320975928	0.0116299	0.00013
-0.0327	-0.02	-0.0971	0.0032759830059933565	0.003235840433197487	0.0008691739674931761	1.09242189	64.81143188	1.01522487	0.07675702911834782	0.0127577	0.00037
-0.0431	0.0763	-0.0879	0.003110176727053895	0.003190461872645634	0.00028274333882308137	1.08627641	64.44683075	1.02647079	0.15578077340807048	0.0131181	0.00021
-0.0434	-0.0367	-0.0972	0.002963569069886372	0.0031311206780778272	0.000317649923862968	1.0202117	60.52732849	0.99387725	0.13464277183876083	0.0128666	0.00015
-0.0437	-0.1394	-0.0971	0.0028152160834668534	0.0030525808617380824	0.0002530727415391778	1.04478955	61.98548889	1.00769746	0.11767349925415264	0.0134083	0.00019
-0.0405	-0.1101	-0.0834	0.0021013764194011725	0.0028710666195306722	0.00011344640137963142	1.03185165	61.21790695	0.99798509	0.09794901232163186	0.0126535	0.00016
-0.0433	-0.0106	-0.07	0.0016982053621904826	0.0027349309378751144	-2.094395102393195e-05	1.06949997	63.4515152	1.02030832	0.14938485456349057	0.0118639	0.00011
-0.0442	0.0198	-0.0598	0.0016179202165987434	0.002663372438543347	0.00010995574287564276	0.99155426	58.82713318	0.9693336	0.05563716694115409	0.011582	5e-05
-0.0358	-0.0748	-0.0776	0.0015376350710070042	0.0025761059759436306	0.0002530727415391778	0.98469335	58.42008972	0.97787152	0.13633343034274953	0.0109037	4e-05
-0.0321	-0.1025	-0.0749	0.0014800392056911916	0.0025918139392115793	0.0004049163864626844	0.98906457	58.67942429	0.97126695	0.0453573736753634	0.0117897	0.00012
-0.0313	-0.025	-0.0838	0.001410226035611418	0.0025603980126756814	0.0005096361415823442	1.08241296	64.21762085	1.01274988	0.09749744258676656	0.0116513	0.00012
-0.034	0.0383	-0.0678	0.001308996938995747	0.0026092672317315226	0.0005759586531581287	1.03845346	61.60957718	0.99364466	0.09282104136236485	0.0110609	8e-05
-0.0288	-0.0455	-0.0801	0.001408480706359424	0.002659881780039358	0.0006335545184739417	1.03636253	61.48553085	0.99826825	0.11168470904936625	0.0120471	0.00012
-0.0256	-0.0646	-0.0817	0.0014329153158873448	0.0026145032194875057	0.0005619960191421741	1.04431617	61.95740128	0.99335077	0.03096858347057703	0.012036	0.00019
-0.0251	0.0269	-0.0677	0.0011257373675363424	0.0023753931119642824	0.000582939970166106	1.06437624	63.1475296	1.01484391	0.13436160034490785	0.0112758	6e-05
-0.0301	0.0358	-0.0692	0.0011885692206081383	0.0025045474766118626	0.0005497787143782138	0.99835521	59.23062134	0.97512682	0.02665737367536341	0.0125144	0.00015
-0.0279	-0.111	-0.081	0.0012740903539558604	0.0023963370629882146	0.0005026548245743669	1.06412864	63.1328392	1.02897079	0.1728427718387608	0.0120765	0.00011
-0.0264	-0.1598	-0.0775	0.0013334315485236678	0.002469640891571976	0.00042236967898262774	0.99574769	59.07592392	0.97845378	0.0644465084371654	0.0128415	0.00016
-0.0246	-0.1082	-0.0626	0.0011222467090323538	0.0024452062820440558	0.0004939281783143952	1.02539456	60.83481979	0.99532657	0.08365889741755006	0.0119762	0.00014
-0.0226	-0.0036	-0.038	0.0007853981633974483	0.0023230332344044524	0.0006789330790257941	1.03553832	61.43662643	0.99793176	0.16340132469929539	0.0109901	6e-05
-0.0243	0.0257	-0.0565	0.0009686577348568529	0.0024120450262561633	0.0006475171524898963	0.97036082	57.569767	0.96239124	0.06468436449235067	0.0112095	7e-05
-0.0212	-0.0666	-0.0617	0.001192059879112127	0.0024190263432641405	0.000726056968829641	1.02137923	60.59659576	0.9945759	0.1160461638801498	0.0108092	6e-05
-0.026	-0.0226	-0.0601	0.0012514010736799342	0.0024120450262561633	0.0005951572749300663	1.06764197	63.34128189	1.00130671	0.060261110273767966	0.01199	0.00017
-0.0215	0.07	-0.0436	0.001075122819228507	0.0023230332344044524	0.0007033676885537148	1.07221413	63.61253738	1.01593248	0.1322750229963393	0.0124269	0.0001
-0.0223	0.0285	-0.047	0.001298524963483781	0.0023771384412162766	0.0006719517620178169	1.06791508	63.35748672	1.00949832	0.06114616388014981	0.0146634	0.00035
-0.0232	-0.0613	-0.0389	0.0014608405839192536	0.002457423586808016	0.0007155849933176752	1.07192338	63.59528732	1.01692642	0.11311169986635353	0.0106995	8e-05
-0.0207	-0.0549	-0.0381	0.0015306537539990272	0.002366666465704311	0.0006265732014659643	1.01723838	60.35092926	0.97897131	0.022179104151759475	0.0119394	0.00026
-0.0251	0.016	-0.0339	0.001408480706359424	0.0023474678439323734	0.0005672320068981572	1.06376719	63.11139679	1.00838909	0.08953564319896738	0.0115194	0.00013
-0.0277	-0.0614	-0.0373	0.001377064779823526	0.002464404903815993	0.0005637413483941684	1.0152539	60.23318863	0.98198454	0.09099218224617528	0.0106131	7e-05
-0.0232	-0.1379	-0.0467	0.0015254177662430443	0.00244695161129605	0.0006265732014659643	1.00737751	59.76589966	0.98226749	0.10183190660056282	0.0121169	0.00012
-0.0216	-0.1149	-0.0421	0.001574286985298885	0.0024452062820440558	0.0006998770300497262	1.02647853	60.89913177	0.99046774	0.03539591884457983	0.0130125	0.00011
-0.0285	-0.0021	-0.0334	0.0015690509975429022	0.0025865779514555962	0.000619591884457987	1.0850904	64.37646484	1.02733533	0.13974464013796312	0.0145898	9e-05
-0.0241	0.0164	-0.0399	0.001668534764906579	0.0026022859147235454	0.0008848819307611251	1.00239038	59.47002029	0.97963209	0.04842408884673821	0.0118721	6e-05
-0.0194	-0.0792	-0.0451	0.0017139133254584315	0.0026022859147235454	0.0009634217471008699	1.03628063	61.48067093	1.00126721	0.11169591884457988	0.0112523	6e-05
-0.0228	-0.062	-0.048	0.0016650441064025902	0.0027157323161031764	0.0008552113334772215	1.03848124	61.61122894	0.99338835	0.037026301702956045	0.0145649	0.00013
-0.0219	0.0784	-0.0481	0.0017313666179783749	0.0026406831582674204	0.0008970992355250854	1.0938673	64.89718628	1.04089765	0.15056297857297024	0.0101839	8e-05
-0.026	0.0179	-0.0541	0.0016458454846306526	0.002569124658935653	0.0008517206749732328	0.99846387	59.23706818	0.97758331	0.0807229096615671	0.00920027	7e-05
-0.0151	-0.0846	-0.0723	0.0016039575825827887	0.0024731315500759648	0.0008063421144213803	0.99156862	58.82798767	0.98301662	0.14076297857297024	0.0092212	7e-05
-0.0139	-0.0748	-0.0674	0.001408480706359424	0.002436479635784084	0.0007627088831215222	0.99715358	59.15933228	0.97294153	0.029688101090755172	0.00989354	0.00013
-0.0185	-0.0286	-0.0697	0.001509709802975095	0.002530727415391778	0.0007016223593017205	1.08027732	64.09091187	1.00841381	0.06592817000215832	0.00957471	0.00012
-0.0235	0.0633	-0.0512	0.0015219271077390555	0.0025569073541716926	0.0006911503837897545	1.05894387	62.82523727	1.00998657	0.11784346095279204	0.00994039	7e-05
-0.0286	0.0419	-0.044	0.0020594885173533086	0.0027419122548830916	0.0007173303225696694	1.02977228	61.09453964	0.99390113	0.07113731245527835	0.0109902	0.00015
-0.0252	-0.1048	-0.0524	0.0022183134792847924	0.0026162485487395003	0.0007679448708775049	1.10466301	65.53767395	1.05167254	0.17525516081914555	0.0114048	0.0001
-0.021	-0.1064	-0.0617	0.0023492131731843676	0.0024975661596038853	0.000778416846389471	1.02662504	60.90781784	0.98823249	0.0281027029273578	0.00991493	0.0001
-0.0187	-0.076	-0.0508	0.00222529479629277	0.002453932928304027	0.0008988445647770796	0.99868685	59.25029755	0.96886647	0.05799896632895321	0.00929129	5e-05
-0.0176	0.0124	-0.0514	0.002143264321449037	0.002368411794956305	0.0008098327729253688	1.00545263	59.65169907	0.98214047	0.1029281700021583	0.00982332	5e-05
-0.0227	0.0567	-0.061	0.002015855286053451	0.002469640891571976	0.0008063421144213803	1.02535176	60.83227921	0.98716042	0.07060643952576225	0.00995559	9e-05
-0.0196	-0.055	-0.0666	0.0019949113350295183	0.002398082392240209	0.0008290313946973065	1.03223431	61.24061203	1.00010295	0.12615958653158127	0.00909764	7e-05
-0.0176	-0.0674	-0.0634	0.0020734511513692635	0.002385865087476248	0.0007592182246175333	1.01843441	60.42188644	0.97821625	0.02562851455917396	0.009193	0.00011
-0.0213	-0.0088	-0.0414	0.001785471824790199	0.0023771384412162766	0.0007225663103256524	1.01343465	60.12525558	0.98137226	0.10096789435654582	0.0104274	0.00011
-0.0215	0.0412	-0.0514	0.0018849555921538759	0.002490584842595908	0.0006649704450098395	1.03188133	61.21966934	0.9900833	0.07372630170295606	0.0101027	6e-05
-0.0155	-0.0908	-0.0584	0.0018029251173101424	0.002261946710584651	0.0006230825429619757	1.08134305	64.15414429	1.02298825	0.16262782544514276	0.00988549	0.00014
-0.0162	-0.0863	-0.047	0.0019111355309337906	0.0023352505391684127	0.0006108652381980154	1.01904893	60.45834732	0.97681647	0.02628657734856852	0.00935519	6e-05
-0.0148	-0.0341	-0.0374	0.001820378409830086	0.002305579941884509	0.0006370451769779302	0.99724972	59.16503525	0.97201482	0.07053038285837616	0.009085	9e-05
-0.0172	0.0273	-0.0344	0.001759291886010284	0.0023404865269243957	0.0006230825429619757	1.02693403	60.92615128	0.98658852	0.07229778714378214	0.00996709	6e-05
-0.0128	-0.0871	-0.0461	0.0017941984710501708	0.002309070600388498	0.0006754424205218055	1.06097043	62.9454689	1.01346196	0.13643411945678072	0.00958794	7e-05
-0.0117	-0.0735	-0.0379	0.0017243853009703976	0.0023928464044842257	0.0007033676885537148	1.00099242	59.38708115	0.96679946	0.031975712110370515	0.00939637	5e-05
-0.0108	-0.0147	-0.0331	0.0017034413499464657	0.002324778563656447	0.0007243116395776468	1.00400007	59.56552505	0.97689389	0.06999778714378214	0.0101532	0.00011
-0.0165	0.0312	-0.0343	0.0014852751934471744	0.0024242623310201236	0.0006963863715457374	1.04471493	61.98106003	1.00076564	0.07007875959474384	0.0122779	9e-05
-0.0152	-0.0521	-0.0427	0.0015515977050229591	0.002385865087476248	0.0007731808586334879	1.06477094	63.17094803	1.01363473	0.10207571211037055	0.0106835	0.00014
-0.0399	-0.1851	-0.0101	0.0005969026041820607	0.0028152160834668534	0.0008709192967451704	1.49614525	88.76361084	1.32243465	0.26438922674715926	0.0286524	0.0106
-0.0188	-0.1008	-0.0354	0.0013124875974997359	0.002617993877991494	0.0007801621756414653	1.42839408	84.7440567	1.27074545	0.18087821599483692	0.01232	0.00064
-0.0201	-0.0242	-0.0333	0.0011728612573401894	0.002438224965036078	0.0007452555906015787	1.08464897	64.35027313	1.02810202	0.09771509190774243	0.010047	8e-05
-0.0363	-0.0612	-0.0322	0.0006894050545377602	0.0028728119487826664	0.0007819075048934597	1.21733582	72.22235107	1.13064315	0.10203475504204491	0.017326	0.00356
-0.0557	-0.2467	-0.0208	0.0005009094953223725	0.0033248522250491977	0.000731292956585624	1.28199053	76.05819702	1.18501663	0.25085751918948773	0.024568	0.00946
-0.0375	-0.1294	-0.0273	0.0006841690667817771	0.003337069529813158	0.0007435102613495844	1.21056294	71.82052612	1.13304791	0.15238470904936627	0.0221317	0.00741
-0.0207	-0.0649	-0.0357	0.0011257373675363424	0.0029024825460665696	0.0009250245035569946	1.26271403	74.91455841	1.16639938	0.14258347633542817	0.0119414	0.00024
-0.026	0.0553	-0.0497	0.001254891732183923	0.0029024825460665696	0.0007714355293814937	1.06588769	63.23720169	1.02576246	0.1536371669411541	0.0124006	0.00021
-0.0278	-0.0822	-0.0651	0.0015428710587629874	0.0029024825460665696	0.0006771877497737998	1.04568243	62.03846359	1.02040207	0.17381135530933792	0.0109856	0.00023
-0.0256	-0.1495	-0.0494	0.0016004669240788003	0.002802998778702893	0.0007906341511534313	1.0094943	59.89148712	0.9894472	0.09872630170295603	0.0119572	0.00015
-0.0243	-0.0943	-0.0472	0.001726130630222392	0.0027925268031909274	0.0006894050545377602	1.03439116	61.36857224	0.99119594	0.07056823891356143	0.00999606	0.00013
-0.0282	0.0211	-0.0769	0.0017540558982543013	0.002617993877991494	0.0002303834612632515	1.04997063	62.29286957	1.01913464	0.18207398932529256	0.0109901	0.00013
-0.0267	-0.0318	-0.0746	0.0015638150097869194	0.002509783464367846	0.0001012290966156711	1.04139376	61.78402328	1.00374265	0.07808028333693051	0.0160876	0.00018
-0.0204	-0.1201	-0.0789	0.0017837264955382047	0.0024853488548399255	0.0002495820830351891	1.02105272	60.57722855	0.99558261	0.11853495408493615	0.0107537	0.00015
-0.0154	-0.1271	-0.0582	0.0017191493132144146	0.0024277529895241124	0.00033335788713091696	0.99159437	58.82951355	0.97200398	0.04299744258676654	0.0101664	9e-05
-0.0124	-0.0704	-0.045	0.0014940018397071458	0.002384119758224254	0.00034906585039886593	1.01768112	60.37719345	0.98683553	0.08712443340375381	0.0107333	0.00012
-0.0145	0.0483	-0.0384	0.0015062191444711063	0.002380629099720265	0.00034906585039886593	1.06349993	63.09553909	1.01570783	0.12818539816339747	0.0110745	0.00011
-0.0158	-0.0074	-0.0686	0.0016441001553786586	0.0024713862208239705	0.000322885911618951	0.99834388	59.22994995	0.97904084	0.09994090353955865	0.0105969	7e-05
-0.0089	-0.1312	-0.0738	0.0014329153158873448	0.002129301687433082	0.00018675022996339323	1.05087113	62.34629822	1.01936589	0.17037025272688802	0.0120658	0.00011
-0.0085	-0.1105	-0.0727	0.0014311699866353504	0.0019949113350295183	0.0001256637061435917	1.03543961	61.43077087	0.98907442	0.03206111027376799	0.0116175	0.00017
-0.0207	-0.0142	-0.0706	0.001450368608407288	0.0019093902016817967	-0.0005323254218582705	1.07746232	63.92390823	1.01853354	0.14873544415607606	0.0116955	0.00011
-0.0303	-0.0166	-0.0766	0.0014346606451393388	0.001963495408493621	-0.000726056968829641	1.02103424	60.5761261	0.98394709	0.0311772358525572	0.0139308	0.00032
-0.0287	-0.125	-0.0726	0.0013194689145077131	0.00204378055408536	-0.00062482787221397	1.09552073	64.9952774	1.02966433	0.12883529864195178	0.0132329	0.00033
-0.0255	-0.1391	-0.034	0.0007976154681614085	0.0022479840765686964	-0.000317649923862968	1.05797243	62.76760864	1.00485392	0.10756174585903217	0.0135503	0.0001
-0.0197	-0.0874	-0.0335	0.0010419615634406148	0.0020856684561332234	-0.0001937315469713706	1.03882015	61.63133621	0.99624293	0.08452900463031382	0.0119447	0.00025
-0.0247	0.0095	-0.0321	0.0011536626355682519	0.0021537362969610025	-0.00014311699866353502	1.06965458	63.46068954	1.01628361	0.11481917306316258	0.0107311	9e-05
-0.0278	-0.0672	-0.0373	0.001090830782496456	0.002150245638457014	-0.0002705260340591211	1.01396322	60.15662003	0.98137648	0.09468657734856852	0.0101986	7e-05
-0.0243	-0.1312	-0.0513	0.00119729586686811	0.0020210912738094335	-0.0003630284844148205	0.99387306	58.96470642	0.97728481	0.09790609496874672	0.0118212	7e-05
-0.0216	-0.0977	-0.0506	0.0011885692206081383	0.0019949113350295183	-0.0004520402762665313	1.01487947	60.21097565	0.9876745	0.043095918844579896	0.0122058	0.00011
-0.0288	-0.0305	-0.0555	0.0010332349171806431	0.002001892652037496	-0.0005462880558742252	1.06710494	63.30942154	1.01123545	0.09212817000215832	0.0115632	7e-05
-0.0299	0.0182	-0.0719	0.0011362093430483087	0.001996656664281513	-0.000582939970166106	1.00882566	59.85181808	0.98367912	0.07344311639577648	0.0132056	6e-05
-0.0299	-0.1142	-0.081	0.0012758356832078548	0.0020298179200694054	-0.0005794493116621174	1.07649326	63.86641312	1.03150234	0.15031391272257133	0.0131463	7e-05
-0.0313	-0.1389	-0.0846	0.00119729586686811	0.0021589722847169856	-0.00045553093477052	1.03127527	61.18371201	0.98567646	0.04628062789394612	0.0121639	9e-05
-0.0247	-0.0865	-0.0607	0.0009965830028887623	0.0019879300180215415	-0.0003717551306747922	1.04244077	61.846138	0.99747255	0.10567654673852599	0.0142576	0.00015
-0.027	0.0055	-0.0566	0.0011850785621041497	0.002106612407157156	-0.00016929693744344995	1.08467185	64.35163116	1.02555557	0.1238818070791172	0.0111265	0.00012
-0.0316	-0.0852	-0.0744	0.0014172073526193955	0.0022985986248765322	-0.00019896753472735358	1.05552363	62.6223259	1.00213658	0.13578928027592627	0.00985485	4e-05
-0.0266	-0.1281	-0.0689	0.0015899949485668342	0.0022951079663725434	-0.00019198621771937622	1.00645328	59.71106339	0.97346072	0.06256297857297023	0.0114228	0.0001
-0.0296	-0.1061	-0.0601	0.0013997540600994523	0.002363175807200322	-0.00011693705988362007	1.06806517	63.36639023	1.00640498	0.050467894356545834	0.0135779	0.00017
-0.0253	-0.0092	-0.0439	0.0013578661580515882	0.0022689280275926286	1.7453292519943294e-06	1.08280253	64.24073029	1.0155566	0.1301409035395586	0.0102145	6e-05
-0.027	0.0186	-0.0582	0.0014346606451393388	0.0022636920398366456	-8.37758040957278e-05	1.00193119	59.44277954	0.97271764	0.052177580409572794	0.0104236	7e-05
-0.0266	-0.1005	-0.069	0.0015358897417550098	0.0022863813201125715	-0.00014660765716752367	1.05697513	62.70843887	1.01210893	0.13963751149816966	0.0098874	0.0001
-0.0273	-0.1291	-0.0581	0.0014538592669112763	0.0023457225146803788	-8.028514559173915e-05	1.02603722	60.87294388	0.98617298	0.05058470904936625	0.0114687	6e-05
-0.0253	-0.081	-0.0607	0.001595230936322817	0.0023544491609403502	-4.537856055185256e-05	1.02828777	61.00646973	0.98394111	0.06195024503556992	0.0094471	4e-05
-0.0284	0.0123	-0.0577	0.0014014993893514465	0.002251474735072685	-0.00017104226669544429	1.02352738	60.7240448	0.99654776	0.1205184839491314	0.0107033	7e-05
-0.0284	-0.0565	-0.0723	0.0014660765716752368	0.002303834612632515	-7.67944870877505e-05	1.01441026	60.1831398	0.99186446	0.09395924197456569	0.0099448	7e-05
-0.027	-0.131	-0.0765	0.0015899949485668342	0.002357939819444339	4.0142572795869576e-05	1.02074957	60.55923843	0.98907108	0.09484803217935207	0.0106394	0.00011
-0.0245	-0.0912	-0.0783	0.0017941984710501708	0.0024399702942880727	0.0002129301687433082	1.03190184	61.22088623	0.98303644	0.06705107966372545	0.00977391	0.00013
-0.0232	-0.0122	-0.0643	0.0017749998492782332	0.0022759093446006054	0.0002478367537831948	1.06599677	63.24367523	1.00703806	0.10520830782496458	0.0115159	0.00022
-0.0229	0.0282	-0.0671	0.0017174039839624202	0.0022444934180647076	0.0003054326190990077	1.06689286	63.29683685	1.01211242	0.0508303828583762	0.0142635	0.00019
-0.0195	-0.1046	-0.077	0.0019949113350295183	0.002314306588144481	0.0003822271061867582	1.0802319	64.08821869	1.03174659	0.16730575041173107	0.0101793	7e-05
-0.0132	-0.1345	-0.0767	0.0020751964806212577	0.0023282692221604354	0.0004049163864626844	0.99864948	59.24808121	0.97329328	0.042346852994181006	0.0099529	7e-05
-0.0117	-0.0623	-0.0495	0.0017680185322702558	0.0022410027595607188	0.000312413936106985	1.03083372	61.15751648	0.99583195	0.12524734306532093	0.0110906	9e-05
-0.0205	0.038	-0.0524	0.0017505652397503124	0.002324778563656447	0.00023911010752322313	1.04971278	62.27757645	1.0126719	0.12072664625997168	0.0100124	8e-05
-0.0205	-0.0627	-0.0636	0.001595230936322817	0.0022479840765686964	0.00020943951023931956	1.02743721	60.95600891	1.00140859	0.1249899693899575	0.0125142	0.00011
-0.0166	-0.1205	-0.0857	0.0021467549799530253	0.0023230332344044524	0.00034208453339088857	0.99890429	59.26319885	0.98231265	0.12176091123087664	0.00980717	5e-05
-0.0162	-0.0994	-0.0799	0.0021380283336930534	0.002356194490192345	0.00040840704496667313	0.98885638	58.6670723	0.96157916	0.03271052068118244	0.00926536	5e-05
-0.016	-0.0182	-0.0744	0.0018273597268380628	0.002150245638457014	0.0002705260340591211	0.99854749	59.2420311	0.98007782	0.11962492347489367	0.00883573	4e-05
-0.0172	0.0264	-0.078	0.0016632987771505957	0.002087413785385218	0.00024260076602721178	1.01985288	60.50604248	0.98304441	0.06214090353955863	0.00987488	7e-05
-0.0165	-0.1027	-0.0821	0.001864011641129944	0.0021275563581810873	0.00035081117965086024	1.03347242	61.31406403	1.00465674	0.1513532925199433	0.00954688	9e-05
-0.0126	-0.1292	-0.0789	0.001933824811209717	0.002169444260228951	0.00040317105721069014	0.98391682	58.37401962	0.96558408	0.04180304748437337	0.00983465	7e-05
-0.0141	-0.0687	-0.0739	0.0016912240451825054	0.002139773662945048	0.00035081117965086024	1.01930249	60.47338486	0.97745325	0.08323156204354726	0.0093407	5e-05
-0.0178	0.0062	-0.0689	0.0015289084247470327	0.002090904443889207	0.0002530727415391778	1.06105959	62.9507637	1.00568627	0.09904616388014979	0.0130608	0.00018
-0.0148	-0.079	-0.0828	0.001668534764906579	0.0020176006153054447	0.0002617993877991494	1.06672668	63.28697968	1.01501625	0.113182840750164	0.00958002	8e-05
-0.0119	-0.0953	-0.0775	0.0017645278737662671	0.0020245819323134223	0.0002652900463031381	1.01750851	60.36695099	0.98104804	0.02982325421858272	0.00947255	8e-05
-0.0136	-0.0173	-0.0549	0.001614429558094755	0.0019617500792416262	0.0002740166925631097	1.02273309	60.67692184	0.98494836	0.113382840750164	0.00972128	3e-05
-0.0158	0.02	-0.0717	0.0016388641676226754	0.0019373154697137059	0.00021467549799530252	0.9796744	58.12232208	0.96290862	0.06171052068118239	0.00996178	6e-05
-0.0131	-0.1357	-0.0813	0.001790707812546182	0.002143264321449037	0.00028274333882308137	1.04982984	62.2845192	1.02600126	0.1892930168743308	0.0118515	9e-05
-0.0064	-0.1211	-0.0804	0.002131047016685076	0.002129301687433082	0.0004485496177625427	1.00280869	59.49483871	0.98006935	0.04820540585471549	0.0104692	5e-05
-0.0148	-0.0089	-0.0834	0.002139773662945048	0.00209614043164519	0.00022863813201125715	1.10319877	65.45080566	1.03221125	0.13668996938995748	0.0099594	9e-05
-0.0126	-0.0651	-0.1103	0.0022776546738526	0.0022165681500327986	0.00019896753472735358	1.02598095	60.86960602	0.99175497	0.09969896632895321	0.0117576	9e-05
-0.009	-0.1383	-0.1107	0.002356194490192345	0.0021851522234969008	0.00019896753472735358	1.06074953	62.93236542	1.00477109	0.08269778714378216	0.013647	0.00021
-0.01	-0.0729	-0.1008	0.0024172810140121463	0.0021851522234969008	0.00019547687622336493	1.05904531	62.83126068	1.00049661	0.07952885911618952	0.0120225	5e-05
-0.0106	-0.0051	-0.0962	0.0024242623310201236	0.00209614043164519	0.00013788101090755203	1.03164959	61.20591736	0.99029227	0.08067944870877505	0.0134482	0.00011
-0.0137	-0.0029	-0.0995	0.0023788837704682713	0.00214850030920502	0.0002583087292951608	1.03466558	61.38484955	0.98764681	0.019508307824964568	0.0126479	0.0001
-0.0094	-0.1138	-0.0851	0.002022836603061428	0.0020315632493213996	0.0003193952531149623	1.05133724	62.37395477	1.01404354	0.15630353755551327	0.0119985	0.00017
-0.0094	-0.1599	-0.0774	0.0020141099568014562	0.0021746802479849347	0.00038571776469074686	1.01307225	60.10375977	0.98442094	0.06470830782496456	0.0131974	0.0001
-0.0089	-0.0529	-0.0849	0.002183406894244906	0.002103121748653167	0.000296705972839036	1.03529537	61.42221451	1.00496992	0.1314933614313464	0.0110773	0.00013
-0.0136	0.0091	-0.0864	0.0019687313962496035	0.0021170843826691216	0.00028623399732707005	1.01767278	60.37669754	0.99190349	0.08015550537616117	0.0103986	0.00011
-0.0113	-0.0964	-0.0982	0.0020943951023931952	0.0020525072003453313	0.00035604716740684323	1.00632179	59.70326614	0.99126051	0.1326027029273577	0.0105587	0.00013
-0.0081	-0.1198	-0.0969	0.0021118483949131386	0.0020298179200694054	0.0003665191429188092	0.98520404	58.45038605	0.97010622	0.030430727415391764	0.0110442	0.00011
-0.0101	-0.05	-0.0835	0.001858775653373961	0.002007128639793479	0.00028099800957108706	1.04702127	62.11789322	0.99570039	0.10326415775814128	0.0108452	0.00011
-0.0158	0.0377	-0.0685	0.0015184364492350666	0.0019076448724298022	0.00019896753472735358	1.09201372	64.78721619	1.02608638	0.1344926723173152	0.0154854	0.00032
-0.0136	-0.0369	-0.0786	0.001710422666954443	0.0019163715186897737	0.0002513274122871834	1.08771336	64.5320816	1.02613701	0.09955363707695888	0.0166084	0.00018
-0.0069	-0.0948	-0.0828	0.0019949113350295183	0.0019792033717615696	0.0003682644721708035	1.06646347	63.27136612	1.01277969	0.09201287905152455	0.0109585	9e-05
-0.0089	-0.095	-0.0812	0.0021921335405048776	0.002082177797629235	0.000466002910282486	1.01212811	60.04774475	0.97514932	0.023696753472735366	0.0100849	8e-05
-0.0117	-0.0044	-0.0806	0.002089159114637212	0.0020664698343612863	0.0003595378259108319	1.05380404	62.52030563	1.00471219	0.1052573736753634	0.0106379	0.0001
-0.0176	-0.0033	-0.0806	0.0023212879051524586	0.002169444260228951	0.00035081117965086024	1.03694701	61.52020645	0.99340338	0.024191493132144155	0.0108047	8e-05
-0.0143	-0.1012	-0.0906	0.0024015730507441976	0.002169444260228951	0.0003438298626428829	1.01630187	60.29536819	0.98787927	0.1155633231299858	0.0108527	0.0001
-0.0096	-0.1585	-0.0837	0.002309070600388498	0.0021642082724729686	0.000466002910282486	0.99008161	58.73976517	0.97004767	0.07989557428756429	0.0109046	0.0001
-0.0079	-0.0948	-0.0704	0.0021153390534171274	0.002124065699677099	0.00040317105721069014	1.04718137	62.12739182	0.99786208	0.09353529864195177	0.0123129	0.00015
-0.0105	0.008	-0.0746	0.002281145332356589	0.0021991148575128553	0.0004014257279586958	1.09964693	65.24008179	1.03171399	0.12173003830136062	0.0098297	0.00015
-0.0127	-0.0083	-0.0843	0.0022636920398366456	0.00222529479629277	0.00032637657012293966	0.98537314	58.4604187	0.96923077	0.034134119456780715	0.0104803	0.00011
-0.0092	-0.1088	-0.076	0.0023282692221604354	0.0021327923459370708	0.00030368728984701333	1.03220856	61.23907852	0.9983747	0.12128844564777076	0.0103837	0.00015
-0.008	-0.0853	-0.0825	0.0024870941840919192	0.002103121748653167	0.00027750735106709843	1.03056777	61.14173889	0.98530503	0.04193377489976511	0.0106471	8e-05
-0.0101	-0.0199	-0.0608	0.00231779724664847	0.0020629791758572974	0.0002478367537831948	1.04361713	61.91592789	0.98978554	0.10115550537616116	0.00928622	5e-05
-0.0134	0.0215	-0.0486	0.0020298179200694054	0.002064724505109292	0.00019896753472735358	1.01558423	60.25278854	0.98437861	0.073829693744345	0.0119595	6e-05
-0.0084	-0.112	-0.0635	0.002089159114637212	0.002008873969045473	0.0003316125578789226	1.07510698	63.78416824	1.02733514	0.16579183768915975	0.0132272	0.00012
-0.0053	-0.103	-0.0707	0.002303834612632515	0.002124065699677099	0.0004206243497306334	1.02102387	60.57551193	0.98270424	0.04024395102393196	0.0100273	7e-05
-0.0072	-0.0509	-0.0624	0.0022078415037728267	0.0020629791758572974	0.0003595378259108319	0.99130052	58.81208038	0.96826381	0.07320830782496454	0.00952053	6e-05
-0.0127	0.0138	-0.0654	0.002139773662945048	0.0020769418098732523	0.0002251474735072685	1.00571406	59.66721344	0.97910046	0.08402104136236486	0.0102968	6e-05
-0.012	-0.0977	-0.0843	0.0022008601867648495	0.0019931660057775245	0.00018675022996339323	1.03046668	61.13573837	1.00267197	0.1402629785729702	0.00998378	6e-05
-0.0107	-0.1445	-0.0875	0.0021746802479849347	0.002045525883337354	0.00015707963267948963	0.99443579	58.99808884	0.96872041	0.05671052068118239	0.010901	9e-05
-0.0116	-0.0853	-0.0855	0.002141518992197042	0.002038544566329377	0.00014137166941154068	1.01774895	60.38121796	0.9767052	0.0648925268031909	0.00974315	5e-05
-0.0166	-0.009	-0.0708	0.001956514091485643	0.002008873969045473	1.0471975511965975e-05	0.99954569	59.30125046	0.97995216	0.11327875959474389	0.010429	6e-05
-0.0164	-0.0249	-0.076	0.0021380283336930534	0.0020751964806212577	0.0001308996938995747	1.0221355	60.64146423	0.98606704	0.03971322360854017	0.0107857	0.00013
-0.0139	-0.1315	-0.0847	0.0021519909677090087	0.0020210912738094335	0.0001186823891356144	1.04802108	62.17721176	1.00535515	0.121814257279587	0.0109546	0.00011
-0.0117	-0.1159	-0.0744	0.002145009650701031	0.0020682151636132805	0.0001884955592153876	1.00025785	59.34350204	0.96626036	0.0342959188445799	0.0101385	6e-05
-0.011	-0.0674	-0.0513	0.0018901915799098587	0.0019844393595175526	0.00019896753472735358	1.00488138	59.6178093	0.97764306	0.08975329251994331	0.0114549	0.00012
-0.0139	0.0109	-0.0503	0.0018500490071139892	0.002050761871093337	0.0002600540585471551	1.02189326	60.62709427	0.99170976	0.0905775804095728	0.0101559	3e-05
-0.0088	-0.0908	-0.0651	0.001780235837034216	0.002038544566329377	0.00022689280275926284	1.02047598	60.54301071	0.99426274	0.1273595865315813	0.00905579	6e-05
-0.0049	-0.1004	-0.0734	0.00200363798128949	0.0019757127132575807	0.0002495820830351891	0.98208469	58.26532364	0.96372662	0.037246163880149834	0.00934154	6e-05
-0.0072	-0.0259	-0.0674	0.0020525072003453313	0.0019355701404617114	0.00020420352248333657	0.99912155	59.27608871	0.97322181	0.08951951762017817	0.00889999	5e-05
-0.0127	-0.0249	-0.0665	0.0019792033717615696	0.001960004749989632	0.000148352986419518	0.96527851	57.26824188	0.95231709	0.015079448708775044	0.00908786	7e-05
-0.0083	-0.1215	-0.0829	0.001895427567665842	0.0019111355309337906	0.00014311699866353502	0.98953152	58.70713043	0.9778904	0.1242940505453776	0.00957978	4e-05
-0.0029	-0.1062	-0.0747	0.0019198621771937623	0.0018448130193580064	0.00020943951023931956	0.94885629	56.2939415	0.95064668	0.03675398163397445	0.00990212	8e-05
-0.0068	-0.0131	-0.049	0.0016824973989225337	0.0018989182261698304	0.0003473205211468716	1.02459681	60.78749084	0.99686082	0.14416754979953023	0.0117197	0.0001
-0.0048	-0.0854	-0.0771	0.0021013764194011725	0.0020263272615654165	0.00046949356878647465	1.01909971	60.46135712	0.99084941	0.13582305517569143	0.00950271	4e-05
-0.0025	-0.1211	-0.0746	0.002038544566329377	0.002136283004441059	0.000609119908946021	1.0218991	60.62744141	0.98292133	0.056120696805349216	0.0103446	9e-05
-0.0053	-0.0257	-0.0497	0.0017558012275062952	0.001973967384005587	0.0004468042885105483	1.04957676	62.26950455	1.00238444	0.1534687289847013	0.00973046	5e-05
-0.0089	-0.0245	-0.0585	0.0018273597268380628	0.0021153390534171274	0.00041538836197465044	0.99640012	59.11463165	0.97168215	0.025817304763960297	0.0121516	0.0001
-0.0017	-0.1216	-0.0764	0.002139773662945048	0.002097885760897184	0.00042411500823462205	1.04928613	62.25226212	1.00826683	0.13912969374434497	0.00998849	0.0001
0.0085	-0.1067	-0.0701	0.001973967384005587	0.00222529479629277	0.0005515240436302081	1.01344311	60.12575912	0.97859448	0.05243121748653164	0.00993717	8e-05
0.0111	-0.0044	-0.0597	0.0017959438003021652	0.0024452062820440558	0.0005166174585903216	1.04920769	62.24760818	1.00847511	0.1369420827247297	0.011745	3e-05
-0.0013	-0.027	-0.0756	0.0019861846887695473	0.0023404865269243957	0.0004677482395344803	0.98757547	58.59107971	0.9697333	0.06809149313214416	0.0100495	9e-05
0.0029	-0.1133	-0.0889	0.0019408061282176943	0.0022776546738526	0.00048520153205442357	0.97033614	57.56830215	0.96507461	0.1100831853071796	0.0101774	8e-05
0.0059	-0.1499	-0.091	0.002258456052080662	0.002309070600388498	0.00045902159327450867	0.97809237	58.02846527	0.96891887	0.060462289458939035	0.0115823	0.00016
0.0038	-0.078	-0.0846	0.002261946710584651	0.0021991148575128553	0.00038571776469074686	1.02768791	60.97088242	0.99819786	0.08973751149816966	0.0109934	0.00011
-0.0021	-0.0005	-0.0906	0.0022043508452688383	0.002235766771804736	0.0004049163864626844	0.99209434	58.85917664	0.97947051	0.09507232006898157	0.0113153	0.00013
-0.0009	-0.1293	-0.0998	0.002282890661608583	0.0021938788697568722	0.0004956735075663896	1.0004847	59.35696411	0.98890255	0.1497592419745657	0.0116495	0.00036
0.0045	-0.1078	-0.097	0.0022724186860966175	0.0021607176139689798	0.0004939281783143952	0.95787132	56.82878494	0.95629309	0.03196892802759261	0.0115767	0.00048
0.003	-0.0096	-0.0877	0.0021607176139689798	0.0019879300180215415	0.00033684854563490564	1.03201246	61.22744751	0.99825557	0.13107841503772827	0.0110626	0.00051
-0.0007	0.0022	-0.0937	0.002012364627549462	0.0020280725908174107	0.00021642082724729686	0.99472862	59.01546478	0.97240748	0.0369461638801498	0.0112649	0.00044
0.0009	-0.1004	-0.1002	0.0020664698343612863	0.0019495327744776662	0.00028274333882308137	1.00950897	59.89235687	0.99384716	0.12064837673636766	0.0127389	0.00032
0.006	-0.1077	-0.0885	0.002155481626212997	0.0018901915799098587	0.0003316125578789226	1.02321088	60.70526505	0.98739607	0.03396111027376798	0.0118276	0.00031
-0.0012	0.0137	-0.0925	0.002309070600388498	0.0019268434942017398	0.00015184364492350666	1.13014352	67.04938507	1.04550105	0.1511004900711399	0.0118767	0.00039
0.0007	-0.06	-0.0957	0.0020664698343612863	0.0019617500792416262	0.00013962634015954637	1.04286945	61.87157059	0.99923081	0.09328623279155293	0.0106001	0.00012
0.0097	-0.1342	-0.0969	0.002165953601724963	0.0019198621771937623	0.0001972222054753592	1.04782844	62.16577911	1.00102272	0.09434837673636769	0.0125839	0.00033
0.0078	-0.1011	-0.0894	0.0022427480888127134	0.0018186330805780916	3.839724354387525e-05	1.05961621	62.86512756	0.99903221	0.05934242728174529	0.0107145	0.00011
0.0025	-0.0118	-0.072	0.001973967384005587	0.0018273597268380628	-8.726646259971648e-06	1.01851833	60.42686081	0.98740584	0.1282315620435472	0.0102916	0.0001
0.0041	-0.0822	-0.075	0.0017313666179783749	0.0017575465567582897	3.839724354387525e-05	0.99115318	58.80334091	0.97624793	0.0929768912955416	0.0105657	8e-05
0.0069	-0.1581	-0.0775	0.0020001473227855013	0.0018797196043978928	0.00022863813201125715	0.9961924	59.10230637	0.98415829	0.11025973204570556	0.0130544	0.0001
0.0078	-0.0973	-0.0646	0.0019442967867216831	0.0017924531417981763	0.0002548180707911721	1.02073419	60.55832672	0.99398093	0.08306484687217247	0.0131607	0.00013
0.0028	0.016	-0.066	0.001726130630222392	0.0017610372152622785	0.00013264502315156904	1.09964848	65.24017334	1.04460786	0.1382877565337396	0.0162056	0.0003
0.0055	-0.0625	-0.0864	0.0020280725908174107	0.0017174039839624202	0.0001972222054753592	1.05368626	62.51331329	1.01325796	0.12210761871093334	0.0109559	8e-05
0.0113	-0.1053	-0.0857	0.001956514091485643	0.0017348572764823637	0.0003089232776029963	0.99025238	58.749897	0.96862991	0.05933564319896742	0.009951	8e-05
0.0148	-0.0017	-0.0807	0.0014573499254152652	0.0014172073526193955	0.000439822971502571	1.03269124	61.26771545	1.00063039	0.15948568919164607	0.0106283	7e-05
0.0068	0.0182	-0.0803	0.001377064779823526	0.001509709802975095	0.0003193952531149623	1.00351489	59.53673935	0.98255464	0.04296076571675238	0.0102969	6e-05
0.0096	-0.1279	-0.0881	0.0014800392056911916	0.0013578661580515882	0.00028099800957108706	1.04588819	62.05066681	1.01839785	0.17136076571675235	0.0104408	9e-05
0.0105	-0.1603	-0.0854	0.001668534764906579	0.0014451326206513049	0.0003089232776029963	0.996979	59.14897537	0.97567703	0.05118436449235065	0.0109559	0.00011
0.0162	-0.1108	-0.0981	0.0018360863730980347	0.0014905111812031574	0.0003473205211468716	1.00833905	59.82294846	0.97573647	0.08046637061435918	0.010364	8e-05
0.0138	-0.0604	-0.0886	0.002054252529597326	0.0016493361431346415	0.00037350045992678646	0.99744689	59.17673492	0.9709287	0.08245855286053452	0.00952256	0.00012
0.0041	0.057	-0.0761	0.0022898719786165604	0.0017610372152622785	0.00015184364492350666	1.04111826	61.76767731	1.00875308	0.16804886680750755	0.0117053	0.0001
0.0025	-0.0494	-0.0887	0.0023352505391684127	0.001689478715930511	-0.00013788101090755203	1.00993085	59.9173851	0.99661873	0.1409330857857339	0.0110638	0.00015
-0.002	-0.1163	-0.0849	0.002432988977280095	0.001583013631558857	-0.00042236967898262774	0.96548057	57.28022766	0.96345389	0.09963460952792061	0.0113459	6e-05
-0.0007	-0.1091	-0.0788	0.002333505209916419	0.0016196655458507376	-0.0007347836150896127	1.00070643	59.37011719	0.97752122	0.03702748088812709	0.0114639	0.00013
0.0024	-0.0415	-0.0731	0.0022497294058206906	0.0015219271077390555	-0.0007086036763096977	1.0418849	61.81315994	0.99436073	0.08678470904936626	0.0106734	8e-05
0.0033	0.0185	-0.0763	0.0022602013813326567	0.0016004669240788003	-0.00062482787221397	1.03929186	61.65932083	0.99830916	0.07273937979737195	0.0125864	0.0002
0.0124	-0.0878	-0.0802	0.002118829711921116	0.001689478715930511	-0.0003700098014227979	1.08687162	64.48213959	1.02791356	0.1435600766027212	0.0118257	0.00018
0.0113	-0.1016	-0.05	0.0020943951023931952	0.001748819910498318	-0.0002530727415391778	1.03876412	61.62801361	0.99067247	0.05513564319896737	0.0110614	6e-05
0.0136	-0.0459	-0.0398	0.00244695161129605	0.0016406094968746698	-0.00017104226669544429	1.03896534	61.6399498	0.99893825	0.09533986986851181	0.0107899	0.00012
0.0098	0.0217	-0.0265	0.001996656664281513	0.0015585790220309364	-0.0002617993877991494	1.05195034	62.41032791	1.00762154	0.11585412714809878	0.0124325	0.00012
0.0154	-0.1098	-0.0411	0.0021624629432209744	0.001562069680534925	-0.00010821041362364843	1.06411111	63.13180542	1.02208094	0.16784429558094754	0.0101646	8e-05
0.0151	-0.1401	-0.025	0.0019268434942017398	0.0014940018397071458	-8.37758040957278e-05	1.02400124	60.7521553	0.98754612	0.06310609496874672	0.0135852	0.00011
0.02	-0.0889	-0.0201	0.00204378055408536	0.0016772614111665507	6.632251157578452e-05	1.02438211	60.77475357	0.98886351	0.08351474735072686	0.00948012	5e-05
0.02	0.018	-0.023	0.0018762289458939042	0.001726130630222392	5.235987755982989e-05	1.08525574	64.38627625	1.02682205	0.1213191730631626	0.0104889	0.00012
0.0227	-0.0744	-0.0382	0.0018413223608540175	0.001658062789394613	3.665191429188092e-05	1.07747293	63.92453384	1.02141532	0.11623411945678072	0.00921607	5e-05
0.0218	-0.145	-0.029	0.0019093902016817967	0.0017662732030182616	6.981317007977319e-05	1.01599813	60.27734375	0.9793114	0.09117197551196599	0.00972354	3e-05
0.026	-0.066	-0.0339	0.002082177797629235	0.0016632987771505957	1.3962634015954635e-05	1.05291116	62.46733093	1.00377047	0.10468062789394612	0.0103717	0.00015
0.0218	0.0336	-0.0211	0.0019931660057775245	0.0017156586547104257	1.7453292519943296e-05	1.07535684	63.79899216	1.01814098	0.12384311639577644	0.0100041	7e-05
0.0253	-0.0601	-0.0335	0.001954768762233649	0.0016964600329384882	7.504915783575618e-05	1.00842273	59.82791138	0.98523481	0.1153595865315813	0.00943261	5e-05
0.028	-0.1269	-0.032	0.0020664698343612863	0.0017366026057343581	0.00018500490071139895	1.04961789	62.27194214	0.9997787	0.0840899693899575	0.0102476	0.00012
0.0257	-0.0396	-0.0276	0.0020193459445574393	0.0017732545200262388	9.42477796076938e-05	1.07068956	63.52209091	1.01002685	0.10272664625997165	0.00886267	4e-05
0.0237	-0.0084	-0.0244	0.0018133970928221085	0.0017191493132144146	8.552113334772214e-05	0.99872285	59.25243378	0.97561437	0.049839035240356336	0.0115241	7e-05
0.0277	-0.1346	-0.0268	0.0019949113350295183	0.001656317460142619	9.42477796076938e-05	1.06881082	63.41062546	1.02312339	0.14525363707695885	0.0104452	5e-05
0.0257	-0.1303	-0.025	0.001996656664281513	0.0016493361431346415	0.0001012290966156711	1.04636598	62.07901764	0.99367442	0.008885398163397465	0.0123628	0.00012
0.024	-0.0121	-0.014	0.0017749998492782332	0.0016510814723866359	9.599310885968811e-05	1.09170878	64.76911926	1.02711368	0.14233190660056289	0.011551	5e-05
0.02	-0.0146	-0.0375	0.0019425514574696887	0.0018046704465621369	0.00013439035240356338	0.99257517	58.88770294	0.97417448	0.047976891295541585	0.0102879	6e-05
0.0219	-0.1323	-0.0413	0.0020315632493213996	0.0018046704465621369	0.00017453292519943296	1.04512298	62.00527191	1.01429802	0.129857718232379	0.0099622	0.0001
0.0244	-0.1232	-0.0455	0.002090904443889207	0.0017226399717184032	0.00016406094968746698	1.00738585	59.76639175	0.97876208	0.023392182246175335	0.010133	9e-05
0.0194	-0.0605	-0.0417	0.0017121679962064373	0.0016790067404185449	7.504915783575618e-05	1.05555022	62.62389755	0.99988489	0.09706907354171694	0.011221	5e-05
0.0204	0.0387	-0.0429	0.0017156586547104257	0.0017121679962064373	0.0001291543646475804	1.1093719	65.81704712	1.03361577	0.10593785605518524	0.0122753	0.00026
0.0252	-0.0616	-0.0426	0.0017051866791984597	0.0016004669240788003	0.0001256637061435917	1.10688031	65.66921997	1.03776748	0.1116831853071796	0.0139535	0.00015
0.0262	-0.1271	-0.0439	0.002033308578573394	0.0018797196043978928	0.0002722713633111154	1.06304216	63.06838608	1.00643011	0.10549911184307752	0.00996757	8e-05
0.0326	-0.1091	-0.0269	0.0018779742751458986	0.001673770752662562	0.0002199114857512855	1.01968992	60.49637222	0.98160167	0.06208215163613279	0.0140696	0.00018
0.0258	0.0121	-0.0413	0.002057743188101315	0.0018657569703819383	0.0002495820830351891	1.12216353	66.57595062	1.04584023	0.1624712863979348	0.0106217	0.00022
0.0352	-0.0249	-0.0858	0.0026965336943312393	0.001853539665617978	0.00047822021504644627	1.05273831	62.45707703	1.01511921	0.13488229715025707	0.0104975	0.00011
0.0327	-0.1595	-0.0609	0.0019425514574696887	0.0017575465567582897	0.00037524578917878077	1.07351363	63.68964005	1.03262526	0.20964748857944523	0.0103323	5e-05
0.0375	-0.1019	-0.0562	0.0021153390534171274	0.0017418385934903407	0.0004747295565424576	0.98052949	58.17305374	0.96862494	0.0814989663289532	0.0102062	7e-05
0.0357	-0.02	-0.0395	0.0019373154697137059	0.001726130630222392	0.0004188790204786391	1.04957855	62.26961136	1.00635714	0.11287910415175945	0.0115827	6e-05
0.033	0.015	-0.0519	0.0020839231268812296	0.0018308503853420514	0.0004991641660703782	1.04705453	62.11986923	0.99776745	0.06668062789394612	0.0131537	0.0001
0.0318	-0.1009	-0.0726	0.002143264321449037	0.0019163715186897737	0.0003351032163829112	1.04666126	62.09653091	1.00824188	0.15324616388014983	0.0160939	0.00019
0.0337	-0.0988	-0.0769	0.002384119758224254	0.0019949113350295183	0.0003892084231947355	1.04280925	61.86800003	0.99671241	0.026975022996339294	0.0138338	0.00017
0.0289	0.0279	-0.0666	0.002464404903815993	0.001973967384005587	0.00034208453339088857	1.10530055	65.57550049	1.0358032	0.14921764932097584	0.0103718	9e-05
0.0277	-0.0077	-0.0713	0.002457423586808016	0.001932079481957723	0.0004206243497306334	0.98277533	58.3062973	0.96534015	0.04787045176977928	0.0113297	5e-05
0.0312	-0.1342	-0.0862	0.0025342180738957666	0.0018849555921538759	0.0004956735075663896	1.06973279	63.4653244	1.02076524	0.15484837673636767	0.0114787	0.00011
0.0331	-0.1255	-0.073	0.0025045474766118626	0.0019460421159736775	0.00045553093477052	1.02619815	60.88249588	0.98412048	0.03034498469497878	0.0107598	0.00012
0.0345	-0.0324	-0.0503	0.002410299697004169	0.0019669860669976093	0.0004921828490624009	1.03162599	61.20452118	0.99139718	0.1247921822461753	0.0100571	4e-05
0.032	0.0065	-0.061	0.002462659574563999	0.0019093902016817967	0.00038571776469074686	1.02561796	60.84807205	0.99057801	0.06292104136236483	0.0143127	0.00012
0.038	-0.1213	-0.0812	0.002698279023583233	0.0018884462506578647	0.0005323254218582705	1.0856818	64.41155243	1.02961362	0.17415855286053444	0.0113068	0.0001
0.0352	-0.1283	-0.0659	0.0024836035255879313	0.001891936909161853	0.0003193952531149623	1.03626359	61.47965622	0.98838568	0.0466548162621299	0.0156679	0.0001
0.0394	-0.0415	-0.069	0.002726204291615143	0.0018029251173101424	0.0002565634000431664	1.04325163	61.89424515	1.00145315	0.1138222205475359	0.0102794	9e-05
0.035	0.0466	-0.0688	0.0025342180738957666	0.0018046704465621369	0.0002199114857512855	1.05372632	62.51569366	1.00889748	0.10421917306316258	0.0111187	0.00013
0.0352	-0.0502	-0.0725	0.0024609142453120045	0.001785471824790199	0.00026354471705114377	1.05434346	62.55230713	1.0074164	0.10750678408277792	0.00992084	8e-05
0.0355	-0.1207	-0.0522	0.0020420352248333657	0.001843067690106012	0.00028099800957108706	1.02188933	60.62686157	0.98680931	0.11579640891571973	0.00996977	5e-05
0.0383	-0.0704	-0.0459	0.0019408061282176943	0.0018186330805780916	0.00029845130209103034	0.99920052	59.28077316	0.97430381	0.06655584993317676	0.0103124	8e-05
0.0058	-0.0879	-0.0426	0.001790707812546182	0.001954768762233649	8.552113334772214e-05	1.19392598	70.83348846	1.10530981	0.0782582083035189	0.0152074	0.00306
0.0101	-0.1147	-0.0132	0.0013578661580515882	0.0019460421159736775	0.0001012290966156711	1.40338314	83.2602005	1.25782301	0.08336381320112568	0.0195408	0.0068
0.0276	-0.1208	-0.0415	0.0021624629432209744	0.0015987215948268059	0.00029845130209103034	1.26443017	75.01637268	1.17004379	0.11935697558958086	0.0138367	0.00027
0.0187	0.0135	-0.0505	0.0024207716725161347	0.0015899949485668342	9.773843811168246e-05	1.11075604	65.89916229	1.04579654	0.175587411976724	0.0104912	8e-05
0.0164	-0.024	-0.0549	0.002384119758224254	0.001499237827463129	8.726646259971648e-06	0.99775016	59.19472504	0.9777268	0.05502104136236483	0.0105663	0.00011
0.0188	-0.1728	-0.059	0.0025778513051956248	0.001553343034274953	8.203047484373349e-05	1.02017951	60.52541733	1.00622877	0.17135702911834783	0.0115117	8e-05
0.0167	-0.1844	-0.0429	0.002457423586808016	0.0016510814723866359	3.4906585039886588e-06	0.99388582	58.96546173	0.97054548	0.04463529864195181	0.0112925	5e-05
0.0201	-0.0993	-0.0372	0.0019582594207376374	0.0015027284859671175	-8.901179185171081e-05	1.07306254	63.66287231	1.01854087	0.13120098014227982	0.011519	0.00017
0.0218	0.0215	-0.0355	0.0017278759594743865	0.0012863076587198209	-0.00020594885173533088	1.11249864	66.00254822	1.04784942	0.1523870674197084	0.0113805	9e-05
0.0201	-0.0794	-0.0306	0.001843067690106012	0.001361356816555577	-0.0002373647782712288	1.02821147	61.00194168	0.99483334	0.11858284075016398	0.0109879	4e-05
0.0271	-0.1358	-0.0249	0.0018186330805780916	0.0012147491593880533	-0.00022863813201125715	0.99515247	59.04061127	0.97853471	0.0780884456477708	0.0125517	8e-05
0.031	-0.097	-0.0305	0.0021258110289290935	0.0012356931104119853	-0.00022689280275926284	1.0281117	60.99602509	0.98953971	0.06479336143134641	0.010904	0.00011
0.0264	0.0311	-0.0372	0.0020350539078253884	0.0012740903539558604	-0.00032463124087094524	1.09322238	64.85892487	1.03416339	0.15074464013796307	0.0108996	7e-05
0.0252	0.006	-0.053	0.0019687313962496035	0.0012374384396639797	-0.0003525565089028545	1.01177788	60.02696609	0.98522401	0.048644984694978737	0.0105883	7e-05
0.0297	-0.1468	-0.0523	0.0020176006153054447	0.0011414453308042916	-0.00039269908169872416	1.05292344	62.46805954	1.02097123	0.16725024503556998	0.0109318	7e-05
0.0364	-0.1522	-0.0499	0.0020594885173533086	0.000804596785169386	-0.0005462880558742252	0.97608858	57.90958405	0.96935797	0.04111627109291351	0.0142707	0.00011
0.0326	-0.1089	-0.0629	0.002169444260228951	0.000804596785169386	-0.0005916666164260777	1.10080767	65.3089447	1.02460403	0.06786671517137477	0.0149809	0.00026
0.0302	-0.0068	-0.0493	0.0018989182261698304	0.0007819075048934597	-0.0005916666164260777	1.08711135	64.49636841	1.02435626	0.13276076571675235	0.017072	0.00012
0.0333	-0.0774	-0.0597	0.00205599785884932	0.000726056968829641	-0.0005218534463463045	1.00272417	59.4898262	0.98197502	0.0982371669411541	0.017974	0.00023
0.0379	-0.1178	-0.0652	0.002408554367752175	0.0008133234314293575	-0.0003647738136668148	1.06783974	63.3530159	1.01101742	0.08034513020910304	0.0125615	0.00021
0.035	-0.0716	-0.0573	0.002309070600388498	0.0009494591130849152	-0.0003787364476827695	1.03933442	61.66184235	0.99062314	0.06947910415175947	0.0101542	7e-05
0.0341	-0.0037	-0.053	0.002186897552748895	0.0009546951008408983	-0.0003612831551628262	1.00243974	59.4729538	0.97554481	0.08034311639577646	0.0111377	9e-05
0.0347	-0.0149	-0.0551	0.0022968532956245376	0.0009965830028887623	-0.00028274333882308137	1.00471282	59.60781097	0.97876571	0.025419173063162576	0.0111438	0.0001
0.0365	-0.1387	-0.0653	0.0023753931119642824	0.00102799892942466	-0.00022863813201125715	1.051687	62.3946991	1.01322137	0.14400304748437331	0.0112599	7e-05
0.0366	-0.1282	-0.0604	0.002384119758224254	0.0011379546723003027	-0.0002443460952792061	1.00466967	59.60525131	0.97041438	0.02221951762017813	0.0101895	8e-05
0.0429	-0.0957	-0.067	0.002537708732399755	0.001186823891356144	-0.0001937315469713706	1.01890755	60.44995499	0.97764458	0.05805363707695892	0.0112912	0.0001
0.0427	-0.013	-0.0617	0.002647664475275398	0.0012112585008840647	1.0471975511965975e-05	1.06970632	63.46375656	1.01203351	0.105129693744345	0.0112819	0.00011
0.0458	-0.067	-0.0535	0.0025551620249196984	0.0011798425743481666	0.0003351032163829112	1.00390947	59.56014633	0.98059469	0.08772748088812715	0.0105372	9e-05
0.0661	-0.0613	-0.0348	0.002825688058978819	0.0005323254218582705	0.0009424777960769379	1.04404283	61.94118881	1.00277741	0.1209708883121522	0.012706	0.00015
0.0673	-0.0832	-0.0279	0.002998475654926258	0.0005061454830783556	0.000932005820564972	1.03924	61.65624237	0.99301492	0.04047197551196599	0.012906	0.00018
0.0802	-0.0755	0.0128	0.002939134460358451	0.0003159045946109737	0.0008395033702092724	1.0293386	61.06881332	0.99289073	0.07840422666954444	0.0139831	0.0003
0.0759	-0.0322	0.0269	0.0030229102644541784	3.490658503988659e-05	0.0005672320068981572	0.99604225	59.09339905	0.97640694	0.09355225884889648	0.0157266	0.00093
0.0749	-0.0032	0.0268	0.0029181905093345183	2.094395102393195e-05	0.00041713369122664475	1.03338456	61.30884933	1.00080305	0.04353903524035634	0.0153551	0.00086
0.0298	0.0169	0.0057	0.0037367499285198597	0.0007749261878854823	-0.0003351032163829112	1.08456576	64.34533691	1.04648695	0.2025389281828224	0.0167562	0.00143
0.026	-0.0791	-0.0515	0.003555235686312449	0.0009459684545809266	-0.000778416846389471	1.09657276	65.05769348	1.0678099	0.19679350694547076	0.0175065	0.00067
0.0399	-0.1027	0.0122	0.0026319565120074486	0.0008813912722571365	-0.0007225663103256524	1.02462423	60.78911591	1.01758174	0.15338534463463044	0.0167813	0.00076
0.0709	-0.1539	0.0186	0.0022043508452688383	0.00048171087355043494	-0.0006911503837897545	1.00245476	59.47384262	1.00211444	0.1315350995990605	0.0173551	0.00128
0.0706	-0.0361	0.0199	0.0026162485487395003	0.0005707226654021458	-0.00039968039870670147	1.07672465	63.8801384	1.03408749	0.15901897402027135	0.0151629	0.00135
0.0541	-0.0191	0.0342	0.0031695179216217023	0.0009302604913129776	-0.0004310963252425994	1.06275773	63.05150986	1.01695818	0.09501115626644657	0.0169446	0.0021
0.0484	-0.1297	-0.0396	0.002748893571891069	0.0009285151620609833	-0.0004415683007545654	1.16572332	69.16027069	1.10083772	0.2117420827247297	0.01488	0.00083
0.0598	-0.0845	-0.0365	0.002808234766458876	0.0009529497715889039	0.00011170107212763708	1.06495488	63.18185806	1.01163206	0.09155225884889653	0.0120068	0.00035
0.0321	-0.0269	-0.0393	0.002384119758224254	0.0016022122533307947	-0.0004415683007545654	1.05223668	62.42731094	1.02444516	0.1694323431429358	0.0127844	0.00036
0.0203	0.0394	-0.0162	0.0020769418098732523	0.0019233528356977512	-0.0004014257279586958	1.04051507	61.73189163	1.01497048	0.1346230551756914	0.0126837	0.00047
0.0343	-0.0693	-0.0713	0.002579596634447619	0.0015062191444711063	-0.00027576202181510406	1.01024544	59.9360466	1.00730617	0.23007261109723012	0.0119571	0.00038
0.0438	-0.1284	-0.0733	0.0025028021473598684	0.0014049900478554352	-0.0002373647782712288	0.94220036	55.89905548	0.9516508	0.08142104136236486	0.0122783	0.00036
0.0425	-0.1049	-0.0752	0.002092649773141201	0.0016126842288427606	-0.0003438298626428829	1.08131588	64.15252686	1.01274536	0.06291558197888233	0.0113522	0.00028
0.0484	-0.0157	-0.0615	0.0018989182261698304	0.0015166911199830724	-0.0003473205211468716	1.0828383	64.24285126	1.02306271	0.12346076571675237	0.0118663	0.00023
0.0465	0.0514	-0.0644	0.0020525072003453313	0.0017523105690023068	-0.0004136430327226561	1.06961501	63.45833969	1.01652331	0.09467654673852595	0.0125825	0.00035
0.0421	-0.0415	-0.0679	0.002319542575900464	0.0020525072003453313	-0.0005550147021341969	1.07001877	63.48229218	1.01289509	0.1362301838154849	0.0108932	0.0001
0.0498	-0.0685	-0.0624	0.002324778563656447	0.0019216075064457567	-0.00041538836197465044	1.01003909	59.92380905	0.97743934	0.053988101090755206	0.0105581	8e-05
0.0497	-0.0473	-0.0614	0.0023404865269243957	0.0019792033717615696	-0.0004921828490624009	1.06739914	63.32687759	1.00181288	0.02980491578357559	0.0116764	0.00025
0.0466	0.0377	-0.0314	0.0020699604928652747	0.0019006635554218248	-0.00048171087355043494	1.07389104	63.71202469	1.00976987	0.13607689129554157	0.0110738	8e-05
0.0462	-0.01	-0.042	0.0021223203704251047	0.002001892652037496	-0.0006108652381980154	0.98506027	58.44185638	0.96779276	0.07283716694115408	0.0117561	0.0001
0.0488	-0.1156	-0.0566	0.0023439771854283846	0.002040289895581371	-0.0006946410422937432	1.04634392	62.0777092	1.01106861	0.13999149313214412	0.0119046	0.00012
0.0535	-0.1248	-0.0557	0.0020804324683772408	0.0019669860669976093	-0.0005532693728822024	1.0424459	61.84644318	0.99224057	0.03871101075232231	0.0110847	0.0001
0.0598	-0.0008	-0.0557	0.0013159782560037243	0.0015899949485668342	-0.00021642082724729686	1.10215747	65.38902283	1.05026756	0.20421469382195984	0.0138401	0.00012
0.0553	0.0228	-0.0889	0.0015393804002589986	0.0017331119472303693	-0.00023212879051524583	1.06209683	63.01229858	1.01551274	0.08041135530933793	0.0133262	0.00014
0.0641	-0.0644	-0.1067	0.0016388641676226754	0.001265363707695889	-0.0004974188368183839	1.0583446	62.78968811	1.01381455	0.15542610266006476	0.0135287	0.00028
0.0693	-0.0708	-0.1067	0.001616174887346749	0.0010960667702524388	-0.0006754424205218055	1.02231562	60.65215302	0.98205346	0.030100490071139904	0.0129789	0.00011
0.0735	-0.037	-0.0989	0.0017680185322702558	0.0010629055144645468	-0.0006230825429619757	1.03220582	61.23892212	0.99064794	0.05766823891356143	0.0139036	0.00021
0.0659	-0.0079	-0.0797	0.001583013631558857	0.0010035643198967395	-0.0005969026041820607	1.0610249	62.94869995	1.00342916	0.06942630170295605	0.0124126	0.00013
0.0517	0.0794	-0.0463	0.0015655603390389136	0.001335176877775662	-0.0004939281783143952	1.04638243	62.0799942	1.00882853	0.15750201381332657	0.0129109	9e-05
0.0476	0.0302	-0.0512	0.0015847589608108511	0.001509709802975095	-0.00035430183815484887	1.03256941	61.26049042	0.99780462	0.07486789435654582	0.0128294	0.00016
0.0474	-0.0784	-0.0538	0.0013631021458075715	0.0015376350710070042	-0.00041713369122664475	1.06111693	62.9541626	1.01471324	0.12702069680534925	0.0122473	9e-05
0.0487	-0.1135	-0.051	0.0013334315485236678	0.0015987215948268059	-0.0004485496177625427	1.02190959	60.6280632	0.98476246	0.045308652381980175	0.012921	8e-05
0.0508	-0.0723	-0.0549	0.0011414453308042916	0.0013369222070276565	-0.0005497787143782138	1.07393408	63.71458054	1.00975186	0.07495073510670984	0.0119098	0.00014
0.0491	0.0331	-0.0404	0.0011676252695842063	0.0013142329267517303	-0.0007714355293814937	1.08136451	64.1554184	1.01968073	0.13512630170295603	0.0116798	4e-05
0.0439	-0.0241	-0.047	0.0011833332328521555	0.0012636183784438947	-0.0010873401239924673	0.9927156	58.89603424	0.97483586	0.08811135530933792	0.0128171	0.00012
0.0509	-0.1075	-0.0417	0.0012688543661998775	0.0011850785621041497	-0.0007452555906015787	1.05004394	62.29722214	1.00533688	0.1210072741539178	0.0120131	0.00011
0.0503	-0.0878	-0.0348	0.001254891732183923	0.0014259339988793671	-0.0007138396640656808	1.04304159	61.88178635	0.99023788	0.041511699866353495	0.0110648	8e-05
0.0551	-0.0344	-0.0401	0.0012130038301360591	0.001308996938995747	-0.0006318091892219474	1.03369963	61.32754135	0.99027168	0.07554277183876086	0.0122664	0.00014
0.0425	0.0264	-0.0283	0.001186823891356144	0.001609193570338772	-0.0004677482395344803	1.06186795	62.99871826	1.00886182	0.10972187599052034	0.0117893	0.0001
0.0324	0.0308	-0.0055	0.0011327186845443199	0.0016982053621904826	-0.00046425758103049166	1.03136897	61.18927002	0.99058035	0.04463038285837618	0.013385	0.00011
0.0336	-0.1158	-0.0178	0.001064650843716541	0.0016632987771505957	-0.0005811946409141118	1.06808603	63.36763	1.02549319	0.1710955742875643	0.015766	0.00013
0.0442	-0.1191	-0.024	0.0012252211349000194	0.001621410875102732	-0.00042935099599060504	0.97662807	57.94158936	0.96501064	0.037815091907742446	0.0160215	0.00015
0.0463	-0.0672	-0.0178	0.0012531464029319286	0.0016493361431346415	-0.0003438298626428829	1.06640995	63.26818466	1.01245733	0.06726858347057704	0.0156254	0.00019
0.0423	0.0344	-0.0166	0.0011379546723003027	0.0017191493132144146	-0.00023387411976724014	1.12440908	66.70917511	1.04390034	0.12154803217935208	0.0140308	0.00014
0.0461	-0.0106	-0.0374	0.0010890854532444615	0.0016650441064025902	-0.0003595378259108319	1.01338267	60.12217712	0.98746119	0.08103190660056286	0.0140358	0.00016
0.0512	-0.0997	-0.0417	0.001270599695451872	0.001574286985298885	-0.0004206243497306334	1.08102608	64.13533783	1.0182366	0.11516789435654584	0.0145903	0.00013
0.0512	-0.0685	-0.0395	0.0013962634015954637	0.0017174039839624202	-0.00038397243543875244	1.06729114	63.3204689	1.0065419	0.04867163095495039	0.0100302	9e-05
0.054	0.0139	-0.0148	0.0012339477811599909	0.0015393804002589986	-0.0006335545184739417	1.03763056	61.5607605	0.99674961	0.13939606435870416	0.0110925	7e-05
0.05	0.0544	-0.0067	0.0014695672301792255	0.001658062789394613	-0.0006719517620178169	1.01984608	60.50563431	0.98178245	0.07223495408493617	0.012403	0.00012
0.0537	-0.0617	-0.0322	0.0013945180723434693	0.0015376350710070042	-0.0007592182246175333	1.05054724	62.32708359	1.01137516	0.15943716694115403	0.0110279	9e-05
0.0571	-0.1343	-0.0377	0.001377064779823526	0.001382300767579509	-0.0009232791743050004	0.99430537	58.99035263	0.97768554	0.09834242728174526	0.0118135	0.00011
0.0596	-0.1092	-0.0311	0.0012077678423800758	0.0012060225131280816	-0.0010524335389525807	1.01914024	60.46376419	0.97946315	0.05793647782712288	0.0132933	0.00013
0.0618	-0.0571	-0.0228	0.0013788101090755204	0.0010000736613927507	-0.0010402162341886204	1.08067989	64.1147995	1.01577241	0.08206042115973679	0.0154557	0.00031
0.0597	0.0318	-0.0148	0.0015638150097869194	0.0010663961729685354	-0.0006963863715457374	1.09054875	64.70030212	1.02833668	0.12875786374650336	0.013016	0.00019
0.0643	-0.0511	-0.0221	0.001335176877775662	0.0010786134777324957	-0.0006754424205218055	1.01904058	60.45785141	0.98483217	0.10788996938995749	0.011611	5e-05
0.0783	-0.0815	-0.0163	0.0010175269539126942	0.0009529497715889039	-0.0003682644721708035	1.01725066	60.35165405	0.9825447	0.08772457891787809	0.0125415	9e-05
0.0809	-0.0273	-0.0139	0.0010122909661567112	0.000879645943005142	-0.0003106686068549907	1.04411888	61.9457016	0.99707237	0.0660067840827779	0.0121571	0.0001
0.0742	0.0459	-0.0157	0.0010995574287564276	0.000905825881785057	-0.0003159045946109737	1.05781853	62.75847626	1.00494326	0.08763411945678072	0.0110394	0.00011
0.07	-0.028	-0.0251	0.0011990411961201044	0.0009861110273767962	-0.0003385938748868999	1.00264084	59.48488235	0.97362414	0.09762290966156711	0.0102307	4e-05
0.073	-0.135	-0.0289	0.0011431906600562858	0.0009162978572970229	-0.00039269908169872416	1.02798796	60.98868179	1.00231202	0.1227884456477708	0.014441	0.00012
0.078	-0.1348	-0.0196	0.000973893722612836	0.0008621926504851988	-0.00032637657012293966	1.01716101	60.34633636	0.98595831	0.028986232791552928	0.0174609	0.00014
0.0679	-0.0215	-0.0073	0.0007243116395776468	0.0009442231253289323	-0.00033335788713091696	1.0824666	64.22080231	1.02738141	0.152629693744345	0.0166674	0.00026
0.0659	-0.0391	-0.0125	0.0005899212871740833	0.001022762941668677	-0.000307177948351002	1.01602852	60.2791481	0.99175361	0.03675550537616116	0.0164163	0.00026
0.0688	-0.1376	-0.0257	0.0007382742735936014	0.0012007865253720988	-0.0001239183768915974	1.04160893	61.79678726	1.0034345	0.14008180707911724	0.0126432	8e-05
0.075	-0.0668	-0.0275	0.0008988445647770796	0.0010768681484805013	-0.00011170107212763708	1.00818956	59.81407928	0.97823138	0.0936352986419518	0.0113833	0.0001
0.0681	0.0235	-0.0188	0.0007819075048934597	0.001117010721276371	-0.00016929693744344995	1.05105984	62.35749054	1.00672928	0.11663377489976512	0.0111156	0.00012
0.0671	-0.0254	-0.035	0.0008604473212332044	0.0012514010736799342	-7.330382858376184e-05	1.00407672	59.57006836	0.98001775	0.08154616388014979	0.0106604	9e-05
0.07	-0.0949	-0.0433	0.0009442231253289323	0.0012793263417118436	-0.00015533430342749534	0.99138856	58.8173027	0.97677247	0.09038657734856852	0.0108539	8e-05
0.0791	-0.0805	-0.0387	0.0008587019919812101	0.0012409290981679683	-0.0002740166925631097	0.97597343	57.90275192	0.96319842	0.04023003830136059	0.0106453	8e-05
0.0748	-0.0281	-0.0263	0.0006073745796940267	0.0010140362954087054	-0.00046949356878647465	0.98813272	58.62414169	0.97106155	0.10278485456349055	0.010891	5e-05
0.0736	-0.0019	-0.0196	0.0002844886680750757	0.0009564404300928925	-0.0004625122517784973	0.9942686	58.98817062	0.9747446	0.053473154697137065	0.0127934	0.00012
0.0752	-0.1313	-0.0154	0.00017976891295541595	0.0009354964790689606	-0.0005585053606381855	1.0440079	61.93911743	1.01828608	0.146282840750164	0.0155708	0.00022
0.0778	-0.1049	-0.015	0.00019024088846738194	0.0008709192967451704	-0.00048171087355043494	0.99371058	58.95506668	0.97485967	0.036992182246175336	0.0156038	0.00016
0.0693	-0.0039	-0.022	0.00031415926535897925	0.0010192722831646884	-0.0005009094953223725	1.06434715	63.14580917	1.02043994	0.13107349925415265	0.0132293	4e-05
0.0667	-0.0066	-0.0405	0.0005078908123303499	0.0010192722831646884	-0.0004415683007545654	0.97852993	58.05442429	0.96639703	0.036453637076958895	0.0113699	9e-05
0.0689	-0.129	-0.0386	0.000598647933434055	0.0010210176124166828	-0.00046949356878647465	1.0087384	59.84663773	0.99699368	0.13252138591938042	0.0119027	0.0001
0.0727	-0.0888	-0.0235	0.000614355896702004	0.0010681415022205296	-0.00035430183815484887	0.97930211	58.10023499	0.96836035	0.06800117918517107	0.011877	0.00012
0.0721	-0.0009	-0.0118	0.0003647738136668148	0.0009354964790689606	-0.0004921828490624009	0.99216509	58.8633728	0.98058005	0.1262054058547155	0.0119293	8e-05
0.0688	0.0144	-0.0159	0.00024260076602721178	0.0010524335389525807	-0.000460766922526503	0.96518028	57.26241302	0.95675245	0.03622630170295605	0.0127673	0.0001
0.0746	-0.1059	-0.0283	0.0003944444109507184	0.0010454522219446034	-0.00039269908169872416	1.01609015	60.28280258	0.99782495	0.14984464013796314	0.0125486	0.00011
0.0801	-0.0929	-0.0273	0.0004468042885105483	0.001064650843716541	-0.00034906585039886593	0.98701817	58.55801773	0.96377516	0.025259586531581283	0.0123314	9e-05
0.0757	-0.0306	-0.0172	0.00034906585039886593	0.0011100294042683937	-0.0004136430327226561	1.04385614	61.93011093	0.99503965	0.08718470904936626	0.0123075	0.00013
0.077	-0.0045	-0.0229	0.0001605702911834783	0.001085594794740473	-0.0004328416544945937	0.99905992	59.27243042	0.975825	0.04470643952576229	0.0123885	8e-05
0.0863	-0.1047	-0.0316	0.00017627825445142725	0.0007487462491055673	-0.0006108652381980154	1.0609374	62.94351196	1.0117111	0.1447290046303138	0.0141469	0.00026
0.0818	-0.0734	-0.0267	0.00015707963267948963	0.0009128071987930344	-0.0006300638599699529	1.02768993	60.97100067	0.97928942	0.05082290966156711	0.0124805	0.00012
0.0784	-0.0352	-0.0048	0.00020943951023931956	0.0008168140899333463	-0.0006579891280018621	1.00612044	59.69131851	0.98000207	0.07231391272257137	0.0138595	0.00013
0.0773	-0.0252	0.0091	0.00017627825445142725	0.0007609635538695277	-0.0007155849933176752	0.99125695	58.80949402	0.9712154	0.0323303828583762	0.0135365	0.00011
0.0834	-0.1062	-0.0021	0.00020594885173533088	0.0006859143960337716	-0.0007557275661135446	1.00490928	59.61946106	0.98663959	0.10554311639577647	0.0138046	0.00016
0.0893	-0.0822	0.0025	0.00020594885173533088	0.0006981317007977319	-0.0007644542123735164	1.03405368	61.34854889	0.99594488	0.035547197551196605	0.0142839	0.0002
0.0878	-0.013	0.0133	2.4434609527920616e-05	0.0005881759579220891	-0.0006318091892219474	1.00680149	59.73172379	0.98250151	0.10270575041173112	0.0143983	0.00016
0.0823	0.0117	0.0118	4.0142572795869576e-05	0.0007696902001294993	-0.000486946861306418	0.98455775	58.41204453	0.96744448	0.04880422666954443	0.0147405	0.00015
0.0876	-0.0931	-0.008	0.00018500490071139895	0.000804596785169386	-0.00034557519189487725	1.01422286	60.17202377	0.99780183	0.14595702911834785	0.0141752	0.00015
0.0858	-0.0731	-0.0225	0.00023911010752322313	0.0010419615634406148	-0.00026878070480712676	1.05175221	62.39857101	0.99333225	0.05471322360854017	0.0134549	0.0002
0.0896	-0.0026	-0.0172	0.0001675516081914556	0.0008709192967451704	-0.00032463124087094524	1.0411613	61.77022934	0.99748005	0.09452256510455152	0.0137739	0.00014
0.0873	0.0136	-0.0182	0.0002129301687433082	0.0007958701389094143	-0.0004258603374866164	1.04325199	61.89426804	0.99423657	0.030582840750163987	0.0149452	0.00025
0.0905	-0.0634	-0.0219	0.0002303834612632515	0.0007749261878854823	-0.0005759586531581287	1.04350293	61.9091568	0.99716207	0.09332477796076938	0.0139398	8e-05
0.0954	-0.0798	-0.0185	0.00033684854563490564	0.000705113017805709	-0.000661479786505851	1.00700152	59.74359512	0.97301476	0.03778996938995748	0.0147932	0.00016
0.0858	0.0013	-0.0025	0.0001675516081914556	0.0008011061266653974	-0.0008080874436733745	1.0688287	63.41168594	1.01492046	0.12729488517353307	0.0150888	0.00016
0.0818	-0.0134	0.0022	-8.901179185171081e-05	0.0008552113334772215	-0.0008237954069413235	1.03429377	61.36279297	0.99790073	0.039718828506146976	0.0173484	0.00022
0.0837	-0.1335	-0.0103	4.363323129985824e-05	0.0010157816246606998	-0.0006544984694978735	1.040151	61.710289	1.01019673	0.15762561258892488	0.017289	0.00016
0.0891	-0.0615	-0.0119	0.00045902159327450867	0.000932005820564972	-0.0005427973973702365	1.01874459	60.44028473	0.99434798	0.10954326190990078	0.0136711	0.0002
0.0852	0.0254	0.0033	0.00018675022996339323	0.0008464846872172499	-0.0005305800926062762	1.05458176	62.56644058	1.01638002	0.1245004900711399	0.0162737	0.00025
0.0883	-0.0532	-0.0175	0.0001605702911834783	0.0008569566627292158	-0.0004921828490624009	1.04463792	61.97649002	1.00851076	0.1062524578917878	0.0143792	0.00015
0.0877	-0.071	-0.0241	-3.839724354387525e-05	0.0009093165402890458	-0.0006126105674500097	1.02954328	61.08095169	0.98711943	0.04358775653373961	0.0136638	0.00017
0.0873	-0.0061	-0.0202	-0.00020943951023931956	0.0006702064327658224	-0.0008429940287132613	1.06037128	62.90992737	1.00747095	0.10122679177409596	0.0160114	0.00039
0.0761	0.045	-0.0004	-0.00019024088846738194	0.0007749261878854823	-0.000879645943005142	1.07183552	63.59008026	1.01494593	0.09012851455917392	0.0157384	0.00038
0.0751	-0.051	-0.0017	-0.0001658062789394613	0.0008761552845011534	-0.0008604473212332044	1.03750384	61.55324173	1.00074968	0.10554311639577647	0.0143059	0.00013
0.0844	-0.1214	-0.0172	-5.061454830783555e-05	0.0007766715171374765	-0.0008395033702092724	0.99543655	59.0574646	0.98009783	0.10698097245096172	0.0144163	0.00013
0.087	-0.1085	-0.0274	9.599310885968811e-05	0.0009634217471008699	-0.000705113017805709	1.08611488	64.43724823	1.00893297	0.049087411976724005	0.0150979	0.00037
0.0832	-0.0209	-0.0014	-4.0142572795869576e-05	0.0008656833089891874	-0.0007417649320975902	1.10088527	65.31354523	1.02593991	0.13092630170295608	0.0151774	9e-05
0.0838	0.0014	-0.0098	-6.9813170079773176e-06	0.0008307767239493009	-0.000736528944341607	1.01100838	59.98131561	0.9838076	0.0349651914291881	0.0157086	0.00015
0.0861	-0.1268	-0.0209	6.632251157578452e-05	0.0008429940287132613	-0.0007941248096574199	1.08293271	64.24845123	1.0317252	0.14875584993317675	0.0193289	0.00023
0.0877	-0.0616	-0.0139	0.0002740166925631097	0.000926769832808989	-0.0006702064327658224	1.0350982	61.41051865	0.99864376	0.09456941809873251	0.0151082	0.00011
0.0829	0.0238	0.0029	0.0002705260340591211	0.000921533845053006	-0.0005026548245743669	1.03162444	61.20442581	1.00400895	0.11581391272257135	0.0163348	0.00015
0.0852	-0.0411	-0.0179	0.00038397243543875244	0.0010332349171806431	-0.0004468042885105483	0.98998946	58.73429871	0.97636357	0.10204990047855432	0.017557	0.00015
0.0949	-0.0749	-0.0268	0.0004206243497306334	0.0010629055144645468	-0.00037350045992678646	0.98123163	58.21471024	0.97191766	0.05938131700797732	0.0150939	0.00017
0.0895	-0.0535	-0.0473	0.0005550147021341969	0.0011274826967883368	-0.0004433136300065597	1.10430241	65.51628113	1.02275616	0.060739035240356336	0.0123223	0.00036
0.0836	0.0233	-0.0308	0.0003647738136668148	0.001085594794740473	-0.00040666171571467877	1.07520044	63.789711	1.00934325	0.11263903524035634	0.0115618	6e-05
0.0817	-0.0115	-0.0382	0.0004799655442984406	0.0011431906600562858	-0.00022340214425527416	0.98960537	58.7115097	0.97038816	0.06190235837034216	0.0125856	0.00019
0.0871	-0.1194	-0.0431	0.00048345620280242926	0.001064650843716541	-0.00017104226669544429	1.0558027	62.63887787	1.01135815	0.1249195176201782	0.011985	6e-05
0.0876	-0.1076	-0.0455	0.000645771823237902	0.001181587903600161	-0.0002443460952792061	0.98505574	58.44158936	0.96809355	0.032327825445142726	0.0114021	6e-05
0.0854	-0.0119	-0.0199	0.000466002910282486	0.0010419615634406148	-0.000466002910282486	1.04562604	62.03511429	1.00680755	0.1505526034059121	0.0115655	0.00011
0.0826	0.0041	-0.0351	0.0003682644721708035	0.0010419615634406148	-0.0005567600313861911	0.98792112	58.61158752	0.97144685	0.043424777960769365	0.0115781	7e-05
0.0928	-0.1063	-0.0561	0.0005619960191421741	0.0010768681484805013	-0.000598647933434055	1.00187898	59.43968201	0.99041317	0.15512630170295608	0.013116	0.0001
0.0982	-0.0812	-0.0467	0.0009354964790689606	0.0008621926504851988	-0.0004485496177625427	1.01457703	60.19303513	0.99497534	0.07681371367968007	0.0127745	0.00012
0.0493	-0.0215	0.0291	0.0018256143975860688	-4.0142572795869576e-05	-0.0006335545184739417	1.20066476	71.233284	1.15149319	0.2832729021254788	0.0147963	0.00184
0.0307	-0.0962	0.1414	0.0017505652397503124	-0.001218239817892042	-0.0010157816246606998	1.23977089	73.55338287	1.20018399	0.2873686754559343	0.0218526	0.0072
0.0542	-0.1806	0.0475	0.0022933626371205488	-0.000486946861306418	-0.0009651670763528643	1.12905264	66.98466492	1.09721248	0.2680352451131848	0.0175543	0.00161
0.0569	-0.1662	0.0516	0.0021851522234969008	-0.0002705260340591211	-0.0008866272600131194	0.99980098	59.31639862	0.97164947	0.04135855286053452	0.0160066	0.00114
0.0517	-0.0651	0.0545	0.0019792033717615696	-8.203047484373349e-05	-0.0007592182246175333	1.03741598	61.54803085	1.00292948	0.1352926723173152	0.0164627	0.00064
0.0572	-0.1768	0.0325	0.0019076448724298022	-3.665191429188092e-05	-0.0006841690667817771	1.04386294	61.93051529	1.01370078	0.1487993108859688	0.0143353	0.0005
0.0654	-0.1993	0.0242	0.001748819910498318	0.0001308996938995747	-0.0006579891280018621	1.0104028	59.94538498	0.97826353	0.056627825445142735	0.014473	0.00039
0.0651	-0.0993	0.0336	0.001595230936322817	0.0002007128639793479	-0.0005846852994181004	1.04671228	62.0995636	1.00035064	0.12453529864195179	0.0124522	0.00021
0.0578	-0.0531	0.0295	0.0014643312424232424	0.00030194196059501896	-0.00046425758103049166	1.02463567	60.78979492	0.98706893	0.07522782544514273	0.0143608	0.0003
0.0626	-0.1451	0.0266	0.0012514010736799342	0.00022340214425527416	-0.0005480333851262194	1.0823561	64.21424103	1.02257742	0.11846228945893902	0.0177801	0.00028
0.0681	-0.1463	0.0209	0.0015166911199830724	0.00039269908169872416	-0.0004310963252425994	1.04431283	61.95720673	0.99691237	0.039976202181510406	0.0136789	0.00013
0.0662	-0.1011	0.0458	0.0012723450247038664	0.0003159045946109737	-0.0004921828490624009	1.02637601	60.89304352	0.98792184	0.09111135530933792	0.0172914	0.00019
0.0681	-0.0129	0.0322	0.0014137166941154068	0.0002600540585471551	-0.0004572762640225143	1.05158389	62.38858795	1.00982142	0.11530643952576228	0.0136585	0.00029
0.0702	-0.1108	0.008	0.0014765485471872027	0.00024609142453120044	-0.00047822021504644627	1.0532757	62.48896027	1.01136358	0.12908692190558413	0.0126349	0.00015
0.0703	-0.1652	-0.0057	0.0014172073526193955	0.00027925268031909274	-0.0005567600313861911	0.99877506	59.25553131	0.9756086	0.07675211333477226	0.0132805	0.00021
0.076	-0.1141	0.0152	0.0010349802464326373	0.00016929693744344995	-0.0005550147021341969	0.99908108	59.27368546	0.97804795	0.10239640891571979	0.0138654	0.00016
0.0722	-0.0035	0.0248	0.0008185594191853405	0.0001256637061435917	-0.0006021385919380437	1.0916245	64.76412201	1.03242338	0.1393588974175501	0.0149344	0.00021
0.0736	-0.0699	0.0101	0.0008150687606813518	0.00018500490071139895	-0.0005689773361501514	1.04426682	61.95447922	0.99879464	0.08729965544298442	0.0129246	8e-05
0.0785	-0.1642	0.0035	0.0008133234314293575	0.0002129301687433082	-0.000577703982410123	0.99884671	59.25978088	0.98111828	0.10771986217719376	0.013858	0.00011
0.0831	-0.1551	0.0037	0.0009093165402890458	0.00023387411976724014	-0.0005742133239061344	1.00975132	59.90673447	0.97833881	0.019921385919380457	0.016659	0.0002
0.0757	-0.0662	0.0111	0.0008988445647770796	0.00024609142453120044	-0.0005864306286700947	1.10567915	65.59796143	1.0291094	0.10544532925199432	0.0144053	0.00018
0.0767	0.0006	0.0108	0.0008168140899333463	0.00013962634015954637	-0.0006073745796940267	1.02432096	60.77112579	0.98994749	0.07857197551196597	0.0134303	8e-05
0.0811	-0.1086	-0.0093	0.0010122909661567112	0.0001239183768915974	-0.0005916666164260777	1.05032456	62.31386948	1.0109336	0.14504464013796317	0.0135719	0.0001
0.0806	-0.1465	-0.0157	0.0010978120995044332	0.0003001966313430247	-0.0005969026041820607	1.03131163	61.18587112	0.98882182	0.05815176877775661	0.0124856	0.00018
0.0847	-0.0785	-0.0064	0.0010262536001726657	0.00022863813201125715	-0.0005585053606381855	1.01206172	60.04380798	0.97982683	0.09047571211037048	0.0120367	0.00011
0.0804	-0.0032	0.0131	0.0008761552845011534	0.0001832595714594046	-0.0005201081170943102	1.05217898	62.42388916	1.00588859	0.110793705988362	0.0143827	0.00013
0.0786	-0.0123	0.0047	0.001048942880448592	0.00028797932657906436	-0.000317649923862968	1.04637873	62.07977295	0.99727742	0.043298277214922014	0.0121183	0.00014
0.08	-0.156	0.0002	0.000874409955249159	0.00041713369122664475	-0.0003577924966588376	1.05682147	62.69932175	1.01758214	0.16679149313214417	0.0159091	0.00011
0.0883	-0.1329	-0.0105	0.0011536626355682519	0.00046949356878647465	-0.00029321531433504735	1.03350627	61.31607437	0.98985921	0.06190948701013566	0.0131599	0.00017
0.0827	-0.0617	-0.0075	0.001043706892692609	0.0004485496177625427	-0.000445058959258554	1.05818784	62.78038406	1.00628031	0.09393716694115407	0.0123162	0.00011
0.0797	-0.0685	-0.0063	0.0008115781021773631	0.0004206243497306334	-0.0004939281783143952	1.00084472	59.37831879	0.9718435	0.026446163880149823	0.0119285	7e-05
0.0864	-0.1533	-0.0178	0.0008639379797371932	0.0004136430327226561	-0.000466002910282486	1.00461292	59.60188293	0.98314139	0.10736332312998584	0.0135105	0.00013
0.0872	-0.1466	-0.0159	0.0007871434926494425	0.0004939281783143952	-0.000460766922526503	1.04559457	62.0332489	0.99774778	0.017515781021773615	0.0161971	0.0002
0.0844	-0.017	-0.0036	0.0007941248096574199	0.0004799655442984406	-0.00040666171571467877	1.10346901	65.46683502	1.03536391	0.14845245789178782	0.0124029	8e-05
0.08	-0.0176	-0.0149	0.0008325220532012951	0.00047123889803846896	-0.0003577924966588376	1.0182898	60.41330719	0.98707041	0.0210996554429844	0.0132381	0.00013
0.0847	-0.114	-0.0266	0.0007993607974134029	0.0004520402762665313	-0.0004729842272904633	1.04494298	61.99459076	1.01019018	0.12117758040957276	0.0124456	0.00011
0.0826	-0.1292	-0.0222	0.0007347836150896127	0.0006021385919380437	-0.0004974188368183839	1.02941036	61.07307053	0.98584604	0.03365550537616115	0.0123796	0.00011
0.0848	-0.0518	-0.0033	0.0006632251157578452	0.00039968039870670147	-0.0005235987755982988	1.04168844	61.80150604	0.9980093	0.11350983156715123	0.0136209	0.00016
0.0814	-0.0012	0.0048	0.0006178465552059926	0.0004049163864626844	-0.000486946861306418	1.05709326	62.71544266	1.00863539	0.06646332312998582	0.0150208	0.00017
0.0826	-0.103	-0.0022	0.000635299847725936	0.0004747295565424576	-0.0004921828490624009	1.05213785	62.42145157	1.00690788	0.11462512251778496	0.0141273	6e-05
0.0884	-0.1572	-0.0023	0.000645771823237902	0.00046949356878647465	-0.0005166174585903216	1.01937497	60.47768784	0.98638697	0.06210712863979351	0.0171297	0.00017
0.0886	-0.089	-0.0025	0.0006719517620178169	0.0004747295565424576	-0.0004991641660703782	1.08077073	64.12018585	1.01873076	0.07104346095279207	0.0153887	0.00014
0.0876	0.0074	0.0091	0.0004729842272904633	0.0004956735075663896	-0.0004468042885105483	1.06440914	63.14948654	1.01044838	0.12261356816555578	0.0137675	9e-05
0.0888	-0.0676	-0.0026	0.0004974188368183839	0.0005235987755982988	-0.00033684854563490564	0.99490583	59.02597809	0.97802417	0.09601578102177363	0.0144998	0.0001
0.0938	-0.1752	-0.0261	0.0007923794804054256	0.0006562437987498679	-0.00023561944901923448	1.09432614	64.92440796	1.03126031	0.16254173816771408	0.0198259	0.00035
0.0965	-0.1188	-0.018	0.0006667157742618339	0.0008203047484373349	-0.00020420352248333657	1.04167581	61.80075455	0.99239905	0.08325702911834784	0.0161589	0.00021
0.0909	-0.0173	-0.013	0.0006754424205218055	0.0007679448708775049	-0.000153588974175501	1.06911516	63.42868423	1.01635474	0.11768505360638187	0.0133864	0.00013
0.0873	-0.0254	-0.0173	0.0006702064327658224	0.0007906341511534313	-0.00012217304763960306	1.06109881	62.95308685	1.0069906	0.018967059728390363	0.0157737	0.00014
0.0888	-0.1457	-0.0327	0.0008674286382411819	0.0009930923443847736	-6.806784082777885e-05	1.06357276	63.09986496	1.01674683	0.15988928027592628	0.0120185	4e-05
0.0941	-0.104	-0.0423	0.0009023352232810684	0.0009773843811168245	-0.00014486232791552936	1.04570436	62.03976059	0.99597033	0.0629704517697793	0.0129297	0.00021
0.0891	0.0183	-0.0174	0.0006318091892219474	0.00091106186954104	-0.00018675022996339323	1.10532117	65.57672119	1.03685052	0.17113682238413847	0.012915	0.0001
0.0942	-0.0491	-0.0158	0.00041713369122664475	0.0008168140899333463	-8.552113334772214e-05	1.02006698	60.51874542	0.99196751	0.09460761871093336	0.0165814	0.00026
0.0976	-0.1529	-0.0314	0.0005323254218582705	0.0009023352232810684	4.363323129985824e-05	1.0860101	64.43103027	1.02971992	0.1392933614313464	0.0192056	0.00035
0.0944	-0.0505	-0.024	0.0006126105674500097	0.0009913470151327792	3.316125578789226e-05	1.09060931	64.70389557	1.02478551	0.1219884456477708	0.0147806	9e-05
0.0947	-0.0142	-0.0178	0.0005619960191421741	0.000900589894029074	0.00015009831567151235	1.03211892	61.23376465	0.99169124	0.055715436464758045	0.0154379	0.00024
0.0948	-0.0846	-0.023	0.0005044001538263612	0.0009756390518648303	0.00016929693744344995	1.05967879	62.86884308	1.00643266	0.0832921822461753	0.0154852	0.00023
0.0946	-0.0995	-0.0268	0.0004799655442984406	0.0012025318546240932	0.00011693705988362007	1.04595518	62.05464172	0.99243876	0.03408436449235067	0.0150014	0.00017
0.0963	-0.0433	-0.0355	0.000804596785169386	0.0010995574287564276	0.0001186823891356144	1.03296602	61.28402328	0.9942195	0.08806754979953026	0.0121463	0.00014
0.0948	0.0104	-0.0411	0.0007958701389094143	0.001043706892692609	0.00023387411976724014	1.04637599	62.07960892	1.00241343	0.0697884456477708	0.011701	9e-05
0.0928	-0.1099	-0.0468	0.0007592182246175333	0.0011711159280881952	0.0001658062789394613	1.0466584	62.09636307	1.00244915	0.1396064395257623	0.0113406	7e-05
0.1002	-0.1146	-0.0318	0.000577703982410123	0.0011117747335203881	0.00020943951023931956	1.03719699	61.53503418	0.99169582	0.041324433403753774	0.0155413	0.00017
0.0942	-0.0748	-0.0293	0.0008098327729253688	0.0010873401239924673	0.00014137166941154068	1.07966661	64.05467987	1.01589698	0.06453156204354725	0.0171609	0.00027
0.0947	-0.0363	-0.0205	0.00040666171571467877	0.001129228026040331	0.00022165681500327985	1.01865315	60.43486023	0.98735208	0.07406720524251466	0.01738	0.00019
0.1036	-0.0924	-0.0395	0.0006702064327658224	0.001090830782496456	0.0003665191429188092	1.05658615	62.68535995	1.00880079	0.1063402144255274	0.0124201	0.00012
0.0986	-0.095	-0.0533	0.0007347836150896127	0.001298524963483781	0.00040666171571467877	1.05016911	62.30464935	0.9956931	0.03702069680534925	0.0114084	0.0001
0.0901	-0.01	-0.0355	0.0006562437987498679	0.0012793263417118436	0.00029845130209103034	1.05322111	62.48571777	1.00043538	0.12159744258676652	0.0109722	8e-05
0.0825	0.0092	-0.0347	0.0008360127117052838	0.001335176877775662	0.00037350045992678646	0.98614854	58.50642395	0.96799528	0.04313343034274951	0.0118224	0.00012
0.0863	-0.1168	-0.0535	0.0009861110273767962	0.0012461650859239514	0.0003089232776029963	1.05028927	62.31177902	1.01704406	0.16378436449235068	0.0112725	0.0001
0.0945	-0.1316	-0.0527	0.0009599310885968812	0.001218239817892042	0.0003089232776029963	1.00411236	59.57218552	0.97326327	0.02650526034059121	0.0112745	0.00011
0.0947	-0.0855	-0.0544	0.0009442231253289323	0.0013124875974997359	0.00028623399732707005	1.03165019	61.20595169	0.98437063	0.05463225115757844	0.0105971	0.0001
0.097	-0.0356	-0.0458	0.0007749261878854823	0.0010925761117484504	0.0002303834612632515	1.08561623	64.40766144	1.01859265	0.08305294796292771	0.0127609	0.00032
0.0996	-0.0006	-0.0419	0.0006719517620178169	0.0010000736613927507	0.0003822271061867582	1.07717669	63.90695953	1.01943315	0.05886602605734358	0.0125563	0.00022
0.1045	-0.0997	-0.0552	0.0006824237375297829	0.0010192722831646884	0.0002548180707911721	1.04188192	61.81298447	1.00530401	0.12515398163397448	0.0115314	6e-05
0.1101	-0.0996	-0.0479	0.0009686577348568529	0.0009721483933608416	0.00034906585039886593	1.02753568	60.9618454	0.98720961	0.03438028333693055	0.0124407	0.00021
0.1034	-0.0131	-0.0299	0.0009826203688728075	0.0009983283321407565	0.00027750735106709843	1.08453143	64.34329987	1.01890589	0.11678505360638183	0.0110936	8e-05
0.1	-0.0125	-0.0228	0.000731292956585624	0.0010070549784007281	0.0002705260340591211	1.0061214	59.69137573	0.97948176	0.024451768777756625	0.016099	0.00013
0.1065	-0.119	-0.0391	0.0010157816246606998	0.0011187560505283654	0.0005235987755982988	1.08432949	64.33132172	1.02952573	0.1617631240870945	0.0129998	0.0001
0.1075	-0.1013	-0.039	0.001059414855960558	0.0013020156219877698	0.0006702064327658224	1.03665006	61.50258636	0.99010651	0.037475022996339306	0.0140669	9e-05
0.1056	-0.0143	-0.0222	0.0009093165402890458	0.001117010721276371	0.0005497787143782138	1.043432	61.90494537	0.99571965	0.12847654673852596	0.0118958	3e-05
0.1003	-0.0375	-0.0204	0.0006998770300497262	0.0011013027580084218	0.00030368728984701333	0.99503618	59.03371048	0.97433926	0.053861944901923454	0.0165652	0.0002
0.1078	-0.1083	-0.0463	0.0011362093430483087	0.001218239817892042	0.0004974188368183839	1.0396471	61.68039703	1.00612347	0.14155004599267867	0.011502	7e-05
0.1077	-0.0763	-0.044	0.001158898623324235	0.0012775810124598492	0.0005131268000863328	1.01666355	60.31682587	0.98307088	0.03928692190558411	0.0113862	0.00011
0.1002	-0.0043	-0.0196	0.0008709192967451704	0.0012322024519079964	0.00032812189937493397	1.0662328	63.25767517	1.00804858	0.12981813939211584	0.0139981	0.00014
0.1034	-0.0261	-0.0383	0.0011571532940722405	0.0011833332328521555	0.00038571776469074686	1.02506399	60.81520844	0.98972689	0.06333495408493621	0.0126969	0.00019
0.1067	-0.1218	-0.0527	0.0011903145498601325	0.0012112585008840647	0.0003944444109507184	1.06090486	62.94157791	1.00915085	0.11689065850398864	0.0129786	0.00023
0.1073	-0.1034	-0.0669	0.0014643312424232424	0.0014486232791552935	0.0002443460952792061	1.05404389	62.53453064	0.99540275	0.06627398932529255	0.0156028	0.00014
0.1081	-0.0475	-0.0431	0.001256637061435917	0.0012147491593880533	0.00020594885173533088	1.01030052	59.9393158	0.98110159	0.10449827721492204	0.0144868	0.0001
0.1069	-0.0255	-0.0271	0.0009442231253289323	0.0010873401239924673	0.0003054326190990077	1.0248121	60.80026245	0.98781866	0.06616533694331238	0.0114972	9e-05
0.1058	-0.1217	-0.0403	0.001291543646475804	0.001228711793404008	0.000317649923862968	1.02661729	60.90736008	0.99545448	0.1355454747661186	0.0116242	0.00011
0.0943	-0.0984	-0.0317	0.0014067353771074296	0.0017505652397503124	-5.759586531581287e-05	0.98820883	58.62865448	0.97388484	0.09401454830783555	0.0110146	8e-05
0.0971	-0.0679	-0.0077	0.0010873401239924673	0.0015777776438028737	0.0004206243497306334	0.99440402	58.99620438	0.97735653	0.10582015320544236	0.010591	7e-05
0.0903	-0.0092	-0.0033	0.0011641346110802177	0.0016336281798666925	0.0003193952531149623	0.99727637	59.16661835	0.97475374	0.08159370598836203	0.0110916	0.00012
0.1023	-0.1039	-0.012	0.001181587903600161	0.0011990411961201044	0.0002303834612632515	1.00876379	59.84814453	0.99052358	0.14245260340591212	0.0114859	9e-05
0.1083	-0.1142	-0.0217	0.0011431906600562858	0.0009983283321407565	9.250245035569947e-05	0.99934536	59.28936768	0.97259194	0.04484955592153875	0.0120114	0.00013
0.1063	-0.029	-0.0008	0.0006981317007977319	0.000947713783832921	-1.0471975511965975e-05	1.05192304	62.40870667	0.99920576	0.13803239667170275	0.0134261	0.0001
0.1077	-0.0467	-0.0138	0.0008988445647770796	0.0010629055144645468	0.0001186823891356144	1.04915309	62.24436951	0.99677597	0.054352947962927695	0.0150701	0.00034
0.1032	-0.1591	-0.0169	0.0010105456369047167	0.0011362093430483087	1.9198621771937625e-05	1.09337854	64.86818695	1.03006282	0.13422443340375378	0.0180782	0.00044
0.1078	-0.1003	-0.0165	0.001270599695451872	0.0010925761117484504	2.6179938779914945e-05	1.0748632	63.76970291	1.01483866	0.07933343034274953	0.0121028	0.00016
0.1043	-0.0121	-0.1028	0.0009459684545809266	0.0012740903539558604	-0.00020769418098732522	1.13522565	67.35089874	1.0970125	0.21500098014227975	0.0141628	0.00046
0.1125	-0.1672	-0.0658	0.0012217304763960308	0.0016423548261266642	0.0002513274122871834	1.17133009	69.49291229	1.11485819	0.25545240436302086	0.0132236	0.00019
0.1088	-0.0631	-0.0391	0.0008412486994612669	0.0013543754995475996	8.203047484373349e-05	1.04953277	62.26689529	1.01700934	0.17638790204786392	0.0113848	9e-05
0.1059	0.0038	-0.03	0.000726056968829641	0.0010245082709206715	-0.0001972222054753592	0.9937607	58.95803833	0.97999681	0.11511558197888232	0.0121484	8e-05
