trans_x	trans_y	trans_z	rot_x	rot_y	rot_z	dvars_std	dvars_nstd	dvars_vstd	framewise_displacement	aqi	aor
0.0	-0.0	0.0	-0.0	0.0	-0.0	n/a	n/a	n/a	n/a	0.0212308	0.00332
-0.0014	-0.0472	-0.0158	4.0142572795869576e-05	0.0001256637061435917	-0.00010821041362364843	1.03842759	60.3426857	0.99202642	0.0781008346281555	0.0206325	0.0019
0.0023	-0.0991	-0.0114	0.00016231562043547262	0.00018151424220741024	-9.599310885968811e-05	1.03421438	60.09786224	0.99491157	0.06951204442336908	0.0193533	0.00126
0.0086	-0.0855	0.0055	0.00026878070480712676	0.0001832595714594046	0.00011693705988362007	1.02217495	59.39825439	0.98728455	0.05285702911834782	0.0191312	0.00112
0.0108	-0.0519	0.0104	0.0003630284844148205	0.00011170107212763708	0.00017802358370342162	1.02494466	59.55920029	0.98745089	0.05204464013796314	0.0211246	0.00138
0.0025	0.0027	0.0369	-9.42477796076938e-05	8.726646259971648e-06	-1.3962634015954635e-05	1.04633248	60.8020401	1.00574429	0.1270118453804778	0.0199589	0.00109
0.0025	-0.0201	0.0201	-2.094395102393195e-05	5.93411945678072e-05	-0.0001361356816555577	1.01281929	58.854599	0.9743351	0.05190457122656003	0.0198799	0.00105
0.0121	-0.0942	0.0227	6.806784082777885e-05	0.0002181661564992912	7.504915783575618e-05	1.0366174	60.23749542	1.00056313	0.10925107966372544	0.0189608	0.0008
0.0148	-0.0585	0.0398	5.235987755982989e-05	0.00017802358370342162	0.0001937315469713706	1.03334725	60.04747009	0.99158244	0.06422664625997165	0.0190891	0.00096
0.0154	-0.0025	0.0634	-0.00020943951023931956	4.886921905584123e-05	0.0002007128639793479	1.01319683	58.87653351	0.98911044	0.10009675347273536	0.0203941	0.00123
0.0187	-0.0301	0.0487	-0.00029321531433504735	8.203047484373349e-05	0.00014311699866353502	1.02944291	59.82059097	0.99594626	0.05432664625997165	0.0196645	0.00106
0.0226	-0.0905	0.0188	-0.00011519173063162575	0.00023387411976724014	0.0001972222054753592	1.02458858	59.53850555	0.99836379	0.1133986217719376	0.018385	0.00089
0.0227	-0.0873	0.0267	6.283185307179586e-05	0.00022340214425527416	0.0002251474735072685	1.00171936	58.2095871	0.97233787	0.02202104136236484	0.0191401	0.00102
0.023	-0.0529	0.0334	-1.0471975511965975e-05	0.0001361356816555577	0.0002844886680750757	1.0280571	59.74006271	0.98899666	0.05239557428756426	0.0200333	0.00118
0.0214	-0.0031	0.0429	-0.00039793506945470715	8.37758040957278e-05	0.0001972222054753592	1.02798593	59.73592377	0.99314592	0.08725447170511438	0.0198438	0.00118
0.0314	-0.0791	0.0175	-0.00022689280275926284	0.0002844886680750757	0.0002740166925631097	1.0438844	60.65978241	0.99109698	0.13382748088812715	0.0199156	0.00124
0.0251	-0.1079	0.0261	-6.108652381980153e-05	0.000307177948351002	0.0002705260340591211	1.04233253	60.56959915	0.99358887	0.053299310885968794	0.0197203	0.00101
0.0218	-0.0682	0.0416	2.6179938779914945e-05	0.00017453292519943296	0.0002583087292951608	1.03959775	60.41068268	0.98996847	0.0701064395257623	0.0187159	0.00086
0.0185	-0.0218	0.0486	-0.0001832595714594046	-1.3962634015954635e-05	0.0001308996938995747	1.03594041	60.19815826	0.98671244	0.08296720524251465	0.0204401	0.00102
0.0177	-0.0273	0.0383	-0.00035604716740684323	1.2217304763960308e-05	4.0142572795869576e-05	1.04601812	60.7837677	0.99730402	0.03108623279155293	0.0195943	0.00096
0.0169	-0.0849	0.0313	-0.00023561944901923448	0.00017802358370342162	6.9813170079773176e-06	1.01498127	58.98023224	0.98512281	0.08136976265574809	0.0173039	0.00055
0.0158	-0.1023	0.0457	-9.599310885968811e-05	4.18879020478639e-05	5.4105206811824215e-05	1.05496824	61.3038559	0.98766681	0.049044295580947535	0.0185636	0.00064
0.0104	-0.0634	0.0524	-0.00013962634015954637	-8.37758040957278e-05	-3.490658503988659e-05	1.0737294	62.39406204	1.00043738	0.06391543646475804	0.018168	0.00061
0.0103	-0.0263	0.0627	-0.0005846852994181004	-1.7453292519943296e-05	-3.490658503988659e-05	1.01445031	58.94937515	0.98527488	0.07306907354171693	0.0177718	0.00058
0.0132	-0.0709	0.0371	-0.0004904375198104066	0.0001291543646475804	-0.0001064650843716541	1.03656089	60.23421097	0.99533425	0.08872069680534925	0.0178559	0.0006
0.015	-0.0998	0.0323	-0.0003054326190990077	0.0001972222054753592	-0.00010297442586766544	1.01178241	58.79434586	0.98284354	0.048328170002158305	0.0172206	0.00052
0.0122	-0.0771	0.0474	-0.000153588974175501	0.000153588974175501	-2.96705972839036e-05	1.02043366	59.29706573	0.99265382	0.05403903524035632	0.0176401	0.00055
0.0089	-0.0469	0.0532	-0.0002181661564992912	9.773843811168246e-05	-0.0001256637061435917	1.03827608	60.33388138	1.00144225	0.050121041362364845	0.0186667	0.00064
0.004	-0.0004	0.0587	-0.000635299847725936	-5.235987755982988e-06	-0.000291469985083053	1.05161202	61.1088295	1.01785528	0.09119571980168857	0.0182313	0.00068
-0.0029	-0.0631	0.0354	-0.0004049163864626844	-3.665191429188092e-05	-0.0005078908123303499	1.03998578	60.43323517	1.01234886	0.11681101075232232	0.0173399	0.00045
-0.0025	-0.0938	0.0452	-0.00029845130209103034	1.7453292519943296e-05	-0.00038397243543875244	1.05527472	61.32167053	1.0230782	0.055124433403753774	0.0175069	0.00045
0.0002	-0.0632	0.0571	-0.00022165681500327985	-6.108652381980153e-05	-0.0002740166925631097	1.06464708	61.86629486	1.02598149	0.05846450231515689	0.0170968	0.00051
0.0057	-0.0319	0.0654	-0.00041015237421866745	-0.0001186823891356144	-0.00024609142453120044	1.04707801	60.8453598	1.01055818	0.058800834628155496	0.019019	0.00057
0.0053	-0.0403	0.0609	-0.000661479786505851	-3.490658503988659e-05	-0.0003298672286269283	1.08011734	62.76526642	1.03333957	0.03424395102393196	0.0179443	0.0007
0.0079	-0.0878	0.0337	-0.000445058959258554	0.0001361356816555577	-0.0003211405823669566	1.04127657	60.50824356	1.01580671	0.09710948701013565	0.01651	0.00042
0.008	-0.1071	0.041	-0.00023212879051524583	0.00011170107212763708	-0.00028274333882308137	1.05844319	61.5057869	0.99671288	0.0404881010907552	0.017596	0.00049
0.009	-0.0728	0.0494	-0.0003193952531149623	1.7453292519943296e-05	-0.00028274333882308137	1.06851804	62.0912323	1.00086181	0.05277571211037051	0.0171927	0.00052
0.0122	-0.0206	0.0654	-0.00062482787221397	-2.094395102393195e-05	-0.0003089232776029963	1.01941311	59.23776245	0.98884361	0.0899004900711399	0.0174013	0.00053
0.0093	-0.0706	0.0458	-0.0004974188368183839	2.6179938779914945e-05	-0.0003822271061867582	1.04133964	60.51190567	1.00132789	0.08489183768915974	0.0170671	0.00038
0.007	-0.0948	0.045	-0.00040666171571467877	5.061454830783555e-05	-0.0003630284844148205	1.01789045	59.14928436	0.98620217	0.034019517620178165	0.0156813	0.0003
0.0057	-0.0741	0.0554	-0.00020943951023931956	-5.235987755982988e-06	-0.00033335788713091696	1.01920629	59.22574615	0.98258314	0.04653716694115406	0.0168604	0.00038
0.001	-0.0268	0.0686	-0.00048171087355043494	-0.00010995574287564276	-0.0004677482395344803	1.04957545	60.99048233	1.00420538	0.09076907354171693	0.0174751	0.00041
-0.0027	-0.0181	0.0604	-0.0007208209810736582	-0.00010471975511965978	-0.0006108652381980154	1.01895404	59.21108246	0.99051264	0.03997315469713705	0.0163414	0.00034
-0.0036	-0.1002	0.0405	-0.0005375614096142535	0.00014137166941154068	-0.0007347836150896127	1.07825232	62.65688705	1.02059819	0.13056346864411011	0.0161589	0.00029
-0.0018	-0.1028	0.0421	-0.0005218534463463045	0.00017278759594743863	-0.0006702064327658224	1.07831836	62.66072464	1.02669922	0.011585053606381866	0.0164815	0.00034
0.0183	-0.0893	-0.0008	-0.0010733774899765126	0.00027576202181510406	-0.0005393067388662478	1.09276855	63.50041962	1.05588502	0.1157699081698724	0.0162498	0.00056
0.0144	-0.0418	0.0115	-0.0014870205226991688	0.00016231562043547262	-0.0006126105674500097	1.06497049	61.88508987	1.02963727	0.09371966313430247	0.0179095	0.00066
0.0109	-0.0283	0.0084	-0.00124965574442794	0.000153588974175501	-0.0006667157742618339	1.07406032	62.41329575	1.03495347	0.03510983156715124	0.0181028	0.00072
0.005	-0.0882	0.0223	-0.0009599310885968812	0.00011170107212763708	-0.000736528944341607	1.0593338	61.55754089	1.02624375	0.09977128639793477	0.015057	0.00023
0.0036	-0.0702	0.032	-0.0008726646259971648	5.759586531581287e-05	-0.0006667157742618339	1.03723359	60.27330399	0.99860122	0.03965924197456568	0.0166027	0.00038
0.0073	-0.0175	0.0489	-0.0012758356832078548	0.00010471975511965978	-0.0005724679946541401	1.07457578	62.44324875	1.0296769	0.10052713633111154	0.0171067	0.00056
0.0061	-0.0249	0.0434	-0.0013473941825396225	8.203047484373349e-05	-0.0006318091892219474	1.0264926	59.64915085	1.00209218	0.021779448708775056	0.0164976	0.00037
0.0124	-0.096	0.0274	-0.0010768681484805013	0.0001972222054753592	-0.0005061454830783556	1.06222558	61.72557831	1.02481352	0.11896907354171692	0.0164355	0.00038
0.0085	-0.0765	0.0347	-0.0010070549784007281	0.0001012290966156711	-0.0005044001538263612	1.05034566	61.03524399	1.0083277	0.03907758040957279	0.0154256	0.00037
0.006	-0.0376	0.0375	-0.0010000736613927507	1.7453292519943296e-05	-0.0005619960191421741	1.03882253	60.36563873	1.00079394	0.05161764932097591	0.0176231	0.00053
0.0034	-0.0232	0.0512	-0.0013892820845874865	-1.3962634015954635e-05	-0.0006963863715457374	1.07050908	62.20693207	1.0196112	0.05845073510670987	0.0170519	0.00048
0.0039	-0.0623	0.0297	-0.0011938052083641214	0.00012740903539558605	-0.0006998770300497262	1.02583408	59.61088562	0.99685856	0.07811696020694474	0.0154158	0.00028
-0.0003	-0.1217	0.0356	-0.0010175269539126942	0.00013264502315156904	-0.0007086036763096977	1.07081318	62.22460175	1.00826621	0.0790120444233691	0.0157465	0.00027
-0.0003	-0.0832	0.0468	-0.0010524335389525807	9.250245035569947e-05	-0.0007190756518216638	1.07500529	62.46820831	1.0085114	0.05397605666738611	0.0149862	0.00026
0.0075	-0.0339	0.0606	-0.0013526301702956054	9.599310885968811e-05	-0.0006073745796940267	1.02865505	59.77480698	0.99927971	0.09166941809873251	0.0158954	0.00028
0.0146	-0.064	0.0451	-0.0013404128655316449	0.00022863813201125715	-0.0004956735075663896	1.05305517	61.1926918	1.01033828	0.06552817000215834	0.016467	0.00032
0.0152	-0.0874	0.0351	-0.0011484266478122688	0.0002513274122871834	-0.000466002910282486	1.04865992	60.93728256	1.0154766	0.0462173047639603	0.0154154	0.00033
0.0158	-0.0788	0.0422	-0.0009686577348568529	0.0002513274122871834	-0.00039793506945470715	1.07828224	62.65863037	1.0213092	0.028691837689159748	0.0167902	0.00054
0.0147	-0.0264	0.048	-0.0012880529879718153	0.00013962634015954637	-0.0003665191429188092	1.10899365	64.44326019	1.04969998	0.08242561258892486	0.0178059	0.00057
0.0202	-0.0499	0.0227	-0.001223475805648025	0.0002007128639793479	-0.000296705972839036	1.05868113	61.51961136	1.02609754	0.06407384381116825	0.0165274	0.00056
0.0315	-0.1263	0.0266	-0.0010890854532444615	0.0003630284844148205	-5.4105206811824215e-05	1.08336258	62.95384216	1.03137803	0.11856533694331237	0.0172081	0.00059
0.023	-0.0739	0.0367	-0.0010681415022205296	0.00023387411976724014	-0.00020594885173533088	1.08745062	63.19139862	1.03650618	0.08609709802975096	0.0168912	0.0006
0.0168	-0.0189	0.0591	-0.001429424657383356	9.599310885968811e-05	-0.0003944444109507184	1.07032812	62.19641876	1.03935923	0.11798298626428828	0.0169637	0.00064
0.0118	-0.0712	0.0434	-0.0013788101090755204	0.00012042771838760874	-0.0005637413483941684	1.05980134	61.58470917	1.03347354	0.0852173047639603	0.0163454	0.00044
0.0085	-0.1186	0.0396	-0.0011990411961201044	0.00013962634015954637	-0.0005811946409141118	1.04829621	60.91614914	1.02079013	0.06532104136236483	0.0148752	0.00032
0.0076	-0.0944	0.0547	-0.0010873401239924673	1.7453292519943296e-05	-0.0005619960191421741	1.02625775	59.63550186	0.9966711	0.052853637076958886	0.0149295	0.00044
0.0091	-0.0361	0.0616	-0.0013264502315156904	-2.6179938779914945e-05	-0.0005375614096142535	1.06519735	61.89826965	1.02038628	0.0820588974175501	0.0170465	0.00073
0.0079	-0.0527	0.053	-0.0013788101090755204	2.96705972839036e-05	-0.0006370451769779302	1.03996706	60.43214798	1.0089264	0.03678470904936625	0.0154011	0.00056
0.005	-0.1132	0.045	-0.0011100294042683937	6.283185307179586e-05	-0.0007068583470577034	1.04965127	60.99488831	1.00992236	0.08998775653373958	0.015107	0.00035
0.0007	-0.0873	0.0548	-0.0010419615634406148	-5.061454830783555e-05	-0.0006946410422937432	1.06078827	61.64205933	1.01901634	0.04968657734856852	0.0155075	0.00035
0.0001	-0.0205	0.0636	-0.0012880529879718153	-0.00011519173063162575	-0.000705113017805709	1.06189573	61.70641327	1.02356978	0.09225702911834782	0.0154452	0.00024
0.005	-0.0552	0.0528	-0.0013002702927357754	-5.4105206811824215e-05	-0.0007190756518216638	1.07008469	62.18227005	1.00669075	0.05476332312998582	0.0163571	0.00039
0.0068	-0.1187	0.0389	-0.0011117747335203881	7.155849933176751e-05	-0.0006422811647339132	1.08551323	63.07881927	1.03033006	0.09874768762233647	0.0148507	0.00023
0.0051	-0.1095	0.0468	-0.0009721483933608416	2.094395102393195e-05	-0.0005969026041820607	1.04957092	60.99021912	0.99792021	0.030580972450961735	0.0135681	0.00013
0.0141	-0.0509	0.0584	-0.0013439035240356337	-3.141592653589793e-05	-0.0006422811647339132	1.05496705	61.30379105	1.01608654	0.10267467843932372	0.01572	0.00027
0.006	-0.0566	0.0465	-0.0014364059743913332	-3.839724354387525e-05	-0.0008290313946973065	1.04238105	60.57241821	1.00323406	0.0400116998663535	0.0150166	0.00017
0.0027	-0.1343	0.0362	-0.0013281955607676848	0.00016929693744344995	-0.0008656833089891874	1.02999961	59.85294342	1.00069552	0.1089278254451427	0.0129352	6e-05
-0.0021	-0.1369	0.0497	-0.0011100294042683937	4.71238898038469e-05	-0.0008691739674931761	1.04541349	60.74863434	0.99175163	0.038091493132144126	0.0139569	0.00017
-0.0053	-0.0934	0.0556	-0.0011030480872604163	-6.632251157578452e-05	-0.0008970992355250854	1.06483579	61.87726212	1.00222469	0.060017649320975905	0.013514	0.0002
-0.0145	-0.0216	0.0682	-0.0013735741213195373	-0.00013788101090755203	-0.001001818990644745	1.04271853	60.59203339	1.00632325	0.1159402144255274	0.0146502	0.00012
-0.0128	-0.0636	0.055	-0.0013020156219877698	-0.00011344640137963142	-0.0009896016858807848	1.04750216	60.87000656	1.00239276	0.06231052068118242	0.0142053	0.00011
-0.0106	-0.1141	0.0536	-0.0012007865253720988	-5.235987755982989e-05	-0.0009075712110370514	1.03311193	60.0337944	0.99815842	0.06631730476396028	0.0126636	0.00011
-0.0106	-0.09	0.0601	-0.0009773843811168245	-0.00013788101090755203	-0.0008709192967451704	1.02417231	59.51431656	0.98864297	0.047878759594743865	0.0135109	0.0001
-0.0139	-0.0369	0.0663	-0.0011484266478122688	-0.0002024581932313422	-0.0009581857593448868	1.05667233	61.40288162	1.01059356	0.07874429558094753	0.0151317	0.00012
-0.019	0.0089	0.0694	-0.0014905111812031574	-0.00023561944901923448	-0.0010629055144645468	1.0492456	60.97132111	1.00553625	0.07799827721492204	0.0153454	0.00021
-0.012	-0.0443	0.0459	-0.0012409290981679683	-0.00016231562043547262	-0.0009686577348568529	1.04246974	60.57757568	0.99382093	0.10455668456133221	0.0152628	0.00017
0.0081	-0.1027	0.0401	-0.0007557275661135446	-5.93411945678072e-05	-0.0008970992355250854	1.06705368	62.00613785	1.02565964	0.11728672286269284	0.0148132	0.00016
0.0138	-0.0896	0.0363	-0.00046425758103049166	-8.726646259971648e-05	-0.0009389871375729493	1.04724622	60.85513687	1.00526662	0.040664157758141306	0.014734	0.00021
0.0166	-0.1197	0.0537	-0.0009424777960769379	-0.0001658062789394613	-0.0009546951008408983	1.01060939	58.72618103	0.98797942	0.07892339973270701	0.0133162	0.00011
0.0169	-0.1888	0.0499	-0.0008656833089891874	-5.759586531581287e-05	-0.0009459684545809266	1.06281185	61.75964737	1.0193429	0.08288657734856851	0.0133544	0.00017
0.0077	-0.1363	0.0552	-0.000932005820564972	-5.235987755982989e-05	-0.0007941248096574199	1.03943419	60.40118408	0.99789687	0.07817010721276371	0.0125843	9e-05
-0.0012	-0.1116	0.0612	-0.0007766715171374765	-7.155849933176751e-05	-0.0008063421144213803	1.04798579	60.89811325	0.98578982	0.048937511498169675	0.0144659	0.00018
0.0	-0.0659	0.0605	-0.0008011061266653974	-6.45771823237902e-05	-0.0007347836150896127	1.07545245	62.49419022	1.00449138	0.05274872129338328	0.01521	0.00022
0.002	-0.0285	0.0687	-0.000905825881785057	-0.0001064650843716541	-0.0006928957130417488	1.02818179	59.74731064	0.98422856	0.05702477796076938	0.0148216	0.00019
0.0005	-0.0151	0.0692	-0.000778416846389471	-0.00016231562043547262	-0.0007138396640656808	1.02925515	59.80968094	0.97625331	0.02561017612416683	0.0162773	0.00032
-0.0111	0.0265	0.0741	-0.0011536626355682519	-0.0002199114857512855	-0.0010245082709206715	1.04993582	61.01142883	1.0004465	0.09527551306747922	0.0167792	0.00034
-0.0077	-0.0008	0.0667	-0.0012897983172238095	-0.00014660765716752367	-0.0009948376736367678	0.99907517	58.05593109	0.97430762	0.05005550537616116	0.0151837	0.00023
0.0052	-0.0849	0.062	-0.0012269664641520136	-0.00015707963267948963	-0.0009965830028887623	1.0425427	60.58181763	1.00827378	0.1054524578917878	0.0143474	0.00014
-0.0042	-0.108	0.0637	-0.0011379546723003027	-0.00032812189937493397	-0.0013473941825396225	1.03981709	60.42342758	0.99407034	0.06474326190990078	0.0129002	0.00012
-0.0068	-0.145	0.0728	-0.0012932889757277981	-0.0004014257279586958	-0.0015166911199830724	1.01201105	58.80763245	0.97902837	0.06859675347273535	0.011561	6e-05
-0.0076	-0.223	0.0608	-0.0011746065865921838	-0.00033335788713091696	-0.0016231562043547262	1.05483091	61.29587555	0.99121003	0.10546076571675236	0.0123923	0.00014
0.0038	-0.2467	0.0528	-0.0012025318546240932	-9.075712110370512e-05	-0.0014660765716752368	1.05227041	61.1470871	1.00008947	0.06448028333693054	0.0125887	0.00011
-0.0018	-0.1624	0.0594	-0.0012374384396639797	4.0142572795869576e-05	-0.0012199851471440364	1.05100322	61.073452	1.00638304	0.11709488517353309	0.0116023	6e-05
-0.0091	-0.1125	0.0744	-0.0010402162341886204	1.7453292519943294e-06	-0.001129228026040331	1.0471102	60.84723282	0.98703747	0.088518828506147	0.0136001	0.00012
-0.0162	-0.0291	0.0801	-0.0009686577348568529	-8.726646259971648e-05	-0.0011693705988362008	1.07879567	62.6884613	1.01265497	0.1062356431989674	0.0155951	0.00023
-0.0224	0.0553	0.0898	-0.0012077678423800758	-0.00019024088846738194	-0.0012601277199399059	1.05563748	61.34274673	1.01016738	0.12194208272472969	0.0174218	0.00044
-0.016	0.0547	0.0692	-0.001218239817892042	-0.00027750735106709843	-0.001048942880448592	1.02794743	59.73368835	0.99106187	0.04304616388014983	0.0187662	0.00083
-0.0022	-0.0021	0.053	-0.0013142329267517303	-0.0001658062789394613	-0.0011222467090323538	1.04881024	60.94602203	1.01478611	0.10084990047855434	0.0169137	0.00032
-0.0047	-0.0921	0.0464	-0.001509709802975095	-9.948376736367679e-05	-0.0015865042900628454	1.05682874	61.41197205	1.02112849	0.13540284844148204	0.013738	0.0002
0.0019	-0.2002	0.0566	-0.00210835773640915	3.490658503988659e-05	-0.0019669860669976093	1.04993439	61.01134109	1.02660851	0.18057600313861913	0.0114664	9e-05
0.0054	-0.2709	0.0424	-0.0017435839227423352	-6.108652381980153e-05	-0.0019006635554218248	1.04229212	60.56725693	0.99915312	0.11475447170511437	0.0130834	0.00025
-0.0009	-0.2632	0.0554	-0.0016039575825827887	2.96705972839036e-05	-0.0018744836166419098	1.06171978	61.69618607	1.00759802	0.03982817000215832	0.0125217	0.00027
-0.0127	-0.2044	0.0688	-0.0015847589608108511	-4.537856055185256e-05	-0.001839577031602023	1.03382027	60.0749588	0.9951427	0.09045771823237901	0.0108721	0.00014
-0.015	-0.1157	0.0734	-0.0014695672301792255	-9.42477796076938e-05	-0.001726130630222392	1.05914795	61.54673767	1.00422295	0.1094753675533549	0.0127377	0.00024
-0.0184	0.0029	0.089	-0.0016528268016386303	-0.00020769418098732522	-0.0016318828506146981	1.0934155	63.53801346	1.03708525	0.15714768762233652	0.0149269	0.00022
-0.021	0.0383	0.0851	-0.001556833692778942	-0.00027750735106709843	-0.0017034413499464657	1.00342584	58.30874634	0.98014565	0.05376823891356146	0.0159213	0.00024
-0.0204	-0.0467	0.0671	-0.0014870205226991688	-0.000296705972839036	-0.0019024088846738192	1.0497514	61.00070953	1.01364692	0.11799896632895318	0.0140234	0.00012
-0.0132	-0.0901	0.0596	-0.0016057029118347831	-0.0001064650843716541	-0.0017941984710501708	1.04155409	60.52436447	0.99378607	0.07895668456133224	0.0123049	5e-05
-0.0102	-0.1111	0.071	-0.0015690509975429022	-7.67944870877505e-05	-0.0016720254234105676	0.99966663	58.09030151	0.97065656	0.04482477796076938	0.0114297	4e-05
-0.0237	-0.0784	0.0828	-0.0016388641676226754	-0.0003438298626428829	-0.0018273597268380628	1.0420028	60.55044174	0.98715876	0.08260914245312004	0.0125894	0.00011
-0.0199	-0.1331	0.0614	-0.0015446163880149814	-0.00024609142453120044	-0.0018360863730980347	1.04086328	60.48422623	1.00110203	0.08993564319896742	0.0119756	0.00011
-0.0138	-0.1513	0.0794	-0.0016598081186466073	-0.00023387411976724014	-0.0017889624832941875	1.01277745	58.85216522	0.97614928	0.05102664625997166	0.0106083	3e-05
-0.006	-0.1657	0.0924	-0.0017278759594743865	-0.00037350045992678646	-0.0018814649336498872	1.01943409	59.23898315	0.97878217	0.050209831567151246	0.0116886	0.0001
-0.0059	-0.1585	0.1092	-0.0019757127132575807	-0.00039968039870670147	-0.002012364627549462	1.04512405	60.73181534	0.98680472	0.044345819323134195	0.0108511	8e-05
-0.0091	-0.1697	0.1027	-0.0019460421159736775	-0.00034033920413889426	-0.0021205750411731105	1.00804222	58.57700348	0.97285702	0.030761110273767937	0.0103723	7e-05
-0.0023	-0.2081	0.0913	-0.0016964600329384882	-0.0002129301687433082	-0.00205599785884932	1.02845085	59.76293945	0.99449218	0.07867841503772832	0.0113155	7e-05
-0.0029	-0.1581	0.1087	-0.001668534764906579	-0.00014486232791552936	-0.0020001473227855013	1.03398097	60.08429718	0.99632698	0.07559218224617537	0.0106775	5e-05
-0.0111	-0.1187	0.1121	-0.0014346606451393388	-0.0001308996938995747	-0.0019861846887695473	0.99934131	58.07139587	0.9708071	0.06408996938995742	0.0113751	5e-05
-0.0125	-0.045	0.117	-0.0014381513036433276	-0.00021118483949131387	-0.0019408061282176943	1.04685807	60.83257675	1.00192027	0.08645771823237905	0.0137579	0.00014
-0.0091	0.0116	0.1306	-0.0017470745812463236	-0.00034208453339088857	-0.001839577031602023	1.03520036	60.15515137	0.99636054	0.10065260340591207	0.0146412	0.00022
-0.0045	-0.0708	0.1047	-0.0017086773377024485	-0.00017627825445142725	-0.001891936909161853	1.02311432	59.45283508	0.98711012	0.12572817000215833	0.0121307	7e-05
-0.0089	-0.1437	0.1021	-0.001626646862858715	-0.00013264502315156904	-0.0019826940302655584	1.03406084	60.08893585	0.99937296	0.09072104136236483	0.0113459	0.0001
-0.0125	-0.1498	0.1154	-0.0016528268016386303	2.094395102393195e-05	-0.0018465583486100008	1.02691674	59.67379379	0.98596521	0.038795229730548685	0.0109283	0.00011
-0.014	-0.1154	0.1154	-0.0016004669240788003	-9.773843811168246e-05	-0.0017976891295541592	0.99592662	57.87297058	0.96998491	0.04689557428756429	0.0110214	6e-05
-0.0093	-0.1521	0.1205	-0.0018570303241219666	-3.490658503988659e-05	-0.001759291886010284	1.01656139	59.07204819	0.98303846	0.06438962483294187	0.0112585	6e-05
-0.0072	-0.2131	0.1027	-0.0018622663118779497	0.00011519173063162575	-0.001811651763570114	1.02964544	59.83235931	0.99580135	0.09128470904936625	0.0107595	0.00011
-0.0129	-0.2009	0.1151	-0.001839577031602023	7.330382858376184e-05	-0.001853539665617978	1.01093471	58.74508286	0.97646174	0.035623254218582735	0.0100014	1e-05
-0.0159	-0.1361	0.1185	-0.001780235837034216	-4.0142572795869576e-05	-0.0018500490071139892	1.02406991	59.50836563	0.98620386	0.08001391272257134	0.0113251	0.00012
-0.0133	-0.0802	0.1176	-0.0018570303241219666	-0.0001239183768915974	-0.0018465583486100008	1.03673899	60.24456406	0.99769189	0.06760304748437336	0.0120476	0.0001
-0.0105	-0.1226	0.1059	-0.0017243853009703976	-8.726646259971648e-06	-0.0017435839227423352	1.00276136	58.27013397	0.97588823	0.07444055898254302	0.0102034	4e-05
-0.0198	-0.1449	0.1109	-0.0017034413499464657	-4.18879020478639e-05	-0.0018500490071139892	1.02454317	59.53586578	0.97401489	0.04462851455917392	0.0110338	9e-05
-0.0228	-0.1086	0.1121	-0.0015899949485668342	-3.665191429188092e-05	-0.0017540558982543013	1.04252553	60.58081818	0.99278273	0.05123377489976512	0.0115179	8e-05
-0.018	-0.0548	0.1281	-0.0018622663118779497	-7.67944870877505e-05	-0.001668534764906579	1.02453971	59.5356636	0.98913021	0.09449675347273535	0.0119555	3e-05
-0.002	-0.1078	0.1135	-0.0017523105690023068	8.552113334772214e-05	-0.0015376350710070042	1.02435243	59.52478409	0.97622922	0.1037585528605345	0.0120396	8e-05
0.0022	-0.1585	0.1087	-0.001579522973054868	0.0002548180707911721	-0.001509709802975095	1.03931391	60.39418793	0.9954308	0.07820049007113988	0.0118858	9e-05
-0.0032	-0.1542	0.1141	-0.0015114551322270892	0.0001186823891356144	-0.0015114551322270892	1.02044559	59.29776001	0.97586338	0.025397442586766527	0.010483	5e-05
-0.0086	-0.1582	0.1165	-0.0014922565104551516	4.0142572795869576e-05	-0.0015812683023068625	1.01006317	58.69443893	0.96759437	0.020177580409572803	0.0112213	9e-05
-0.0086	-0.1017	0.1312	-0.001778490507782222	-8.726646259971648e-06	-0.0015027284859671175	1.05077207	61.06002045	0.99899751	0.09188215163613285	0.0117728	0.00014
-0.0068	-0.1564	0.1106	-0.0017243853009703976	0.0001937315469713706	-0.0015969762655748114	1.01549125	59.00986481	0.98243935	0.09464055898254306	0.00993055	3e-05
-0.0152	-0.1879	0.1147	-0.0016057029118347831	0.00017453292519943296	-0.0016702800941585732	1.03794646	60.31472778	0.97264305	0.054559241974565686	0.0112289	0.00013
-0.0197	-0.1484	0.12	-0.0015760323145508795	0.0001291543646475804	-0.001616174887346749	1.05751014	61.4515686	0.98859514	0.05575771823237902	0.0112928	0.00012
-0.0169	-0.0783	0.1384	-0.001780235837034216	-3.4906585039886588e-06	-0.0015690509975429022	1.04162693	60.5286026	0.99833575	0.11049862177193764	0.0112891	2e-05
-0.0176	-0.1036	0.1324	-0.0018692476288859267	6.45771823237902e-05	-0.001668534764906579	1.01139188	58.77164841	0.9716324	0.04482817000215833	0.011685	7e-05
-0.0228	-0.1774	0.1187	-0.0017296212887263805	0.00021642082724729686	-0.0017523105690023068	1.04792643	60.89466476	1.00689797	0.11146228945893905	0.0107724	7e-05
-0.0271	-0.1501	0.1361	-0.0016632987771505957	0.00012740903539558605	-0.0017121679962064373	1.02520418	59.57427597	0.98663593	0.05877384381116824	0.0101705	4e-05
-0.0285	-0.1233	0.1328	-0.001473057888683214	6.108652381980153e-05	-0.0017016960206944712	0.98963445	57.50733566	0.97123816	0.04485176877775661	0.0120842	9e-05
-0.0331	-0.0967	0.1448	-0.001637118838370681	-3.316125578789226e-05	-0.001748819910498318	1.03648925	60.23005295	0.99401342	0.05847163095495038	0.01185	0.00011
-0.0343	-0.1399	0.1199	-0.0014782938764391971	6.806784082777885e-05	-0.0018413223608540175	1.01882744	59.20372772	0.98861459	0.08692782544514271	0.0108087	4e-05
-0.0358	-0.1712	0.1225	-0.001291543646475804	4.886921905584123e-05	-0.001864011641129944	1.01029909	58.70814896	0.97603682	0.046831906600562856	0.0106671	4e-05
-0.0362	-0.1304	0.1266	-0.001361356816555577	-1.3962634015954635e-05	-0.0018657569703819383	1.03672075	60.24350357	0.99738762	0.05201951762017817	0.0120943	0.00012
-0.0478	-0.0849	0.1439	-0.0015585790220309364	-0.0001239183768915974	-0.002038544566329377	1.03967845	60.41537476	1.00300855	0.098398277214922	0.0129891	0.00019
-0.0374	-0.1377	0.128	-0.001356120828799594	8.726646259971648e-05	-0.0019949113350295183	1.00796103	58.57228851	0.98106019	0.10196381320112571	0.0116369	7e-05
-0.0317	-0.1891	0.133	-0.001090830782496456	7.155849933176751e-05	-0.0018779742751458986	1.00623369	58.47191238	0.98839301	0.08199675347273534	0.011983	0.00015
-0.0405	-0.1368	0.1358	-0.0011780972450961724	-8.203047484373349e-05	-0.0020350539078253884	1.03361332	60.06293488	0.9963209	0.08379675347273534	0.0122099	0.00017
-0.0475	-0.0564	0.1315	-0.0014259339988793671	-0.00017627825445142725	-0.002124065699677099	1.05335557	61.21014786	1.01783855	0.11325481626212996	0.0139951	0.00025
-0.0454	-0.1147	0.1218	-0.0013857914260834976	-5.061454830783555e-05	-0.0021467549799530253	1.00918949	58.64366913	0.98236211	0.07952477796076937	0.0119925	0.00013
-0.0413	-0.207	0.1163	-0.0012199851471440364	8.901179185171081e-05	-0.0020769418098732523	1.05820858	61.49215317	1.01025888	0.120662289458939	0.0120691	0.00017
-0.0401	-0.1593	0.1265	-0.001239183768915974	-6.632251157578452e-05	-0.002176425577236929	1.06288993	61.76418304	1.00925153	0.07280083462815545	0.012243	0.00016
-0.0526	-0.0833	0.1437	-0.0015655603390389136	-0.00028623399732707005	-0.0023160519173964756	1.0544945	61.27632904	1.0143266	0.1399957198016886	0.0123178	9e-05
-0.0391	-0.1345	0.1288	-0.0015638150097869194	-0.00010297442586766544	-0.002155481626212997	1.04800498	60.89922333	0.99418526	0.09687875959474387	0.0120139	0.00015
-0.0363	-0.1942	0.1193	-0.0013491395117916165	5.061454830783555e-05	-0.0021101030656611444	1.0520699	61.13544083	1.00857056	0.0926821516361328	0.0111428	9e-05
-0.0387	-0.1598	0.1258	-0.0013369222070276565	6.981317007977319e-05	-0.002045525883337354	1.03452682	60.11601257	0.99461558	0.04809965544298441	0.0105166	6e-05
-0.0409	-0.0947	0.1317	-0.0015027284859671175	-1.7453292519943296e-05	-0.0019617500792416262	1.03158426	59.9450264	0.9922464	0.09004242728174527	0.0124071	0.00012
-0.0392	-0.1423	0.0977	-0.0015271630954950383	0.0001675516081914556	-0.0019617500792416262	1.05385005	61.23888016	1.01178274	0.093771975511966	0.0112849	0.00011
-0.042	-0.1821	0.1152	-0.0014765485471872027	2.792526803190927e-05	-0.0018744836166419098	1.02205515	59.39129257	0.9880203	0.07397536755335493	0.00988269	5e-05
-0.0453	-0.1439	0.1185	-0.0013665928043115599	-0.00011344640137963142	-0.0018291050560900572	1.03091681	59.90623856	0.98259505	0.05963529864195181	0.0116391	0.00012
-0.0511	-0.0737	0.1246	-0.001635373509118687	-0.00017278759594743863	-0.0020263272615654165	1.06387496	61.82142258	1.01149329	0.10836720524251468	0.0124787	0.00011
-0.0478	-0.1212	0.1036	-0.0016859880574265225	8.028514559173915e-05	-0.002089159114637212	1.01390982	58.91796875	0.98551828	0.09012595714594045	0.0104492	3e-05
-0.0531	-0.2035	0.1085	-0.0015777776438028737	8.37758040957278e-05	-0.0021746802479849347	1.06472564	61.87086105	1.0039757	0.10236111027376799	0.0112333	0.0001
-0.0624	-0.1418	0.1252	-0.0016790067404185449	-9.075712110370512e-05	-0.002336995868420407	1.05879056	61.52597427	1.00374652	0.1096038821125288	0.0108788	7e-05
-0.0777	-0.074	0.1356	-0.0019024088846738192	-0.0002199114857512855	-0.0025115287936198403	1.03794158	60.3144455	1.00018537	0.11985447170511442	0.0116315	0.00013
-0.0753	-0.1184	0.1081	-0.0018744836166419098	-7.330382858376184e-05	-0.0025918139392115793	0.99751902	57.96550369	0.9669865	0.0870409035395586	0.0105247	0.00011
-0.0736	-0.1733	0.1108	-0.0017994344588061536	-1.7453292519943296e-05	-0.0025499260371637153	1.01211143	58.8134613	0.98659041	0.06793937979737193	0.0108608	9e-05
-0.0752	-0.1434	0.1172	-0.0017837264955382047	-0.0001291543646475804	-0.002541199390903744	1.03711736	60.26655197	0.98623447	0.044706784082777895	0.0102187	0.00011
-0.082	-0.0776	0.1311	-0.0020280725908174107	-0.00011170107212763708	-0.002535963403147761	1.02797556	59.73532104	0.9891465	0.0998517687777566	0.0115151	9e-05
-0.0839	-0.1329	0.1147	-0.00210835773640915	-2.792526803190927e-05	-0.0027104963283471934	1.05035114	61.03556442	1.00865607	0.09052969374434496	0.0110505	8e-05
-0.0778	-0.1589	0.1067	-0.002057743188101315	-4.363323129985824e-05	-0.002633701841259443	1.02289355	59.44000626	0.98289341	0.04725584993317675	0.0095132	5e-05
-0.0753	-0.1558	0.1165	-0.0019006635554218248	-5.235987755982989e-05	-0.002623229865747477	1.04416418	60.67603683	0.97474207	0.0242139127225714	0.0106618	0.00017
-0.0873	-0.0928	0.1452	-0.00233001455141243	-0.0002129301687433082	-0.0028710666195306722	1.09367514	63.5531044	1.01481651	0.14558790204786393	0.0120241	0.00012
-0.0889	-0.1034	0.1312	-0.0024748768793279594	-0.00017976891295541595	-0.00301941960595019	1.01976037	59.25793839	0.98455694	0.042518828506146966	0.0103208	6e-05
-0.077	-0.2087	0.1196	-0.002261946710584651	6.283185307179586e-05	-0.0027715828521669953	1.09508348	63.6349411	1.02053989	0.16396838442768577	0.0106478	7e-05
-0.0701	-0.1718	0.1312	-0.002141518992197042	8.203047484373349e-05	-0.0025987952562195565	1.06256914	61.74554825	0.99419521	0.07102069680534927	0.0105363	8e-05
-0.0736	-0.0923	0.1544	-0.002432988977280095	-3.4906585039886588e-06	-0.0025569073541716926	1.05769753	61.46245575	1.00976982	0.12714395102393197	0.0104302	7e-05
-0.0769	-0.1293	0.1398	-0.0025499260371637153	0.00010995574287564276	-0.002766346864411012	1.02876997	59.78148651	0.99110199	0.07689114857512856	0.0108871	0.00011
-0.069	-0.1856	0.1005	-0.0026249751949994717	0.00046425758103049166	-0.002813470754214859	1.05833304	61.49938965	1.01586118	0.1273237442897226	0.0101914	7e-05
-0.0612	-0.1554	0.1024	-0.0026895523773232616	0.0004886921905584122	-0.002686061718819273	1.01875746	59.19966507	0.98316535	0.050721041362364806	0.00977808	2e-05
-0.0698	-0.0858	0.1175	-0.0027279496208671367	0.00035081117965086024	-0.0026511551337793865	1.0551517	61.31451797	1.00785365	0.10385924197456568	0.0113866	0.00015
-0.0681	-0.0867	0.114	-0.0028728119487826664	0.00042236967898262774	-0.0026022859147235454	1.02002454	59.27328873	0.98636517	0.01936450231515692	0.0103766	5e-05
-0.0616	-0.1761	0.1012	-0.0027296949501191318	0.0005270894341022875	-0.0025726153174396417	1.08804536	63.22595978	1.01080918	0.12257536755335492	0.0109581	0.0002
-0.07	-0.1581	0.1041	-0.0027576202181510408	0.0005288347633542819	-0.0027715828521669953	1.06927109	62.13499069	0.99264829	0.04073190660056286	0.0108597	0.00012
-0.0753	-0.1018	0.1259	-0.0030211649352021846	0.000450294947014537	-0.0027942721324429216	1.03648901	60.23003387	0.98811246	0.10163869068334073	0.0102473	6e-05
-0.0734	-0.1293	0.1132	-0.003153809958353753	0.0005270894341022875	-0.002823942729726825	1.04533446	60.74404526	0.98799519	0.05405550537616113	0.0117031	0.00016
-0.0682	-0.1857	0.0957	-0.0031049407392979124	0.00062482787221397	-0.002825688058978819	1.04992723	61.01092911	1.00186844	0.08651764932097587	0.0109826	0.00012
-0.062	-0.1722	0.1045	-0.0030211649352021846	0.0006056292504420323	-0.0027157323161031764	1.01950622	59.24317169	0.98086689	0.03914650843716542	0.00995463	4e-05
-0.0664	-0.1432	0.1142	-0.0028815385950426383	0.0005340707511102648	-0.002811725424962865	1.01401544	58.9241066	0.98152443	0.05845889741755012	0.0110799	0.0001
-0.078	-0.0794	0.1314	-0.003078760800517997	0.00028797932657906436	-0.002975786374650332	1.04004014	60.43639374	1.00198195	0.12296872898470128	0.0111531	9e-05
-0.0694	-0.1255	0.1126	-0.0029792770331543207	0.0003595378259108319	-0.0029234264970905022	1.01334178	58.88496017	0.97622069	0.08467010721276366	0.0107124	6e-05
-0.068	-0.1973	0.114	-0.0029373891311064567	0.0004363323129985824	-0.002874557278034661	1.04609978	60.78851318	1.00196847	0.08297758040957277	0.0108437	0.00011
-0.0702	-0.148	0.1245	-0.0028780479365386495	0.00038397243543875244	-0.002806489437206882	1.04203725	60.55244446	0.99348436	0.07098844564777082	0.00981551	2e-05
-0.0684	-0.1112	0.1358	-0.0029705503868943488	0.0005218534463463045	-0.0027331856086231197	1.00147188	58.19520569	0.97547663	0.06508436449235068	0.0111881	7e-05
-0.0648	-0.1137	0.1373	-0.0031834805556376572	0.0005183627878423159	-0.002713986986851182	1.02494991	59.55950546	0.9877103	0.019380972450961736	0.0111829	0.0001
-0.057	-0.1678	0.1144	-0.0031555552876057474	0.0007155849933176752	-0.002621484536495483	1.02646351	59.64746094	0.99298215	0.10068249619314842	0.0103118	0.00011
-0.0534	-0.1827	0.119	-0.0031171580440618727	0.0006876597252857658	-0.002579596634447619	0.9959532	57.87451553	0.9692746	0.02851052068118239	0.0100974	4e-05
-0.0535	-0.1436	0.1181	-0.0030473448739821	0.0006283185307179585	-0.002597049926967562	1.02323258	59.45970917	0.9900014	0.04743038285837614	0.0110162	7e-05
-0.0537	-0.0982	0.1321	-0.00334579617607313	0.0005811946409141118	-0.002553416695667704	1.03434598	60.10550308	0.99868139	0.07906042115973673	0.0107904	3e-05
-0.0597	-0.1177	0.1113	-0.0032306044454415038	0.0006789330790257941	-0.002488839513343914	1.00569201	58.4404335	0.97440147	0.06017536755335495	0.0109039	4e-05
-0.0636	-0.1695	0.1063	-0.003145083312093782	0.0006562437987498679	-0.002590068609959585	1.02578223	59.60787201	0.99606926	0.07117197551196595	0.0110593	9e-05
-0.0646	-0.1681	0.1066	-0.0031381019950858045	0.000645771823237902	-0.0026563911215353696	1.02516615	59.57207108	0.98775907	0.006888790204786417	0.0101142	0.0001
-0.0593	-0.2204	0.1086	-0.002981022362406315	0.0006527531402458793	-0.002647664475275398	1.00876665	58.61910248	0.98069535	0.06823937979737195	0.00986153	4e-05
-0.0679	-0.205	0.1172	-0.0027872908154349444	0.00033335788713091696	-0.0026843163895672786	1.03196537	59.9671669	0.9902744	0.06008893571891069	0.0104168	7e-05
-0.0716	-0.116	0.1203	-0.002935643801854462	0.00020594885173533088	-0.0027366762671271086	1.0667485	61.98840332	1.01603741	0.11220609496874669	0.00995171	6e-05
-0.0739	-0.0781	0.1332	-0.0030490902032340936	0.0001972222054753592	-0.0027035150113392165	1.03229129	59.98611069	0.9848412	0.06086671517137476	0.0117717	8e-05
-0.0762	-0.1243	0.1049	-0.002886774582798621	0.0002565634000431664	-0.002930407814098479	1.0594008	61.56143188	1.01110952	0.09922748088812712	0.0120294	0.00012
-0.0681	-0.1556	0.1085	-0.0027838001569309555	0.0003054326190990077	-0.0027942721324429216	1.02427876	59.520504	0.98410142	0.057398966328953215	0.00960845	5e-05
-0.0585	-0.1523	0.1137	-0.0027471482426390747	0.00029321531433504735	-0.002621484536495483	1.04038966	60.45669937	0.98935765	0.02918284075016398	0.0109918	0.00011
-0.0553	-0.0984	0.1288	-0.0031363566658338103	0.00021118483949131387	-0.0024870941840919192	1.06362259	61.8067627	1.00828413	0.10248146252210162	0.0105828	8e-05
-0.0477	-0.174	0.0956	-0.003033382239966145	0.0004799655442984406	-0.002515019452123829	1.03358126	60.06106949	0.9956433	0.13638401993533508	0.00998133	3e-05
-0.051	-0.2284	0.0979	-0.0030124382889422127	0.0005445427266222308	-0.0025638886711796703	1.02860832	59.77209473	0.99268018	0.06671951762017818	0.0110289	6e-05
-0.0548	-0.1892	0.1055	-0.0028675759610266834	0.0003944444109507184	-0.002569124658935653	1.03776097	60.30394745	0.98955497	0.06560983156715121	0.00954551	6e-05
-0.0534	-0.1408	0.1085	-0.0028518679977587343	0.00030368728984701333	-0.002495820830351891	1.04874289	60.94210434	0.9909693	0.06178844564777079	0.0122156	0.00011
-0.055	-0.1138	0.1123	-0.0030613075079980543	0.00023387411976724014	-0.00244695161129605	1.07432592	62.42873001	1.00998756	0.04880609496874672	0.0115571	0.0001
-0.0508	-0.1725	0.0988	-0.003040363556974122	0.0004014257279586958	-0.0025045474766118626	1.02829754	59.75403214	0.99207906	0.08870457122656	0.00978041	7e-05
-0.0571	-0.1921	0.1055	-0.0027838001569309555	0.000322885911618951	-0.0025551620249196984	1.04354811	60.6402359	0.98848604	0.05188588823453737	0.0110985	0.00011
-0.0486	-0.1137	0.1013	-0.0030997047515419294	0.00014486232791552936	-0.0023701571242082994	1.09679258	63.73426056	1.02820255	0.12504665395128972	0.0112027	0.00016
-0.0486	-0.13	0.106	-0.0033196162372932147	0.00027576202181510406	-0.002385865087476248	1.00779963	58.56290436	0.97720821	0.03932595714594044	0.0100243	8e-05
-0.0497	-0.2128	0.0923	-0.0031817352263856626	0.000450294947014537	-0.0024312436480281013	1.06193137	61.70848083	1.00643352	0.11548962483294188	0.0112094	0.00014
-0.0517	-0.1893	0.097	-0.003080506129769991	0.0004363323129985824	-0.002408554367752175	1.04299676	60.60820389	0.98882343	0.03709405054537764	0.00979888	7e-05
-0.0535	-0.1476	0.1052	-0.003085742117525975	0.0003665191429188092	-0.00244695161129605	1.01049972	58.71980667	0.97889487	0.05737232006898159	0.0104389	9e-05
-0.0516	-0.1229	0.1222	-0.0034348079679248403	0.0003769911184307752	-0.002363175807200322	1.04527366	60.74050903	0.99769141	0.06576568150032798	0.0114639	0.00013
-0.052	-0.1758	0.099	-0.0033440508468211352	0.000460766922526503	-0.002494075501099897	1.02854943	59.76867294	0.99112485	0.0917716309549504	0.0098635	3e-05
-0.0516	-0.2072	0.1032	-0.0031381019950858045	0.0005148721293383271	-0.0024731315500759648	1.0300293	59.85466766	0.98475169	0.050049900478554336	0.0106454	0.00013
-0.0544	-0.1643	0.1104	-0.0031293753488258326	0.0003351032163829112	-0.0025324727446437724	1.05521858	61.31840897	1.00006796	0.06529183768915976	0.010724	7e-05
-0.0572	-0.0907	0.1307	-0.0033580134808370897	0.0001256637061435917	-0.00249931148885588	1.0544697	61.27488708	1.00814361	0.12026194490192346	0.0105252	4e-05
-0.0604	-0.1827	0.1092	-0.0032969269570172887	0.00031415926535897925	-0.0025726153174396417	1.05954444	61.56977844	1.00755467	0.13284429558094754	0.0106398	9e-05
-0.0603	-0.2164	0.1037	-0.0031258846903218446	0.0003874630939427412	-0.0026022859147235454	1.05208182	61.13613129	0.99569635	0.053000834628155497	0.0112523	0.00017
-0.0582	-0.1714	0.1076	-0.0030543261909900766	0.0002129301687433082	-0.0025464353786597265	1.05591917	61.35911942	0.99774578	0.066097098029751	0.00938314	3e-05
-0.0572	-0.122	0.1218	-0.0032969269570172887	4.363323129985824e-05	-0.0025115287936198403	1.02448964	59.53275681	0.989722	0.08694021442552742	0.0108581	0.00014
-0.0589	-0.1405	0.1045	-0.003378957431861022	0.00012740903539558605	-0.0025865779514555962	1.0433495	60.62870026	0.99912012	0.04954277183876088	0.0110409	0.0001
-0.0527	-0.2061	0.1032	-0.0034644785652087444	0.0003159045946109737	-0.0024836035255879313	1.0342381	60.09923935	0.99402691	0.09194955592153872	0.00961196	3e-05
-0.0587	-0.2215	0.1063	-0.0034609879067047556	0.0003822271061867582	-0.0026930430358272505	1.02168274	59.36964798	0.97503623	0.03846263401595464	0.0111077	0.00014
-0.0564	-0.1425	0.1149	-0.0036686820876920805	0.00035081117965086024	-0.002553416695667704	1.08300328	62.93296432	1.02166932	0.10883682238413848	0.0112253	0.00012
-0.0553	-0.112	0.1169	-0.003766420525803763	0.0003961897402027128	-0.0024731315500759648	1.01573157	59.0238266	0.98464839	0.0447701072127637	0.0106421	3e-05
-0.0479	-0.2044	0.0915	-0.0036704274169440743	0.000614355896702004	-0.0023998277214922034	1.08563137	63.08568192	1.0217171	0.14457315469713708	0.0118894	0.0002
-0.05	-0.207	0.1045	-0.0036459928074161546	0.0005427973973702365	-0.002436479635784084	1.0484879	60.92728806	0.99362485	0.02433225115757838	0.0106592	0.00011
-0.0526	-0.1824	0.1191	-0.003415609346152903	0.00043458698374658803	-0.0024923301718479027	1.0077219	58.55839157	0.97734138	0.06152222054753593	0.00974745	3e-05
-0.0522	-0.1537	0.1196	-0.0033597588100890844	0.0003874630939427412	-0.002436479635784084	1.03592265	60.1971283	0.98980691	0.037541248096574206	0.0109077	0.00012
-0.0476	-0.0817	0.1339	-0.0037088246604879502	0.0004206243497306334	-0.002256710722828668	1.04805946	60.90238953	1.0004186	0.11899980095710869	0.0110664	5e-05
-0.0465	-0.1338	0.1114	-0.004070107815650777	0.0005096361415823442	-0.0022218041377887812	1.06257844	61.74608612	0.99729213	0.0999600766027212	0.0122274	0.00018
-0.0494	-0.2393	0.0817	-0.004162610266006475	0.0006161012259539982	-0.0022706733568446224	1.09355879	63.54634476	1.03882635	0.15049183768915966	0.0134826	0.00033
-0.0469	-0.21	0.0954	-0.0039339721339952186	0.0005235987755982988	-0.002183406894244906	1.05149531	61.10204697	0.99487978	0.06592035224833365	0.0111057	7e-05
-0.0413	-0.1819	0.0948	-0.003680899392456041	0.0005410520681182421	-0.0021013764194011725	0.98354924	57.15372467	0.96743393	0.05192782544514272	0.0114281	8e-05
-0.0439	-0.1167	0.1023	-0.004000294645571003	0.0004572762640225143	-0.00217293491873294	1.048419	60.92328644	1.004284	0.09903647782712287	0.012287	9e-05
-0.0464	-0.1485	0.0691	-0.003703588672731967	0.0005462880558742252	-0.0023544491609403502	1.02997041	59.85124588	0.99768314	0.0958616003449078	0.0117794	0.00016
-0.0438	-0.2096	0.0765	-0.0036128315516282617	0.0005707226654021458	-0.0022689280275926286	1.00969148	58.67284393	0.98183093	0.08113564319896739	0.0109743	6e-05
-0.0431	-0.1591	0.0748	-0.0035901422713523357	0.0005253441048502931	-0.002178170906488923	1.01987445	59.26457214	0.9794747	0.06084124809657422	0.0118456	0.0001
-0.0479	-0.1277	0.0817	-0.0038990655489553323	0.00043458698374658803	-0.0022008601867648495	1.05334854	61.20973587	1.00350049	0.06421848394913136	0.011946	0.00013
-0.0525	-0.1664	0.0679	-0.0038397243543875246	0.0005410520681182421	-0.0023160519173964756	1.01086867	58.74124527	0.97790394	0.07114990047855436	0.0112341	0.0001
-0.055	-0.2312	0.0656	-0.0036931166972200015	0.0005044001538263612	-0.002466150233067988	1.02840424	59.76023483	0.99841223	0.08626789435654582	0.0125322	0.00018
-0.067	-0.1869	0.0835	-0.003623303527140228	0.0002705260340591211	-0.002694788365079245	1.06182551	61.70233154	1.00095835	0.1008162710929135	0.0105608	6e-05
-0.0719	-0.1339	0.0965	-0.0036163222101322505	0.00014660765716752367	-0.002766346864411012	1.04560101	60.75953293	0.98762608	0.08102290966156714	0.011863	0.00018
-0.0676	-0.1114	0.1006	-0.0037419859162758423	0.00012740903539558605	-0.002707005669843205	1.06631947	61.96347427	1.00052028	0.041110176124166835	0.0118684	0.0002
-0.063	-0.1816	0.0833	-0.003635520831904189	0.00029845130209103034	-0.0027680921936630064	1.02450395	59.53359222	0.99018704	0.10902969374434494	0.0103772	3e-05
-0.0653	-0.2216	0.0903	-0.003637266161156183	0.00017278759594743863	-0.002879793265790644	1.05103469	61.07528305	0.98262965	0.06125550537616116	0.012086	0.00017
-0.0667	-0.1756	0.0928	-0.0036843900509600297	-3.141592653589793e-05	-0.0029129545215785357	1.07898629	62.69953918	0.99647906	0.0641244334037537	0.0114942	0.00012
-0.0692	-0.1299	0.118	-0.0038501963298994907	-0.00017104226669544429	-0.002885029253546627	1.02405739	59.50764084	0.98672808	0.0900678943565458	0.0103652	5e-05
-0.0712	-0.1536	0.1035	-0.004002039974822997	-6.45771823237902e-05	-0.003001966313430246	1.01244819	58.83303452	0.97373583	0.058962289458938985	0.0114453	0.00011
-0.0708	-0.2274	0.087	-0.0038833575856873836	-3.665191429188092e-05	-0.003113667385557884	1.03445828	60.11203384	0.99792309	0.10361543646475802	0.011901	0.00012
-0.069	-0.1993	0.1033	-0.003790855135331684	-0.00013439035240356338	-0.0030909781052819575	1.02258456	59.42205048	0.98178276	0.05684650843716542	0.0102397	6e-05
-0.0621	-0.1764	0.1031	-0.00382576172037157	-0.00017627825445142725	-0.002975786374650332	0.99656183	57.90988159	0.96992772	0.0395993108859688	0.0114469	9e-05
-0.0521	-0.1305	0.0921	-0.004169591583014453	-0.0002844886680750757	-0.0027995081201989047	1.05320048	61.20113754	1.01058613	0.09831592653589791	0.0120353	0.00019
-0.0487	-0.1345	0.0856	-0.004113741046950634	-0.00010821041362364843	-0.0029059732045705585	0.99369764	57.74344635	0.9717917	0.030829693744345004	0.0110021	0.00012
-0.0519	-0.2228	0.0891	-0.004082325120414737	0.0001012290966156711	-0.002933898472602468	1.06195188	61.70967484	1.00539201	0.10843903524035632	0.0125153	0.00013
-0.0561	-0.2114	0.0993	-0.003968878719035105	4.18879020478639e-05	-0.002909463863074547	1.04878223	60.94438934	0.98882782	0.035661110273767976	0.0109549	0.0001
-0.0547	-0.1621	0.1053	-0.003968878719035105	5.235987755982988e-06	-0.002778564169174973	1.01217735	58.81729126	0.98364336	0.06507758040957276	0.0109061	6e-05
-0.0603	-0.1253	0.1163	-0.004235914094590238	-4.537856055185256e-05	-0.002898991887562581	1.03053784	59.88421631	0.99482864	0.07530388211252878	0.0121524	9e-05
-0.0609	-0.1775	0.0977	-0.00419228086329038	3.839724354387525e-05	-0.0030490902032340936	1.01550055	59.01040649	0.98686587	0.08527536755335492	0.0110461	6e-05
-0.06	-0.2009	0.1027	-0.004019493267342941	4.886921905584123e-05	-0.0029914943379182805	1.03297925	60.02608871	0.9695961	0.041342771838760894	0.0118966	0.00021
-0.0613	-0.1383	0.1177	-0.0042987459476620336	-9.599310885968811e-05	-0.0029967303256742636	1.06290102	61.76483154	0.99734216	0.10036754979953022	0.0123497	0.00012
-0.0623	-0.1212	0.1283	-0.00456752665246916	-4.71238898038469e-05	-0.0030455995447301047	1.01778221	59.14299011	0.98080219	0.04702595714594045	0.0121322	0.00015
-0.0603	-0.2238	0.1072	-0.004314453910929983	0.00015533430342749534	-0.003110176727053895	1.04077947	60.47935486	1.0013828	0.15170540585471548	0.0117265	0.0001
-0.058	-0.2184	0.1292	-0.004255112716362175	1.2217304763960308e-05	-0.0030421088862261168	1.01773858	59.14045715	0.98397351	0.043226301702956056	0.0121714	0.00013
-0.0586	-0.141	0.1456	-0.004473278872861466	-3.490658503988659e-05	-0.0030229102644541784	1.05556166	61.33834457	1.01007636	0.10862443340375384	0.0118265	0.00012
-0.0533	-0.1311	0.1384	-0.004452334921837535	0.0001972222054753592	-0.0029269171555944902	1.00052094	58.13994598	0.97060086	0.039853292519943274	0.0116379	0.0001
-0.0508	-0.2338	0.1267	-0.004267330021126135	0.00034557519189487725	-0.002981022362406315	1.05863321	61.51683044	1.01998858	0.13627315469713713	0.0123703	7e-05
-0.0511	-0.1908	0.1295	-0.004150392961242515	0.0002565634000431664	-0.0029112091923265415	1.03137016	59.93258286	0.9858204	0.05988810109075521	0.0108587	5e-05
-0.0471	-0.1369	0.142	-0.004377285764001779	0.00017278759594743863	-0.002790781473938933	1.04191434	60.54530334	0.98850685	0.09195481626213	0.0127626	0.00019
-0.0518	-0.1837	0.1407	-0.004537856055185257	0.0002652900463031381	-0.003035127569218139	1.070979	62.23424149	1.01043502	0.0776709418409192	0.0125905	0.00019
-0.0551	-0.2376	0.1372	-0.004382521751757761	0.00034208453339088857	-0.0031258846903218446	1.02056813	59.30487823	0.9836979	0.0768442955809476	0.0113558	5e-05
-0.0469	-0.2329	0.1488	-0.003953170755767157	0.0003717551306747922	-0.0029722957161463434	1.03714228	60.26799774	0.9817957	0.05513052837250047	0.0120797	0.00011
-0.0423	-0.156	0.1701	-0.0041887902047863905	0.0003351032163829112	-0.0029530970943744054	1.0765506	62.55800247	1.01137808	0.11737349925415262	0.0117924	0.00012
-0.0518	-0.1848	0.1595	-0.004019493267342941	0.000460766922526503	-0.0031311206780778272	1.00414753	58.35068512	0.97614381	0.07254921136452314	0.0105964	5e-05
-0.0554	-0.2707	0.1641	-0.004234168765338243	0.000450294947014537	-0.0032009338481576006	1.05752587	61.45248032	1.0026942	0.10884803217935204	0.0127943	0.00015
-0.0562	-0.1998	0.1647	-0.004213224814314312	0.00026354471705114377	-0.003214896482173555	1.05402696	61.24916458	1.00138517	0.08338284075016397	0.0121053	7e-05
-0.0474	-0.1399	0.1783	-0.0043929937272697275	0.0002495820830351891	-0.0030421088862261168	1.02710068	59.68448639	0.98714726	0.1006259571459404	0.0112242	4e-05
-0.047	-0.208	0.1701	-0.00441044701978967	0.0004468042885105483	-0.0031433379828417875	1.03617585	60.21183777	0.99056526	0.09249522973054862	0.0122471	0.00012
-0.0477	-0.2603	0.1636	-0.004354596483725852	0.0005445427266222308	-0.0031381019950858045	1.04585886	60.77451706	1.00176292	0.06744124809657416	0.0126778	0.0001
-0.0447	-0.2214	0.1757	-0.004187044875534397	0.0004485496177625427	-0.0030578168494940655	1.02839935	59.75995255	0.98657759	0.0711914931321441	0.0110608	4e-05
-0.0398	-0.1611	0.1878	-0.004221951460574283	0.00042760566673861073	-0.0030508355324860886	1.03976762	60.42055893	0.99831334	0.08044159265358977	0.0124935	0.00016
-0.0428	-0.1727	0.1587	-0.004148647631990522	0.0005026548245743669	-0.0031119220563058892	1.04604602	60.78538895	1.00424434	0.054171975511965904	0.0116888	8e-05
-0.0475	-0.2625	0.1438	-0.003958406743523139	0.0006056292504420323	-0.003227113786937515	1.04401255	60.6672287	1.00698111	0.12982035224833371	0.0111645	7e-05
-0.0505	-0.2328	0.152	-0.0038100537571036214	0.00047822021504644627	-0.0032166418114255493	1.0192951	59.23090363	0.98028254	0.05521169986635346	0.0117801	0.0001
-0.0472	-0.1507	0.1846	-0.004237659423842232	0.0003700098014227979	-0.0031311206780778272	1.06925774	62.13421631	1.01613891	0.149066860685499	0.0115113	9e-05
-0.0477	-0.1454	0.1829	-0.004469788214357478	0.0003874630939427412	-0.0032864549815053226	1.01515079	58.99007797	0.9816177	0.02774581932313421	0.0116886	9e-05
-0.0486	-0.2631	0.1645	-0.004262094033370152	0.00029496064358704166	-0.003419100004656891	1.06877172	62.10597229	1.03227994	0.15864208272472968	0.0125404	9e-05
-0.0486	-0.2295	0.1765	-0.004150392961242515	6.108652381980153e-05	-0.0033562681515850955	1.03931391	60.39418793	0.99450775	0.0660203522483336	0.0108825	6e-05
-0.0491	-0.1539	0.189	-0.004359832471481835	-1.7453292519943296e-05	-0.0033527774930811067	1.03160298	59.94610977	0.99863652	0.10317349925415265	0.0117577	6e-05
-0.0478	-0.1892	0.1942	-0.004679227724596798	7.504915783575618e-05	-0.003438298626428829	1.03561044	60.1789856	0.99596314	0.06667094184091925	0.0122885	9e-05
-0.0471	-0.2522	0.178	-0.004541346713689245	0.00021642082724729686	-0.003501130479500625	1.01768434	59.1373024	0.98651907	0.09700422666954446	0.0116408	8e-05
-0.0442	-0.2443	0.1787	-0.0043266712156939426	0.00017278759594743863	-0.0034016467121369483	1.03858256	60.3516922	0.97571324	0.029389624832941847	0.0129256	0.00018
-0.0434	-0.1623	0.2031	-0.004700171675620729	6.283185307179586e-05	-0.0033405601883171464	1.09005964	63.34300613	1.02071697	0.13442713633111153	0.0128501	0.00017
-0.042	-0.1771	0.1901	-0.004626867847036967	0.00019198621771937622	-0.0033108895910332428	1.00323141	58.29745102	0.97409937	0.04080643952576231	0.0112283	8e-05
-0.0401	-0.2728	0.1833	-0.004316199240181977	0.00026878070480712676	-0.0033108895910332428	1.06136215	61.67540359	1.00344729	0.123773154697137	0.0131783	0.00015
-0.0391	-0.2261	0.1938	-0.004080579791162742	0.00021118483949131387	-0.0031974431896536117	1.04592407	60.77830505	0.9969596	0.07853308578573395	0.0118895	5e-05
-0.0382	-0.1362	0.2142	-0.004291764630654057	9.250245035569947e-05	-0.003085742117525975	1.05560219	61.34069824	1.01347478	0.1332784150377283	0.0114727	4e-05
-0.035	-0.1595	0.1997	-0.004307472593922005	0.0002740166925631097	-0.0030874874467779687	0.99157876	57.62031555	0.96841611	0.05094837673636764	0.0123241	8e-05
-0.0356	-0.2497	0.1796	-0.00415213829049451	0.0004310963252425994	-0.003157300616857742	1.04623592	60.79642487	1.01184314	0.13001135530933788	0.012245	0.00012
-0.0343	-0.2192	0.1872	-0.004049163864626845	0.0003961897402027128	-0.0030647981665020423	1.01153886	58.78018951	0.97691047	0.05091917306316258	0.0109159	4e-05
-0.0345	-0.1963	0.1896	-0.004029965242854907	0.0003700098014227979	-0.0030700341542580253	1.03183031	59.95932007	0.97880268	0.028030727415391768	0.0127822	0.00012
-0.0336	-0.1572	0.206	-0.004396484385773717	0.000322885911618951	-0.0030455995447301047	1.05916107	61.54750061	1.00285259	0.07830388211252885	0.0122984	0.00012
-0.037	-0.2252	0.1817	-0.004221951460574283	0.00043458698374658803	-0.0031712632508736965	1.02488327	59.55562973	0.98994012	0.1162948851735331	0.0117073	4e-05
-0.0394	-0.2425	0.181	-0.004080579791162742	0.00039095375244672985	-0.0032009338481576006	1.0073961	58.53945923	0.98120033	0.031133774899765165	0.0126315	0.00017
-0.04	-0.1589	0.2072	-0.004396484385773717	0.0003001966313430247	-0.003118903373313867	1.07972419	62.74241638	1.01708849	0.13483460952792065	0.0116611	6e-05
-0.0401	-0.1936	0.2028	-0.004455825580341524	0.00043458698374658803	-0.0032061698359135836	1.04350412	60.63768005	0.97473989	0.05324990047855433	0.0130264	0.00023
-0.0384	-0.2831	0.1966	-0.004349360495969869	0.0005497787143782138	-0.003218387140677544	1.07026958	62.19301605	1.01789463	0.10909370598836209	0.0138606	0.00024
-0.0397	-0.2169	0.2097	-0.0041329396687225725	0.00042411500823462205	-0.003145083312093782	1.06272674	61.75470352	1.00599324	0.10136941809873252	0.0114522	8e-05
-0.0385	-0.1499	0.2316	-0.0045204027626653135	0.0004537856055185257	-0.0030700341542580253	1.01966214	59.2522316	0.99031124	0.11470914245312008	0.013308	0.00015
-0.0408	-0.2142	0.2033	-0.004405211032033687	0.0005619960191421741	-0.0032637657012293962	1.04329979	60.62581253	1.00999474	0.11575668456133224	0.012467	0.00012
-0.0396	-0.265	0.1882	-0.004214970143566306	0.000645771823237902	-0.0032794736644973454	1.00616348	58.46782684	0.98814704	0.08158623279155294	0.0125179	0.00012
-0.0279	-0.2321	0.1787	-0.004562290664713178	0.0006440264939859076	-0.00325329372571743	1.01665127	59.07727051	0.98368033	0.0728622894589391	0.0121967	7e-05
-0.0267	-0.1771	0.1836	-0.004982915014443811	0.0006719517620178169	-0.003242821750205464	1.04425097	60.68107986	0.9900491	0.08405107966372542	0.0138245	0.00015
-0.0307	-0.2408	0.1525	-0.004694935687864747	0.0007347836150896127	-0.003307398932529255	1.06053472	61.62732315	1.01325941	0.11956941809873252	0.0131353	0.00017
-0.0272	-0.259	0.1724	-0.0045867252742410975	0.0006789330790257941	-0.0031415926535897933	1.02802742	59.73833847	0.98532921	0.058093361431346496	0.0119771	5e-05
-0.0233	-0.2519	0.1757	-0.004340633849709897	0.0006335545184739417	-0.0029880036794142917	1.03626704	60.21713638	0.9836594	0.03655294796292772	0.0132226	0.0002
-0.0236	-0.1667	0.1879	-0.004501204140893376	0.0004520402762665313	-0.0029146998508305304	1.07357919	62.38533401	1.01648478	0.11846941809873256	0.0120874	0.0001
-0.0242	-0.1511	0.1916	-0.004628613176288962	0.0004991641660703782	-0.002898991887562581	0.9981823	58.00404739	0.97333277	0.02941204442336908	0.0117084	8e-05
-0.0278	-0.255	0.1754	-0.0043982297150257105	0.0005759586531581287	-0.0030909781052819575	1.05002558	61.01663971	1.01236657	0.14865820830351892	0.0127787	0.00014
-0.0262	-0.2403	0.1863	-0.00429700061841004	0.0005253441048502931	-0.0030752701420140084	1.03050542	59.88233185	0.98048583	0.035577580409572755	0.0121403	9e-05
-0.0216	-0.1779	0.2031	-0.00450294947014537	0.0003892084231947355	-0.002981022362406315	1.02495444	59.55976868	0.98964198	0.10561661564992907	0.0120121	0.0001
-0.0212	-0.1995	0.1946	-0.004534365396681268	0.0004991641660703782	-0.003005456971934235	0.99801624	57.99439621	0.96727443	0.03879031394697308	0.0121328	0.00013
-0.0207	-0.2755	0.1839	-0.004452334921837535	0.0006771877497737998	-0.0030578168494940655	1.03269768	60.00972366	1.00009408	0.10282069680534926	0.012899	0.00011
-0.0187	-0.2534	0.192	-0.0043214352279379595	0.0006161012259539982	-0.0029862583501622975	1.015872	59.03199005	0.98224611	0.04537723585255725	0.0116129	5e-05
-0.017	-0.2194	0.191	-0.004417428336797647	0.0005532693728822024	-0.0029653143991383657	1.03281128	60.0163269	0.98670192	0.04568844564777076	0.0125192	0.00014
-0.0176	-0.1868	0.2001	-0.004618141200776996	0.0005689773361501514	-0.003043854215478111	1.03657067	60.23477936	0.99521871	0.05704803217935216	0.0120805	0.00012
-0.0246	-0.2568	0.186	-0.004475024202113462	0.000705113017805709	-0.003274237676741362	1.01177657	58.79400253	0.98503852	0.11658180707911713	0.0116531	7e-05
-0.0266	-0.252	0.1923	-0.004317944569433971	0.0005672320068981572	-0.0033353242005611634	1.01304519	58.86772156	0.97509888	0.03090235837034216	0.0127371	0.00014
-0.0312	-0.1965	0.202	-0.004384267081009755	0.0004468042885105483	-0.0033999013828849537	1.04345763	60.63498306	0.98956224	0.08236637061435916	0.0114263	8e-05
-0.026	-0.1591	0.2094	-0.004562290664713178	0.0004799655442984406	-0.003269001688985379	1.00263357	58.26271057	0.97178656	0.06710422666954449	0.0121623	8e-05
-0.0272	-0.2492	0.1951	-0.004560545335461182	0.0006038839211900379	-0.003342305517569141	1.06256831	61.74549866	1.01759461	0.1155483767363678	0.012713	8e-05
-0.0254	-0.2493	0.2008	-0.004386012410261751	0.0005183627878423159	-0.0032480577379614467	1.01570702	59.02240372	0.97925709	0.0253150919077424	0.0115823	5e-05
-0.0276	-0.2089	0.2038	-0.00437379510549779	0.0004625122517784973	-0.003199188518905606	1.02422416	59.51733017	0.97924609	0.051446852994181	0.0125381	0.00011
-0.0282	-0.1863	0.2096	-0.0046530477858168825	0.0004677482395344803	-0.0032445670794574587	1.03203106	59.97098541	0.98610269	0.04549336143134641	0.0121715	8e-05
-0.0283	-0.2597	0.1881	-0.004523893421169302	0.0005794493116621174	-0.0033318335420571745	1.02463496	59.54120255	0.9925044	0.11140609496874668	0.0119598	8e-05
-0.0231	-0.2674	0.1949	-0.004351105825221863	0.0005794493116621174	-0.0032759830059933565	0.98216563	57.0733223	0.96635238	0.03113190660056288	0.0119621	6e-05
-0.0248	-0.2306	0.1939	-0.00415213829049451	0.0005044001538263612	-0.0032812189937493396	1.03910947	60.38230896	0.99584557	0.053462634015954656	0.0120751	0.0001
-0.0251	-0.1598	0.206	-0.004382521751757761	0.00035604716740684323	-0.0032724923474893677	1.04621685	60.7953186	1.00247161	0.10257315469713704	0.0111253	3e-05
-0.0283	-0.2147	0.1882	-0.004384267081009755	0.0005078908123303499	-0.0034086280291449255	1.0356245	60.17980194	0.98409742	0.09038623279155289	0.0122418	0.00013
-0.0322	-0.269	0.1846	-0.004305727264670011	0.0005201081170943102	-0.0035447637108004834	1.04927349	60.97293854	1.0011955	0.07314464013796314	0.0129941	0.00014
-0.0303	-0.2303	0.1932	-0.0041608649367544815	0.0004136430327226561	-0.0035116024550125905	1.04322517	60.62147522	0.99143888	0.06342443340375388	0.011078	5e-05
-0.0354	-0.2131	0.2034	-0.004221951460574283	0.0003089232776029963	-0.003597123588360313	1.0105418	58.72225571	0.97441037	0.04506637061435919	0.0122399	0.00012
-0.0339	-0.1858	0.2125	-0.004461061568097506	0.00027576202181510406	-0.0035901422713523357	1.04265857	60.58854675	0.99676536	0.05186263401595464	0.0124506	0.00013
-0.032	-0.2569	0.1984	-0.004382521751757761	0.0005218534463463045	-0.003598868917612307	1.02695835	59.67621231	0.99518481	0.10376789435654583	0.0115846	6e-05
-0.0365	-0.2945	0.1928	-0.004091051766674708	0.00047647488579445195	-0.0036599554414321086	1.02891171	59.78972244	0.97916431	0.06759675347273532	0.0128079	0.00015
-0.0299	-0.2091	0.2094	-0.00429700061841004	0.0003647738136668148	-0.0034732052114687163	1.06366539	61.80924988	1.01241554	0.13382000769131802	0.012027	0.0001
-0.0275	-0.1916	0.1974	-0.004403465702781694	0.0004380776422505767	-0.0034452799434368064	1.01820731	59.16769409	0.99486637	0.04228470904936631	0.0121514	0.00016
-0.0282	-0.2721	0.1839	-0.00426907535037813	0.0005497787143782138	-0.003459242577452761	1.02284586	59.43723679	0.9951504	0.10770270292735776	0.0116144	0.00011
-0.0262	-0.2582	0.184	-0.004162610266006475	0.0004433136300065597	-0.003384193419617005	1.02040553	59.29542923	0.97477739	0.03039896632895325	0.0123349	0.00024
-0.0241	-0.2169	0.1909	-0.004272566008882118	0.0004415683007545654	-0.00324107642095347	1.05238712	61.15387344	0.99967298	0.0630409035395586	0.0115415	0.00015
-0.0231	-0.1614	0.2008	-0.00434586983746588	0.0004485496177625427	-0.0031171580440618727	1.01331389	58.88333511	0.98522145	0.07661017612416686	0.0113751	8e-05
-0.0287	-0.261	0.178	-0.004180063558526419	0.0005358160803622592	-0.0033056536032772606	1.07016897	62.18716812	1.02789442	0.1500784150377283	0.0122648	0.0001
-0.0275	-0.239	0.1854	-0.004075343803406759	0.0005044001538263612	-0.0032218777991815323	1.0318954	59.96310043	0.98372173	0.04159557428756436	0.0108665	7e-05
-0.0239	-0.246	0.1877	-0.003829252378875559	0.000445058959258554	-0.003160791275361731	1.05344367	61.21526718	0.98249737	0.03122595714594044	0.0127884	0.00024
-0.028	-0.1784	0.1958	-0.004063126498642799	0.00034906585039886593	-0.0031695179216217023	1.10833049	64.40472412	1.02432564	0.09672969374434497	0.0120439	0.00018
-0.0293	-0.195	0.1878	-0.004139920985730549	0.00034033920413889426	-0.0032306044454415038	1.02709091	59.683918	0.98558337	0.033230382858376165	0.0107812	7e-05
-0.0251	-0.3077	0.181	-0.003977605365295077	0.000486946861306418	-0.003242821750205464	1.06413615	61.83660126	1.01524541	0.13975702911834778	0.0126385	0.00013
-0.0223	-0.2657	0.1922	-0.003895574890451344	0.00039968039870670147	-0.0031014500807939236	1.03985476	60.42561722	0.99205855	0.07153343034274949	0.0119676	9e-05
-0.0137	-0.1915	0.2107	-0.0042655846918741415	0.0004537856055185257	-0.0028379053637427798	1.05162108	61.10935593	1.01242158	0.13568298626428826	0.0120057	0.00013
-0.0179	-0.2505	0.1932	-0.004042182547618867	0.0005497787143782138	-0.002993239667170275	1.01645911	59.0661087	0.98704183	0.10443647782712288	0.0117375	9e-05
-0.0301	-0.2864	0.1847	-0.0037350045992678655	0.00041015237421866745	-0.00322885911618951	1.0212338	59.34356308	0.98627501	0.09072118687648913	0.0118781	0.00016
-0.0323	-0.2094	0.187	-0.0037384952577718534	0.00029321531433504735	-0.0032061698359135836	1.04764771	60.87846375	1.00655309	0.08865584993317668	0.0113059	7e-05
-0.0357	-0.1517	0.1992	-0.004019493267342941	0.0001658062789394613	-0.003145083312093782	1.02488852	59.55593491	1.00095212	0.09677467843932375	0.0117725	0.00017
-0.0414	-0.2564	0.1737	-0.0038100537571036214	0.00020420352248333657	-0.0033283428835531865	1.03620875	60.21375275	1.009574	0.15745481626212998	0.010285	3e-05
-0.043	-0.2892	0.1821	-0.0034086280291449255	0.00021642082724729686	-0.003267256359733385	1.01903963	59.21606064	0.98246269	0.0665364778271229	0.0116873	0.00017
-0.0493	-0.2515	0.1847	-0.00334579617607313	2.268928027592628e-05	-0.0034086280291449255	1.06733954	62.02275085	1.00529666	0.06649675347273534	0.0110543	0.00013
-0.051	-0.1877	0.2042	-0.003701843343479973	-5.93411945678072e-05	-0.0033318335420571745	1.03731573	60.27807999	0.99819291	0.11074360646691636	0.010552	6e-05
-0.0502	-0.212	0.191	-0.0038397243543875246	8.37758040957278e-05	-0.003412118687648914	1.0440551	60.66970062	0.98930535	0.05636415775814128	0.0114488	0.00014
-0.0425	-0.2851	0.1714	-0.003532546406036523	0.0001972222054753592	-0.003270747018237374	1.05517411	61.3158226	1.01085882	0.12849980095710867	0.0113512	9e-05
-0.0427	-0.2754	0.1909	-0.0035883969421003415	0.00020769418098732522	-0.0033178709080412204	1.02794516	59.73355484	0.98357928	0.035072320068981575	0.0106691	4e-05
-0.0429	-0.2142	0.1899	-0.0034662238944607386	0.00015533430342749534	-0.003270747018237374	1.01834297	59.17557907	0.98428251	0.07348284075016391	0.0109528	9e-05
-0.0392	-0.1701	0.2038	-0.00394269878025519	0.0002478367537831948	-0.0031677725923697077	1.03799677	60.31764984	0.99994793	0.09529758810089085	0.0113246	7e-05
-0.0312	-0.2186	0.182	-0.004003785304074992	0.0005061454830783556	-0.0032061698359135836	1.01913059	59.22134781	0.99065766	0.09618962483294193	0.0102534	1e-05
-0.033	-0.3272	0.1774	-0.0037803831598197174	0.00047123889803846896	-0.003267256359733385	1.072276	62.30960464	1.01593008	0.1309697626557481	0.0125154	0.00018
-0.0299	-0.2833	0.1845	-0.003687880709464018	0.0003822271061867582	-0.0031468286413457764	1.04055798	60.46648026	0.99435634	0.06919709802975094	0.0112799	8e-05
-0.0258	-0.1995	0.1884	-0.0039235001584832525	0.00033684854563490564	-0.0029618237406343773	1.04842114	60.92340851	1.00601369	0.11510014551412429	0.0101037	3e-05
-0.0237	-0.2211	0.1762	-0.003778637830567723	0.00042935099599060504	-0.00294262511886244	1.02008259	59.27666473	0.96917864	0.04872817000215832	0.0110714	0.00014
-0.0241	-0.2864	0.1673	-0.003555235686312449	0.0004572762640225143	-0.0029967303256742636	1.05191493	61.12643433	1.00317145	0.08987163095495034	0.0118071	0.00018
-0.0243	-0.2436	0.1694	-0.003450515931192789	0.0003822271061867582	-0.0029705503868943488	1.03988552	60.42741013	0.98890287	0.05539744258676652	0.00987285	5e-05
-0.0239	-0.1967	0.1813	-0.003605850234620285	0.0003612831551628262	-0.002883283924294633	1.03506899	60.14751816	0.98400633	0.07237723585255716	0.0109234	0.0001
-0.0256	-0.1824	0.1845	-0.003862413634663451	0.0003822271061867582	-0.0029234264970905022	1.06134009	61.67412567	1.00007438	0.035082496193148384	0.0113697	0.00021
-0.0229	-0.2731	0.1715	-0.003757693879543791	0.0004921828490624009	-0.0029740410453983376	1.04185462	60.54182816	1.00273967	0.11966450231515688	0.0104509	5e-05
-0.0271	-0.3017	0.1873	-0.0035238197597765512	0.00032637657012293966	-0.0029914943379182805	1.05038512	61.03753281	0.98326454	0.0694566845613322	0.0121843	0.00021
-0.0326	-0.2442	0.1909	-0.0034609879067047556	0.00018151424220741024	-0.003082251459021986	1.08935905	63.3022995	1.00535784	0.08152256510455155	0.0112604	0.00011
-0.0365	-0.1884	0.2071	-0.0037594392087957856	0.00013788101090755203	-0.0031468286413457764	1.02544272	59.58813858	0.98873638	0.09623308578573393	0.0103961	5e-05
-0.0393	-0.2437	0.1799	-0.0037472219040318253	0.0002652900463031381	-0.003309144261781249	1.03090787	59.90571594	0.98119671	0.10039709802975094	0.0111858	8e-05
-0.0382	-0.2948	0.1821	-0.0037297686115118824	0.000307177948351002	-0.003371976114853045	1.02497411	59.56090927	0.98780818	0.060508652381980166	0.0119281	6e-05
-0.0413	-0.2701	0.191	-0.003675663404700058	0.00012217304763960306	-0.0034313173094208515	1.01743555	59.1228447	0.9804258	0.051622565104551474	0.0106641	5e-05
-0.0453	-0.2069	0.201	-0.0038275070496235643	9.250245035569947e-05	-0.0033911747366249826	1.00269389	58.26621628	0.98138811	0.08828284075016393	0.0108271	8e-05
-0.0498	-0.2113	0.2051	-0.004337143191205909	5.585053606381854e-05	-0.003501130479500625	1.02042651	59.29665375	0.98834202	0.04581218993749334	0.0116845	7e-05
-0.0414	-0.2776	0.1843	-0.004075343803406759	0.00024085543677521747	-0.003412118687648914	1.03102708	59.91264343	1.00056057	0.12229080401811299	0.0111207	0.0001
-0.0418	-0.2646	0.1854	-0.0037995817815916558	0.00016406094968746698	-0.0033300882128051803	1.00203121	58.22770309	0.97283134	0.0362293491873294	0.0104181	5e-05
-0.0427	-0.2331	0.1885	-0.0037629298672997745	0.00010821041362364843	-0.003258529713473413	1.02421832	59.51699448	0.98895333	0.04370304748437334	0.0107779	7e-05
-0.052	-0.1714	0.2023	-0.004038691889114879	-5.4105206811824215e-05	-0.003316125578789226	1.03232181	59.98788071	0.99831535	0.10958367537831948	0.0103374	6e-05
-0.0458	-0.2342	0.1815	-0.0038571776469074684	8.028514559173915e-05	-0.0032567843842214186	1.02587318	59.61315155	0.97932565	0.10856228945893905	0.0104499	9e-05
-0.0425	-0.2812	0.1851	-0.003639011490408177	9.948376736367679e-05	-0.00318871654339364	1.03756249	60.29241943	0.9916143	0.0691716309549504	0.011659	0.00012
-0.0451	-0.2474	0.1852	-0.0035150931135165793	-0.0001012290966156711	-0.0031293753488258326	1.03618348	60.21228027	0.98609937	0.05569862177193765	0.00971895	6e-05
-0.0444	-0.2139	0.1952	-0.0036686820876920805	-6.283185307179586e-05	-0.0029199358385865134	1.02514482	59.57082748	0.97676988	0.0642712863979348	0.0106917	0.00014
-0.0488	-0.2218	0.195	-0.0038781215979314006	-0.00014311699866353502	-0.003043854215478111	1.05603397	61.36578751	0.99879864	0.033182151636132834	0.0109385	0.00017
-0.0459	-0.2739	0.1797	-0.0036843900509600297	-0.00013788101090755203	-0.0030368728984701333	1.01926267	59.22902298	0.9838198	0.08059744258676657	0.0101944	5e-05
-0.0403	-0.2924	0.1821	-0.003415609346152903	-0.00018500490071139895	-0.0028902652413026098	1.03260088	60.0041008	0.97781061	0.049625612588924894	0.0116546	0.00021
-0.0479	-0.2545	0.1847	-0.0032498030672134413	-0.0003001966313430247	-0.002930407814098479	1.06157076	61.68753052	1.0000214	0.06415702911834781	0.0110421	0.00011
-0.0501	-0.1752	0.192	-0.003274237676741362	-0.0004904375198104066	-0.0026197392072434887	1.05846965	61.50732422	1.01139435	0.11506720524251464	0.00929582	4e-05
-0.038	-0.2375	0.1687	-0.0032131511529215613	-0.00038397243543875244	-0.002579596634447619	1.02612257	59.6276474	0.99390659	0.10808470904936623	0.00998944	8e-05
-0.0359	-0.2599	0.16	-0.0031852258848896514	-0.0003351032163829112	-0.0026302111827554544	1.03076422	59.89736938	0.99190142	0.03957045176977934	0.0100831	0.0001
-0.0352	-0.2342	0.1748	-0.00322885911618951	-0.0004677482395344803	-0.0026110125609835172	1.0208497	59.32123947	0.98073911	0.05097384381116828	0.00907546	3e-05
-0.0367	-0.2115	0.1769	-0.003419100004656891	-0.0005183627878423159	-0.0024853488548399255	1.01445961	58.94991302	0.98174207	0.04462595714594041	0.0101469	9e-05
-0.0443	-0.2115	0.1713	-0.0035203291012725624	-0.0005166174585903216	-0.002698279023583233	1.03425896	60.10044861	0.99569916	0.028995229730548643	0.0099315	9e-05
-0.0477	-0.2771	0.1649	-0.0032864549815053226	-0.0005654866776461627	-0.002808234766458876	1.0170747	59.10187912	0.98650493	0.09503495408493624	0.00921941	3e-05
-0.0485	-0.2768	0.1696	-0.003001966313430246	-0.0006265732014659643	-0.0027942721324429216	1.03056169	59.88560104	0.97680721	0.02377689129554166	0.0102857	0.00011
-0.0534	-0.2472	0.1745	-0.0028326693759867967	-0.0007225663103256524	-0.0028640853025226946	1.04771221	60.88221359	0.99176186	0.0561551608191455	0.00965214	7e-05
-0.0527	-0.1973	0.1855	-0.0029077185338225527	-0.0007766715171374765	-0.0027035150113392165	1.01678503	59.08504486	0.98410958	0.07608623279155292	0.00881165	3e-05
-0.0528	-0.201	0.1834	-0.003014183618194207	-0.0007766715171374765	-0.0027314402793711255	1.03026056	59.86810684	0.98255654	0.012619517620178163	0.00983363	0.0001
-0.0519	-0.2542	0.1745	-0.003035127569218139	-0.0006824237375297829	-0.002816961412718848	1.02444601	59.53022003	0.99055888	0.07303564319896738	0.00901407	6e-05
-0.0568	-0.2501	0.1815	-0.0029478611066184224	-0.0007539822368615504	-0.002897246558310587	1.00445342	58.36845779	0.97398826	0.02795550537616116	0.00885248	4e-05
-0.0594	-0.2338	0.1867	-0.002925171826342496	-0.000804596785169386	-0.002935643801854462	1.02664554	59.65803528	0.98274391	0.029685053606381843	0.00961667	6e-05
-0.0649	-0.1769	0.1977	-0.003225368457685521	-0.0008482300164692441	-0.002900737216814576	1.03666496	60.24026108	0.99249609	0.09233682238413848	0.00876415	4e-05
-0.0671	-0.2281	0.1825	-0.003220132469929538	-0.0007906341511534313	-0.0030368728984701333	1.03982925	60.42413712	0.97972692	0.07854837673636766	0.0100284	0.00015
-0.059	-0.2827	0.1792	-0.0030595621787460597	-0.0007190756518216638	-0.0029373891311064567	1.05820465	61.49192429	0.99999021	0.08258062789394614	0.0103865	0.00013
-0.0518	-0.2489	0.1828	-0.0028605946440187057	-0.0006736970912698113	-0.002780309498426967	1.03846312	60.34475327	0.98750527	0.06467128639793479	0.00860888	2e-05
-0.0534	-0.2368	0.1817	-0.002811725424962865	-0.0007086036763096977	-0.0027523842303950577	1.0265069	59.64997864	0.98363747	0.020385053606381823	0.00982612	0.00012
-0.0552	-0.1995	0.1829	-0.003073524812762014	-0.0006789330790257941	-0.0027436575841350863	1.04374158	60.65148163	0.99587264	0.05530983156715122	0.00861871	5e-05
-0.0543	-0.2479	0.1582	-0.002825688058978819	-0.0005585053606381855	-0.002790781473938933	1.02276719	59.43266678	0.98041387	0.09476941809873252	0.00881499	4e-05
-0.0519	-0.2594	0.1497	-0.002769837522915001	-0.0005201081170943102	-0.0028640853025226946	1.03446329	60.11231995	0.98572731	0.030777580409572767	0.0102242	9e-05
-0.0498	-0.2232	0.1513	-0.002698279023583233	-0.0005864306286700947	-0.0028326693759867967	1.03531921	60.1620636	0.98605109	0.048364846872172525	0.00854427	2e-05
-0.0457	-0.1982	0.1656	-0.0029024825460665696	-0.0006318091892219474	-0.0027349309378751144	1.03468478	60.12519073	0.98780385	0.0607660260573436	0.00999606	0.00011
-0.0467	-0.2291	0.1594	-0.00301941960595019	-0.0005550147021341969	-0.002825688058978819	1.05407786	61.25211716	1.00399887	0.05232443340375379	0.0102246	0.00011
-0.0418	-0.274	0.1607	-0.0029146998508305304	-0.000445058959258554	-0.002782054827678961	1.02516222	59.57183838	0.98611998	0.06401543646475807	0.0100304	3e-05
-0.0365	-0.2547	0.1512	-0.0027401669256310974	-0.0004974188368183839	-0.0026057765732275338	1.02835381	59.75730515	0.98698311	0.054258552860534555	0.0112681	9e-05
-0.0334	-0.2088	0.1546	-0.0029862583501622975	-0.0005881759579220891	-0.002436479635784084	1.05481684	61.2950592	1.00638143	0.07770727415391773	0.00896025	6e-05
-0.039	-0.2073	0.1517	-0.0030717794835100195	-0.0005567600313861911	-0.0026005405854715507	1.00653327	58.48931885	0.97727656	0.02404990047855433	0.00928462	5e-05
-0.0456	-0.2996	0.147	-0.0030630528372500485	-0.00048345620280242926	-0.0028710666195306722	1.05961657	61.57397461	1.01795313	0.12122782544514268	0.010673	9e-05
-0.0448	-0.2521	0.158	-0.003001966313430246	-0.0005375614096142535	-0.0027925268031909274	1.04173625	60.53495407	0.99698615	0.06898657734856856	0.00901175	7e-05
-0.047	-0.2071	0.1675	-0.0029530970943744054	-0.000593411945678072	-0.0027052603405912107	1.01934934	59.23405457	0.98544847	0.06629931088596878	0.0103403	0.00013
-0.0528	-0.1896	0.181	-0.00324107642095347	-0.0006510078109938849	-0.002855358656262723	1.0559293	61.35970306	1.00664558	0.06158367537831949	0.0113736	0.00017
-0.051	-0.2459	0.1596	-0.0031223940318178558	-0.0005148721293383271	-0.0029530970943744054	1.02703297	59.68054962	0.9923114	0.09712782544514273	0.00921082	7e-05
-0.0503	-0.295	0.1623	-0.002998475654926258	-0.0005654866776461627	-0.002933898472602468	1.04790282	60.89328766	0.99071843	0.06218657734856852	0.0114866	0.00021
-0.0513	-0.2413	0.1642	-0.0030613075079980543	-0.0006597344572538566	-0.002897246558310587	1.0828445	62.92374039	1.01256478	0.06628657734856855	0.0101805	0.00011
-0.0582	-0.2001	0.1906	-0.0033615041393410786	-0.0006719517620178169	-0.0029478611066184224	1.02160859	59.36534119	0.98978942	0.09265142422074096	0.00973642	9e-05
-0.0642	-0.2876	0.1624	-0.0030455995447301047	-0.0005759586531581287	-0.003178244567881674	1.07614052	62.53417206	1.01661083	0.15381405823669567	0.0115913	0.00011
-0.068	-0.2845	0.185	-0.0031363566658338103	-0.0005864306286700947	-0.0032009338481576006	1.04367411	60.64756393	0.99402641	0.03569591884457997	0.0103851	0.00014
-0.0653	-0.2273	0.184	-0.0030578168494940655	-0.0007225663103256524	-0.0031433379828417875	1.02700222	59.67876053	0.99347028	0.0745135681655558	0.00989658	6e-05
-0.0656	-0.1939	0.2034	-0.0034714598822167216	-0.0007068583470577034	-0.0030647981665020423	1.03339159	60.05004883	0.9989956	0.07849454061651753	0.0107018	0.00015
-0.0585	-0.2735	0.1739	-0.0034348079679248403	-0.0005148721293383271	-0.003026400922958167	1.04603565	60.78479004	1.01383901	0.12955176877775668	0.0101947	0.00011
-0.0586	-0.2795	0.1761	-0.0032498030672134413	-0.0005742133239061344	-0.0030613075079980543	0.99923378	58.0651474	0.97008343	0.02226263401595468	0.0101337	6e-05
-0.0675	-0.2172	0.1706	-0.003190461872645634	-0.0007661995416255106	-0.0031695179216217023	1.0432632	60.62368011	1.00000123	0.0946768912955416	0.010277	0.0001
-0.0736	-0.1836	0.1793	-0.0034348079679248403	-0.0007417649320975902	-0.00318871654339364	1.04643452	60.80796814	1.00545153	0.06279896632895318	0.0099569	0.00013
-0.0666	-0.2706	0.156	-0.0031433379828417875	-0.0005742133239061344	-0.003199188518905606	1.02998769	59.85224533	1.0000053	0.1407746784393237	0.0101784	0.0001
-0.0687	-0.2739	0.1624	-0.0031258846903218446	-0.0006335545184739417	-0.003269001688985379	1.01558602	59.01537323	0.9850497	0.019130382858376104	0.01197	0.0001
-0.067	-0.2022	0.1773	-0.0033981560536329595	-0.0007801621756414653	-0.0031328660073298214	1.06157601	61.68783188	1.01443588	0.1160507351067098	0.00943983	4e-05
-0.0629	-0.2419	0.1595	-0.0032794736644973454	-0.0007120943348136865	-0.0031223940318178558	1.02007139	59.27601624	0.974305	0.07146111027376795	0.00958836	6e-05
-0.063	-0.308	0.1581	-0.003014183618194207	-0.0007243116395776468	-0.0031433379828417875	1.04268742	60.59022141	0.99973076	0.08252256510455154	0.0108858	0.00011
-0.0594	-0.2049	0.1702	-0.0031381019950858045	-0.0007888888219014368	-0.003003711642682241	1.07832873	62.66132736	1.02056947	0.1352060949687467	0.00868607	4e-05
-0.054	-0.2127	0.1729	-0.0034417892849328176	-0.0007539822368615504	-0.0030490902032340936	1.01842189	59.18016434	0.96896284	0.03509862177193763	0.0101785	0.00012
-0.0548	-0.3068	0.1562	-0.0031922072018976287	-0.0006562437987498679	-0.00312413936106985	1.07802641	62.6437645	1.02526731	0.13271848394913138	0.0106364	0.0001
-0.0511	-0.2732	0.1673	-0.00301941960595019	-0.000710349005561692	-0.0029967303256742636	1.03036845	59.87437057	0.98642047	0.06611509190774248	0.00885195	1e-05
-0.051	-0.2291	0.1719	-0.0032567843842214186	-0.0006719517620178169	-0.002834414705238791	1.02854276	59.76828384	0.97943911	0.07070388211252882	0.0100719	0.0001
-0.0561	-0.184	0.1858	-0.003649483465920143	-0.0007330382858376184	-0.0029827676916583086	1.06758261	62.03687668	1.00686713	0.09420692959690216	0.00993294	8e-05
-0.0533	-0.2608	0.156	-0.0033824480903650108	-0.0005724679946541401	-0.0030473448739821	1.03251421	59.99906158	0.998302	0.13400914245312004	0.00872344	2e-05
-0.0483	-0.3118	0.1637	-0.0031415926535897933	-0.0005044001538263612	-0.002921681167838507	1.0556823	61.34535599	0.98839445	0.0854293491873295	0.010986	0.00017
-0.0509	-0.2485	0.1694	-0.0031258846903218446	-0.0005672320068981572	-0.002858849314766712	1.07786822	62.63456726	0.99889158	0.078668583470577	0.00988126	5e-05
-0.0565	-0.1956	0.1896	-0.003295181627765294	-0.0006300638599699529	-0.002811725424962865	1.02389503	59.49820709	0.98595156	0.09266263401595459	0.00878042	7e-05
-0.0534	-0.288	0.165	-0.0032864549815053226	-0.0004747295565424576	-0.0029129545215785357	1.06301725	61.77158737	1.00053774	0.13336450231515684	0.0105969	0.00012
-0.0518	-0.3053	0.1642	-0.0031730085801256907	-0.0004747295565424576	-0.0029199358385865134	1.03560317	60.17856216	0.98520398	0.025721385919380516	0.0108714	0.00011
-0.0485	-0.2534	0.1676	-0.0031363566658338103	-0.00062482787221397	-0.0027890361446869386	1.03787661	60.31066895	0.99271685	0.07448249619314835	0.00909477	3e-05
-0.0551	-0.2098	0.1817	-0.0033981560536329595	-0.0006562437987498679	-0.002883283924294633	1.01028299	58.70721054	0.97711246	0.08367315469713708	0.0100572	9e-05
-0.0565	-0.2706	0.1519	-0.003242821750205464	-0.0005358160803622592	-0.0029897490086662863	1.04402494	60.66794968	1.00271344	0.11111135530933788	0.0100589	5e-05
-0.0573	-0.2845	0.1569	-0.0030927234345339517	-0.0006038839211900379	-0.0029653143991383657	1.00320041	58.29564667	0.97078317	0.03183003830136055	0.00912136	2e-05
-0.0639	-0.262	0.1611	-0.0029146998508305304	-0.000661479786505851	-0.0030072023011862297	1.01655412	59.07162857	0.97358663	0.047175367553354865	0.0100067	9e-05
-0.0708	-0.1998	0.171	-0.0032166418114255493	-0.0007627088831215222	-0.0031031954100459182	1.05795419	61.47737503	1.0058733	0.10395820830351896	0.00970334	9e-05
-0.0704	-0.255	0.1546	-0.0030944687637859463	-0.0006422811647339132	-0.0031974431896536117	1.01164222	58.78619766	0.98097536	0.0888424272817453	0.00871539	3e-05
-0.0713	-0.3095	0.1547	-0.002848377339254746	-0.0006771877497737998	-0.003270747018237374	1.03940821	60.39966965	0.98271642	0.07321509190774246	0.0109972	0.00014
-0.0676	-0.2624	0.1513	-0.002722713633111154	-0.0006754424205218055	-0.0031730085801256907	1.06143606	61.67970276	0.99604116	0.06545737367536347	0.00998241	5e-05
-0.0631	-0.2189	0.1703	-0.002754129559647052	-0.0006824237375297829	-0.0029688050576423546	1.01740313	59.12096405	0.98717932	0.07913003830136059	0.008838	2e-05
-0.0611	-0.2578	0.1573	-0.002879793265790644	-0.0005480333851262194	-0.0029199358385865134	1.0367099	60.24287415	0.98354866	0.06934616388014983	0.00980777	0.00013
-0.0636	-0.3095	0.1463	-0.002858849314766712	-0.0005166174585903216	-0.003043854215478111	1.03204978	59.9720726	0.98994306	0.07401391272257139	0.0105478	8e-05
-0.0565	-0.2845	0.1532	-0.002808234766458876	-0.0005951572749300663	-0.0028693212902786776	1.00894952	58.62972641	0.97433375	0.054184364492350715	0.009435	3e-05
-0.0562	-0.2099	0.1665	-0.003118903373313867	-0.000598647933434055	-0.002782054827678961	1.01831877	59.17417145	0.98676853	0.10827128639793476	0.00958604	0.00011
-0.0546	-0.2313	0.1544	-0.003262020371977402	-0.00047647488579445195	-0.002806489437206882	1.02920008	59.80648041	0.99210298	0.04958623279155296	0.00983942	6e-05
-0.0514	-0.2967	0.1443	-0.003026400922958167	-0.000460766922526503	-0.002823942729726825	1.01996958	59.27009583	0.99030889	0.09213903524035635	0.00949341	5e-05
-0.0521	-0.2763	0.1467	-0.002855358656262723	-0.0005358160803622592	-0.0028396506929947744	0.98154283	57.03713226	0.96541809	0.036589969389957504	0.00917524	3e-05
-0.0518	-0.2043	0.1649	-0.0030717794835100195	-0.0006038839211900379	-0.00277332818141899	1.04673457	60.82540512	1.00676353	0.10804055898254296	0.00950313	9e-05
-0.0435	-0.1811	0.1634	-0.0030281462522101614	-0.0005253441048502931	-0.002673844414055313	1.01471555	58.96478653	0.98987954	0.044082840750164	0.00844872	9e-05
-0.0433	-0.2962	0.145	-0.0028658306317746896	-0.0004677482395344803	-0.0027838001569309555	1.06363225	61.80731964	1.01645316	0.15019336143134637	0.00948113	4e-05
-0.044	-0.2735	0.15	-0.0027349309378751144	-0.0005794493116621174	-0.0027593655474030345	1.02024186	59.28591919	0.98003428	0.04175176877775668	0.00985825	0.0001
-0.0477	-0.2071	0.1643	-0.0031433379828417875	-0.00062482787221397	-0.002722713633111154	1.04059553	60.46866226	1.0020254	0.10892187599052032	0.0092963	0.00011
-0.0464	-0.2346	0.1523	-0.0030717794835100195	-0.0005881759579220891	-0.0027942721324429216	0.99361891	57.73886871	0.96981585	0.04978844564777082	0.00850976	4e-05
-0.0421	-0.294	0.1433	-0.002841396022246768	-0.0005742133239061344	-0.0027436575841350863	1.0220567	59.39138031	0.98865937	0.08744803217935203	0.0103171	0.0001
-0.0433	-0.2753	0.1374	-0.0026825710603152844	-0.0007033676885537148	-0.0026878070480712674	1.03059971	59.88780975	0.98213977	0.04299149313214416	0.00995505	8e-05
-0.0437	-0.2113	0.1607	-0.0030944687637859463	-0.0006771877497737998	-0.0026005405854715507	1.02845979	59.76345825	0.99393566	0.1139672052425147	0.00867569	3e-05
-0.0427	-0.2327	0.1429	-0.003038618227722128	-0.0005567600313861911	-0.002649409804527392	1.01869166	59.19583893	0.96967857	0.05145737367536343	0.00954229	0.0001
-0.0494	-0.2896	0.1357	-0.002790781473938933	-0.000582939970166106	-0.0027995081201989047	1.02286851	59.43855667	0.99431244	0.0920057504117312	0.00998539	7e-05
-0.0492	-0.2542	0.1452	-0.002717477645355171	-0.000710349005561692	-0.0027855454861829498	1.02214932	59.39676285	0.98558899	0.05583377489976518	0.00940913	0.00011
-0.0574	-0.1976	0.1633	-0.0030490902032340936	-0.0007941248096574199	-0.0027890361446869386	1.01366615	58.90380859	0.9861914	0.10384395102393194	0.00894862	3e-05
-0.0556	-0.2215	0.1418	-0.0030578168494940655	-0.0006719517620178169	-0.002825688058978819	1.00732279	58.5351944	0.97913881	0.055577580409572766	0.00921917	7e-05
-0.0499	-0.3026	0.144	-0.002898991887562581	-0.0006003932626860494	-0.002780309498426967	1.03269243	60.00941849	1.00766687	0.10278810109075516	0.00993782	6e-05
-0.0464	-0.2738	0.1526	-0.0027192229746071652	-0.0006300638599699529	-0.0026127578902355115	1.01906371	59.21746063	0.9857532	0.05974955592153876	0.00896674	5e-05
-0.0486	-0.22	0.1635	-0.0028309240467348025	-0.0006544984694978735	-0.0025289820861397836	0.99966955	58.09046936	0.97443888	0.07789557428756427	0.00844657	5e-05
-0.0521	-0.2116	0.1631	-0.0030717794835100195	-0.0006265732014659643	-0.002633701841259443	1.02403057	59.50608063	0.99214616	0.030975022996339294	0.00911152	0.00011
-0.0539	-0.2873	0.1441	-0.002886774582798621	-0.0005602506898901797	-0.0027454029133870805	1.03070366	59.89385223	1.00420337	0.114651424220741	0.00925106	8e-05
-0.0539	-0.2704	0.1505	-0.0027331856086231197	-0.0006265732014659643	-0.0027279496208671367	1.01701844	59.09860992	0.97538225	0.03516823891356149	0.00914562	6e-05
-0.0561	-0.2351	0.1565	-0.002813470754214859	-0.0006841690667817771	-0.0027419122548830916	1.02176297	59.37430954	0.98658798	0.05109218224617533	0.00950915	9e-05
-0.057	-0.1998	0.1577	-0.0030752701420140084	-0.000635299847725936	-0.0027296949501191318	1.02236032	59.4090271	0.99147634	0.05354429558094752	0.00885129	7e-05
-0.0665	-0.2736	0.1346	-0.002846632010002751	-0.0006806784082777885	-0.003033382239966145	1.04083264	60.48244095	0.9910817	0.13528519912050616	0.00932324	8e-05
-0.0767	-0.2914	0.1475	-0.0026895523773232616	-0.000874409955249159	-0.0031817352263856626	1.0251205	59.56941605	0.98925211	0.06585820830351886	0.0107907	8e-05
-0.0851	-0.2259	0.1572	-0.0028763026072866553	-0.0009791297103688187	-0.0032847096522533284	1.06192446	61.70808029	1.00941801	0.10332222054753595	0.00997925	9e-05
-0.085	-0.198	0.1708	-0.0032009338481576006	-0.0008779006137531476	-0.0032882003107573173	1.00701022	58.51703262	0.97990107	0.06306754979953023	0.00926942	3e-05
-0.0824	-0.2861	0.1456	-0.003005456971934235	-0.0008499753457212384	-0.0033911747366249826	1.05088031	61.06631088	1.00533572	0.13221882850614702	0.010767	7e-05
-0.0793	-0.2865	0.1533	-0.0029181905093345183	-0.0009023352232810684	-0.003307398932529255	1.02178705	59.37571335	0.98564096	0.022370107212763675	0.010419	7e-05
-0.0888	-0.2094	0.1727	-0.003225368457685521	-0.0009634217471008699	-0.003363249468593073	1.0554508	61.33190155	1.0158566	0.12720575041173113	0.00982547	6e-05
-0.0904	-0.1985	0.1683	-0.003300417615521277	-0.0009180431865490173	-0.0034819318577286873	0.98728979	57.37108612	0.973719	0.028855505376161095	0.0095036	6e-05
-0.0866	-0.299	0.1534	-0.0030490902032340936	-0.0008482300164692441	-0.0035412730522964946	1.05214262	61.13965988	1.02140738	0.13822408884673815	0.0108731	0.00016
-0.0839	-0.2724	0.1502	-0.0030962140930379405	-0.0008639379797371932	-0.003502875808752619	1.02345479	59.47262192	0.98767624	0.0375614548307836	0.0099622	8e-05
-0.0869	-0.2038	0.1725	-0.0032812189937493396	-0.0009075712110370514	-0.0034417892849328176	1.02306616	59.45004272	0.99504022	0.10838623279155288	0.00943452	6e-05
-0.0915	-0.2665	0.1523	-0.0032096604944175725	-0.0008761552845011534	-0.003639011490408177	1.05519736	61.317173	1.00902109	0.1025098315671512	0.010816	7e-05
-0.0947	-0.2995	0.1579	-0.0029705503868943488	-0.0009930923443847736	-0.003598868917612307	1.03912497	60.38320923	0.99671847	0.06160948701013568	0.0104415	0.00012
-0.097	-0.2511	0.1651	-0.0027157323161031764	-0.0009756390518648303	-0.0035342917352885177	1.03699565	60.25947571	0.99030425	0.07474242728174525	0.0100033	8e-05
-0.1015	-0.2048	0.1866	-0.0030595621787460597	-0.0010402162341886204	-0.0036041049053682902	1.04819536	60.91028976	0.99843449	0.09621101075232226	0.0107439	7e-05
-0.102	-0.249	0.1697	-0.002946115777366428	-0.0009162978572970229	-0.003707079331235956	1.02328479	59.46274185	0.99112981	0.0786169602069447	0.00959527	3e-05
-0.1032	-0.3042	0.1752	-0.002673844414055313	-0.0009669124056048585	-0.003783873818323706	1.04792857	60.89478302	0.98807903	0.08188401993533508	0.0112344	0.00014
-0.0982	-0.2904	0.1781	-0.002574360646691636	-0.0010314895879286487	-0.003572688978832392	1.05357516	61.22290802	0.99129553	0.04046228945893912	0.0112768	7e-05
-0.095	-0.2114	0.1815	-0.002897246558310587	-0.0010192722831646884	-0.003378957431861022	1.0549264	61.30142975	1.01033375	0.11204173816771404	0.00937349	3e-05
-0.085	-0.2664	0.1654	-0.002904227875318564	-0.0008447393579652555	-0.0032463124087094525	1.03067148	59.89198303	0.98634415	0.09680796326794898	0.0100406	0.00011
-0.0741	-0.3248	0.1497	-0.0028763026072866553	-0.0008587019919812101	-0.0030997047515419294	1.06349611	61.79940796	1.01314018	0.09442477796076928	0.0112336	0.00012
-0.0696	-0.283	0.1532	-0.0027925268031909274	-0.0009407324668249436	-0.0029618237406343773	1.03372371	60.06934738	0.9896035	0.06498436449235068	0.00909567	3e-05
-0.0743	-0.2449	0.1613	-0.0029880036794142917	-0.0009285151620609833	-0.002933898472602468	1.02025354	59.28659821	0.98280812	0.06268097245096167	0.00970083	5e-05
-0.0769	-0.2507	0.1565	-0.00324107642095347	-0.0009354964790689606	-0.0030525808617380824	1.04889286	60.95082092	1.00364164	0.032136822384138446	0.00987655	0.0001
-0.0716	-0.3047	0.1438	-0.003085742117525975	-0.0009145525280450286	-0.0030700341542580253	1.02669632	59.66098404	0.9934443	0.08168657734856855	0.00954872	4e-05
-0.0705	-0.3148	0.1473	-0.002946115777366428	-0.0009896016858807848	-0.002993239667170275	1.02109706	59.33561707	0.98169686	0.029273499254152627	0.0109531	9e-05
-0.0752	-0.2525	0.1533	-0.0031014500807939236	-0.0010576695267085637	-0.003005456971934235	1.07307017	62.35575867	1.01512541	0.08478097245096175	0.0102126	0.00011
-0.0781	-0.2129	0.1706	-0.003269001688985379	-0.0009948376736367678	-0.0029321531433504737	1.02376795	59.49081802	0.98940937	0.07498436449235063	0.00892949	3e-05
-0.0793	-0.3139	0.15	-0.0029129545215785357	-0.0009616764178488756	-0.003001966313430246	1.07872748	62.68449783	1.02179423	0.1457510796637254	0.0109795	9e-05
-0.0841	-0.2944	0.1591	-0.0027680921936630064	-0.0011205013797803594	-0.0030490902032340936	1.046031	60.78451538	0.99591292	0.05094055898254304	0.010268	0.0001
-0.0788	-0.2491	0.167	-0.0029146998508305304	-0.0010524335389525807	-0.0029112091923265415	1.02490354	59.55680847	0.99072153	0.07612782544514275	0.00929517	3e-05
-0.0812	-0.2225	0.178	-0.0033283428835531865	-0.0009948376736367678	-0.002855358656262723	1.03705871	60.26314163	1.00048758	0.06635447170511434	0.0102484	8e-05
-0.0806	-0.2909	0.1511	-0.003164281933865719	-0.0009564404300928925	-0.0030281462522101614	1.04036629	60.45534515	1.00710878	0.11466228945893903	0.00973463	9e-05
-0.0827	-0.296	0.1584	-0.0029618237406343773	-0.0010471975511965976	-0.0030944687637859463	1.00373077	58.32646942	0.9741066	0.032476891295541564	0.00976908	5e-05
-0.0874	-0.2595	0.1644	-0.0029565877528783943	-0.0010890854532444615	-0.003082251459021986	1.01146865	58.77611542	0.98015626	0.05016705972839033	0.0103636	0.00012
-0.092	-0.2101	0.1881	-0.0035622170033204267	-0.0009494591130849152	-0.003008947630438224	1.05493855	61.30213165	1.01155283	0.11862797095926704	0.0102213	9e-05
-0.0881	-0.2723	0.1641	-0.0033580134808370897	-0.0008429940287132613	-0.0030368728984701333	1.0158149	59.02867126	0.99111575	0.10702969374434498	0.00925881	3e-05
-0.0858	-0.3202	0.145	-0.00301941960595019	-0.0008970992355250854	-0.0030752701420140084	1.03643942	60.22715759	0.99125143	0.09085481626212995	0.0112349	0.00014
-0.0808	-0.2938	0.1469	-0.002892010570554604	-0.001022762941668677	-0.0029862583501622975	1.05782926	61.47011185	0.99130063	0.050404226669544416	0.00969356	9e-05
-0.0803	-0.2201	0.1626	-0.0031415926535897933	-0.0010053096491487337	-0.002853613327010729	1.02835119	59.75715256	0.99804781	0.10988401993533509	0.00901955	5e-05
-0.0851	-0.2256	0.1666	-0.0033597588100890844	-0.0009354964790689606	-0.0029408797896104456	1.02881229	59.78394318	0.99285469	0.033062289458939055	0.00996673	5e-05
-0.0796	-0.2813	0.1419	-0.00314857397059777	-0.0008848819307611251	-0.003001966313430246	1.02708554	59.68360519	0.99719353	0.1020442955809475	0.00935185	3e-05
-0.079	-0.2955	0.1498	-0.0029408797896104456	-0.0009930923443847736	-0.0029914943379182805	1.03860939	60.35325241	0.98203143	0.039018828506146915	0.010687	0.0001
-0.0807	-0.2554	0.1592	-0.0029949849964222694	-0.0010053096491487337	-0.0029688050576423546	1.07069349	62.21765137	1.00384191	0.055650589592585474	0.0105554	8e-05
-0.0836	-0.1988	0.1834	-0.003415609346152903	-0.0009704030641088471	-0.0028902652413026098	1.04513216	60.73228455	1.00177424	0.11040353755551324	0.00942487	4e-05
-0.0784	-0.2884	0.16	-0.0032498030672134413	-0.0009093165402890458	-0.0029740410453983376	1.06065989	61.63459778	1.00548069	0.1337334303427495	0.0105358	8e-05
-0.073	-0.3291	0.1561	-0.003026400922958167	-0.0008709192967451704	-0.0029373891311064567	1.04810679	60.90514374	0.99646934	0.06492256510455155	0.0116773	0.00011
-0.079	-0.2855	0.1627	-0.0028152160834668534	-0.001043706892692609	-0.0030159289474462015	1.0453794	60.74665451	0.99900688	0.07932561258892493	0.00962114	4e-05
-0.0822	-0.2554	0.1781	-0.0030717794835100195	-0.0010157816246606998	-0.0029408797896104456	1.01784778	59.14680099	0.98602354	0.06667689129554152	0.0106062	0.0001
-0.0821	-0.2392	0.1721	-0.0032777283352453507	-0.0009512044423369096	-0.003014183618194207	1.03918731	60.38683319	0.99972516	0.03949149313214415	0.0101504	6e-05
-0.0765	-0.3057	0.1523	-0.003008947630438224	-0.0008813912722571365	-0.002960078411382383	1.02294409	59.44294739	0.9922768	0.11153495408493624	0.00973296	4e-05
-0.0767	-0.3153	0.1547	-0.00277332818141899	-0.0009599310885968812	-0.0029164451800825246	1.01162899	58.78543091	0.97522735	0.03008962483294188	0.0110267	0.00013
-0.0747	-0.2591	0.1579	-0.0029164451800825246	-0.000947713783832921	-0.002764601535159018	1.05221367	61.1437912	1.00642845	0.07675889741755011	0.0102893	4e-05
-0.0755	-0.2043	0.1732	-0.0032218777991815323	-0.0008569566627292158	-0.002637192499763432	1.03877342	60.36278152	1.0019165	0.09707993877991491	0.00927144	3e-05
-0.0741	-0.2935	0.152	-0.003014183618194207	-0.000778416846389471	-0.002808234766458876	1.04614282	60.79101562	1.00201903	0.1346638132011257	0.0105925	0.0001
-0.0747	-0.317	0.1544	-0.002855358656262723	-0.0008569566627292158	-0.0028571039855147177	1.02432573	59.52323532	0.98717401	0.04081169986635355	0.011189	0.00012
-0.0754	-0.2647	0.1623	-0.002823942729726825	-0.0009424777960769379	-0.002802998778702893	1.04035938	60.4549408	0.99343379	0.06945211333477225	0.0100353	5e-05
-0.077	-0.2304	0.1596	-0.0032812189937493396	-0.0008587019919812101	-0.0026546457922833754	1.02679002	59.66643143	0.98789208	0.07307025272688801	0.0108587	9e-05
-0.0696	-0.3049	0.1339	-0.0034086280291449255	-0.0008203047484373349	-0.0026110125609835172	1.06151783	61.68445206	1.01646269	0.11807197551196597	0.01187	9e-05
-0.0677	-0.3134	0.1331	-0.003237585762449481	-0.0008237954069413235	-0.0025987952562195565	1.02636933	59.64198303	0.98944253	0.020537511498169694	0.0109842	6e-05
-0.0662	-0.2964	0.1384	-0.0030211649352021846	-0.0009965830028887623	-0.0025464353786597265	0.99654567	57.90894318	0.9747173	0.04587841503772827	0.0106596	3e-05
-0.067	-0.2251	0.152	-0.0033545228223331013	-0.0009389871375729493	-0.0024748768793279594	1.06053042	61.6270752	1.01740625	0.10882561258892484	0.010779	9e-05
-0.0639	-0.203	0.1538	-0.0035622170033204267	-0.0008761552845011534	-0.0025115287936198403	1.01877141	59.20046997	0.99085394	0.04235889741755008	0.00972211	7e-05
-0.0663	-0.3018	0.1325	-0.0031817352263856626	-0.0007923794804054256	-0.0026720990848033187	1.05624723	61.37817764	1.00318194	0.15374139361069847	0.010493	0.0001
-0.0699	-0.2983	0.1454	-0.0030211649352021846	-0.0009704030641088471	-0.0026022859147235454	1.02572525	59.60456085	0.98285598	0.040420352248333645	0.0107552	7e-05
-0.0772	-0.2268	0.1559	-0.0033667401270970616	-0.0009896016858807848	-0.00266860842629933	1.0525229	61.16175842	1.00584095	0.11085481626212997	0.00993973	4e-05
-0.0654	-0.2192	0.1604	-0.003347541505325124	-0.0008970992355250854	-0.002633701841259443	1.01097751	58.74757385	0.97651472	0.031230382858376156	0.0100554	6e-05
-0.0469	-0.3154	0.1388	-0.0028605946440187057	-0.0007609635538695277	-0.002319542575900464	1.07459629	62.44443893	1.02908932	0.18316209041604767	0.0109555	0.0001
-0.0526	-0.3053	0.148	-0.0027523842303950577	-0.00091106186954104	-0.0023527038316883565	1.02720761	59.69069672	0.98387833	0.03957349925415262	0.00979722	4e-05
-0.0587	-0.266	0.1475	-0.002933898472602468	-0.0009389871375729493	-0.0024190263432641405	1.02483213	59.5526619	0.98123418	0.059688101090755195	0.0106552	0.00013
-0.0649	-0.2315	0.1588	-0.0034295719801688577	-0.0009337511498169664	-0.002495820830351891	1.05973721	61.58098221	1.00399342	0.0808851991205062	0.0104977	0.00011
-0.0618	-0.292	0.1371	-0.0033562681515850955	-0.0008377580409572782	-0.002593559268463574	1.02127528	59.34597397	0.98762522	0.09865176877775662	0.0097782	4e-05
-0.0624	-0.3328	0.1378	-0.0031764992386296795	-0.0008813912722571365	-0.0025603980126756814	1.01222825	58.82025528	0.97151064	0.054928170002158334	0.0114306	0.00016
-0.0623	-0.2884	0.1446	-0.0030752701420140084	-0.0010088003076527223	-0.002530727415391778	1.03160167	59.94603729	0.99174333	0.06421543646475801	0.0105489	8e-05
-0.065	-0.2034	0.1632	-0.0034714598822167216	-0.001022762941668677	-0.002462659574563999	1.05219436	61.14266968	1.01553583	0.13021101075232233	0.00991732	7e-05
-0.0625	-0.2416	0.1435	-0.003373721444105039	-0.0009337511498169664	-0.0025289820861397836	0.99797666	57.99209595	0.97022556	0.07305363707695893	0.00935757	4e-05
-0.0611	-0.3166	0.1364	-0.003237585762449481	-0.000890117918517108	-0.002494075501099897	1.0276351	59.71554184	0.99631521	0.09423377489976512	0.0113779	0.00018
-0.0628	-0.297	0.1429	-0.0031293753488258326	-0.0009948376736367678	-0.002515019452123829	1.03190494	59.96366119	0.98688572	0.039493705988362014	0.010541	0.0001
-0.0644	-0.2261	0.156	-0.003426081321664869	-0.0010506882097005862	-0.0025254914276357948	1.02703953	59.68092728	0.99598635	0.103751424220741	0.00956941	4e-05
-0.0667	-0.2493	0.1532	-0.003581415625092364	-0.0009913470151327792	-0.002633701841259443	1.02949595	59.82366943	0.98524139	0.044444295580947514	0.010691	9e-05
-0.0658	-0.328	0.1351	-0.003321361566545209	-0.0009302604913129776	-0.0026965336943312393	1.04508424	60.72949982	1.00676018	0.11689862177193766	0.0113741	0.00017
-0.0672	-0.3231	0.1535	-0.0032550390549694243	-0.0011030480872604163	-0.002726204291615143	1.00947499	58.66026306	0.97606096	0.03813903524035634	0.0108366	5e-05
-0.0648	-0.2676	0.1539	-0.0032445670794574587	-0.001090830782496456	-0.0026127578902355115	1.02474666	59.54769516	0.98451995	0.06510678408277787	0.0107896	0.0001
-0.0688	-0.2254	0.1679	-0.00365646478292812	-0.001075122819228507	-0.0026912977065752563	1.04533124	60.74385834	1.0021255	0.08550727415391773	0.0110958	7e-05
-0.0704	-0.2966	0.149	-0.0034766958699727043	-0.0011082840750163993	-0.002764601535159018	1.02689099	59.67230225	0.99409831	0.10601169986635346	0.0107706	7e-05
-0.0664	-0.3249	0.1498	-0.003274237676741362	-0.0011379546723003027	-0.0026790804018112955	1.0005852	58.14368057	0.97275486	0.04898249619314846	0.0113682	7e-05
-0.0653	-0.2832	0.156	-0.0031974431896536117	-0.001223475805648025	-0.0026075219024795284	1.02216208	59.39750671	0.98493598	0.060693705988362	0.011221	0.00012
-0.0683	-0.2101	0.171	-0.003556981015564444	-0.0012252211349000194	-0.002562143341927676	1.05013478	61.02299118	1.00907735	0.11143308578573397	0.0109036	0.00012
-0.0691	-0.2436	0.1634	-0.0035796702958403696	-0.001155407964820246	-0.002708750999095199	1.00267434	58.26507568	0.97808015	0.05385550537616112	0.0101614	4e-05
-0.0679	-0.3189	0.1461	-0.003312634920285238	-0.0011431906600562858	-0.002708750999095199	1.03839254	60.34064865	0.99629045	0.1077626340159546	0.0120906	0.00014
-0.0656	-0.3051	0.1518	-0.003164281933865719	-0.0011938052083641214	-0.0025865779514555962	1.04894567	60.95389175	0.99275876	0.03785702911834789	0.0112806	0.0001
-0.0651	-0.2562	0.1689	-0.003300417615521277	-0.0011850785621041497	-0.002509783464367846	1.02484214	59.55323792	0.98767608	0.07758284075016401	0.00994223	6e-05
-0.0673	-0.237	0.164	-0.003494149162492647	-0.001043706892692609	-0.0026022859147235454	1.03337383	60.04901505	0.98334613	0.047680283336930473	0.010893	0.0001
-0.0666	-0.3202	0.137	-0.0032515483964654355	-0.0010262536001726657	-0.0026668630970473357	1.05430138	61.26511002	1.01349724	0.12713156204354725	0.0116939	0.0001
-0.066	-0.3212	0.155	-0.003159045946109736	-0.0011676252695842063	-0.0026441738167714093	1.02289796	59.44026566	0.98192013	0.03242817000215831	0.0108298	3e-05
-0.0608	-0.274	0.1519	-0.003239331091701475	-0.0012461650859239514	-0.002490584842595908	1.03006864	59.85694885	0.98378524	0.07112069680534922	0.0115497	0.00012
-0.0529	-0.2244	0.1317	-0.0036459928074161546	-0.001387536755335492	-0.002253220064324679	1.05546319	61.33261871	1.01123681	0.11696990816987247	0.0111284	0.0001
-0.0502	-0.2705	0.1177	-0.0034697145529647274	-0.0011362093430483087	-0.0023073252711365037	1.00697386	58.51491928	0.98180989	0.08688554367752181	0.0107611	6e-05
-0.0565	-0.3186	0.0938	-0.002886774582798621	-0.0011903145498601325	-0.002410299697004169	1.04719138	60.8519516	0.99263474	0.11530098014227975	0.0125244	0.00011
-0.0573	-0.2603	0.089	-0.0028379053637427798	-0.001223475805648025	-0.0024050637092481865	1.0669682	62.00117111	1.00046213	0.06826332312998583	0.0123621	0.0001
-0.0614	-0.1813	0.1059	-0.0031712632508736965	-0.001265363707695889	-0.002366666465704311	1.06037414	61.6179924	1.01675583	0.1206821516361328	0.0118148	0.0001
-0.0482	-0.2449	0.0957	-0.0031956978604016175	-0.001254891732183923	-0.0021624629432209744	1.05357826	61.22308731	1.0282452	0.09895550537616121	0.0123354	0.00024
-0.0458	-0.299	0.0528	-0.0020350539078253884	-0.0012339477811599909	-0.001963495408493621	1.12965906	65.64411926	1.09401167	0.16842777191637573	0.0149189	0.00066
-0.0572	-0.2032	0.0341	-0.0011763519158441782	-0.0014259339988793671	-0.0020210912738094335	1.07846832	62.66944122	1.05666408	0.18131420375081997	0.0145544	0.00031
-0.047	-0.2509	0.0575	-0.0013753194505715315	-0.0017226399717184032	-0.0018849555921538759	1.02087533	59.32273102	1.00026772	0.11289045946109738	0.0141608	0.00026
-0.0484	-0.1578	0.0683	-0.0019181168479417679	-0.0017941984710501708	-0.0019390607989657003	1.05686748	61.41422653	1.02119373	0.1387230551756914	0.0135913	0.00045
-0.054	-0.1975	0.058	-0.0018483036778619948	-0.0016545721308906245	-0.0021327923459370708	1.06543505	61.91207886	0.99266578	0.0757585528605345	0.0141448	0.00064
-0.0606	-0.2974	0.0467	-0.00152367243699105	-0.001541125729510993	-0.0022654373690886398	1.08132696	62.83555222	1.0341606	0.14633613327010728	0.0147539	0.00052
-0.0662	-0.2632	0.0584	-0.001265363707695889	-0.001668534764906579	-0.0022863813201125715	1.046525	60.81322479	0.99581239	0.07183308578573394	0.0141402	0.00023
-0.0662	-0.2545	0.0719	-0.0013857914260834976	-0.0016388641676226754	-0.0021851522234969008	1.04474545	60.70981598	0.98742206	0.034766370614359145	0.0139547	0.0003
-0.0699	-0.2031	0.0962	-0.0018727382873899156	-0.0016231562043547262	-0.0022148228207808044	1.09164119	63.43490982	1.01826815	0.10601627109291352	0.0141981	0.00035
-0.0754	-0.2715	0.0735	-0.0015899949485668342	-0.001626646862858715	-0.0024260076602721182	1.04364693	60.64598083	1.0016842	0.1214709418409192	0.012805	0.00014
-0.0763	-0.3235	0.0792	-0.0014346606451393388	-0.0017296212887263805	-0.0024260076602721182	1.0344187	60.10973358	0.98031204	0.07151543646475805	0.0145801	0.00025
-0.0772	-0.2696	0.0872	-0.0014573499254152652	-0.0018744836166419098	-0.002436479635784084	1.05722904	61.43523026	0.99855429	0.07170117918517105	0.0139498	0.00027
-0.073	-0.1925	0.0957	-0.0018971728969178364	-0.0018448130193580064	-0.002356194490192345	1.04653168	60.81361008	1.00960422	0.11728893571891068	0.012891	0.00017
-0.0655	-0.2081	0.0717	-0.0019181168479417679	-0.001616174887346749	-0.0024312436480281013	0.9967261	57.91942596	0.97156084	0.06333156204354726	0.0124193	0.00016
-0.0674	-0.3056	0.0608	-0.0017383479349863521	-0.0015446163880149814	-0.0024731315500759648	1.03232002	59.98777771	1.00831208	0.12496076571675233	0.0133802	0.00018
-0.0723	-0.2976	0.0633	-0.0015027284859671175	-0.0017016960206944712	-0.0024836035255879313	1.03625679	60.2165451	0.99176211	0.035558552860534554	0.0143111	0.00022
-0.074	-0.2421	0.0745	-0.0014922565104551516	-0.0018308503853420514	-0.002478367537831948	1.03144968	59.93720627	0.99376399	0.07564311639577644	0.0124986	8e-05
-0.0717	-0.2194	0.082	-0.0017435839227423352	-0.0016877333866785165	-0.002438224965036078	1.03578091	60.18889236	0.98714889	0.054229349187329405	0.0130572	0.00023
-0.0712	-0.2939	0.0553	-0.001621410875102732	-0.001595230936322817	-0.0025516713664157096	1.0658648	61.9370575	1.01883316	0.1181060949687467	0.0136537	0.00024
-0.0733	-0.3103	0.0714	-0.0014660765716752368	-0.0016755160819145565	-0.0024853488548399255	1.02003396	59.27384186	0.98598254	0.04969709802975096	0.0128001	0.0001
-0.0742	-0.265	0.0732	-0.0013718287920675431	-0.0017470745812463236	-0.0024033183799961914	1.02177608	59.37507248	0.98520541	0.060391837689159754	0.0132751	0.00014
-0.0731	-0.2102	0.0987	-0.0018413223608540175	-0.001710422666954443	-0.002373647782712288	1.0525074	61.16086197	1.00792758	0.10819080401811292	0.0123308	0.00013
-0.0713	-0.2457	0.079	-0.0016004669240788003	-0.001567305668290908	-0.002469640891571976	1.00293708	58.28034592	0.97712683	0.08099827721492199	0.011994	0.00014
-0.0676	-0.3022	0.0779	-0.0014590952546672592	-0.0015341444125030156	-0.0024556782575560214	1.01768661	59.1374321	0.98963395	0.07072477796076944	0.0135072	0.00011
-0.0683	-0.2404	0.0868	-0.001658062789394613	-0.0016441001553786586	-0.0024801128670839424	1.04639459	60.80564499	1.00106278	0.08806789435654593	0.013552	0.00019
-0.0726	-0.2368	0.0845	-0.0016231562043547262	-0.0016912240451825054	-0.002567379329683659	0.99989742	58.10371017	0.97412268	0.01866484687217249	0.0129663	0.00012
-0.0698	-0.299	0.0756	-0.0012932889757277981	-0.0015969762655748114	-0.0025080381351158514	1.03783703	60.30836868	0.99818277	0.09807281014012145	0.0137501	0.00016
-0.0678	-0.2782	0.0825	-0.0011466813185602744	-0.0016388641676226754	-0.0022933626371205488	1.02853167	59.76763535	0.98645525	0.049858552860534505	0.0131533	0.00014
-0.0683	-0.2377	0.0893	-0.0015219271077390555	-0.0017226399717184032	-0.002305579941884509	1.01036954	58.71224213	0.98205347	0.07136194490192348	0.0118145	0.0001
-0.0707	-0.2294	0.0916	-0.0017226399717184032	-0.0017470745812463236	-0.002363175807200322	1.02054262	59.30339813	0.9816302	0.02713716694115405	0.0125988	0.00013
-0.0792	-0.2908	0.0815	-0.0015271630954950383	-0.0017191493132144146	-0.0026406831582674204	1.033481	60.05524445	0.99677585	0.10504547476611863	0.0129866	0.00013
-0.0782	-0.285	0.0866	-0.0013369222070276565	-0.0017645278737662671	-0.002621484536495483	1.0040791	58.34670639	0.97175525	0.024640903539558615	0.0125509	8e-05
-0.0786	-0.2708	0.0912	-0.0011903145498601325	-0.0017575465567582897	-0.002553416695667704	1.01857877	59.18928146	0.97959014	0.030282840750164	0.0132846	0.00012
-0.0739	-0.2205	0.0967	-0.0015166911199830724	-0.0017872171540421933	-0.0024452062820440558	1.03336883	60.04872513	0.99214193	0.08371287905152458	0.012028	0.00012
-0.0695	-0.24	0.091	-0.0015463617172669759	-0.001593485607070823	-0.0023701571242082994	1.01809645	59.16125107	0.97124513	0.04452256510455147	0.0122495	0.00014
-0.0649	-0.3187	0.0841	-0.001410226035611418	-0.001541125729510993	-0.0021991148575128553	1.05452144	61.27789688	1.01159997	0.1081768912955416	0.0136294	0.00016
-0.07	-0.2858	0.0942	-0.0012531464029319286	-0.0016423548261266642	-0.0022183134792847924	1.0327158	60.01077652	0.98806694	0.061975367553354886	0.0123233	0.00013
-0.0717	-0.26	0.1032	-0.0014416419621473165	-0.0016999506914424768	-0.0023020892833805202	1.01014841	58.69939423	0.97605857	0.05299336143134639	0.0125549	0.0001
-0.0721	-0.2667	0.1073	-0.0017051866791984597	-0.0016388641676226754	-0.0023911010752322315	1.03248084	59.99712372	0.99195751	0.03188215163613279	0.0122347	0.00012
-0.0689	-0.2966	0.0873	-0.001574286985298885	-0.001595230936322817	-0.0023352505391684127	1.00608253	58.46312714	0.97427007	0.06461917306316257	0.0116767	9e-05
-0.065	-0.2958	0.0866	-0.0013980087308474581	-0.0015969762655748114	-0.002239257430308725	1.01066518	58.72941971	0.96962351	0.019100834628155428	0.0124471	9e-05
-0.0676	-0.284	0.0885	-0.0013526301702956054	-0.001574286985298885	-0.0022078415037728267	1.05505764	61.30905533	1.00027099	0.021274188368183896	0.0126665	0.00016
-0.0591	-0.2222	0.096	-0.001572541656046891	-0.0016388641676226754	-0.0020664698343612863	1.03602099	60.20284271	0.99636772	0.0990930168743308	0.0109566	7e-05
-0.0641	-0.2312	0.0913	-0.001658062789394613	-0.001567305668290908	-0.0021205750411731105	1.04296756	60.60650253	0.98776188	0.02925924197456565	0.012024	0.00013
-0.0545	-0.2771	0.0732	-0.0015969762655748114	-0.001403244718603441	-0.0020420352248333657	1.04004538	60.4366951	0.99754259	0.08878436449235069	0.0115229	0.00012
-0.0598	-0.2999	0.0877	-0.0013596114873035826	-0.0015306537539990272	-0.002165953601724963	1.01864791	59.19329834	0.97882094	0.06703460952792059	0.0123647	0.0001
-0.0633	-0.2812	0.1018	-0.0010088003076527223	-0.0015969762655748114	-0.002145009650701031	1.05985463	61.5878067	1.0009571	0.0582038821125288	0.0134675	0.0002
-0.0638	-0.2163	0.1103	-0.0011606439525762293	-0.0017872171540421933	-0.0022235494670407763	1.04794586	60.8957901	1.00196055	0.0949312174865317	0.0118297	0.0001
-0.0709	-0.2323	0.1165	-0.0014905111812031574	-0.0018797196043978928	-0.0023387411976724015	1.03404117	60.08779144	0.98474229	0.056178070480712675	0.0126566	0.00016
-0.0704	-0.2822	0.0947	-0.0014800392056911916	-0.001762782544514273	-0.0024155356847601517	1.05539382	61.32859039	1.00695726	0.0824101761241668	0.0129526	0.00014
-0.0739	-0.3308	0.1068	-0.0013159782560037243	-0.0017366026057343581	-0.0025254914276357948	1.02521729	59.57504272	0.98740288	0.07920983156715121	0.0126343	8e-05
-0.0798	-0.32	0.1102	-0.0012095131716320703	-0.001820378409830086	-0.0026720990848033187	1.01154852	58.78075027	0.97591312	0.03694242728174527	0.0134926	0.00016
-0.0773	-0.2843	0.111	-0.0012217304763960308	-0.0018552849948699724	-0.002590068609959585	1.03140497	59.93460464	0.98757456	0.04545771823237904	0.0124643	0.00016
-0.0618	-0.2163	0.1267	-0.0014660765716752368	-0.0018517943363659836	-0.00222529479629277	1.02531111	59.58049011	0.99337938	0.1298305283725005	0.011733	6e-05
-0.0472	-0.2205	0.1192	-0.001514945790731078	-0.0017924531417981763	-0.0019006635554218248	1.02273631	59.43087006	0.98851797	0.0479420827247297	0.0126303	0.00014
-0.0344	-0.2222	0.1015	-0.0015358897417550098	-0.0017767451785302276	-0.0018064157758141308	1.0139035	58.91760254	0.98581851	0.03874498469497872	0.01222	0.00011
-0.0228	-0.2678	0.091	-0.001473057888683214	-0.001759291886010284	-0.0019198621771937623	1.01386547	58.91539383	0.97743776	0.07738657734856853	0.0125888	0.00014
-0.0226	-0.3047	0.0843	-0.0014381513036433276	-0.001820378409830086	-0.0019879300180215415	1.03345776	60.05389404	0.99175835	0.052003047484373434	0.0134913	0.00023
-0.026	-0.3302	0.0895	-0.0013002702927357754	-0.0018465583486100008	-0.0021537362969610025	1.04807961	60.90356064	1.00218027	0.05059336143134638	0.0127212	0.00014
-0.0488	-0.3334	0.1116	-0.0007190756518216638	-0.0018133970928221085	-0.0023701571242082994	1.05582893	61.35387039	1.00527376	0.089638836197465	0.0139096	0.00017
-0.0552	-0.3172	0.117	-0.0005218534463463045	-0.0018465583486100008	-0.002305579941884509	1.06362391	61.80683517	1.00302056	0.04274803217935209	0.0140635	0.00018
-0.0512	-0.2756	0.1318	-0.00037524578917878077	-0.0019425514574696887	-0.0020664698343612863	1.03367901	60.06674576	0.98871429	0.08448554367752167	0.0129144	8e-05
-0.0529	-0.2544	0.1393	-0.00032637657012293966	-0.0020106192982974674	-0.001970476725501598	1.03085256	59.90250397	0.98260936	0.0410465084371654	0.0141401	0.00012
-0.0546	-0.2315	0.1445	-0.0005270894341022875	-0.002049016541841343	-0.002001892652037496	1.03390825	60.0800705	0.98446483	0.043326301702956045	0.0131488	9e-05
-0.0541	-0.2054	0.1513	-0.0007382742735936014	-0.0020699604928652747	-0.0018325957145940458	1.02216315	59.39756393	0.97619355	0.0534712863979348	0.0135483	0.00015
-0.0537	-0.2446	0.1418	-0.0009669124056048585	-0.0020001473227855013	-0.00182212373908208	1.06157649	61.6878624	1.0036982	0.06454616388014982	0.013584	0.00018
-0.051	-0.297	0.12	-0.0009128071987930344	-0.0018500490071139892	-0.0018849555921538759	1.02741396	59.70269012	0.98862275	0.0902517687777566	0.0124341	8e-05
-0.0536	-0.3502	0.1264	-0.000757472895365539	-0.0018709929581379211	-0.0018884462506578647	1.04308057	60.61306763	0.98396072	0.07118844564777085	0.0147119	0.0002
-0.0579	-0.342	0.1328	-0.0006876597252857658	-0.0019355701404617114	-0.001963495408493621	1.04621887	60.79543304	0.9865116	0.02937197551196596	0.0147305	0.00022
-0.0537	-0.3214	0.1336	-0.0006789330790257941	-0.0019495327744776662	-0.0018989182261698304	1.01808381	59.16051483	0.97804417	0.02996332312998585	0.0135502	9e-05
-0.0502	-0.2901	0.1397	-0.0009581857593448868	-0.0019425514574696887	-0.001780235837034216	1.03078413	59.89852905	0.98709961	0.0611458193231342	0.0139145	0.00013
-0.0499	-0.2715	0.1308	-0.0010978120995044332	-0.0018849555921538759	-0.0018483036778619948	1.03794479	60.31463242	0.99594809	0.041064502315156896	0.0133016	0.00013
-0.0565	-0.3162	0.1271	-0.0008587019919812101	-0.0018989182261698304	-0.002005383310541485	1.0101788	58.70115662	0.98268697	0.07550761871093337	0.0128387	8e-05
-0.0559	-0.2818	0.1324	-0.000619591884457987	-0.0019355701404617114	-0.001912880860185785	1.01306796	58.86904907	0.97596279	0.058713223608540185	0.0139363	0.00015
-0.0582	-0.2469	0.1364	-0.0007749261878854823	-0.002007128639793479	-0.0020106192982974674	1.02842999	59.76173019	0.98683976	0.05743156204354725	0.0130184	0.00014
-0.056	-0.219	0.1579	-0.0011152653920243766	-0.002012364627549462	-0.0019303341527057286	1.0030899	58.28922272	0.97822343	0.07289301687433083	0.0124266	6e-05
-0.0573	-0.2749	0.1345	-0.0009634217471008699	-0.0019041542139258136	-0.002089159114637212	1.02284515	59.43719864	0.98036054	0.1015439510239319	0.0129842	0.00014
-0.0642	-0.2998	0.1358	-0.0007295476273336296	-0.0019233528356977512	-0.002256710722828668	1.01791465	59.15068436	0.98462653	0.0541312174865317	0.0131162	0.00014
-0.069	-0.2955	0.1485	-0.0005602506898901797	-0.001970476725501598	-0.002333505209916419	0.99727625	57.95139694	0.97204932	0.036460765716752414	0.0132445	7e-05
-0.0653	-0.2689	0.1534	-0.0006789330790257941	-0.002045525883337354	-0.0022497294058206906	1.01910472	59.21984482	0.98195549	0.04907536755335497	0.0133039	0.0001
-0.0566	-0.2451	0.1533	-0.001064650843716541	-0.0019861846887695473	-0.0020315632493213996	1.01597822	59.03816223	0.98480949	0.06576125578789221	0.0119886	4e-05
-0.0517	-0.3046	0.1226	-0.0008517206749732328	-0.0017610372152622785	-0.0019774580425095754	1.02194428	59.38484573	0.98446288	0.11970914245312	0.0125378	0.00011
-0.0545	-0.3172	0.1249	-0.0006510078109938849	-0.0018029251173101424	-0.0019861846887695473	1.0138346	58.91359329	0.97674767	0.030266370614359175	0.0136753	0.00012
-0.0581	-0.2775	0.1264	-0.0005846852994181004	-0.0018483036778619948	-0.002045525883337354	1.02808416	59.74163055	0.98358597	0.05335211333477216	0.0125477	7e-05
-0.0594	-0.2466	0.1405	-0.0007958701389094143	-0.0018779742751458986	-0.002015855286053451	1.01426041	58.93833923	0.9765644	0.05982630170295605	0.0131176	0.00012
-0.0662	-0.2357	0.1494	-0.001001818990644745	-0.001960004749989632	-0.002176425577236929	1.04431486	60.68479156	0.99737619	0.04902748088812711	0.0130406	0.00014
-0.0576	-0.2779	0.1153	-0.0007452555906015787	-0.001706932008450454	-0.002165953601724963	1.01658058	59.07316208	0.98511147	0.1109054058547155	0.0120533	7e-05
-0.0572	-0.311	0.1235	-0.0004328416544945937	-0.0016947147036864942	-0.0021572269554649913	1.03398919	60.0847702	0.97646784	0.058367894356545824	0.0144722	0.00017
-0.0546	-0.2862	0.1245	-0.00023561944901923448	-0.0017366026057343581	-0.0021135937241651332	1.04879808	60.9453125	0.98784461	0.04253716694115406	0.0139687	0.00018
-0.0537	-0.2395	0.1346	-0.0004974188368183839	-0.0018186330805780916	-0.0020193459445574393	1.02605605	59.6237793	0.9864189	0.07960388211252886	0.0127558	9e-05
-0.0557	-0.2591	0.1282	-0.0006230825429619757	-0.0017924531417981763	-0.002036799237077382	1.01178288	58.79437256	0.97784606	0.036464846872172496	0.0134112	0.00012
-0.057	-0.3201	0.0977	-0.0003700098014227979	-0.0017313666179783749	-0.002092649773141201	1.05041885	61.03949738	1.00895938	0.11130049007113992	0.0141436	0.00015
-0.0602	-0.305	0.1085	-0.00020420352248333657	-0.0017523105690023068	-0.002082177797629235	1.01898646	59.21296692	0.98100465	0.03896111027376796	0.0133873	0.00011
-0.0621	-0.2884	0.1112	8.726646259971648e-06	-0.0018413223608540175	-0.0021118483949131386	1.02095377	59.32728958	0.98031463	0.03778062789394612	0.0146981	0.00017
-0.0606	-0.2372	0.1279	-0.000450294947014537	-0.001980948701013564	-0.0020943951023931952	1.05422878	61.26089096	1.00617236	0.10020506129769996	0.0134362	0.00017
-0.0501	-0.2363	0.1041	-0.0007539822368615504	-0.001801179788058148	-0.0019058995431778078	1.0198828	59.2650528	0.99342911	0.06879758810089086	0.0121393	7e-05
-0.0492	-0.3224	0.0738	-0.00045553093477052	-0.0015777776438028737	-0.0018675022996339327	1.06199372	61.7121048	1.01657324	0.14531253449450898	0.0145595	0.00017
-0.0514	-0.2874	0.0821	-0.0003647738136668148	-0.001593485607070823	-0.0018675022996339327	1.04268265	60.58994675	0.98980756	0.05082325421858276	0.013312	0.00013
-0.0538	-0.2386	0.1014	-0.00048520153205442357	-0.0017400932642383465	-0.0019198621771937623	1.01158738	58.78300858	0.98103864	0.08646976265574806	0.0126558	3e-05
-0.0628	-0.2214	0.1111	-0.0007470009198535729	-0.0017278759594743865	-0.002092649773141201	1.01946485	59.24076843	0.98698334	0.0582402144255274	0.0128783	0.00016
-0.0606	-0.2865	0.0846	-0.0005794493116621174	-0.0015917402778188286	-0.0020420352248333657	1.03296757	60.02540588	1.00327214	0.1115150919077424	0.0126156	5e-05
-0.0517	-0.2944	0.0872	-0.00023387411976724014	-0.0017366026057343581	-0.0016598081186466073	1.01134133	58.7687149	0.9810425	0.06303323129985827	0.0141681	7e-05
-0.048	-0.2739	0.0945	-8.028514559173915e-05	-0.001837831702350029	-0.0014660765716752368	1.02653849	59.65181351	0.98736996	0.053927480888127134	0.0147913	0.00012
-0.05	-0.2186	0.1104	-0.0005096361415823442	-0.0018622663118779497	-0.001509709802975095	1.03828418	60.33435059	0.99694291	0.09807094184091916	0.0132442	6e-05
-0.0452	-0.2666	0.0959	-0.0003612831551628262	-0.0016545721308906245	-0.0014346606451393388	1.02750838	59.70817566	0.97663179	0.08885481626213	0.014212	0.00016
-0.0467	-0.3326	0.0831	-0.00015184364492350666	-0.001668534764906579	-0.001541125729510993	1.04474175	60.70960236	1.00014029	0.09679336143134641	0.0154282	0.00019
-0.0519	-0.2905	0.0936	-0.00015009831567151235	-0.0018413223608540175	-0.0016039575825827887	1.03380585	60.07411957	0.98498085	0.06966823891356146	0.0137246	8e-05
-0.0523	-0.2778	0.0918	4.18879020478639e-05	-0.0019216075064457567	-0.0015393804002589986	1.02601385	59.62133026	0.98021388	0.03174242728174526	0.015366	0.00018
-0.056	-0.2075	0.1078	-0.00038048177693476387	-0.0019111355309337906	-0.0015376350710070042	1.07571089	62.50920486	1.01736824	0.11172934918732944	0.0141575	0.00017
-0.0556	-0.2661	0.0861	-0.0003874630939427412	-0.0016877333866785165	-0.0016912240451825054	1.02375829	59.49025726	0.99402338	0.09989862177193765	0.0131071	8e-05
-0.056	-0.3364	0.069	9.42477796076938e-05	-0.0016859880574265225	-0.0016039575825827887	1.0595938	61.57265091	1.00444079	0.11633613327010724	0.0162778	0.00021
-0.0597	-0.3035	0.0756	0.00027925268031909274	-0.0017278759594743865	-0.0016057029118347831	1.05681252	61.41102982	0.99340492	0.05463190660056284	0.0157562	0.00013
-0.0571	-0.2511	0.0983	8.028514559173915e-05	-0.001864011641129944	-0.0014224433403753785	1.01947236	59.24120331	0.98980733	0.1036181393921158	0.014658	0.00011
-0.0581	-0.2328	0.0977	-0.00024085543677521747	-0.0018675022996339327	-0.001556833692778942	1.02413869	59.51236725	0.98191355	0.04285107966372544	0.0144001	0.00019
-0.0535	-0.3071	0.0684	-5.235987755982988e-06	-0.001759291886010284	-0.001541125729510993	1.0353179	60.16198349	1.00287064	0.12617689129554155	0.0147995	0.00014
-0.0545	-0.298	0.0746	0.00019198621771937622	-0.0018832102629018814	-0.0015428710587629874	0.99903524	58.05361176	0.97049483	0.03244429558094754	0.0149877	6e-05
-0.0519	-0.2589	0.0818	0.0002600540585471551	-0.0020210912738094335	-0.001462585913171248	1.02193344	59.38421631	0.9885962	0.06321169986635349	0.0156935	0.00014
-0.0547	-0.2152	0.0969	-0.0002303834612632515	-0.0019757127132575807	-0.001450368608407288	1.03166544	59.94974136	0.99498772	0.08900166925631099	0.0141926	0.0001
-0.0517	-0.2638	0.0699	-7.330382858376184e-05	-0.0017540558982543013	-0.0015306537539990272	1.01092589	58.74457169	0.98119559	0.10155107966372538	0.0141469	8e-05
-0.0487	-0.3139	0.0709	0.00021118483949131387	-0.0018413223608540175	-0.0014172073526193955	1.02172053	59.37184525	0.99226048	0.07836007660272122	0.0161142	0.00021
-0.0541	-0.2867	0.0802	0.00028797932657906436	-0.0020298179200694054	-0.0015254177662430443	1.02878392	59.78229904	0.98783347	0.06057502299633935	0.0155514	0.00018
-0.0567	-0.2169	0.0917	-6.108652381980153e-05	-0.0020420352248333657	-0.0015446163880149814	1.01817214	59.16565323	0.98972416	0.10292408884673816	0.0141648	6e-05
-0.0596	-0.253	0.0859	-0.0002705260340591211	-0.0019722220547535923	-0.0016790067404185449	1.01038015	58.71285629	0.9780146	0.0654821516361328	0.0143646	0.00017
-0.0621	-0.3219	0.0634	0.0001658062789394613	-0.001947787445225672	-0.001785471824790199	1.0408752	60.48491669	1.00319193	0.12226160034490788	0.0156727	0.00016
-0.0681	-0.3107	0.0821	0.00040666171571467877	-0.002092649773141201	-0.0019041542139258136	1.01768482	59.13733292	0.98406588	0.0611200076913181	0.0153191	0.0001
-0.0749	-0.2715	0.0858	0.00047822021504644627	-0.002145009650701031	-0.0019669860669976093	1.01500273	58.98147583	0.9755053	0.05903751149816961	0.0160094	0.00026
-0.0795	-0.2243	0.1053	-8.726646259971648e-06	-0.0022130774915288098	-0.0020804324683772408	1.0548861	61.29908371	1.00491168	0.10472305517569144	0.015167	0.00013
-0.0795	-0.2712	0.0823	9.250245035569947e-05	-0.0020106192982974674	-0.002186897552748895	1.01838112	59.1777916	0.98676697	0.0904076187109334	0.0145525	7e-05
-0.0793	-0.3377	0.0802	0.0003700098014227979	-0.0020682151636132805	-0.0021101030656611444	1.05230176	61.14891052	0.98894321	0.08939488517353313	0.0171056	0.00023
-0.0833	-0.2875	0.087	0.0004520402762665313	-0.002235766771804736	-0.002145009650701031	1.05379689	61.23579025	0.99460417	0.0752244334037538	0.0164349	0.00016
-0.0871	-0.2132	0.1102	-1.2217304763960308e-05	-0.0022933626371205488	-0.0021135937241651332	1.0471102	60.84723282	1.00781409	0.12896346864411007	0.0148299	0.00011
-0.0799	-0.256	0.086	7.504915783575618e-05	-0.0020629791758572974	-0.002082177797629235	0.98744869	57.3803215	0.97142162	0.09165329251994332	0.014567	0.00012
-0.0776	-0.3019	0.0832	0.0003525565089028545	-0.0020350539078253884	-0.002036799237077382	1.00860381	58.6096344	0.98435289	0.06854055898254299	0.0159522	0.00019
-0.082	-0.2896	0.0889	0.0005393067388662478	-0.002169444260228951	-0.0020699604928652747	1.01462698	58.9596405	0.9829885	0.040115091907742415	0.0159111	0.00024
-0.0882	-0.2313	0.1008	0.00038571776469074686	-0.0022200588085367874	-0.0021048670779051613	1.00949073	58.66117859	0.98544596	0.0883555053761612	0.0155471	0.00014
-0.0813	-0.2424	0.0988	9.599310885968811e-05	-0.002134537675189065	-0.0020001473227855013	1.02289498	59.44009018	0.98858201	0.04399827721492207	0.0155165	0.00021
-0.0835	-0.3078	0.0791	0.0002600540585471551	-0.0019617500792416262	-0.002064724505109292	1.02218938	59.39908981	0.99655977	0.10737128639793483	0.0156866	0.00019
-0.0898	-0.3051	0.0841	0.0005480333851262194	-0.002078687139125246	-0.0021921335405048776	1.01266527	58.8456459	0.97703185	0.04061627109291351	0.0166894	0.00024
-0.0994	-0.2863	0.0961	0.000635299847725936	-0.0022636920398366456	-0.0023404865269243957	1.02513182	59.57007599	0.98314406	0.06143121748653169	0.0175369	0.00033
-0.1074	-0.2171	0.106	0.0001884955592153876	-0.002324778563656447	-0.00239459173373622	1.04469645	60.70697021	1.00386304	0.11519980095710868	0.0160002	0.00019
-0.1022	-0.267	0.0946	0.00014486232791552936	-0.002061233846605303	-0.0024207716725161347	1.05286896	61.18187332	0.98311875	0.08316789435654585	0.0165285	0.00029
-0.0975	-0.3345	0.0813	0.0003665191429188092	-0.0021013764194011725	-0.002408554367752175	1.06638491	61.96728134	1.00725618	0.09920083462815546	0.0182703	0.0004
-0.0897	-0.2958	0.0881	0.0005218534463463045	-0.00214850030920502	-0.0022113321622768156	1.04161704	60.52802658	0.98979503	0.07328401993533512	0.016624	0.00025
-0.0818	-0.2947	0.0911	0.0005707226654021458	-0.002143264321449037	-0.001996656664281513	1.01482189	58.97096634	0.97836585	0.025439035240356345	0.0175174	0.00036
-0.0768	-0.241	0.1048	6.45771823237902e-05	-0.002090904443889207	-0.0018971728969178364	1.05701745	61.42293549	1.01107773	0.10529945640009312	0.0159212	0.00019
-0.0684	-0.2786	0.0947	4.71238898038469e-05	-0.001864011641129944	-0.0018936822384138475	1.00689471	58.51032257	0.97845258	0.06849183768915976	0.0148311	0.00012
-0.0677	-0.3291	0.0849	0.00033335788713091696	-0.0018622663118779497	-0.0018168877513260971	1.03277981	60.01449966	0.98714986	0.07923869068334073	0.0172124	0.0003
-0.0665	-0.2967	0.0908	0.0004433136300065597	-0.0019687313962496035	-0.0017470745812463236	1.04572344	60.76664734	0.99412198	0.05381169986635348	0.0164866	0.00021
-0.0647	-0.2438	0.097	0.0002652900463031381	-0.0019879300180215415	-0.0016598081186466073	1.01113498	58.75672531	0.98456985	0.07512443340375384	0.0153901	0.0001
-0.0677	-0.2446	0.0964	-0.0	-0.0019442967867216831	-0.001726130630222392	1.02884924	59.78609085	0.99221361	0.023162289458939087	0.0153152	0.00014
-0.0671	-0.2864	0.0776	0.00019198621771937622	-0.0019058995431778078	-0.001780235837034216	1.01067054	58.72973251	0.98667879	0.07542443340375372	0.0150318	0.00013
-0.0721	-0.3038	0.082	0.00042411500823462205	-0.002103121748653167	-0.0019006635554218248	1.0076977	58.55698395	0.97152098	0.05428893571891071	0.0164483	0.00013
-0.078	-0.2923	0.0894	0.0005375614096142535	-0.002230530784048753	-0.0019582594207376374	1.03610456	60.20769501	0.99112578	0.039722565104551515	0.0171997	0.00019
-0.0711	-0.2268	0.0962	0.00021118483949131387	-0.002171189589480946	-0.001759291886010284	1.03767979	60.2992363	0.99851368	0.10843426497090503	0.0154651	0.0001
-0.0753	-0.2407	0.0955	5.061454830783555e-05	-0.0020210912738094335	-0.0017924531417981763	1.02476394	59.54869843	0.97855619	0.03599149313214414	0.0160112	0.0002
-0.0763	-0.2705	0.0747	7.330382858376184e-05	-0.0019844393595175526	-0.0018343410438460403	1.04634321	60.80265808	0.99933883	0.05666145483078357	0.0163717	0.00027
-0.0758	-0.3279	0.0793	0.00016231562043547262	-0.0019722220547535923	-0.001891936909161853	1.03626454	60.21699142	0.99297174	0.0704412480965742	0.0159671	0.00011
-0.0847	-0.3611	0.0935	0.0004520402762665313	-0.002129301687433082	-0.002078687139125246	1.02980208	59.841465	0.98626026	0.08797772592369701	0.0183021	0.00048
-0.095	-0.3197	0.1079	0.000640535835481919	-0.0023963370629882146	-0.0022183134792847924	1.0487597	60.9430809	0.99572301	0.09585786374650333	0.0182953	0.00035
-0.1013	-0.2667	0.1103	0.0006073745796940267	-0.0024486969405480446	-0.0023003439541285265	1.01592278	59.03493881	0.98537177	0.07007758040957282	0.0170549	0.00021
-0.1012	-0.2062	0.1229	0.0002897246558310587	-0.002384119758224254	-0.0023788837704682713	1.03560245	60.1785202	0.99618535	0.09623834612632515	0.0168477	0.00026
-0.0983	-0.2194	0.0897	0.00023911010752322313	-0.0022270401255447643	-0.0023753931119642824	1.01470578	58.96421814	0.99048561	0.05985924197456571	0.0161605	0.00015
-0.1048	-0.2655	0.0727	0.0002129301687433082	-0.0021572269554649913	-0.0025638886711796703	1.02572918	59.60478973	0.98188207	0.0838244334037538	0.0162356	0.00023
-0.1128	-0.3212	0.0921	0.00040666171571467877	-0.0023020892833805202	-0.0027715828521669953	1.04883254	60.94731522	1.00579095	0.11041440279371117	0.018071	0.00029
-0.1125	-0.3071	0.1335	0.001075122819228507	-0.0021799162357409173	-0.002694788365079245	1.07210839	62.29986572	1.03421771	0.09917143191205907	0.0196705	0.00103
-0.1253	-0.2597	0.1412	0.0011693705988362008	-0.002314306588144481	-0.002825688058978819	1.01944065	59.23936081	0.9942476	0.08587689129554153	0.0198781	0.00105
-0.118	-0.2563	0.1458	0.0006963863715457374	-0.0022497294058206906	-0.0026406831582674204	1.02501523	59.56330109	0.99049804	0.05142831551628264	0.0183245	0.00045
-0.1169	-0.2931	0.1173	0.0005602506898901797	-0.0021519909677090087	-0.0027942721324429216	1.01500356	58.98152542	0.99166099	0.0857731546971371	0.0172972	0.00026
-0.1129	-0.3641	0.1033	0.0007470009198535729	-0.002045525883337354	-0.0027401669256310974	1.02800858	59.73724365	0.99337423	0.10636602605734356	0.0183611	0.00053
-0.1079	-0.3528	0.0982	0.0005375614096142535	-0.002087413785385218	-0.0025865779514555962	1.04988897	61.00870514	1.01400172	0.04164581932313421	0.0183336	0.00062
-0.0886	-0.3046	0.0677	-0.0006318091892219474	-0.0019687313962496035	-0.002432988977280095	1.10490167	64.20547485	1.06314265	0.17008209810736585	0.013713	0.00012
-0.0931	-0.2235	0.0668	-0.0007888888219014368	-0.0019460421159736775	-0.0025499260371637153	1.0663482	61.96514511	1.00459755	0.10133529864195176	0.014455	0.00019
-0.0875	-0.269	0.0385	-0.0004921828490624009	-0.001891936909161853	-0.0025080381351158514	1.05980551	61.58495331	1.00823371	0.09903495408493623	0.0154	0.00024
-0.0847	-0.281	0.0632	-0.000307177948351002	-0.0019512781037296606	-0.0024434609527920616	1.0374701	60.28704834	0.98925689	0.05494616388014984	0.0140879	8e-05
-0.0859	-0.259	0.0668	-9.250245035569947e-05	-0.0021118483949131386	-0.0024190263432641405	1.01068747	58.73071671	0.97434485	0.0467840199353351	0.0154285	0.0002
-0.0869	-0.2223	0.0832	-0.0004974188368183839	-0.0021572269554649913	-0.0024190263432641405	1.03499854	60.14342499	0.99455812	0.07661474735072686	0.0146307	0.00014
-0.0782	-0.2898	0.0703	-0.0005602506898901797	-0.0019041542139258136	-0.0024033183799961914	1.00764143	58.55371475	0.98577225	0.10568062789394612	0.0136198	0.00012
-0.0801	-0.3612	0.0638	-0.00020594885173533088	-0.0018500490071139892	-0.0024242623310201236	1.03939736	60.39904022	0.99156951	0.10126754979953027	0.016457	0.00029
-0.0891	-0.3305	0.0775	-0.00012740903539558605	-0.00200363798128949	-0.0026319565120074486	1.04682398	60.83059692	0.99157584	0.07539114857512855	0.0158817	0.00027
-0.0956	-0.2598	0.0995	-0.00042760566673861073	-0.0021223203704251047	-0.002802998778702893	1.04246581	60.5773468	1.00267528	0.12869606435870423	0.0139665	6e-05
-0.1075	-0.2563	0.1151	-0.0005689773361501514	-0.002008873969045473	-0.003164281933865719	1.00645685	58.48487473	0.96944929	0.06180506129769987	0.0145126	0.00017
-0.0985	-0.3307	0.0952	-0.0005201081170943102	-0.0018570303241219666	-0.0030700341542580253	1.04806638	60.90279388	1.00905047	0.11804803217935209	0.0153206	0.00015
-0.0932	-0.3158	0.0884	-0.0004206243497306334	-0.0019181168479417679	-0.002858849314766712	1.01669347	59.07972336	0.97983739	0.045587756533739525	0.0143298	0.00011
-0.0923	-0.3143	0.0875	-0.00017278759594743863	-0.0021170843826691216	-0.002694788365079245	1.02968431	59.83461761	0.97248814	0.03384326190990079	0.0162929	0.00019
-0.0919	-0.2449	0.0939	-0.0005340707511102648	-0.002186897552748895	-0.0026249751949994717	1.08110905	62.82289124	1.01211718	0.10124547476611864	0.0151523	0.00017
-0.0908	-0.2384	0.0997	-0.000757472895365539	-0.0019861846887695473	-0.002686061718819273	1.00656521	58.49117661	0.97347256	0.037660076602721165	0.0134456	8e-05
-0.0942	-0.3253	0.0842	-0.0004677482395344803	-0.0018762289458939042	-0.0027925268031909274	1.06700015	62.00302887	1.00575344	0.13110727415391776	0.0160317	0.00023
-0.1017	-0.3106	0.0959	-0.0002373647782712288	-0.002038544566329377	-0.0029059732045705585	1.05718064	61.43242264	0.99378964	0.059207274153917744	0.0162454	0.00024
-0.107	-0.2731	0.1086	-0.0003385938748868999	-0.002197369528260861	-0.0030246555937061734	1.02006423	59.27560043	0.98747522	0.0744368223841385	0.015276	0.00011
-0.1177	-0.257	0.1264	-0.0006789330790257941	-0.00222529479629277	-0.0032882003107573173	1.02111101	59.33642578	0.98531867	0.07619045946109734	0.0155903	0.00019
-0.1124	-0.3198	0.0961	-0.0004328416544945937	-0.002057743188101315	-0.003316125578789226	1.03297174	60.02564621	1.00216293	0.12047841503772817	0.0159067	0.00022
-0.11	-0.3361	0.0982	-0.000296705972839036	-0.00209614043164519	-0.003193952531149623	0.9999941	58.10932922	0.97039569	0.035635298641951814	0.0158959	0.00017
-0.1079	-0.3184	0.0975	-0.00018151424220741024	-0.002183406894244906	-0.0030543261909900766	1.01019537	58.70212555	0.97434077	0.0376042266695444	0.0167797	0.00018
-0.1082	-0.2611	0.1035	-0.0005235987755982988	-0.0021607176139689798	-0.0029827676916583086	1.04256999	60.58340073	0.99921496	0.08541661564992915	0.0146806	0.00011
-0.1068	-0.2517	0.0874	-0.0005480333851262194	-0.001998401993533507	-0.0029775317039023265	1.00188613	58.21927261	0.97051875	0.03649931088596878	0.0146788	0.00012
-0.1081	-0.3258	0.0744	-0.0004433136300065597	-0.001970476725501598	-0.0031171580440618727	1.04231405	60.56852722	1.00471462	0.10201356816555573	0.0164034	0.00017
-0.1057	-0.2858	0.0842	-0.0002705260340591211	-0.00204378055408536	-0.002949606435870417	1.02355063	59.47819138	0.98472013	0.07288215163613278	0.0151383	0.00011
-0.1066	-0.2826	0.0908	-0.0002181661564992912	-0.002057743188101315	-0.002893755899806598	1.02518821	59.573349	0.97950213	0.01680865238198017	0.0160766	0.00018
-0.11	-0.2389	0.101	-0.0006108652381980154	-0.002022836603061428	-0.002921681167838507	1.05868149	61.51963425	1.00535531	0.080076546738526	0.0153763	0.00021
-0.1105	-0.2768	0.0993	-0.0006544984694978735	-0.0018692476288859267	-0.0030473448739821	1.01039791	58.71389389	0.97857283	0.05624429558094761	0.0144268	7e-05
-0.1103	-0.3554	0.0998	-0.000322885911618951	-0.0018884462506578647	-0.0030909781052819575	1.04158163	60.52597046	0.99708733	0.09902222054753591	0.0168853	0.00023
-0.1137	-0.3179	0.1022	-0.0001186823891356144	-0.0020856684561332234	-0.0031311206780778272	1.04146659	60.51928329	0.99479278	0.06537841503772823	0.0168064	0.00023
-0.1116	-0.2713	0.1193	-0.0003961897402027128	-0.0020856684561332234	-0.003043854215478111	1.02661252	59.65611649	0.99143427	0.08403869068334077	0.0150144	0.00013
-0.1146	-0.256	0.1226	-0.0006736970912698113	-0.0020141099568014562	-0.003035127569218139	1.01276803	58.85161972	0.97970678	0.03948962483294184	0.0154347	0.00017
-0.1201	-0.3251	0.096	-0.00032463124087094524	-0.0019949113350295183	-0.0032463124087094525	1.04348624	60.63664627	1.00880679	0.13017246558310588	0.016491	0.0002
-0.1276	-0.3203	0.1094	-6.108652381980153e-05	-0.0021607176139689798	-0.0033580134808370897	1.01846933	59.18291855	0.98481871	0.05275260340591214	0.0161767	0.00018
-0.12	-0.2799	0.0998	-2.268928027592628e-05	-0.0021642082724729686	-0.00312413936106985	1.00353611	58.31515503	0.97552283	0.07138810109075518	0.016588	0.00025
-0.1162	-0.2416	0.1121	-0.0005794493116621174	-0.002064724505109292	-0.0030368728984701333	1.04506302	60.72827148	1.00462384	0.09157551306747919	0.0151224	0.00013
-0.1096	-0.2852	0.0908	-0.0004014257279586958	-0.0019442967867216831	-0.003033382239966145	1.01479089	58.9691658	0.98808645	0.08659709802975096	0.0148012	0.00011
-0.1143	-0.3267	0.1019	-4.0142572795869576e-05	-0.0019844393595175526	-0.0030962140930379405	1.01058114	58.7245369	0.98204843	0.08051287905152454	0.0160339	0.00014
-0.1118	-0.2957	0.1056	0.00017627825445142725	-0.0021572269554649913	-0.0029914943379182805	1.02066219	59.3103447	0.98716352	0.06189640891571975	0.01667	0.00021
-0.1105	-0.2423	0.1141	-0.0003193952531149623	-0.002061233846605303	-0.0028518679977587343	1.03640485	60.22514725	1.00115193	0.09976464782928121	0.0147362	0.00012
-0.1154	-0.2472	0.0994	-0.000312413936106985	-0.002007128639793479	-0.0030717794835100195	0.9936558	57.74101257	0.96699987	0.03854990047855435	0.0146268	0.00013
-0.1153	-0.3161	0.0854	-7.504915783575618e-05	-0.0019582594207376374	-0.0031328660073298214	1.02368307	59.48588943	0.99509086	0.1003660260573436	0.0164153	0.0002
-0.1146	-0.3069	0.0889	8.37758040957278e-05	-0.001996656664281513	-0.0030316369107141502	1.02021205	59.28418732	0.97802211	0.028322565104551528	0.0157607	0.00023
-0.1129	-0.2544	0.0987	-0.00015184364492350666	-0.002050761871093337	-0.0029705503868943488	1.00370991	58.32525635	0.97893333	0.08154055898254298	0.0146334	0.00012
-0.109	-0.253	0.1019	-0.0004310963252425994	-0.002001892652037496	-0.0029792770331543207	1.00979269	58.67872238	0.97647086	0.02534242728174531	0.0149346	0.0001
-0.1084	-0.3222	0.0881	-0.00021642082724729686	-0.0019024088846738192	-0.0031031954100459182	1.0246799	59.54381561	0.99261375	0.10550388211252883	0.015579	0.0002
-0.1126	-0.3208	0.1012	6.9813170079773176e-06	-0.0020106192982974674	-0.003110176727053895	1.00400531	58.34242249	0.97518791	0.03562969374434498	0.015733	0.00012
-0.1075	-0.2663	0.1023	-0.00017104226669544429	-0.0020629791758572974	-0.0030508355324860886	1.01395273	58.92045975	0.981946	0.0751862327915529	0.0157073	0.0002
-0.0937	-0.2463	0.1086	-0.0005427973973702365	-0.0018832102629018814	-0.002898991887562581	1.02451742	59.53437042	0.99089931	0.07526838442768577	0.014599	0.00012
-0.0957	-0.3106	0.1032	-0.0003944444109507184	-0.0017331119472303693	-0.003190461872645634	1.01483202	58.97155762	0.98869441	0.10119606435870417	0.0144437	0.00015
-0.097	-0.3366	0.1066	-6.283185307179586e-05	-0.0017889624832941875	-0.0031084313978019013	1.00129569	58.18496704	0.9694158	0.05417467843932371	0.0158486	0.00022
