trans_x	trans_y	trans_z	rot_x	rot_y	rot_z	dvars_std	dvars_nstd	dvars_vstd	framewise_displacement	aqi	aor
0.0	-0.0	0.0	-0.0	0.0	-0.0	n/a	n/a	n/a	n/a	0.0508988	0.00198
0.0218	0.0509	0.0484	0.00021642082724729686	5.93411945678072e-05	-0.0003054326190990077	1.08876359	61.39169693	1.04902428	0.1501597320457056	0.0486042	0.00189
0.0393	0.0512	0.0594	0.00010995574287564276	-7.504915783575618e-05	-0.000619591884457987	1.05161381	59.29694748	1.03104852	0.05655073510670984	0.0488828	0.00155
0.0435	-0.0916	0.0058	0.0006213372137099814	0.000322885911618951	-0.0002181661564992912	1.08849144	61.37635422	1.08907359	0.2661371134123871	0.0468091	0.00205
0.0372	-0.0583	0.0129	0.0004049163864626844	0.0004363323129985824	5.235987755982988e-06	1.03640175	58.43919373	1.00533932	0.07436346864411011	0.0491735	0.00203
0.0225	0.016	0.0282	0.000317649923862968	0.0003525565089028545	-0.00023387411976724014	1.07541597	60.63907242	1.02755535	0.12480761871093334	0.049744	0.00192
0.0337	0.0951	0.056	-0.0001291543646475804	0.00030368728984701333	-0.00039269908169872416	1.02546108	57.82228088	1.01443965	0.15082492347489368	0.0492719	0.00204
0.0422	0.0976	0.0455	-0.00035604716740684323	0.00022165681500327985	-0.00039269908169872416	1.02739453	57.93130493	1.00529748	0.03694616388014983	0.0528056	0.00235
0.0362	-0.0198	-0.0053	0.0001186823891356144	0.0003193952531149623	-5.93411945678072e-05	1.08585203	61.2275238	1.06595026	0.21949129408925283	0.0528702	0.0023
0.0343	-0.0027	0.0187	0.00021642082724729686	0.00026354471705114377	0.00012740903539558605	1.01579511	57.2772522	0.99388328	0.060016960206944726	0.0486991	0.00222
0.0321	0.0279	0.0253	0.0002617993877991494	9.599310885968811e-05	6.108652381980153e-05	1.0076853	56.81996918	0.98945837	0.05336263401595464	0.0477635	0.00201
0.0295	0.0747	0.0476	-9.075712110370512e-05	0.00023911010752322313	-0.0001884955592153876	1.04757214	59.06905365	1.01814144	0.10896277953007892	0.0493731	0.00193
0.0226	0.0605	0.0486	-0.00034557519189487725	0.00010995574287564276	-0.0001675516081914556	1.01540864	57.25545883	0.99615816	0.042345819323134234	0.0469219	0.00159
0.0228	-0.0477	0.0325	8.203047484373349e-05	0.0001605702911834783	9.599310885968811e-05	1.03196526	58.18902969	1.03147345	0.16158824660487947	0.0459495	0.00175
0.0166	-0.0052	0.0414	0.0003525565089028545	0.0001658062789394613	0.00015707963267948963	1.02368522	57.7221489	1.00390403	0.07444242728174526	0.0445952	0.00158
0.0194	0.0261	0.0576	0.00010471975511965978	0.0001658062789394613	0.000148352986419518	1.03991187	58.63711166	1.00314632	0.06312817000215833	0.0464267	0.00168
0.0292	0.0895	0.0837	-0.0003211405823669566	-0.000158824961931484	-0.00013439035240356338	1.01124823	57.02086639	1.00943612	0.15096174585903216	0.0455252	0.00135
0.0284	0.0202	0.0395	-0.00034906585039886593	-2.6179938779914945e-05	9.773843811168246e-05	1.03232682	58.20941925	1.0218261	0.1339349540849362	0.0476478	0.00165
0.011	-0.0266	0.0331	6.981317007977319e-05	-0.0003193952531149623	-0.00012042771838760874	1.03211629	58.19755173	1.01200823	0.11711302456564888	0.0476508	0.00129
0.0128	-0.0066	0.0549	8.028514559173915e-05	-0.0004363323129985824	8.726646259971648e-05	1.0175668	57.37715149	1.00071889	0.06035516081914557	0.0430831	0.00111
0.0194	0.0527	0.0635	-0.00022863813201125715	-0.00020769418098732522	-0.0	1.0195775	57.49053192	1.00558688	0.1057413936106985	0.048269	0.00137
0.021	0.0632	0.0743	-0.0007923794804054256	-8.37758040957278e-05	-8.901179185171081e-05	1.03622639	58.42930603	1.01565119	0.06173357585687385	0.0453258	0.00126
0.0216	-0.0315	0.0468	-0.000445058959258554	-6.45771823237902e-05	0.00016406094968746698	1.04423702	58.8809967	1.02806534	0.15377959422289936	0.043188	0.00144
0.0178	-0.0045	0.0613	-0.000445058959258554	-5.759586531581287e-05	0.0001308996938995747	0.98336697	55.4487381	0.97987927	0.04730712863979348	0.0422444	0.00121
0.0044	0.0064	0.0659	-0.00034906585039886593	8.37758040957278e-05	8.726646259971648e-06	1.00687647	56.77436066	0.9905876	0.046876891295541595	0.0429551	0.00131
0.0139	0.0453	0.0639	-0.0004136430327226561	-7.504915783575618e-05	0.00030194196059501896	1.04235125	58.77466583	1.01291551	0.07623087292951608	0.0445941	0.00164
0.0028	0.0751	0.0842	-0.0006422811647339132	-0.0001658062789394613	-0.0002548180707911721	1.00214827	56.50775146	1.00643931	0.10500776422505764	0.0453442	0.00111
0.0091	-0.0254	0.0529	6.108652381980153e-05	-0.0002530727415391778	0.0	1.04617608	58.99033356	1.04073482	0.19037261109723017	0.0466552	0.00117
0.0206	-0.0277	0.0563	0.00048171087355043494	-0.0001972222054753592	0.00027925268031909274	1.02222598	57.63986588	1.00501898	0.05498637830567724	0.0451303	0.00144
0.0258	0.0255	0.0735	0.0001291543646475804	-6.632251157578452e-05	2.96705972839036e-05	1.01483989	57.22339249	0.99804574	0.1122519142918809	0.0462993	0.00112
0.0267	0.0469	0.0789	-0.00032637657012293966	-5.061454830783555e-05	2.268928027592628e-05	0.97278416	54.85200882	0.97803685	0.05161101075232232	0.0438372	0.00121
0.026	-0.0602	0.0418	0.0001186823891356144	-1.3962634015954635e-05	0.00019198621771937622	1.05060303	59.2399559	1.04404265	0.17745039054969425	0.0435018	0.00138
0.0094	0.006	0.0276	0.0003647738136668148	-2.6179938779914945e-05	3.4906585039886588e-06	1.12483466	63.42562103	1.09996341	0.1193402144255274	0.0480185	0.00255
-0.0122	-0.1128	-0.0387	0.008400269689848708	-0.0014957471689591403	0.00010995574287564276	1.78577554	100.69384766	1.7793974	0.6872764095366386	0.0574216	0.01199
0.0026	-0.0801	0.0303	0.006489134158914917	-0.002165953601724963	0.00013788101090755203	1.11685967	62.9759407	1.11571869	0.24696336158657609	0.050171	0.0058
-0.0088	-0.0659	0.0428	0.005141739976375294	-0.0019530234329816546	-9.250245035569947e-05	1.00163913	56.47904205	1.00553379	0.12763539062730916	0.0467346	0.00365
-0.0088	-0.026	0.0482	0.004276056667386107	-0.001673770752662562	-3.141592653589793e-05	1.02167773	57.60895157	1.01118696	0.10560112565640407	0.0466605	0.0031
0.0094	-0.0125	-0.0206	0.006723008278682157	-0.0004468042885105483	0.0006911503837897545	1.24529445	70.21794128	1.2283737	0.3203242192886858	0.0568265	0.01111
0.0138	-0.0642	-0.1088	0.009152506597458265	-0.0005026548245743669	0.0008395033702092724	1.22286868	68.95343018	1.2104954	0.27598509206297217	0.0634651	0.01586
0.0171	0.0187	-0.0849	0.007871434926494426	-0.0005654866776461627	0.0010297442586766543	1.07618713	60.68255615	1.06025963	0.1868072206251508	0.0616093	0.01344
0.0115	-0.0205	-0.0703	0.007531095722355532	-0.0005846852994181004	0.0009826203688728075	1.03442454	58.32770157	1.01307522	0.07973308578573393	0.0606525	0.01115
0.0124	-0.0047	-0.0516	0.006403613025567195	-0.0009704030641088471	0.00102799892942466	1.00775766	56.82404709	1.00433333	0.1133289511015468	0.0556253	0.00871
0.0128	0.0162	-0.0357	0.005923647481268755	-0.0010890854532444615	0.0010088003076527223	0.99475259	56.09073639	0.98974279	0.06809232776029961	0.0571536	0.00835
0.0168	-0.0481	-0.0395	0.005989969992844539	-0.0013334315485236678	0.000757472895365539	1.03470922	58.34375381	1.02083526	0.10019980095710868	0.0558292	0.00766
0.0159	-0.1418	-0.0201	0.005914920835008782	-0.0011536626355682519	0.0006719517620178169	1.04617012	58.98999405	1.0337515	0.13101696020694475	0.0527324	0.00641
0.0117	-0.1208	-0.0094	0.005855579640440977	-0.0012601277199399059	0.0005811946409141118	0.97655487	55.0646286	0.97827787	0.04872817000215824	0.0523693	0.00574
0.0108	-0.0913	-0.046	0.005464625887994246	-0.0015376350710070042	0.000752236907609556	1.02795541	57.96292877	1.02431911	0.10897516851046368	0.0538314	0.00656
0.0126	-0.0318	-0.0337	0.004831071369520303	-0.0015393804002589986	0.0005969026041820607	1.06277454	59.92626572	1.05224828	0.1131317075576716	0.0530099	0.00551
0.0184	-0.0302	-0.0311	0.0048939032225921	-0.0012409290981679683	0.0005288347633542819	0.99114645	55.88739777	0.98972909	0.03146754979953028	0.0504453	0.00586
0.0097	-0.1003	-0.0318	0.005077162794051505	-0.0011571532940722405	0.00034208453339088857	0.99798489	56.272995	0.997688	0.1021892802759263	0.0508277	0.00531
0.0094	-0.0392	-0.0239	0.004799655442984407	-0.0010681415022205296	0.0003665191429188092	0.99486202	56.09690475	0.99045298	0.08884768762233648	0.0514419	0.00526
0.0129	0.0156	0.004	0.004448844263333546	-0.0011676252695842063	0.0002722713633111154	1.01589727	57.2830162	1.00532679	0.11342713633111157	0.0487499	0.00437
0.0062	-0.0416	-0.0374	0.0042935099599060505	-0.0010716321607245184	0.00028797932657906436	1.02103722	57.57283401	1.0108714	0.11865176877775664	0.0507466	0.00447
-0.0051	-0.0797	-0.0267	0.004401720373529699	-0.0012269664641520136	0.00032812189937493397	0.98018199	55.26914978	0.98708759	0.07528436449235065	0.0490188	0.00447
0.0139	-0.0395	-0.0171	0.004726351614400644	-0.001043706892692609	0.0005742133239061344	1.02291644	57.67880249	1.00909251	0.1064991118430775	0.0506617	0.00508
0.0155	0.0035	0.0046	0.004593706591249075	-0.0009389871375729493	0.0001361356816555577	1.03373575	58.28886414	1.00484559	0.10007212102609025	0.0506169	0.00435
0.0173	-0.0834	-0.0325	0.0043929937272697275	-0.0010192722831646884	0.00018500490071139895	1.03254294	58.22160339	1.02153715	0.1422933614313464	0.0502633	0.00453
0.0162	-0.1377	-0.0328	0.004738568919164605	-0.0009983283321407565	0.000322885911618951	0.97761202	55.12423706	0.98255091	0.08092000769131806	0.0496888	0.00494
0.0045	-0.093	-0.0085	0.0048520153205442364	-0.0009686577348568529	0.00018500490071139895	1.03000164	58.07830811	1.00911897	0.09474990047855433	0.0489214	0.00471
0.0064	0.0031	0.078	0.0039898226700590365	-0.0011187560505283654	-9.773843811168246e-05	1.12134624	63.2289238	1.086176	0.24925171524898967	0.0447865	0.00253
0.0255	-0.0142	0.0344	0.003960152072775134	-0.0009669124056048585	3.4906585039886588e-06	0.99847019	56.30035782	1.00067946	0.09413716694115405	0.0461059	0.0033
0.0151	-0.13	-0.0339	0.004611159883769018	-0.0007155849933176752	0.00027750735106709843	1.06819391	60.23184204	1.05748958	0.25331759579220886	0.0495026	0.00487
0.0009	-0.0962	-0.0354	0.0047193702973926666	-0.000731292956585624	0.0004468042885105483	1.02225006	57.64122391	0.99980573	0.06416076571675237	0.052193	0.00496
-0.0048	-0.0469	-0.0216	0.004420918995301637	-0.000731292956585624	0.0003700098014227979	1.04270673	58.79470825	1.00780092	0.08756228945893897	0.0485201	0.00467
0.001	0.0234	0.0152	0.003412118687648914	-0.0008866272600131194	2.6179938779914945e-05	1.02899516	58.02156067	1.02414712	0.18829822368615512	0.0496048	0.00315
0.0091	0.003	0.0051	0.0031730085801256907	-0.000921533845053006	0.00010821041362364843	1.00012517	56.39368057	0.98976609	0.056402358370342166	0.0480999	0.00311
0.0097	-0.1194	-0.0255	0.0038571776469074684	-0.000921533845053006	0.0003193952531149623	1.05603206	59.54607773	1.04942433	0.1983676953136546	0.050502	0.00353
0.0039	-0.0896	-0.0209	0.004174827570770436	-0.0007749261878854823	0.00046949356878647465	1.0264914	57.88037872	0.99912693	0.07091779483510019	0.0461782	0.00421
0.0049	-0.0539	-0.0068	0.004077089132658754	-0.0008482300164692441	0.0003892084231947355	0.97657561	55.0657959	0.974988	0.06336637061435915	0.046687	0.00396
0.0047	0.0086	0.0171	0.0035674529910764093	-0.0008429940287132613	0.0002617993877991494	1.01873875	57.4432373	1.00726743	0.11871405823669567	0.0481756	0.00353
0.0049	-0.0748	-0.0178	0.00365646478292812	-0.0007470009198535729	0.0003787364476827695	1.04162848	58.73390579	1.03129921	0.13359709802975095	0.0468878	0.0038
-0.0028	-0.1056	-0.0231	0.0038938295611993493	-0.0006440264939859076	0.0004014257279586958	1.01418102	57.18624115	0.9886848	0.06195142422074104	0.0491058	0.00383
-0.0112	-0.0591	-0.0165	0.0034662238944607386	-0.0006579891280018621	0.0002373647782712288	0.97167414	54.78942108	0.97353656	0.09178146252210162	0.0503575	0.00346
-0.0031	-0.0353	-0.019	0.003560471674068432	-0.0005096361415823442	0.00047822021504644627	0.99630725	56.17839813	0.98298759	0.058572810140121445	0.0503107	0.004
0.0059	0.0147	0.0259	0.0031293753488258326	-0.0005969026041820607	0.00024609142453120044	1.02912128	58.02866745	1.00950732	0.14142457891787807	0.0490276	0.00284
0.0079	-0.0271	0.0085	0.0030997047515419294	-0.0006213372137099814	0.000148352986419518	0.99938357	56.35186005	0.99230425	0.06879218224617532	0.0484673	0.00322
0.0028	-0.0936	-0.0027	0.0033772121026090277	-0.0006108652381980154	0.0002530727415391778	0.98004359	55.26134491	0.98852085	0.1024349540849362	0.0489241	0.00316
-0.0005	-0.0684	-0.0062	0.0036215581978882336	-0.0006021385919380437	0.0003473205211468716	0.96764088	54.56199646	0.96858367	0.04936602605734357	0.0480109	0.00361
-0.0024	-0.0684	0.0008	0.003623303527140228	-0.0007417649320975902	0.00032463124087094524	1.00636828	56.74570465	0.98824775	0.017103047484373374	0.0492719	0.00332
0.0105	-0.0185	0.0312	0.0029775317039023265	-0.0008325220532012951	0.00021118483949131387	1.02795732	57.96303558	1.00254566	0.13569876728606192	0.0466183	0.00282
0.0156	-0.0469	0.0186	0.002909463863074547	-0.0007853981633974483	0.000291469985083053	0.95449269	53.82061768	0.96906329	0.05587384381116827	0.0475156	0.00276
0.011	-0.1025	0.0023	0.0033981560536329595	-0.000726056968829641	0.0004136430327226561	0.9830749	55.43227005	0.98542299	0.11001032163829116	0.0495712	0.00337
0.0076	-0.0723	0.0073	0.0035482543693044722	-0.0006387905062299246	0.00046949356878647465	1.007653	56.81814575	0.98878584	0.05326076571675237	0.0484293	0.0034
0.0132	-0.0319	0.029	0.003242821750205464	-0.0007330382858376184	0.00033335788713091696	1.01359117	57.1529808	0.99470919	0.094490804018113	0.0476392	0.00291
0.0219	0.0068	0.045	0.002597049926967562	-0.0007470009198535729	0.000317649923862968	0.97177547	54.7951355	0.98102511	0.09717212102609027	0.0452356	0.00259
0.0275	-0.11	0.0113	0.002930407814098479	-0.0008569566627292158	0.0005183627878423159	1.02359986	57.71733475	1.02746913	0.18830132469929536	0.0449145	0.0029
0.0168	-0.1012	0.0088	0.0030874874467779687	-0.0007592182246175333	0.000582939970166106	0.98116857	55.32477951	0.9744648	0.037969762655748106	0.0463474	0.00289
0.018	-0.0571	0.0118	0.003005456971934235	-0.0007644542123735164	0.0005445427266222308	1.00055575	56.41795731	0.98564581	0.054583185307179594	0.0449256	0.00297
0.0246	0.0004	0.0315	0.002389355745980237	-0.0007278022980816354	0.0004468042885105483	0.97852981	55.17598724	0.98603052	0.12132457891787804	0.0459977	0.00252
0.0267	-0.0736	0.0089	0.002665117767795341	-0.0008133234314293575	0.0004939281783143952	0.97582805	55.02364349	0.984592	0.11912035224833364	0.0473726	0.00273
0.0229	-0.0835	0.0146	0.003157300616857742	-0.0007470009198535729	0.0004625122517784973	0.97932088	55.2205925	0.97707337	0.048896064358704174	0.0479058	0.0028
0.0216	-0.0491	0.0398	0.003077015471266003	-0.0007382742735936014	0.0002548180707911721	1.00232315	56.51761627	0.98549631	0.0757352986419518	0.0459719	0.00262
0.0239	0.0054	0.0654	0.0025446900494077327	-0.0008290313946973065	0.00011693705988362007	0.99229956	55.95241928	0.98874183	0.12044817769347636	0.0452422	0.00206
0.0309	-0.0768	0.0382	0.0026162485487395003	-0.0008813912722571365	0.00027750735106709843	0.99184895	55.92700958	0.99921231	0.1306244334037538	0.0431847	0.00226
0.0269	-0.1155	0.0312	0.0029059732045705585	-0.0008447393579652555	0.0003647738136668148	0.98816019	55.71901321	0.98408355	0.07038215163613278	0.0458114	0.00243
0.0182	-0.0865	0.035	0.003033382239966145	-0.0007941248096574199	0.00033335788713091696	0.99612904	56.16835022	0.97754549	0.05197197551196601	0.0463704	0.00247
0.022	-0.0459	0.058	0.0025464353786597265	-0.0008866272600131194	0.00027925268031909274	0.9885059	55.73850632	0.97955193	0.09907772592369708	0.0436602	0.0021
0.0272	-0.0463	0.071	0.002078687139125246	-0.0010611601852125523	0.00026354471705114377	0.9638319	54.34722137	0.97073305	0.051499456400093103	0.0400732	0.00146
0.0219	-0.122	0.0581	0.002309070600388498	-0.0009023352232810684	0.00035430183815484887	0.99027848	55.8384552	0.99407348	0.11789827721492202	0.0399649	0.00162
0.016	-0.0894	0.059	0.002464404903815993	-0.0008674286382411819	0.00032637657012293966	0.98483878	55.53173065	0.97701535	0.05030830782496454	0.0425389	0.00185
0.0132	-0.0531	0.0574	0.002659881780039358	-0.0008377580409572782	0.00034033920413889426	0.9868027	55.6424675	0.9770534	0.05265550537616116	0.0416734	0.00211
0.0207	-0.0499	0.0566	0.002722713633111154	-0.0007627088831215222	0.0004485496177625427	0.95665711	53.94266129	0.96447372	0.023804571226560035	0.0424368	0.00221
0.022	-0.0199	0.0667	0.0020717058221172693	-0.0008377580409572782	0.000307177948351002	0.9906382	55.85873795	0.98996309	0.08477143191205908	0.0421399	0.00179
0.0199	-0.1032	0.0478	0.002331759880664424	-0.0008517206749732328	0.0003630284844148205	0.99262422	55.97072601	0.99844654	0.12079336143134636	0.0427775	0.00188
0.0149	-0.0878	0.047	0.0026529004630313807	-0.0008133234314293575	0.0002722713633111154	0.97573757	55.01854324	0.97048999	0.04371474735072686	0.0423216	0.00213
0.0144	-0.0637	0.0506	0.0025987952562195565	-0.0008011061266653974	0.00020943951023931956	0.95748043	53.98908615	0.96082014	0.03465771823237901	0.0445374	0.00204
0.0177	-0.0219	0.0681	0.002319542575900464	-0.0008063421144213803	0.0001308996938995747	0.97412604	54.92767334	0.97760982	0.08075142422074101	0.0419558	0.00172
0.0197	-0.081	0.0476	0.0023753931119642824	-0.0008133234314293575	0.0002251474735072685	0.99768472	56.25606918	0.99685548	0.08945398163397446	0.0441495	0.00171
0.0115	-0.1003	0.0404	0.0026616271092913526	-0.0007749261878854823	0.00028099800957108706	0.981803	55.36055374	0.97445816	0.0537240888467382	0.0449279	0.00198
0.0089	-0.0721	0.0471	0.0025551620249196984	-0.0008063421144213803	0.00012217304763960306	0.97458225	54.95339966	0.96925716	0.05233529864195181	0.0428805	0.00194
0.0219	-0.0304	0.0632	0.0021886428820008896	-0.0008255407361933179	8.203047484373349e-05	0.97779626	55.13462448	0.97863206	0.09209301687433079	0.0444866	0.00171
0.0234	-0.0582	0.0572	0.0019024088846738192	-0.0008325220532012951	-1.0471975511965975e-05	0.99397153	56.04669571	0.99044143	0.05458588823453736	0.0410669	0.00158
0.014	-0.1236	0.046	0.002384119758224254	-0.000874409955249159	-5.235987755982988e-06	0.98899484	55.76607513	0.99174989	0.11244173816771408	0.0433806	0.00172
0.0118	-0.0781	0.0556	0.002336995868420407	-0.0008813912722571365	-4.71238898038469e-05	0.98740578	55.67647552	0.97654932	0.06209965544298442	0.0433213	0.00166
0.0112	-0.026	0.0712	0.0018867009214058703	-0.0007993607974134029	-0.00017453292519943296	0.96772784	54.56690216	0.97561787	0.10128672286269282	0.0413299	0.00134
0.0177	-0.0972	0.0501	0.0020996310901491783	-0.0009442231253289323	1.2217304763960308e-05	0.97606885	55.03722382	0.98603442	0.1260271363311115	0.0435672	0.00151
0.0123	-0.1017	0.0486	0.0024801128670839424	-0.0008587019919812101	3.839724354387525e-05	0.97026831	54.71015167	0.97037652	0.03600914245312008	0.0442988	0.00174
0.0067	-0.0757	0.0497	0.002542944720155738	-0.0007853981633974483	-4.71238898038469e-05	0.98566252	55.57817841	0.97260298	0.043782840750163976	0.0446306	0.00175
0.0149	-0.0452	0.0712	0.0022270401255447643	-0.0008779006137531476	-9.948376736367679e-05	0.98033661	55.27786636	0.97750266	0.08323834612632515	0.0433202	0.00151
0.0195	-0.0299	0.0654	0.0018622663118779497	-0.0008866272600131194	-7.67944870877505e-05	0.96412081	54.36351395	0.96995436	0.04550948701013562	0.0439003	0.00135
0.0099	-0.1085	0.0484	0.0023352505391684127	-0.0009669124056048585	-0.000148352986419518	1.01737237	57.36619186	1.00846594	0.13644139361069849	0.0404689	0.00146
0.0074	-0.0903	0.0442	0.002457423586808016	-0.0008866272600131194	-0.00013962634015954637	1.00983322	56.941082	0.98211104	0.0354592419745657	0.0441156	0.00156
0.0121	-0.0442	0.0661	0.002183406894244906	-0.0009773843811168245	-0.00021642082724729686	0.98768246	55.69207382	0.97872969	0.09477841503772827	0.0433794	0.00144
0.016	-0.0351	0.0676	0.001858775653373961	-0.0009529497715889039	-0.00019896753472735358	0.99006653	55.82650375	0.98110893	0.03282595714594044	0.0410672	0.00132
0.0165	-0.1262	0.0535	0.0021467549799530253	-0.0008970992355250854	-0.00013962634015954637	1.0305841	58.11115265	1.01968651	0.12585855286053452	0.0424866	0.00115
0.0112	-0.0944	0.0529	0.0022759093446006054	-0.0008604473212332044	-0.00016929693744344995	1.00829852	56.85454559	0.97992987	0.04747384381116824	0.0436936	0.00142
0.0133	-0.0715	0.0608	0.0022200588085367874	-0.0009634217471008699	-0.0002129301687433082	0.96346951	54.32678986	0.9612873	0.04302290966156709	0.0435904	0.00148
0.017	-0.0234	0.0807	0.0018762289458939042	-0.000973893722612836	-0.0001832595714594046	1.00976968	56.93749619	0.99803917	0.09089862177193764	0.0413474	0.00122
0.0191	-0.0904	0.0622	0.0019181168479417679	-0.000932005820564972	-0.0001658062789394613	1.01343083	57.14393997	1.00388241	0.09266145483078353	0.0423578	0.00126
0.01	-0.1135	0.0571	0.0021851522234969008	-0.000879645943005142	-0.00018675022996339323	0.9875868	55.68667984	0.97425808	0.05431696020694474	0.0427645	0.00134
0.0062	-0.0903	0.061	0.0022636920398366456	-0.0009040805525330626	-0.00028099800957108706	0.95707977	53.9664917	0.96249819	0.04076111027376797	0.0431331	0.00134
0.0113	-0.023	0.0803	0.0018343410438460403	-0.000905825881785057	-0.0002897246558310587	1.00152349	56.47252274	1.00017917	0.11369114857512856	0.0424954	0.00118
0.0175	-0.0673	0.0696	0.0014940018397071458	-0.0009250245035569946	-0.0001675516081914556	1.00557363	56.70090103	1.00120107	0.08528554367752177	0.0404047	0.00117
0.0125	-0.1102	0.0465	0.0020682151636132805	-0.0009197885158010115	-0.0001937315469713706	0.98824894	55.7240181	0.9837356	0.10128146252210164	0.0425739	0.00145
0.0017	-0.0913	0.055	0.002165953601724963	-0.0008848819307611251	-0.00028797932657906436	0.96020746	54.14285278	0.96199051	0.04954464013796313	0.0415815	0.00127
0.0097	-0.0643	0.0721	0.002106612407157156	-0.0008621926504851988	-0.0002844886680750757	0.96597427	54.46802521	0.97096662	0.0563760566673861	0.0402002	0.00129
0.0091	-0.0084	0.0865	0.001626646862858715	-0.0008447393579652555	-0.00038048177693476387	1.02964413	58.05815506	1.01064818	0.1005705972839036	0.0421622	0.00111
0.0144	-0.0738	0.0653	0.001759291886010284	-0.0008674286382411819	-0.00033684854563490564	1.01667941	57.32711411	1.00656093	0.10184837673636768	0.0377606	0.00127
0.0039	-0.1234	0.0565	0.002178170906488923	-0.0008779006137531476	-0.00034033920413889426	1.00517929	56.67866516	0.98966262	0.09054208272472968	0.038375	0.00144
0.0063	-0.0903	0.06	0.0023020892833805202	-0.0008918632477691023	-0.00023212879051524583	0.97052681	54.72472763	0.97010993	0.05130457122656	0.0373957	0.00143
0.008	-0.0297	0.0817	0.0018762289458939042	-0.0009232791743050004	-0.0002495820830351891	1.01650727	57.3174057	1.0025546	0.10773647782712284	0.0401092	0.00116
0.0112	-0.0622	0.0698	0.0018343410438460403	-0.0009896016858807848	-0.00027750735106709843	1.00462592	56.64745712	0.99215821	0.05440678408277788	0.0398931	0.00113
0.0088	-0.1235	0.0573	0.0021275563581810873	-0.0009459684545809266	-0.00024260076602721178	0.99311614	55.99846268	0.98616743	0.09478775653373962	0.0405022	0.00127
-0.0073	-0.0787	0.0745	0.002234021442552742	-0.0008587019919812101	-0.00042760566673861073	0.98009861	55.26444626	0.97762655	0.09703682238413852	0.0398216	0.00123
-0.0203	-0.0227	0.1014	0.0017400932642383465	-0.0007417649320975902	-0.0005672320068981572	0.98960954	55.80073547	0.99198317	0.13342457891787807	0.0388442	0.00087
-0.0459	-0.0799	0.087	0.0016912240451825054	-0.001043706892692609	-0.00047123889803846896	1.00605369	56.72796631	1.00297333	0.11954021442552744	0.0383503	0.00082
-0.0394	-0.1204	0.0992	0.001785471824790199	-0.0007155849933176752	-0.0003193952531149623	0.99050039	55.85096741	0.98471834	0.0879106661953067	0.0363898	0.00068
-0.0243	-0.064	0.1285	0.001499237827463129	-0.0009878563566287904	-0.0004904375198104066	1.02253604	57.65735245	1.00339669	0.13727738136668147	0.0365256	0.00054
-0.0094	-0.013	0.1447	0.0012322024519079964	-0.0009302604913129776	-0.0006230825429619757	0.96982086	54.68492126	0.97855494	0.10496381320112572	0.0365615	0.00056
-0.0042	-0.1089	0.1148	0.0013997540600994523	-0.0009791297103688187	-0.00039269908169872416	1.00355232	56.58692551	1.00804516	0.15334021442552742	0.0344375	0.00059
-0.0058	-0.118	0.1104	0.0017278759594743865	-0.0008779006137531476	-0.0002565634000431664	0.96966833	54.67631912	0.96714765	0.043374333882308144	0.0367886	0.00078
-0.006	-0.09	0.1178	0.0018064157758141308	-0.000900589894029074	-0.00031415926535897925	0.99093544	55.87549973	0.97776577	0.04354124809657418	0.0377001	0.00067
-0.0025	-0.0409	0.1439	0.001228711793404008	-0.0009634217471008699	-0.0004468042885105483	1.00891387	56.88924026	0.99308135	0.11735904293167436	0.0337149	0.00053
0.0042	-0.0882	0.1192	0.0012932889757277981	-0.0010559241974565693	-0.0003961897402027128	0.9537493	53.77869797	0.96783398	0.08908470904936622	0.0347145	0.00056
-0.002	-0.1288	0.115	0.0016004669240788003	-0.0009896016858807848	-0.0003316125578789226	0.97235262	54.82767868	0.97561507	0.07290388211252885	0.0335822	0.00076
-0.0069	-0.0971	0.1159	0.0018168877513260971	-0.0008918632477691023	-0.00029496064358704166	0.99612743	56.16825867	0.98203109	0.05504055898254301	0.0353612	0.00068
-0.004	-0.0458	0.1391	0.0014119713648634124	-0.000947713783832921	-0.0003822271061867582	1.02228236	57.64304733	0.99498443	0.104801669256311	0.0348796	0.00055
-0.0056	-0.0292	0.1431	0.000947713783832921	-0.0009669124056048585	-0.0004991641660703782	0.95873934	54.06007004	0.96785492	0.05221966313430246	0.0328368	0.00042
-0.0025	-0.1324	0.1201	0.001165879940332212	-0.0010314895879286487	-0.0003874630939427412	1.01003551	56.95248795	1.0153742	0.1490222205475359	0.0325866	0.00054
-0.0115	-0.1187	0.118	0.0014259339988793671	-0.0008988445647770796	-0.00035604716740684323	0.99561429	56.13932419	0.98491577	0.04600575041173111	0.0364608	0.00058
-0.0112	-0.0821	0.1228	0.001614429558094755	-0.0009250245035569946	-0.0002844886680750757	1.00789678	56.83189011	0.98310049	0.05601169986635353	0.0349067	0.0006
-0.0088	-0.0313	0.1486	0.0012339477811599909	-0.0008883725892651138	-0.0004886921905584122	0.99671918	56.20162582	0.98988672	0.11006686068549908	0.0363013	0.00049
-0.0059	-0.0649	0.1319	0.0009581857593448868	-0.0009599310885968812	-0.00047123889803846896	0.9743675	54.94128799	0.97826361	0.07143869068334073	0.0341822	0.00045
0.0032	-0.1582	0.1189	0.0015358897417550098	-0.0007208209810736582	-0.0001361356816555577	1.02190077	57.62153244	1.02335477	0.17299586531581285	0.0334096	0.00068
0.0072	-0.1216	0.1315	0.001579522973054868	-0.0007557275661135446	0.00017278759594743863	1.00997722	56.94919968	0.9972478	0.07257315469713706	0.0352041	0.0007
0.0075	-0.0346	0.158	0.0014154620233674013	-0.000879645943005142	-0.0001675516081914556	1.03689325	58.46690369	1.02216438	0.1452159265358979	0.0333995	0.0006
0.0097	-0.073	0.1431	0.0016074482410867775	-0.0011257373675363424	-0.0002844886680750757	0.97722304	55.10230255	0.98439778	0.08325073510670983	0.0318596	0.00062
-0.0017	-0.1634	0.1276	0.0017435839227423352	-0.0012671090369478833	-0.0004206243497306334	1.02603042	57.85438538	1.02736943	0.1379821516361328	0.0308714	0.00062
-0.013	-0.127	0.1391	0.0017296212887263805	-0.0011850785621041497	-0.0006126105674500097	1.03678036	58.46053696	1.01884575	0.07359896632895321	0.033872	0.00052
-0.0054	-0.035	0.15	0.0007679448708775049	-0.0014643312424232424	-0.0007295476273336296	1.07445455	60.58485794	1.05293802	0.1783933079025794	0.0326987	0.00028
-0.0056	-0.0706	0.139	0.0005445427266222308	-0.001572541656046891	-0.0009686577348568529	0.97474635	54.9626503	0.98077262	0.07533613327010728	0.0303329	0.0003
-0.0041	-0.1571	0.1221	0.0011274826967883368	-0.0013665928043115599	-0.0007888888219014368	1.00838459	56.85939789	1.01604728	0.15333288674284268	0.0305043	0.00041
-0.0117	-0.1297	0.1252	0.0014870205226991688	-0.0012514010736799342	-0.0008063421144213803	1.00004828	56.38933945	0.99088529	0.06270914245312004	0.0324241	0.00056
-0.0111	-0.0795	0.1368	0.0016231562043547262	-0.001239183768915974	-0.0008290313946973065	1.01833677	57.42056656	0.99794223	0.07095211333477222	0.0336357	0.00058
-0.0089	-0.027	0.1611	0.0008517206749732328	-0.0014259339988793671	-0.001059414855960558	1.00826943	56.85290527	1.00145316	0.1384284610304069	0.0325491	0.00036
-0.0047	-0.111	0.135	0.0012112585008840647	-0.0015306537539990272	-0.0010559241974565693	0.99695867	56.21512985	1.00523061	0.137687411976724	0.0313006	0.00036
-0.026	-0.1484	0.1291	0.0018814649336498872	-0.0014416419621473165	-0.0010716321607245184	1.01316023	57.12867737	1.00485219	0.10334630939427412	0.0313863	0.00045
-0.0143	-0.1265	0.1286	0.002005383310541485	-0.0014416419621473165	-0.0007347836150896127	1.02907515	58.02606583	1.00694896	0.057138346126325165	0.031608	0.00048
-0.0218	-0.0346	0.1517	0.0010663961729685354	-0.001322959573011702	-0.0013665928043115599	1.06325781	59.9535141	1.0431996	0.2069739357965256	0.0320584	0.00032
-0.0177	-0.0745	0.1446	0.0005410520681182421	-0.0013997540600994523	-0.0013962634015954637	0.9720608	54.81122208	0.9821339	0.08269045946109738	0.0316432	0.00028
-0.0198	-0.1803	0.1341	0.001329940890019679	-0.0014067353771074296	-0.0013997540600994523	1.03317297	58.25712967	1.03597741	0.1583680398706701	0.0305929	0.00042
-0.0207	-0.1673	0.1436	0.0018570303241219666	-0.001223475805648025	-0.0012583823906879114	0.9988519	56.32188034	0.99766584	0.06598603374866165	0.0313571	0.00042
-0.0145	-0.1346	0.1453	0.0018884462506578647	-0.0014049900478554352	-0.0013142329267517303	1.01238704	57.08508301	0.99812947	0.054039035240356366	0.0305747	0.00046
-0.0097	-0.0538	0.183	0.0011693705988362008	-0.001509709802975095	-0.001439896632895322	1.02953637	58.05207825	1.02256579	0.17077295565424577	0.0302583	0.0003
-0.0021	-0.1007	0.1484	0.001254891732183923	-0.0015899949485668342	-0.001408480706359424	0.97758985	55.12298584	0.98666315	0.09896111027376797	0.0318963	0.00037
0.0	-0.1572	0.1459	0.001621410875102732	-0.0015463617172669759	-0.0013177235852557187	1.00243223	56.52376175	0.99661665	0.08614547476611864	0.0313163	0.00034
0.0015	-0.1283	0.1586	0.0018832102629018814	-0.001595230936322817	-0.001244419756671957	1.02134991	57.59046555	0.99979407	0.06229862177193761	0.0305507	0.00038
-0.0003	-0.0919	0.1653	0.0017366026057343581	-0.001621410875102732	-0.0013055062804917586	1.00614035	56.73285294	0.9892813	0.05659370598836201	0.029457	0.00033
-0.0049	-0.0604	0.1761	0.0011205013797803594	-0.0015376350710070042	-0.0013718287920675431	0.98113811	55.3230629	0.98172432	0.08520997708127555	0.0300098	0.00028
-0.0055	-0.1457	0.1592	0.0013648474750595659	-0.001562069680534925	-0.001504473815219112	1.02923584	58.03512955	1.01820458	0.1228712863979348	0.0297651	0.00029
-0.012	-0.1606	0.1614	0.0015969762655748114	-0.001614429558094755	-0.0014556045961632708	1.00770223	56.82092285	0.98672051	0.040267894356545805	0.0286918	0.00032
-0.0103	-0.1358	0.1701	0.0016109388995907662	-0.0014922565104551516	-0.0013543754995475996	1.00346112	56.58178329	0.98475851	0.04706823891356146	0.0282214	0.00039
-0.0034	-0.0782	0.1983	0.0011623892818282235	-0.0016859880574265225	-0.0013805554383275148	1.00287223	56.54857254	0.99995377	0.12612305517569145	0.0285708	0.00022
-0.0202	-0.0984	0.1812	0.0011065387457644049	-0.0017837264955382047	-0.001801179788058148	1.00448227	56.63936234	0.99439854	0.08281066619530669	0.0283464	0.00017
-0.0289	-0.1788	0.185	0.00147131255943122	-0.001780235837034216	-0.0018971728969178364	1.01694119	57.34187317	1.01334231	0.11611287905152456	0.0284683	0.0002
-0.0261	-0.1283	0.1858	0.0016632987771505957	-0.0016912240451825054	-0.0018151424220741027	1.01972806	57.49901962	1.00078287	0.07225142422074099	0.0293792	0.00025
-0.0162	-0.0795	0.2057	0.0012217304763960308	-0.001785471824790199	-0.0018064157758141308	0.97798884	55.14548492	0.98324736	0.10582713633111154	0.0283139	0.00019
-0.0119	-0.1203	0.1825	0.0013927727430914749	-0.0017994344588061536	-0.0016615534478986017	0.99504155	56.10702896	0.99020004	0.08479336143134639	0.0285023	0.00021
-0.0153	-0.1562	0.1786	0.001726130630222392	-0.0017156586547104257	-0.0016249015336067207	1.00212908	56.50666809	0.98933932	0.06588928027592629	0.0292526	0.00034
-0.0191	-0.1281	0.1796	0.0016999506914424768	-0.0016999506914424768	-0.0016528268016386303	1.01701546	57.34606171	0.98998258	0.036390658503988704	0.0286656	0.00028
-0.0119	-0.1135	0.1945	0.001567305668290908	-0.0017348572764823637	-0.0016598081186466073	0.97046089	54.7210083	0.97182388	0.045426646259971615	0.0286661	0.00027
-0.0127	-0.0706	0.2059	0.0011484266478122688	-0.0017645278737662671	-0.0017086773377024485	1.01299703	57.11947632	0.99797316	0.0799709418409192	0.0281798	0.00022
-0.0061	-0.1586	0.1807	0.001504473815219112	-0.001839577031602023	-0.0016632987771505957	1.03609967	58.42215729	1.01988212	0.14362374428972255	0.0299815	0.00023
-0.0115	-0.1551	0.1814	0.0017418385934903407	-0.0018360863730980347	-0.0017208946424664088	0.99689382	56.21147156	0.98163751	0.024522565104551523	0.0292967	0.0003
-0.0187	-0.1457	0.1801	0.0017383479349863521	-0.0017086773377024485	-0.0017156586547104257	0.99641347	56.18438721	0.98199627	0.024706784082777884	0.0311435	0.00032
-0.0189	-0.0951	0.206	0.0016441001553786586	-0.0017941984710501708	-0.0017819811662862105	1.03007829	58.08263397	1.00555212	0.08900457122655998	0.0317103	0.00019
-0.0214	-0.0761	0.2076	0.0010995574287564276	-0.0019355701404617114	-0.0019530234329816546	1.01969516	57.49716568	0.99223239	0.06594783313646081	0.0298528	0.00011
-0.0151	-0.164	0.1901	0.0013456488532876281	-0.0019303341527057286	-0.0019530234329816546	0.99685305	56.20917511	0.99797977	0.12426637061435918	0.0285181	0.0002
-0.0126	-0.1492	0.1882	0.0016702800941585732	-0.0017575465567582897	-0.0017767451785302276	0.99219126	55.94631195	0.98233305	0.05288485456349054	0.0296423	0.00028
-0.013	-0.1399	0.1958	0.001562069680534925	-0.0018133970928221085	-0.0017819811662862105	1.00944412	56.91914368	0.98897477	0.025764846872172488	0.0294724	0.00021
-0.008	-0.0894	0.2092	0.0011850785621041497	-0.0019530234329816546	-0.001843067690106012	1.01597786	57.28755951	0.99903465	0.09778519912050611	0.0297152	0.00019
-0.0034	-0.1022	0.1958	0.0011082840750163993	-0.0019617500792416262	-0.0017976891295541592	0.96586484	54.46185303	0.97050533	0.037344984694978746	0.0279841	0.00012
-0.0068	-0.1667	0.1801	0.0015219271077390555	-0.001895427567665842	-0.0018151424220741027	1.01326346	57.1344986	1.00109258	0.10847094184091918	0.0265741	0.00021
-0.0107	-0.1473	0.1855	0.0014974924982111347	-0.0018133970928221085	-0.001811651763570114	1.02221942	57.63949585	0.99581998	0.034197787143782125	0.0290202	0.00022
-0.0077	-0.1022	0.2022	0.0012775810124598492	-0.0019041542139258136	-0.0018971728969178364	1.00351763	56.58496857	0.99082099	0.08460948701013561	0.0285254	0.00013
-0.0085	-0.1017	0.1974	0.0008674286382411819	-0.0019006635554218248	-0.0018936822384138475	0.99024975	55.83683777	0.98206266	0.026956684561332253	0.0264391	9e-05
-0.0082	-0.173	0.1809	0.0013456488532876281	-0.0019233528356977512	-0.0019041542139258136	1.022457	57.65289688	1.00687951	0.1136690735417169	0.0291747	0.00013
-0.0154	-0.1431	0.1769	0.0015899949485668342	-0.0018517943363659836	-0.001933824811209717	1.02695143	57.90631866	0.99539791	0.05837875959474383	0.0283599	0.00018
-0.0099	-0.1232	0.1892	0.0014381513036433276	-0.0018675022996339327	-0.0019355701404617114	0.98104435	55.31777573	0.97768383	0.046164846872172496	0.0268324	0.00013
-0.0094	-0.0667	0.1965	0.001481784534943186	-0.0017610372152622785	-0.0018099064343181197	1.02761137	57.94353485	1.01351507	0.07808810109075522	0.0290455	0.00021
-0.0459	-0.1261	0.319	0.004110250388446646	-0.0007347836150896127	-0.0026563911215353696	1.23220766	69.48002625	1.21657808	0.4434602070446688	0.0285814	0.00038
-0.0721	-0.1452	0.5318	0.006640977803838424	-4.18879020478639e-05	-0.0019861846887695473	1.27456558	71.86844635	1.26182298	0.4527914780599675	0.0323746	0.00237
-0.0736	-0.2237	0.4671	0.009042550854582622	-3.141592653589793e-05	-0.0007731808586334879	1.1064862	62.3910141	1.12229161	0.3259524428196112	0.0404524	0.00585
-0.1162	-0.3201	0.4058	0.011517427733910582	-0.0002583087292951608	-0.0006544984694978735	1.15927041	65.36734009	1.19484385	0.3413226035611419	0.0500575	0.01298
-0.1241	-0.3289	0.8356	0.008908160502179057	-0.0009250245035569946	-0.002469640891571976	1.77205145	99.91999054	1.65058975	0.7010562714033732	0.0418273	0.01022
-0.145	-0.2661	0.9723	0.006351253148007365	-0.0033999013828849537	-0.004235914094590238	1.24009609	69.92482758	1.22525329	0.5603028718258957	0.0400746	0.00675
-0.1015	-0.3311	0.7453	0.0034313173094208515	-0.0028885199120506156	-0.004235914094590238	1.27066553	71.64853668	1.29157087	0.5070658654710427	0.0267105	0.00059
-0.1047	-0.3637	0.667	0.002501056818107874	-0.0029618237406343773	-0.0034417892849328176	1.09193504	61.57052231	1.083554	0.2039844564777079	0.0195755	0.00015
-0.1008	-0.2399	0.6634	0.002726204291615143	-0.0029199358385865134	-0.003267256359733385	1.09381604	61.67658615	1.06556433	0.15337841503772837	0.0229201	0.00024
-0.1262	-0.2112	0.6089	0.002436479635784084	-0.002701769682087222	-0.003164281933865719	1.07755053	60.75942993	1.04418638	0.13914326190990084	0.0204359	0.00016
-0.1405	-0.2125	0.5652	0.002712241657599188	-0.0025865779514555962	-0.0028658306317746896	0.99332291	56.01012039	0.99681204	0.09377025272688792	0.0186922	7e-05
-0.1399	-0.1698	0.5654	0.0026668630970473357	-0.0023282692221604354	-0.0028710666195306722	1.0239948	57.73960495	1.00122686	0.058946163880149775	0.021152	0.00017
-0.1409	-0.1767	0.5805	0.002673844414055313	-0.0023701571242082994	-0.002848377339254746	1.02711535	57.91556549	0.99736297	0.026577924966588368	0.0232927	0.00018
-0.1378	-0.1854	0.5828	0.0026127578902355115	-0.0024312436480281013	-0.0027523842303950577	1.02727902	57.92478943	0.99498524	0.02500830782496455	0.0260465	0.00038
-0.127	-0.2142	0.5875	0.0026965336943312393	-0.0026563911215353696	-0.0025551620249196984	0.98932439	55.78465652	0.99320903	0.06960727415391782	0.0222816	0.00016
-0.1127	-0.2215	0.6163	0.0019512781037296606	-0.0028675759610266834	-0.0030176742766981957	1.03407776	58.30814743	1.02254731	0.12134763409356944	0.0238926	0.00053
-0.108	-0.3264	0.6204	0.001673770752662562	-0.002398082392240209	-0.002642428487519415	1.11006296	62.59270096	1.09939253	0.16981233545161772	0.0220661	0.00057
-0.1064	-0.3508	0.6026	0.0025237460983838006	-0.001858775653373961	-0.002466150233067988	1.02271199	57.66727448	1.03562391	0.12207801695194556	0.0242779	0.00075
-0.1101	-0.3314	0.6194	0.002834414705238791	-0.0019879300180215415	-0.0025481807079117207	0.97134149	54.77066422	0.98651523	0.06599267231731513	0.0267099	0.00066
-0.1145	-0.2955	0.6392	0.0024068090385001802	-0.0020315632493213996	-0.002713986986851182	0.94958133	53.5436821	0.9740973	0.09195225884889652	0.0243806	0.00071
-0.1111	-0.2696	0.6316	0.002469640891571976	-0.0021956241990088664	-0.002584832622203602	0.95406377	53.7964325	0.97152977	0.054702358370342055	0.0240798	0.00052
-0.1055	-0.2281	0.64	0.002288126649364566	-0.0022724186860966175	-0.002368411794956305	0.92972761	52.42419815	0.95856164	0.07923647782712288	0.0230643	0.00046
-0.1028	-0.2143	0.643	0.0023544491609403502	-0.002239257430308725	-0.0022916173078685546	0.96728814	54.54210663	0.9750412	0.02831391272257136	0.0234739	0.00067
-0.0939	-0.1781	0.6525	0.0019460421159736775	-0.0025499260371637153	-0.002384119758224254	0.99125457	55.89349365	0.99856684	0.09517890510886806	0.0218253	0.0007
-0.1011	-0.2581	0.6345	0.0020176006153054447	-0.0024591689160600103	-0.0023073252711365037	1.00010431	56.39250183	1.007999	0.11715550537616112	0.0219597	0.00062
-0.1028	-0.2778	0.6504	0.0022043508452688383	-0.0023474678439323734	-0.0022985986248765322	0.96571833	54.45359039	0.97327299	0.05265889741755012	0.0215963	0.0007
-0.104	-0.2691	0.6454	0.002106612407157156	-0.0022985986248765322	-0.00231779724664847	0.95164484	53.66003418	0.96793755	0.023190313946973035	0.0213566	0.00068
-0.1025	-0.2784	0.6456	0.0019826940302655584	-0.0022724186860966175	-0.0022916173078685546	0.98276967	55.41505814	0.98141341	0.01981391272257133	0.0214185	0.00071
-0.0923	-0.2263	0.6805	0.0008028514559173916	-0.0026546457922833754	-0.002186897552748895	1.00756967	56.81344986	0.99917843	0.1805394717827292	0.0198746	0.00044
-0.0892	-0.2627	0.6895	0.0005410520681182421	-0.0026720990848033187	-0.0023509585024363614	0.9673385	54.54494858	0.968044	0.07066568150032794	0.0186177	0.00038
-0.0914	-0.3229	0.6798	0.0010402162341886204	-0.0027680921936630064	-0.0023492131731843676	0.9516626	53.66103745	0.96960301	0.10194513020910304	0.0190151	0.00031
-0.0921	-0.2881	0.6773	0.0012112585008840647	-0.0027855454861829498	-0.0022410027595607188	0.9768393	55.08066559	0.97771884	0.05283529864195178	0.0191838	0.0003
-0.0946	-0.2694	0.6762	0.0013404128655316449	-0.002717477645355171	-0.002239257430308725	1.02063894	57.55038071	1.00823574	0.03224837673636768	0.0198552	0.00032
-0.0962	-0.2471	0.6764	0.0012042771838760874	-0.0027314402793711255	-0.0022916173078685546	1.02355611	57.71487045	1.01629116	0.034222909661567026	0.0188601	0.00023
-0.0968	-0.2406	0.6723	0.0010349802464326373	-0.002722713633111154	-0.002305579941884509	0.98706156	55.65706635	0.99451607	0.020799310885968775	0.0181023	0.00015
-0.0983	-0.2361	0.6685	0.0009896016858807848	-0.0027436575841350863	-0.00231779724664847	1.02008307	57.51903534	1.00850522	0.013726990816987304	0.0179829	0.00018
-0.099	-0.2287	0.6736	0.0009546951008408983	-0.0027436575841350863	-0.00231779724664847	1.02538466	57.81797409	1.01056568	0.01494532925199434	0.0177832	0.00013
-0.0921	-0.2098	0.6816	0.0005113814708343385	-0.0028431413514987624	-0.0022654373690886398	0.99757075	56.24964142	0.99970552	0.06355786374650331	0.0164804	7e-05
-0.0888	-0.2536	0.6665	0.0004991641660703782	-0.002754129559647052	-0.002061233846605303	1.00697958	56.78017426	1.00590397	0.07747163095495038	0.0164517	7e-05
-0.0979	-0.2847	0.6638	0.0007976154681614085	-0.002647664475275398	-0.002190388211252884	1.01069438	56.9896431	1.00407036	0.06960353755551328	0.0170571	0.00012
-0.1014	-0.2693	0.666	0.0007749261878854823	-0.002621484536495483	-0.0022183134792847924	1.01838434	57.42324829	1.00106016	0.024939724354387616	0.0163358	7e-05
-0.1009	-0.2685	0.6629	0.0006003932626860494	-0.0026668630970473357	-0.002209586833024821	0.95892835	54.0707283	0.96729376	0.015831906600562815	0.0155069	5e-05
-0.0983	-0.2549	0.6623	0.0005811946409141118	-0.002722713633111154	-0.0022130774915288098	0.99672574	56.20199585	0.9886527	0.020726990816987294	0.0160761	4e-05
-0.1013	-0.2424	0.6658	0.0003944444109507184	-0.0027855454861829498	-0.002253220064324679	1.00542021	56.69224548	0.98925429	0.03348623279155288	0.0159101	2e-05
-0.1032	-0.2424	0.6658	0.0003595378259108319	-0.0027436575841350863	-0.0022602013813326567	0.9906671	55.86037064	0.9834995	0.0060887902047863825	0.0153961	3e-05
-0.102	-0.2437	0.6641	0.0002251474735072685	-0.0027872908154349444	-0.0022706733568446224	0.97550166	55.00524139	0.98186534	0.013624777960769285	0.0180242	5e-05
-0.1001	-0.2316	0.6633	0.00035081117965086024	-0.002673844414055313	-0.002235766771804736	1.0206176	57.54917908	1.0035214	0.028500834628155492	0.0166067	9e-05
-0.0952	-0.2014	0.6877	-0.00010995574287564276	-0.0027890361446869386	-0.002356194490192345	1.03107774	58.13898849	1.01058077	0.09431931857728684	0.0169617	5e-05
-0.0976	-0.2064	0.6825	-0.0006981317007977319	-0.0028221974004748306	-0.002516764781375823	0.99340552	56.01477814	0.99489171	0.05169537524467294	0.0161628	3e-05
-0.1019	-0.292	0.6596	-8.203047484373349e-05	-0.0026965336943312393	-0.0024277529895241124	1.01735556	57.36523819	1.02019206	0.154338836197465	0.0161842	3e-05
-0.0999	-0.2652	0.6704	0.00028797932657906436	-0.0027384215963791032	-0.0023771384412162766	1.02354586	57.71429062	1.01168152	0.06272561258892491	0.0157113	3e-05
-0.0981	-0.2433	0.6847	5.585053606381854e-05	-0.002775073510670984	-0.00244695161129605	1.03381836	58.29352188	1.01044764	0.054929693744344976	0.0158211	4e-05
-0.0962	-0.2167	0.6936	-0.0006946410422937432	-0.0028693212902786776	-0.0026145032194875057	1.00227416	56.51485062	1.00472957	0.08801454830783555	0.0165922	1e-05
-0.1006	-0.2892	0.6678	-0.00026354471705114377	-0.0027558748888990466	-0.002583087292951608	1.01625395	57.30312729	1.01730856	0.13149793265790646	0.0176273	5e-05
-0.099	-0.2638	0.6876	2.268928027592628e-05	-0.0027366762671271086	-0.0026249751949994717	1.01847327	57.42826462	1.00786361	0.06416602605734366	0.0179393	3e-05
-0.0942	-0.1972	0.7068	-0.0007714355293814937	-0.003038618227722128	-0.002707005669843205	1.06855667	60.25230026	1.04377644	0.1495048622548086	0.01601	6e-05
-0.0975	-0.2276	0.6815	-0.0008779006137531476	-0.0030909781052819575	-0.002804744107954888	0.99710083	56.22314453	1.0044963	0.07182817000215834	0.0167516	5e-05
-0.1016	-0.3073	0.6666	-2.96705972839036e-05	-0.0028763026072866553	-0.0028221974004748306	1.02413046	57.74725723	1.03257341	0.15271794034922448	0.0177442	6e-05
-0.0993	-0.234	0.6987	-2.4434609527920616e-05	-0.0030752701420140084	-0.002930407814098479	1.05843902	59.68179703	1.04618768	0.12332069680534924	0.018187	0.00013
-0.0973	-0.1676	0.7095	-0.0009023352232810684	-0.00294262511886244	-0.0031258846903218446	1.06336522	59.95956802	1.05799479	0.13950112565640416	0.0192911	0.0001
-0.083	-0.2642	0.6858	-0.001298524963483781	-0.0031014500807939236	-0.003412118687648914	1.05103171	59.26412582	1.05397626	0.17666243497306336	0.0156865	5e-05
-0.0792	-0.3642	0.6699	-0.0008028514559173916	-0.003269001688985379	-0.0032637657012293962	1.02860141	57.99935532	1.03763239	0.16027890510886805	0.0173666	0.0001
-0.0884	-0.3377	0.6783	-0.000322885911618951	-0.0030490902032340936	-0.002993239667170275	1.0096364	56.92998123	1.01648269	0.09262015320544233	0.0174282	0.00015
-0.0835	-0.2418	0.7156	-0.0006719517620178169	-0.0034574972482007667	-0.0031049407392979124	1.08759677	61.32590485	1.0676968	0.1815586983746588	0.0170682	7e-05
-0.0817	-0.1902	0.6889	-0.0008255407361933179	-0.003502875808752619	-0.0031956978604016175	1.06053817	59.80015945	1.05281745	0.09458623279155295	0.0176482	0.00015
-0.0886	-0.2991	0.6652	-0.00015533430342749534	-0.0033196162372932147	-0.003190461872645634	1.07126784	60.40517044	1.05927382	0.1824350995990604	0.017436	5e-05
-0.0922	-0.2659	0.6793	0.00024260076602721178	-0.0031031954100459182	-0.0031328660073298214	1.0006994	56.42605972	1.00789243	0.08449758810089075	0.0186279	0.0001
-0.0927	-0.1916	0.7147	-0.0004991641660703782	-0.0034086280291449255	-0.0032166418114255493	1.08064759	60.93406296	1.05599626	0.16674866776461628	0.0181361	0.00014
-0.0929	-0.2211	0.7011	-0.0004904375198104066	-0.0032602750427254074	-0.003447025272688801	1.05788386	59.65049362	1.04119634	0.06267315469713713	0.0185609	9e-05
-0.0945	-0.3115	0.6761	-0.00030194196059501896	-0.0031171580440618727	-0.0032969269570172887	1.06844246	60.24585724	1.05204483	0.14108554367752163	0.0160135	7e-05
-0.0984	-0.3015	0.6797	6.45771823237902e-05	-0.0029565877528783943	-0.003232349774693498	0.99865127	56.31056976	1.00105881	0.04708333082130386	0.0177774	4e-05
-0.0922	-0.2629	0.6929	-8.37758040957278e-05	-0.003073524812762014	-0.0032096604944175725	1.04821038	59.10503769	1.02709663	0.07239896632895312	0.0173942	0.00011
-0.0963	-0.2094	0.7374	-0.0010053096491487337	-0.003186971214141646	-0.0034313173094208515	1.07104003	60.39232635	1.04723746	0.16493185307179595	0.0180884	7e-05
-0.0982	-0.2837	0.7019	-0.0009896016858807848	-0.0032969269570172887	-0.0037088246604879502	1.04490995	58.9189415	1.03790464	0.1318585528605346	0.0169029	5e-05
-0.0999	-0.3624	0.6879	-0.0002722713633111154	-0.003232349774693498	-0.0035395277230445004	1.02880025	58.01056671	1.03635477	0.1419602221168455	0.0170422	7e-05
-0.1009	-0.2935	0.6879	-9.075712110370512e-05	-0.003145083312093782	-0.00342259066316088	1.01740837	57.36821747	1.02033787	0.08918588823453734	0.0172665	8e-05
-0.0946	-0.2417	0.7168	-0.0004328416544945937	-0.003459242577452761	-0.003459242577452761	1.04567158	58.96188354	1.03218396	0.12164478565208744	0.0176363	0.0001
-0.0925	-0.1974	0.7159	-0.0009145525280450286	-0.0034697145529647274	-0.0035133477842645856	1.06125104	59.84035873	1.04733784	0.07461440279371134	0.0207449	5e-05
-0.0891	-0.2859	0.688	-0.00028274333882308137	-0.0034487706019407953	-0.0034749505407207105	1.05020583	59.217556	1.04102846	0.15435751918948776	0.0182862	4e-05
-0.0932	-0.2826	0.6947	-9.075712110370512e-05	-0.0033196162372932147	-0.0033894294073729884	1.00831127	56.85526276	1.00851331	0.03443308578573396	0.0193768	0.00011
-0.0902	-0.2538	0.6993	-3.490658503988659e-05	-0.0034033920413889425	-0.0033021629447732717	1.03566241	58.3975029	1.02297849	0.0477446401379632	0.0208166	3e-05
-0.0927	-0.2169	0.7294	-0.0008063421144213803	-0.003455751918948773	-0.0034330626386728466	1.04776108	59.0797081	1.02645081	0.11723475504204497	0.0209454	5e-05
-0.0909	-0.2937	0.69	-0.00039269908169872416	-0.0034609879067047556	-0.003426081321664869	1.0451076	58.93008423	1.02944859	0.13929301687433093	0.0199947	3e-05
-0.0972	-0.325	0.6953	-5.93411945678072e-05	-0.0033946653951289706	-0.0033545228223331013	0.99698359	56.21653366	1.00366281	0.06646194490192353	0.0192561	5e-05
-0.0985	-0.2899	0.7021	0.0001675516081914556	-0.0035465090400524776	-0.0033283428835531865	1.04163122	58.73406219	1.01995805	0.06344581932313417	0.0165997	3e-05
-0.1014	-0.2484	0.7288	-0.000635299847725936	-0.003555235686312449	-0.0034836771869806815	1.05309522	59.38047791	1.02920427	0.11944562028024294	0.0200627	7e-05
-0.0994	-0.2855	0.7133	-0.0006422811647339132	-0.003569198320328404	-0.003478441199224699	1.02113724	57.57847595	1.01147	0.055908996938995675	0.0176178	4e-05
-0.0987	-0.3105	0.7051	-2.792526803190927e-05	-0.0034452799434368064	-0.0033667401270970616	1.0030911	56.5609169	1.00324823	0.07639876728606208	0.01705	3e-05
-0.1	-0.2911	0.716	-0.0001361356816555577	-0.003417354675404897	-0.003378957431861022	1.03928924	58.60200882	1.01712017	0.039017649320975914	0.0171126	3e-05
-0.0946	-0.2367	0.7491	-0.0008429940287132613	-0.003661700770684103	-0.0034749505407207105	1.05653036	59.57417297	1.02953552	0.14525987755982997	0.0154445	2e-05
-0.0918	-0.263	0.7304	-0.0009878563566287904	-0.003687880709464018	-0.0035081117965086025	0.98831713	55.72786331	0.99466865	0.05801017612416677	0.0139835	3e-05
-0.097	-0.3156	0.7104	-0.0004188790204786391	-0.003611086222376268	-0.0033667401270970616	1.0090549	56.89719772	1.0089355	0.1171571746324721	0.0152537	3e-05
-0.1001	-0.2855	0.7229	-0.00021118483949131387	-0.0036669367584400863	-0.0033580134808370897	1.02930248	58.03888702	1.01338708	0.05931356816555573	0.0152312	3e-05
-0.0937	-0.2514	0.7469	-0.000705113017805709	-0.003796091123087667	-0.0034714598822167216	1.04609227	58.98560715	1.01698624	0.10132644721708035	0.0148757	1e-05
-0.0921	-0.2455	0.7347	-0.0010821041362364843	-0.0037192966359999168	-0.003485422516232676	0.9841634	55.49364853	0.99444073	0.043087411976724006	0.0140846	5e-05
-0.0992	-0.3176	0.7096	-0.0004956735075663896	-0.0035918876006043304	-0.003387684078120994	1.02137959	57.5921402	1.02247536	0.1448789051088682	0.0148801	3e-05
-0.1014	-0.287	0.7186	-0.0002740166925631097	-0.0035342917352885177	-0.0033405601883171464	1.03077996	58.12220001	1.00965241	0.05811882850614703	0.0149015	5e-05
-0.0947	-0.2424	0.7376	-0.0009023352232810684	-0.0037681658550557575	-0.003495894491744642	1.02154899	57.6016922	1.00341547	0.12117634769563468	0.0142729	2e-05
-0.0906	-0.2677	0.7222	-0.0009861110273767962	-0.003829252378875559	-0.0034348079679248403	0.98059624	55.29250717	0.98432592	0.05509744258676661	0.0139177	3e-05
-0.0939	-0.3186	0.7185	-0.0005602506898901797	-0.003686135380212024	-0.0033318335420571745	1.03002989	58.07990646	1.01061389	0.09149758810089079	0.0150357	4e-05
-0.0959	-0.2814	0.7247	-0.00040666171571467877	-0.0036512287951721376	-0.0033859387488689996	1.05194974	59.31589127	1.01621853	0.05753003830136061	0.0150935	7e-05
-0.0906	-0.2333	0.748	-0.0011344640137963143	-0.003913028182971286	-0.0034243359924128747	1.01425672	57.19050598	1.01411893	0.12809994647123293	0.0144439	3e-05
-0.0736	-0.2446	0.7652	-0.0013631021458075715	-0.003940953451003196	-0.0032567843842214186	1.02263141	57.66272736	1.01192387	0.06670575041173116	0.0156966	7e-05
-0.0855	-0.3363	0.7414	-0.00048520153205442357	-0.003988077340807043	-0.003420845333908886	1.06445265	60.02088928	1.0496701	0.18185427266222312	0.0163302	7e-05
-0.0954	-0.3059	0.7403	-0.0005009094953223725	-0.003906046865963309	-0.00342259066316088	1.04383457	58.85830307	1.02205343	0.04637418836818381	0.0153538	0.00011
-0.0943	-0.2911	0.7338	-0.000486946861306418	-0.0038833575856873836	-0.003387684078120994	0.99774796	56.25963593	0.99935269	0.025977924966588246	0.0151392	5e-05
-0.0958	-0.2816	0.7355	-0.00047822021504644627	-0.003862413634663451	-0.0033597588100890844	1.02673602	57.89417267	1.00948248	0.015579793265790731	0.0156094	7e-05
-0.0907	-0.2547	0.7465	-0.0007470009198535729	-0.003947934768011174	-0.003333578871309169	1.03880119	58.57448959	1.00891264	0.06202408884673828	0.0148807	5e-05
-0.0856	-0.2247	0.7544	-0.001335176877775662	-0.004085815778918725	-0.0034330626386728466	0.98953038	55.79627228	0.98921423	0.08427703680966579	0.0142608	3e-05
-0.0883	-0.2985	0.7281	-0.0008360127117052838	-0.003996803987067014	-0.0033702307856010505	1.02228308	57.64308929	1.01548302	0.13535039054969422	0.0148786	3e-05
-0.0944	-0.3076	0.7384	-0.00029496064358704166	-0.003960152072775134	-0.003420845333908886	1.01608348	57.29351425	1.00439569	0.05691592653589786	0.0157533	4e-05
-0.0993	-0.2929	0.7371	-0.00042935099599060504	-0.003921754829231259	-0.0034574972482007667	1.02742219	57.93286514	1.00067167	0.031371975511965924	0.0149429	4e-05
-0.0938	-0.29	0.7349	-0.0005305800926062762	-0.0038746309394274117	-0.003452261260444784	0.97144306	54.77639008	0.97764012	0.018279448708775032	0.0147566	4e-05
-0.0911	-0.2636	0.7459	-0.0009512044423369096	-0.003998549316319009	-0.0034452799434368064	1.01507378	57.2365799	1.001128	0.0676762021815104	0.0151411	7e-05
-0.0959	-0.3026	0.7294	-0.000726056968829641	-0.0038362336958835358	-0.003419100004656891	1.02335691	57.70363617	1.00593691	0.08098215163613279	0.0152339	2e-05
-0.0983	-0.2973	0.7342	-0.0005969026041820607	-0.003841469683639519	-0.0034086280291449255	0.98875141	55.75234985	0.98392656	0.019743116395776337	0.0148861	3e-05
-0.0937	-0.2803	0.7327	-0.0007452555906015787	-0.003940953451003196	-0.003337069529813158	0.99807417	56.2780304	0.9885037	0.039069762655748096	0.0153648	5e-05
-0.0905	-0.2481	0.7611	-0.001270599695451872	-0.00404741853537485	-0.003412118687648914	1.02640283	57.8753891	1.00879734	0.09914291735288515	0.0156228	3e-05
-0.0927	-0.3059	0.7374	-0.0008883725892651138	-0.003974114706791089	-0.003450515931192789	1.03313518	58.25500107	1.01037631	0.10839640891571968	0.0150787	3e-05
-0.0984	-0.2997	0.7315	-0.0006073745796940267	-0.0038816122564353885	-0.0034400439556808234	0.97710073	55.09540558	0.97853575	0.03699862177193767	0.0151387	5e-05
-0.0966	-0.28	0.7331	-0.0006440264939859076	-0.003906046865963309	-0.003387684078120994	1.00300491	56.55605698	0.99390162	0.028772320068981484	0.0157732	3e-05
-0.094	-0.2497	0.766	-0.0012531464029319286	-0.004017747938090946	-0.0034644785652087444	1.03324449	58.26116562	1.01242434	0.10568077340807051	0.0159624	3e-05
-0.0943	-0.2861	0.7425	-0.0013421581947836393	-0.004045673206122856	-0.003555235686312449	1.00738943	56.80328751	0.99740716	0.07058470904936624	0.0144868	2e-05
-0.0994	-0.3379	0.7271	-0.000921533845053006	-0.003902556207459321	-0.0035046211380046137	0.98118055	55.32545471	0.98553613	0.10301779483510023	0.0153619	4e-05
-0.0938	-0.2852	0.7476	-0.0011641346110802177	-0.004150392961242515	-0.0034243359924128747	1.01666117	57.32608414	1.00527053	0.10733613327010728	0.015447	1e-05
-0.0917	-0.2459	0.7583	-0.0017348572764823637	-0.004310963252425994	-0.0035534903570604553	1.03729665	58.48965073	1.01586352	0.09512236606166019	0.0150493	2e-05
-0.0922	-0.3233	0.7316	-0.0011903145498601325	-0.004173082241518442	-0.003502875808752619	1.02130795	57.58810425	1.01323056	0.14125191429188091	0.0148092	3e-05
-0.096	-0.3245	0.731	-0.0008674286382411819	-0.003947934768011174	-0.0033353242005611634	0.99490243	56.09918594	0.99509663	0.041379249665883806	0.0158122	6e-05
-0.1	-0.2973	0.7399	-0.0005445427266222308	-0.003925245487735247	-0.003419100004656891	1.0276283	57.94448853	1.0101493	0.06156754979953032	0.0159148	3e-05
-0.0947	-0.223	0.7842	-0.0011379546723003027	-0.004078834461910747	-0.003454006589696778	1.07916403	60.85041046	1.04350588	0.16299537524467295	0.0162815	3e-05
-0.0827	-0.2224	0.7894	-0.0017400932642383465	-0.004218460802070294	-0.003363249468593073	0.99657291	56.19337845	1.00212006	0.05942610266006477	0.0154859	1e-05
-0.0824	-0.3389	0.7469	-0.0012793263417118436	-0.004241150082346221	-0.003338814859065152	1.04982066	59.19583511	1.04804212	0.18469454061651747	0.0158615	4e-05
-0.0915	-0.3243	0.7518	-0.0007295476273336296	-0.004050909193878839	-0.0034400439556808234	1.02158844	57.60391998	1.00263882	0.07066243497306336	0.0158824	4e-05
-0.0896	-0.2703	0.7792	-0.0011065387457644049	-0.00411199571769864	-0.003830997708127553	1.04396415	58.86560822	1.01353584	0.12475156973486529	0.0159053	5e-05
-0.0787	-0.2381	0.7826	-0.0019198621771937623	-0.004255112716362175	-0.003492403833240653	0.99444818	56.07357025	0.99240386	0.11125171524898952	0.0153604	7e-05
-0.0804	-0.3328	0.7439	-0.0013159782560037243	-0.004202752838802345	-0.0034697145529647274	1.03686535	58.46533203	1.0266987	0.1690466539512896	0.0156521	3e-05
-0.0868	-0.3186	0.7502	-0.0007330382858376184	-0.004129449010218584	-0.0034732052114687163	1.02087831	57.56387711	0.99803358	0.05988672286269275	0.0157471	5e-05
-0.0858	-0.2825	0.7596	-0.0008377580409572782	-0.004173082241518442	-0.003495894491744642	1.0418185	58.74462509	1.00760098	0.05505211333477227	0.0151488	4e-05
-0.081	-0.2346	0.7834	-0.001609193570338772	-0.004335397861953915	-0.003532546406036523	0.9979493	56.27098846	0.99924488	0.12502015320544227	0.0157389	5e-05
-0.0733	-0.3051	0.7483	-0.001420698011123384	-0.0044977134823893875	-0.0034330626386728466	1.0337224	58.28811264	1.01991502	0.13581474735072685	0.0152928	3e-05
-0.0837	-0.3328	0.7411	-0.00048171087355043494	-0.004174827570770436	-0.003530801076784529	1.02874768	58.00760269	1.00826275	0.11328057436517912	0.0159746	2e-05
-0.089	-0.2989	0.747	-0.0005846852994181004	-0.004078834461910747	-0.0034993851502486306	1.0298388	58.06912613	1.01070928	0.05661917306316261	0.015259	5e-05
-0.0813	-0.2714	0.7606	-0.0008674286382411819	-0.004239404753094226	-0.003419100004656891	1.02100778	57.57117462	1.00607077	0.07497993877991507	0.0157225	2e-05
-0.0812	-0.2328	0.7842	-0.001562069680534925	-0.004295255289158045	-0.0035465090400524776	1.04111373	58.70488739	1.02008328	0.10619503068765734	0.0160001	5e-05
-0.0773	-0.3096	0.753	-0.0013456488532876281	-0.004338888520457902	-0.0035517450278084606	1.05695426	59.59807587	1.03033666	0.12516450231515683	0.0145968	2e-05
-0.0836	-0.3226	0.7564	-0.0011239920382843482	-0.004207988826558329	-0.0034836771869806815	0.98490328	55.53536606	0.986423	0.0437312174865316	0.0147439	3e-05
-0.0822	-0.2812	0.766	-0.0012880529879718153	-0.004248131399354198	-0.0034609879067047556	1.02357256	57.71579361	1.00533831	0.06374464013796313	0.0154881	3e-05
-0.0779	-0.2661	0.7881	-0.002124065699677099	-0.004141666314982544	-0.0037227872945039047	1.03096557	58.13265991	1.01202194	0.10171385919380432	0.0154955	5e-05
-0.0697	-0.327	0.7566	-0.0015271630954950383	-0.004440117617073575	-0.003600614246864302	1.02829731	57.98221207	1.01319689	0.15147634769563467	0.014699	3e-05
-0.0754	-0.3365	0.7507	-0.0010471975511965976	-0.004274311338134113	-0.0035831609543443585	0.98990601	55.81745529	0.99252195	0.05426125578789232	0.0151582	3e-05
-0.0734	-0.3028	0.7602	-0.0009948376736367678	-0.004354596483725852	-0.003480186528476693	1.02319813	57.69468307	1.00142042	0.05698097245096168	0.0155106	5e-05
-0.0757	-0.238	0.7953	-0.0019006635554218248	-0.004420918995301637	-0.0036302848441482054	1.04712164	59.04364777	1.02201369	0.15831233545161774	0.0157487	3e-05
-0.0684	-0.2886	0.7743	-0.0019949113350295183	-0.004543092042941239	-0.0037000980142279784	1.01998055	57.51325607	1.00459266	0.09321169986635347	0.0145247	3e-05
-0.0742	-0.3551	0.754	-0.0012793263417118436	-0.0043039819354180175	-0.0035517450278084606	0.99733996	56.23662949	1.00337622	0.1477524043630207	0.0151318	5e-05
-0.0815	-0.3167	0.7523	-0.0009546951008408983	-0.0041887902047863905	-0.0034662238944607386	1.02026772	57.52944565	1.00187944	0.0736672052425148	0.0153646	1e-05
-0.0683	-0.2823	0.788	-0.001322959573011702	-0.004516912104161324	-0.003438298626428829	1.040133	58.64958572	1.01240234	0.11951558197888237	0.0154991	1e-05
-0.0697	-0.2436	0.7977	-0.0021048670779051613	-0.004637339822548933	-0.003598868917612307	1.01782727	57.39184189	1.00313198	0.10294527572322724	0.0148403	3e-05
-0.0708	-0.3379	0.759	-0.001473057888683214	-0.004461061568097506	-0.003581415625092364	1.00744843	56.80661011	1.01068824	0.17537703680966582	0.0150813	1e-05
-0.0746	-0.3313	0.7574	-0.0010524335389525807	-0.004307472593922005	-0.0035290557475325343	1.00475121	56.65452576	0.99421098	0.04332866007329824	0.0157239	3e-05
-0.0739	-0.3104	0.7687	-0.000879645943005142	-0.004295255289158045	-0.003467969223712733	1.02100933	57.57126617	0.99842629	0.045204571226560075	0.0153242	3e-05
-0.0691	-0.2638	0.8002	-0.0016109388995907662	-0.004504694799397364	-0.0035203291012725624	1.01079071	56.99507141	0.99895991	0.13255461721923864	0.0151237	2e-05
-0.0657	-0.2884	0.7772	-0.0018151424220741027	-0.00447851486061745	-0.003502875808752619	0.98947197	55.79298019	0.98724006	0.06339183768915975	0.0149999	3e-05
-0.071	-0.3515	0.7661	-0.0011763519158441782	-0.004335397861953915	-0.0035499996985564664	1.021667	57.60834885	1.00581299	0.12095156973486532	0.015732	3e-05
-0.0767	-0.3252	0.7652	-0.0009616764178488756	-0.0042655846918741415	-0.0035046211380046137	1.03859532	58.56288147	0.99816819	0.049393361431346455	0.0152938	0.0
-0.0732	-0.302	0.7706	-0.0012060225131280816	-0.004235914094590238	-0.003488913174736664	0.97319275	54.87504959	0.97510678	0.04658623279155292	0.0148073	2e-05
-0.0691	-0.2543	0.7965	-0.0018291050560900572	-0.0044156830075456534	-0.003438298626428829	1.02368438	57.7220993	1.00649369	0.1203733002112613	0.0157839	7e-05
-0.0676	-0.3111	0.7748	-0.0014660765716752368	-0.00434586983746588	-0.003494149162492647	1.03986311	58.63436508	1.01629341	0.10443460952792048	0.0155581	4e-05
-0.0709	-0.322	0.7715	-0.001181587903600161	-0.004323180557189954	-0.0034348079679248403	1.00950658	56.92266083	0.99064122	0.03582595714594054	0.0151308	1e-05
-0.0686	-0.3084	0.7713	-0.0011257373675363424	-0.004314453910929983	-0.0033283428835531865	0.98359364	55.46152115	0.97706197	0.024652113334772185	0.0154499	1e-05
-0.0679	-0.2821	0.8067	-0.0017610372152622785	-0.004452334921837535	-0.003420845333908886	1.02516448	57.80555725	1.00291808	0.10568416544945934	0.0164024	7e-05
-0.0677	-0.2994	0.7849	-0.0018622663118779497	-0.0043982297150257105	-0.0035116024550125905	1.04225004	58.76895523	1.01049882	0.05160457122655992	0.0152639	3e-05
-0.0753	-0.3447	0.7726	-0.0014381513036433276	-0.004295255289158045	-0.0033911747366249826	0.99113733	55.88688278	0.99147887	0.09757585762449487	0.0153731	1e-05
-0.077	-0.3235	0.7731	-0.001298524963483781	-0.0042324234360862495	-0.0032882003107573173	1.00822496	56.85039902	0.99411622	0.03867163095495044	0.0160714	1e-05
-0.079	-0.2841	0.793	-0.0019530234329816546	-0.00446629755585349	-0.0034068826998929313	1.0337019	58.28695679	1.01054437	0.11165274892003645	0.0156788	3e-05
-0.0749	-0.3054	0.7907	-0.0020001473227855013	-0.0043214352279379595	-0.003525565089028546	1.00085545	56.43485641	0.99226542	0.04323343034274967	0.0153368	3e-05
-0.0784	-0.3436	0.7771	-0.0017400932642383465	-0.004333652532701919	-0.0034627332359567498	0.9889738	55.76488876	0.98615302	0.0720551608191455	0.0161312	1e-05
-0.0785	-0.3296	0.778	-0.0015062191444711063	-0.004302236606166022	-0.003447025272688801	1.01473093	57.21724701	0.9909646	0.029049900478554335	0.0161214	3e-05
-0.0723	-0.279	0.7966	-0.0019757127132575807	-0.00451516677490933	-0.003485422516232676	1.04429078	58.88402557	1.00616987	0.11144104905368282	0.0151418	2e-05
-0.0559	-0.2903	0.7714	-0.002368411794956305	-0.004171336912266447	-0.003199188518905606	0.97333717	54.88319397	0.97303892	0.10403814708343392	0.0139825	2e-05
-0.0753	-0.332	0.7665	-0.0018186330805780916	-0.004255112716362175	-0.0034330626386728466	1.00739157	56.80340576	0.99018147	0.10937143191205911	0.0156132	2e-05
-0.0801	-0.3244	0.7685	-0.001361356816555577	-0.00422893277758226	-0.003363249468593073	1.01657414	57.32118225	0.98666178	0.042063468644110105	0.0155535	4e-05
-0.0745	-0.2917	0.7938	-0.0018291050560900572	-0.004445353604829557	-0.003459242577452761	1.00257182	56.5316391	0.98374648	0.10260810878207324	0.0150222	0.0
-0.0647	-0.2712	0.7928	-0.00239459173373622	-0.004583234615737109	-0.0033562681515850955	0.98733211	55.67232132	0.97851269	0.07161710572106904	0.0156705	3e-05
-0.0728	-0.3353	0.7836	-0.001965240737745615	-0.0044261549830576195	-0.0034871678454846703	1.01515484	57.2411499	0.99738006	0.11726651612848343	0.0160446	4e-05
-0.0826	-0.3234	0.7789	-0.0015777776438028737	-0.004291764630654057	-0.0034609879067047556	1.02257431	57.65950775	0.98428009	0.05380166925631085	0.0152923	2e-05
-0.0787	-0.2936	0.7907	-0.0018291050560900572	-0.0043929937272697275	-0.003506366467256608	0.97623032	55.0463295	0.9718258	0.06539675347273524	0.0154565	3e-05
-0.0788	-0.2591	0.8053	-0.0024975661596038853	-0.004511676116405342	-0.0035465090400524776	1.00909686	56.89955902	0.98848853	0.09056430327226568	0.0159727	3e-05
-0.0784	-0.3344	0.783	-0.0020001473227855013	-0.004424409653805625	-0.003569198320328404	1.02253783	57.65745163	1.0034965	0.1283687289847013	0.0156754	3e-05
-0.0827	-0.3359	0.7765	-0.001553343034274953	-0.0042271874483302664	-0.0035831609543443585	0.99732202	56.23561859	0.97648183	0.04519945640009312	0.015255	1e-05
-0.0763	-0.3132	0.7908	-0.001820378409830086	-0.004488986836129415	-0.003506366467256608	0.97687274	55.08255005	0.97035712	0.07368146252210159	0.0160614	5e-05
-0.08	-0.2817	0.8042	-0.002494075501099897	-0.004473278872861466	-0.0035360370645405115	1.00968266	56.93259048	0.98995032	0.08455378259108323	0.0161265	2e-05
-0.0787	-0.3365	0.7748	-0.0019408061282176943	-0.004375540434749784	-0.0035918876006043304	1.01900077	57.45800781	0.99518531	0.12084291735288517	0.015379	5e-05
-0.0848	-0.3405	0.7747	-0.0015254177662430443	-0.004258603374866164	-0.003555235686312449	0.97423989	54.93409348	0.97033706	0.03864886680750754	0.0155711	3e-05
-0.0804	-0.2923	0.7901	-0.0019408061282176943	-0.004457570909593518	-0.003516838442768574	0.99894726	56.32725906	0.98584156	0.10063765701229392	0.0162932	5e-05
-0.0843	-0.2587	0.8136	-0.0026720990848033187	-0.0044977134823893875	-0.003602359576116296	1.01438391	57.19768143	0.99388981	0.1038478331364608	0.0164676	3e-05
-0.0763	-0.3423	0.7747	-0.0021799162357409173	-0.004494222823885398	-0.003637266161156183	1.03031456	58.09595871	1.00708689	0.15702900463031383	0.0153568	2e-05
-0.0804	-0.3445	0.7667	-0.0016022122533307947	-0.004263839362622147	-0.003556981015564444	0.96379811	54.34531784	0.96685737	0.05871862946325562	0.0157044	2e-05
-0.0819	-0.3027	0.7707	-0.0015114551322270892	-0.004330161874197931	-0.003506366467256608	1.0081861	56.84820938	0.98751133	0.05768470904936625	0.0161278	3e-05
-0.0883	-0.2545	0.8059	-0.002267182698340634	-0.004452334921837535	-0.0036547194536761256	1.04073298	58.68341446	1.00634543	0.14111268000863322	0.0159617	3e-05
-0.0846	-0.3029	0.7697	-0.0022130774915288098	-0.00436157780073383	-0.003639011490408177	1.00623989	56.73846817	0.98438726	0.0963285145591738	0.0144497	1e-05
-0.087	-0.3578	0.753	-0.001514945790731078	-0.004187044875534397	-0.0035953782591083183	0.97761458	55.12438202	0.97767752	0.11981489286485124	0.0154613	4e-05
-0.0817	-0.3067	0.776	-0.001583013631558857	-0.004300491276914028	-0.003492403833240653	1.02226162	57.64187622	0.99488854	0.09362443340375384	0.0158222	1e-05
-0.0803	-0.2429	0.7948	-0.002453932928304027	-0.004445353604829557	-0.0036477381366681488	1.05629575	59.5609436	1.01446724	0.14255579640440963	0.0150116	4e-05
-0.0753	-0.3209	0.7722	-0.002509783464367846	-0.00446629755585349	-0.003691371367968007	0.99482554	56.09484863	0.9874809	0.11162138591938046	0.0144955	1e-05
-0.0815	-0.3611	0.7501	-0.0018046704465621369	-0.004314453910929983	-0.003560471674068432	0.98909795	55.77188873	0.9792574	0.11789281783143955	0.0156789	3e-05
-0.0871	-0.3319	0.774	-0.0014014993893514465	-0.004379031093253773	-0.003560471674068432	1.02223802	57.64054489	0.99383349	0.08208741197672406	0.0160958	2e-05
-0.0883	-0.2472	0.8123	-0.0024155356847601517	-0.004461061568097506	-0.0035534903570604553	1.07708561	60.73321915	1.03084517	0.17935240436302075	0.0158182	3e-05
-0.0771	-0.2941	0.7873	-0.0024399702942880727	-0.0043214352279379595	-0.0036250488563922224	0.97258085	54.84054565	0.97677287	0.09488097245096173	0.0154398	4e-05
-0.0767	-0.3441	0.7681	-0.0017174039839624202	-0.004178318229274424	-0.003611086222376268	1.00553322	56.69861984	0.99393902	0.11358229715025717	0.0165146	5e-05
-0.0837	-0.3505	0.7653	-0.001335176877775662	-0.004256858045614169	-0.0035883969421003415	1.02576184	57.83924103	0.99467518	0.04037281014012144	0.0160803	6e-05
-0.0863	-0.3067	0.7812	-0.0016039575825827887	-0.004448844263333546	-0.0036163222101322505	1.01860547	57.43572235	0.98978954	0.08673460952792067	0.0152501	1e-05
-0.0909	-0.2485	0.7916	-0.00200363798128949	-0.004338888520457902	-0.004064871827894794	1.01050365	56.97888565	0.99697693	0.12110928796724436	0.0164656	7e-05
-0.0856	-0.3036	0.7638	-0.0019792033717615696	-0.004511676116405342	-0.004141666314982544	1.03358293	58.28025055	1.01041088	0.10190083462815543	0.0156353	3e-05
-0.0838	-0.3414	0.758	-0.0015550883635269475	-0.004351105825221863	-0.003733259270015871	1.02629077	57.86906815	0.99851452	0.09505461721923872	0.0151854	3e-05
-0.0788	-0.3178	0.775	-0.0016790067404185449	-0.004363323129985824	-0.0035883969421003415	0.98971224	55.80652618	0.97944013	0.05964990047855434	0.0152928	3e-05
-0.0751	-0.2493	0.7983	-0.0026005405854715507	-0.004611159883769018	-0.0035133477842645856	1.01442134	57.19979095	1.00622506	0.1577209878335978	0.0162839	1e-05
-0.0653	-0.2953	0.7958	-0.002933898472602468	-0.004733332931408622	-0.003623303527140228	1.0176208	57.38019562	1.00347113	0.08657433388230826	0.0156057	4e-05
-0.0723	-0.3584	0.7689	-0.002237512101056731	-0.004579743957233121	-0.003701843343479973	1.03314114	58.25533676	1.00506257	0.1434257581030491	0.0155762	5e-05
-0.0756	-0.3341	0.7765	-0.001811651763570114	-0.004569271981721155	-0.0036704274169440743	0.97805631	55.14928818	0.97632382	0.058587411976724	0.0153871	5e-05
-0.0771	-0.2664	0.7989	-0.0024870941840919192	-0.004661774432076854	-0.0036337755026521943	1.0221864	57.63763428	1.00566152	0.13182983925846928	0.0162175	5e-05
-0.0714	-0.3049	0.786	-0.002707005669843205	-0.004686209041604775	-0.0036599554414321086	1.02807391	57.96961212	1.00812082	0.07062630170295608	0.015698	4e-05
-0.0738	-0.3605	0.7653	-0.0019792033717615696	-0.004581489286485115	-0.00365646478292812	1.04061806	58.67693329	1.0101308	0.12050063558526423	0.0155823	3e-05
-0.0716	-0.3069	0.787	-0.002015855286053451	-0.004654793115068877	-0.003626794185644217	0.98995429	55.82017517	0.98752239	0.08448131700797734	0.0150864	2e-05
-0.0715	-0.2401	0.8094	-0.0027436575841350863	-0.004845034003536259	-0.003494149162492647	1.0207417	57.55617523	1.00402958	0.14183441048502932	0.0162281	4e-05
-0.0611	-0.3099	0.7952	-0.002466150233067988	-0.0049898963314517885	-0.003522074430524557	1.02657974	57.88536072	1.00900186	0.11691474735072688	0.0156699	5e-05
-0.0672	-0.3419	0.7714	-0.0017662732030182616	-0.004747295565424576	-0.003490658503988659	1.01949596	57.4859314	0.99389808	0.11059468613064181	0.0150036	2e-05
-0.0718	-0.3288	0.7831	-0.001614429558094755	-0.004696681017116741	-0.0034365532971768345	0.98095942	55.31298447	0.97493005	0.0422281700021584	0.0148458	1e-05
-0.0683	-0.2479	0.8096	-0.0023753931119642824	-0.004838052686528281	-0.0034103733583969193	1.01282084	57.10954285	1.00387726	0.15732575810304908	0.0159135	3e-05
-0.0614	-0.2757	0.7968	-0.0027680921936630064	-0.005002113636215748	-0.0035482543693044722	1.00727999	56.79711533	0.99583045	0.08223205211468723	0.0151017	1e-05
-0.0667	-0.3661	0.7591	-0.0020943951023931952	-0.00466002910282486	-0.0036215581978882336	1.01593518	57.28514862	1.01007172	0.18785427266222293	0.0152794	2e-05
-0.0657	-0.3492	0.7671	-0.001811651763570114	-0.004640830481052923	-0.0032864549815053226	1.00492728	56.6644516	0.9845108	0.05775225884889646	0.0149845	2e-05
-0.0629	-0.2865	0.8005	-0.0022235494670407763	-0.004752531553180559	-0.0033318335420571745	0.97869563	55.18533707	0.98460307	0.1273488668075075	0.0152323	3e-05
-0.061	-0.2535	0.7967	-0.0028693212902786776	-0.004827580711016315	-0.0033405601883171464	0.99943811	56.35493469	0.98988167	0.07517738136668149	0.0151784	4e-05
-0.0597	-0.3542	0.7753	-0.00231779724664847	-0.004754276882432553	-0.0034417892849328176	1.01287615	57.11266327	1.01165692	0.159702848441482	0.0154445	2e-05
-0.0606	-0.3267	0.7654	-0.0018762289458939042	-0.004682718383100785	-0.0033265975543011915	0.98892468	55.76211929	0.97520226	0.06971592653589803	0.0145429	2e-05
-0.0545	-0.293	0.7878	-0.002373647782712288	-0.004717624968140673	-0.003193952531149623	0.97716659	55.09912109	0.97267294	0.09544852225049198	0.0141907	1e-05
-0.0545	-0.2316	0.8062	-0.0029618237406343773	-0.004700171675620729	-0.0032916909692613052	0.98364037	55.4641571	0.98434289	0.11496838442768584	0.0148591	2e-05
-0.0496	-0.3384	0.7713	-0.002464404903815993	-0.004808382089244378	-0.0033021629447732717	1.0156076	57.26668167	1.01542728	0.17740506129770003	0.0149274	1e-05
-0.0513	-0.3538	0.7769	-0.0019792033717615696	-0.004693190358612751	-0.003303908274025266	0.98673171	55.63846588	0.98137246	0.05280692959690229	0.0155349	5e-05
-0.0562	-0.3198	0.7845	-0.0018570303241219666	-0.004782202150464463	-0.0033021629447732717	1.01228809	57.07950211	0.98434434	0.05714650843716542	0.0148483	1e-05
-0.0478	-0.2604	0.8174	-0.0027157323161031764	-0.004914847173616032	-0.0032166418114255493	0.97667873	55.07161331	0.98047008	0.15454340742402503	0.0149944	1e-05
-0.0356	-0.2847	0.7847	-0.0027471482426390747	-0.004888667234836118	-0.003157300616857742	0.97394079	54.9172287	0.97283755	0.07504685299418104	0.0149427	0.0
-0.0397	-0.3488	0.789	-0.0023876104167282427	-0.004900884539600078	-0.00312413936106985	0.9926675	55.9731636	0.98888027	0.09274581932313426	0.0158464	3e-05
-0.0418	-0.3303	0.7945	-0.0018622663118779497	-0.0047193702973926666	-0.0031817352263856626	0.99188048	55.92878723	0.97733063	0.0643227106186758	0.0158607	3e-05
-0.0416	-0.293	0.8144	-0.0021048670779051613	-0.004701917004872723	-0.0032340951039454926	0.99553823	56.13503647	0.98251946	0.0730206968053493	0.0158751	1e-05
-0.0423	-0.2497	0.825	-0.003001966313430246	-0.004701917004872723	-0.003160791275361731	1.00507343	56.67269516	1.00462706	0.10312015320544224	0.0162114	4e-05
-0.0396	-0.3349	0.7898	-0.002670353755551324	-0.004693190358612751	-0.00322885911618951	1.0302943	58.09481049	1.02718489	0.14352035224833362	0.0161277	4e-05
-0.0451	-0.357	0.7912	-0.0022706733568446224	-0.004529129408925285	-0.0032306044454415038	0.99334198	56.01119614	0.98871012	0.057274333882308175	0.0161812	1e-05
-0.0416	-0.3161	0.7987	-0.0023020892833805202	-0.004480260189869444	-0.0032114058236695662	1.01468801	57.21482849	0.99250781	0.05687418836818377	0.0152763	1e-05
-0.0406	-0.2571	0.8289	-0.003152064629101759	-0.004534365396681268	-0.003270747018237374	0.98606282	55.60074997	0.99386402	0.13837108735504355	0.0153669	1e-05
-0.0352	-0.2974	0.7988	-0.003190461872645634	-0.0046198865300289904	-0.0032864549815053226	0.9722023	54.81920242	0.97964753	0.0827813170079773	0.0151986	2e-05
-0.0373	-0.3557	0.7799	-0.00272096830385916	-0.004504694799397364	-0.0032340951039454926	0.9878791	55.70316315	0.99058496	0.11115225884889644	0.0153672	6e-05
-0.0349	-0.3325	0.7856	-0.002462659574563999	-0.00437379510549779	-0.0031503192998497648	0.99483198	56.09521103	0.98758041	0.05494921136452308	0.015124	3e-05
-0.0357	-0.2522	0.8217	-0.0033318335420571745	-0.004550073359949217	-0.0032131511529215613	1.0310216	58.1358223	1.01631454	0.17261420375081998	0.0153471	1e-05
-0.0293	-0.2881	0.7947	-0.0035098571257605967	-0.004670501078336825	-0.003214896482173555	0.96018255	54.14144897	0.97507941	0.08430983156715126	0.0142471	3e-05
-0.0294	-0.3509	0.7613	-0.0027960174616949163	-0.004543092042941239	-0.0031084313978019013	0.97173715	54.79297256	0.9835307	0.14368568919164595	0.0146755	1e-05
-0.0328	-0.3316	0.7684	-0.002466150233067988	-0.004483750848373432	-0.0029775317039023265	0.99449176	56.07602692	0.9846174	0.055805405854715495	0.0148145	1e-05
-0.0332	-0.2845	0.8044	-0.0031956978604016175	-0.0045204027626653135	-0.003073524812762014	1.03309846	58.25292969	1.00909746	0.12660963252426	0.0152619	5e-05
-0.0353	-0.2504	0.8075	-0.003792600464583678	-0.004539601384437251	-0.003218387140677544	0.9932059	56.00352478	0.98974553	0.07734817769347635	0.0144491	2e-05
-0.0309	-0.349	0.7648	-0.0032340951039454926	-0.004429645641561609	-0.0031747539093776853	0.99422896	56.06121063	1.00341869	0.18130471674068424	0.0143504	1e-05
-0.0337	-0.3509	0.7572	-0.0027192229746071652	-0.004305727264670011	-0.003035127569218139	0.97816396	55.15535736	0.97814524	0.05122084231947362	0.0146372	1e-05
-0.0273	-0.2873	0.8042	-0.0032637657012293962	-0.00456752665246916	-0.0029967303256742636	1.0087266	56.87868118	0.99723215	0.1592369678982628	0.0148919	1e-05
-0.0328	-0.2377	0.805	-0.004059635840138811	-0.004590215932745087	-0.003040363556974122	1.00456631	56.64410019	0.99451623	0.09900963252426004	0.0145205	2e-05
-0.0265	-0.3449	0.782	-0.0037402405870238476	-0.0046530477858168825	-0.00322885911618951	1.00029922	56.40348816	1.00605826	0.16503613327010735	0.0145665	1e-05
-0.0204	-0.3603	0.7675	-0.0029705503868943488	-0.004382521751757761	-0.0029792770331543207	0.94458908	53.26218414	0.9617456	0.10048991586119056	0.0147133	1e-05
-0.0192	-0.3129	0.7806	-0.0030543261909900766	-0.004468042885105484	-0.002895501229058593	0.97328055	54.88000107	0.9766877	0.07435363707695891	0.0147292	2e-05
-0.0252	-0.2421	0.8096	-0.004096287754430691	-0.004523893421169302	-0.003005456971934235	1.00494373	56.66537857	1.00225511	0.16618839211900377	0.0148952	3e-05
-0.0216	-0.3173	0.7663	-0.003558726344816438	-0.004735078260660616	-0.003153809958353753	0.98817658	55.71993637	0.99153233	0.16695496177625427	0.0140215	3e-05
-0.0283	-0.3509	0.757	-0.0029548424236264	-0.004551818689201211	-0.0031328660073298214	0.96786124	54.57442474	0.96280657	0.09000437218366866	0.013989	2e-05
-0.0222	-0.305	0.764	-0.0029269171555944902	-0.004513421445657336	-0.002928662484846485	0.9501189	53.57399368	0.96141045	0.07252630170295608	0.0135384	2e-05
-0.0153	-0.2681	0.8103	-0.003864158963915446	-0.004628613176288962	-0.003073524812762014	0.98818505	55.72041321	0.98231841	0.14996479334340557	0.0156652	1e-05
-0.0119	-0.3353	0.773	-0.0033702307856010505	-0.004626867847036967	-0.0030700341542580253	0.99947268	56.356884	0.99542866	0.13285820830351897	0.0148237	3e-05
-0.0168	-0.3521	0.7625	-0.0027296949501191318	-0.004399975044277705	-0.0029530970943744054	0.99450129	56.07656479	0.97867403	0.08141828490624015	0.0146415	1e-05
-0.0141	-0.31	0.7977	-0.003085742117525975	-0.004485496177625427	-0.0029513517651224112	0.98891586	55.76162338	0.9779884	0.102165681500328	0.0147054	2e-05
-0.0154	-0.2658	0.8007	-0.004021238596594935	-0.004569271981721155	-0.002963569069886372	0.96837693	54.60350037	0.97329009	0.10007447939643244	0.0147861	0.0
-0.0168	-0.358	0.7715	-0.0037210419652519105	-0.00456752665246916	-0.002993239667170275	0.98750097	55.6818428	0.99300283	0.13938062789394612	0.0151674	5e-05
-0.0219	-0.3639	0.7794	-0.0030578168494940655	-0.004541346713689245	-0.0029792770331543207	0.97279489	54.85261536	0.96980232	0.054068384427685766	0.015126	3e-05
-0.0216	-0.3019	0.8078	-0.0033056536032772606	-0.004707152992628707	-0.002981022362406315	1.00155616	56.47436905	0.98720635	0.11146941809873252	0.0148741	1e-05
-0.0243	-0.2589	0.8297	-0.00419228086329038	-0.004616395871525002	-0.003014183618194207	0.97696871	55.0879631	0.97744748	0.1181272818452358	0.0152416	1e-05
-0.0167	-0.356	0.7715	-0.003703588672731967	-0.0045308747381772796	-0.0031293753488258326	0.97990018	55.25325775	0.99520638	0.197370252726888	0.0146888	3e-05
-0.0201	-0.3689	0.7495	-0.0029478611066184224	-0.004242895411598215	-0.002921681167838507	0.96132821	54.20604706	0.97076434	0.10087005368399668	0.0149132	3e-05
-0.014	-0.3003	0.7922	-0.003223623128433527	-0.004584979944989103	-0.002879793265790644	0.99621165	56.17300797	0.99258558	0.15038672286269275	0.0149922	3e-05
-0.0179	-0.24	0.7957	-0.003932226804743224	-0.004468042885105484	-0.0029234264970905022	0.99150348	55.90752792	0.99169325	0.11115869837465867	0.0145483	2e-05
-0.0105	-0.3528	0.76	-0.0033859387488689996	-0.004476769531365455	-0.002946115777366428	0.9966712	56.1989212	1.00636541	0.1847851991205061	0.0143275	1e-05
-0.0139	-0.3738	0.7529	-0.002846632010002751	-0.004324925886441949	-0.0028605946440187057	0.95022714	53.5800972	0.95872868	0.07033357585687389	0.0145016	1e-05
-0.0125	-0.3119	0.7751	-0.003082251459021986	-0.0043266712156939426	-0.0027995081201989047	0.97736967	55.11057281	0.98011685	0.10042256510455148	0.0149632	4e-05
-0.0159	-0.2657	0.8001	-0.00398284135305106	-0.0043982297150257105	-0.0028658306317746896	0.99873966	56.31555176	0.98723651	0.12652354524683135	0.0152561	1e-05
-0.0126	-0.3512	0.7676	-0.003560471674068432	-0.0043982297150257105	-0.0029897490086662863	1.00043845	56.41134262	1.00098448	0.14861440279371133	0.015165	3e-05
-0.0152	-0.3696	0.7517	-0.003010692959690218	-0.004295255289158045	-0.002893755899806598	0.99543488	56.12920761	0.97737359	0.07433731245527826	0.0147445	3e-05
-0.0135	-0.294	0.7895	-0.003516838442768574	-0.00451865743341332	-0.0028623399732707008	0.99109977	55.88476562	0.99064194	0.15314817769347636	0.0142546	1e-05
-0.0193	-0.2618	0.7795	-0.004237659423842232	-0.004380776422505768	-0.002813470754214859	0.97764397	55.1260376	0.98363806	0.09337856055185256	0.0149334	1e-05
-0.0162	-0.3581	0.7627	-0.0038938295611993493	-0.004328416544945937	-0.0029548424236264	1.00092077	56.43854141	1.00375697	0.1430780704807126	0.0161002	1e-05
-0.0199	-0.3581	0.764	-0.0030176742766981957	-0.004244640740850209	-0.0028605946440187057	0.97899181	55.20203781	0.97738017	0.05770894341022876	0.0154815	3e-05
-0.0186	-0.2888	0.794	-0.003497639820996636	-0.004539601384437251	-0.002900737216814576	1.02355576	57.71484756	0.99963794	0.1413534380340676	0.0151508	5e-05
-0.0175	-0.274	0.7908	-0.004420918995301637	-0.004471533543609472	-0.0029199358385865134	0.95553035	53.8791275	0.96615749	0.06962728184523595	0.0146633	1e-05
-0.0183	-0.352	0.7575	-0.004029965242854907	-0.004319689898685966	-0.0030647981665020423	0.96545589	54.43879318	0.97964787	0.14648298626428824	0.0150856	3e-05
-0.0233	-0.3648	0.7504	-0.003232349774693498	-0.0041835542170304075	-0.0029653143991383657	0.97315902	54.87314606	0.97614333	0.07656174585903222	0.0154774	3e-05
-0.0182	-0.3068	0.7802	-0.0033545228223331013	-0.004317944569433971	-0.002949606435870417	0.9999885	56.38597107	0.98958709	0.10651356816555582	0.0155444	2e-05
-0.022	-0.2375	0.7939	-0.004305727264670011	-0.004420918995301637	-0.0029722957161463434	1.01681924	57.33499908	1.00292154	0.1406434074240252	0.0153795	2e-05
-0.0187	-0.3392	0.759	-0.0040055306333269865	-0.004408701690537677	-0.0030229102644541784	0.99450439	56.07674026	1.00112701	0.1580514242207411	0.0144316	1e-05
-0.0216	-0.355	0.7439	-0.003363249468593073	-0.004223696789826277	-0.0029705503868943488	0.93331206	52.62631226	0.95102099	0.07778229715025708	0.0146185	2e-05
-0.0196	-0.3071	0.7557	-0.0031381019950858045	-0.0043982297150257105	-0.002825688058978819	0.97758913	55.12294769	0.97703436	0.08892713633111161	0.014898	3e-05
-0.025	-0.2499	0.7972	-0.004386012410261751	-0.0046251225177849735	-0.002909463863074547	1.0069921	56.78088379	0.99955198	0.1820289511015468	0.0155556	3e-05
-0.0153	-0.311	0.7742	-0.00478918346747244	-0.00478918346747244	-0.002930407814098479	0.98143172	55.33961868	0.98777884	0.1232087978961044	0.0150962	3e-05
-0.0142	-0.3663	0.7549	-0.004340633849709897	-0.004721115626644662	-0.002659881780039358	0.97718352	55.10007477	0.97475361	0.11505717463247209	0.0152513	1e-05
-0.0095	-0.3299	0.7633	-0.004225442119078272	-0.004831071369520303	-0.002583087292951608	0.96022236	54.14369202	0.97074013	0.06459709802975079	0.0147271	1e-05
-0.0174	-0.2506	0.7917	-0.0050125856117277144	-0.0049131018443640375	-0.002769837522915001	0.98299783	55.42792511	0.99308979	0.16839620987282852	0.0157778	5e-05
-0.0207	-0.347	0.7517	-0.004701917004872723	-0.004726351614400644	-0.00285012266850674	1.00242937	56.52360153	1.01127419	0.16858519912050612	0.0166995	7e-05
-0.0193	-0.3909	0.7467	-0.00326551103048139	-0.00450294947014537	-0.002509783464367846	0.98681313	55.64305496	0.99378273	0.15030736613927512	0.0168949	6e-05
-0.0264	-0.3363	0.7359	-0.0028518679977587343	-0.0042603487041181585	-0.002637192499763432	1.04057789	58.67467117	1.01867151	0.11168264170727273	0.0168065	0.00013
-0.0585	-0.3302	0.6175	0.002061233846605303	-0.004359832471481835	-0.0036704274169440743	1.23037636	69.37676239	1.18443442	0.4588910264454177	0.0191049	0.00025
-0.0393	-0.3053	0.7009	-0.00017627825445142725	-0.006209881478595825	-0.0026895523773232616	1.1054666	62.33352661	1.09417655	0.3809218073895765	0.0149555	2e-05
-0.0172	-0.2698	0.7455	-0.0014957471689591403	-0.006314601233715484	-0.0027419122548830916	0.94705123	53.40101624	0.97384562	0.17602742735936025	0.0147845	5e-05
-0.0146	-0.281	0.7497	-0.0027855454861829498	-0.006014404602372459	-0.0026302111827554544	0.94775444	53.44067001	0.96989323	0.1030848010347236	0.0146027	2e-05
-0.0342	-0.3883	0.6796	-0.002253220064324679	-0.005122541354603357	-0.0024452062820440558	0.99555588	56.1360321	1.0131032	0.27745967851693853	0.0138401	2e-05
-0.0321	-0.3983	0.687	-0.0019041542139258136	-0.005133013330115323	-0.002261946710584651	0.94185001	53.10773849	0.9616078	0.0466398698685119	0.0143672	3e-05
-0.0269	-0.358	0.699	-0.0016824973989225337	-0.005227261109723017	-0.002155481626212997	0.95860291	54.05237579	0.96697403	0.07861848394913129	0.014029	3e-05
-0.0152	-0.2765	0.7384	-0.0025028021473598684	-0.005653121447209634	-0.0022130774915288098	1.00104463	56.44552231	0.99879236	0.19778804756198817	0.0139525	3e-05
-0.0106	-0.3327	0.7296	-0.0034033920413889425	-0.0057648225193372695	-0.0023876104167282427	0.96586955	54.46212006	0.97650684	0.12894119456780703	0.0137428	3e-05
-0.0124	-0.3951	0.7168	-0.002530727415391778	-0.005626941508429718	-0.0023544491609403502	0.94743353	53.42257309	0.97026816	0.12918534463463047	0.0146463	1e-05
-0.019	-0.3633	0.7353	-0.0028326693759867967	-0.005677556056737554	-0.002141518992197042	0.96452266	54.38617325	0.97207075	0.08517433388230809	0.0149587	1e-05
-0.0198	-0.336	0.7401	-0.0028309240467348025	-0.005537929716578008	-0.0020804324683772408	0.97958106	55.23526382	0.9734176	0.0430229096615671	0.0147324	3e-05
-0.0194	-0.247	0.801	-0.003661700770684103	-0.00570024533701348	-0.002141518992197042	1.02423811	57.75332642	1.01748686	0.2030089434102288	0.0162094	2e-05
-0.014	-0.2935	0.7766	-0.0038467056713955023	-0.005633922825437696	-0.0022759093446006054	0.97426748	54.93564987	0.97826947	0.09558588823453741	0.0148444	1e-05
-0.0213	-0.3755	0.7376	-0.003267256359733385	-0.005496041814530144	-0.0023020892833805202	0.96934211	54.65792465	0.98228167	0.16547551306747915	0.0146841	1e-05
-0.0279	-0.3539	0.7272	-0.0028518679977587343	-0.005579817618625871	-0.0021223203704251047	0.9666478	54.50600052	0.96644695	0.07254665395128974	0.0147899	3e-05
-0.0198	-0.2926	0.7689	-0.0031328660073298214	-0.00574038790980935	-0.0020664698343612863	1.01407564	57.18029404	0.99740422	0.13597094184091926	0.0153021	3e-05
-0.0214	-0.3002	0.7661	-0.003944444109507185	-0.0056653387519735934	-0.0021676989309769574	0.99336725	56.01262283	0.98587359	0.06139281783143956	0.0150683	1e-05
-0.0263	-0.4012	0.7244	-0.0035412730522964946	-0.005391322059410484	-0.0021101030656611444	1.00024462	56.4004097	1.00214064	0.18433918075448055	0.0150912	3e-05
-0.0313	-0.3722	0.7329	-0.0033545228223331013	-0.0053825954131505125	-0.0020176006153054447	0.94796807	53.45271301	0.96046478	0.0568989663289532	0.0147675	2e-05
-0.0321	-0.32	0.7546	-0.0036931166972200015	-0.005630432166933707	-0.0021589722847169856	0.99748456	56.24478149	0.98608681	0.11109011490408179	0.0152858	3e-05
-0.0242	-0.2598	0.7788	-0.004295255289158045	-0.0057037359955174685	-0.0021938788697568722	1.00432146	56.63029099	0.99273423	0.12781745027808464	0.015541	2e-05
-0.0177	-0.3502	0.7411	-0.004036946559862884	-0.005585053606381855	-0.0022165681500327986	0.9960404	56.16335297	0.99778815	0.1545840199353352	0.0149942	2e-05
-0.022	-0.3731	0.7538	-0.004040437218366873	-0.005574581630869889	-0.002331759880664424	0.97045434	54.72063828	0.97160977	0.046357718232379046	0.0175936	5e-05
-0.0212	-0.3264	0.7492	-0.0036966073557239895	-0.005408775351930427	-0.002181661564992912	0.9810335	55.31716156	0.97978957	0.08508672286269287	0.0167114	1e-05
-0.0151	-0.2639	0.7841	-0.004173082241518442	-0.005644394800949661	-0.002097885760897184	1.02185607	57.61900711	1.00098819	0.14329350694547077	0.0155227	4e-05
-0.0182	-0.2775	0.756	-0.0046041785667610404	-0.00554665636283798	-0.002178170906488923	1.0163331	57.30759048	0.99610631	0.07525599544730092	0.0142943	3e-05
-0.0215	-0.3833	0.7268	-0.003975860036043083	-0.005420992656694387	-0.002145009650701031	1.01240063	57.08584595	1.01062612	0.17765717463247208	0.0144725	1e-05
-0.0356	-0.34	0.7384	-0.003918264170727269	-0.0055763269601218825	-0.0020717058221172693	0.97402078	54.92173767	0.97311453	0.08331169986635345	0.0145991	1e-05
-0.0311	-0.2842	0.7734	-0.004300491276914028	-0.005672320068981571	-0.0022008601867648495	1.02469981	57.77935791	1.00198658	0.12566872898470144	0.0151272	3e-05
-0.0276	-0.3104	0.7537	-0.0044156830075456534	-0.005628686837681713	-0.002165953601724963	1.00052655	56.41630936	0.98471846	0.059086577348568446	0.0146502	1e-05
-0.0284	-0.3791	0.7384	-0.003968878719035105	-0.005373868766890541	-0.002190388211252884	0.99123889	55.89260864	0.98678792	0.12110284844148211	0.0146323	1e-05
-0.0299	-0.3524	0.7338	-0.003607595563872279	-0.005368632779134557	-0.0020193459445574393	0.97090399	54.74599457	0.96646033	0.05967807048071268	0.0144538	3e-05
-0.0343	-0.3353	0.7415	-0.003303908274025266	-0.005503023131538122	-0.00214850030920502	1.00690651	56.77605438	0.98241357	0.057561600344907954	0.0147991	5e-05
-0.0232	-0.2677	0.7895	-0.004511676116405342	-0.0057421332390613445	-0.00217293491873294	1.05801749	59.65802765	1.01787011	0.2002656279715609	0.0154936	0.0
-0.0092	-0.3159	0.7714	-0.004630358505540956	-0.005747369226817327	-0.0022200588085367874	0.97050279	54.72337341	0.97469281	0.08885211333477219	0.0148442	1e-05
-0.014	-0.3802	0.7627	-0.004241150082346221	-0.0054157566689384045	-0.002165953601724963	1.00361216	56.59029388	0.99308972	0.11654630939427396	0.0165316	3e-05
-0.0198	-0.3679	0.7624	-0.003841469683639519	-0.005263913024014897	-0.0020472712125893483	1.00401294	56.61289597	0.97995254	0.05191032163829126	0.0163609	4e-05
-0.0212	-0.3342	0.7597	-0.0037978364523396607	-0.0053058009260627615	-0.00200363798128949	1.01071227	56.99065018	0.98249359	0.04425771823237896	0.015112	2e-05
-0.0127	-0.2957	0.794	-0.004532620067429273	-0.00564788545945365	-0.0019844393595175526	0.98456162	55.51610184	0.97940076	0.1361033385126219	0.0160903	1e-05
-0.0126	-0.3221	0.7813	-0.005049237526019596	-0.00589397688398485	-0.002050761871093337	1.00721514	56.79345703	0.99196282	0.0806515697348654	0.0162226	3e-05
-0.0122	-0.3786	0.758	-0.004380776422505768	-0.005808455750637128	-0.0019582594207376374	1.00590646	56.71966553	0.99060588	0.12252423436086247	0.0159723	3e-05
-0.0143	-0.3611	0.7634	-0.004174827570770436	-0.005651376117957638	-0.0018814649336498872	0.97767109	55.12756729	0.96588146	0.04699114857512855	0.0149488	2e-05
-0.0126	-0.3446	0.7632	-0.004199262180298357	-0.0056042522281537915	-0.0017749998492782332	0.97995132	55.25614166	0.97256978	0.027301179185170995	0.0156373	2e-05
-0.0034	-0.2992	0.7906	-0.005016076270231703	-0.005848598323432999	-0.001504473815219112	1.02059054	57.54764938	1.0010607	0.1485843109635837	0.0180867	1e-05
-0.0067	-0.3506	0.7635	-0.004707152992628707	-0.005518731094806069	-0.0015865042900628454	1.01086903	56.99948883	0.98533443	0.117841049053683	0.0176584	5e-05
-0.0051	-0.3448	0.7456	-0.004537856055185257	-0.0051783918906671755	-0.001308996938995747	0.96677864	54.51337814	0.96583698	0.06465717463247202	0.0172938	1e-05
-0.0127	-0.3297	0.7164	-0.004436626958569585	-0.004937536453891958	-0.0013194689145077131	1.02439153	57.76197815	0.99936435	0.0695278254451428	0.0143766	5e-05
0.0041	-0.2801	0.7654	-0.0052778756580308525	-0.005319763560078716	-0.0013788101090755204	1.05209076	59.32384491	1.01519927	0.1795408500107915	0.0152727	1e-05
0.0116	-0.311	0.7505	-0.005274384999526864	-0.005265658353266893	-0.0012583823906879114	0.9728114	54.85354614	0.97245251	0.06220117918517104	0.0144919	1e-05
0.01	-0.3581	0.7353	-0.004815363406252355	-0.005131268000863328	-0.0012531464029319286	0.99723172	56.23052597	0.98228175	0.09383239667170275	0.0156403	1e-05
0.0125	-0.3513	0.7437	-0.00476125819944053	-0.005101597403579425	-0.0011885692206081383	1.01534557	57.25190735	0.98353203	0.02511764932097596	0.0160152	7e-05
0.0149	-0.3389	0.7431	-0.004769984845700502	-0.00499862297771176	-0.0010803588069844899	0.98997653	55.82143021	0.96843081	0.026395574287564377	0.0146704	0.0
0.0221	-0.3253	0.7632	-0.005091125428067459	-0.00538957673015849	-0.0011257373675363424	0.98829412	55.72656631	0.97749806	0.07877364476827697	0.0161018	3e-05
0.0182	-0.2915	0.792	-0.005635668154689691	-0.005574581630869889	-0.0012130038301360591	1.01659524	57.32236862	0.99580381	0.10734070449666736	0.0169507	3e-05
0.0154	-0.3664	0.7512	-0.005037020221255636	-0.0054384459492143305	-0.0012793263417118436	1.01889586	57.45209122	1.00235937	0.15855530633326995	0.0157454	3e-05
0.0161	-0.3516	0.7425	-0.005232497097479001	-0.005340707511102648	-0.0011676252695842063	0.96386874	54.34930038	0.96447099	0.04444581932313412	0.0152671	1e-05
0.0166	-0.3346	0.7335	-0.004792674125976429	-0.005276130328778859	-0.0010733774899765126	1.0000124	56.38732147	0.98218079	0.05643239667170276	0.0152608	2e-05
0.0179	-0.3258	0.6847	-0.004537856055185257	-0.004902629868852071	-0.0011414453308042916	1.02277005	57.67054367	0.99536935	0.093719318577287	0.0135178	5e-05
0.0399	-0.2615	0.7121	-0.0058259090431570714	-0.005721189288037411	-0.0009250245035569946	1.02219141	57.63792038	1.01706647	0.22985166172022248	0.0140763	3e-05
0.0398	-0.2824	0.6975	-0.005892231554732856	-0.005710717312525446	-0.0009529497715889039	0.98761028	55.68800354	0.98103891	0.040835987755982885	0.014605	3e-05
0.0337	-0.3502	0.6981	-0.005578072289373877	-0.005625196179177724	-0.0011536626355682519	1.00063622	56.4224968	0.98816057	0.10451966313430254	0.0152485	4e-05
0.0205	-0.3165	0.6975	-0.005373868766890541	-0.0057526052145733106	-0.0013456488532876281	1.0116818	57.04531479	0.98333665	0.07367993877991501	0.0135267	2e-05
0.0398	-0.323	0.6841	-0.005839871677173027	-0.005750859885321316	-0.0010367255756846318	0.97275698	54.85047913	0.97208149	0.07803357585687379	0.0140939	5e-05
0.0402	-0.2831	0.7318	-0.006373942428283292	-0.006031857894892403	-0.0012199851471440364	1.01998568	57.51354218	0.99729301	0.13791641660703782	0.015586	3e-05
0.0345	-0.3264	0.705	-0.006049311187412347	-0.00597426202957659	-0.0012531464029319286	1.01386428	57.16837692	0.98970196	0.09656941809873261	0.0146466	2e-05
0.0294	-0.3501	0.7004	-0.005914920835008782	-0.005832890360165049	-0.0011763519158441782	0.97033578	54.71395493	0.96722133	0.05102782544514271	0.0147026	3e-05
0.0213	-0.305	0.6965	-0.005686282702997525	-0.0057368972513053606	-0.0011257373675363424	1.0051173	56.67516708	0.98498887	0.07586228945893914	0.01424	0.0
0.0278	-0.2704	0.7348	-0.006173229564303944	-0.006092944418712205	-0.0012531464029319286	1.01364756	57.15615845	0.98763746	0.12792015320544253	0.0149688	5e-05
0.0342	-0.2535	0.7236	-0.006731734924942128	-0.006080727113948244	-0.0013142329267517303	0.99565375	56.14154816	0.98104231	0.06609045946109725	0.0148847	4e-05
0.0296	-0.3652	0.6799	-0.005981243346584567	-0.005695009349257497	-0.0013735741213195373	1.01599693	57.28863525	1.01685281	0.2197775268808058	0.0142578	3e-05
0.021	-0.3497	0.6787	-0.0056042522281537915	-0.005609488215909776	-0.001308996938995747	0.9773801	55.11116028	0.97473743	0.051654471705114335	0.013945	3e-05
0.0299	-0.3241	0.7012	-0.00560774288665778	-0.005808455750637128	-0.0012304571226560022	0.99699605	56.21723557	0.97967174	0.0710499004785543	0.0139217	5e-05
0.0368	-0.2486	0.7352	-0.00645771823237902	-0.00603883921190038	-0.001186823891356144	1.03785026	58.52087021	1.00926373	0.17259960191421747	0.0145992	1e-05
0.0399	-0.275	0.7185	-0.006750933546714066	-0.005955063407804653	-0.0014451326206513049	0.95754576	53.99276733	0.96680804	0.07796499238629667	0.0153525	2e-05
0.03	-0.3671	0.6818	-0.005895722213236845	-0.005867796945204936	-0.0014573499254152652	0.99706137	56.22092056	0.99912965	0.18643475504204493	0.0158208	3e-05
0.0173	-0.3389	0.6893	-0.005281366316534841	-0.0059358647860327145	-0.0014381513036433276	1.0019275	56.49530411	0.98268968	0.08348111796508606	0.014831	4e-05
0.0209	-0.2862	0.7196	-0.00566010276421761	-0.006328563867731438	-0.0015515977050229591	1.04030442	58.65925217	1.00052718	0.13084409653805615	0.0141016	2e-05
0.0183	-0.2546	0.7195	-0.006370451769779303	-0.006323327879975456	-0.0016388641676226754	0.96585268	54.46116638	0.97212764	0.07444257279586951	0.0138652	1e-05
0.0087	-0.3426	0.6784	-0.005560618996853934	-0.006120869686744114	-0.0017226399717184032	1.02420962	57.75172043	1.01005739	0.193503338512622	0.0140662	1e-05
-0.0079	-0.3348	0.6925	-0.004988151002199794	-0.006176720222807932	-0.0017662732030182616	1.01329207	57.13611603	0.98570417	0.07209758810089088	0.0138276	3e-05
-0.0026	-0.2916	0.7199	-0.005661848093469605	-0.00637743308678728	-0.0018273597268380628	1.01794028	57.39821243	0.9888196	0.12267482395344793	0.013381	3e-05
0.0089	-0.2518	0.7521	-0.00645422757387503	-0.00641757565958315	-0.0016441001553786586	0.98135942	55.33554077	0.97725979	0.13428908123303498	0.014861	1e-05
0.0171	-0.3315	0.7172	-0.006164502918043972	-0.00641408500107916	-0.001635373509118687	1.01478326	57.22019577	1.00248177	0.137897098029751	0.0153048	3e-05
0.0104	-0.3864	0.6991	-0.005551892350593962	-0.006105161723476165	-0.0015515977050229591	1.00315821	56.56469727	0.98721299	0.12996548245743655	0.0150985	5e-05
0.0086	-0.3439	0.6985	-0.005424483315198376	-0.005895722213236845	-0.001504473815219112	1.00371468	56.59607697	0.98099651	0.06409862177193774	0.0133667	3e-05
0.0174	-0.2936	0.7313	-0.006023131248632432	-0.006140068308516051	-0.0015132004614790836	0.9765684	55.06539154	0.97517969	0.13448603374866155	0.0139251	1e-05
0.0155	-0.2554	0.7448	-0.006787585461005948	-0.006133086991508073	-0.0015428710587629874	1.00186956	56.49203873	0.9892736	0.09365530633327	0.0154348	6e-05
0.0158	-0.343	0.7068	-0.006304129258203518	-0.005956808737056647	-0.0015498523757709647	1.00379407	56.60055542	1.00107384	0.15923578871309174	0.0149035	3e-05
0.0076	-0.3352	0.7051	-0.005970771371072602	-0.005923647481268755	-0.0015184364492350666	0.9867093	55.63720322	0.96912996	0.03759675347273536	0.0136512	2e-05
0.0088	-0.3005	0.7133	-0.005965535383316617	-0.005976007358828583	-0.0015184364492350666	0.94750845	53.42679977	0.95650034	0.04697979326579078	0.0131737	4e-05
0.0166	-0.2483	0.7456	-0.006825982704549823	-0.006161012259539982	-0.0014311699866353504	1.00346673	56.5820961	0.98859522	0.14893593422721604	0.0150762	3e-05
0.0181	-0.3197	0.7104	-0.006440264939859076	-0.006061528492176306	-0.0014486232791552935	1.01430833	57.19342041	0.99997502	0.1332327412287183	0.0148861	3e-05
0.0092	-0.3483	0.6975	-0.005916666164260778	-0.0059096848472528	-0.001424188669627373	1.01272285	57.10401917	0.98680735	0.08539385150248625	0.0140141	1e-05
0.0068	-0.3199	0.6904	-0.005927138139772744	-0.005733406592801372	-0.0014416419621473165	0.96066386	54.16858673	0.96292804	0.04811017612416686	0.0132576	1e-05
0.0133	-0.2623	0.7369	-0.006932447788921477	-0.006023131248632432	-0.0014660765716752368	1.02249384	57.65496826	1.00149314	0.1765734457253857	0.0155089	3e-05
0.0123	-0.2867	0.7138	-0.006960373056953386	-0.005942846103040692	-0.0015027284859671175	1.01666236	57.32615662	0.99684441	0.0557431163957765	0.0152591	3e-05
0.0103	-0.3662	0.6962	-0.006352998477259359	-0.0059096848472528	-0.0014905111812031574	1.01271892	57.10379791	0.99862176	0.13173765701229392	0.014519	2e-05
0.0093	-0.3391	0.7003	-0.006148794954776023	-0.005813691738393112	-0.0013596114873035826	0.96380162	54.3455162	0.96531623	0.05375481626212997	0.0139583	2e-05
0.0159	-0.3132	0.72	-0.0064332836228510985	-0.006023131248632432	-0.0012880529879718153	1.00218916	56.51005936	0.98340967	0.08047433388230812	0.015011	3e-05
0.0179	-0.2551	0.7468	-0.0072850042978243315	-0.006157521601035994	-0.001356120828799594	1.02983606	58.06897354	1.00530605	0.13960894341022875	0.0157124	1e-05
0.0191	-0.3341	0.7115	-0.007127924665144842	-0.006108652381980153	-0.0013910274138394805	0.98773319	55.69493484	0.99050943	0.1275427718387609	0.0152274	1e-05
0.0113	-0.3462	0.7025	-0.006775368156241988	-0.0058869955669768725	-0.0013596114873035826	0.96409881	54.36227417	0.96459107	0.05918146252210165	0.0149447	3e-05
0.0096	-0.3099	0.7109	-0.006841690667817772	-0.00598647933434055	-0.0013788101090755204	1.00260031	56.53324127	0.98404404	0.05565024503556995	0.0153338	4e-05
0.0129	-0.237	0.751	-0.007955210730590153	-0.006314601233715484	-0.0015114551322270892	1.04090583	58.69316101	1.01521558	0.19501434926494424	0.0165141	2e-05
0.0145	-0.2958	0.7235	-0.00807912910748175	-0.006302383928951523	-0.001593485607070823	0.97963262	55.23817062	0.98022201	0.09880830782496457	0.0160791	4e-05
0.0082	-0.3594	0.7037	-0.007696902001294993	-0.006166248247295967	-0.001520181778487061	0.9716987	54.79080582	0.97927497	0.1192833308213038	0.0164122	3e-05
0.0008	-0.3125	0.7105	-0.007408922674715928	-0.006115633698988131	-0.0014957471689591403	1.00403905	56.61436462	0.99025057	0.07925142422074109	0.015823	1e-05
0.0094	-0.2496	0.7609	-0.008110545034017648	-0.00653102206096278	-0.0016022122533307947	1.02907133	58.02585602	1.00781538	0.1830737902824012	0.0170979	2e-05
0.012	-0.2909	0.7306	-0.008189084850357393	-0.006421066318087138	-0.0016999506914424768	0.98266923	55.40939713	0.9786949	0.08851169986635346	0.0162859	2e-05
0.0066	-0.3629	0.7073	-0.007862708280234455	-0.006147049625524028	-0.001574286985298885	0.98078054	55.30289841	0.98324315	0.13700284844148197	0.0166655	3e-05
0.0074	-0.3128	0.7225	-0.007883652231258387	-0.006246533392887705	-0.0014643312424232424	1.01164687	57.04335022	0.99170343	0.07761917306316256	0.0166703	3e-05
0.0091	-0.2467	0.7617	-0.008810422064067375	-0.006698573669154236	-0.0016423548261266642	1.04721224	59.04875565	1.01635652	0.18484168463894704	0.0181617	4e-05
0.0121	-0.3035	0.7359	-0.008845328649107262	-0.00654673002423073	-0.0015638150097869194	0.97440487	54.94339752	0.97328461	0.09886450231515696	0.0175043	7e-05
0.0058	-0.3241	0.7209	-0.008400269689848708	-0.006396631708559217	-0.0014346606451393388	0.97458178	54.95337296	0.96880064	0.07811558197888241	0.0174158	5e-05
0.0087	-0.2871	0.7459	-0.008656833089891874	-0.006640977803838424	-0.0014643312424232424	1.01249254	57.09103012	0.99104298	0.09142900463031384	0.0182796	5e-05
0.0043	-0.2221	0.7783	-0.009531243045141035	-0.006782349473249965	-0.0017837264955382047	1.05384636	59.42283249	1.02099363	0.16855884388878323	0.0200602	0.00011
0.0086	-0.3103	0.7394	-0.009286896949861827	-0.006572909963010645	-0.0017016960206944712	0.98224181	55.38529587	0.99226063	0.1581908040181131	0.0187925	6e-05
0.0041	-0.3245	0.73	-0.008763298174263528	-0.0065659286460026675	-0.0015917402778188286	0.97419286	54.93144226	0.97194832	0.060126791774095925	0.0186623	0.0001
0.0039	-0.3102	0.7387	-0.008546877347016231	-0.006548475353482724	-0.0015132004614790836	1.00490022	56.66292953	0.98075216	0.03882069680534936	0.0181032	7e-05
0.01	-0.2622	0.7675	-0.009311331559389747	-0.006747442888210078	-0.001500983156715123	1.02570891	57.83625793	0.99387215	0.13168195259324145	0.0189533	0.0001
0.0084	-0.2836	0.7551	-0.009562658971676932	-0.006677629718130304	-0.0014573499254152652	0.97035044	54.71478271	0.97517016	0.05363869068334078	0.0201582	0.00011
0.0082	-0.3651	0.731	-0.00898146433076282	-0.006653195108602383	-0.0014573499254152652	1.03031337	58.09588623	1.01397067	0.13608146252210163	0.0200528	0.00011
0.0132	-0.3301	0.7318	-0.0085259333959923	-0.006653195108602383	-0.0013857914260834976	1.02662623	57.88798523	0.99513187	0.0671544717051144	0.0182205	3e-05
0.0209	-0.2751	0.7658	-0.00925548102332593	-0.006843435997069766	-0.001424188669627373	0.99514014	56.11258698	0.98799497	0.14460928796724443	0.0186649	0.0001
0.0245	-0.2707	0.7553	-0.009503317777109124	-0.006904522520889568	-0.0013631021458075715	0.98272932	55.41278458	0.9753919	0.03700049007114001	0.0198045	0.00012
0.0216	-0.3403	0.7399	-0.009079202768874502	-0.006895795874629596	-0.0014276793281313615	1.02400398	57.74011993	1.00681299	0.1127709418409192	0.0198186	0.00012
0.0216	-0.3027	0.7427	-0.009105382707654418	-0.007112216701876892	-0.0012897983172238095	1.01224601	57.07713318	0.98551547	0.0594240888467382	0.0189294	0.0001
0.0244	-0.2511	0.7813	-0.009779079798924228	-0.007222172444752536	-0.0012461650859239514	0.98208922	55.37668991	0.98154182	0.1343643032722656	0.0208993	0.00017
0.0241	-0.2963	0.7568	-0.00973195590912038	-0.007265805676052394	-0.0013037609512397642	1.0006566	56.4236412	0.99001669	0.07741764932097593	0.0211851	0.00013
0.0197	-0.348	0.747	-0.00933576616891767	-0.0071069807141209106	-0.001218239817892042	1.00710678	56.78734589	0.98904363	0.09792679177409576	0.0202777	0.00013
0.0186	-0.3293	0.7464	-0.0091106186954104	-0.006977826349473328	-0.0011938052083641214	0.98029882	55.27573776	0.97044729	0.03933682238413869	0.0189359	6e-05
0.0242	-0.2973	0.7541	-0.009379399400217526	-0.0070808007753409945	-0.0012007865253720988	0.9841758	55.49434662	0.97873709	0.06423682238413847	0.0199066	0.00013
0.0224	-0.2467	0.7834	-0.01011418301530714	-0.007230899091012506	-0.001296779634231787	1.01440477	57.19885635	1.00114451	0.1307437519810407	0.0214447	0.00024
0.0111	-0.3123	0.7453	-0.009597565556716819	-0.007325146870620201	-0.001541125729510993	1.01471698	57.21646118	1.0035079	0.15776056667386107	0.0200514	6e-05
-0.0047	-0.3334	0.7492	-0.009157742585214249	-0.0072291537617605135	-0.0016074482410867775	0.96810842	54.58835983	0.97133786	0.07090692959690209	0.019347	6e-05
-0.0125	-0.3166	0.751	-0.00869523033343575	-0.007557275661135446	-0.001556833692778942	0.98585516	55.58903885	0.98145885	0.06846243497306338	0.0194607	2e-05
-0.0002	-0.2728	0.7878	-0.009405579338997442	-0.007703883318302971	-0.0015166911199830724	1.02542126	57.82003784	1.00011438	0.13775496177625426	0.0212845	0.00011
0.0031	-0.2481	0.7945	-0.009897762188059843	-0.007712609964562942	-0.001481784534943186	1.02236986	57.64797974	0.99150345	0.061490804018112986	0.0216334	0.00021
0.0051	-0.332	0.7581	-0.009813986383964116	-0.007424630637983878	-0.0014433872913993105	0.98081076	55.30460358	0.9869857	0.14280761871093337	0.0211531	0.00013
0.0039	-0.3254	0.7557	-0.009379399400217526	-0.0073897240529439915	-0.0013264502315156904	0.99740887	56.24051285	0.98117989	0.03952153143350479	0.021058	0.0001
0.0057	-0.3118	0.7716	-0.009442231253289324	-0.007506661112827611	-0.0013264502315156904	1.01093376	57.00313568	0.98398338	0.040288445647770815	0.0209962	0.00019
0.0124	-0.2596	0.8046	-0.010309659891530504	-0.007661995416255106	-0.0013840460968315032	1.00732732	56.7997818	0.9908565	0.14591794034922445	0.0219403	0.00028
0.0178	-0.3142	0.7732	-0.010163052234362981	-0.007586946258419349	-0.001281071670963838	0.97683102	55.0802002	0.97725492	0.10763156204354726	0.0220436	0.00025
0.0136	-0.3563	0.7653	-0.009838420993492036	-0.0075886915876713455	-0.0013177235852557187	1.00514948	56.67698288	0.98752324	0.07235142422074115	0.0222527	0.00021
0.0101	-0.3034	0.7755	-0.009820967700972091	-0.0074455745890078095	-0.0013439035240356337	1.03184557	58.18228149	0.99541763	0.07593751149816975	0.0211481	0.00019
0.0229	-0.2392	0.8268	-0.010498155450745892	-0.007775441817634738	-0.0012723450247038664	0.99839514	56.29612732	0.99778228	0.18223067388662487	0.0230037	0.00048
0.0151	-0.2008	0.8153	-0.011140436615479804	-0.007426375967235872	-0.001473057888683214	1.0042851	56.62823868	0.99800529	0.11730299395560621	0.0243759	0.0005
-0.0185	-0.2661	0.8334	-0.008494517469456403	-0.006921975813409511	-0.0019373154697137059	1.13959181	64.25772858	1.15732028	0.2977288440440127	0.0214682	0.00021
-0.0421	-0.3496	0.9517	-0.004202752838802345	-0.0066881016936422705	-0.0021223203704251047	1.26383448	71.26335144	1.28386564	0.4609321825566348	0.0273731	0.00058
-0.0274	-0.4739	0.968	0.0001972222054753592	-0.006105161723476165	-0.0004939281783143952	1.19755971	67.5263443	1.21894905	0.4858653603277258	0.0355712	0.00264
-0.072	-0.5902	0.8379	0.0017941984710501708	-0.006286675965683575	0.0004363323129985824	1.08724856	61.3062706	1.09999738	0.4264375499547599	0.0360513	0.00602
-0.0557	-0.5858	0.6574	0.0010925761117484504	-0.006370451769779303	0.0007033676885537148	1.0982846	61.92855835	1.10346107	0.25382167694762886	0.0288618	0.00421
-0.0423	-0.4661	0.5507	0.0003054326190990077	-0.005979498017332573	0.0007627088831215222	1.04569376	58.96313858	1.0576562	0.301671921983199	0.0218477	0.00186
-0.0275	-0.399	0.5126	-0.00039095375244672985	-0.006805038753525891	0.0010943214410004448	1.00310361	56.56162262	1.0135729	0.21267698328089893	0.020448	0.0015
-0.0178	-0.331	0.5025	-0.0008813912722571365	-0.00753807703936351	0.0009040805525330626	1.01907146	57.46199417	1.01077353	0.15848583470577035	0.0191798	0.00107
-0.0174	-0.2943	0.456	-0.001054178868204575	-0.007693411342791005	0.0007033676885537148	1.02872145	58.00612259	1.00891173	0.11004173816771402	0.0185463	0.0006
-0.0131	-0.2566	0.449	-0.0009616764178488756	-0.007728317927830892	0.0007086036763096977	0.99078637	55.86709595	0.98005768	0.05563225115757851	0.0178285	0.00064
-0.0142	-0.2422	0.4475	-0.0012845623294678264	-0.007873180255746421	0.0007714355293814937	1.00990319	56.9450264	0.99261192	0.04352900463031379	0.0177059	0.00052
-0.0129	-0.2234	0.4342	-0.001843067690106012	-0.007890633548266364	0.0010890854532444615	1.07320547	60.514431	1.03139317	0.07808042885105484	0.0187278	0.00051
-0.0414	-0.2408	0.1969	-0.0017296212887263805	-0.007093018080104955	0.0011693705988362008	1.31028402	73.88248444	1.2727465	0.33276735075663894	0.0282668	0.00104
-0.0931	-0.2497	0.1127	-0.003502875808752619	-0.005489060497522166	-0.0003193952531149623	1.26798582	71.49743652	1.27249569	0.38809889772800954	0.0311767	0.00093
-0.093	-0.1829	0.1279	-0.003593632929856324	-0.005721189288037411	-0.0005218534463463045	1.14763713	64.71138	1.10711459	0.10836720524251461	0.0337023	0.0012
-0.072	-0.2541	-0.1759	-0.0008185594191853405	-0.007126179335892847	-0.0011798425743481666	1.52704561	86.10494232	1.49428743	0.637902634326414	0.0591996	0.00999
-0.0974	-0.2275	-0.0124	-0.0008569566627292158	-0.006871361265101675	-0.0005532693728822024	1.30762553	73.73258209	1.32133793	0.26148942579005047	0.044461	0.00373
-0.1118	-0.1445	0.0816	-0.0022776546738526	-0.006761405522226033	-0.0003682644721708035	1.0717299	60.43122864	1.08527955	0.2771829327355213	0.0383954	0.00218
-0.1169	-0.1473	0.1165	-0.0028518679977587343	-0.007094763409356949	-0.0003298672286269283	0.96851408	54.61123657	0.98276212	0.09009842272904629	0.0353156	0.00215
-0.1128	-0.1314	0.0869	-0.0028623399732707008	-0.006778858814745977	-0.0004049163864626844	0.96552885	54.44290924	0.98331858	0.06967128639793475	0.0369928	0.00212
-0.1053	-0.1616	0.0684	-0.002935643801854462	-0.006656685767106373	-0.0001937315469713706	0.96002293	54.13244629	0.9794143	0.07653308578573394	0.0383568	0.00227
-0.0926	-0.1421	0.0762	-0.004105014400690663	-0.006789330790257941	-9.42477796076938e-05	0.97506887	54.98083878	0.99792876	0.11007496946757224	0.0385498	0.00287
-0.0924	-0.1414	0.0684	-0.004469788214357478	-0.006944665093685436	-0.000153588974175501	0.93737322	52.85530853	0.97231714	0.03767246558310588	0.0395958	0.00321
-0.1022	-0.1503	0.081	-0.004255112716362175	-0.007276277651564359	-4.363323129985824e-05	0.94604975	53.34454727	0.96984743	0.06411218993749343	0.0390732	0.00362
-0.103	-0.1609	0.0809	-0.00434586983746588	-0.007372270760424048	-3.141592653589793e-05	0.96499097	54.41257858	0.97850622	0.02144837673636772	0.0395123	0.00368
-0.1061	-0.1764	0.0686	-0.004565781323217166	-0.007541567697867498	-4.363323129985824e-05	0.96530551	54.43031311	0.97397525	0.05097128639793487	0.040837	0.00416
-0.1025	-0.1372	0.0805	-0.005185373207675152	-0.007452555906015787	-0.00020420352248333657	0.96858799	54.61540222	0.97976293	0.0981586983746588	0.0409334	0.00439
-0.1084	-0.1794	0.0592	-0.005492551156026155	-0.007372270760424048	-7.330382858376184e-05	0.94279099	53.16079712	0.97253589	0.09531813939211584	0.0416585	0.00496
-0.1086	-0.1977	0.0701	-0.005478588522010201	-0.007239625737272479	-0.0002181661564992912	0.93810105	52.89634705	0.96239319	0.04397349925415257	0.0403437	0.00459
-0.1029	-0.162	0.0955	-0.0057142079710294355	-0.007164576579436722	-0.00048520153205442357	0.96505582	54.41623688	0.97835866	0.09568519912050617	0.0391142	0.00404
-0.1063	-0.1421	0.0912	-0.006056292504420323	-0.00705462083656108	-0.0004991641660703782	0.96116489	54.19683838	0.97326922	0.0509001455141242	0.0396355	0.00406
-0.1089	-0.131	0.0792	-0.006276203990171609	-0.0072291537617605135	-0.00033684854563490564	0.96675009	54.51176834	0.97574922	0.053538001569309594	0.04052	0.00457
-0.1058	-0.116	0.0753	-0.006138322979264057	-0.007319910882864217	-0.00017104226669544429	0.937527	52.86397934	0.96085645	0.041722220547535854	0.0400809	0.00433
-0.0986	-0.0639	0.0778	-0.00631285590446349	-0.007569492965899406	-0.0002652900463031381	0.96898484	54.63777924	0.99150155	0.08771813939211581	0.0409	0.00484
-0.1032	-0.1327	0.0484	-0.006445500927615059	-0.007655014099247129	-0.0002478367537831948	0.98027653	55.27447891	1.00155444	0.11458097245096176	0.0413244	0.00533
-0.0732	-0.1738	0.1708	-0.008653342431387885	-0.00800582527889799	0.0005166174585903216	1.08684063	61.28326797	1.07795921	0.35965534478986017	0.036831	0.00467
-0.0612	-0.1246	0.1976	-0.009398598021989465	-0.008086110424489729	0.0007086036763096977	1.01455176	57.20714569	1.02036202	0.13887634769563476	0.0369979	0.00482
-0.0754	-0.1627	0.1843	-0.00998153799215557	-0.008363617775556827	0.00037524578917878077	0.96243358	54.2683754	0.97758679	0.12529026041820604	0.0373596	0.00566
-0.0854	-0.1432	0.1749	-0.009885544883295882	-0.008246680715673206	0.00021118483949131387	0.95392519	53.78861618	0.96474216	0.05774955592153883	0.0378963	0.00602
-0.121	-0.1551	0.1754	-0.009077457439622507	-0.007988371986378046	-0.0002443460952792061	0.99585468	56.15287781	0.99518357	0.12409635538695268	0.0362983	0.00517
-0.1276	-0.1248	0.1811	-0.009243263718561968	-0.008009315937401978	-0.0003595378259108319	0.97553873	55.00733185	0.9779944	0.057697098029750954	0.0363047	0.0051
-0.1228	-0.0843	0.1841	-0.009388126046477499	-0.007979645340118073	-0.0005410520681182421	0.97969085	55.24145508	0.97712051	0.0661023583703423	0.036404	0.00539
-0.1236	-0.158	0.1182	-0.008969247025998859	-0.007752752537358812	-0.0004956735075663896	0.96940136	54.66126633	0.99908895	0.1749575191894877	0.038671	0.00611
-0.1026	-0.1688	0.1332	-0.008974483013754843	-0.007569492965899406	-3.490658503988659e-05	0.96158284	54.22040558	0.97851563	0.07926312408709466	0.0378243	0.00546
-0.1197	-0.1254	0.1022	-0.00783303768295055	-0.007117452689632876	-0.00042236967898262774	1.02529788	57.81308365	1.03429057	0.19054743505067823	0.0396682	0.00504
-0.1223	-0.1213	0.0666	-0.006558947328994691	-0.006918485154905522	-0.0005462880558742252	1.00723362	56.79449844	1.03615523	0.12214881327874053	0.0390355	0.004
-0.1116	-0.0871	0.0892	-0.006993534312741278	-0.006627015169822469	-0.00039095375244672985	0.94310069	53.1782608	0.97638579	0.1115695636128568	0.0375003	0.00366
-0.1033	-0.048	0.0992	-0.008096582400001693	-0.006869615935849681	-0.00040666171571467877	0.9381969	52.90175247	0.97545124	0.1254678408277788	0.0391569	0.00467
-0.1058	-0.0666	0.0414	-0.007145377957664784	-0.006529276731710787	-0.00026878070480712676	0.98140216	55.33795166	1.01217562	0.1503712328691677	0.0412203	0.00477
-0.1045	-0.206	0.0141	-0.007070328799829028	-0.006606071218798537	-0.00018500490071139895	1.05111217	59.26866531	1.07301261	0.17978097245096164	0.040972	0.005
-0.1011	-0.1488	0.0389	-0.007661995416255106	-0.006609561877302526	-0.00015533430342749534	0.98126775	55.33037186	0.98455966	0.11664139361069852	0.0405898	0.00509
-0.0971	-0.0744	0.0735	-0.008056439827205825	-0.006593853914034577	-0.00032637657012293966	0.96906972	54.64256668	0.98784282	0.14205973204570552	0.0407686	0.00506
-0.0906	-0.0561	0.0952	-0.008628907821859965	-0.006632251157578452	-0.0003106686068549907	0.98433918	55.50355911	0.99244703	0.07782866007329821	0.0406471	0.00527
-0.1001	-0.1742	0.0435	-0.008587019919812101	-0.006709045644666203	-0.00024609142453120044	1.02984095	58.0692482	1.05062079	0.1884629785729703	0.0419942	0.00622
-0.1045	-0.1657	0.0435	-0.008449138908904549	-0.006799802765769907	-4.363323129985824e-05	0.99004048	55.8250351	0.98605405	0.034454816262129956	0.0422685	0.00588
-0.0958	-0.0864	0.0755	-0.008621926504851989	-0.007098254067860938	-0.0002897246558310587	1.02951384	58.05080414	1.01599963	0.15586651612848357	0.0406746	0.00596
-0.1012	-0.0391	0.0886	-0.009370672753957556	-0.007087782092348972	-0.0005497787143782138	0.96917444	54.64847183	0.98878408	0.11676361415823441	0.0420749	0.00688
-0.1034	-0.14	0.0366	-0.009032078879070655	-0.006906267850141561	-0.0002199114857512855	1.01272202	57.10396957	1.03114361	0.197598767286062	0.04346	0.00733
-0.1037	-0.1567	0.0386	-0.008683013028671789	-0.006848671984825749	-0.00011519173063162575	0.97495902	54.97464371	0.97918825	0.044569073541716894	0.0426207	0.00656
-0.1017	-0.0847	0.0525	-0.008740608893987603	-0.006956882398449398	-0.000153588974175501	0.99671072	56.20114899	1.00011703	0.09811017612416689	0.0427892	0.00649
-0.0955	-0.0364	0.0935	-0.009583602922700864	-0.0071715578964447	-0.0004328416544945937	0.99407476	56.05251694	0.99449878	0.16234611035138277	0.0423794	0.00711
-0.0988	-0.1352	0.0472	-0.00955044166691297	-0.007194247176720626	-0.0003525565089028545	0.98664099	55.63335037	1.01629606	0.15520678408277788	0.0434164	0.00783
-0.0974	-0.1609	0.0421	-0.009152506597458265	-0.0071715578964447	-0.00019896753472735358	0.94724697	53.41205597	0.96786887	0.06091066619530665	0.0429509	0.00737
-0.097	-0.1201	0.0512	-0.009245009047813963	-0.007101744726364926	-0.00019547687622336493	0.98253334	55.4017334	0.98497961	0.058590313946973054	0.0430395	0.0072
-0.0932	-0.0559	0.091	-0.01019097750239489	-0.007202973822980598	-0.00034906585039886593	1.00469816	56.65153122	1.00361891	0.167839326268605	0.0427985	0.00785
-0.096	-0.1056	0.0411	-0.009892526200303859	-0.00713141532364883	-0.0002373647782712288	0.97255081	54.83885193	0.98971595	0.1264855436775218	0.044287	0.00812
-0.1013	-0.149	0.0375	-0.009567894959432915	-0.007127924665144842	-0.0001012290966156711	0.97702897	55.091362	0.97630815	0.07551287905152448	0.0437486	0.00778
-0.1029	-0.121	0.041	-0.009405579338997442	-0.0072082098107365804	-6.632251157578452e-05	0.94830966	53.47197723	0.95800215	0.04697536755335494	0.0439977	0.008
-0.1059	-0.0876	0.0563	-0.00932005820564972	-0.007148868616168773	-0.00015184364492350666	0.99989831	56.38088608	0.9891916	0.06321917306316255	0.0440017	0.00779
-0.1017	-0.0566	0.0817	-0.010171778880622952	-0.007271041663808378	-0.0002652900463031381	1.000103	56.39242935	0.99319407	0.11496700619962338	0.0442783	0.00838
-0.1015	-0.1287	0.0483	-0.010012953918691468	-0.00732863752912419	-6.632251157578452e-05	0.9979443	56.27070618	0.99764942	0.12646941809873247	0.0445905	0.00875
-0.1005	-0.1424	0.052	-0.009873327578531921	-0.007291985614832309	-5.759586531581287e-05	0.94280213	53.16142654	0.95760216	0.027650245035569922	0.0437862	0.00829
-0.0975	-0.1085	0.0694	-0.009838420993492036	-0.007356562797156099	-7.504915783575618e-05	0.98984051	55.81375885	0.9849223	0.060146852994180926	0.0437009	0.00823
-0.0967	-0.0641	0.1014	-0.010700613643977234	-0.007511897100583594	-0.00033335788713091696	1.01718247	57.35548401	1.00819908	0.1409917841603927	0.0438538	0.00887
-0.0919	-0.1226	0.0638	-0.010737265558269114	-0.0075886915876713455	-0.0001972222054753592	0.99080062	55.86789703	0.99998338	0.11337910415175947	0.0446435	0.00934
-0.098	-0.1563	0.0673	-0.01067443370519732	-0.007824311036690578	-0.0001064650843716541	0.96148902	54.21511459	0.97142052	0.06276042115973662	0.0444066	0.00937
-0.1033	-0.1098	0.0789	-0.010653489754173387	-0.007946484084330182	-0.00017278759594743863	0.97604215	55.03571701	0.98001915	0.07387197551196602	0.0446985	0.0094
-0.0997	-0.0677	0.1149	-0.011534881026430523	-0.008086110424489729	-0.000317649923862968	1.00780571	56.82675552	0.99723455	0.13999399701661058	0.045005	0.00999
-0.0997	-0.0997	0.0916	-0.011494738453634653	-0.00817512221634144	-0.00015533430342749534	0.97804546	55.14867783	0.97925934	0.06987349925415266	0.0451981	0.01038
-0.1064	-0.1457	0.0878	-0.011257373675363426	-0.00808261976598574	-0.00015184364492350666	0.96169448	54.22669983	0.9695762	0.07316789435654579	0.0441167	0.00997
-0.1046	-0.1086	0.0929	-0.011095058054927952	-0.008080874436733746	-0.00012042771838760874	0.97728437	55.10576248	0.97670014	0.0537738438111682	0.0446764	0.00987
-0.106	-0.0621	0.1186	-0.01196423202242113	-0.008061675814961809	-0.0003473205211468716	1.01183259	57.05381775	1.00304417	0.12936326960121883	0.0454509	0.01063
-0.1201	-0.1171	0.0777	-0.011992157290453038	-0.008047713180945854	-0.0004572762640225143	0.99732447	56.23575592	1.002226	0.11759218224617532	0.0462681	0.01149
-0.1145	-0.1445	0.0795	-0.011676252695842066	-0.008246680715673206	-0.0003089232776029963	0.95551145	53.87805939	0.96798722	0.0679612557878921	0.0455959	0.01114
-0.1088	-0.0982	0.0854	-0.011428415942058871	-0.008124507668033604	-0.00029845130209103034	0.98337799	55.44935989	0.98558679	0.07692408884673815	0.0460062	0.01092
-0.1052	-0.059	0.1118	-0.012208578117700335	-0.00823620874016124	-0.0003892084231947355	1.01364756	57.15616226	1.0032212	0.11833101844364025	0.0464816	0.01141
-0.0929	-0.1072	0.0828	-0.012224286080968285	-0.008285077959217083	-0.00019896753472735358	0.99672759	56.20209885	0.99382839	0.10224090353955877	0.0467322	0.01193
-0.0982	-0.1483	0.0712	-0.011925834778877254	-0.008419468311620645	-0.0001675516081914556	0.95555109	53.8802948	0.96811037	0.08121287905152456	0.0465819	0.01158
-0.1029	-0.1177	0.0738	-0.01156978761147041	-0.008241444727917224	-6.108652381980153e-05	0.99113959	55.88701248	0.98501718	0.06992679177409597	0.0466077	0.01106
-0.1028	-0.0766	0.0956	-0.0122190500932123	-0.008382816397328765	-0.0001186823891356144	1.01521397	57.24448395	0.99807076	0.10541150082346216	0.0468287	0.01178
-0.1006	-0.0626	0.094	-0.012623966479674986	-0.008518952078984322	-0.00041015237421866745	0.98715049	55.66207886	0.98487457	0.05942610266006486	0.0478585	0.0128
-0.1	-0.1602	0.0586	-0.011801916401985656	-0.008313003227248992	-0.00042236967898262774	0.99676156	56.20401382	1.01120113	0.18561081170943103	0.0468955	0.01173
-0.105	-0.126	0.064	-0.011637855452298188	-0.008342673824532893	-0.0002740166925631097	0.99508941	56.10972977	0.98529168	0.06170422666954441	0.0471691	0.01187
-0.1033	-0.0748	0.1046	-0.011917108132617283	-0.00832871119051694	-0.0005410520681182421	1.00585389	56.71670151	1.00086527	0.12151253449450904	0.0458894	0.01103
-0.1008	-0.0427	0.1162	-0.012676326357234815	-0.008412486994612669	-0.0006824237375297829	0.99098325	55.87819672	0.99150651	0.09541828490624008	0.0468678	0.01214
-0.1016	-0.1599	0.0654	-0.012290608592544069	-0.008428194957880617	-0.0005078908123303499	1.00513566	56.67620087	1.02634127	0.19759793265790632	0.0471752	0.01254
-0.107	-0.146	0.07	-0.01200088393671301	-0.00842121364087264	-0.0004380776422505767	0.96532518	54.43142319	0.97180557	0.04222595714594048	0.0466719	0.01219
-0.1039	-0.0941	0.0901	-0.01222254075171629	-0.008531169383748283	-0.0005585053606381855	0.99443614	56.07289124	0.99484866	0.09770201381332659	0.0463024	0.01175
-0.1056	-0.047	0.1123	-0.013042845500153624	-0.008517206749732328	-0.0006806784082777885	0.99592966	56.15710831	0.9992148	0.1188220215046446	0.0472145	0.01305
-0.1055	-0.1451	0.0759	-0.01273043156404664	-0.008396779031344719	-0.0006544984694978735	0.9974913	56.24516296	1.01001689	0.1575510796637254	0.0470204	0.01281
-0.1103	-0.1597	0.0626	-0.012217304763960306	-0.00830427658098902	-0.0005323254218582705	0.95863122	54.05397415	0.97055397	0.06909011490408172	0.0480629	0.01264
-0.1156	-0.0964	0.0879	-0.012329005836087944	-0.00840899633610868	-0.0006946410422937432	1.01906323	57.46152878	1.00708959	0.11283682238413847	0.0481263	0.01243
-0.1112	-0.0453	0.0908	-0.01304110017090163	-0.008609709200088028	-0.0007068583470577034	1.01813293	57.40907669	1.00993031	0.10465122517784972	0.0489757	0.01391
-0.1084	-0.1415	0.0508	-0.01257684258987114	-0.00853815070075626	-0.0006440264939859076	1.0171864	57.35570145	1.01863368	0.16893239667170268	0.0485219	0.01359
-0.1098	-0.1356	0.0553	-0.012192870154432385	-0.008548622676268226	-0.0005759586531581287	0.95458788	53.82598495	0.96664092	0.03492561258892495	0.0480868	0.0128
-0.1079	-0.0777	0.0832	-0.012308061885064012	-0.008632398480363955	-0.0006771877497737998	1.00964844	56.93066025	1.00113177	0.10270983156715131	0.0480689	0.01299
-0.1112	-0.0505	0.0903	-0.013119639987241376	-0.00846135621366851	-0.0008429940287132613	1.01233816	57.0823288	0.99910509	0.09502133239061354	0.0494092	0.01408
-0.1132	-0.1407	0.0535	-0.012629202467430968	-0.00856258531028418	-0.0006824237375297829	1.00617886	56.7350235	1.01106257	0.16661184538047782	0.0488486	0.01362
-0.1147	-0.1342	0.0589	-0.012386601701403757	-0.008522442737488312	-0.0006894050545377602	0.94359952	53.20638657	0.95497085	0.0278862327915528	0.0482196	0.01297
-0.1145	-0.0829	0.0834	-0.01244070690821558	-0.008422958970124635	-0.0008272860654453122	0.99246728	55.96187592	0.9920491	0.09057349925415265	0.0478664	0.01274
-0.1212	-0.0451	0.1111	-0.013203415791337103	-0.00854164135926025	-0.0010681415022205296	0.99702346	56.21878433	0.99487678	0.12831233545161774	0.0483916	0.01358
-0.1218	-0.1267	0.066	-0.01273915821030661	-0.00840550567760469	-0.0009285151620609833	0.99678439	56.20530319	1.01105136	0.16430098014227995	0.0491601	0.01331
-0.125	-0.149	0.0679	-0.012447688225223557	-0.008436921604140588	-0.0008307767239493009	0.97390527	54.91522598	0.97540039	0.04843121748653163	0.0485416	0.01267
-0.1226	-0.0956	0.0887	-0.012360421762623844	-0.008508480103472356	-0.0009459684545809266	0.95298427	53.73556137	0.97426216	0.09030083462815533	0.0481791	0.01239
-0.119	-0.0451	0.1176	-0.0129573243668059	-0.008473573518432469	-0.001054178868204575	0.98333722	55.44706345	0.99124059	0.12000098014227964	0.0479131	0.01315
-0.1141	-0.1249	0.0801	-0.012889256525978124	-0.008506734774220362	-0.0008848819307611251	0.99046761	55.84912109	1.00544098	0.135726301702956	0.0482538	0.01318
-0.1202	-0.1668	0.0573	-0.01259778654089507	-0.00849800812796039	-0.0007278022980816354	0.96933711	54.65764236	0.97949215	0.09366381320112578	0.0484897	0.01317
-0.1175	-0.0983	0.0808	-0.012655382406210884	-0.0085259333959923	-0.0008569566627292158	1.00562441	56.70375824	0.99965985	0.10543377489976519	0.0480205	0.01256
-0.1159	-0.0593	0.1033	-0.013306390217204766	-0.008634143809615948	-0.0009512044423369096	0.95657706	53.9381485	0.97463537	0.10577330021126116	0.0488234	0.01373
-0.1136	-0.1446	0.0561	-0.0127426488688106	-0.008466592201424492	-0.000804596785169386	0.99746555	56.24370956	1.00950948	0.17869503068765727	0.0490007	0.01393
-0.1163	-0.1401	0.06	-0.012648401089202907	-0.008573057285796147	-0.0007679448708775049	0.98042488	55.28284454	0.97642109	0.02296823891356148	0.0490832	0.01349
-0.1178	-0.0855	0.0837	-0.012774064795346497	-0.00872315560146766	-0.0008237954069413235	1.00429535	56.62882233	1.00078289	0.09638062789394605	0.0490674	0.01325
-0.1191	-0.0349	0.1128	-0.01356469894649993	-0.008611454529340022	-0.0010629055144645468	0.9759323	55.02952194	0.98704841	0.13807226654021473	0.0498988	0.01444
-0.1126	-0.1223	0.0674	-0.01301317490286972	-0.008635889138867942	-0.000853466004225227	0.98772854	55.69467163	1.00561154	0.17856990816987245	0.0498152	0.01425
-0.1199	-0.1515	0.0639	-0.01275137551507057	-0.008660323748395862	-0.0007696902001294993	0.98232073	55.3897438	0.98219965	0.05850049007113989	0.049365	0.0138
-0.1196	-0.116	0.0764	-0.012922417781766015	-0.008709192967451705	-0.0007906341511534313	0.99044031	55.84757996	0.98620115	0.06034277183876098	0.0493022	0.01365
-0.1161	-0.0484	0.1262	-0.013850932943826999	-0.00880518607631139	-0.0010506882097005862	1.01264024	57.0993576	1.00933766	0.18512811647339128	0.0495647	0.01476
-0.1144	-0.0966	0.0927	-0.013796827737015176	-0.008798204759303414	-0.0010088003076527223	0.94980109	53.55607224	0.97451212	0.0885487212933832	0.0497708	0.01506
-0.1178	-0.165	0.0738	-0.01326275698590491	-0.008813912722571364	-0.0007888888219014368	0.97091877	54.74682617	0.98692967	0.12918451000647505	0.0494727	0.01438
-0.1159	-0.1214	0.0742	-0.01339889266756047	-0.008958775050486893	-0.000705113017805709	0.98741406	55.67694092	0.98477609	0.06413869068334081	0.050379	0.01476
-0.1173	-0.0576	0.1042	-0.014147638916666034	-0.008984954989266809	-0.0007993607974134029	1.00772583	56.82225037	1.0059701	0.13865869837465872	0.0510239	0.01561
-0.1036	-0.0807	0.1004	-0.014700908289548238	-0.009143779951198293	-0.000890117918517108	0.96605277	54.47245026	0.97934444	0.0807425727958697	0.0518011	0.01666
-0.1034	-0.1523	0.065	-0.014290755915329568	-0.00914727060970228	-0.0007976154681614085	0.96336681	54.32099915	0.98628482	0.13250727415391783	0.0524834	0.01674
-0.114	-0.1182	0.0647	-0.013969615332962612	-0.009105382707654418	-0.001001818990644745	0.9799152	55.25410461	0.98216333	0.07336160034490778	0.052794	0.01664
-0.1153	-0.0505	0.1087	-0.014953981031087414	-0.009012880257298716	-0.0011885692206081383	1.0233463	57.70303726	1.01759927	0.17618091892219487	0.0533227	0.01745
-0.1116	-0.0897	0.0801	-0.015039502164435139	-0.00905825881785057	-0.0011885692206081383	0.98054177	55.28943634	0.99067554	0.07804498469497893	0.0536313	0.01783
-0.1139	-0.169	0.0747	-0.014501940754820884	-0.00914727060970228	-0.0010576695267085637	0.98594069	55.59386444	0.99873702	0.124873644768277	0.0521283	0.01662
-0.1109	-0.1195	0.0771	-0.014154620233674012	-0.009115854683166382	-0.0009250245035569946	0.96543813	54.43779373	0.9784399	0.08046907354171699	0.05216	0.01641
-0.1096	-0.0507	0.1263	-0.015027284859671178	-0.009374163412461545	-0.0012688543661998775	1.02719772	57.92020416	1.0163888	0.19304016089676057	0.0527967	0.01769
-0.1274	-0.0763	0.1109	-0.015282102930462348	-0.00965865208053662	-0.0016877333866785165	0.99455053	56.07934189	0.99796072	0.10670928796724416	0.0537675	0.01818
-0.1253	-0.1615	0.0813	-0.014978415640615335	-0.009395107363485476	-0.0012845623294678264	1.00904334	56.8965416	1.01261513	0.16542015320544234	0.0534782	0.01747
-0.1217	-0.1154	0.0966	-0.014763740142620033	-0.00930784090088576	-0.0012897983172238095	0.95769048	54.00092697	0.97248051	0.08035889741755006	0.0534272	0.01715
-0.1384	-0.0386	0.1248	-0.015147712578058786	-0.009323548864153708	-0.0013753194505715315	1.00983465	56.94116211	1.01023274	0.14596007660272112	0.0548063	0.01805
-0.1334	-0.1377	0.0889	-0.015027284859671178	-0.009197885158010117	-0.0014311699866353504	1.01325333	57.13393021	1.02000367	0.15509709802975083	0.0545223	0.01735
-0.13	-0.1559	0.0776	-0.014779448105887983	-0.009334020839665676	-0.0012880529879718153	0.99143845	55.903862	0.98522203	0.05925447170511449	0.0524743	0.0173
-0.1241	-0.1054	0.0977	-0.014741050862344108	-0.009435249936281346	-0.0012863076587198209	0.9646498	54.39334106	0.97851466	0.08356858347057698	0.051988	0.01702
-0.1188	-0.0362	0.1368	-0.01522625239439853	-0.009370672753957556	-0.0013700834628155487	1.0021311	56.50678253	1.00694851	0.14527772592369695	0.0527582	0.0179
-0.1156	-0.0993	0.0968	-0.015325736161762207	-0.009354964790689606	-0.0013439035240356337	1.00436544	56.63277435	1.00811201	0.1133685834705771	0.0540472	0.01828
-0.1221	-0.1461	0.0761	-0.015170401858334712	-0.009478883167581205	-0.0012130038301360591	0.98406422	55.48805618	0.98572044	0.09450761871093342	0.0542702	0.0181
-0.1204	-0.1083	0.0935	-0.015109315334514912	-0.009494591130849153	-0.001254891732183923	0.98205686	55.37486649	0.97974668	0.06283411945678063	0.0540821	0.01804
-0.1178	-0.0613	0.1271	-0.015505505074717624	-0.00951378975262109	-0.0013857914260834976	0.97843385	55.170578	0.98739767	0.11051440279371116	0.0541987	0.018
-0.1165	-0.0917	0.1145	-0.015913912119684296	-0.009527752386637046	-0.0014451326206513049	0.99094486	55.87602997	0.99359823	0.06838554367752173	0.055639	0.01922
-0.1207	-0.1635	0.0904	-0.015683528658421046	-0.00952600705738505	-0.0013596114873035826	0.98943901	55.79112244	1.00057507	0.11598249619314847	0.0552902	0.01872
-0.1201	-0.1178	0.1013	-0.01541125729510993	-0.009649925434276646	-0.0013578661580515882	0.9955982	56.13841629	0.99031274	0.07709675347273531	0.0545428	0.01845
-0.1174	-0.0561	0.137	-0.015699236621688994	-0.009719738604356421	-0.0015847589608108511	0.97826153	55.16086197	0.99289774	0.12933426497090508	0.0536203	0.01838
-0.114	-0.0934	0.1072	-0.015545647647513493	-0.009632472141756703	-0.0015446163880149814	0.97679347	55.07808304	0.98496045	0.0845499004785544	0.0547866	0.01912
-0.1205	-0.1385	0.0922	-0.015470598489677736	-0.00966737872679659	-0.001481784534943186	0.98355633	55.45941544	0.98694669	0.07523937979737201	0.0545432	0.01862
-0.1214	-0.1076	0.0935	-0.015449654538653804	-0.00967436004380457	-0.0013648474750595659	0.99199706	55.93535995	0.98106984	0.04034311639577655	0.0547768	0.01859
-0.111	-0.0645	0.1315	-0.015627678122357228	-0.00982445835947608	-0.0014067353771074296	0.98271233	55.41182709	0.98673435	0.11000049007113992	0.0532941	0.01842
-0.1049	-0.0684	0.1327	-0.01610938899590766	-0.009831439676484059	-0.0013055062804917586	0.96376306	54.34334183	0.97352554	0.040696064358704154	0.0547693	0.0194
-0.1066	-0.1584	0.1008	-0.015788248413540706	-0.009827949017980071	-0.001335176877775662	1.00796866	56.83594894	1.01215332	0.14131509190774227	0.0549895	0.01906
-0.1109	-0.1547	0.0929	-0.015814428352320622	-0.009915215480579786	-0.0011885692206081383	0.99026287	55.83757401	0.9843156	0.028902702927357728	0.0546435	0.01882
-0.1099	-0.1171	0.1177	-0.015779521767280733	-0.010081021759519247	-0.0011850785621041497	0.99276978	55.97893143	0.98747156	0.07361017612416695	0.0536854	0.01872
-0.1098	-0.0738	0.1421	-0.01614953156870353	-0.010248573367710704	-0.0011152653920243766	0.96793789	54.5787468	0.97979209	0.09816872898470136	0.0542762	0.0195
-0.1048	-0.1307	0.1191	-0.015947073375472187	-0.010252064026214692	-0.0011152653920243766	0.99934584	56.34973526	0.99693491	0.09519744258676655	0.0544363	0.01939
-0.1097	-0.1534	0.1054	-0.015926129424448255	-0.010183996185386913	-0.0010192722831646884	0.98893714	55.7628212	0.98094141	0.05055024503556995	0.0545973	0.01954
-0.1104	-0.1289	0.1108	-0.015926129424448255	-0.010168288222118963	-0.0010925761117484504	0.99337912	56.01329041	0.98476716	0.035050589592585606	0.0538926	0.01921
-0.1076	-0.0699	0.1514	-0.016271704616343134	-0.010262536001726656	-0.0012531464029319286	0.99259013	55.96880341	0.99596101	0.1324196631343025	0.0545018	0.01956
-0.1525	-0.0814	0.1654	-0.016320573835398977	-0.009939650090107706	-0.0018064157758141308	1.02297521	57.68211365	1.0088453	0.11665122517784976	0.0537485	0.01929
-0.1374	-0.1453	0.1107	-0.015695745963185005	-0.010250318696962697	-0.001520181778487061	1.0265379	57.88299942	1.01749174	0.1947865238198017	0.0540859	0.01914
-0.1333	-0.1299	0.1365	-0.016037830496575894	-0.009915215480579786	-0.0013421581947836393	0.98531866	55.5587883	0.98507784	0.08806056667386115	0.0533545	0.01888
-0.1207	-0.0584	0.1674	-0.016317083176894984	-0.010273007977238624	-0.0009180431865490173	1.01630509	57.30600739	1.01541166	0.16805800926062744	0.0542913	0.01978
-0.1414	-0.1325	0.1365	-0.015381586697826025	-0.01102524488484818	-0.0015184364492350666	1.04581499	58.9699707	1.04713169	0.24010633246822824	0.0529991	0.0189
-0.1365	-0.1681	0.0899	-0.01505695545695508	-0.01069014166846527	-0.0010873401239924673	1.01327753	57.13529587	1.01113188	0.1416415391248228	0.0533286	0.01862
-0.1318	-0.1216	0.1004	-0.015393804002589986	-0.010379473061610278	-0.0010402162341886204	0.96744436	54.55091858	0.98080536	0.09643205211468724	0.0539334	0.01957
-0.1276	-0.0435	0.1275	-0.015692255304681015	-0.010236356062946742	-0.0012199851471440364	1.01991916	57.50979614	1.0175047	0.14046686068549907	0.0548661	0.02008
