trans_x	trans_y	trans_z	rot_x	rot_y	rot_z	dvars_std	dvars_nstd	dvars_vstd	framewise_displacement	aqi	aor
0.0	-0.0	0.0	-0.0	0.0	-0.0	n/a	n/a	n/a	n/a	0.133512	0.09471
0.0022	-0.0266	-0.0053	-0.0002181661564992912	-1.9198621771937625e-05	4.71238898038469e-05	0.985982	48.0668335	1.07478796	0.04832443340375379	0.132307	0.0906
0.006	0.004	-0.0099	-0.0002443460952792061	-7.330382858376184e-05	0.00015009831567151235	1.02183414	49.81463242	1.10280145	0.04816297857297023	0.131781	0.08829
-0.0021	0.063	0.035	-0.0006981317007977319	6.283185307179586e-05	0.00014486232791552936	1.04294002	50.84355164	1.14488741	0.14175786374650332	0.133501	0.08785
-0.0	0.0179	0.0404	-0.0010716321607245184	0.00018151424220741024	0.00012042771838760874	1.17855096	57.45461273	1.24226276	0.07843087292951607	0.132585	0.08706
-0.0007	-0.0796	0.0033	-0.0006667157742618339	0.0001256637061435917	0.00011519173063162575	1.30819643	63.77485657	1.38412161	0.15860014551412427	0.132138	0.08663
0.0048	-0.0393	-0.0083	-0.0005288347633542819	4.18879020478639e-05	0.0001064650843716541	1.15223706	56.17180252	1.24713739	0.06891917306316257	0.132635	0.08543
0.0104	0.0341	0.0263	-0.0009704030641088471	0.00015707963267948963	0.00016406094968746698	1.04645979	51.01514053	1.16550499	0.14431779483510015	0.133889	0.08567
0.0133	0.0424	0.0399	-0.001192059879112127	0.0003961897402027128	0.00012217304763960306	1.00770998	49.12607956	1.10207663	0.04993274122871834	0.131996	0.08605
0.0117	-0.0534	0.0195	-0.0010367255756846318	0.00031415926535897925	0.00012217304763960306	1.07458615	52.38630295	1.19231441	0.12966823891356144	0.131383	0.08662
0.0127	-0.044	0.0058	-0.0011187560505283654	0.00029321531433504735	0.000153588974175501	0.98734337	48.1332016	1.08488375	0.030819517620178177	0.129059	0.08551
0.0129	-0.0111	-0.0149	-0.0011798425743481666	0.00033684854563490564	0.00013788101090755203	1.07958913	52.63019943	1.18114545	0.05982138591938042	0.126285	0.08342
0.0117	0.0719	0.004	-0.0014346606451393388	0.0003630284844148205	0.00012740903539558605	1.14900553	56.01426697	1.24310907	0.11767349925415264	0.126724	0.08194
0.0214	0.0363	-0.0097	-0.0015079644737231008	0.0005288347633542819	0.00014486232791552936	1.09757161	53.5068512	1.1741154	0.07182817000215834	0.126004	0.08065
0.0198	-0.0624	-0.0467	-0.0012479104151759456	0.00042935099599060504	9.773843811168246e-05	1.11619294	54.41464233	1.22820768	0.15763308578573393	0.12518	0.0798
0.0269	-0.0375	-0.0784	-0.0011938052083641214	8.203047484373349e-05	-9.42477796076938e-05	1.11953759	54.57769394	1.19692172	0.09337059728390362	0.123676	0.07706
0.037	0.0202	-0.0817	-0.001186823891356144	0.00014311699866353502	-3.490658503988659e-05	1.15236986	56.17827606	1.22995824	0.07747045176977929	0.123123	0.07521
0.0312	0.0716	-0.0513	-0.0017296212887263805	0.0003577924966588376	-0.0001186823891356144	1.15647101	56.37820816	1.24274926	0.12966243497306332	0.12318	0.07477
0.031	0.0524	-0.0681	-0.0019722220547535923	0.00042760566673861073	-0.000296705972839036	1.1018492	53.71538544	1.17725276	0.06072187599052032	0.12137	0.07308
0.0309	-0.0351	-0.0818	-0.0018884462506578647	0.0004415683007545654	-0.00017627825445142725	1.1155287	54.38226318	1.2014708	0.11220830782496453	0.121363	0.07391
0.038	0.02	-0.0856	-0.001858775653373961	0.0005131268000863328	-6.806784082777885e-05	1.07003343	52.16436005	1.14277396	0.07647197551196595	0.121137	0.07307
0.0412	0.0344	-0.0939	-0.002033308578573394	0.0005585053606381855	2.4434609527920616e-05	1.10151458	53.69906998	1.16600273	0.04152069680534924	0.120017	0.07195
0.0386	0.0849	-0.0817	-0.0023230332344044524	0.0007487462491055673	7.155849933176751e-05	1.13352466	55.25956726	1.20064971	0.09165447170511437	0.119742	0.07058
0.0366	0.0649	-0.0752	-0.0027035150113392165	0.000783652834145454	6.45771823237902e-05	1.07630837	52.47026443	1.14910588	0.0496184839491314	0.120047	0.07001
0.0379	-0.0138	-0.1034	-0.0024137903555081575	0.0007923794804054256	6.632251157578452e-05	1.06041443	51.69543076	1.14909081	0.12320983156715123	0.119842	0.0699
0.0363	0.0013	-0.1152	-0.0023404865269243957	0.0007138396640656808	8.552113334772214e-05	1.07171679	52.24642181	1.14326414	0.03705211333477221	0.118813	0.0697
0.0405	0.0058	-0.1431	-0.0022846359908605773	0.0005410520681182421	9.250245035569947e-05	1.07524478	52.41841507	1.1494341	0.04838097245096173	0.117037	0.06762
0.0397	0.0378	-0.1417	-0.002324778563656447	0.000466002910282486	-1.0471975511965975e-05	1.0722245	52.27117538	1.14175491	0.045108307824964576	0.116022	0.06746
0.0387	0.1032	-0.1184	-0.0025080381351158514	0.0005131268000863328	-5.235987755982989e-05	1.07913327	52.60797882	1.15968222	0.10331356816555572	0.117717	0.06745
0.0389	0.0597	-0.1245	-0.002754129559647052	0.0006318091892219474	3.316125578789226e-05	1.06188154	51.76695251	1.13779524	0.07231474735072686	0.115457	0.06642
0.033	-0.0185	-0.1599	-0.0023876104167282427	0.0006108652381980154	8.726646259971648e-06	1.03237832	50.32866287	1.13432347	0.14009488517353308	0.114976	0.06699
0.0309	0.0229	-0.1687	-0.0023020892833805202	0.0005323254218582705	-2.6179938779914945e-05	1.03840077	50.62225723	1.11373432	0.0622483767363677	0.114469	0.06601
0.0307	0.0393	-0.1799	-0.002462659574563999	0.00045553093477052	-9.075712110370512e-05	1.08784223	53.03253937	1.16306033	0.042897098029750995	0.11245	0.06493
0.0274	0.0812	-0.1716	-0.002708750999095199	0.0004380776422505767	-0.00017802358370342162	1.11490321	54.35176849	1.18898452	0.071040558982543	0.113118	0.06446
0.0234	0.1102	-0.164	-0.003152064629101759	0.0005532693728822024	-0.00018151424220741024	1.08085024	52.69168091	1.15413614	0.06869980095710873	0.11258	0.06284
0.0278	-0.0206	-0.1818	-0.0029880036794142917	0.0006527531402458793	-0.00010821041362364843	1.10601461	53.9184494	1.21962635	0.16984242728174523	0.111882	0.06386
0.0291	-0.0196	-0.1803	-0.003001966313430246	0.0006440264939859076	-0.00012217304763960306	1.04466069	50.92743301	1.11845612	0.005632595714594044	0.111834	0.06398
0.0339	0.0249	-0.184	-0.0029722957161463434	0.0006702064327658224	-8.37758040957278e-05	1.05401802	51.38360214	1.1321531	0.05771238898038464	0.110933	0.06283
0.035	0.1005	-0.1452	-0.003295181627765294	0.0008011061266653974	-3.665191429188092e-05	1.06354439	51.84801483	1.15414395	0.1405454747661186	0.112275	0.06309
0.0269	0.082	-0.1392	-0.003417354675404897	0.0007644542123735164	-7.853981633974481e-05	1.03427148	50.42095566	1.11305838	0.042635643198967406	0.112122	0.06345
0.0232	-0.0126	-0.1675	-0.003003711642682241	0.0007417649320975902	-0.00014486232791552936	1.02410984	49.92557144	1.13028951	0.15173274122871835	0.111799	0.06444
0.027	0.0176	-0.1841	-0.0029897490086662863	0.0006387905062299246	-0.00017104226669544429	1.00123477	48.81040955	1.08278136	0.05775584993317676	0.110767	0.06259
0.0302	0.06	-0.1853	-0.003270747018237374	0.0006370451769779302	-6.45771823237902e-05	1.03790283	50.59798431	1.12676864	0.06626042115973678	0.108887	0.06075
0.0362	0.1192	-0.1596	-0.0034295719801688577	0.0008203047484373349	3.4906585039886588e-06	1.06117165	51.73234558	1.15074841	0.11140761871093335	0.110156	0.06166
0.0332	0.0089	-0.1778	-0.003384193419617005	0.0009546951008408983	-3.665191429188092e-05	1.05115366	51.24396515	1.15722708	0.14249557428756426	0.109616	0.06165
0.0269	-0.0379	-0.1879	-0.00334579617607313	0.0007766715171374765	-0.0001884955592153876	1.00114286	48.80593109	1.08903676	0.08161322360854018	0.109393	0.06208
0.0331	0.007	-0.1863	-0.0033527774930811067	0.000853466004225227	-4.71238898038469e-05	1.03663588	50.53622055	1.11885484	0.06395737367536342	0.108959	0.06177
0.0405	0.0631	-0.1511	-0.0036425021489121657	0.0009494591130849152	6.981317007977319e-05	1.09179747	53.22536087	1.17324863	0.12383274122871835	0.110216	0.06184
0.0431	0.1027	-0.1387	-0.003855432317655474	0.0010873401239924673	9.948376736367679e-05	1.03725398	50.56635284	1.12546733	0.07362408884673823	0.111368	0.06159
0.0405	-0.0173	-0.1607	-0.003600614246864302	0.0009896016858807848	8.37758040957278e-05	1.05644989	51.5021553	1.172536	0.1630132236085402	0.110471	0.06245
0.0395	-0.0057	-0.1642	-0.0034993851502486306	0.0009407324668249436	3.490658503988659e-05	1.03182065	50.30147552	1.10825771	0.026048376736367684	0.110567	0.06231
0.0459	0.0055	-0.1745	-0.003447025272688801	0.0010122909661567112	1.7453292519943294e-06	1.06696618	52.01482773	1.13977571	0.035753981633974447	0.109684	0.06172
0.0482	0.0507	-0.164	-0.0033772121026090277	0.0009965830028887623	5.235987755982988e-06	1.06598139	51.96681976	1.15281639	0.06245058959258553	0.110794	0.06121
0.0466	0.109	-0.1198	-0.004063126498642799	0.0010210176124166828	0.00012740903539558605	1.07578719	52.44485474	1.16129628	0.14572610266006475	0.110894	0.06199
0.0475	-0.0075	-0.1389	-0.003829252378875559	0.001064650843716541	0.00015184364492350666	1.10158443	53.7024765	1.19758186	0.1515970980297509	0.110981	0.06192
0.048	-0.0351	-0.1577	-0.003518583772020568	0.0010105456369047167	0.0001884955592153876	1.00733221	49.1076622	1.09164656	0.0669712863979348	0.110432	0.0623
0.0488	-0.0051	-0.1734	-0.0034697145529647274	0.0010367255756846318	0.0001937315469713706	1.05590236	51.47546387	1.12785623	0.05051425727958692	0.108569	0.06171
0.05	0.0435	-0.16	-0.003597123588360313	0.0010314895879286487	0.00017802358370342162	1.0640614	51.87321854	1.13990494	0.07061764932097588	0.108092	0.06078
0.0498	0.0387	-0.152	-0.0040229839258469294	0.0011536626355682519	0.00023911010752322313	1.00610971	49.04806137	1.08969167	0.04345599544730106	0.107365	0.06049
0.051	-0.0435	-0.1658	-0.0035447637108004834	0.0010803588069844899	0.00022165681500327985	1.02014911	49.73248672	1.12481077	0.12564886680750756	0.108094	0.06234
0.0494	-0.0276	-0.1761	-0.0035465090400524776	0.0010925761117484504	0.00026878070480712676	1.00932443	49.20478058	1.08976988	0.03085432619099008	0.107739	0.06202
0.0508	0.0102	-0.1873	-0.0036459928074161546	0.0010506882097005862	0.0003473205211468716	1.0624094	51.79268265	1.13999333	0.06139557428756428	0.106743	0.06061
0.0565	0.0746	-0.1614	-0.00404741853537485	0.0011519173063162574	0.00045553093477052	1.0997721	53.6141243	1.18142837	0.12654326190990076	0.107028	0.05926
0.0589	0.0344	-0.165	-0.004258603374866164	0.0011746065865921838	0.00042236967898262774	1.0440383	50.89709091	1.12192029	0.05955176877775664	0.106164	0.05968
0.0598	-0.0665	-0.183	-0.004098033083682686	0.001228711793404008	0.0003822271061867582	1.073313	52.32423782	1.17341759	0.13254090353955855	0.106188	0.06013
0.0593	-0.015	-0.1885	-0.004014257279586958	0.0011309733552923255	0.00035430183815484887	1.03526223	50.46925354	1.11495893	0.06797197551196599	0.106877	0.0593
0.0606	0.0358	-0.1858	-0.003900810878207326	0.0011344640137963143	0.00043458698374658803	1.04707646	51.04520416	1.12517779	0.064661110273768	0.107972	0.0586
0.0597	0.082	-0.1656	-0.004197516851046362	0.0011519173063162574	0.0005131268000863328	1.04558229	50.97236252	1.1294765	0.08693495408493618	0.108601	0.05844
0.0554	-0.0011	-0.1684	-0.004272566008882118	0.0010000736613927507	0.00039793506945470715	1.04034925	50.71725082	1.13703315	0.10730422666954444	0.10807	0.05945
0.0546	-0.0783	-0.2003	-0.0038693949516714287	0.0009581857593448868	0.00038397243543875244	1.04195249	50.79540634	1.13817577	0.1328510796637254	0.10699	0.06004
0.0581	-0.0384	-0.2226	-0.0038117990863556156	0.0009512044423369096	0.00041015237421866745	1.03933156	50.66763306	1.11415502	0.07023785605518525	0.105512	0.05791
0.0658	0.0266	-0.221	-0.0038100537571036214	0.0009145525280450286	0.000439822971502571	1.08661044	52.97249222	1.16868127	0.07770339204138893	0.104802	0.05652
0.0774	0.0821	-0.1716	-0.004365068459237818	0.0010681415022205296	0.0006492624817418905	1.11636114	54.42284393	1.2007494	0.16240215932745083	0.105727	0.05757
0.0831	-0.0091	-0.198	-0.00428129265514209	0.0012217304763960308	0.0006632251157578452	1.06587088	51.96143341	1.16259597	0.1358663706143592	0.104019	0.0576
0.0817	-0.0576	-0.2067	-0.004251622057858187	0.001239183768915974	0.0006789330790257941	1.03012443	50.21878433	1.11784172	0.06174159265358973	0.105205	0.05804
0.0782	0.0047	-0.2279	-0.004150392961242515	0.0011780972450961724	0.0006318091892219474	1.06493711	51.91591263	1.14601298	0.09747197551196596	0.104683	0.05654
0.0772	0.0514	-0.2173	-0.0043929937272697275	0.0012025318546240932	0.0006422811647339132	1.07915974	52.60926819	1.15584854	0.07217536755335492	0.104215	0.05553
0.0776	0.0532	-0.2016	-0.004843288674284265	0.001270599695451872	0.0006562437987498679	1.05593204	51.47691345	1.13045897	0.04451627109291353	0.103294	0.0549
0.0759	-0.0605	-0.2314	-0.004717624968140673	0.0013980087308474581	0.0006527531402458793	1.08199728	52.74760056	1.18530009	0.15802817000215835	0.102804	0.05573
0.0753	-0.0611	-0.2531	-0.004560545335461182	0.001382300767579509	0.0006370451769779302	1.02793562	50.11207962	1.10662011	0.03232477796076942	0.102629	0.05503
0.0806	-0.0126	-0.2611	-0.00456752665246916	0.0014346606451393388	0.0006702064327658224	1.01417887	49.44143677	1.09560628	0.06642512251778497	0.101826	0.05348
0.0796	0.0538	-0.224	-0.005016076270231703	0.0014416419621473165	0.0006283185307179585	1.04398203	50.89434433	1.13687579	0.1293709418409192	0.101186	0.05322
0.0779	0.0181	-0.229	-0.005026548245743668	0.001553343034274953	0.0006527531402458793	1.01817763	49.63637924	1.10204409	0.04973038285837614	0.101188	0.0526
0.0734	-0.0562	-0.2487	-0.004968952380427856	0.0016004669240788003	0.0005707226654021458	1.0230279	49.87282944	1.1207152	0.10783751149816961	0.100063	0.05312
0.0779	-0.0053	-0.2589	-0.0050230575872396805	0.0015498523757709647	0.0005567600313861911	1.0413748	50.76724625	1.11933921	0.07153411945678072	0.098797	0.05149
0.0783	0.048	-0.2316	-0.005068436147791533	0.001439896632895322	0.0005375614096142535	1.09179783	53.22537613	1.16485426	0.08972664625997166	0.0997431	0.05171
0.0772	0.0818	-0.2012	-0.005473352534254217	0.0014643312424232424	0.000635299847725936	1.08611786	52.9484787	1.16273013	0.09165447170511433	0.100904	0.05217
0.0824	-0.0099	-0.212	-0.0055431657043339905	0.001621410875102732	0.000726056968829641	1.05553138	51.4573822	1.15256386	0.1235824961931484	0.0998982	0.05213
0.0784	-0.0364	-0.2252	-0.005398303376418462	0.0017051866791984597	0.0007452555906015787	1.01497316	49.48015594	1.0985039	0.05609183768915973	0.0999991	0.05213
0.0796	0.0149	-0.2421	-0.005614724203665758	0.0016493361431346415	0.0007819075048934597	1.04881418	51.12991714	1.12541738	0.08484616388014975	0.0993559	0.05076
0.0827	0.0342	-0.23	-0.005958554066308641	0.001553343034274953	0.0007749261878854823	1.06878161	52.10333252	1.14112256	0.056840214425527454	0.0984696	0.0501
0.0835	0.0731	-0.1975	-0.006382669074543263	0.001504473815219112	0.0006649704450098395	1.07395327	52.35544968	1.15587741	0.10134699850830528	0.0984844	0.05045
0.0869	-0.0367	-0.2145	-0.006375687757535285	0.0014957471689591403	0.000752236907609556	1.06551921	51.94429016	1.16336078	0.13534872129338327	0.0978096	0.05097
0.0843	-0.0443	-0.2212	-0.006270968002415626	0.0013753194505715315	0.0008237954069413235	1.02598214	50.0168457	1.09695008	0.031735298641951785	0.0979217	0.05124
0.0786	-0.0006	-0.2252	-0.006141813637768045	0.0012356931104119853	0.000726056968829641	1.0536077	51.36360168	1.13011463	0.07172595714594046	0.0986369	0.05099
0.0764	0.0823	-0.1986	-0.006380923745291268	0.0012775810124598492	0.00062482787221397	1.07158113	52.23980713	1.15923303	0.1308113553093379	0.0992621	0.05014
0.0795	0.0215	-0.2012	-0.006447246256867054	0.0013281955607676848	0.0006318091892219474	1.0541153	51.38834381	1.13270351	0.07269591884457993	0.0985718	0.05049
0.0737	-0.0695	-0.2266	-0.006201154832335853	0.0013142329267517303	0.000614355896702004	1.03298759	50.35836792	1.14025203	0.13607536755335492	0.0982688	0.05144
0.0685	-0.0113	-0.225	-0.0061959188445798695	0.0011135200627723821	0.00046949356878647465	1.0066371	49.07377625	1.09520084	0.08254055898254306	0.0978259	0.05023
0.0655	0.0809	-0.1957	-0.006382669074543263	0.0009948376736367678	0.0004014257279586958	1.04133105	50.76511383	1.14263287	0.14317502299633933	0.0988104	0.05018
0.0702	0.0696	-0.184	-0.006508332780686855	0.0011938052083641214	0.00046949356878647465	0.99652869	48.58098602	1.08237035	0.04733495408493625	0.0987314	0.05057
0.0711	-0.0406	-0.2124	-0.006363470452771325	0.0011606439525762293	0.0004415683007545654	1.05302632	51.33525848	1.15791227	0.14979744258676655	0.0979878	0.05074
0.0541	-0.0216	-0.2547	-0.00645422757387503	0.0009965830028887623	0.00017976891295541595	0.98726869	48.12955856	1.08492016	0.10413087292951605	0.0954691	0.04836
0.0454	0.0391	-0.2684	-0.006752678875966061	0.000757472895365539	4.363323129985824e-05	1.0079006	49.13536835	1.11154318	0.11678485456349064	0.0939699	0.04549
0.0477	0.1078	-0.2598	-0.0069865529957333005	0.0006492624817418905	4.886921905584123e-05	1.0050323	48.99554062	1.10802684	0.09696602605734361	0.0940465	0.04507
0.0421	-0.0158	-0.2961	-0.0068329640215578	0.000460766922526503	-7.330382858376184e-05	1.06830287	52.0799942	1.18253158	0.18871287905152456	0.0926654	0.04495
0.0395	-0.0164	-0.3201	-0.006649704450098395	0.0003298672286269283	-1.5707963267948964e-05	0.98301589	47.92223358	1.06846055	0.04578775653373964	0.0926275	0.04444
0.0462	0.046	-0.317	-0.006628760499074463	0.0003001966313430247	7.67944870877505e-05	1.01241994	49.35569	1.10370296	0.07935584993317676	0.0922759	0.0439
0.0528	0.1236	-0.2728	-0.00701447826376521	0.00040840704496667313	5.4105206811824215e-05	1.0595057	51.65112686	1.15758443	0.15423087292951612	0.0931081	0.04407
0.0573	0.0693	-0.2764	-0.007129669994396836	0.0004974188368183839	0.00020594885173533088	1.00199211	48.847332	1.09302663	0.08020235837034213	0.0928877	0.04396
0.0544	-0.0514	-0.3082	-0.006745697558958083	0.00048345620280242926	0.00023911010752322313	1.09078813	53.17615509	1.19733572	0.17695481626212997	0.093424	0.04509
0.0524	0.0136	-0.3258	-0.006265732014659643	0.0004380776422505767	0.00017453292519943296	1.01810551	49.63286209	1.11422498	0.11409606435870415	0.0931561	0.04479
0.0459	0.0435	-0.3226	-0.005815437067645105	0.0003001966313430247	-9.773843811168246e-05	1.01453245	49.45867538	1.11609236	0.08262236606166022	0.0952153	0.04639
0.0529	0.1298	-0.2894	-0.006822492046045835	0.0005166174585903216	9.42477796076938e-05	1.06576192	51.95611954	1.17720229	0.19727310116837013	0.0937282	0.04374
0.0515	-0.0004	-0.3217	-0.006759660192974038	0.0006597344572538566	0.00013962634015954637	1.08874249	53.07643127	1.20187065	0.17646637061435927	0.0917936	0.04372
0.0513	-0.0063	-0.3325	-0.0069464104229374326	0.0006736970912698113	0.00022863813201125715	0.99259412	48.38917542	1.07402025	0.031386232791553045	0.0918516	0.04272
0.0502	0.0362	-0.3404	-0.006681120376634293	0.0005707226654021458	0.00023212879051524583	0.97122848	47.34759521	1.05751035	0.07008775653373966	0.0924677	0.04221
0.0543	0.0982	-0.3029	-0.006921975813409511	0.0005969026041820607	0.0003193952531149623	1.0500375	51.18955231	1.14003191	0.12131509190774244	0.0930242	0.0426
0.0577	0.0942	-0.2772	-0.007363544114164076	0.0009861110273767962	0.00048520153205442357	1.03300107	50.35902023	1.10527976	0.08292915014443808	0.092797	0.0431
0.0584	-0.0095	-0.2955	-0.007009242276009227	0.001048942880448592	0.0006230825429619757	1.03074551	50.24906158	1.13411287	0.15045073510670984	0.0933521	0.04416
0.0606	-0.0047	-0.3036	-0.006796312107265919	0.0008587019919812101	0.0006003932626860494	1.00332105	48.91211319	1.0784099	0.03639301687433083	0.0930777	0.0442
0.0617	0.0239	-0.2956	-0.006883578569865635	0.0006073745796940267	0.0004799655442984406	1.0385958	50.63176727	1.11342008	0.06065107966372543	0.0928854	0.04429
0.0611	0.0839	-0.2553	-0.007449065247511799	0.000705113017805709	0.0005619960191421741	1.08642876	52.96363449	1.17261306	0.1381627795300789	0.0935082	0.04435
0.0703	0.0125	-0.2427	-0.006747442888210078	-0.0003665191429188092	0.0009232791743050004	1.04739261	51.06061554	1.17069172	0.19992688375945328	0.0967373	0.04864
0.0482	-0.0099	-0.3221	-0.007332128187628178	2.96705972839036e-05	0.0006422811647339132	1.05456066	51.41005707	1.2141059	0.186993652459595	0.091692	0.04326
0.0533	0.0145	-0.386	-0.008028514559173916	0.0004625122517784973	0.0006876597252857658	1.02191603	49.81862259	1.1638641	0.1521303293296092	0.0858824	0.03782
0.0719	0.1258	-0.3565	-0.008330456519768934	0.0004206243497306334	0.0011798425743481666	1.07527113	52.41969681	1.18208397	0.2012006355852642	0.0861863	0.03733
0.0585	0.1368	-0.3455	-0.008730136918475635	0.0008604473212332044	0.000926769832808989	1.0223043	49.83755112	1.11318369	0.09002880558742249	0.0855633	0.03621
0.0622	0.0328	-0.3445	-0.008794714100799426	0.0011449359893082802	0.0009616764178488756	1.07015741	52.17040253	1.16450442	0.12789862177193767	0.0847805	0.03663
0.0735	0.0297	-0.3487	-0.008923868465447005	0.001117010721276371	0.0009930923443847736	0.98145747	47.84626007	1.06340682	0.028024777960769343	0.0844908	0.03611
0.0674	0.0635	-0.3573	-0.00903731486682664	0.000879645943005142	0.0009162978572970229	0.99443477	48.47890854	1.08195355	0.06988028333693068	0.0830244	0.03496
0.0528	0.1258	-0.3164	-0.00973195590912038	0.0010210176124166828	0.0007941248096574199	1.03422177	50.41853333	1.13709421	0.1657092879672442	0.083665	0.03568
0.0595	0.0534	-0.3371	-0.010136872295583067	0.0016074482410867775	0.0009162978572970229	1.03551984	50.48181534	1.14402995	0.1554760031386192	0.081025	0.03383
0.0645	-0.0258	-0.3772	-0.009909979492823802	0.001780235837034216	0.0009721483933608416	1.0351119	50.46192551	1.13280146	0.14707654673852605	0.0798254	0.03296
0.0733	0.0148	-0.4041	-0.00993266877309973	0.001595230936322817	0.001069886831472524	0.99759227	48.63283539	1.08273814	0.09157163095495052	0.0787089	0.03118
0.076	0.1272	-0.3739	-0.010260790672474662	0.0016702800941585732	0.001117010721276371	1.0834024	52.81609726	1.18656919	0.16781474735072668	0.0790864	0.03117
0.0786	0.0802	-0.3778	-0.010524335389525807	0.0017296212887263805	0.0012077678423800758	1.00168645	48.83242798	1.08899082	0.07418215163613288	0.07798	0.03055
0.1011	0.017	-0.3952	-0.010393435695626231	0.001726130630222392	0.001408480706359424	0.99339038	48.42799377	1.08482472	0.11985516081914555	0.0776604	0.03035
0.0952	0.0585	-0.4087	-0.0102799892942466	0.0018081611050661253	0.001377064779823526	1.05515921	51.43923569	1.1285006	0.07224464013796307	0.0774596	0.03002
0.0939	0.103	-0.4014	-0.010583676584093616	0.0018552849948699724	0.0013735741213195373	1.09888577	53.57091904	1.16581325	0.07081509190774257	0.0768923	0.02905
0.0962	0.1544	-0.3688	-0.011156144578747754	0.001895427567665842	0.0014782938764391971	1.09613347	53.43674088	1.17423898	0.12216651612848337	0.0768725	0.02938
0.095	0.0491	-0.3852	-0.011274826967883369	0.0020280725908174107	0.0014172073526193955	1.05078053	51.22577286	1.14582006	0.1385206968053492	0.075643	0.02895
0.0924	0.014	-0.4008	-0.011018263567840202	0.0018483036778619948	0.0013177235852557187	1.025226	49.9799881	1.10445231	0.08009080401811297	0.0760849	0.02932
0.0935	0.0419	-0.4183	-0.011007791592328238	0.0019093902016817967	0.0013159782560037243	1.05444074	51.40420914	1.12328948	0.05016519142918805	0.0754305	0.02794
0.0957	0.0964	-0.4076	-0.01098510231205231	0.0017086773377024485	0.0014416419621473165	1.04505086	50.94645309	1.12251066	0.08485329251994342	0.0749579	0.02786
0.0863	0.1677	-0.3883	-0.011236429724339494	0.002253220064324679	0.0013683381335635543	1.05996525	51.67353058	1.15275888	0.14345869837465888	0.0750595	0.0277
0.1359	0.0004	-0.4467	-0.011677998025094059	0.0025603980126756814	0.001947787445225672	1.20909488	58.94363403	1.30655171	0.3417097780383843	0.0736173	0.0258
0.1536	0.062	-0.4769	-0.011602948867258303	0.0021275563581810873	0.002239257430308725	1.03768158	50.58719635	1.1219072	0.14946803987067014	0.0711213	0.02396
0.1471	0.1427	-0.5321	-0.01192408944962526	0.002319542575900464	0.0021519909677090087	1.06940913	52.13392258	1.1853711	0.17241966313430243	0.0675791	0.02108
0.1342	0.1775	-0.6247	-0.012877039221214163	0.0014643312424232424	0.001839577031602023	1.13490522	55.32686996	1.33696884	0.2463287520586556	0.0609284	0.01497
0.0901	0.2189	-0.9546	-0.015039502164435139	0.0033283428835531865	0.0010035643198967395	1.71372247	83.54433441	2.30082836	0.6585243648028101	0.045559	0.00491
0.1622	0.1525	-1.1135	-0.017807594358098144	0.0031084313978019013	0.002478367537831948	1.47870409	72.08714294	1.84564706	0.5205403448674749	0.0324622	0.00098
0.1455	0.358	-1.0862	-0.018851301250790754	0.0036843900509600297	0.00233001455141243	1.19373834	58.19499969	1.28033252	0.3379009266135127	0.0316072	0.00052
0.1477	0.4501	-1.0487	-0.01948660109851669	0.004073598474154764	0.0024242623310201236	1.04330647	50.86141586	1.13129239	0.1877378025264184	0.0337721	0.0006
0.1464	0.3113	-1.1054	-0.018938567713390468	0.0042603487041181585	0.0024748768793279594	1.08249104	52.77166748	1.17314178	0.23606990816987253	0.0304683	0.00039
0.1447	0.3507	-1.1195	-0.019074703395046026	0.004180063558526419	0.002570869988187647	1.01754928	49.60574722	1.08605821	0.07082069680534922	0.0316033	0.00057
0.1375	0.3937	-1.1234	-0.019467402476744753	0.004436626958569585	0.0026302111827554544	1.03605568	50.50793457	1.10420332	0.089530183815485	0.0310865	0.00051
0.128	0.4581	-1.076	-0.020408134943569696	0.004436626958569585	0.0024870941840919192	1.0475564	51.06859589	1.12212891	0.1754924732744238	0.0314242	0.00043
0.1364	0.2991	-1.0924	-0.020430824223845623	0.004790928796724435	0.002541199390903744	1.13153577	55.16261292	1.20116793	0.2053548162621301	0.0262932	0.00023
0.1536	0.313	-1.0894	-0.021149899875667285	0.004174827570770436	0.0029845130209103033	1.15932465	56.51732635	1.21316961	0.12302452538911118	0.0270148	0.00045
0.1538	0.4301	-1.1018	-0.020640263734084945	0.004651302456564888	0.0027628562059070234	1.19601476	58.30597687	1.24823525	0.19008839211900355	0.0298069	0.00023
0.1596	0.3872	-1.1041	-0.02080083402526842	0.004766494187196514	0.0028361600344907856	1.04257202	50.8256073	1.10288423	0.06845329251994338	0.0280936	0.00026
0.1592	0.4068	-1.0856	-0.021174334485195206	0.0048415433450322695	0.0028640853025226946	1.01234126	49.35185242	1.07839936	0.06232374428972272	0.0273563	0.0002
0.152	0.4381	-1.0563	-0.02168920661453353	0.004766494187196514	0.002579596634447619	1.00837672	49.15858078	1.08149154	0.11152049776245766	0.0271552	0.00018
0.1582	0.2922	-1.0726	-0.02133839543488267	0.004803146101488395	0.002698279023583233	1.09270012	53.26936722	1.16342924	0.19370727415391767	0.0247775	0.00016
0.1598	0.2458	-1.0908	-0.02128079956956686	0.004888667234836118	0.002764601535159018	1.02478588	49.95853043	1.09327962	0.076671975511966	0.0236662	0.00014
0.1502	0.297	-1.0914	-0.02155830692063396	0.004951499087907913	0.002712241657599188	1.03755105	50.58083344	1.0953784	0.0810349540849363	0.0236747	0.0001
0.1428	0.3866	-1.0482	-0.022389083644583255	0.004968952380427856	0.0027157323161031764	1.07679999	52.49423218	1.13794263	0.1827860337486612	0.0240797	0.0001
0.1431	0.4195	-1.0283	-0.022753857458250076	0.004948008429403923	0.002579596634447619	1.01421905	49.44339752	1.0862947	0.07919267231731555	0.0242524	7e-05
0.1421	0.3062	-1.0736	-0.022226768024147785	0.005087634769563471	0.0026319565120074486	1.05162644	51.26701355	1.13038362	0.19555378259108344	0.0221473	6e-05
0.1379	0.3433	-1.0948	-0.02211157629351616	0.005101597403579425	0.002637192499763432	0.99326581	48.42192078	1.06448262	0.06921951762017803	0.023181	7e-05
0.1385	0.4117	-1.0788	-0.02249205807045092	0.005141739976375294	0.0026319565120074486	1.00575495	49.03076935	1.07855029	0.10629301687433072	0.0249147	8e-05
0.1442	0.4527	-1.0462	-0.02297725960250535	0.0055152404363020815	0.002637192499763432	1.02198005	49.82174683	1.09777564	0.12249689898685992	0.0242413	9e-05
0.142	0.32	-1.1058	-0.022870794518133696	0.00533721685259866	0.002694788365079245	1.08144689	52.72076797	1.16895989	0.2116042266695444	0.0220035	4e-05
0.1409	0.3217	-1.1244	-0.023006930199789253	0.005307546255314756	0.002775073510670984	1.00255728	48.87488174	1.07421927	0.03370457122656014	0.0220969	5e-05
0.151	0.3968	-1.1097	-0.02354798226790749	0.005403539364174444	0.0028605946440187057	1.02031231	49.74044037	1.09557171	0.13602831551628247	0.0234957	9e-05
0.1519	0.4345	-1.0815	-0.024082053019017755	0.005494296485278149	0.002841396022246768	1.02343941	49.89288712	1.096194	0.09900132469929544	0.0219027	9e-05
0.1583	0.2982	-1.1197	-0.023930209374094253	0.005485569839018178	0.002935643801854462	1.09591007	53.42584991	1.16977542	0.1936409035395584	0.0200857	5e-05
0.1589	0.3181	-1.1344	-0.024029693141457927	0.00540179403492245	0.0030002209841782524	0.98555619	48.04607391	1.05711291	0.04759183768915973	0.0207152	7e-05
0.1535	0.406	-1.1485	-0.02469640891571976	0.0055431657043339905	0.00312413936106985	1.03595412	50.50298691	1.1066071	0.1540002910282486	0.0219626	4e-05
0.1519	0.4695	-1.1236	-0.02534392606820966	0.005384340742402506	0.0029827676916583086	1.02906537	50.16715622	1.10438301	0.13738568919164632	0.0232132	7e-05
0.147	0.3562	-1.1553	-0.025068164046394555	0.0053546701451186035	0.0028885199120506156	1.06200731	51.77308273	1.13382188	0.16988401993533503	0.020575	3e-05
0.1526	0.3351	-1.1647	-0.02470339023272774	0.005342452840354642	0.0030246555937061734	0.99442178	48.4782753	1.06411709	0.061756340004316915	0.0204941	4e-05
0.152	0.3805	-1.1668	-0.02487268717017119	0.005318018230826722	0.0031049407392979124	1.00423038	48.95644379	1.07184614	0.06180083462815555	0.0216896	8e-05
0.1442	0.4544	-1.1391	-0.0250245308150947	0.005106833391335408	0.0028605946440187057	1.03798437	50.60195923	1.10807813	0.13976872898470155	0.023143	8e-05
0.1117	0.4087	-1.153	-0.023195425759004636	0.004246386070102203	0.002131047016685076	1.07755852	52.53120804	1.14837267	0.263055000232845	0.024464	5e-05
0.1205	0.3055	-1.1656	-0.023342033416172164	0.004384267081009755	0.0022776546738526	1.02685976	50.05963135	1.10562461	0.1461548162621302	0.021702	4e-05
0.1265	0.3436	-1.1624	-0.02392148272783428	0.004551818689201211	0.0025028021473598684	0.98567724	48.05197525	1.05908965	0.09590741966804191	0.0214945	2e-05
0.1309	0.3857	-1.1397	-0.02440668425988871	0.004523893421169302	0.0025865779514555962	1.04727495	51.05487823	1.10528409	0.09904513020910345	0.0220267	4e-05
0.1226	0.4632	-1.0922	-0.02458994383134811	0.004468042885105484	0.0023928464044842257	1.11776578	54.49132156	1.1682661	0.15494208272472937	0.024258	5e-05
0.1146	0.3618	-1.1157	-0.023647466035271174	0.004431390970813603	0.0020263272615654165	1.11380994	54.29847336	1.17087035	0.2001824426643813	0.0215064	7e-05
0.1073	0.3055	-1.1069	-0.02410648762854568	0.00441044701978967	0.0017034413499464657	1.05065775	51.21979141	1.11577585	0.1125425727958694	0.0205861	3e-05
0.1108	0.3666	-1.0852	-0.02452885730752831	0.004508185457901353	0.0016877333866785165	1.04794562	51.08757401	1.11157958	0.11309080401811308	0.0211057	4e-05
0.1092	0.3852	-1.0834	-0.024483478746976456	0.004380776422505768	0.0016022122533307947	1.07545578	52.42869949	1.12161344	0.034915436464758046	0.0219611	0.00014
0.1114	0.4663	-1.0563	-0.025059437400134582	0.004455825580341524	0.0015760323145508795	1.10285127	53.76423264	1.15273711	0.14425938748868977	0.0226625	0.0001
0.119	0.351	-1.0771	-0.02470339023272774	0.004323180557189954	0.0016790067404185449	1.06583047	51.95946121	1.13183453	0.17328333082130384	0.0196689	2e-05
0.1231	0.2773	-1.0833	-0.024310691151029015	0.004199262180298357	0.0017715091907742446	1.04349458	50.8705864	1.11111358	0.11445599544730103	0.0178093	5e-05
0.1195	0.3053	-1.0824	-0.024221679359177302	0.0038938295611993493	0.001567305668290908	1.03845477	50.62488937	1.09448328	0.06243239667170276	0.0176275	4e-05
0.1164	0.4093	-1.0474	-0.024767967415051533	0.003914773512223281	0.0014887658519511632	1.08457756	52.87338638	1.14182554	0.17438859116189528	0.0196863	4e-05
0.119	0.4236	-1.037	-0.025117033265450395	0.004043927876870862	0.0015393804002589986	1.00165737	48.83100891	1.07612929	0.05374173816771403	0.0192924	2e-05
0.1181	0.2923	-1.0539	-0.02469466358646777	0.003911282853719292	0.0015358897417550098	1.06078362	51.7134285	1.13928696	0.17702526803190935	0.0167409	2e-05
0.1192	0.3299	-1.0707	-0.024317672468036993	0.0037419859162758423	0.001567305668290908	0.99476469	48.4949913	1.06189456	0.08438519912050611	0.0187303	1e-05
0.1188	0.3592	-1.0892	-0.02425134995646121	0.003782128489071712	0.0015446163880149814	1.01126933	49.29959869	1.07221679	0.05465771823237888	0.019508	1e-05
0.1182	0.4097	-1.0562	-0.02485174321914726	0.0037053340019839614	0.0014381513036433276	1.04983008	51.17943954	1.11035892	0.12328264170727252	0.0191292	2e-05
0.1123	0.4559	-1.0283	-0.025233970325334015	0.0038100537571036214	0.0012479104151759456	1.0722574	52.27277756	1.12724386	0.11385938748868996	0.0210648	4e-05
0.1149	0.32	-1.0245	-0.024982642913046835	0.0038798669271833948	0.0012252211349000194	1.0601691	51.68347168	1.13703247	0.15949149313214395	0.0168743	1e-05
0.1157	0.3181	-1.034	-0.024773203402807514	0.003715805977495928	0.0012077678423800758	0.97761446	47.65891266	1.05534716	0.03174768762233668	0.0176061	3e-05
0.1115	0.359	-1.0242	-0.025012313510330737	0.003558726344816438	0.0012374384396639797	0.98149174	47.84793091	1.05542717	0.07619301687433087	0.018202	2e-05
0.108	0.4226	-0.9699	-0.025881487477823914	0.0037245326237558994	0.0012322024519079964	1.05617869	51.48893738	1.11900125	0.17341081170943107	0.0182295	4e-05
0.1077	0.3432	-0.9677	-0.025898940770343857	0.0038083084278516272	0.001350884841043611	1.00322556	48.90745926	1.07868784	0.09289557428756419	0.0166574	1e-05
0.1095	0.2785	-0.9951	-0.025452136481833306	0.0037088246604879502	0.0013927727430914749	1.03168452	50.29484177	1.09306365	0.12330879789610452	0.0154169	4e-05
0.1118	0.3228	-0.9922	-0.025549874919944992	0.003649483465920143	0.001329940890019679	0.98719436	48.1259346	1.06360318	0.060495574287564406	0.0162407	1e-05
0.1132	0.4073	-0.9641	-0.026099653634323206	0.0038327430373795474	0.0014189526818713899	1.04598403	50.99194336	1.11616345	0.15510250388446647	0.0172555	2e-05
0.1132	0.3594	-0.961	-0.02595304597715568	0.003996803987067014	0.0015166911199830724	1.01594424	49.52750015	1.08330263	0.07142035224833372	0.0179822	2e-05
0.1112	0.2785	-0.9904	-0.025448645823329317	0.00400727596257898	0.001462585913171248	1.03784633	50.5952301	1.10664386	0.1407488668075076	0.0160314	1e-05
0.1123	0.3192	-1.0077	-0.025403267262777467	0.003855432317655474	0.001452113937659282	0.98723441	48.12788773	1.06088103	0.06948470904936617	0.0163198	2e-05
0.1114	0.3834	-0.9929	-0.025576054858724905	0.0037367499285198597	0.0015760323145508795	1.0426743	50.83059692	1.10686672	0.10066941809873256	0.0173071	2e-05
0.1092	0.4486	-0.9507	-0.026398104936414236	0.0038885935734433662	0.001593485607070823	1.05299067	51.3335228	1.12057846	0.15916735075663907	0.0193617	8e-05
0.112	0.3174	-0.9746	-0.025630160065536728	0.004082325120414737	0.0016615534478986017	1.05359781	51.36312103	1.13358525	0.2093872129338329	0.0171962	3e-05
0.1144	0.2806	-0.9844	-0.025445155164825328	0.003862413634663451	0.0018064157758141308	0.99157596	48.33953857	1.06811998	0.0764889357189108	0.0169618	4e-05
0.1113	0.31	-0.9855	-0.025417229896793417	0.003871140280923423	0.0018360863730980347	1.01896667	49.67484283	1.0849059	0.036916125578789295	0.0179597	3e-05
0.105	0.376	-0.9611	-0.025940828672391718	0.003998549316319009	0.0017680185322702558	1.04977381	51.17669678	1.11631966	0.1326537825910834	0.0186685	2e-05
0.113	0.3368	-0.9527	-0.026066492378535314	0.004207988826558329	0.001801179788058148	0.99528277	48.52024841	1.07053863	0.07401322360854042	0.0162212	4e-05
0.1083	0.2315	-0.9759	-0.025738370479160375	0.0040055306333269865	0.0016929693744344998	1.05721736	51.53956985	1.1266095	0.1651395253114965	0.0160384	2e-05
0.1066	0.2737	-0.9856	-0.02564237737030069	0.0038833575856873836	0.0016301375213627037	0.99139243	48.33059311	1.06295143	0.06764990047855418	0.0157683	1e-05
0.1052	0.349	-0.9674	-0.025741861137664364	0.00393048147549123	0.0015515977050229591	1.03188872	50.30479431	1.09793415	0.1061573736753632	0.0178025	4e-05
0.0936	0.3799	-0.8398	-0.026253242608498706	0.004509930787153347	0.0014381513036433276	1.10332179	53.78717041	1.17746219	0.23031385919380465	0.0188354	5e-05
0.1034	0.331	-0.8423	-0.025932102026131748	0.004359832471481835	0.0015393804002589986	1.0264405	50.03919601	1.09840527	0.08982339973270713	0.0184001	2e-05
0.1074	0.2688	-0.8693	-0.02548878839612519	0.004290019301402062	0.0014835298641951804	1.01124787	49.29854965	1.08650592	0.12164886680750736	0.0172353	2e-05
0.1068	0.2871	-0.9065	-0.025418975226045415	0.004391248398017733	0.0014451326206513049	0.98385525	47.96315384	1.05914168	0.06657197551196611	0.0171679	4e-05
0.1023	0.3691	-0.8696	-0.026092672317315227	0.004509930787153347	0.0013700834628155487	1.0455873	50.97260666	1.12022909	0.166771431912059	0.0178438	6e-05
0.1101	0.3218	-0.8379	-0.02630036649830255	0.004673991736840814	0.0013927727430914749	1.00902581	49.19022369	1.08201616	0.10652222054753588	0.0176302	4e-05
0.1168	0.2026	-0.8732	-0.025553365578448974	0.004553564018453206	0.0014119713648634124	1.08099091	52.69853592	1.15594252	0.205531363000656	0.0158308	2e-05
0.1236	0.2312	-0.9453	-0.024942500340250966	0.004335397861953915	0.0014014993893514465	1.02585757	50.01077271	1.09000907	0.14947516851046333	0.0156254	5e-05
0.1284	0.2623	-0.8888	-0.025082126680410512	0.00434586983746588	0.0013055062804917586	1.03352964	50.38478851	1.1069674	0.10470457122655996	0.0173446	5e-05
0.1168	0.4121	-0.8412	-0.025265386251869915	0.004057890510886817	0.000905825881785057	1.11733127	54.47013855	1.20604029	0.25254596483725844	0.0210059	7e-05
0.1118	0.2807	-0.8726	-0.025143213204230314	0.004050909193878839	0.0009861110273767962	1.08515012	52.90129852	1.16131484	0.17827197551196597	0.017356	2e-05
0.1101	0.2335	-0.9055	-0.024675464964695828	0.004029965242854907	0.0009564404300928925	1.01957071	49.7042923	1.08870744	0.10771813939211604	0.0172626	4e-05
0.1125	0.2894	-0.9225	-0.02485697920690324	0.004125958351714595	0.0009861110273767962	0.98690182	48.11167526	1.06295418	0.0906588974175501	0.0177658	3e-05
0.1128	0.3479	-0.9081	-0.02518510110627818	0.004021238596594935	0.0009459684545809266	0.9976576	48.63602066	1.07428126	0.09684921136452339	0.0180461	4e-05
0.115	0.3691	-0.9049	-0.025511477676401113	0.004125958351714595	0.0008918632477691023	0.98636454	48.08548355	1.06471778	0.050860076602720926	0.0178326	3e-05
0.1175	0.2507	-0.9327	-0.025132741228718346	0.0040561451816348215	0.0007749261878854823	1.05000043	51.18774414	1.12698758	0.17697433388230796	0.0157551	4e-05
0.1234	0.2722	-0.9446	-0.02470339023272774	0.003782128489071712	0.0009512044423369096	0.98904949	48.21637344	1.06354369	0.08328229715025727	0.0170383	3e-05
0.1163	0.3025	-0.9467	-0.02502104015659071	0.003785619147575701	0.0008464846872172499	0.98281252	47.91231918	1.06030266	0.060793016874331	0.0170604	3e-05
0.1147	0.3869	-0.9285	-0.025466099115849263	0.0037943457938356727	0.0008429940287132613	1.03304803	50.36131287	1.10847601	0.12706381320112567	0.0188875	3e-05
0.1171	0.2842	-0.9518	-0.02534218073895766	0.0039235001584832525	0.0008621926504851988	1.05055475	51.21477127	1.12148362	0.14201356816555596	0.0160978	1e-05
0.1131	0.2407	-0.9646	-0.025082126680410512	0.004073598474154764	0.0008360127117052838	1.01273334	49.37096786	1.08402371	0.08211661564992881	0.0157375	1e-05
0.1179	0.3071	-0.9697	-0.02496868027903088	0.004105014400690663	0.0011885692206081383	1.00743103	49.11247635	1.07951905	0.10117094184091932	0.0169674	1e-05
0.14	0.2686	-0.7732	-0.026656413665709398	0.0043703044469938016	0.002134537675189065	1.29633534	63.19662476	1.32601073	0.40204959437812926	0.0200026	5e-05
0.1507	0.2951	-0.5307	-0.02663896037318945	0.0047246062851486505	0.0017435839227423352	1.4735105	71.83395386	1.58387415	0.3178354441560763	0.0313876	0.00052
0.1486	0.3101	-0.7057	-0.025474825762109236	0.004235914094590238	0.0011117747335203881	1.25883067	61.36826324	1.32723785	0.3063317995430288	0.0240474	0.00027
0.1678	0.0184	-0.8174	-0.024923301718479025	0.0046041785667610404	0.0014172073526193955	1.47037756	71.68122101	1.55669301	0.483861056745001	0.0199133	4e-05
0.1688	-0.0309	-0.8203	-0.023923228057086274	0.004422664324553631	0.0012897983172238095	1.12681019	54.93223572	1.19281043	0.11864984694978728	0.0228174	0.00017
0.1897	0.1456	-0.8228	-0.024328144443548957	0.004108505059194652	0.001759291886010284	1.17025328	57.0500946	1.23175856	0.2593284610304068	0.0193517	5e-05
0.1751	0.2623	-0.9658	-0.02515543050899427	0.003932226804743224	0.0017418385934903407	1.24626553	60.7557106	1.3052175	0.32535088062083417	0.0149265	1e-05
0.1816	0.263	-1.0957	-0.026403340924170217	0.0035482543693044722	0.0013892820845874865	1.23145187	60.03354263	1.2992175	0.2363219679758776	0.0125627	2e-05
0.1844	0.4294	-1.0977	-0.026597072471141587	0.003649483465920143	0.001462585913171248	1.12563503	54.87495041	1.1877194	0.18961322360854013	0.0162073	2e-05
0.194	0.3649	-1.0914	-0.02680651198138091	0.003914773512223281	0.0017313666179783749	1.00734949	49.10850143	1.07856879	0.1175755130674793	0.0145652	1e-05
0.2009	0.3749	-1.0767	-0.02703864077189615	0.00416435559525847	0.0018552849948699724	1.03896081	50.64956284	1.09609147	0.06188146252210133	0.0154801	5e-05
0.2027	0.3678	-1.0732	-0.026998498199100284	0.004167846253762459	0.0018465583486100008	1.09124494	53.19842148	1.12952739	0.015017993877991407	0.0166499	0.0002
0.2032	0.3365	-1.0673	-0.027022932808628206	0.004148647631990522	0.0018046704465621369	1.10224092	53.734478	1.14659888	0.04197605666738616	0.016456	0.00027
0.2054	0.3037	-1.0692	-0.027084019332448007	0.004129449010218584	0.001843067690106012	1.09588528	53.42464066	1.14084953	0.042834119456780735	0.0168048	0.00032
0.2063	0.298	-1.07	-0.027200956392331627	0.004173082241518442	0.0019041542139258136	1.09620917	53.44042969	1.13437296	0.018482840750164167	0.0172604	0.00038
0.2065	0.2592	-1.063	-0.027321384110719233	0.004220206131322289	0.001956514091485643	1.08471537	52.88010788	1.12448851	0.056995574287564174	0.0168482	0.00023
0.2043	0.3091	-1.0515	-0.027481954401902712	0.004213224814314312	0.001858775653373961	1.07276428	52.29748535	1.12430873	0.07686450231515672	0.0170314	0.00016
0.2034	0.3353	-1.0299	-0.027953193299941177	0.004249876728606192	0.001891936909161853	1.03235984	50.3277626	1.09589206	0.07575260340591197	0.0171337	0.00014
0.208	0.2362	-1.0589	-0.027670449961118098	0.0042987459476620336	0.0018832102629018814	1.03261507	50.34020615	1.10718594	0.14971696020694447	0.0158688	7e-05
0.2088	0.2873	-1.0738	-0.027497662365170657	0.00443837228782158	0.001965240737745615	1.0067203	49.07783127	1.07387284	0.08652222054753622	0.015573	7e-05
0.2042	0.3301	-1.0768	-0.027687903253638044	0.004380776422505768	0.0019582594207376374	1.00829148	49.15442657	1.07680993	0.06314090353955883	0.0154342	5e-05
0.2042	0.3607	-1.0884	-0.027441811829106842	0.004436626958569585	0.002050761871093337	1.05575001	51.46803665	1.10615557	0.06192222054753602	0.0161406	7e-05
0.2014	0.3902	-1.0816	-0.02751337032843861	0.00450294947014537	0.0021572269554649913	1.06653118	51.99362183	1.11433603	0.05131730476396038	0.017116	4e-05
0.203	0.3441	-1.0845	-0.027466246438634764	0.004581489286485115	0.0021258110289290935	1.05624342	51.49209213	1.11045328	0.05845398163397453	0.0159109	6e-05
0.2059	0.293	-1.0925	-0.02726378824540342	0.004557054676957195	0.002124065699677099	1.07100558	52.21175385	1.11648019	0.07343190660056294	0.0152034	8e-05
0.2029	0.3121	-1.0936	-0.027180012441307688	0.004565781323217166	0.0019844393595175526	1.08823919	53.05189514	1.12450199	0.03480643952576237	0.0149794	7e-05
0.197	0.3092	-1.0635	-0.027515115657690607	0.004468042885105484	0.0018168877513260971	1.07556581	52.43406296	1.11561449	0.06891966313430281	0.0135662	2e-05
0.1931	0.3754	-1.0388	-0.02830749513809603	0.0042603487041181585	0.0016842427281745281	1.04317164	50.85483932	1.10284023	0.15143593422721588	0.0138572	2e-05
0.1969	0.2502	-1.0573	-0.027838001569309555	0.004349360495969869	0.0017976891295541592	1.0625155	51.79785919	1.12595438	0.1810975881008908	0.011637	1e-05
0.2027	0.1982	-1.0686	-0.027434830512098867	0.00437379510549779	0.0017680185322702558	1.00785494	49.13314438	1.08188538	0.09196381320112568	0.0117453	0.0
0.2013	0.2675	-1.0762	-0.027337092073987185	0.004377285764001779	0.0017208946424664088	0.99855638	48.67983627	1.07074627	0.085717649320976	0.011939	0.0
0.2026	0.3241	-1.0681	-0.02753605960871454	0.004352851154473858	0.0017558012275062952	1.01785612	49.62070084	1.08570227	0.07891543646475804	0.0123171	1e-05
0.201	0.3938	-1.0427	-0.028173104785692467	0.004380776422505768	0.0017540558982543013	1.03254521	50.33679962	1.10123211	0.13003578871309168	0.0131004	2e-05
0.1976	0.2935	-1.0716	-0.0276093634372983	0.004431390970813603	0.0017959438003021652	1.05233145	51.30138016	1.11842128	0.1654121899374935	0.0117959	2e-05
0.1966	0.2742	-1.0791	-0.027466246438634764	0.004399975044277705	0.0016859880574265225	1.0317961	50.30027771	1.09315091	0.042024433403753614	0.0121232	1e-05
0.1939	0.3381	-1.0799	-0.02760238212029032	0.004253367387110181	0.0016598081186466073	1.0632782	51.83503723	1.11838125	0.08284616388015002	0.0133839	1e-05
0.1925	0.3901	-1.0467	-0.02835985501565586	0.0042655846918741415	0.0016859880574265225	1.05342138	51.35451508	1.11461777	0.12639350694547075	0.0136651	2e-05
0.1978	0.2678	-1.0608	-0.028056167725808843	0.004359832471481835	0.0016859880574265225	1.03756583	50.58155823	1.11082827	0.1615967534727354	0.0119885	2e-05
0.202	0.2111	-1.0881	-0.027646015351590184	0.004349360495969869	0.0017348572764823637	1.00569212	49.02770615	1.0755809	0.1116746784393234	0.0122176	1e-05
0.2001	0.2608	-1.1028	-0.027506389011430633	0.004307472593922005	0.0016982053621904826	0.98163217	47.85477829	1.05620598	0.07720830782496468	0.0127739	0.0
0.1963	0.3458	-1.0614	-0.028228955321756285	0.00428129265514209	0.0016720254234105676	1.01856339	49.65518188	1.09609759	0.16894630939427419	0.0126701	1e-05
0.196	0.3057	-1.0629	-0.028173104785692467	0.004337143191205909	0.0016510814723866359	1.00542283	49.01457977	1.07788071	0.04853225115757845	0.0119687	4e-05
0.1968	0.2333	-1.0897	-0.027663468644110123	0.004272566008882118	0.001626646862858715	1.02700734	50.06682968	1.10056137	0.12993239667170267	0.0127706	1e-05
0.1939	0.2959	-1.1098	-0.027604127449542312	0.00429700061841004	0.001668534764906579	0.98266083	47.9049263	1.0596992	0.0918831853071798	0.0136313	2e-05
0.1965	0.379	-1.0682	-0.02834065639388392	0.004614650542273007	0.0014643312424232424	1.02330709	49.88644028	1.09642359	0.19021911953439552	0.0142798	2e-05
0.2011	0.3246	-1.052	-0.028176595444196456	0.005169665244407204	0.0013596114873035826	1.02027249	49.7385025	1.09041408	0.11638977034706605	0.0127184	1e-05
0.2048	0.2515	-1.0837	-0.027808330972025654	0.0046582837735728655	0.0016057029118347831	1.04532659	50.95989609	1.11492616	0.1647868683768171	0.0130342	1e-05
0.1949	0.2797	-1.1033	-0.027996826531241043	0.004673991736840814	0.0016929693744344998	1.01639676	49.54955673	1.08095377	0.07227349925415259	0.0129563	2e-05
0.1948	0.359	-1.0691	-0.028586747818415123	0.0042167154728183	0.001579522973054868	1.0271529	50.07392502	1.09913587	0.17163219762881124	0.0133141	2e-05
0.1962	0.289	-1.0867	-0.02818881274896042	0.004447098934081553	0.0015603243512829306	1.02743888	50.08786392	1.0941417	0.1213758576244948	0.0127718	1e-05
0.1951	0.2437	-1.1131	-0.027644270022338185	0.004487241506877421	0.001785471824790199	1.02313983	49.87828827	1.08984738	0.11329163864626848	0.012144	0.0
0.1945	0.307	-1.1342	-0.02815914215167651	0.004574507969477138	0.001963495408493621	1.00638688	49.06157684	1.07587772	0.1240081087820732	0.013831	2e-05
0.192	0.3902	-1.0978	-0.028862509840230224	0.004202752838802345	0.0018483036778619948	1.03469932	50.44181442	1.10685373	0.18161572749300664	0.0142753	2e-05
0.1944	0.2982	-1.1288	-0.028581511830659136	0.004359832471481835	0.001963495408493621	1.02570879	50.00352478	1.09509891	0.15306346864411008	0.0140165	2e-05
0.2015	0.2702	-1.1624	-0.02807362101832879	0.004461061568097506	0.002145009650701031	1.00046968	48.77310944	1.06946798	0.1082317075576715	0.0149642	1e-05
0.2029	0.333	-1.1645	-0.02812598089588862	0.004644321139556911	0.0022043508452688383	0.99553078	48.53233719	1.06930405	0.08104803217935205	0.0149066	3e-05
0.2013	0.4077	-1.1177	-0.0291173279110214	0.004675737066092809	0.0019774580425095754	1.04857838	51.11841965	1.11344827	0.1855827872213973	0.0158259	1e-05
0.2084	0.3234	-1.1141	-0.028927087022554015	0.004728096943652638	0.0018762289458939042	1.00693178	49.08813858	1.08412702	0.112191493132144	0.0139461	0.0
0.2088	0.2741	-1.1399	-0.02852391596534333	0.004609414554517024	0.0017924531417981763	1.00006461	48.75336075	1.07396462	0.10578146252210116	0.0136444	1e-05
0.2046	0.3127	-1.1658	-0.028323203101363978	0.0045308747381772796	0.0018413223608540175	1.05712152	51.53489685	1.11015731	0.08510609496874691	0.014743	2e-05
0.1987	0.3729	-1.1428	-0.028763026072866547	0.004427900312309613	0.0018256143975860688	1.0846796	52.87836456	1.1326687	0.11702526803190914	0.0152022	4e-05
0.2015	0.3229	-1.1441	-0.02882760325519034	0.004525638750421296	0.0019181168479417679	1.04297388	50.84519958	1.10335443	0.06684090353955867	0.0141128	4e-05
0.2031	0.2572	-1.1594	-0.028490754709555435	0.004600687908257053	0.001853539665617978	1.0245719	49.94810104	1.09413722	0.10642374428972276	0.0141447	4e-05
0.2019	0.3209	-1.1623	-0.0284087242347117	0.004639085151800928	0.0018291050560900572	1.05852389	51.60326767	1.11096778	0.07504311639577665	0.015633	4e-05
0.2003	0.3485	-1.1617	-0.02849599069731142	0.0046530477858168825	0.0018308503853420514	1.0549804	51.4305191	1.10504006	0.03494872129338344	0.0164672	8e-05
0.201	0.3906	-1.1247	-0.028967229595349888	0.004686209041604775	0.0018709929581379211	1.06253886	51.79899597	1.11657661	0.10702713633111152	0.0160854	2e-05
0.2032	0.3191	-1.1149	-0.02886774582798621	0.004715879638888678	0.0019076448724298022	1.06287277	51.81527328	1.1126779	0.09179031394697305	0.0138974	1e-05
0.2051	0.2868	-1.1279	-0.02859721979392709	0.004661774432076854	0.001963495408493621	1.04293323	50.84321594	1.09711365	0.06622408884673807	0.0132219	1e-05
0.2048	0.319	-1.1341	-0.0286548156592429	0.00466002910282486	0.0020210912738094335	1.01837623	49.64605713	1.07588924	0.044546852994180985	0.0138065	1e-05
0.2023	0.3306	-1.1357	-0.02865132500073891	0.004522148091917307	0.001960004749989632	1.02544713	49.99076462	1.08413876	0.025822909661567008	0.013622	1e-05
0.2041	0.3555	-1.1065	-0.02905275072869761	0.004471533543609472	0.0018238690683340744	1.07080185	52.20181656	1.11325067	0.08530879789610453	0.0137725	2e-05
0.2109	0.3299	-1.1073	-0.02919412239810915	0.004379031093253773	0.0018901915799098587	1.03837848	50.62117386	1.09534805	0.04820983156715094	0.0133346	1e-05
0.2195	0.2707	-1.1215	-0.028958502949089915	0.004457570909593518	0.002036799237077382	1.04099035	50.74850464	1.10175885	0.10503834612632514	0.013052	4e-05
0.2222	0.2876	-1.1331	-0.02882411259668635	0.0044977134823893875	0.0020751964806212577	1.04968739	51.17248154	1.10344634	0.04184650843716566	0.0136775	3e-05
0.222	0.3272	-1.1238	-0.028961993607593904	0.004480260189869444	0.002038544566329377	1.07542002	52.42695618	1.1220869	0.05869931088596907	0.0143118	2e-05
0.2234	0.3725	-1.0873	-0.02933025807976471	0.004522148091917307	0.0020210912738094335	1.05412161	51.3886528	1.10901401	0.1045802833369306	0.0139748	3e-05
0.2319	0.2999	-1.0808	-0.029295351494724824	0.004574507969477138	0.0020717058221172693	1.00715947	49.09923935	1.07681133	0.09449405054537757	0.0123888	4e-05
0.2327	0.2289	-1.101	-0.028948030973577954	0.004557054676957195	0.002092649773141201	1.01530862	49.49651337	1.08771662	0.11128588823453724	0.0121555	3e-05
0.2233	0.2551	-1.123	-0.028782224694638488	0.004319689898685966	0.002045525883337354	1.03051758	50.23794937	1.08544782	0.08011474735072711	0.0126191	0.0
0.2215	0.3147	-1.1058	-0.029038788094681654	0.004225442119078272	0.0019861846887695473	1.04260349	50.82714462	1.10263254	0.09910761871093346	0.0129993	2e-05
0.2342	0.3689	-1.0823	-0.029503045675712145	0.0044924774946334045	0.002036799237077382	1.01994264	49.72242355	1.08803225	0.12949537524467275	0.0135288	0.0
0.2461	0.2572	-1.1023	-0.028923596364050026	0.004612905213021013	0.002190388211252884	1.0411061	50.75414276	1.11600726	0.1862733002112615	0.0123667	1e-05
0.245	0.2705	-1.1114	-0.028761280743614556	0.004525638750421296	0.002288126649364566	1.00861716	49.17030334	1.07739996	0.04086602605734341	0.0129799	3e-05
0.2381	0.3113	-1.1167	-0.028977701570861856	0.004422664324553631	0.002129301687433082	1.02384281	49.91255569	1.08570573	0.07691101075232254	0.0137974	2e-05
0.2429	0.3589	-1.0848	-0.029555405553271977	0.004468042885105484	0.002181661564992912	1.07621491	52.46570587	1.12585852	0.1180721210260902	0.0144012	3e-05
0.2398	0.351	-1.0694	-0.02996206726898665	0.004403465702781694	0.002150245638457014	1.04186893	50.79133224	1.10161111	0.05153274122871821	0.0137064	1e-05
0.2469	0.2126	-1.0878	-0.02961300141858779	0.00447851486061745	0.00214850030920502	1.05181503	51.27620697	1.1255266	0.1851930168743308	0.0124589	0.0
0.2532	0.2397	-1.1024	-0.02920633970287311	0.004279547325890096	0.0022497294058206906	0.98262423	47.90314102	1.05764859	0.083342917352885	0.0129583	2e-05
0.2539	0.2852	-1.0939	-0.029373891311064566	0.004239404753094226	0.0022410027595607188	1.02415037	49.92755127	1.0925214	0.06552104136236479	0.0132013	2e-05
0.2427	0.3371	-1.0816	-0.029592057467563857	0.004064871827894794	0.002087413785385218	1.00268781	48.88124466	1.0758752	0.10271440279371145	0.0134732	2e-05
0.2479	0.2144	-1.1224	-0.027977627909469102	0.0038781215979314006	0.002050761871093337	1.10918307	54.07291031	1.17857709	0.26059158511750163	0.0138214	5e-05
0.2587	0.2612	-1.1404	-0.027302185488947295	0.003459242577452761	0.002143264321449037	1.01921165	49.68678665	1.08039	0.1349411945678073	0.015978	0.00011
0.2725	0.3617	-1.1367	-0.02784498288631753	0.0032044245066615894	0.002305579941884509	1.0695442	52.14051056	1.12707535	0.16599655442984404	0.0178915	0.00016
0.2628	0.4769	-1.094	-0.029530970943744055	0.0033964107243809652	0.0021118483949131386	1.13045025	55.10969162	1.19286539	0.2711852911058635	0.0189858	5e-05
0.267	0.3909	-1.0965	-0.029546678907012004	0.0034993851502486306	0.002183406894244906	1.0200007	49.72525024	1.08904881	0.102212044423369	0.015913	5e-05
0.2683	0.2824	-1.1094	-0.029722957161463434	0.0036198128686362394	0.002234021442552742	1.02720952	50.07668304	1.1036908	0.14006602605734367	0.0136015	2e-05
0.2703	0.2868	-1.1429	-0.028639107695974955	0.0032445670794574587	0.0022462387473167022	1.01017642	49.246315	1.07864599	0.1134656279715611	0.0148879	6e-05
0.2677	0.3135	-1.1262	-0.02822022867549631	0.003040363556974122	0.002061233846605303	1.03903615	50.65323639	1.09877432	0.08640437218366889	0.0157914	0.00013
0.2668	0.3872	-1.0928	-0.028986428217121826	0.0030508355324860886	0.0018779742751458986	1.01755929	49.60623169	1.09120339	0.15599655442984436	0.0163915	0.0001
0.2701	0.2732	-1.111	-0.028459338783019535	0.0030927234345339517	0.0018500490071139892	1.03157091	50.28930283	1.10606957	0.16534513020910313	0.0152225	8e-05
0.2772	0.2897	-1.123	-0.02821499268774033	0.00308399678827398	0.0018360863730980347	0.98835737	48.18263245	1.05924237	0.04895176877775655	0.0156577	0.00012
0.2699	0.3329	-1.1256	-0.02897246558310587	0.003316125578789226	0.0018762289458939042	1.03857934	50.63096619	1.10318124	0.10458721293383257	0.015173	3e-05
0.2642	0.3565	-1.0953	-0.02980149697780318	0.0033562681515850955	0.0018884462506578647	1.01713514	49.58555603	1.08562179	0.10366956361285702	0.0142844	2e-05
0.2644	0.3402	-1.0748	-0.030401890240489227	0.0034993851502486306	0.0019303341527057286	0.98725897	48.12908554	1.0587745	0.0762699081698723	0.0131564	1e-05
0.2607	0.2227	-1.0858	-0.030192450730249905	0.003438298626428829	0.0018308503853420514	1.02695894	50.06446838	1.10013654	0.1507004900711402	0.0119793	2e-05
0.2606	0.2532	-1.0884	-0.030387927606473273	0.003303908274025266	0.0017837264955382047	1.01095653	49.28434753	1.0706355	0.0520495559215388	0.0119632	2e-05
0.2591	0.3009	-1.1043	-0.030628783043248484	0.003237585762449481	0.00182212373908208	1.0251236	49.97499466	1.08672075	0.08237875959474361	0.0127144	2e-05
0.2543	0.3465	-1.0691	-0.03132516941479423	0.0033283428835531865	0.001710422666954443	1.02654934	50.04450226	1.09153377	0.1305422282388543	0.0126584	1e-05
0.2548	0.3321	-1.0465	-0.03153809958353753	0.0033981560536329595	0.0015760323145508795	0.99773514	48.63980103	1.06722351	0.058356684561331945	0.0121922	2e-05
0.2598	0.2296	-1.064	-0.030946432967111453	0.003413864016900908	0.0014782938764391971	1.01873612	49.66360092	1.09439915	0.16025565089028548	0.0112199	1e-05
0.2521	0.2774	-1.0884	-0.030691614896320284	0.003193952531149623	0.0016615534478986017	0.98564583	48.05044556	1.05791158	0.11279945640009284	0.0118973	4e-05
0.2514	0.3064	-1.1082	-0.030569441848680684	0.0032602750427254074	0.0017959438003021652	0.97321218	47.44430161	1.04590362	0.06564429558094746	0.0127796	1e-05
0.252	0.363	-1.0693	-0.03130422546377029	0.0034068826998929313	0.0016493361431346415	1.00223184	48.85901642	1.07691373	0.14749994647123288	0.0130971	1e-05
0.2505	0.3407	-1.0542	-0.03159918610735733	0.0034348079679248403	0.001579522973054868	0.97799444	47.67743683	1.05160588	0.05853495408493607	0.0125534	1e-05
0.2552	0.2232	-1.0686	-0.031089549965774992	0.0034348079679248403	0.0016022122533307947	1.04936981	51.15700531	1.11720212	0.16321627109291328	0.0112252	0.0
0.2622	0.2686	-1.0764	-0.030874874467779687	0.0033807027611130165	0.0014800392056911916	0.98402679	47.97151566	1.05828804	0.0797476876223367	0.0118393	1e-05
0.2557	0.289	-1.0882	-0.03089058243104764	0.0033353242005611634	0.001499237827463129	0.97316873	47.44218445	1.05261216	0.04271425727958714	0.0123249	1e-05
0.254	0.3382	-1.0534	-0.03138101995085805	0.0033807027611130165	0.001500983156715123	0.98707259	48.11999893	1.06789483	0.112578070480713	0.0125058	2e-05
0.2559	0.2884	-1.0563	-0.031349604024322145	0.0033545228223331013	0.00152367243699105	1.00348723	48.92021942	1.07421337	0.05861425727958743	0.0119622	1e-05
0.2532	0.2244	-1.0907	-0.03069685088407627	0.0033964107243809652	0.001579522973054868	1.00565898	49.02609253	1.08357305	0.13862457891787797	0.0120379	1e-05
0.241	0.2718	-1.1416	-0.030557224543916718	0.003082251459021986	0.001621410875102732	1.00805497	49.14289474	1.07606617	0.1352836753783196	0.0136254	1e-05
0.2399	0.3014	-1.1304	-0.030899309077307608	0.0030665434957540365	0.0014957471689591403	0.99990344	48.74550629	1.0692588	0.06607281014012144	0.0138495	1e-05
0.2423	0.3745	-1.0701	-0.03160442209511331	0.003152064629101759	0.0013596114873035826	1.03851199	50.62768173	1.10756689	0.1821384916404493	0.0142244	1e-05
0.2472	0.2676	-1.0745	-0.031285026841998353	0.0032044245066615894	0.001377064779823526	1.02164018	49.8051796	1.09249956	0.13566042115973664	0.0124111	1e-05
0.2487	0.2506	-1.0957	-0.030990066198411315	0.003152064629101759	0.0014172073526193955	0.97814143	47.68460464	1.05294755	0.0590731546971368	0.012375	1e-05
0.2478	0.2846	-1.1128	-0.03091327171132357	0.0030752701420140084	0.0015358897417550098	0.96906352	47.24205399	1.0448864	0.06561356816555573	0.0130045	1e-05
0.246	0.3426	-1.0679	-0.03160442209511331	0.00312413936106985	0.0013316862192716734	1.00947022	49.21188736	1.08292348	0.15191115626644602	0.0131847	1e-05
0.2457	0.3125	-1.0545	-0.03181909759310862	0.0032306044454415038	0.0012304571226560022	0.99308115	48.41291809	1.06687007	0.0649184839491318	0.0124748	1e-05
0.2432	0.1984	-1.0708	-0.031262337561722434	0.0030979594222899347	0.0010821041362364843	1.05676579	51.51755905	1.12408281	0.17478790204786376	0.0115464	1e-05
0.2403	0.2598	-1.0978	-0.03108431397801901	0.003120648702565861	0.001165879940332212	0.99691492	48.59981537	1.06470807	0.10552443340375404	0.0124231	1e-05
0.2368	0.2836	-1.1298	-0.03094817829636345	0.003106686068549906	0.0013386675362796509	0.98678386	48.1059227	1.05818728	0.07544429558094742	0.01353	1e-05
0.2355	0.3238	-1.1014	-0.03144210647467785	0.0031049407392979124	0.0013107422682477415	1.02169836	49.80801392	1.09174126	0.09607993877991505	0.0138123	3e-05
0.2329	0.3463	-1.0691	-0.03193079866523626	0.00325329372571743	0.00124965574442794	1.01365757	49.41602325	1.08291707	0.09230658503988637	0.0135421	1e-05
0.2412	0.2297	-1.0812	-0.031435125157669865	0.003262020371977402	0.0013107422682477415	1.03872645	50.638134	1.10961816	0.16527433388230836	0.0121439	2e-05
0.2485	0.2515	-1.0934	-0.031241393610698498	0.0032515483964654355	0.001361356816555577	0.97167557	47.3693924	1.04885711	0.05404090353955844	0.0125421	0.0
0.2484	0.2744	-1.0981	-0.03125012025695847	0.0032340951039454926	0.001410226035611418	0.96282464	46.93790817	1.04002848	0.03145245789178779	0.0127566	2e-05
0.2384	0.3313	-1.058	-0.032033773091103925	0.0032044245066615894	0.0012723450247038664	1.00921619	49.19950485	1.08031564	0.15456022211684564	0.0128986	1e-05
0.2424	0.2871	-1.0521	-0.03215943679724752	0.0032969269570172887	0.0012025318546240932	0.98305178	47.92398453	1.05435124	0.06849896632895325	0.012429	1e-05
0.2417	0.1926	-1.0672	-0.03153460892503355	0.0033196162372932147	0.0010611601852125523	1.04354358	50.87297058	1.11010047	0.1497444410950717	0.0118423	2e-05
0.2377	0.2294	-1.0898	-0.031339132048810184	0.003258529713473413	0.0010786134777324957	0.98117721	47.83259964	1.05606476	0.07710083462815565	0.0121606	1e-05
0.2375	0.2791	-1.0757	-0.03177371903255677	0.0032026791774095948	0.0012095131716320703	0.98642516	48.08843613	1.06324711	0.09506686068549891	0.0125362	1e-05
0.2397	0.3381	-1.0439	-0.03245090678233057	0.0032463124087094525	0.0011798425743481666	1.01492774	49.47794724	1.08630054	0.1305245789178782	0.0130389	1e-05
0.2377	0.2248	-1.0653	-0.03184353220263654	0.0032340951039454926	0.0009599310885968812	1.05823338	51.5891037	1.12184431	0.17867516851046367	0.0116971	1e-05
0.2315	0.2521	-1.1073	-0.03137752929235406	0.003113667385557884	0.0009337511498169664	1.00203919	48.84962463	1.07135901	0.10613052837250024	0.012488	2e-05
0.2258	0.2659	-1.1313	-0.03121870433042257	0.0031258846903218446	0.0009948376736367678	0.98674446	48.10400391	1.05702507	0.05510643952576256	0.0132251	2e-05
0.2258	0.3205	-1.1004	-0.03169866987472101	0.0031433379828417875	0.0009407324668249436	1.00060594	48.77975464	1.07461035	0.11307620218151018	0.0134577	2e-05
0.2261	0.3648	-1.059	-0.03236713097823484	0.003223623128433527	0.0008988445647770796	1.00079024	48.78873825	1.07647536	0.12553170755767185	0.0136357	3e-05
0.2295	0.2402	-1.0746	-0.03171263250873697	0.0032916909692613052	0.000895353906273091	1.06127238	51.7372551	1.12542355	0.17990284844148216	0.0118379	1e-05
0.2301	0.2309	-1.0963	-0.03131120678077827	0.003235840433197487	0.0009232791743050004	0.97983414	47.76712418	1.05357076	0.0558600766027213	0.0119272	0.0
0.2285	0.2616	-1.1046	-0.03132691474404622	0.0032498030672134413	0.0010000736613927507	0.99222708	48.37128067	1.05757032	0.04592325421858262	0.0123702	1e-05
0.2256	0.3371	-1.0743	-0.03206518901763982	0.003267256359733385	0.0009704030641088471	1.03141701	50.28179932	1.09745192	0.14796990816987254	0.0128854	1e-05
0.2284	0.2899	-1.0707	-0.03229731780815507	0.0033021629447732717	0.0009424777960769379	1.00303102	48.89797592	1.0671156	0.06834803217935229	0.0125282	1e-05
0.2317	0.1857	-1.0946	-0.031637583350901215	0.0034051373706409367	0.0009808750396208131	1.04087996	50.74311829	1.110587	0.17145530633326975	0.0114841	2e-05
0.2315	0.2456	-1.1024	-0.03152064629101759	0.003321361566545209	0.0010035643198967395	0.99574047	48.54256058	1.07098959	0.07907010721276389	0.0117662	1e-05
0.2263	0.3408	-1.0817	-0.032122784882955634	0.0032445670794574587	0.0009093165402890458	1.01664889	49.56184769	1.09386987	0.15975904293167423	0.0125329	0.0
0.229	0.2516	-1.0862	-0.03213500218771959	0.0034068826998929313	0.0009145525280450286	1.08084702	52.69152451	1.13265412	0.10538844564777068	0.0127736	6e-05
0.2737	0.1843	-1.0544	-0.03485073450382277	0.0036512287951721376	0.0013386675362796509	1.30632663	63.68370056	1.31608275	0.3130096709808503	0.0179201	0.00025
0.2942	0.3442	-1.0747	-0.034421383507832165	0.0034766958699727043	0.001626646862858715	1.2738204	62.0990181	1.29215841	0.2452931623884551	0.0168796	2e-05
0.2658	0.3225	-1.0847	-0.033807027611130164	0.0035098571257605967	0.0012618730491919003	1.09611869	53.4360199	1.14234092	0.11071454830783548	0.0160356	5e-05
0.2288	0.3868	-1.1086	-0.03182258825161261	0.0034993851502486306	0.0007190756518216638	1.15733314	56.42023849	1.1926944	0.25208543661998767	0.0149103	3e-05
0.225	0.2058	-1.1481	-0.031243138939950493	0.0037995817815916558	0.0007731808586334879	1.19649506	58.32939148	1.24474971	0.27098755749084824	0.0135934	6e-05
0.2247	0.1984	-1.1578	-0.031290262829754334	0.0036163222101322505	0.0008587019919812101	1.01150763	49.31121063	1.07655873	0.03319522973054849	0.0135535	2e-05
0.2325	0.2375	-1.1603	-0.03154682622979751	0.0035622170033204267	0.0009564404300928925	0.9833101	47.93657684	1.06008124	0.06982035224833416	0.0144001	3e-05
0.2335	0.3032	-1.1234	-0.03250675731839439	0.0036250488563922224	0.0009128071987930344	1.04464519	50.9266777	1.11166675	0.15691980864842708	0.0149465	5e-05
0.234	0.255	-1.1265	-0.032791245986469465	0.0038135444156076103	0.0009983283321407565	1.00211525	48.85333252	1.07964752	0.07972526803190931	0.0151017	1e-05
0.2367	0.1748	-1.1407	-0.03236364031973085	0.0037699111843077517	0.0009564404300928925	1.02806449	50.11836624	1.10275376	0.12275634000431675	0.0151612	4e-05
0.2421	0.251	-1.1432	-0.032250193918351225	0.0036721727461960694	0.0010000736613927507	0.99438536	48.47649765	1.06691279	0.09684090353955832	0.015456	3e-05
0.2408	0.3012	-1.1301	-0.03247534139185849	0.0037350045992678655	0.0011117747335203881	1.03491652	50.45240402	1.0972491	0.08458401993533475	0.0161619	8e-05
0.2378	0.368	-1.0833	-0.03303559208174867	0.0037803831598197174	0.0009704030641088471	1.05512714	51.43767548	1.11343012	0.153950045992679	0.0168046	7e-05
0.2432	0.3279	-1.0801	-0.03291516436336106	0.0038187804033635933	0.0010175269539126942	0.99423206	48.46902466	1.06434954	0.058997442586766605	0.0160181	5e-05
0.2392	0.2575	-1.0926	-0.03251897462315835	0.003754203221039803	0.001001818990644745	1.01772428	49.61427307	1.08539877	0.11072374428972244	0.0154191	9e-05
0.2317	0.2722	-1.1204	-0.03232000708843099	0.0036337755026521943	0.0011484266478122688	1.02424097	49.93196869	1.08377831	0.0733001455141247	0.0156873	5e-05
0.2267	0.2617	-1.1439	-0.03228510050339111	0.0035918876006043304	0.0012025318546240932	1.01421773	49.44332886	1.08069088	0.0455449846949782	0.0157717	2e-05
0.2264	0.2826	-1.1033	-0.0328401152055253	0.003626794185644217	0.001069886831472524	1.02803087	50.11672592	1.08749596	0.09792831551628234	0.0147912	2e-05
0.2264	0.2849	-1.0736	-0.03336545931037559	0.0037699111843077517	0.0010681415022205296	0.99164337	48.34282684	1.06317831	0.06551032163829087	0.0141002	2e-05
0.221	0.1705	-1.0867	-0.032880257778321174	0.0038013271108436495	0.0010122909661567112	1.03793347	50.59947586	1.11274051	0.1615233997327066	0.0134427	3e-05
0.2181	0.2059	-1.1024	-0.032498030672134415	0.003639011490408177	0.0011676252695842063	0.98830193	48.17993164	1.06100991	0.08899385150248641	0.0129924	2e-05
0.2154	0.2455	-1.116	-0.032498030672134415	0.0033684854563490563	0.0011711159280881952	0.99994469	48.74751663	1.06909569	0.0696008346281555	0.0131982	5e-05
0.2141	0.3315	-1.0773	-0.03347716038250323	0.003303908274025266	0.0009704030641088471	1.05496001	51.42952728	1.12073904	0.18822098783359784	0.0133405	2e-05
0.2165	0.2728	-1.0867	-0.03336545931037559	0.003443534614184812	0.0009983283321407565	1.02744913	50.08836746	1.09429026	0.08446263401595466	0.012982	4e-05
0.2164	0.1861	-1.1073	-0.032716196828633706	0.0034400439556808234	0.0010088003076527223	1.03937817	50.66991043	1.10730701	0.14056125578789203	0.0128343	1e-05
0.2195	0.2419	-1.1305	-0.03248406803811846	0.0034400439556808234	0.0011449359893082802	1.03257251	50.33813095	1.09096986	0.10051322360854044	0.013518	1e-05
0.2177	0.2893	-1.1253	-0.03275808473068157	0.0033667401270970616	0.001218239817892042	1.02100301	49.77411652	1.08826308	0.0754312174865319	0.0141465	1e-05
0.2201	0.3514	-1.088	-0.03340385655391947	0.0033807027611130165	0.0011466813185602744	1.06059682	51.704319	1.12341625	0.13836464782928087	0.0149819	4e-05
0.2214	0.2552	-1.0976	-0.03322932362872004	0.0033231068957972035	0.001165879940332212	1.08255601	52.77483749	1.13582018	0.11966637061435884	0.0141832	2e-05
0.2254	0.2261	-1.1115	-0.032957052265408925	0.003239331091701475	0.0011466813185602744	1.03821969	50.61343002	1.09742362	0.06576228945893901	0.0140583	2e-05
0.2237	0.2479	-1.135	-0.03286280448580123	0.003120648702565861	0.001228711793404008	1.05030048	51.2023735	1.10362959	0.06174803217935229	0.014604	1e-05
0.2198	0.254	-1.155	-0.03263591168304197	0.003164281933865719	0.0013264502315156904	1.05712581	51.53511047	1.11124106	0.048413223608540085	0.0154026	5e-05
0.2199	0.313	-1.1162	-0.033271211530767904	0.003303908274025266	0.0011990411961201044	1.11527765	54.37002563	1.15694648	0.14301676116405343	0.0156003	6e-05
0.2263	0.3227	-1.092	-0.03367787324648258	0.003490658503988659	0.0011798425743481666	1.03702974	50.55542374	1.09438329	0.07093052837250041	0.0151187	5e-05
0.2268	0.1759	-1.1084	-0.033105405251828444	0.003525565089028546	0.0012252211349000194	1.07505965	52.4093895	1.14499447	0.19633765701229372	0.0138286	3e-05
0.2262	0.2216	-1.1286	-0.03286978580280921	0.003454006589696778	0.001350884841043611	1.00482357	48.98536301	1.07144942	0.08814208272472984	0.013944	2e-05
0.2213	0.2623	-1.2004	-0.03308969728856049	0.0035883969421003415	0.0018413223608540175	1.05097449	51.23523331	1.1141787	0.1596369678982625	0.0171382	3e-05
0.2295	0.2569	-1.1608	-0.03369183588049854	0.003733259270015871	0.0017174039839624202	1.07717729	52.51262283	1.12780137	0.09674596483725863	0.0161008	4e-05
0.2333	0.3834	-1.0907	-0.03445978075137604	0.0037524578917878084	0.0014800392056911916	1.10804331	54.01734543	1.17624759	0.25162541354603346	0.015996	2e-05
0.2318	0.266	-1.1003	-0.03398679652408558	0.0037140606482439333	0.0014364059743913332	1.04223132	50.80899811	1.11395608	0.15625073510670973	0.0139106	1e-05
0.2303	0.2288	-1.1079	-0.0336726372587266	0.0036337755026521943	0.0014049900478554352	0.99168587	48.34489822	1.06370867	0.06759301687433086	0.013769	1e-05
0.2276	0.2681	-1.1317	-0.03338640326139953	0.0035046211380046137	0.0014049900478554352	0.99366176	48.44122314	1.06292889	0.08656941809873246	0.0146633	1e-05
0.222	0.3065	-1.0941	-0.03398679652408558	0.003506366467256608	0.0011938052083641214	1.03547466	50.47961044	1.1003166	0.1222661715714678	0.0150474	1e-05
0.2614	0.2239	-0.7887	-0.03473379744393915	0.0033545228223331013	0.0004974188368183839	1.66209316	81.02739716	1.62081128	0.507161546816141	0.0200014	0.00046
0.2856	-0.0551	-0.1425	-0.03313507584911235	0.003419100004656891	-0.00017453292519943296	2.60368681	126.93028259	2.67828875	1.0661625269584205	0.0584118	0.0095
0.286	-0.1163	-0.2456	-0.029663615966895623	0.004026474584350918	-0.0005235987755982988	1.34959126	65.79286194	1.45303223	0.386095015615481	0.0554815	0.00479
0.2766	-0.0881	-0.4408	-0.027841492227813545	0.003563962332572421	-0.0005619960191421741	1.3304404	64.85925293	1.38130043	0.34895166172022246	0.0405489	0.00111
0.2888	-0.0834	-0.4878	-0.028930577681058004	0.003223623128433527	-0.00016406094968746698	1.12094581	54.64634705	1.20569386	0.155267986341903	0.0344365	0.00034
0.2771	-0.0568	-0.5233	-0.028550095904123243	0.0032777283352453507	-0.00028797932657906436	1.02412987	49.92655182	1.096306	0.1017252680319091	0.0315965	0.00018
0.272	0.0056	-0.493	-0.02942974184712838	0.003373721444105039	-0.00018500490071139895	1.0476079	51.07110596	1.11856275	0.1517306738866245	0.0314248	0.0002
0.2754	-0.0406	-0.5015	-0.029560641541027957	0.003525565089028546	-0.000158824961931484	1.04002726	50.70154953	1.11158309	0.07354616388014985	0.0328571	0.00029
0.2796	-0.1486	-0.5206	-0.02931280478724476	0.003602359576116296	-3.839724354387525e-05	1.06896555	52.11230087	1.13899136	0.15355294796292784	0.0348338	0.00036
0.2769	-0.0789	-0.5453	-0.029160961142321258	0.003570943649580398	1.5707963267948964e-05	1.02489507	49.96385193	1.09588044	0.10896823891356132	0.0308335	0.00014
0.2794	-0.0326	-0.5562	-0.029398325920592487	0.0036128315516282617	0.00022689280275926284	1.02709281	50.07099152	1.09335586	0.08422187599052033	0.0293367	0.0002
0.2806	0.0454	-0.5249	-0.03014532684044606	0.0037140606482439333	0.0003595378259108319	1.04202092	50.79874039	1.11740216	0.1595437519810407	0.0298465	0.00023
0.2846	-0.0114	-0.5288	-0.030052824390090358	0.003867649622419434	0.00045902159327450867	1.02956986	50.19174957	1.10495866	0.081978759594744	0.0319452	0.00041
0.2849	-0.0672	-0.5337	-0.029876546135638934	0.0038816122564353885	0.00041189770347066176	1.04153085	50.77484894	1.10952233	0.07286823891356113	0.0340275	0.0006
0.2859	-0.0472	-0.5545	-0.029710739856699468	0.0038083084278516272	0.00034906585039886593	1.05330479	51.34883118	1.1130959	0.05689709802975121	0.0335749	0.00068
0.2899	-0.0307	-0.5569	-0.02983989422134705	0.003766420525803763	0.00041538836197465044	1.05476916	51.42022324	1.11458068	0.034768238913561525	0.0334209	0.00085
0.2929	0.003	-0.5315	-0.030524063288128827	0.0038990655489553323	0.0005445427266222308	1.04411864	50.90100479	1.11161769	0.10939842272904628	0.0343029	0.00103
0.2947	-0.0695	-0.5435	-0.030162780132966003	0.00408756110817072	0.000645771823237902	1.0193938	49.69566727	1.09225362	0.11885039054969417	0.0358961	0.00136
0.2956	-0.0703	-0.5422	-0.030096457621390217	0.0039339721339952186	0.0006544984694978735	1.02311647	49.87714386	1.08789338	0.014431906600562847	0.036765	0.00148
0.2984	-0.048	-0.5483	-0.030065041694854317	0.004036946559862884	0.0006492624817418905	1.02341688	49.8917923	1.09015141	0.03818131700797744	0.0359563	0.00137
0.2993	-0.0171	-0.5428	-0.030328586411905462	0.004002039974822997	0.0006562437987498679	1.04993534	51.18457031	1.10831206	0.05257163095495053	0.0349787	0.00139
0.2986	0.0048	-0.5128	-0.031063370026995076	0.004040437218366873	0.000619591884457987	1.01923525	49.68793869	1.08899232	0.09309163864626847	0.0346404	0.00141
0.3051	-0.09	-0.5191	-0.030817278602463874	0.0040334559013588955	0.0007435102613495844	1.02093959	49.7710228	1.09673833	0.12644955592153884	0.0364627	0.00157
0.3064	-0.0909	-0.5179	-0.02986258350162298	0.004029965242854907	0.0006335545184739417	1.01699114	49.57853317	1.09338033	0.05680707511102621	0.0364348	0.00145
0.2931	-0.0249	-0.536	-0.02980149697780318	0.004091051766674708	0.00041538836197465044	1.01905942	49.67936325	1.10562332	0.11441696020694468	0.0324941	0.00098
0.2868	-0.0139	-0.5602	-0.03060609376297256	0.00428129265514209	0.0003612831551628262	1.01036417	49.25547028	1.09370976	0.09394714402242944	0.029663	0.00074
0.2936	-0.0164	-0.541	-0.030991811527663313	0.004305727264670011	0.0004729842272904633	1.00748599	49.11515808	1.07725101	0.05459267231731557	0.0304363	0.00065
0.296	-0.0783	-0.561	-0.03082251459021986	0.004246386070102203	0.0005305800926062762	1.00602591	49.04397964	1.08545213	0.09861169986635361	0.0309694	0.00053
0.2978	-0.0466	-0.5689	-0.030798079980691936	0.004202752838802345	0.0006073745796940267	0.98064101	47.80645752	1.05992461	0.0486431163957766	0.0292059	0.00031
0.2984	-0.0155	-0.5734	-0.03074222944462812	0.004171336912266447	0.0006265732014659643	0.97848922	47.70155716	1.05288435	0.04152325421858275	0.0276288	0.00025
0.2964	0.0302	-0.5489	-0.0312710642079824	0.004213224814314312	0.0006335545184739417	1.00450373	48.96976852	1.07724853	0.10108519912050634	0.0272207	0.00027
0.3044	-0.0046	-0.5469	-0.03098657553990733	0.0043266712156939426	0.0006597344572538566	0.99232018	48.37582016	1.06793554	0.06600575041173097	0.0284644	0.00025
0.3024	-0.0486	-0.5582	-0.030675906933052336	0.004283037984394084	0.0006126105674500097	1.00101805	48.79984283	1.07189324	0.07737128639793486	0.0295672	0.00029
0.3024	-0.0336	-0.5707	-0.030620056396988515	0.004174827570770436	0.0005323254218582705	1.00165677	48.83098221	1.07088993	0.0397173047639604	0.0282243	0.00023
0.3006	0.0227	-0.5463	-0.031166344452862742	0.0041329396687225725	0.00048345620280242926	1.0045656	48.97278595	1.08045689	0.11435225884889665	0.0277911	0.00024
0.2978	0.0012	-0.5391	-0.03145257845018981	0.0041277036809665895	0.00042411500823462205	0.98662013	48.09794235	1.06149804	0.0490405589825429	0.0285851	0.00023
0.3019	-0.1101	-0.5379	-0.030972612905891372	0.004068362486398782	0.00029496064358704166	1.03719509	50.56348419	1.11636366	0.1500230551756913	0.032649	0.00044
0.3007	-0.048	-0.5182	-0.031098276612034962	0.003975860036043083	0.0002705260340591211	1.02304804	49.87380981	1.08680939	0.09513003830136049	0.0308484	0.00031
0.3139	-0.0373	-0.4775	-0.03184702286114053	0.004436626958569585	0.00041538836197465044	1.03401244	50.40832901	1.10276393	0.13231877497737993	0.0325893	0.00067
0.3099	0.0365	-0.4329	-0.032658600963317894	0.0038467056713955023	0.00027576202181510406	1.08072031	52.68534851	1.147879	0.19945628647554964	0.0326039	0.00071
0.2951	-0.0732	-0.4618	-0.031796408312832695	0.0031049407392979124	-6.9813170079773176e-06	1.05410123	51.38766098	1.13049805	0.24773504607029348	0.0340432	0.00057
0.2904	-0.0827	-0.4648	-0.031499702339993656	0.003755948550291797	-0.0001832595714594046	1.00706625	49.09469604	1.08079022	0.07339960191421757	0.0340812	0.00048
0.2864	-0.0744	-0.4774	-0.03161489407062528	0.0038397243543875246	-0.00027750735106709843	0.99035513	48.28002548	1.06841732	0.039560765716752336	0.0333086	0.00051
0.2562	-0.0101	-0.4059	-0.03563962332572421	0.0038275070496235643	-0.0009773843811168245	1.19846582	58.42546463	1.26442601	0.4028411794956306	0.0366274	0.00245
0.2662	-0.0315	-0.4087	-0.03526088687804144	0.004063126498642799	-0.0007487462491055673	1.05813396	51.58425522	1.1186604	0.0763497014356628	0.0355069	0.00207
0.2651	-0.1062	-0.4165	-0.03451737661669185	0.004354596483725852	-0.0005323254218582705	1.02914953	50.17125702	1.10210704	0.146170053683997	0.0377216	0.00225
0.264	-0.0715	-0.4277	-0.034327135728224475	0.00449073216538141	-0.0003054326190990077	0.98287612	47.91542053	1.06059343	0.07466346864410991	0.0353562	0.0017
0.2635	-0.0133	-0.4112	-0.0349345103079185	0.004595451920501069	-0.0002251474735072685	1.01220846	49.34537888	1.08615612	0.11481897402027107	0.0338397	0.00175
0.2606	0.0235	-0.3885	-0.035498251656312665	0.004595451920501069	-0.00030368728984701333	1.00273359	48.88347626	1.08206764	0.09451405823669562	0.0347098	0.00223
0.2612	-0.1232	-0.3996	-0.03497814353921836	0.0048624872960562025	-0.00018675022996339323	1.09779358	53.51767349	1.16740108	0.2036040276266529	0.0379849	0.00251
0.2564	-0.0825	-0.3908	-0.03443883680035211	0.0043214352279379595	-0.00024609142453120044	1.0182066	49.63779068	1.09161218	0.11128500007761497	0.0375137	0.00224
0.2486	0.0251	-0.2727	-0.035040975392290154	0.0038693949516714287	-0.0003647738136668148	1.12243295	54.71884537	1.20779166	0.2921430628670094	0.042627	0.00402
0.2383	-0.01	-0.1785	-0.034663984273859375	0.004455825580341524	-0.0008307767239493009	1.14372969	55.75706482	1.22041321	0.211071232869168	0.0520038	0.0071
0.2445	-0.1716	-0.2274	-0.03293959897288898	0.003649483465920143	-0.000609119908946021	1.2016871	58.58250046	1.29558814	0.3543192115197528	0.0540023	0.00588
0.2332	-0.1378	-0.3272	-0.03229906313740706	0.003560471674068432	-0.0006178465552059926	1.15583229	56.3470726	1.22994422	0.18181371367968	0.0462582	0.00274
0.2515	-0.1138	-0.3616	-0.03336720463962759	0.003577924966588375	-0.00022863813201125715	1.08920515	53.09898376	1.18149571	0.15044016089676046	0.0411932	0.00218
0.2614	-0.0301	-0.3686	-0.0337668850383343	0.0032044245066615894	-3.490658503988659e-05	1.02697945	50.06546783	1.10425108	0.1489456202802431	0.0381556	0.00188
0.2742	-0.0304	-0.3936	-0.03392920065876977	0.003556981015564444	0.0002565634000431664	1.0046531	48.9770546	1.07676494	0.07841710572106889	0.0366604	0.00181
0.2733	-0.0871	-0.3767	-0.03404962837715737	0.0036704274169440743	0.00019198621771937622	0.99879879	48.69165421	1.07112356	0.08942256510455136	0.0399345	0.00236
0.2738	-0.055	-0.4183	-0.033829716891406084	0.0034051373706409367	0.0004328416544945937	1.02996135	50.21083832	1.09511773	0.11050284844148224	0.0365021	0.00155
0.2717	-0.053	-0.3982	-0.034028684426133445	0.0034051373706409367	0.00035430183815484887	1.02210462	49.82781982	1.09322328	0.03807536755335528	0.0376583	0.00191
0.2758	0.0182	-0.3872	-0.034629077688819496	0.003563962332572421	0.0003822271061867582	1.02958083	50.19228745	1.10191457	0.12565717463247222	0.0368285	0.00198
0.2793	-0.0857	-0.4062	-0.03444058212960411	0.003649483465920143	0.0003438298626428829	1.03457677	50.43583679	1.11249513	0.14202069680534915	0.0378373	0.00228
0.2786	-0.0816	-0.4381	-0.03445105410511607	0.0034993851502486306	0.0003769911184307752	1.00013196	48.75664902	1.07036267	0.046386577348568235	0.0360968	0.00181
0.2913	-0.0692	-0.4385	-0.03452784859220382	0.0034295719801688577	0.0005148721293383271	1.00066161	48.78246689	1.0725103	0.03972443340375376	0.0355594	0.00173
0.2851	-0.0155	-0.4375	-0.03455053787247975	0.0031084313978019013	0.00041189770347066176	1.01890373	49.67177582	1.08573169	0.08324021442552741	0.033507	0.00142
0.2706	-0.0035	-0.4382	-0.03475648672421508	0.0033265975543011915	0.0003106686068549907	1.01414287	49.43968201	1.08518364	0.05346720524251467	0.032757	0.00134
0.2543	-0.1103	-0.479	-0.034414402190824187	0.0035534903570604553	0.00018500490071139895	1.07129943	52.22607422	1.14435318	0.19863205211468743	0.0338936	0.00125
0.2662	-0.0479	-0.49	-0.03499210617323431	0.003497639820996636	0.0003769911184307752	1.00975537	49.22579193	1.08030479	0.12657703680966595	0.0307332	0.00095
0.2701	-0.0139	-0.4856	-0.03501654078276223	0.003412118687648914	0.0004485496177625427	1.01824224	49.63952637	1.08560351	0.05137571211037041	0.0294579	0.00085
0.2722	0.0304	-0.4741	-0.0353045201093413	0.0034452799434368064	0.00041189770347066176	1.03919721	50.66108322	1.10015627	0.07578962483294209	0.0289698	0.00111
0.2728	0.0627	-0.4593	-0.035953782591083186	0.0036093408931242737	0.00048171087355043494	1.03545499	50.47865295	1.09999386	0.09185683007545642	0.0292259	0.00131
0.2717	-0.0228	-0.4838	-0.035409239864460956	0.0035744343080843866	0.0004433136300065597	1.048087	51.09446716	1.11383706	0.1419923277602996	0.030185	0.00116
0.2763	-0.0252	-0.4893	-0.03529753879233332	0.0036512287951721376	0.0006126105674500097	1.00577879	49.03193283	1.0719402	0.030389624832941844	0.0297481	0.00121
0.2796	-0.0041	-0.4876	-0.035397022559697	0.0037088246604879502	0.0006213372137099814	0.98845017	48.18715668	1.05567016	0.034390313946973124	0.0290962	0.00111
0.2854	0.0092	-0.4824	-0.03555584752162848	0.0036669367584400863	0.0004310963252425994	1.05280077	51.32426071	1.10412241	0.04384768762233629	0.0294941	0.00107
0.2843	0.0455	-0.4631	-0.03601486911490299	0.003745476574779831	0.0004049163864626844	1.05948913	51.65032196	1.11401223	0.08488706741970845	0.0301477	0.00137
0.2779	-0.0398	-0.4793	-0.03574434308084387	0.0039339721339952186	0.0003822271061867582	1.014557	49.45986938	1.08675497	0.13198554367752152	0.0309517	0.00137
0.2788	-0.0737	-0.4815	-0.03554188488761253	0.003830997708127553	0.0003525565089028545	0.99564034	48.53767776	1.07001311	0.05375516081914561	0.0327978	0.0015
0.2712	-0.0532	-0.4809	-0.035662312606000134	0.003680899392456041	0.0003944444109507184	1.00910854	49.19425583	1.07383925	0.044320696805349086	0.0316576	0.00134
0.2632	-0.0026	-0.4793	-0.0357967029584037	0.003488913174736664	0.00021642082724729686	1.05187893	51.27931976	1.11181374	0.08542000769131838	0.0303382	0.00116
0.2553	0.0402	-0.4535	-0.03637615227006582	0.0035883969421003415	0.00011519173063162575	1.05886817	51.62005234	1.11990331	0.11550810878207315	0.0300241	0.00143
0.2562	-0.0189	-0.4794	-0.03582986421419159	0.0036337755026521943	0.00016231562043547262	1.00557816	49.02214813	1.07728103	0.1178395253114963	0.0299823	0.00116
0.2562	-0.0265	-0.4928	-0.035561083509384465	0.003611086222376268	0.00013264502315156904	0.98982549	48.2542038	1.06302101	0.0370570291183478	0.029318	0.00109
0.2506	0.0046	-0.5269	-0.03555933818013247	0.00318871654339364	2.094395102393195e-05	1.03665781	50.53729248	1.09776621	0.09759080401811318	0.0271646	0.00067
0.2484	-0.0075	-0.5228	-0.036184166052346436	0.0028012534494508993	-2.6179938779914945e-05	1.04995656	51.18560791	1.10683589	0.07137074279802781	0.0280036	0.00097
0.2505	0.0325	-0.4829	-0.03699399882527181	0.003001966313430246	-2.268928027592628e-05	1.05160809	51.2661171	1.11000605	0.13270181477043547	0.0295286	0.00152
0.2509	-0.0589	-0.4806	-0.0368439005096003	0.0030979594222899347	-6.806784082777885e-05	1.03309512	50.36360931	1.10209554	0.1086734992541526	0.0315066	0.00192
0.2509	-0.0711	-0.5063	-0.03630633909998605	0.0029967303256742636	-4.71238898038469e-05	0.9965027	48.57971954	1.06888882	0.07088672286269265	0.0300445	0.00133
0.2504	-0.0384	-0.5262	-0.03623478060065428	0.002960078411382383	2.96705972839036e-05	0.9983508	48.66981506	1.06615415	0.06235024503557006	0.0278188	0.00104
0.2512	0.0389	-0.5102	-0.03676885135176454	0.0029775317039023265	1.0471975511965975e-05	1.04636049	51.01029968	1.11310678	0.12263613327010713	0.0270289	0.00114
0.2541	0.082	-0.4698	-0.037480945686578226	0.003232349774693498	-3.665191429188092e-05	1.04244852	50.81958771	1.10898469	0.1371018147704353	0.0284581	0.00162
0.2569	-0.0513	-0.503	-0.03654893986601326	0.0032044245066615894	5.061454830783555e-05	1.06704867	52.01885223	1.13557059	0.22165987755982977	0.0296979	0.0015
0.2624	-0.0431	-0.5325	-0.035793212299899714	0.002895501229058593	0.00013264502315156904	0.99839848	48.67213821	1.07375946	0.1005340659280136	0.0279509	0.00077
0.2701	0.0131	-0.5458	-0.03622779928364629	0.0029321531433504737	0.0004206243497306334	0.9895606	48.24129105	1.06799805	0.11516091123087611	0.0260203	0.00071
0.273	0.0953	-0.5209	-0.037041122715075654	0.0030613075079980543	0.00045902159327450867	1.06388724	51.86473083	1.12594824	0.15904375198104084	0.0262765	0.00101
0.2696	0.0143	-0.5036	-0.036791540632040466	0.003262020371977402	0.0003193952531149623	1.01583326	49.52209091	1.091242	0.13119606435870407	0.028592	0.0013
0.2656	-0.0576	-0.5083	-0.03644945609864958	0.0031712632508736965	0.0002740166925631097	1.01062512	49.26819229	1.09026361	0.10451101075232216	0.0302349	0.00138
0.2711	-0.0295	-0.4937	-0.03648436268368946	0.0028623399732707008	0.0003193952531149623	1.00159955	48.82819366	1.07278917	0.0676604211597363	0.0300475	0.00132
0.2647	0.0643	-0.4736	-0.037107445226651437	0.0029705503868943488	0.0002600540585471551	1.06928182	52.12771606	1.13564534	0.15983170755767168	0.0286258	0.00153
0.2571	0.0329	-0.4778	-0.03739193389472651	0.0031223940318178558	0.0002670353755551324	0.99676633	48.59257126	1.07294497	0.06536568150032789	0.0294175	0.00173
0.257	-0.0648	-0.4853	-0.03692767631369603	0.0031433379828417875	0.00024609142453120044	1.06879973	52.10421753	1.12978811	0.13060727415391732	0.0319068	0.00182
0.2523	-0.0188	-0.5005	-0.03660129974357308	0.0028309240467348025	0.000153588974175501	1.0130744	49.38759613	1.08147061	0.1024646478292814	0.0308785	0.00137
0.2404	0.0196	-0.5136	-0.03532546406036523	0.002701769682087222	-0.0005585053606381855	1.08661246	52.97258759	1.15213883	0.1692542191334561	0.0283247	0.00065
0.2456	0.0652	-0.5493	-0.031182052416130687	0.0030979594222899347	-0.0011205013797803594	1.20744574	58.86323929	1.28179301	0.3415798701789714	0.026123	0.00016
0.2304	0.0656	-0.8786	-0.03161838472912927	0.004331907203449926	6.283185307179586e-05	1.83430064	89.42254639	1.8542394	0.4875806663505365	0.0180135	0.00014
0.2188	0.0022	-1.0887	-0.035578536801904405	0.0038100537571036214	0.00013962634015954637	1.70719218	83.22598267	1.75835326	0.5130400003104594	0.0198771	0.00012
0.2592	0.1354	-1.0183	-0.03483677186980682	0.0032847096522533284	0.0003106686068549907	1.29576886	63.16900635	1.35740405	0.3159075651821662	0.0165097	0.00011
0.2844	0.2838	-0.9357	-0.032419490855794666	0.0022759093446006054	0.00041015237421866745	1.36646831	66.61562347	1.39672773	0.4324782544514276	0.0131667	0.00012
0.2797	0.2657	-0.9593	-0.032033773091103925	0.0028274333882308137	0.0004014257279586958	1.09808278	53.5317688	1.14708098	0.09369842272904615	0.0117162	2e-05
0.2716	0.2134	-0.9614	-0.03220307002854737	0.0029722957161463434	0.0005061454830783556	1.02350807	49.89623642	1.08519053	0.08344395102393187	0.0106856	1e-05
0.2638	0.2217	-0.9125	-0.03260100509800208	0.0032026791774095948	0.00042760566673861073	0.98838645	48.18405151	1.06115986	0.10034291735288528	0.0109538	1e-05
0.2555	0.1456	-0.8616	-0.03250501198914239	0.003223623128433527	0.00023911010752322313	1.05482197	51.42279434	1.10790923	0.15057163095495027	0.0116527	1e-05
0.2482	0.013	-0.8231	-0.03295181627765294	0.002775073510670984	-0.00027576202181510406	1.09841013	53.54772568	1.15694341	0.2489113017805707	0.0147082	2e-05
0.2504	0.0012	-0.8036	-0.033260739555255936	0.0026912977065752563	-0.00029496064358704166	0.99261844	48.39036179	1.06755899	0.05409488517353329	0.0159565	3e-05
0.2521	-0.0082	-0.8112	-0.03323455961647602	0.0026249751949994717	-0.0002548180707911721	0.98397374	47.96892929	1.05608167	0.025332251157578537	0.0160949	1e-05
0.2524	0.0437	-0.7904	-0.03368136390498657	0.002516764781375823	-0.00034557519189487725	1.01847386	49.65081787	1.08847678	0.1052885911618953	0.0152424	1e-05
0.2504	0.1058	-0.7625	-0.03419274537582091	0.002590068609959585	-0.0003595378259108319	1.00896788	49.187397	1.08677396	0.12193239667170298	0.0151958	1e-05
0.2536	0.031	-0.7793	-0.03340560188317147	0.0027471482426390747	-0.0003665191429188092	1.02313662	49.87812805	1.09277126	0.1423602221168457	0.0157643	2e-05
0.2507	0.0625	-0.7955	-0.033196162372932145	0.0026808257310632897	-0.00037350045992678646	0.99571157	48.54115295	1.06629493	0.0647371669411542	0.0151226	2e-05
0.2489	0.0941	-0.8004	-0.03335324200561164	0.002515019452123829	-0.00040840704496667313	0.98141754	47.84431458	1.05298929	0.056189624832942174	0.0139002	0.0
0.2464	0.1785	-0.7795	-0.033655183966206655	0.0023527038316883565	-0.00038571776469074686	1.01853657	49.65387726	1.08600223	0.13214734306532064	0.0150197	5e-05
0.2478	0.1289	-0.7735	-0.0337040531852625	0.002530727415391778	-0.0004520402762665313	1.0030514	48.89896774	1.07224827	0.07166076571675244	0.0163034	5e-05
0.2478	0.0346	-0.7828	-0.03329913679879981	0.0025324727446437724	-0.0004886921905584122	1.03221834	50.32086182	1.10331936	0.12576568150032819	0.0173175	6e-05
0.2447	0.0435	-0.8032	-0.0329640335824169	0.002642428487519415	-0.0004206243497306334	1.00290358	48.89176559	1.06856439	0.05805634000431643	0.0148432	2e-05
0.2442	0.0573	-0.8033	-0.03321885165320807	0.002469640891571976	-0.0004049163864626844	1.00172126	48.83412552	1.06873819	0.03656568150032782	0.0140239	2e-05
0.2491	0.1053	-0.7677	-0.03390127539073785	0.00277332818141899	-0.0003874630939427412	0.99606699	48.55847931	1.07403473	0.13867821599483693	0.0141863	2e-05
0.2488	0.0407	-0.7876	-0.03366565594171862	0.0028518679977587343	-0.0003159045946109737	0.98683882	48.10860443	1.06448049	0.10408588823453704	0.014774	3e-05
0.2561	0.0084	-0.8136	-0.03297625088718086	0.002663372438543347	-0.00021467549799530252	0.98083925	47.81612396	1.05535869	0.11455648551844096	0.0146624	2e-05
0.2589	0.0686	-0.825	-0.03321710632395608	0.0025586526834236872	-3.141592653589793e-05	1.0039537	48.94295883	1.07310602	0.10084173816771412	0.0139027	0.0
0.2565	0.1569	-0.7961	-0.034051373706409364	0.0024766222085799536	-0.0002600540585471551	1.03873444	50.63852692	1.10845625	0.17684679946541368	0.0133606	1e-05
0.258	0.07	-0.7932	-0.03375815839207432	0.0026267205242514655	-0.00027576202181510406	1.05705249	51.5315361	1.11661943	0.11425107966372525	0.0145566	2e-05
0.2802	0.044	-0.8014	-0.033496359004275174	0.002361430477948328	-0.000148352986419518	1.03864992	50.63440704	1.09908534	0.08912492347489354	0.0154276	3e-05
0.3117	0.0923	-0.8103	-0.0338244809036501	0.002092649773141201	0.0003089232776029963	1.03982067	50.69148254	1.10002443	0.14140894341022853	0.0155709	3e-05
0.3099	0.1282	-0.798	-0.034191000046568915	0.0021642082724729686	0.00014311699866353502	1.00814247	49.14715958	1.07691363	0.08019419605950195	0.0155872	2e-05
0.292	0.1724	-0.7595	-0.03491531168614657	0.0023649211364523163	-0.00011344640137963142	1.0180577	49.63053131	1.09151394	0.15967939518000848	0.0156298	2e-05
0.2837	0.029	-0.7701	-0.03424335992412875	0.002637192499763432	-0.00028274333882308137	1.08892965	53.08555603	1.15704211	0.21797600313861937	0.0169311	2e-05
0.2779	0.0058	-0.7801	-0.03399028718258956	0.0027157323161031764	-0.00021642082724729686	0.98178083	47.86202621	1.06007029	0.05889675347273569	0.0166968	4e-05
0.2708	0.0364	-0.8054	-0.03383495287916207	0.002698279023583233	-0.0002007128639793479	0.98746687	48.13922119	1.05616286	0.07242477796076918	0.0151876	1e-05
0.2667	0.06	-0.8041	-0.033892548744477884	0.002633701841259443	-0.00028099800957108706	0.98710346	48.12150574	1.05872639	0.03912290966156704	0.0146835	1e-05
0.2698	0.1141	-0.7541	-0.03435157033775239	0.0026040312439755396	-0.0005183627878423159	1.00797069	49.13878632	1.08736177	0.14350284844148214	0.0153386	1e-05
0.274	0.0607	-0.7486	-0.03432189974046849	0.0027611108766550296	-0.0004799655442984406	1.01031351	49.25299835	1.07942319	0.07435737367536353	0.0166749	2e-05
0.2716	0.0409	-0.7489	-0.03427826650916863	0.002707005669843205	-0.0004956735075663896	1.01257527	49.36326218	1.07977859	0.02817232006898144	0.0168452	2e-05
0.2737	0.0649	-0.753	-0.03421368932684484	0.002694788365079245	-0.0004799655442984406	0.980425	47.79592896	1.058839	0.03482512251778498	0.0162974	1e-05
0.2682	0.0947	-0.7463	-0.034510395299683874	0.002569124658935653	-0.0005044001538263612	0.97730708	47.64392853	1.05485242	0.06434021442552733	0.0164738	2e-05
0.2587	0.1441	-0.7247	-0.03557679147265242	0.00239459173373622	-0.0005131268000863328	1.01301432	49.38466263	1.08480454	0.1429827872213975	0.0168376	4e-05
0.2599	0.032	-0.7309	-0.03504795670929813	0.0025080381351158514	-0.00048345620280242926	1.06242061	51.79323196	1.12543769	0.1530975881008912	0.0175702	2e-05
0.2494	0.0071	-0.7414	-0.034653512298347414	0.002457423586808016	-0.0003647738136668148	0.99283594	48.40096283	1.06356103	0.07408706741970839	0.0177817	2e-05
0.2445	0.0339	-0.7619	-0.034496432665667924	0.0022724186860966175	-0.0003682644721708035	1.00945711	49.21125031	1.07300205	0.06947875959474394	0.0169036	0.0
0.2445	0.0913	-0.7411	-0.035040975392290154	0.002197369528260861	-0.00038048177693476387	1.02770615	50.10089493	1.09355972	0.10979045946109736	0.0167289	4e-05
0.2443	0.1198	-0.716	-0.03534117202363318	0.0022165681500327986	-0.0004729842272904633	1.00919473	49.19845963	1.08099575	0.0743948851735333	0.0173827	2e-05
0.2459	-0.0011	-0.7096	-0.034803610614018925	0.002314306588144481	-0.0006108652381980154	1.03995609	50.69808197	1.11190587	0.16755904293167465	0.0197685	2e-05
0.2463	0.0487	-0.7075	-0.03490833036913859	0.0020804324683772408	-0.0009494591130849152	0.98896825	48.21241379	1.06165797	0.0861593874886902	0.0189345	4e-05
0.2483	0.0511	-0.7032	-0.03529928412158531	0.0021258110289290935	-0.0009040805525330626	0.98131919	47.8395195	1.05116425	0.03278554367752136	0.0187618	5e-05
0.2478	0.0965	-0.696	-0.035484289022296715	0.002050761871093337	-0.0009529497715889039	1.00311124	48.9018898	1.07363364	0.06854616388015017	0.0191118	4e-05
0.2565	0.0989	-0.6845	-0.0355506115338725	0.002466150233067988	-0.0005585053606381855	0.9866733	48.10053253	1.06425419	0.06640776422505755	0.0191824	7e-05
0.251	0.0006	-0.6926	-0.03528532148756936	0.0024242623310201236	-0.0006754424205218055	1.02417612	49.92880249	1.09946131	0.13310575041173103	0.0207067	8e-05
0.2492	0.0198	-0.7149	-0.035114279220873915	0.0023474678439323734	-0.0006719517620178169	0.97672957	47.61577606	1.05085729	0.055866370614359256	0.0194411	9e-05
0.2421	0.0338	-0.7461	-0.03514744047666181	0.0022183134792847924	-0.0005550147021341969	0.97870475	47.71206665	1.05451766	0.06626263401595478	0.018637	5e-05
0.2388	0.0571	-0.7409	-0.035595990094424344	0.0020734511513692635	-0.0005358160803622592	0.9888832	48.20826721	1.06271518	0.062430528372500065	0.0188537	5e-05
0.2398	0.0884	-0.7166	-0.036100390248250715	0.0019355701404617114	-0.0006387905062299246	0.9827674	47.91012192	1.05936685	0.09386277953007939	0.019195	5e-05
0.2366	-0.0058	-0.7319	-0.03599567049313105	0.0013805554383275148	-0.0014835298641951804	1.05303955	51.33590317	1.12650682	0.18792369076095583	0.0214669	8e-05
0.2263	0.0326	-0.7497	-0.03584208151895555	0.0012042771838760874	-0.0016126842288427606	0.97635287	47.59741211	1.05250663	0.08945107966372542	0.0197762	4e-05
0.2255	0.0599	-0.7616	-0.03596949055435114	0.0010716321607245184	-0.0015638150097869194	0.98445261	47.99227524	1.05955421	0.05544616388015008	0.0190464	5e-05
0.224	0.0783	-0.7888	-0.03599741582238305	0.001069886831472524	-0.0015446163880149814	0.99738413	48.62268829	1.0673829	0.04954346095279186	0.0182718	4e-05
0.2256	0.0933	-0.7852	-0.036322047063253995	0.001075122819228507	-0.001579522973054868	1.01025701	49.25024414	1.07441486	0.03843869068334076	0.0181275	3e-05
0.2326	0.1415	-0.7465	-0.03690847769192408	0.0010890854532444615	-0.0017366026057343581	1.01293302	49.38070297	1.07979887	0.13177364476827655	0.0193202	7e-05
0.2343	0.1038	-0.7441	-0.03685960847286825	0.0012095131716320703	-0.0017959438003021652	0.99672556	48.5905838	1.06330167	0.05323190660056264	0.0202209	9e-05
0.2355	0.0371	-0.7622	-0.03648087202518547	0.0013316862192716734	-0.0017470745812463236	0.99329764	48.42347336	1.07049864	0.11348893571891108	0.0203666	0.00012
0.2383	0.0794	-0.7776	-0.03631681107549801	0.0012636183784438947	-0.0017418385934903407	0.99750286	48.628479	1.06504953	0.07236823891356113	0.0192126	5e-05
0.2356	0.0794	-0.7992	-0.03638836957482978	0.0011955505376161158	-0.0016301375213627037	1.00167799	48.83201599	1.07149863	0.03686637061435936	0.0191486	5e-05
0.2436	0.0984	-0.7732	-0.0366588956088889	0.0012897983172238095	-0.001748819910498318	1.00969803	49.22299194	1.07918158	0.07717281014012162	0.0199975	5e-05
0.2514	0.1561	-0.7221	-0.03721914629877908	0.0015219271077390555	-0.001609193570338772	1.02718997	50.07572937	1.09778312	0.1632002910282485	0.0206681	0.00013
0.2498	0.0418	-0.7282	-0.03696258289873591	0.0015289084247470327	-0.001635373509118687	1.02595925	50.01573563	1.09898196	0.13648623279155295	0.0218233	0.00017
0.2488	0.0451	-0.7525	-0.036585591780305134	0.0014782938764391971	-0.0015393804002589986	0.98034906	47.79222488	1.05529572	0.054779938779915154	0.0210262	0.0001
0.2436	0.0513	-0.7813	-0.03637615227006582	0.0013788101090755204	-0.0013892820845874865	0.97837305	47.69589615	1.05794595	0.06315107966372521	0.0202606	2e-05
0.2436	0.0776	-0.7757	-0.03707253864161155	0.0016598081186466073	-0.0012845623294678264	0.99260616	48.38976288	1.06752043	0.08600520681182398	0.020718	0.00012
0.249	0.148	-0.7263	-0.03783175686622909	0.0017016960206944712	-0.0012322024519079964	1.03347564	50.38215637	1.10556544	0.16787330021126162	0.0217288	0.00018
0.2504	0.0606	-0.7268	-0.03761708136823378	0.0017139133254584315	-0.0012583823906879114	1.00663829	49.07382965	1.07851679	0.10195363707695929	0.0224689	0.00022
0.257	0.0225	-0.7313	-0.03722787294503905	0.0017086773377024485	-0.0012583823906879114	0.99532503	48.52230835	1.06655725	0.06892222054753565	0.0230277	0.00025
0.2623	0.0599	-0.7576	-0.037025414751807706	0.0017208946424664088	-0.001158898623324235	0.9753319	47.54763794	1.05039553	0.08470796326794908	0.021588	0.00015
0.2657	0.0986	-0.7403	-0.037482691015830225	0.0018343410438460403	-0.0010733774899765126	0.98438275	47.98886871	1.06007631	0.09221218993749372	0.0220028	0.00018
0.2618	0.1107	-0.7237	-0.03791727799957681	0.0018779742751458986	-0.001181587903600161	0.98802119	48.16624451	1.0637375	0.061921531433504554	0.0225978	0.00032
0.2632	0.0009	-0.7323	-0.037421604492010416	0.001864011641129944	-0.0012095131716320703	1.0325458	50.33682632	1.10585906	0.14667807048071285	0.0237228	0.00033
0.2645	0.0416	-0.7437	-0.037269760847086914	0.0019530234329816546	-0.0010663961729685354	0.99133211	48.32765198	1.05876844	0.07259862177193747	0.0218282	0.00016
0.2662	0.0737	-0.747	-0.03752108825937409	0.0019006635554218248	-0.0010663961729685354	0.97857684	47.70582962	1.05302069	0.0522843644923504	0.0208358	0.00013
0.2627	0.1433	-0.717	-0.03816336942410801	0.0019687313962496035	-0.0010245082709206715	1.02133894	49.7904892	1.09380599	0.14071184538047793	0.0213025	0.00018
0.2623	0.0891	-0.7153	-0.03806912164450032	0.002054252529597326	-0.000973893722612836	1.00286281	48.88977814	1.07462626	0.06781917306316232	0.0219737	0.00027
0.2627	0.02	-0.7316	-0.037576938795437914	0.0020594885173533086	-0.000921533845053006	1.02018178	49.73408127	1.09330189	0.11328893571891084	0.0218233	0.00018
0.2562	0.0476	-0.7673	-0.03744778443079033	0.0018727382873899156	-0.0009023352232810684	0.99036151	48.28033447	1.06264093	0.0865551608191456	0.0202875	0.00012
0.255	0.1006	-0.7588	-0.037877135426780936	0.001820378409830086	-0.000879645943005142	1.01814938	49.63500214	1.08587283	0.08792000769131794	0.0207644	0.00017
0.2561	0.1515	-0.7307	-0.038491491323482944	0.0019687313962496035	-0.0008325220532012951	1.0026989	48.88178635	1.07700445	0.12059163864626864	0.0217977	0.00026
0.2581	0.0358	-0.7337	-0.03817384139961997	0.002087413785385218	-0.0008412486994612669	1.04419994	50.90497208	1.11104172	0.14295294796292807	0.0222358	0.00021
0.2583	0.0332	-0.7568	-0.037667695916541614	0.002103121748653167	-0.0007661995416255106	1.00797987	49.13923645	1.07485567	0.05574513020910298	0.0210019	0.00012
0.254	0.0615	-0.788	-0.03753505089339005	0.002078687139125246	-0.0006283185307179585	0.98753893	48.14273453	1.05906619	0.07854803217935186	0.0193921	3e-05
0.2523	0.1287	-0.7704	-0.03805690433973635	0.0021799162357409173	-0.0005619960191421741	1.00610733	49.04794693	1.08202508	0.12097025272688797	0.0193376	9e-05
0.2546	0.146	-0.759	-0.03837106360509534	0.002331759880664424	-0.00047123889803846896	1.00938547	49.20775604	1.08047754	0.05883800156930981	0.0203086	0.00013
0.254	0.0021	-0.7894	-0.03783699285398507	0.002462659574563999	-0.00031415926535897925	1.11269009	54.24387741	1.17363173	0.21600250388446668	0.0210658	9e-05
0.2518	0.0486	-0.8208	-0.03746698305256227	0.0024923301718479027	-0.00018500490071139895	1.00522399	49.00488663	1.06785787	0.1065417381677142	0.0190904	4e-05
0.2546	0.0971	-0.824	-0.03759439208795786	0.0023439771854283846	-0.00029496064358704166	0.98946202	48.23648453	1.06020874	0.07378588823453755	0.0190485	5e-05
0.2575	0.1538	-0.7793	-0.038168605411863996	0.00243473430653209	-0.00029321531433504735	1.00856626	49.16781998	1.08346504	0.1376357887130917	0.0199321	0.00011
0.2586	0.1231	-0.7611	-0.03836582761733935	0.0027471482426390747	-0.0001937315469713706	1.00355005	48.92327881	1.07533251	0.08045599544730084	0.0210506	0.00016
0.2654	0.0484	-0.7767	-0.038021997754696474	0.002518510110627818	-0.00032463124087094524	1.01388848	49.42728043	1.08355136	0.13226838442768543	0.0206792	0.00013
0.2675	0.0656	-0.7989	-0.037641515977761705	0.002357939819444339	-0.000148352986419518	0.99225295	48.37254333	1.06207118	0.07736651612848382	0.0196045	7e-05
0.2675	0.1184	-0.7689	-0.03806737631524832	0.002282890661608583	-0.00037524578917878077	1.01316118	49.39182281	1.08611331	0.11919011490408173	0.0198705	0.00012
0.2626	0.1623	-0.7288	-0.038954003575261444	0.0024190263432641405	-0.0006440264939859076	1.03536069	50.47405624	1.10711428	0.1534771823237904	0.0216742	0.00023
0.2669	0.0261	-0.7506	-0.03815638810710003	0.0025778513051956248	-0.0005619960191421741	1.11924219	54.56329346	1.16694941	0.2142235452468316	0.0226243	0.00022
0.2674	-0.0339	-0.7542	-0.037793359622685214	0.002541199390903744	-0.0003351032163829112	1.05037153	51.20583725	1.1122975	0.0954286600732979	0.0228464	0.00023
0.265	0.036	-0.7707	-0.037734018428117404	0.0024434609527920616	-0.00023387411976724014	1.02575386	50.00572205	1.0903219	0.10171543646475828	0.0208186	0.0001
0.2646	0.0874	-0.7698	-0.03807610296150829	0.0023998277214922034	-0.00020594885173533088	1.01777065	49.616539	1.08248594	0.07338215163613272	0.0202222	0.00012
0.2526	0.1468	-0.7409	-0.03869744017521828	0.002617993877991494	-0.0001884955592153876	1.03904557	50.65369415	1.10581517	0.14314783313646107	0.0207987	0.00019
0.2535	0.0668	-0.7578	-0.0384443674336791	0.002595304597715568	-3.316125578789226e-05	1.07355857	52.33621216	1.12569605	0.11935481626212999	0.0213101	0.00015
0.2528	0.0452	-0.7517	-0.03837804492210332	0.002478367537831948	-0.0001291543646475804	1.02895272	50.16166687	1.0902805	0.04236263401595451	0.020762	0.00015
0.2584	0.0867	-0.7545	-0.03805515901048436	0.0023404865269243957	-0.00021642082724729686	1.03202522	50.31145096	1.09486892	0.07730166925631114	0.0211025	9e-05
0.2552	0.1028	-0.7566	-0.038573521798326675	0.0022951079663725434	-0.0003612831551628262	1.00056684	48.77784729	1.07104082	0.0568301838154849	0.0212099	0.00013
0.2516	0.1125	-0.7407	-0.03921754829231258	0.0025237460983838006	-0.00011519173063162575	1.01348209	49.4074707	1.08358712	0.08513780252641823	0.0219248	0.00023
0.2567	-0.0162	-0.7626	-0.03855432317655474	0.0025883232807075904	-0.00013264502315156904	1.09242713	53.25605392	1.15406941	0.1929627795300788	0.0236251	0.0002
0.2565	0.0292	-0.7953	-0.03829426911800759	0.0024172810140121463	7.853981633974481e-05	1.02087176	49.76771545	1.0840377	0.11041405823669538	0.0219353	0.00011
0.2525	0.0666	-0.8164	-0.038489745994230946	0.0022933626371205488	0.00020769418098732522	1.01244044	49.35668564	1.07939828	0.08492748088812678	0.0206631	0.00011
0.246	0.1457	-0.784	-0.039179151048768714	0.0025761059759436306	7.67944870877505e-05	1.022282	49.83646774	1.10095505	0.17315240436302115	0.0209942	0.00013
0.251	0.0824	-0.7774	-0.03838851689761528	0.0028605946440187057	0.00011693705988362007	1.04005671	50.70298386	1.10580367	0.13066326960121905	0.0206619	0.00013
0.2374	0.0314	-0.8347	-0.03707602930011554	0.002659881780039358	-0.00012217304763960306	1.09879994	53.56673431	1.15100685	0.20951552845011548	0.0191323	4e-05
0.2103	0.1257	-0.8784	-0.035946801274075214	0.00210835773640915	-0.001324704902263696	1.16520035	56.80376434	1.20636707	0.3092641962147313	0.016416	4e-05
0.1244	0.2423	-1.0998	-0.027618090083558273	0.0002705260340591211	-0.005564109655357922	1.83493805	89.45362091	1.79670806	1.14419738229806	0.0218694	0.00112
0.1661	0.1403	-1.0785	-0.02697580891882436	0.0012147491593880533	-0.004169591583014453	1.18757021	57.89430237	1.22864159	0.3140511181203158	0.018992	0.00036
0.2212	-0.0172	-1.0849	-0.025680774613844562	0.0012095131716320703	-0.002883283924294633	1.27655637	62.23239517	1.31109833	0.34832889757278	0.0220798	0.00058
0.2314	0.0017	-1.0129	-0.026672121628977342	0.0015271630954950383	-0.00205599785884932	1.18304873	57.67387772	1.2219231	0.20791415022205312	0.0173195	9e-05
0.2351	0.1179	-1.0089	-0.02760761810804631	0.0021275563581810873	-0.0011780972450961724	1.15294099	56.20611954	1.21299059	0.24458951777540816	0.0153093	1e-05
0.238	0.1293	-1.0202	-0.027864181508089468	0.0018343410438460403	-0.001022762941668677	1.0655781	51.94716263	1.11854501	0.06085565089028517	0.0136024	2e-05
0.2124	0.2303	-1.0097	-0.029290115506968837	0.0019006635554218248	-0.0012793263417118436	1.07263327	52.29110336	1.14264684	0.22454099552491597	0.0135055	1e-05
0.2026	0.159	-1.0215	-0.02921506634913308	0.002131047016685076	-0.0010873401239924673	1.06818283	52.07414246	1.12087856	0.11777094184091919	0.012995	2e-05
0.1995	0.0754	-1.0252	-0.02896548426609789	0.0019373154697137059	-0.0012461650859239514	1.03686523	50.54740143	1.10301728	0.12050692959690208	0.0137312	1e-05
0.1987	0.0946	-1.0338	-0.02901958947290972	0.00214850030920502	-0.0008936085770210966	1.00428772	48.95924377	1.06892912	0.059492327760300154	0.0140142	2e-05
0.1992	0.0627	-1.0368	-0.0290562413872016	0.002064724505109292	-0.0010035643198967395	0.99380839	48.44837189	1.06158617	0.04691917306316245	0.0152655	0.00011
0.1987	0.1295	-1.022	-0.02935120203078864	0.00204378055408536	-0.0009756390518648303	1.00266767	48.88026428	1.07583577	0.09929149313214392	0.0153397	0.0001
0.2004	0.0958	-1.0136	-0.02962696405260374	0.0022148228207808044	-0.0008499753457212384	1.00193822	48.84470367	1.07415715	0.07242339973270685	0.0162677	0.00012
0.2024	0.0179	-1.0198	-0.02942799651787639	0.002118829711921116	-0.0010000736613927507	1.02353549	49.89757156	1.09715312	0.10835294796292753	0.0181529	0.00015
0.203	0.0648	-1.0236	-0.029578094833547904	0.0020106192982974674	-0.0010367255756846318	0.98948812	48.23775864	1.06666559	0.06604803217935225	0.016968	0.00018
0.202	0.1095	-1.0262	-0.02971772117370745	0.0019757127132575807	-0.0007714355293814937	0.98569661	48.0529213	1.06122891	0.07029114857512851	0.0171299	0.00018
0.2153	0.1696	-1.0032	-0.03025877324182569	0.0020856684561332234	-0.0007557275661135446	0.99843115	48.67373276	1.07655226	0.1297357887130915	0.0168967	0.00012
0.2097	0.1663	-0.9803	-0.03060609376297256	0.0022462387473167022	-0.000778416846389471	1.01920223	49.68632889	1.08709812	0.05832900463031392	0.016649	0.0001
0.2059	0.0531	-0.9899	-0.030092966962886228	0.0023352505391684127	-0.000661479786505851	1.09222806	53.24634933	1.15269834	0.1625537825910832	0.0168799	0.00011
0.1996	0.0745	-1.0091	-0.030040607085326403	0.0022444934180647076	-0.0005410520681182421	1.03531468	50.4718132	1.08860035	0.06007723585255706	0.0169101	5e-05
0.1976	0.0716	-1.0312	-0.02985909284311899	0.002258456052080662	-0.0005183627878423159	1.01428783	49.44674683	1.07741025	0.03790830782496438	0.0154159	7e-05
0.1961	0.1209	-1.0286	-0.030325095753401473	0.0021938788697568722	-0.000609119908946021	1.00297236	48.8951149	1.07581639	0.08446686068549873	0.0137073	4e-05
0.1964	0.1412	-1.0281	-0.030749210761636097	0.002143264321449037	-0.0006702064327658224	0.99587262	48.5490036	1.06683724	0.04789080401811298	0.0132595	2e-05
0.1975	0.0839	-1.0315	-0.030593876458208602	0.0024015730507441976	-0.00034033920413889426	1.00390935	48.9407959	1.07638807	0.09897551306747927	0.0138375	2e-05
0.1981	0.0966	-1.0316	-0.03072826681061217	0.00231779724664847	-0.0003682644721708035	0.98330563	47.93635941	1.05960638	0.02570457122656015	0.0140065	1e-05
0.1953	0.1044	-1.0315	-0.030965631588883394	0.0022654373690886398	-0.00039269908169872416	1.01420796	49.44285202	1.08011448	0.0264079632679488	0.0142853	2e-05
0.197	0.1149	-1.0372	-0.031244884269202487	0.0022200588085367874	-0.0003700098014227979	1.04298103	50.84555054	1.09152793	0.03526602605734342	0.0144578	4e-05
0.1978	0.1258	-1.0466	-0.0313321507318022	0.0022636920398366456	-0.000291469985083053	1.02816236	50.12313461	1.08630098	0.03157197551196577	0.0127738	2e-05
0.2008	0.1523	-1.0424	-0.03168645256995705	0.0023387411976724015	-0.00017627825445142725	1.05814493	51.58478928	1.10771357	0.060927136331111686	0.0132083	2e-05
0.2006	0.2001	-1.0285	-0.03250850264764638	0.0025603980126756814	-5.061454830783555e-05	1.05441439	51.4029274	1.10939045	0.1203685299418102	0.0136451	3e-05
0.2026	0.0904	-1.0363	-0.03235665900272288	0.002707005669843205	6.283185307179586e-05	1.01877773	49.66563416	1.09119853	0.14009488517353288	0.0138879	1e-05
0.2041	0.068	-1.0345	-0.03216641811425549	0.002637192499763432	2.094395102393195e-05	1.0000869	48.75444794	1.06644984	0.04079709802975141	0.0136974	2e-05
0.2003	0.1057	-1.0425	-0.03216292745575151	0.002522000769131806	0.00013962634015954637	0.99797052	48.65127563	1.06324087	0.061368238913561135	0.0140574	3e-05
0.1994	0.103	-1.0583	-0.03067416160380034	0.0026005405854715507	0.0002600540585471551	1.07599401	52.4549408	1.1330506	0.103786669333926	0.0148194	7e-05
0.1983	0.1517	-1.047	-0.030368728984701335	0.002892010570554604	2.792526803190927e-05	1.09393024	53.32933426	1.14988102	0.10255156973486534	0.0130156	6e-05
0.1969	0.1244	-1.0468	-0.03107384200250704	0.002900737216814576	-0.00021642082724729686	1.04168296	50.78226852	1.09668401	0.07680928796724416	0.0114567	2e-05
0.1985	0.0341	-1.0595	-0.031185543074634677	0.002806489437206882	-0.00022340214425527416	1.03688562	50.54839325	1.09883667	0.11524650843716552	0.012384	2e-05
0.2021	0.0762	-1.0712	-0.0315189009617656	0.0027436575841350863	-4.537856055185256e-05	0.9871121	48.12192535	1.05915141	0.08611066619530687	0.0121852	2e-05
0.1955	0.1004	-1.08	-0.03199013985980407	0.0026581364507873638	-4.71238898038469e-05	0.98344266	47.94303894	1.05710917	0.0675252680319094	0.0125172	1e-05
0.1952	0.1721	-1.0602	-0.032737140779657635	0.0027977627909469105	-9.599310885968811e-05	1.0274117	50.08654022	1.09554868	0.13857482395344767	0.0128205	1e-05
0.1954	0.1516	-1.0076	-0.0330547907035206	0.00312413936106985	-0.00035430183815484887	1.00399196	48.94482422	1.0736905	0.1184167611640534	0.0121068	1e-05
0.1935	0.0484	-1.029	-0.03261496773201804	0.0029618237406343773	-0.00027925268031909274	1.06796825	52.06368256	1.1328809	0.16035938748868955	0.0132114	2e-05
0.1909	0.0761	-1.0453	-0.03261322240276605	0.0028518679977587343	-0.00026878070480712676	1.00835717	49.15762711	1.07377425	0.05270865238198002	0.0127845	1e-05
0.188	0.1548	-1.0457	-0.03299894016745679	0.0027960174616949163	-0.0002495820830351891	1.01606822	49.53354263	1.08320742	0.10503834612632504	0.0131581	1e-05
0.1845	0.1859	-1.0426	-0.033426545834195395	0.00285012266850674	-0.0003211405823669566	1.01568985	49.51509476	1.08266805	0.06536346864411	0.0134718	0.0
0.1836	0.0585	-1.058	-0.03297625088718086	0.002825688058978819	-0.0002530727415391778	1.07907689	52.60522842	1.1412901	0.1708398698685117	0.0131037	3e-05
0.1889	0.0942	-1.0625	-0.03291516436336106	0.0027035150113392165	-0.00011693705988362007	1.00787711	49.13422394	1.07253942	0.06146976265574806	0.0126365	0.0
0.1863	0.1534	-1.0545	-0.033252012908995966	0.002701769682087222	-0.00010821041362364843	1.0178467	49.62024307	1.08354823	0.08716602605734364	0.0117638	2e-05
0.1838	0.2023	-1.0272	-0.03372150647778244	0.002853613327010729	-0.00017278759594743863	1.03193367	50.30698395	1.09554267	0.11299571980168847	0.0125233	1e-05
0.1887	0.0911	-1.0435	-0.033183945068168186	0.0028815385950426383	-8.028514559173915e-05	1.0657351	51.95481491	1.1243293	0.1652994564000932	0.0126582	2e-05
0.1899	0.0982	-1.0639	-0.03291865502186505	0.0027593655474030345	-9.250245035569947e-05	1.01115131	49.29384232	1.07598735	0.048684019935335	0.0129429	2e-05
0.1884	0.1112	-1.1012	-0.03277379269394952	0.002673844414055313	0.00012042771838760874	0.99657941	48.58345795	1.06159028	0.07396568150032792	0.0134466	1e-05
0.1927	0.1338	-1.126	-0.03297974154568485	0.0026057765732275338	0.0002007128639793479	1.00114155	48.80586243	1.06474839	0.06941509190774248	0.0142243	1e-05
0.1949	0.1994	-1.0887	-0.033625513368922756	0.00277332818141899	0.00023911010752322313	1.00613296	49.04919815	1.08307181	0.14768603374866168	0.0136402	1e-05
0.1912	0.139	-1.0764	-0.03359060678388286	0.002935643801854462	0.0002583087292951608	1.01193345	49.33197403	1.07715368	0.08722104136236505	0.0132992	1e-05
0.1887	0.0888	-1.0738	-0.03346494307773927	0.002808234766458876	0.00023212879051524583	0.98764801	48.14805222	1.06147123	0.06926263401595464	0.0135499	1e-05
0.1881	0.1093	-1.0957	-0.033337534042343686	0.0027314402793711255	0.0003193952531149623	0.99256885	48.38794327	1.05779813	0.05757349925415237	0.0134105	1e-05
0.1809	0.1452	-1.1576	-0.03323106895797204	0.002642428487519415	0.0006021385919380437	1.00510073	48.99887466	1.07047456	0.12891101075232209	0.0146385	1e-05
0.1811	0.1643	-1.1309	-0.03371277983152247	0.0029059732045705585	0.0005567600313861911	0.98336977	47.93948746	1.05631243	0.08553170755767125	0.0143523	1e-05
0.1846	0.2167	-1.0904	-0.0340409017308974	0.0032463124087094525	0.0006126105674500097	0.99107873	48.31529999	1.06733681	0.13261558197888204	0.0138308	1e-05
0.1861	0.1383	-1.0911	-0.03374768641656235	0.0032899456400093115	0.000619591884457987	0.99640483	48.57494736	1.06690968	0.0977914931321439	0.0134557	0.0
0.1841	0.1343	-1.0982	-0.033702307856010506	0.00318871654339364	0.0006824237375297829	0.97949135	47.75041199	1.05219335	0.0235719755119658	0.0135589	1e-05
0.187	0.1472	-1.1203	-0.03366391061246663	0.0031799898971336684	0.0008203047484373349	0.99637562	48.57352448	1.0616941	0.047150245035569915	0.013891	2e-05
0.1867	0.1442	-1.1447	-0.033580134808370896	0.0031031954100459182	0.0008185594191853405	1.00178623	48.83729553	1.06736611	0.03581578102177398	0.0143052	1e-05
0.19	0.1643	-1.1169	-0.0341334041812531	0.0032340951039454926	0.000778416846389471	1.05008292	51.19176483	1.10480201	0.08741558197888256	0.0145755	4e-05
0.1827	0.1921	-1.0686	-0.03460638840854356	0.0035081117965086025	0.000757472895365539	1.03005934	50.21561432	1.08831205	0.12179724354387508	0.013919	1e-05
0.1774	0.1179	-1.0773	-0.034400439556808236	0.003480186528476693	0.0006841690667817771	0.99082327	48.302845	1.06523419	0.10355889741754976	0.0142478	2e-05
0.1838	0.1224	-1.1038	-0.03421368932684484	0.0033056536032772606	0.000635299847725936	0.97173059	47.37207413	1.04692152	0.057907618710933376	0.0145703	2e-05
0.1864	0.1478	-1.1527	-0.03409500693770923	0.0032916909692613052	0.0007958701389094143	1.00268865	48.88128281	1.07229636	0.0915607657167526	0.0156891	6e-05
0.1834	0.1628	-1.1988	-0.034356806325508374	0.003342305517569141	0.0009791297103688187	0.99627084	48.5684166	1.06966371	0.0888836753783194	0.0177389	2e-05
0.1815	0.1889	-1.2366	-0.034868187796342716	0.0032864549815053226	0.0010838494654884787	1.04196203	50.79587173	1.09997659	0.09939758810089087	0.0203128	4e-05
0.1912	0.2202	-1.1897	-0.03546683572977677	0.0033859387488689996	0.0008970992355250854	1.04867959	51.12335205	1.11179218	0.13214409653805612	0.0192351	4e-05
0.1975	0.2404	-1.1656	-0.03586128014072749	0.003532546406036523	0.000905825881785057	0.98680222	48.10681915	1.0618281	0.0780889357189107	0.0193881	7e-05
0.1978	0.1349	-1.1658	-0.035487779680800705	0.0036459928074161546	0.001064650843716541	1.05872273	51.61296082	1.12273455	0.1382885911618949	0.0192746	7e-05
0.1924	0.1545	-1.1792	-0.03537433327942108	0.003586651612848347	0.0011431906600562858	0.98678792	48.10612106	1.0563795	0.05096637061435908	0.0196079	7e-05
0.1915	0.1768	-1.2155	-0.03528532148756936	0.003427826650916863	0.001387536755335492	1.01059449	49.26669693	1.07977326	0.0841091424531203	0.0214025	0.0001
0.1869	0.223	-1.1937	-0.03591538534753931	0.0035395277230445004	0.0013439035240356337	1.07470524	52.39211273	1.13657198	0.11186990816987229	0.0219876	9e-05
0.1845	0.246	-1.1759	-0.036360444306797864	0.003576179637336381	0.0012426744274199627	1.03664184	50.53651047	1.09928545	0.07234699850830525	0.0220994	6e-05
0.1899	0.1362	-1.1883	-0.035868261457735466	0.003598868917612307	0.0012199851471440364	1.04266322	50.83005524	1.11847508	0.15447807048071252	0.0217033	0.00011
0.1926	0.1541	-1.194	-0.035566319497140446	0.0034330626386728466	0.0012897983172238095	1.00330448	48.91130829	1.07315527	0.05317807048071272	0.0224171	9e-05
0.1894	0.1748	-1.2055	-0.03560122608218033	0.003375466773357033	0.0013980087308474581	1.01044381	49.25935364	1.07690326	0.045435643198967465	0.022898	8e-05
0.1884	0.1949	-1.1879	-0.03591364001828732	0.00342259066316088	0.0013788101090755204	1.03087914	50.25557709	1.09028396	0.05763682238413868	0.0223891	9e-05
0.1934	0.2437	-1.1659	-0.03648261735443747	0.0035465090400524776	0.001322959573011702	1.0279628	50.11340714	1.0956197	0.11323731245527818	0.0215522	4e-05
0.1961	0.147	-1.1797	-0.035473817046784754	0.003543018381548489	0.001291543646475804	1.04885769	51.1320343	1.1151801	0.16538534463463003	0.0214674	7e-05
0.2019	0.131	-1.1839	-0.03531499208485327	0.0036320301734002	0.0013631021458075715	0.9804678	47.79801559	1.05729168	0.04196976265574826	0.0212093	2e-05
0.2009	0.1711	-1.1915	-0.03512475119638588	0.0035412730522964946	0.00124965574442794	1.01116562	49.29454041	1.07704871	0.06842222054753612	0.020575	4e-05
0.2025	0.2102	-1.2078	-0.035409239864460956	0.0034068826998929313	0.0012688543661998775	1.03979218	50.69009018	1.09842583	0.07890388211252873	0.0206949	6e-05
0.2095	0.2627	-1.1609	-0.03640058687959374	0.0035377823937925057	0.0012356931104119853	1.06130445	51.73881912	1.12196659	0.16417039824101226	0.0210456	5e-05
0.2118	0.2535	-1.1294	-0.036726963449716675	0.0037681658550557575	0.001048942880448592	1.016945	49.57628632	1.0842677	0.08017551306747923	0.0205056	2e-05
0.2184	0.1261	-1.1401	-0.03597472654210712	0.003961897402027128	0.001281071670963838	1.08786201	53.03350449	1.14849751	0.20360486225480845	0.0188904	2e-05
0.2142	0.1071	-1.1531	-0.03545985441276879	0.00382576172037157	0.001228711793404008	1.02904069	50.16595459	1.09778749	0.0713683844276861	0.0182341	2e-05
0.2058	0.1497	-1.1607	-0.03549301566855668	0.003581415625092364	0.0011309733552923255	1.01846933	49.65060043	1.08119836	0.07736228945893886	0.0183355	4e-05
0.1989	0.1898	-1.1646	-0.035863025469979486	0.0035116024550125905	0.0010663961729685354	1.00594318	49.0399437	1.07492825	0.07612000769131858	0.0191729	2e-05
0.2012	0.2595	-1.1367	-0.03650879729321739	0.0035953782591083183	0.0009983283321407565	1.03869557	50.63663101	1.10393152	0.13978077340807063	0.0199549	1e-05
0.2031	0.1741	-1.1381	-0.036426766818373646	0.003607595563872279	0.0009861110273767962	1.05546379	51.45408249	1.11238638	0.09402325421858314	0.019945	2e-05
0.2069	0.1555	-1.1414	-0.03613704216254259	0.0036215581978882336	0.0011047934165124105	1.03830326	50.61750412	1.09647816	0.04681848394913124	0.0191998	4e-05
0.2089	0.1782	-1.1627	-0.03562566069170826	0.0035377823937925057	0.001218239817892042	1.06424475	51.88215637	1.1157562	0.08143018381548482	0.0187387	3e-05
0.202	0.2147	-1.141	-0.03645643741565756	0.003532546406036523	0.0011047934165124105	1.07317412	52.31746674	1.12769199	0.11257295565424584	0.0199336	5e-05
0.1959	0.2564	-1.1164	-0.037173767738227226	0.003712315318991939	0.0010768681484805013	1.01357388	49.41194153	1.09170599	0.11865122517784962	0.0210673	8e-05
0.1995	0.1296	-1.1283	-0.035939819957067236	0.0037297686115118824	0.0011030480872604163	1.0889504	53.08656311	1.15554866	0.2061790506229925	0.01902	4e-05
0.1955	0.1178	-1.1466	-0.035774013678127776	0.0036512287951721376	0.0010559241974565693	1.0100863	49.24192047	1.08042482	0.04867349925415253	0.0188264	5e-05
0.1903	0.144	-1.1671	-0.035564574167888455	0.0035465090400524776	0.000932005820564972	0.99514759	48.51365662	1.06736969	0.07380388211252892	0.018765	4e-05
0.1418	0.2926	-1.2061	-0.03192730800673227	0.0028187067419708422	-0.0009965830028887623	1.3094269	63.83483887	1.34786608	0.5507828641345778	0.0176947	3e-05
0.1644	0.1941	-1.0539	-0.028475046746287487	0.0024556782575560214	-0.002820452071222836	1.4008857	68.29347992	1.43534378	0.5552579406596837	0.0151237	7e-05
0.2116	0.0657	-1.0396	-0.030012681817294492	0.0027680921936630064	-0.0018762289458939042	1.35780466	66.19326782	1.37701734	0.32961360662214606	0.0179377	0.00032
0.2348	0.1333	-1.0282	-0.03266383695107388	0.0027331856086231197	-0.0011309733552923255	1.32702863	64.69293213	1.34587276	0.2737658654710428	0.0150489	0.00019
0.2173	0.1892	-1.0746	-0.031974431896536114	0.002717477645355171	-0.0006300638599699529	1.18723404	57.87791061	1.21082904	0.18010112565640443	0.0125784	2e-05
0.1929	0.1691	-1.1228	-0.031197760379398642	0.0029321531433504737	-0.0006894050545377602	1.1194371	54.57279587	1.15238167	0.14523441048502908	0.0149149	4e-05
0.2092	0.1709	-1.116	-0.03215245548023954	0.0029530970943744054	-0.0003682644721708035	1.06191683	51.76867294	1.11487891	0.08973898171158917	0.0157391	2e-05
0.2063	0.1986	-1.1025	-0.032957052265408925	0.002659881780039358	-0.0002670353755551324	1.04046309	50.72279739	1.1007752	0.10405205980600526	0.0143934	0.0
0.1911	0.0798	-1.1051	-0.032641147670797954	0.0026546457922833754	-0.00048345620280242926	1.06538665	51.93782806	1.13255698	0.16347807048071245	0.0147336	3e-05
0.1882	0.1027	-1.1089	-0.032799972632729435	0.0027454029133870805	-0.0003874630939427412	0.98256302	47.90015793	1.05922901	0.04687875959474371	0.0149443	1e-05
0.1829	0.1136	-1.126	-0.03293959897288898	0.0028099800957108703	-0.00018675022996339323	1.00078893	48.7886734	1.07061027	0.05354581932313395	0.015479	1e-05
0.1854	0.1872	-1.1074	-0.03363249468593073	0.002935643801854462	-9.250245035569947e-05	1.01875627	49.66458511	1.08612617	0.14034035993965172	0.0161401	5e-05
0.1908	0.1678	-1.0891	-0.033871604793453955	0.0030613075079980543	-4.537856055185256e-05	0.99315906	48.41671753	1.06347161	0.06369488517353329	0.0161229	3e-05
0.1925	0.0994	-1.0967	-0.03365867462471065	0.00301941960595019	-8.726646259971648e-06	1.0195843	49.70495224	1.09059449	0.09227349925415251	0.0164479	4e-05
0.1913	0.1437	-1.1203	-0.03363598534443472	0.0028396506929947744	7.330382858376184e-05	0.99177837	48.3494072	1.06397518	0.08332443340375421	0.0171543	1e-05
0.1924	0.1912	-1.1027	-0.0342276519608608	0.002993239667170275	8.726646259971648e-06	1.00107765	48.80274963	1.07715683	0.10669163864626868	0.0164556	3e-05
0.1928	0.231	-1.0898	-0.03470412684665525	0.002823942729726825	-0.0001239183768915974	1.00770676	49.12591934	1.07981182	0.09202084231947336	0.0176308	2e-05
0.197	0.1112	-1.1064	-0.034025193767629455	0.003038618227722128	-0.00013264502315156904	1.04735267	51.05866623	1.11745086	0.1857167611640533	0.0172009	2e-05
0.1914	0.1384	-1.118	-0.033796555635618196	0.002921681167838507	-0.00014486232791552936	0.97315449	47.44149017	1.05024164	0.0622896248329421	0.0173587	3e-05
0.1857	0.1645	-1.1142	-0.03421543465609684	0.0028152160834668534	-0.00021642082724729686	0.98631769	48.08319855	1.06021579	0.06544513020910327	0.0172618	2e-05
0.1807	0.2193	-1.0826	-0.03519980035422164	0.002898991887562581	3.839724354387525e-05	1.02317023	49.87976837	1.09384378	0.15754797865058515	0.0182717	2e-05
0.1877	0.1222	-1.0958	-0.03453832056771579	0.0030630528372500485	0.000148352986419518	1.05454648	51.40936661	1.11641472	0.16407482395344827	0.0184867	5e-05
0.185	0.1104	-1.1234	-0.03407929897444128	0.0030211649352021846	0.0002129301687433082	1.03673279	50.54094315	1.09615143	0.07037433388230804	0.0182137	6e-05
0.1854	0.1486	-1.1305	-0.034417892849328176	0.0029234264970905022	0.00020594885173533088	1.00648093	49.06616211	1.07569354	0.06786568150032798	0.0181974	2e-05
0.1851	0.2373	-1.1159	-0.03522598029300155	0.002958333082130389	0.00015707963267948963	1.03103459	50.26315689	1.10185027	0.14819316238845534	0.0177582	2e-05
0.1831	0.2063	-1.1245	-0.03523121628075754	0.0030002209841782524	0.00012740903539558605	1.01506042	49.48441315	1.08418685	0.04543972435438785	0.0177264	4e-05
0.1827	0.1539	-1.1344	-0.0349955968317383	0.0029373891311064567	0.0001937315469713706	0.99674463	48.59151459	1.07510561	0.08093869068334093	0.0177239	4e-05
0.1819	0.1914	-1.1525	-0.03492578366165853	0.0028780479365386495	0.00015184364492350666	0.98625308	48.08004761	1.05547666	0.06495211333477212	0.0183746	4e-05
0.1824	0.2151	-1.1716	-0.035110788562369925	0.002766346864411012	0.0002303834612632515	1.04342341	50.86711502	1.09905542	0.06206228945893887	0.0209101	8e-05
0.1807	0.263	-1.1531	-0.035711181825055976	0.0029181905093345183	0.0001256637061435917	1.02685142	50.05922318	1.0931458	0.1109478331364608	0.0199512	4e-05
0.1778	0.2091	-1.156	-0.03589618672576738	0.002853613327010729	0.00010471975511965978	1.00331759	48.91194916	1.07626733	0.07322630170295616	0.0199302	5e-05
0.1751	0.1419	-1.1771	-0.03536211597465711	0.0027593655474030345	0.00021467549799530252	1.0004617	48.77272034	1.07302726	0.12791371367968044	0.0192692	6e-05
0.1737	0.1733	-1.199	-0.035217253646741574	0.0026930430358272505	0.00035604716740684323	0.97244179	47.40674591	1.04831385	0.07232782544514317	0.0197791	3e-05
0.1738	0.2143	-1.1984	-0.03522772562225355	0.0026005405854715507	0.0003822271061867582	1.02316689	49.87960434	1.08302546	0.04815771823237962	0.0218238	6e-05
0.1717	0.2477	-1.1667	-0.035868261457735466	0.0028605946440187057	0.0002548180707911721	1.01116598	49.29455948	1.07840496	0.1185999464712328	0.0223231	5e-05
0.175	0.2119	-1.1601	-0.03613704216254259	0.0029618237406343773	0.0002443460952792061	1.01041567	49.25798035	1.0820123	0.0647240888467383	0.0209467	2e-05
0.1751	0.1442	-1.1805	-0.03558726344816438	0.002930407814098479	0.00023387411976724014	1.01061642	49.26776505	1.08181039	0.11778333082130392	0.0198359	4e-05
0.1721	0.1812	-1.2146	-0.03543541980324087	0.002707005669843205	0.00026878070480712676	0.99128044	48.32513428	1.06171139	0.0946076187109333	0.0214102	4e-05
0.1704	0.2069	-1.2218	-0.03572688978832393	0.0026773350725593018	0.0002897246558310587	0.98090118	47.81914139	1.05472474	0.051704226669544814	0.021938	5e-05
0.1689	0.2851	-1.1867	-0.0365943184265651	0.002808234766458876	0.00021467549799530252	1.03573298	50.49220276	1.10478636	0.16846887449882503	0.0228302	5e-05
0.1677	0.1886	-1.2048	-0.036205110003370365	0.002858849314766712	0.00027750735106709843	1.0498246	51.17917252	1.11153916	0.14093274122871854	0.022173	0.0001
0.1651	0.1621	-1.2185	-0.03582288289718361	0.0026546457922833754	0.000148352986419518	1.01886272	49.66977692	1.08142951	0.0785792496658833	0.0218064	0.00013
0.1623	0.2103	-1.2354	-0.035658821947496144	0.002750638901143063	0.00024609142453120044	1.0039897	48.94470978	1.07156558	0.08578962483294204	0.0219307	0.00012
0.1595	0.2538	-1.2291	-0.03613878749179459	0.0026389378290154262	0.0002617993877991494	0.98941827	48.23435211	1.06280887	0.08296872898470156	0.0226492	0.00013
0.1603	0.3037	-1.2006	-0.03672870877896867	0.0027192229746071652	8.726646259971648e-06	1.02392578	49.91660309	1.09636819	0.1253639587152502	0.0237073	6e-05
0.1547	0.1836	-1.2127	-0.03635346298978989	0.002829178717482808	-2.268928027592628e-05	1.07274556	52.29657745	1.1350869	0.1636308729295161	0.0227184	8e-05
0.1525	0.1682	-1.2247	-0.03605326635844687	0.0026511551337793865	-3.4906585039886588e-06	1.02318799	49.88063049	1.08852147	0.05447094184091911	0.0226381	7e-05
0.1509	0.2024	-1.2414	-0.03608293695573077	0.002570869988187647	0.00011344640137963142	1.02911723	50.16968536	1.08879455	0.06384464013796305	0.0226945	8e-05
0.1454	0.2188	-1.2623	-0.03615449545506253	0.0023125612588924867	0.00015009831567151235	0.99216688	48.36834717	1.06269552	0.06112595714594013	0.0242731	7e-05
0.1522	0.2871	-1.2319	-0.03675837937625258	0.00249931148885588	-6.108652381980153e-05	1.0242604	49.93291092	1.09920355	0.15559094953223776	0.0240322	0.00015
0.1577	0.2253	-1.227	-0.03688055242389218	0.0028658306317746896	2.4434609527920616e-05	1.06944132	52.13549423	1.12572963	0.10091066619530673	0.0238215	0.00011
0.1495	0.1731	-1.2377	-0.0361056262360067	0.0026895523773232616	-6.9813170079773176e-06	1.07931399	52.61678696	1.13759134	0.12023101844364024	0.0233029	5e-05
0.173	0.2101	-1.2516	-0.03568151122777207	0.0025987952562195565	0.0004049163864626844	1.10655451	53.944767	1.15730987	0.1207384916404499	0.0255816	0.00011
0.1521	0.1917	-1.1965	-0.03644596544014559	0.0033824480903650108	0.0007417649320975902	1.10724711	53.97853088	1.15969649	0.18864777960769408	0.0240265	9e-05
0.2031	0.3118	-1.1582	-0.03676187003475657	0.003003711642682241	0.0012077678423800758	1.16379309	56.73516083	1.22029442	0.26743219762881165	0.0244957	0.0001
0.2203	0.271	-1.2002	-0.03694163894771198	0.003139847324337799	0.0013177235852557187	1.10287058	53.76517868	1.15246178	0.12129301687433056	0.0252224	0.00015
0.2145	0.1879	-1.2164	-0.036510542622469375	0.003120648702565861	0.0013648474750595659	1.08807623	53.04394913	1.14563744	0.1299709418409194	0.0237937	9e-05
0.1961	0.2464	-1.2418	-0.03635695364829388	0.003029891581462156	0.001228711793404008	1.03735387	50.57122421	1.10204024	0.12132408884673788	0.0236349	0.00013
0.1796	0.2638	-1.2479	-0.03652799591498933	0.0031084313978019013	0.0012042771838760874	1.0098604	49.23090744	1.07337729	0.05370083462815558	0.0263361	0.00016
0.1781	0.2777	-1.2162	-0.0374600017355543	0.00325329372571743	0.0011309733552923255	1.02585828	50.01081085	1.0936338	0.10460859885321312	0.026875	0.0002
0.1737	0.2897	-1.1906	-0.03823492792343978	0.0034697145529647274	0.0011484266478122688	1.00204527	48.84992218	1.07275729	0.09244001538263592	0.0273558	0.0003
0.175	0.1689	-1.2029	-0.03758392011244589	0.003649483465920143	0.0013596114873035826	1.0626024	51.80209351	1.13282689	0.1864980781720307	0.0263717	0.00024
0.1703	0.1823	-1.2124	-0.037491417662090194	0.003525565089028546	0.0014887658519511632	1.00846982	49.16311646	1.07863302	0.044878759594743634	0.0263516	0.00024
0.1669	0.2068	-1.2435	-0.037432076467522384	0.003333578871309169	0.001574286985298885	0.97681063	47.61972809	1.05156414	0.07584242728174563	0.0273616	0.00028
0.1647	0.266	-1.2	-0.038109264217296185	0.0034871678454846703	0.0015027284859671175	0.99853235	48.67866516	1.07427245	0.1500167611640536	0.0267655	0.00023
0.1623	0.2862	-1.1768	-0.0383815355806073	0.0036582101121801144	0.0014905111812031574	1.00364196	48.92775726	1.07099584	0.06857654673852585	0.026086	0.00034
0.1618	0.2155	-1.1863	-0.038021997754696474	0.0035901422713523357	0.0013927727430914749	1.03060913	50.24241638	1.09435933	0.1069672052425142	0.025166	0.00016
0.157	0.2634	-1.2022	-0.03793298596284476	0.003637266161156183	0.0013456488532876281	0.98721451	48.12691879	1.06004921	0.07776297857297054	0.0261939	0.0002
0.1559	0.2755	-1.226	-0.037934731292096756	0.003506366467256608	0.0011990411961201044	0.97831404	47.69301987	1.05388623	0.05096263401595488	0.0267556	0.00026
0.1546	0.307	-1.2018	-0.038351864983323394	0.0035360370645405115	0.0011379546723003027	1.03846061	50.62517929	1.1004994	0.08239454061651719	0.0277307	0.00038
0.1569	0.334	-1.1753	-0.03884579316163779	0.003637266161156183	0.0009965830028887623	0.99360955	48.43867874	1.06882311	0.0926264472170804	0.0278711	0.00049
0.1541	0.1938	-1.1991	-0.0382890331302516	0.0035674529910764093	0.0010088003076527223	1.08051455	52.67531586	1.14761589	0.1987395253114962	0.0264938	0.00027
0.1517	0.216	-1.2095	-0.0382907784595036	0.003494149162492647	0.0009424777960769379	1.01356685	49.41160202	1.07858731	0.04206858347057718	0.0267711	0.00032
0.1464	0.2297	-1.2438	-0.03808657493702026	0.0033981560536329595	0.0009843656981248017	1.00197434	48.84646225	1.07154195	0.07040422666954463	0.0278744	0.00038
0.1419	0.2702	-1.2438	-0.038501963298994905	0.0033824480903650108	0.0009983283321407565	0.9899025	48.25795746	1.06538182	0.06725294796292755	0.029102	0.00046
0.1444	0.3331	-1.2052	-0.03916344308550076	0.003495894491744642	0.0009128071987930344	1.00293982	48.8935318	1.07585816	0.14702236606166028	0.0295755	0.00063
0.1412	0.2622	-1.2133	-0.03869918550447026	0.003492403833240653	0.0008726646259971648	1.05234778	51.30218124	1.11400286	0.1075945406165178	0.0277084	0.00031
0.1298	0.2094	-1.2458	-0.03824889055745573	0.0033021629447732717	0.0006667157742618339	1.04368889	50.88005447	1.10735767	0.13902423436086223	0.0277897	0.00031
0.0891	0.2632	-1.2903	-0.03848276467722297	0.003082251459021986	0.0006370451769779302	1.0581708	51.58605194	1.11818533	0.16317281014012144	0.0315723	0.00083
0.1054	0.3262	-1.2428	-0.039564868813459456	0.003640756819660172	0.0008813912722571365	1.06339931	51.8409462	1.12933745	0.2210477796076941	0.0328718	0.00111
0.1051	0.3103	-1.2493	-0.03930132409640831	0.003701843343479973	0.0007225663103256524	1.05625713	51.49276352	1.11545939	0.04687281014012165	0.0321524	0.00093
0.0969	0.1975	-1.2683	-0.037882371414536924	0.003412118687648914	0.0005009094953223725	1.1230675	54.74978256	1.19115899	0.2365167076352862	0.0295402	0.00066
0.0801	0.2689	-1.3318	-0.038126717509816124	0.0037384952577718534	0.0006806784082777885	1.0876534	53.0233345	1.15369233	0.18922457891787783	0.0338144	0.00139
0.0832	0.3513	-1.3139	-0.03895923956301743	0.003977605365295077	0.00041713369122664475	1.05421054	51.39299011	1.12655913	0.17015884388878375	0.0355144	0.00164
0.0955	0.4169	-1.4158	-0.04045847739048055	0.0038152897448596045	0.00018151424220741024	1.18252802	57.64849472	1.26860943	0.2746586448458912	0.0463238	0.0065
0.098	0.2419	-1.5049	-0.039934878614882256	0.003450515931192789	0.0002617993877991494	1.20865643	58.92226028	1.29258655	0.31503288674284236	0.0488586	0.00823
0.1037	0.3311	-1.5115	-0.0397690723359428	0.003522074430524557	0.0004258603374866164	1.04246795	50.82053375	1.10993166	0.12157128639793488	0.0499582	0.00806
0.1047	0.3722	-1.5018	-0.04013384614960961	0.0036285395148962112	0.0004415683007545654	1.00716555	49.0995369	1.07407391	0.07614734306532084	0.0511059	0.00861
0.1047	0.4209	-1.4638	-0.0407534380340676	0.003712315318991939	0.0003717551306747922	1.01627445	49.54359436	1.08930362	0.12535904293167455	0.0514491	0.00862
0.1032	0.3746	-1.4697	-0.04060857570615207	0.0036145768808802567	0.00029845130209103034	1.00802827	49.14159393	1.0836646	0.06949522973054875	0.0517652	0.00841
