trans_x	trans_y	trans_z	rot_x	rot_y	rot_z	dvars_std	dvars_nstd	dvars_vstd	framewise_displacement	aqi	aor
0.0	-0.0	0.0	-0.0	0.0	-0.0	n/a	n/a	n/a	n/a	0.0228157	0.0001
0.006	0.0417	0.0311	-0.0005654866776461627	-0.00021467549799530252	9.075712110370512e-05	0.99613112	57.97918701	0.97435467	0.12234596483725851	0.0237041	0.00016
0.0058	0.0337	0.0001	9.42477796076938e-05	-0.00019024088846738194	0.00012042771838760874	0.98137504	57.12031937	0.96771753	0.07489198320328404	0.0223427	0.00014
-0.0044	-0.0439	-0.0198	0.00041189770347066176	-0.0	-9.250245035569947e-05	0.9918012	57.72716522	0.97805588	0.1437410490536829	0.0214753	6e-05
-0.0051	-0.0135	-0.0215	0.00048345620280242926	-1.7453292519943294e-06	-0.0001361356816555577	0.95312059	55.4757843	0.94687904	0.038646852994181	0.0220001	5e-05
0.0005	0.0082	0.0052	8.552113334772214e-05	-8.726646259971648e-06	-0.00012740903539558605	0.9928602	57.7888031	0.97117926	0.07468215163613282	0.0222352	6e-05
-0.0008	0.0247	0.024	-0.0002199114857512855	0.00012217304763960306	-0.00017278759594743863	0.98937142	57.58574295	0.96771603	0.06068554367752175	0.0227466	8e-05
-0.0078	-0.033	-0.015	0.0001605702911834783	-1.3962634015954635e-05	-0.00028099800957108706	0.9887073	57.54708862	0.97412714	0.1349413936106985	0.0225229	0.00012
-0.0122	-0.0547	-0.0094	0.00013439035240356338	9.075712110370512e-05	-0.0002652900463031381	0.96417248	56.11905289	0.95431223	0.03903038285837618	0.0224904	6e-05
-0.0122	-0.0238	-0.0097	9.075712110370512e-05	-3.4906585039886588e-06	-0.0003001966313430247	0.93562782	54.45763016	0.9383497	0.03983937979737193	0.0218207	8e-05
-0.0054	0.0206	0.0096	-0.000291469985083053	-3.665191429188092e-05	-0.0002583087292951608	0.9846338	57.30999374	0.96489411	0.09336381320112573	0.0239394	0.00012
-0.0082	-0.0035	0.0058	-0.00039095375244672985	-5.061454830783555e-05	-0.0002740166925631097	0.99791861	58.08322525	0.97460715	0.03715771823237902	0.0234787	0.00011
-0.0145	-0.0456	-0.0147	-6.981317007977319e-05	2.96705972839036e-05	-0.00033335788713091696	0.98319459	57.22622299	0.96479925	0.09193834612632515	0.0230971	7e-05
-0.0177	-0.0186	-0.0165	-0.0002303834612632515	5.061454830783555e-05	-0.00039269908169872416	0.9756096	56.78474426	0.9593285	0.04404277183876088	0.0233861	8e-05
-0.0136	0.0099	0.0271	-0.0007941248096574199	5.061454830783555e-05	-0.00039968039870670147	0.97690916	56.86038589	0.96386414	0.10473613327010728	0.0241305	0.0001
-0.0088	0.0372	0.0194	-0.000609119908946021	-1.7453292519943294e-06	-0.00048171087355043494	0.94553292	55.03414917	0.94969176	0.0557697626557481	0.0252963	0.00015
-0.0118	-0.0515	-0.0142	-0.0004380776422505767	8.901179185171081e-05	-0.0005585053606381855	1.00002944	58.20608521	0.98944874	0.14222969374434502	0.0254112	0.00012
-0.0176	-0.0441	-0.028	-0.00014660765716752367	0.000148352986419518	-0.00048520153205442357	0.96041566	55.90039062	0.95539861	0.04820575041173111	0.0239697	9e-05
-0.0124	-0.0097	-0.0177	-0.0003473205211468716	1.9198621771937625e-05	-0.0004328416544945937	0.96396744	56.10712051	0.95740181	0.06901135530933791	0.0238543	9e-05
-0.0095	0.0233	0.0003	-0.0008587019919812101	9.075712110370512e-05	-0.0004049163864626844	0.98371756	57.25666428	0.96904013	0.08444326190990076	0.0258896	0.00019
-0.0136	-0.0042	-0.0387	-0.0006003932626860494	-1.7453292519943294e-06	-0.0004188790204786391	0.98456913	57.30622864	0.97581924	0.08883869068334073	0.0246612	0.00017
-0.0149	-0.0506	-0.013	-0.0008447393579652555	-6.806784082777885e-05	-0.00042760566673861073	0.97757387	56.89907455	0.96718224	0.0893697626557481	0.0251934	0.00014
-0.0163	-0.0238	-0.032	-0.00045553093477052	7.155849933176751e-05	-0.0005148721293383271	0.93749595	54.56636429	0.94318418	0.0780050612976999	0.0236651	0.00016
-0.0208	0.0128	-0.0184	-0.0006824237375297829	0.00026878070480712676	-0.000450294947014537	0.98340881	57.23869324	0.96564477	0.0791346095279206	0.0242848	6e-05
-0.0175	0.0344	-0.0175	-0.0006265732014659643	0.00017802358370342162	-0.0004433136300065597	0.99639738	57.99468231	0.97325263	0.03347944870877505	0.0256667	0.00012
-0.0207	-0.0222	-0.0399	-0.000661479786505851	0.00023212879051524583	-0.00046425758103049166	0.99430043	57.87263107	0.97777541	0.08769778714378214	0.0249985	0.0002
-0.0253	-0.0278	-0.0388	-0.00047647488579445195	0.0003892084231947355	-0.0004625122517784973	0.96239883	56.01581955	0.95124919	0.028491493132144143	0.0243959	0.00011
-0.0262	-0.0188	-0.0446	-0.0005078908123303499	0.00042935099599060504	-0.0004956735075663896	0.93097085	54.18657303	0.93750035	0.020935987755982988	0.0243944	7e-05
-0.0216	0.0154	-0.0257	-0.0009145525280450286	0.00041538836197465044	-0.0003874630939427412	0.98013437	57.04810715	0.96008774	0.08414173816771409	0.0261455	0.00017
-0.0155	0.0269	-0.0187	-0.0012618730491919003	0.00040317105721069014	-0.00034906585039886593	0.98345321	57.24127579	0.96475035	0.04449675347273536	0.0268157	0.00014
-0.0158	-0.044	-0.0511	-0.0007661995416255106	0.0004328416544945937	-0.00034557519189487725	0.98889649	57.55809784	0.97675787	0.13004173816771403	0.0260926	0.00018
-0.0161	-0.0367	-0.0534	-0.0005916666164260777	0.0005410520681182421	-0.00034906585039886593	0.96812242	56.34895706	0.95769656	0.02421169986635349	0.025352	0.00013
-0.0206	-0.0239	-0.0538	-0.0004886921905584122	0.0005061454830783556	-0.0003874630939427412	0.9663263	56.24441528	0.9574196	0.026513912722571364	0.0258963	0.00015
-0.0179	0.0035	-0.0129	-0.0014748032179352085	0.0004974188368183839	-0.00038397243543875244	0.96356869	56.0839119	0.96356609	0.12091641660703784	0.0284219	0.00021
-0.0152	-0.0048	-0.0097	-0.0017994344588061536	0.00020594885173533088	-0.00034208453339088857	1.00087118	58.25507736	0.98346768	0.047099456400093095	0.0303584	0.00032
-0.0225	-0.0695	-0.0507	-0.0013631021458075715	0.00017453292519943296	-0.0004188790204786391	1.00719655	58.62324524	0.98686817	0.14022713633111156	0.0296624	0.00033
-0.0226	-0.0527	-0.0496	-0.0011746065865921838	0.0002722713633111154	-0.0004799655442984406	0.97926372	56.99742889	0.9624391	0.03536602605734359	0.0297993	0.00025
-0.0227	-0.0401	-0.0394	-0.0016057029118347831	0.00024085543677521747	-0.0005026548245743669	0.97357517	56.66633224	0.95927587	0.04716007660272117	0.0297893	0.00025
-0.0201	-0.0133	-0.0041	-0.002001892652037496	0.0003438298626428829	-0.0003822271061867582	0.97081798	56.50585175	0.96280898	0.09567959422289934	0.0302621	0.0002
-0.0178	0.0037	-0.0279	-0.001933824811209717	0.00032637657012293966	-0.0003700098014227979	0.94070619	54.75321198	0.9485236	0.04798692190558412	0.0299852	0.00032
-0.0229	-0.0526	-0.0605	-0.0014748032179352085	0.0003700098014227979	-0.0005253441048502931	0.96086651	55.92663193	0.96294437	0.1268994564000931	0.0310427	0.00039
-0.0234	-0.0397	-0.0431	-0.0016807520696705393	0.0003159045946109737	-0.0005270894341022875	0.97001624	56.45918655	0.96120758	0.043889969389957456	0.0296133	0.00029
-0.0238	-0.0146	-0.0338	-0.001579522973054868	0.0003630284844148205	-0.0004747295565424576	0.97956228	57.01480865	0.96109845	0.04483564319896739	0.0290149	0.00022
-0.0245	0.0215	-0.0158	-0.0018256143975860688	0.00040317105721069014	-0.0004537856055185257	0.98108268	57.103302	0.96654009	0.07015889741755009	0.028672	0.00023
-0.0239	0.0198	-0.0155	-0.0018692476288859267	0.0005183627878423159	-0.0003892084231947355	0.97744942	56.89183044	0.96642959	0.01377010721276369	0.0294111	0.00021
-0.0268	-0.053	-0.0432	-0.0015219271077390555	0.0004328416544945937	-0.00042760566673861073	0.97792512	56.91951752	0.96934592	0.12696194490192345	0.0286604	0.00025
-0.0275	-0.0261	-0.0491	-0.0013334315485236678	0.0004310963252425994	-0.00042935099599060504	0.94821966	55.19052887	0.94445424	0.04309931088596881	0.0284004	0.00026
-0.0251	-0.0079	-0.0186	-0.0016964600329384882	0.0004310963252425994	-0.00042236967898262774	1.00047278	58.23189163	0.97668458	0.06960049007113989	0.0289909	0.00026
-0.0213	0.0161	-0.0183	-0.0017051866791984597	0.00037524578917878077	-0.0003822271061867582	1.00308776	58.38409424	0.97708969	0.03333598775598298	0.0299553	0.00032
-0.0235	-0.049	-0.0472	-0.001626646862858715	0.0003717551306747922	-0.00042236967898262774	1.00797224	58.66839218	0.98644766	0.10230865238198011	0.0292839	0.00026
-0.0286	-0.0526	-0.0427	-0.0011850785621041497	0.0004956735075663896	-0.00037524578917878077	0.96306872	56.05480957	0.95638524	0.04383052837250049	0.0278004	0.00021
-0.0259	-0.0208	-0.0432	-0.0013142329267517303	0.00043458698374658803	-0.0003647738136668148	0.94304425	54.88929749	0.94677413	0.04503564319896742	0.0273672	0.00021
-0.0199	0.0096	-0.0135	-0.0017383479349863521	0.00041189770347066176	-0.0003054326190990077	0.96589839	56.21950912	0.96056408	0.09140727415391776	0.0287032	0.00024
-0.0244	-0.0221	-0.0427	-0.0015062191444711063	0.0004904375198104066	-0.00042760566673861073	0.99053979	57.65374756	0.97674971	0.08704208272472966	0.0295252	0.00029
-0.0259	-0.056	-0.0614	-0.001420698011123384	0.00048171087355043494	-0.00048520153205442357	0.98397827	57.27183914	0.96763953	0.06169218224617534	0.0290059	0.00026
-0.0249	-0.0261	-0.0702	-0.0013543754995475996	0.00046425758103049166	-0.0004886921905584122	0.97238976	56.59733582	0.96056326	0.04406332312998583	0.0283895	0.0002
-0.023	0.0	-0.0427	-0.0017889624832941875	0.0004904375198104066	-0.0004468042885105483	0.96782589	56.33169937	0.9596455	0.08063274122871833	0.0288557	0.00026
-0.0218	0.0176	-0.041	-0.002145009650701031	0.0004956735075663896	-0.0005166174585903216	0.93337882	54.32672882	0.94065329	0.04205481626213	0.0300042	0.00032
-0.0242	-0.0437	-0.0749	-0.0016022122533307947	0.0005759586531581287	-0.0006126105674500097	0.99085283	57.67196655	0.97504539	0.13355378259108316	0.0308475	0.00035
-0.0285	-0.0422	-0.084	-0.0013369222070276565	0.0006894050545377602	-0.0005689773361501514	0.98849374	57.53465652	0.96733868	0.036018483949131416	0.0306295	0.00039
-0.0286	-0.0388	-0.0625	-0.0016842427281745281	0.000582939970166106	-0.0005794493116621174	0.99563563	57.9503479	0.97223771	0.04821287905152461	0.0298106	0.00034
-0.0236	0.014	-0.045	-0.001954768762233649	0.000640535835481919	-0.0004974188368183839	0.98933655	57.58371353	0.9716201	0.0958076187109334	0.0298635	0.00036
-0.0247	-0.0321	-0.0424	-0.0019093902016817967	0.000705113017805709	-0.0004939281783143952	0.95512706	55.59257126	0.95343988	0.055472320068981534	0.0298946	0.00028
-0.033	-0.0495	-0.0819	-0.0014486232791552935	0.0009040805525330626	-0.0006632251157578452	0.95417219	55.53699493	0.95932883	0.10665156973486536	0.0296279	0.00042
-0.0317	-0.0292	-0.085	-0.0014381513036433276	0.0007958701389094143	-0.0006736970912698113	0.96646738	56.25262833	0.95643912	0.031157718232379023	0.0289546	0.00028
-0.0274	0.0105	-0.0462	-0.0018483036778619948	0.0007347836150896127	-0.000593411945678072	1.00430214	58.45477295	0.97893262	0.1103762021815104	0.0292166	0.00029
-0.0284	0.0278	-0.0204	-0.0021153390534171274	0.0008063421144213803	-0.0004991641660703782	0.9766978	56.8480835	0.96328827	0.06574208272472969	0.0292611	0.00026
-0.0325	-0.0238	-0.051	-0.0019111355309337906	0.0008604473212332044	-0.0006387905062299246	0.97279	56.62063217	0.97040757	0.10619675347273536	0.0293995	0.0003
-0.0343	-0.0478	-0.0811	-0.0015341444125030156	0.0008866272600131194	-0.0006213372137099814	0.95641607	55.66759872	0.95452404	0.07693121748653166	0.0294377	0.00033
-0.0345	-0.0412	-0.0751	-0.0015707963267948967	0.0009704030641088471	-0.0005864306286700947	0.95151663	55.38242722	0.94958953	0.02056671517137479	0.0291513	0.00029
-0.03	0.0037	-0.0614	-0.0019076448724298022	0.0010454522219446034	-0.0004904375198104066	0.94684219	55.11035538	0.95028238	0.0884945406165175	0.0295187	0.00028
-0.0305	-0.012	-0.0678	-0.001956514091485643	0.0010733774899765126	-0.0004799655442984406	0.96699691	56.28344727	0.95504255	0.0269633231299858	0.0302578	0.00033
-0.0292	-0.0684	-0.0956	-0.0014556045961632708	0.0009983283321407565	-0.0005393067388662478	0.99715328	58.03868103	0.97746348	0.1172649923862968	0.0297326	0.00045
-0.0335	-0.0435	-0.1013	-0.0011519173063162574	0.0010611601852125523	-0.0004991641660703782	0.99007732	57.62682724	0.96887088	0.05523308578573394	0.0284882	0.00031
-0.0322	-0.0142	-0.0793	-0.0013159782560037243	0.0010716321607245184	-0.0005078908123303499	0.9868229	57.43740845	0.96808046	0.06176297857297024	0.0278723	0.00033
-0.0325	0.0206	-0.0424	-0.0019111355309337906	0.0010890854532444615	-0.00045553093477052	0.96996087	56.45596313	0.96075567	0.10524852225049196	0.028434	0.0002
-0.0363	-0.0065	-0.0637	-0.001778490507782222	0.0011850785621041497	-0.0005078908123303499	0.95965189	55.85593414	0.95480798	0.06624990047855434	0.0306351	0.00034
-0.04	-0.0667	-0.0757	-0.0016249015336067207	0.0011205013797803594	-0.0005585053606381855	0.99223304	57.75230026	0.98002409	0.08933903524035636	0.0309145	0.00034
-0.0402	-0.0452	-0.0897	-0.001462585913171248	0.0010786134777324957	-0.0005148721293383271	0.97550589	56.77870941	0.9608124	0.04809183768915973	0.030066	0.00035
-0.0328	-0.0289	-0.0534	-0.0020682151636132805	0.0010053096491487337	-0.0004206243497306334	0.98976123	57.60843277	0.97380464	0.0986590429316744	0.0311605	0.00041
-0.0293	0.0084	-0.0489	-0.002380629099720265	0.0009791297103688187	-0.0003682644721708035	0.95832616	55.77877426	0.95622036	0.06484768762233648	0.0316461	0.00046
-0.0334	-0.0608	-0.0952	-0.0018832102629018814	0.0010105456369047167	-0.000445058959258554	0.99454564	57.88690567	0.97828894	0.14988146252210163	0.0315115	0.00053
-0.035	-0.0709	-0.093	-0.0018256143975860688	0.0010803588069844899	-0.0004468042885105483	0.94757438	55.15297318	0.9451876	0.020357718232379016	0.0314719	0.00051
-0.0347	-0.0322	-0.0826	-0.0020682151636132805	0.001001818990644745	-0.0005061454830783556	0.94191211	54.8234024	0.94892411	0.0684240888467382	0.0313561	0.00053
-0.0318	0.0172	-0.049	-0.002665117767795341	0.001043706892692609	-0.00041713369122664475	0.99276161	57.7830658	0.97139091	0.12229011490408176	0.0330073	0.00057
-0.0372	-0.0333	-0.0897	-0.0023387411976724015	0.001218239817892042	-0.0004468042885105483	1.00382948	58.42726517	0.98564531	0.1231290046303138	0.0323534	0.00072
-0.0364	-0.0545	-0.111	-0.0017872171540421933	0.0013212142437597075	-0.0004206243497306334	0.98759842	57.48254776	0.9725932	0.07733392041388942	0.0317233	0.00054
-0.0408	-0.036	-0.1101	-0.001980948701013564	0.0013805554383275148	-0.0004188790204786391	0.97631156	56.82560349	0.96082437	0.03654090353955863	0.0313766	0.00051
-0.0352	-0.0007	-0.0611	-0.0025342180738957666	0.0013962634015954637	-0.0003159045946109737	0.97737765	56.88765335	0.9667153	0.12349758810089084	0.0314102	0.00047
-0.0381	-0.0093	-0.0584	-0.0028187067419708422	0.0014782938764391971	-0.00039793506945470715	0.94136721	54.79168701	0.94657788	0.03662748088812712	0.0337595	0.00064
-0.0419	-0.0746	-0.0835	-0.002769837522915001	0.0015638150097869194	-0.0004886921905584122	1.00287068	58.37145996	0.98891738	0.10545737367536344	0.0357797	0.00095
-0.0409	-0.0615	-0.0987	-0.0024748768793279594	0.0014346606451393388	-0.0004747295565424576	0.99313354	57.8047142	0.97302647	0.05120388211252884	0.0333711	0.00087
-0.0348	-0.0244	-0.0743	-0.0025516713664157096	0.0013194689145077131	-0.0004310963252425994	0.99355876	57.82946396	0.96950726	0.07938097245096169	0.0324638	0.00063
-0.034	0.0167	-0.0671	-0.003106686068549906	0.0013316862192716734	-0.00047123889803846896	0.99935031	58.16655731	0.98158536	0.07946872898470131	0.0352156	0.00101
-0.039	-0.0458	-0.0808	-0.003223623128433527	0.0014224433403753785	-0.0005497787143782138	0.97800547	56.92419434	0.97371491	0.09551169986635352	0.0363551	0.00106
-0.0454	-0.0651	-0.1118	-0.002590068609959585	0.001499237827463129	-0.0005550147021341969	0.94003785	54.71431351	0.94968997	0.0924792496658838	0.0347108	0.00104
-0.0454	-0.0503	-0.1159	-0.002408554367752175	0.0015428710587629874	-0.0005637413483941684	0.92247105	53.69184875	0.93874422	0.030593705988362023	0.0345998	0.0009
-0.0442	-0.0248	-0.0809	-0.002981022362406315	0.0015498523757709647	-0.0005148721293383271	0.96411628	56.11578369	0.96051944	0.09311592653589792	0.0354146	0.00085
-0.0399	-0.0025	-0.0749	-0.0031956978604016175	0.0015393804002589986	-0.0004921828490624009	0.96986747	56.45052719	0.96435354	0.04499183768915976	0.0358035	0.00101
-0.0462	-0.0731	-0.1178	-0.002584832622203602	0.0016667894356545846	-0.0005515240436302081	0.98769873	57.48838425	0.98152623	0.15968077340807044	0.0360263	0.00115
-0.0459	-0.088	-0.1062	-0.002597049926967562	0.001595230936322817	-0.0005218534463463045	0.96996415	56.45615387	0.95960745	0.03247232006898154	0.0353767	0.00108
-0.0467	-0.0335	-0.0903	-0.0024731315500759648	0.001621410875102732	-0.0004415683007545654	0.97595251	56.80470276	0.96585547	0.08271917306316254	0.0327397	0.0007
-0.0409	-0.0084	-0.1223	-0.002045525883337354	0.0013962634015954637	-0.0004206243497306334	0.94000036	54.7121315	0.94562739	0.09658485456349056	0.0314374	0.00065
-0.0401	-0.0173	-0.133	-0.0018989182261698304	0.0014224433403753785	-0.0003769911184307752	0.97121072	56.52870941	0.95884812	0.03122104136236484	0.0322695	0.00076
-0.0432	-0.0684	-0.1537	-0.0014381513036433276	0.0014835298641951804	-0.00039269908169872416	0.99242151	57.76327133	0.97454755	0.10177807048071268	0.0317926	0.00082
-0.0439	-0.037	-0.147	-0.0013945180723434693	0.0015079644737231008	-0.00041015237421866745	0.97060823	56.49364471	0.95918257	0.04307605666738611	0.0306075	0.0007
-0.0464	-0.0168	-0.1347	-0.001579522973054868	0.001520181778487061	-0.0004380776422505767	0.94555223	55.03527451	0.94511333	0.046257373675363415	0.0305804	0.00063
-0.0443	0.0127	-0.0949	-0.0021991148575128553	0.001595230936322817	-0.00040317105721069014	0.9745096	56.72071838	0.96042369	0.10787738136668149	0.0325972	0.0007
-0.0425	0.0286	-0.0874	-0.0024853488548399255	0.00147131255943122	-0.0003577924966588376	0.99374521	57.84031677	0.97533328	0.04797654673852599	0.0326467	0.00077
-0.0455	-0.0396	-0.124	-0.001858775653373961	0.001583013631558857	-0.00034208453339088857	0.99557453	57.9467926	0.98054271	0.1454991118430775	0.0318088	0.00086
-0.0431	-0.0346	-0.1174	-0.0017662732030182616	0.0016510814723866359	-0.0003438298626428829	0.9640823	56.11380386	0.95659026	0.02211578102177364	0.0313244	0.00073
-0.0425	-0.0312	-0.1193	-0.0016720254234105676	0.001614429558094755	-0.00035081117965086024	0.92861485	54.04944611	0.9355836	0.012794050545377604	0.0306365	0.00064
-0.0427	-0.0108	-0.0985	-0.002040289895581371	0.001635373509118687	-0.00032463124087094524	0.96783102	56.33199692	0.95421686	0.062169418098732505	0.0317007	0.00054
-0.0427	-0.0039	-0.0952	-0.002169444260228951	0.0016109388995907662	-0.00037524578917878077	0.98649472	57.41830444	0.96887665	0.020410176124166825	0.0319269	0.00068
-0.0483	-0.0681	-0.1208	-0.0019006635554218248	0.0015865042900628454	-0.0003874630939427412	0.99747896	58.05763626	0.97646246	0.11067163095495036	0.0322884	0.00077
-0.0495	-0.0437	-0.111	-0.0018727382873899156	0.001656317460142619	-0.00037524578917878077	0.96626961	56.24111557	0.95625652	0.04089778714378215	0.0313504	0.00065
-0.049	-0.0315	-0.1191	-0.0018343410438460403	0.0016720254234105676	-0.0004258603374866164	0.93746787	54.56472778	0.94212411	0.02603598775598298	0.0313324	0.00065
-0.0493	0.0136	-0.1	-0.0022130774915288098	0.0017383479349863521	-0.0003787364476827695	0.99526268	57.92863846	0.97574769	0.08910914245312003	0.033406	0.00082
-0.0539	-0.026	-0.1158	-0.0020350539078253884	0.0017680185322702558	-0.0003647738136668148	1.01644111	59.16131973	0.98844342	0.07108284075016398	0.0325359	0.00075
-0.0527	-0.0518	-0.124	-0.0016388641676226754	0.0017872171540421933	-0.00041538836197465044	0.9904716	57.64977646	0.97019714	0.05850014551412432	0.0312274	0.00063
-0.0551	-0.0317	-0.111	-0.0018308503853420514	0.0019058995431778078	-0.0004328416544945937	0.97002071	56.45944595	0.95836832	0.0519060949687467	0.0317302	0.00067
-0.0527	0.0015	-0.0764	-0.002516764781375823	0.0018413223608540175	-0.00037350045992678646	0.95700032	55.70160294	0.95633811	0.11069163864626846	0.0316943	0.00059
-0.0509	-0.0045	-0.0848	-0.0022427480888127134	0.001895427567665842	-0.00028274333882308137	0.96488154	56.1603241	0.95705547	0.03714395102393194	0.0314699	0.00059
-0.0501	-0.0664	-0.1126	-0.001839577031602023	0.00182212373908208	-0.0003961897402027128	0.97756851	56.89876175	0.96847571	0.1199960643587042	0.0315243	0.00067
-0.0495	-0.0431	-0.0724	-0.001996656664281513	0.0017872171540421933	-0.00041713369122664475	1.00177979	58.30796432	0.98382626	0.0747465084371654	0.0311177	0.00043
-0.0485	0.0148	-0.0279	-0.002584832622203602	0.001790707812546182	-0.0003769911184307752	1.02825248	59.84878922	1.00594626	0.1349904594610973	0.0316427	0.00041
-0.0507	-0.0494	-0.0996	-0.002124065699677099	0.001382300767579509	-0.0003351032163829112	1.00016427	58.21393585	0.99474767	0.183653093477052	0.0316324	0.00065
-0.0472	-0.0257	-0.0992	-0.001244419756671957	0.0013072516097437528	-0.0002617993877991494	0.98729688	57.46499634	0.97424417	0.078999946471233	0.0278323	0.00028
-0.0522	-0.0275	-0.096	-0.0013421581947836393	0.0013945180723434693	-0.00023387411976724014	0.94347459	54.91434479	0.94189002	0.0206465084371654	0.0280877	0.00024
-0.0453	0.0114	-0.092	-0.0018675022996339327	0.001514945790731078	-0.0002443460952792061	0.94479984	54.99148178	0.95139962	0.0826121899374934	0.0294729	0.00036
-0.0473	-0.0005	-0.0971	-0.001947787445225672	0.0016406094968746698	-0.00023387411976724014	0.97916818	56.99187088	0.9646339	0.029821041362364856	0.0310541	0.00046
-0.0472	-0.0423	-0.1025	-0.0017680185322702558	0.001706932008450454	-0.00029845130209103034	1.00189626	58.31474304	0.97583179	0.06283343034274952	0.0309784	0.00049
-0.042	-0.0274	-0.0871	-0.0018727382873899156	0.0016423548261266642	-0.0002844886680750757	0.99723965	58.0437088	0.97192975	0.044662978572970205	0.0300642	0.00043
-0.0425	-0.0109	-0.0821	-0.0018448130193580064	0.0016301375213627037	-0.00024085543677521747	0.96674591	56.26884079	0.95584335	0.02618879020478639	0.029309	0.00039
-0.0424	0.0097	-0.0597	-0.0022322761133007477	0.0015899949485668342	-0.00023561944901923448	0.94709229	55.12491226	0.94924717	0.0647420827247297	0.0301383	0.00038
-0.0466	-0.0263	-0.0897	-0.0019442967867216831	0.001616174887346749	-0.0002600540585471551	0.99070358	57.66328049	0.97374101	0.08712969374434501	0.0311754	0.00047
-0.0518	-0.0536	-0.0927	-0.001621410875102732	0.001673770752662562	-0.0003159045946109737	0.98879844	57.55239105	0.96806844	0.05731661564992913	0.0296688	0.00047
-0.056	-0.0338	-0.0861	-0.0018709929581379211	0.0018151424220741027	-0.0003769911184307752	0.97257125	56.60789871	0.96031508	0.05320201381332658	0.030668	0.00046
-0.0483	-0.0016	-0.0712	-0.0024137903555081575	0.0016545721308906245	-0.00028797932657906436	0.97795147	56.92105103	0.96609449	0.09441897402027127	0.0311179	0.00042
-0.0461	0.002	-0.0709	-0.002542944720155738	0.0016283921921107093	-0.0002373647782712288	0.95583272	55.6336441	0.9563667	0.016397442586766564	0.0317168	0.0005
-0.0525	-0.0688	-0.1132	-0.0020176006153054447	0.0017139133254584315	-0.0002670353755551324	0.97946912	57.00938416	0.96838876	0.15152679177409595	0.0315766	0.00065
-0.0553	-0.0442	-0.1132	-0.001947787445225672	0.0018325957145940458	-0.0003822271061867582	0.93219334	54.25772858	0.94200461	0.042584364492350646	0.0311446	0.00058
-0.0506	-0.0281	-0.1054	-0.0021258110289290935	0.0016702800941585732	-0.0002495820830351891	0.97320533	56.64480591	0.95820447	0.052249211364523165	0.0312472	0.00056
-0.0488	-0.0011	-0.0931	-0.002258456052080662	0.0016807520696705393	-0.0002530727415391778	1.00140429	58.28610611	0.97679231	0.04843038285837616	0.0311854	0.00063
-0.0483	0.0198	-0.0854	-0.0025237460983838006	0.0016650441064025902	-0.00022863813201125715	0.98419333	57.28435516	0.96749375	0.044371630954950406	0.0316318	0.00056
-0.0525	-0.0452	-0.1119	-0.0021170843826691216	0.0016842427281745281	-0.00023561944901923448	0.99369442	57.83736038	0.97527147	0.11734208272472972	0.0316485	0.00076
-0.051	-0.0469	-0.1158	-0.0019041542139258136	0.001647590813882647	-0.0002722713633111154	0.9377346	54.5802536	0.94139301	0.021411699866353506	0.0307819	0.00064
-0.0513	-0.0265	-0.1108	-0.0018657569703819383	0.0017296212887263805	-0.00026354471705114377	0.97265249	56.61262894	0.95669376	0.03215771823237902	0.0313686	0.00052
-0.0408	0.001	-0.0712	-0.0025028021473598684	0.001609193570338772	-0.00024085543677521747	1.01013219	58.79411316	0.98185918	0.11660810878207321	0.0317952	0.00055
-0.0472	-0.0221	-0.0866	-0.0025289820861397836	0.0016842427281745281	-0.0003211405823669566	0.98154747	57.13035583	0.96849875	0.05397571211037053	0.032832	0.00073
-0.0504	-0.0648	-0.1206	-0.0020210912738094335	0.001689478715930511	-0.0003054326190990077	0.99327517	57.81295776	0.97265767	0.10634173816771408	0.0320243	0.00074
-0.0501	-0.055	-0.122	-0.0015341444125030156	0.0016196655458507376	-0.000307177948351002	0.95861995	55.79587173	0.95051793	0.03942526803190927	0.0313541	0.00057
-0.0495	-0.0227	-0.1037	-0.0020751964806212577	0.001710422666954443	-0.0003316125578789226	0.95063955	55.33137894	0.95363884	0.08401218993749339	0.0309041	0.00063
-0.0392	-0.0024	-0.0776	-0.0024870941840919192	0.0016720254234105676	-0.00021118483949131387	0.9906159	57.65817642	0.97347999	0.08523613327010729	0.0317528	0.0006
-0.0463	-0.0307	-0.0923	-0.002357939819444339	0.0017156586547104257	-0.0002652900463031381	0.98624474	57.40375519	0.97169375	0.06144464013796312	0.0324843	0.00067
-0.0472	-0.0672	-0.1128	-0.001932079481957723	0.0016632987771505957	-0.00029845130209103034	1.00401795	58.43823242	0.98017034	0.0834690735417169	0.0314742	0.00063
-0.0486	-0.0391	-0.1142	-0.001762782544514273	0.0016912240451825054	-0.000307177948351002	0.98050159	57.0694809	0.96381261	0.04119744258676656	0.0300289	0.00056
-0.0481	-0.0142	-0.0771	-0.002256710722828668	0.0017523105690023068	-0.0002670353755551324	0.96123618	55.94814682	0.953012	0.0922578637465033	0.0303506	0.00044
-0.049	0.0059	-0.0694	-0.0023998277214922034	0.0017174039839624202	-0.00023911010752322313	0.94819558	55.18912888	0.94421376	0.038997442586766566	0.0314252	0.00053
-0.0552	-0.0604	-0.1105	-0.0016929693744344998	0.0017732545200262388	-0.0003193952531149623	0.99571103	57.9547348	0.97991836	0.15574970143566305	0.0316476	0.00057
-0.0564	-0.052	-0.1236	-0.0015777776438028737	0.0016702800941585732	-0.0003717551306747922	1.00396383	58.43508148	0.98018537	0.03622630170295608	0.0294197	0.00057
-0.0543	-0.0295	-0.1183	-0.001647590813882647	0.0017226399717184032	-0.00035430183815484887	0.99306214	57.80056	0.97237138	0.03688131700797732	0.0297242	0.00052
-0.0461	0.0147	-0.0987	-0.002033308578573394	0.0017278759594743865	-0.00024609142453120044	0.98447824	57.30093765	0.9695645	0.09695820830351891	0.0303599	0.0006
-0.0515	-0.0372	-0.1188	-0.0018325957145940458	0.0017383479349863521	-0.00028099800957108706	0.95831084	55.77788162	0.95474373	0.08970457122656	0.030351	0.00061
-0.0548	-0.0465	-0.149	-0.0016947147036864942	0.0017732545200262388	-0.0003525565089028545	0.92456192	53.81354523	0.93809712	0.05501730476396029	0.0312825	0.00078
-0.0542	-0.0324	-0.136	-0.0018360863730980347	0.0018168877513260971	-0.00035604716740684323	0.965828	56.21541214	0.95515403	0.03712477796076936	0.0318436	0.00069
-0.049	0.0077	-0.0848	-0.0023265238929084412	0.0018308503853420514	-0.0003193952531149623	1.00490677	58.48997116	0.98109026	0.12355260340591208	0.0320141	0.00074
-0.0473	0.0077	-0.0551	-0.0027593655474030345	0.0016877333866785165	-0.00021642082724729686	0.98866516	57.54463577	0.97376049	0.06534665395128968	0.0325202	0.00061
-0.0513	-0.0444	-0.1038	-0.0021607176139689798	0.0017540558982543013	-0.00034557519189487725	0.97876775	56.96856308	0.9734562	0.14450624048287103	0.0314076	0.00067
-0.0543	-0.0572	-0.1304	-0.001759291886010284	0.0018762289458939042	-0.00038397243543875244	0.96406174	56.11260986	0.95708105	0.07049980095710867	0.0316426	0.00073
-0.0558	-0.0598	-0.1189	-0.0018901915799098587	0.0019181168479417679	-0.0003647738136668148	0.94975191	55.27971268	0.94550856	0.025199310885968784	0.0312379	0.00068
-0.0478	-0.0128	-0.0948	-0.0021746802479849347	0.0018552849948699724	-0.00027576202181510406	0.960195	55.88754654	0.95913458	0.10091661564992913	0.0328094	0.00062
-0.0464	-0.0257	-0.0727	-0.002464404903815993	0.0016824973989225337	-0.000158824961931484	0.98193705	57.1530304	0.96964686	0.06537246558310585	0.0319102	0.0006
-0.0654	-0.0333	-0.0129	-0.00011170107212763708	0.0017697638615222502	-0.00026354471705114377	1.19003582	69.26528931	1.13029008	0.21363450247038665	0.0221528	0.00013
-0.0684	0.0252	0.1226	0.0008552113334772215	0.0021258110289290935	-0.0003612831551628262	1.222646	71.16334534	1.15529159	0.2680349005561692	0.019322	0.00023
-0.0658	0.0043	0.1141	0.00035430183815484887	0.0021048670779051613	-0.00032812189937493397	0.98485339	57.32277298	0.96736316	0.05975073510670986	0.0203197	0.00017
-0.0578	-0.0036	0.1273	-0.0005026548245743669	0.0021589722847169856	-0.00024085543677521747	0.97755283	56.89785004	0.96683674	0.07901641660703783	0.0234394	0.00023
-0.0601	-0.0535	0.0946	-0.0004258603374866164	0.0021327923459370708	-0.00027576202181510406	0.96712101	56.2906723	0.96130918	0.0917940505453776	0.0221527	0.00016
-0.0609	-0.0701	0.0651	0.0001064650843716541	0.0020804324683772408	-0.000312413936106985	0.92571551	53.88069153	0.93790733	0.07796686068549907	0.0211941	9e-05
-0.0581	-0.0538	0.0641	8.552113334772214e-05	0.0020263272615654165	-0.0002478367537831948	0.95801002	55.76037216	0.9477211	0.02708131700797732	0.0213553	5e-05
-0.0574	-0.0187	0.0633	-0.0002652900463031381	0.0020245819323134223	-0.00017278759594743863	0.99304974	57.79983521	0.96795281	0.05798028333693055	0.0216582	0.00017
-0.0547	0.0088	0.0731	-0.0008970992355250854	0.001947787445225672	-0.0001361356816555577	1.00064123	58.2416954	0.97522201	0.07726277953007894	0.0236045	0.00017
-0.0563	-0.0481	0.0397	-0.000593411945678072	0.0018605209826259553	-0.00012740903539558605	0.99008197	57.62709808	0.97673416	0.11188401993533507	0.022683	0.00011
-0.0526	-0.0577	0.0576	-0.0002583087292951608	0.001658062789394613	-1.3962634015954635e-05	0.97205132	56.57763672	0.96187939	0.06375039054969425	0.021626	7e-05
-0.0558	-0.0373	0.046	4.18879020478639e-05	0.0017819811662862105	-9.42477796076938e-05	0.94594783	55.05830002	0.9433159	0.06042000769131808	0.0203699	5e-05
-0.0526	0.0057	0.0655	-0.0006370451769779302	0.0018727382873899156	-8.552113334772214e-05	0.96261781	56.02856445	0.95467898	0.10462084231947356	0.0230016	0.00011
-0.0455	0.0177	0.0778	-0.0013962634015954637	0.001790707812546182	-5.759586531581287e-05	1.00116181	58.27199173	0.98168352	0.07485869837465883	0.0237505	0.0002
-0.0223	-0.0199	0.1206	-0.001843067690106012	0.001324704902263696	-1.5707963267948964e-05	1.05379665	61.33557129	1.03016735	0.1513347550420449	0.0273865	0.00049
-0.0182	0.1001	0.2795	-0.0012025318546240932	0.0018849555921538759	-0.0002897246558310587	1.22443616	71.26753998	1.15744262	0.35674016089676047	0.0298359	0.00448
-0.0284	0.1558	0.3228	0.0003682644721708035	0.0027157323161031764	-0.001350884841043611	1.21390855	70.65478516	1.14184607	0.28233666179783734	0.0330834	0.00898
-0.0438	-0.0843	0.1151	0.0009023352232810684	0.001308996938995747	-0.0007766715171374765	1.46887445	85.49491882	1.32753855	0.5889509726061912	0.0219132	0.00157
-0.0255	-0.0759	-0.0128	0.0034016467121369483	0.0001937315469713706	-6.283185307179586e-05	1.16159022	67.60962677	1.1076995	0.3710208272472968	0.0155833	0.00028
-0.018	-0.1068	-0.0069	0.005071926806295522	0.00040317105721069014	0.00018151424220741024	1.13073003	65.81343079	1.06241807	0.15050328498385498	0.0146837	0.00025
-0.0209	-0.0343	0.0298	0.006155776271784001	0.0007347836150896127	0.00017627825445142725	1.07466745	62.55034256	1.02675469	0.18313490055616924	0.0154558	0.00014
-0.0209	0.031	0.0721	0.005616469532917752	0.000593411945678072	0.00012740903539558605	1.00481927	58.48487854	0.98033525	0.14407738136668147	0.0148276	0.00013
-0.0253	0.0947	0.0555	0.00518013721991917	0.0004974188368183839	3.4906585039886588e-06	0.96684277	56.2744751	0.96373493	0.1175121899374934	0.0140964	5e-05
-0.0301	0.1199	0.0512	0.005087634769563471	0.0005358160803622592	-5.235987755982988e-06	0.98665482	57.42762375	0.96414774	0.04128131700797731	0.0153449	0.0001
-0.0371	0.1369	0.0577	0.0045308747381772796	0.0005201081170943102	-0.0001256637061435917	0.99868661	58.12792587	0.97228838	0.06514478565208744	0.0157767	0.00011
-0.0411	0.0911	0.0426	0.004468042885105484	0.000635299847725936	-9.599310885968811e-05	0.99712777	58.03719711	0.97402171	0.07528470904936624	0.0143142	0.00014
-0.0429	0.0641	0.0323	0.00443837228782158	0.0006963863715457374	-8.726646259971648e-05	0.98022109	57.05315399	0.96609591	0.04407418836818384	0.0141808	0.0002
-0.0435	0.002	0.0393	0.004159119607502487	0.0006422811647339132	-8.028514559173915e-05	0.96559292	56.20172882	0.95840194	0.08671696020694476	0.0142741	0.00033
-0.0465	-0.0303	0.0144	0.004283037984394084	0.0006841690667817771	-0.00011693705988362007	0.96805799	56.34520721	0.95739271	0.07032290966156711	0.0178719	0.00073
-0.0482	-0.0673	0.0255	0.0039287361462392355	0.0006806784082777885	-8.028514559173915e-05	1.00376678	58.4236145	0.98400814	0.06952222054753592	0.0184496	0.00135
-0.0499	-0.0563	0.0265	0.003782128489071712	0.0007714355293814937	-5.93411945678072e-05	0.99388802	57.848629	0.97303267	0.026615436464758026	0.0187047	0.0021
-0.054	-0.0345	0.0287	0.0037943457938356727	0.000905825881785057	-7.330382858376184e-05	0.9897489	57.60771179	0.97585246	0.03612851455917393	0.0203147	0.00298
-0.0579	-0.0218	0.0647	0.0030665434957540365	0.0009721483933608416	-4.886921905584123e-05	0.96742445	56.30833435	0.96213162	0.09352797095926704	0.020827	0.00343
-0.0603	0.0274	0.0536	0.002898991887562581	0.0008133234314293575	-0.00010995574287564276	0.96480125	56.15565109	0.96381686	0.08207315469713705	0.0193937	0.00356
-0.0631	0.0387	0.0306	0.0032463124087094525	0.0009564404300928925	-0.00011344640137963142	0.97787803	56.91677856	0.96057007	0.061796408915719775	0.0201911	0.00387
-0.0655	0.0609	0.0262	0.0031311206780778272	0.001054178868204575	-0.00015009831567151235	0.97297513	56.63140869	0.96366778	0.041479104151759434	0.01992	0.00389
-0.0638	0.0583	0.0216	0.0031084313978019013	0.0010786134777324957	-0.00011519173063162575	0.96921736	56.41268921	0.96118843	0.013001523742186667	0.0198796	0.00394
-0.0621	0.05	0.0243	0.0031433379828417875	0.0009913470151327792	-7.67944870877505e-05	0.95461065	55.56251526	0.9520408	0.02072851455917388	0.0196577	0.00352
-0.0653	0.0313	0.0174	0.003178244567881674	0.001064650843716541	-8.028514559173915e-05	0.95427728	55.54310989	0.95526279	0.03438505360638185	0.019677	0.00322
-0.0673	-0.0038	0.0202	0.003239331091701475	0.0011257373675363424	-2.268928027592628e-05	0.94857091	55.21097565	0.95129608	0.04888844564777078	0.0198762	0.00294
-0.0655	-0.0059	0.0108	0.0029705503868943488	0.0011746065865921838	-6.632251157578452e-05	0.93659461	54.51390076	0.94499078	0.031364157758141296	0.0186732	0.00231
-0.0621	0.0022	0.0235	0.002713986986851182	0.0010786134777324957	2.792526803190927e-05	0.94806677	55.181633	0.95191144	0.04654021442552742	0.0188975	0.00178
-0.0595	0.0194	0.0267	0.002595304597715568	0.001155407964820246	0.00011344640137963142	0.97297925	56.6316452	0.96852925	0.03704990047855434	0.0184542	0.00144
-0.0601	-0.0466	-0.0057	0.0031363566658338103	0.0010611601852125523	2.4434609527920616e-05	0.94182587	54.81838226	0.95458068	0.1352155819788823	0.0170573	0.00094
-0.0613	-0.016	-0.0034	0.00312413936106985	0.0009913470151327792	-7.67944870877505e-05	0.9030652	52.5623436	0.92528923	0.043262978572970234	0.0158706	0.00062
-0.0577	0.0009	-0.0069	0.0029408797896104456	0.0009808750396208131	-6.283185307179586e-05	0.91840702	53.45530319	0.9366586	0.03438470904936626	0.0148116	0.00026
-0.0627	0.0157	-0.0225	0.002790781473938933	0.0009983283321407565	-0.000153588974175501	0.94845873	55.20444489	0.95377452	0.04831543646475806	0.0139841	0.00016
-0.0518	0.0595	-0.005	0.0018570303241219666	0.001069886831472524	-8.37758040957278e-05	0.99318349	57.807621	0.97786324	0.12595614096142535	0.014406	0.0001
-0.0487	0.0557	-0.028	0.0016947147036864942	0.0011606439525762293	2.4434609527920616e-05	0.99219006	57.74980164	0.97707297	0.04796415775814129	0.0142661	5e-05
-0.0532	-0.0399	-0.0504	0.0022235494670407763	0.0010716321607245184	-3.4906585039886588e-06	0.99224156	57.75279617	0.97683858	0.1547885911618951	0.0132165	3e-05
-0.0576	0.0062	-0.0603	0.0023649211364523163	0.0009930923443847736	-0.00012217304763960306	0.94729531	55.13673019	0.9451699	0.07732969374434497	0.0132895	5e-05
-0.0553	0.0047	-0.0482	0.002281145332356589	0.0009878563566287904	-5.585053606381854e-05	0.98707503	57.45208359	0.96443106	0.02366671517137476	0.0128282	8e-05
-0.0496	0.0417	-0.0066	0.0013526301702956054	0.001043706892692609	-2.268928027592628e-05	1.00844836	58.69610596	0.97722479	0.13517634769563472	0.0144987	6e-05
-0.0507	-0.0075	-0.0585	0.0022060961745208325	0.0008936085770210966	-1.3962634015954635e-05	1.0093205	58.74686432	0.98489003	0.15281454830783558	0.0133458	2e-05
-0.0592	-0.0346	-0.0551	0.0024853488548399255	0.0010297442586766543	-0.00014486232791552936	0.96455121	56.14109802	0.95521849	0.06631440279371126	0.0124067	2e-05
-0.0579	-0.0004	-0.0641	0.0025516713664157096	0.0010419615634406148	-0.00012217304763960306	0.93559802	54.45589447	0.93902492	0.04956145483078355	0.0124661	3e-05
-0.0483	0.043	0.0003	0.0019460421159736775	0.0010873401239924673	-3.665191429188092e-05	1.04018569	60.54335403	1.00524029	0.15422644721708034	0.0138033	9e-05
-0.0556	0.0474	-0.0812	0.002488839513343914	0.0010559241974565693	-1.7453292519943296e-05	1.05783284	61.57049561	1.02215037	0.12287059728390357	0.0129752	8e-05
-0.0602	-0.0137	-0.1025	0.003118903373313867	0.0009023352232810684	-0.00014486232791552936	0.96375889	56.09498215	0.9555998	0.132553093477052	0.0133565	5e-05
-0.0595	0.0154	-0.0846	0.0027349309378751144	0.0009232791743050004	-0.00013962634015954637	0.96009779	55.88188934	0.95062154	0.06820761871093338	0.0126612	3e-05
-0.0577	0.0263	-0.09	0.0028187067419708422	0.000973893722612836	-0.00010297442586766544	0.96622473	56.2385025	0.95406616	0.026652113334772215	0.0123885	8e-05
-0.056	0.031	-0.0901	0.002647664475275398	0.0009564404300928925	-8.203047484373349e-05	0.94228286	54.84498215	0.94110633	0.016971975511965977	0.0122289	4e-05
-0.0522	0.0413	-0.0941	0.002717477645355171	0.001001818990644745	3.141592653589793e-05	0.98204088	57.15907288	0.96063764	0.02953190660056285	0.0147184	0.0001
-0.0484	-0.0337	-0.0955	0.002790781473938933	0.0010349802464326373	8.028514559173915e-05	1.01223814	58.9166832	0.98733255	0.08796671517137475	0.0134727	3e-05
-0.0501	-0.0103	-0.085	0.002853613327010729	0.001001818990644745	4.363323129985824e-05	0.9837994	57.26142502	0.96161917	0.042232251157578456	0.0128371	5e-05
-0.0529	-0.0023	-0.0916	0.003078760800517997	0.0010471975511965976	1.5707963267948964e-05	0.99375945	57.84114456	0.97245642	0.032322565104551504	0.0134085	5e-05
-0.0521	-0.0004	-0.0799	0.0029269171555944902	0.001022762941668677	5.4105206811824215e-05	0.9932788	57.81316757	0.97464826	0.02513377489976514	0.0116778	2e-05
-0.0428	0.0439	-0.0484	0.002097885760897184	0.0009302604913129776	0.00010471975511965978	0.96276593	56.03718567	0.95767599	0.13370741966804206	0.0122553	5e-05
-0.0473	0.0062	-0.0951	0.002813470754214859	0.0009913470151327792	7.853981633974481e-05	0.98134279	57.11844254	0.96757953	0.1290425727958696	0.0125617	5e-05
-0.0524	-0.0008	-0.0994	0.0030717794835100195	0.0010175269539126942	2.6179938779914945e-05	0.96720386	56.29549408	0.9540724	0.03324242728174526	0.0119876	5e-05
-0.0566	0.0203	-0.1061	0.0033684854563490563	0.0010890854532444615	-1.9198621771937625e-05	0.9850263	57.33283615	0.96371977	0.05268215163613282	0.0127577	4e-05
-0.0512	0.023	-0.0997	0.0030717794835100195	0.0010053096491487337	6.806784082777885e-05	0.97845912	56.95059967	0.95875504	0.037887411976724045	0.011976	5e-05
-0.0455	0.0487	-0.0654	0.0025080381351158514	0.0010332349171806431	0.0001605702911834783	0.96617472	56.23559189	0.95215681	0.09990845333908886	0.0117845	3e-05
-0.0521	0.0167	-0.1002	0.0029880036794142917	0.001085594794740473	9.948376736367679e-05	0.9560675	55.64730835	0.95440993	0.10307059728390355	0.0131081	6e-05
-0.0506	-0.0131	-0.0973	0.003262020371977402	0.0010419615634406148	0.00012217304763960306	0.95978957	55.86394882	0.95471703	0.05121696020694474	0.0127576	6e-05
-0.0546	-0.0026	-0.0994	0.003157300616857742	0.0010349802464326373	4.71238898038469e-05	0.98441708	57.29737854	0.96473501	0.02593751149816969	0.0120499	3e-05
-0.0501	0.016	-0.0709	0.0025202554398798117	0.001043706892692609	6.632251157578452e-05	1.00005805	58.20774841	0.97577975	0.08484852225049197	0.0132786	6e-05
-0.0511	0.031	-0.0761	0.0021642082724729686	0.0009599310885968812	8.726646259971648e-05	0.97881049	56.97105026	0.96980887	0.044238346126325136	0.0131747	4e-05
-0.0578	-0.0414	-0.1149	0.002780309498426967	0.000900589894029074	-0.0	0.99296474	57.79489136	0.97717067	0.15603544415607612	0.0138594	3e-05
-0.0601	-0.0266	-0.0964	0.002808234766458876	0.0009232791743050004	-2.792526803190927e-05	0.948852	55.22733688	0.94696014	0.03952699081698724	0.0130327	5e-05
-0.0581	0.0056	-0.1012	0.002722713633111154	0.0008674286382411819	-6.806784082777885e-05	0.92888957	54.0654335	0.93961059	0.04807571211037051	0.0127247	7e-05
-0.051	0.0287	-0.0754	0.0022410027595607188	0.0008813912722571365	5.759586531581287e-05	0.98081332	57.0876236	0.96358023	0.08706686068549907	0.0137246	6e-05
-0.0514	0.0152	-0.0835	0.002410299697004169	0.0009407324668249436	4.0142572795869576e-05	1.01152277	58.87504578	0.98346577	0.034304571226560054	0.014286	7e-05
-0.0567	-0.0289	-0.0908	0.00272096830385916	0.0009424777960769379	2.268928027592628e-05	1.0041604	58.44652939	0.97747035	0.07319336143134642	0.0133749	2e-05
-0.0566	-0.0055	-0.0972	0.0029967303256742636	0.0009302604913129776	3.316125578789226e-05	0.98141545	57.12266922	0.96128047	0.04482256510455149	0.0131245	8e-05
-0.0546	-0.0018	-0.0836	0.0026808257310632897	0.0009512044423369096	4.71238898038469e-05	0.96661645	56.26130295	0.95351727	0.03684055898254301	0.0119832	3e-05
-0.0479	0.0311	-0.0627	0.002097885760897184	0.0009581857593448868	0.00014660765716752367	0.96165824	55.97271347	0.95141427	0.09497025272688797	0.0133381	2e-05
-0.055	-0.028	-0.0861	0.002457423586808016	0.0011484266478122688	0.00011519173063162575	1.02167261	59.46581268	0.99101771	0.1186597320457056	0.0146166	6e-05
-0.0573	-0.0272	-0.0898	0.0027680921936630064	0.0009494591130849152	0.00010297442586766544	1.01627767	59.15180206	0.98315404	0.03289267231731522	0.0120827	3e-05
-0.0589	-0.0156	-0.1058	0.003073524812762014	0.0010088003076527223	6.45771823237902e-05	0.9884364	57.53131866	0.96433844	0.04935855286053451	0.0120689	5e-05
-0.0554	0.0177	-0.081	0.0026581364507873638	0.001022762941668677	7.330382858376184e-05	0.97987199	57.0328331	0.96198038	0.08350388211252883	0.0113443	3e-05
-0.0511	0.0502	-0.0629	0.00222529479629277	0.0009651670763528643	0.00014311699866353502	0.94855988	55.21033096	0.94492207	0.08291253449450897	0.0126023	2e-05
-0.0576	-0.012	-0.1011	0.002820452071222836	0.0009930923443847736	5.585053606381854e-05	1.010131	58.79404068	0.9830348	0.14241745027808458	0.0132664	6e-05
-0.0612	-0.0028	-0.0813	0.002581341963699613	0.000895353906273091	-5.585053606381854e-05	0.99760461	58.06494904	0.97040746	0.05502748088812712	0.0128207	0.0001
-0.0615	0.0019	-0.0841	0.002769837522915001	0.0009442231253289323	-5.759586531581287e-05	0.99648064	57.99953079	0.96881541	0.019755505376161175	0.0121707	5e-05
-0.0592	0.0197	-0.0455	0.0019058995431778078	0.0011676252695842063	1.9198621771937625e-05	0.99477118	57.90003204	0.97391212	0.11690673055401087	0.0130315	5e-05
-0.0547	0.0367	-0.0476	0.0017121679962064373	0.000905825881785057	5.4105206811824215e-05	0.96526867	56.18285751	0.95730656	0.04812187599052033	0.0125802	3e-05
-0.0591	-0.0357	-0.0946	0.002574360646691636	0.0010035643198967395	-7.330382858376184e-05	0.98732746	57.46677399	0.97567169	0.17816700619962336	0.0133265	9e-05
-0.0606	-0.0204	-0.0929	0.002883283924294633	0.0010576695267085637	-6.981317007977319e-05	0.99602181	57.9728241	0.97119856	0.036825957145940495	0.0138015	4e-05
-0.0607	-0.0074	-0.0939	0.0028675759610266834	0.0010349802464326373	-7.67944870877505e-05	1.01156616	58.87757111	0.97935513	0.016368928027592662	0.0120943	4e-05
-0.0557	0.0338	-0.0632	0.002314306588144481	0.0009756390518648303	1.9198621771937625e-05	1.01179123	58.89067459	0.98264405	0.11233018381548487	0.0123699	3e-05
-0.0594	0.0158	-0.0748	0.0024294983187761066	0.0012339477811599909	9.773843811168246e-05	0.99284995	57.78820801	0.97111409	0.05590201381332655	0.014162	0.00011
-0.0622	-0.0404	-0.1026	0.0032114058236695662	0.0010716321607245184	8.726646259971648e-05	0.9935599	57.82952881	0.97575671	0.1345347550420449	0.0136401	6e-05
-0.0641	-0.0024	-0.0997	0.0032515483964654355	0.0011362093430483087	1.0471975511965975e-05	0.97268862	56.61473083	0.96022306	0.0518757121103705	0.0125118	4e-05
-0.0598	0.0216	-0.0735	0.0029024825460665696	0.0011030480872604163	4.71238898038469e-05	1.00334454	58.39903641	0.97591867	0.07544395102393196	0.0117757	3e-05
-0.0564	0.0585	-0.0403	0.002181661564992912	0.0011606439525762293	9.773843811168246e-05	1.01104605	58.84729767	0.98397981	0.11495156973486532	0.0123546	3e-05
-0.0595	0.0143	-0.06	0.002466150233067988	0.0011449359893082802	4.886921905584123e-05	0.97804719	56.9266243	0.97074499	0.08445329251994332	0.0132705	6e-05
-0.0605	-0.0091	-0.075	0.002874557278034661	0.0011205013797803594	4.0142572795869576e-05	0.97817725	56.93419266	0.96538008	0.06147841503772828	0.0121706	5e-05
-0.066	-0.0079	-0.072	0.003029891581462156	0.0012269664641520136	1.2217304763960308e-05	0.96666735	56.26426697	0.9559962	0.02418623279155293	0.0131917	5e-05
-0.0601	0.0305	-0.0733	0.0031049407392979124	0.0012025318546240932	0.00010821041362364843	1.03564417	60.27902222	1.01543384	0.05537384381116826	0.0145097	8e-05
-0.0556	0.0346	-0.0894	0.0034313173094208515	0.001155407964820246	0.00023212879051524583	0.98365617	57.2530899	0.96654494	0.04957094184091917	0.015689	7e-05
-0.0601	-0.0082	-0.107	0.0037350045992678655	0.001218239817892042	0.0001064650843716541	0.99600321	57.97174072	0.97626796	0.08950914245312008	0.0123388	5e-05
-0.0647	0.0077	-0.1189	0.004323180557189954	0.0012636183784438947	0.0001064650843716541	0.98962319	57.6003952	0.96599091	0.06407772592369707	0.0126939	5e-05
-0.062	0.0516	-0.0583	0.0037646751965517687	0.0013526301702956054	0.00026878070480712676	1.01683235	59.18408966	0.98596699	0.14769163864626844	0.0123971	7e-05
-0.0626	0.0482	-0.0521	0.003565707661824415	0.001377064779823526	0.0002181661564992912	0.98780453	57.49454117	0.96962238	0.02390083462815549	0.0113708	6e-05
-0.0603	-0.0182	-0.0696	0.003963642731279122	0.0013159782560037243	0.0002844886680750757	0.98655099	57.42158127	0.96892271	0.11246720524251466	0.0109488	3e-05
-0.0573	0.0228	-0.0923	0.004834562028024293	0.0013334315485236678	0.00029321531433504735	0.95752066	55.73188782	0.95100478	0.1115549617762543	0.0109915	4e-05
-0.0512	0.0441	-0.0459	0.00436157780073383	0.001335176877775662	0.00037524578917878077	1.0001334	58.21213531	0.97308582	0.10163800156930948	0.0110226	3e-05
-0.0545	0.0508	-0.0229	0.0034697145529647274	0.0014748032179352085	0.0003193952531149623	1.00412285	58.44434357	0.98052174	0.08736700619962337	0.01389	0.00012
-0.0579	-0.0054	-0.089	0.004501204140893376	0.0012583823906879114	0.00027925268031909274	0.99091893	57.67581558	0.97364435	0.19010264939859073	0.0131855	5e-05
-0.0594	0.0146	-0.0811	0.004417428336797647	0.001265363707695889	0.00018151424220741024	0.96801126	56.34248734	0.95430968	0.038824777960769434	0.0127645	7e-05
-0.0575	0.0252	-0.0492	0.0039706240482871	0.0012897983172238095	0.00024085543677521747	0.97119427	56.52775192	0.95658745	0.07092900463031375	0.0113853	4e-05
-0.0489	0.0582	-0.0436	0.0036686820876920805	0.0011885692206081383	0.0003577924966588376	0.95916647	55.8276825	0.95429768	0.07320540585471554	0.012234	3e-05
-0.0518	0.0149	-0.0762	0.003902556207459321	0.0012583823906879114	0.00032637657012293966	0.96446478	56.13606644	0.95550652	0.09555516081914558	0.0129911	8e-05
-0.0561	-0.0212	-0.0884	0.004602433237509047	0.0012793263417118436	0.00023561944901923448	0.97943342	57.00730896	0.96413673	0.09317890510886814	0.0125195	5e-05
-0.0593	0.0158	-0.0908	0.004820599394008338	0.0013404128655316449	0.00020943951023931956	1.00089073	58.25621796	0.97046859	0.05787163095495039	0.0113223	5e-05
-0.0567	0.0365	-0.0582	0.004209734155810323	0.0013648474750595659	0.00030194196059501896	0.99014235	57.63061523	0.96534853	0.09229011490408179	0.0113682	5e-05
-0.0564	0.0572	-0.0373	0.003949680097263168	0.001481784534943186	0.0003630284844148205	0.98205018	57.15961456	0.96158408	0.06380388211252884	0.0117374	2e-05
-0.0638	-0.0059	-0.0666	0.004461061568097506	0.0015707963267948967	0.0002303834612632515	0.98069274	57.08060455	0.97033416	0.13645191429188094	0.0110165	4e-05
-0.06	0.0088	-0.0661	0.005045746867515607	0.0013962634015954637	0.00026878070480712676	0.98919052	57.57521439	0.96374928	0.058880773408070464	0.0114399	4e-05
-0.0535	0.0367	-0.0278	0.004391248398017733	0.001408480706359424	0.0003106686068549907	0.99901938	58.14729691	0.97033978	0.10813018381548493	0.0107228	5e-05
-0.0474	0.0461	-0.0068	0.003914773512223281	0.0013700834628155487	0.0004677482395344803	0.99247617	57.76645279	0.97155501	0.07009758810089084	0.0123402	6e-05
-0.0537	0.0074	-0.0437	0.004646066468808905	0.0015027284859671175	0.0004886921905584122	0.98184091	57.14743423	0.96689155	0.12614409653805622	0.0121471	4e-05
-0.0557	-0.0226	-0.0381	0.004995132319207771	0.0015917402778188286	0.0004921828490624009	0.95819473	55.77112198	0.95298292	0.05967841503772828	0.0122622	5e-05
-0.0552	0.0128	-0.0359	0.004534365396681268	0.0015271630954950383	0.0004328416544945937	0.94317627	54.8969841	0.94627063	0.06733426497090501	0.0112605	3e-05
-0.0535	0.0319	-0.0385	0.004335397861953915	0.001429424657383356	0.0004049163864626844	0.98869336	57.54627609	0.96687919	0.03963156204354724	0.0113313	5e-05
-0.0485	0.0657	-0.0272	0.0037297686115118824	0.0013456488532876281	0.0004415683007545654	1.01572335	59.11954117	0.98322829	0.08640284844148206	0.0117437	6e-05
-0.052	0.0061	-0.0717	0.0043929937272697275	0.0013892820845874865	0.00041713369122664475	1.00405705	58.4405098	0.98308491	0.14416464782928115	0.0101024	6e-05
-0.0552	-0.0042	-0.0618	0.004583234615737109	0.0013473941825396225	0.00032463124087094524	0.97122693	56.52965546	0.95692027	0.03963156204354726	0.0107306	5e-05
-0.0566	0.0197	-0.0617	0.004550073359949217	0.0013892820845874865	0.000291469985083053	0.98077339	57.08530045	0.96328855	0.030810520681182407	0.0105927	0.0001
-0.0516	0.0336	-0.0301	0.004075343803406759	0.0013962634015954637	0.0003351032163829112	0.97575712	56.79333115	0.96100009	0.0767672052425147	0.0108145	2e-05
-0.0493	0.0495	-0.0276	0.003454006589696778	0.0013334315485236678	0.0003822271061867582	0.96356475	56.08368301	0.95259597	0.05726464782928121	0.011345	5e-05
-0.0545	-0.0331	-0.0497	0.004122467693210606	0.0014014993893514465	0.00035430183815484887	1.02724051	59.78989029	0.99562132	0.14812271061867582	0.0118393	7e-05
-0.0542	-0.0101	-0.0381	0.004234168765338243	0.001361356816555577	0.00030194196059501896	0.99500251	57.91349792	0.96621982	0.04511017612416681	0.0102276	0.0001
-0.0557	0.0146	-0.0305	0.0041887902047863905	0.001356120828799594	0.00027925268031909274	0.99495709	57.91085434	0.96839388	0.03746519142918811	0.0112882	3e-05
-0.0486	0.0396	-0.0195	0.0037402405870238476	0.0013107422682477415	0.00040840704496667313	0.98797667	57.50456238	0.96909831	0.07425412714809879	0.0110952	5e-05
-0.0558	0.0048	-0.0468	0.004253367387110181	0.0014346606451393388	0.0003787364476827695	0.96435499	56.12967682	0.95815128	0.10263578871309172	0.0103492	6e-05
-0.0552	-0.0186	-0.0452	0.004569271981721155	0.0013735741213195373	0.00032637657012293966	0.95679432	55.68961334	0.94994646	0.047067549799530255	0.00982463	2e-05
-0.0574	0.0173	-0.0444	0.0046530477858168825	0.0014381513036433276	0.000312413936106985	0.9406358	54.74911499	0.94197558	0.04701578102177364	0.0101014	3e-05
-0.052	0.0453	-0.015	0.004153883619746505	0.0013997540600994523	0.00040666171571467877	0.99961811	58.18214417	0.97098137	0.09439045946109731	0.0106108	7e-05
-0.0546	0.0415	-0.0206	0.0038885935734433662	0.0014852751934471744	0.0003595378259108319	0.99802512	58.08942413	0.97623735	0.031896753472735365	0.0105281	5e-05
-0.0597	-0.0194	-0.0155	0.004064871827894794	0.001504473815219112	0.0002844886680750757	1.00309825	58.38470459	0.97817372	0.08462630170295604	0.0112324	6e-05
-0.0567	0.0009	-0.0351	0.004429645641561609	0.0012880529879718153	0.00029845130209103034	1.00537908	58.51745605	0.97705198	0.07265786374650333	0.0113118	5e-05
-0.0538	0.0074	-0.036	0.004621631859280984	0.0012060225131280816	0.0003351032163829112	0.98727667	57.4638176	0.96950571	0.02583343034274949	0.0130838	5e-05
-0.048	0.0466	-0.03	0.0039723693775390945	0.0011903145498601325	0.00038397243543875244	0.95494169	55.58178329	0.94724958	0.086691983203284	0.0130814	3e-05
-0.0559	-0.0161	-0.0623	0.004487241506877421	0.0012199851471440364	0.00030368728984701333	1.00900888	58.72872543	0.98054841	0.1341413936106985	0.0128704	9e-05
-0.0594	0.0019	-0.0524	0.004614650542273007	0.0012880529879718153	0.00020943951023931956	0.99904054	58.14852905	0.96758276	0.045886232791552926	0.0114982	6e-05
-0.0604	0.0059	-0.0316	0.004382521751757761	0.001308996938995747	0.0002670353755551324	0.99132836	57.699646	0.96498136	0.041333430342749534	0.0117217	4e-05
-0.0609	0.0545	-0.0114	0.004251622057858187	0.0013788101090755204	0.0002600540585471551	1.04533458	60.84304047	1.01855088	0.07968470904936625	0.0173053	0.00036
-0.0607	0.04	-0.0293	0.004569271981721155	0.0013578661580515882	0.00033684854563490564	0.96935958	56.4209671	0.96233213	0.05336941809873252	0.015637	0.00012
-0.0598	0.0081	-0.0631	0.0050405108797596234	0.0012583823906879114	0.00027925268031909274	0.94649291	55.09002686	0.9499124	0.09801592653589793	0.0155908	0.00011
-0.0598	0.0163	-0.0669	0.005031784233499652	0.001296779634231787	0.00028099800957108706	0.97198319	56.57367325	0.95505965	0.01444346095279206	0.0144981	5e-05
-0.0611	0.0329	-0.0352	0.004504694799397364	0.0013910274138394805	0.0002600540585471551	0.98828691	57.52262115	0.96276248	0.08171405823669564	0.0137461	3e-05
-0.0579	0.0373	-0.0201	0.004019493267342941	0.001296779634231787	0.00028099800957108706	1.00128341	58.27907562	0.9744393	0.05271966313430244	0.0124232	5e-05
-0.0488	0.061	-0.0085	0.003661700770684103	0.0011955505376161158	0.00041713369122664475	0.9812057	57.11046219	0.96393629	0.07415786374650336	0.0125527	5e-05
-0.0541	-0.0108	-0.0306	0.004040437218366873	0.0013543754995475996	0.00034906585039886593	0.98330826	57.23284149	0.96901521	0.12948146252210163	0.0117745	3e-05
-0.0551	-0.009	-0.0313	0.0043214352279379595	0.0013055062804917586	0.00027925268031909274	0.95338666	55.49127197	0.94705193	0.023484019935335027	0.0114207	5e-05
-0.0588	-0.0002	-0.0344	0.004338888520457902	0.001335176877775662	0.0002670353755551324	0.98355997	57.24748993	0.96133379	0.018567059728390328	0.0108946	3e-05
-0.0529	0.0327	-0.0118	0.0036843900509600297	0.0012740903539558604	0.0003001966313430247	1.00832212	58.68875885	0.97950575	0.09883731245527834	0.0114945	1e-05
-0.049	0.0465	-0.0205	0.0035622170033204267	0.001223475805648025	0.0003769911184307752	0.98511225	57.33784103	0.97462716	0.03887910415175944	0.011952	0.0001
-0.0553	-0.0106	-0.0612	0.004436626958569585	0.001270599695451872	0.0003106686068549907	1.01207948	58.90744781	0.98881597	0.15349281783143945	0.0112131	5e-05
-0.06	-0.0011	-0.0374	0.004242895411598215	0.0014172073526193955	0.0002652900463031381	0.95946664	55.84515381	0.95244554	0.057285888234537306	0.0109043	1e-05
-0.06	0.0371	-0.0314	0.00382576172037157	0.001439896632895322	0.00014486232791552936	0.95736825	55.72301865	0.95788899	0.072212534494509	0.0111397	3e-05
-0.0484	0.0631	-0.0132	0.003485422516232676	0.0012077678423800758	0.0003473205211468716	1.00491285	58.49032211	0.97600308	0.09454630939427411	0.0120099	5e-05
-0.0503	0.0299	-0.0404	0.00382576172037157	0.0012583823906879114	0.00033684854563490564	1.00260139	58.35578537	0.97883974	0.08237128639793477	0.0116493	3e-05
-0.0578	-0.0171	-0.0492	0.004291764630654057	0.001403244718603441	0.00021118483949131387	0.99044722	57.64835739	0.97723522	0.10012644721708037	0.0111082	5e-05
-0.0573	-0.0001	-0.0447	0.004302236606166022	0.0012897983172238095	0.00023212879051524583	0.98138648	57.12098312	0.96715593	0.029243116395776435	0.0116363	3e-05
-0.0504	0.0512	-0.0181	0.0036477381366681488	0.0013055062804917586	0.00035604716740684323	0.99991471	58.19940948	0.98266551	0.12450624048287098	0.0119869	4e-05
-0.0542	0.0088	-0.0403	0.003979350694547071	0.0013002702927357754	0.00034557519189487725	0.97221023	56.58688736	0.96608693	0.08576602605734358	0.0117225	7e-05
-0.0574	-0.0166	-0.0323	0.004066617157146788	0.0013980087308474581	0.00028797932657906436	0.97329414	56.64997482	0.96054241	0.04873003830136059	0.0109894	2e-05
-0.0592	0.0221	-0.0391	0.004382521751757761	0.0014014993893514465	0.0002513274122871834	0.94619846	55.07288742	0.94540127	0.06510235837034216	0.0110642	3e-05
-0.0514	0.0341	-0.0162	0.004003785304074992	0.001256637061435917	0.00037350045992678646	1.01053381	58.81748581	0.9765307	0.0749885911618951	0.0114405	5e-05
-0.0527	0.0545	-0.0142	0.00365646478292812	0.0013788101090755204	0.00034557519189487725	1.0117377	58.88755798	0.98022191	0.04857094184091922	0.0119146	9e-05
-0.0582	-0.002	-0.0486	0.004408701690537677	0.0013316862192716734	0.00028797932657906436	1.00401604	58.4381218	0.9810753	0.13924783313646083	0.0110212	3e-05
-0.0574	0.0032	-0.0289	0.004148647631990522	0.0013997540600994523	0.0002740166925631097	0.98471415	57.31467056	0.96553014	0.04280422666954442	0.0116763	3e-05
-0.0572	0.0124	-0.044	0.004600687908257053	0.001256637061435917	0.00033335788713091696	0.99093211	57.67658234	0.97414959	0.05722492347489368	0.0122363	4e-05
-0.0476	0.0528	-0.0255	0.003864158963915446	0.0011309733552923255	0.0003769911184307752	0.98176867	57.14323044	0.97514006	0.1137912940892528	0.0121202	6e-05
-0.0525	0.0179	-0.0326	0.0038100537571036214	0.001429424657383356	0.0004014257279586958	0.96697718	56.28229904	0.9645024	0.06574955592153878	0.0138941	5e-05
-0.0546	-0.0147	-0.023	0.004799655442984407	0.001335176877775662	0.0003892084231947355	0.99550498	57.94274139	0.98738645	0.09910333851262201	0.0119618	5e-05
-0.0567	0.0022	-0.0339	0.005031784233499652	0.0013753194505715315	0.000312413936106985	0.9774763	56.89339447	0.97042848	0.047353292519943246	0.0117595	5e-05
-0.0543	0.0222	-0.0143	0.004317944569433971	0.0013159782560037243	0.0002548180707911721	0.99956715	58.17918015	0.98197221	0.08353883619746505	0.0113542	5e-05
-0.0532	0.043	0.0033	0.0036180675393842456	0.0014137166941154068	0.0003473205211468716	0.99886596	58.1383667	0.9828699	0.08400589592585538	0.0121447	5e-05
-0.0655	0.0112	-0.0419	0.004244640740850209	0.0016109388995907662	0.0001605702911834783	1.054245	61.36166763	1.02472792	0.1398272818452358	0.0160051	0.00032
-0.0704	0.006	-0.0617	0.00507541746479951	0.0013857914260834976	8.726646259971648e-05	1.00692415	58.60739136	0.9915167	0.08636140130201654	0.017933	0.00028
-0.0674	0.0333	-0.0599	0.004988151002199794	0.0014364059743913332	0.00012740903539558605	0.94728404	55.13607407	0.94870402	0.04100117918517108	0.0167271	0.00014
-0.0633	0.0499	-0.0215	0.00441393767829366	0.0014381513036433276	0.00024085543677521747	1.00479424	58.48341751	0.9793852	0.093570252726888	0.0150666	0.00013
-0.0624	0.0467	-0.0412	0.0044820055191214375	0.0014800392056911916	0.00033335788713091696	1.01027381	58.80235291	0.9804896	0.033922909661567066	0.0140396	0.00015
-0.0647	0.0053	-0.08	0.005256931707006921	0.0014259339988793671	0.00028623399732707005	1.00241446	58.34490204	0.97789317	0.1263077642250577	0.0148798	7e-05
-0.0665	0.0166	-0.048	0.004731587602156627	0.0015341444125030156	0.0002600540585471551	0.97056627	56.49119949	0.95828774	0.07808672286269286	0.0140517	3e-05
-0.0649	0.0277	-0.0422	0.004588470603493092	0.0014119713648634124	0.0002600540585471551	0.95099747	55.352211	0.94882781	0.031764502315156914	0.0113541	2e-05
-0.0583	0.0398	-0.0162	0.0040229839258469294	0.0013456488532876281	0.0003525565089028545	0.99481928	57.90283203	0.96907973	0.08091558197888232	0.0117679	3e-05
-0.0631	0.0224	-0.0419	0.004201007509550351	0.0014154620233674013	0.0003316125578789226	0.99038422	57.64469147	0.96873995	0.06133903524035635	0.0108156	4e-05
-0.0688	-0.0206	-0.0621	0.004810127418496373	0.001361356816555577	0.0002513274122871834	0.98391312	57.26804733	0.96627708	0.10607551306747924	0.0118282	3e-05
-0.0688	0.0108	-0.0542	0.004742059577668593	0.0013997540600994523	0.00024609142453120044	0.97796279	56.92171097	0.9652113	0.0448850536063819	0.0107055	8e-05
-0.0668	0.0173	-0.0227	0.003988077340807043	0.0014364059743913332	0.0002565634000431664	0.9656738	56.20643616	0.95791798	0.08005530633326988	0.0108034	2e-05
-0.0606	0.0634	-0.0079	0.0034417892849328176	0.001424188669627373	0.0003385938748868999	0.97129363	56.533535	0.96130521	0.09912679177409592	0.0116425	6e-05
-0.0685	-0.0148	-0.0624	0.004574507969477138	0.001499237827463129	0.00027750735106709843	1.01770115	59.23465347	0.99395582	0.20404271830999393	0.0115883	6e-05
-0.0683	0.0016	-0.0577	0.004750786223928565	0.0014259339988793671	0.00023387411976724014	0.99202132	57.73997879	0.96987882	0.03596076571675237	0.010923	5e-05
-0.0701	0.0216	-0.0429	0.00447851486061745	0.0014887658519511632	0.00019024088846738194	0.98291743	57.21009064	0.96688007	0.05553682238413845	0.011364	8e-05
-0.0664	0.0609	0.002	0.0034086280291449255	0.0015341444125030156	0.00023387411976724014	0.99988067	58.19742584	0.98153134	0.14584493116621175	0.0127253	4e-05
-0.0709	0.0317	-0.0128	0.003522074430524557	0.0015760323145508795	0.00020769418098732522	0.97732842	56.88478851	0.97349643	0.057575712110370526	0.0115443	5e-05
-0.0744	-0.0327	-0.0349	0.004314453910929983	0.0015323990832510211	0.00013962634015954637	0.98386997	57.26553345	0.97301328	0.13520402762665315	0.0108886	5e-05
-0.0667	0.0075	-0.0247	0.004324925886441949	0.0014433872913993105	0.00014486232791552936	0.94731414	55.13782501	0.95095413	0.063335987755983	0.0103614	5e-05
-0.0615	0.0332	0.0281	0.003525565089028546	0.0013700834628155487	0.0001675516081914556	0.99986815	58.19669724	0.98697201	0.1284676953136545	0.0149025	8e-05
-0.0649	0.021	-0.0298	0.004174827570770436	0.0012636183784438947	0.00017976891295541595	0.97619724	56.81894684	0.97132983	0.1118972435438752	0.0152736	0.0001
-0.0693	0.0109	-0.0627	0.004577998627981126	0.0013212142437597075	0.00013962634015954637	0.99022901	57.63565826	0.97342879	0.07244547476611862	0.0135972	8e-05
-0.0723	0.0285	-0.0496	0.004403465702781694	0.0015428710587629874	0.00010995574287564276	0.9975239	58.06025314	0.97320307	0.05499301687433081	0.0121814	6e-05
-0.0699	0.0513	-0.0315	0.004207988826558329	0.0013980087308474581	5.235987755982989e-05	0.99012959	57.62987137	0.97181116	0.06319675347273533	0.0106946	5e-05
-0.0696	0.0687	-0.0027	0.003867649622419434	0.0013386675362796509	7.853981633974481e-05	0.97167289	56.55561066	0.96560947	0.06779301687433087	0.0108134	0.00011
-0.0742	0.0096	-0.0661	0.004640830481052923	0.0012897983172238095	-1.7453292519943294e-06	0.9933126	57.81513596	0.98603541	0.1722167611640535	0.0100998	3e-05
-0.076	-0.0072	-0.0552	0.004560545335461182	0.0012583823906879114	-4.537856055185256e-05	0.94007659	54.71656799	0.95125528	0.03726671517137484	0.0104363	2e-05
-0.0784	-0.008	-0.0329	0.004209734155810323	0.0013369222070276565	-0.00010821041362364843	0.97363788	56.66998291	0.96055667	0.050109142453120016	0.0112891	6e-05
-0.0756	0.0184	0.0324	0.0031695179216217023	0.0013596114873035826	-6.632251157578452e-05	1.03051424	59.98043442	1.00164841	0.1497396708256205	0.0138476	0.00011
-0.0777	-0.0162	-0.0431	0.003895574890451344	0.001165879940332212	-0.0001291543646475804	1.01978445	59.35591125	0.99921766	0.1613310184436404	0.0106246	2e-05
-0.0794	-0.0202	-0.0505	0.004300491276914028	0.0012130038301360591	-0.00012740903539558605	0.97192055	56.5700264	0.96280839	0.03578928027592629	0.0106736	7e-05
-0.0772	0.0271	0.0044	0.0037245326237558994	0.0012531464029319286	-9.599310885968811e-05	1.00152338	58.29303741	0.98328776	0.1367758576244948	0.0109841	3e-05
-0.0739	0.0621	0.0421	0.003118903373313867	0.0013212142437597075	-4.537856055185256e-05	0.97786683	56.91612625	0.97238248	0.11221558197888236	0.0118251	6e-05
-0.0756	0.0055	-0.0384	0.004349360495969869	0.0013665928043115599	2.268928027592628e-05	1.0334121	60.14910507	1.0089614	0.20599517620178168	0.0112444	2e-05
-0.0716	0.0032	-0.0369	0.0046914450293607576	0.001324704902263696	9.948376736367679e-05	0.93483478	54.41147232	0.94218332	0.030838346126325127	0.0104626	3e-05
-0.085	0.0373	-0.1464	0.006569419304506657	0.0015585790220309364	0.0001256637061435917	1.07310426	62.45935822	1.0335968	0.26390141668465267	0.0136995	6e-05
-0.0801	0.0704	-0.1571	0.006525786073206799	0.0014259339988793671	8.37758040957278e-05	1.01674688	59.1791153	0.98699545	0.05960830782496456	0.0132542	8e-05
-0.0788	0.0831	-0.1435	0.006740461571202101	0.0014364059743913332	0.00010821041362364843	0.97730953	56.88368607	0.9670789	0.04007910415175945	0.0136044	7e-05
-0.0793	0.0516	-0.1757	0.007319910882864217	0.0013840460968315032	8.203047484373349e-05	0.98460209	57.30814743	0.97238035	0.09709945640009308	0.0153927	6e-05
-0.0845	0.0688	-0.1766	0.007539822368615503	0.0014224433403753785	5.759586531581287e-05	0.97423512	56.70474243	0.96259136	0.03743716694115413	0.0166995	7e-05
-0.0871	0.0562	-0.2001	0.008260643349689161	0.0014905111812031574	0.00010471975511965978	0.95893204	55.81403732	0.95206365	0.08050063558526417	0.0156841	6e-05
-0.0815	0.0812	-0.1743	0.0078103484026746245	0.0014852751934471744	0.00024260076602721178	0.98333377	57.23432541	0.96863604	0.08607059728390355	0.0160928	9e-05
-0.0725	0.0974	-0.1372	0.006963863715457375	0.001322959573011702	0.00027925268031909274	1.00852823	58.70075607	0.98420296	0.1145726110972302	0.0139408	6e-05
-0.0795	0.0595	-0.1874	0.007433357284243849	0.0014154620233674013	0.0001256637061435917	1.00467694	58.47659302	0.98699176	0.13087924966588374	0.0143585	8e-05
-0.082	0.0434	-0.1994	0.007635815477475192	0.001239183768915974	7.155849933176751e-05	0.97442394	56.71573257	0.96365448	0.05224208272472972	0.0148245	5e-05
-0.0847	0.0717	-0.1861	0.0074787358447957015	0.0012932889757277981	2.4434609527920616e-05	0.96719146	56.2947731	0.95719014	0.057215436464758074	0.0143976	8e-05
-0.0825	0.0761	-0.1329	0.0065606926582466845	0.001322959573011702	3.839724354387525e-05	0.96647418	56.25302124	0.95952289	0.10788382089244376	0.0120531	3e-05
-0.079	0.0789	-0.1436	0.006408849013323179	0.0013107422682477415	6.45771823237902e-05	0.93179226	54.23438263	0.93853436	0.026512044423369074	0.0117321	2e-05
-0.0825	0.03	-0.1718	0.007070328799829028	0.0013840460968315032	3.4906585039886588e-06	0.93911177	54.66041183	0.94576385	0.12039350694547064	0.0132887	7e-05
-0.085	0.0443	-0.1715	0.007178539213452678	0.0013386675362796509	-6.9813170079773176e-06	0.97254306	56.60625839	0.95831699	0.025303047484373377	0.0129049	2e-05
-0.0893	0.0614	-0.1169	0.006024876577884425	0.0015760323145508795	8.726646259971648e-06	0.99294424	57.79369736	0.96992195	0.1463367688553715	0.0126845	6e-05
-0.0848	0.1031	-0.072	0.005256931707006921	0.0013683381335635543	6.981317007977319e-05	1.001755	58.30651855	0.98041106	0.14293627878423157	0.0116387	7e-05
-0.0917	0.0561	-0.1111	0.005946336761544681	0.001408480706359424	-2.96705972839036e-05	0.99344546	57.82286835	0.97616845	0.13445156973486533	0.0125273	9e-05
-0.0929	0.0206	-0.1237	0.006354743806511354	0.0013753194505715315	-5.585053606381854e-05	0.95759553	55.73624802	0.95154054	0.07268741197672401	0.0123888	3e-05
-0.092	0.0512	-0.1095	0.006215117466351807	0.0013857914260834976	-5.759586531581287e-05	0.95811999	55.76677322	0.9518397	0.05329218224617536	0.0131494	7e-05
-0.0905	0.0728	-0.0568	0.005340707511102648	0.0014067353771074296	4.537856055185256e-05	1.00536144	58.51643372	0.978685	0.12571641660703783	0.012144	4e-05
-0.0994	0.0346	-0.0973	0.005928883469024737	0.0014852751934471744	-7.330382858376184e-05	0.98785472	57.49746323	0.97075049	0.1268699081698724	0.013552	8e-05
-0.1001	0.0198	-0.1234	0.006712536303170191	0.001377064779823526	-3.141592653589793e-05	0.97516602	56.75892639	0.9592516	0.08828755749084832	0.0137764	6e-05
-0.0874	0.0343	-0.0844	0.006133086991508073	0.0012775810124598492	5.235987755982989e-05	0.99980837	58.19321823	0.98088991	0.1043354441560761	0.0127513	3e-05
-0.0754	0.0937	-0.0152	0.004996877648459765	0.0012514010736799342	0.00012217304763960306	0.99373376	57.8396492	0.98311625	0.2022101225953998	0.0125465	0.00011
-0.0918	0.0428	-0.0904	0.0056374134839416844	0.0013683381335635543	4.363323129985824e-05	0.98885113	57.55545807	0.98305969	0.1843006355852642	0.0121139	3e-05
-0.0934	0.0351	-0.1074	0.00613134166225608	0.0012775810124598492	-4.886921905584123e-05	0.92995155	54.12724686	0.93974115	0.06015938748869	0.0115984	3e-05
-0.0965	0.0512	-0.1123	0.0062570053683996705	0.0013962634015954637	-0.0001012290966156711	0.91159326	53.05871201	0.92960182	0.03893529864195175	0.0118048	7e-05
-0.0934	0.0681	-0.07	0.005785766470361203	0.0014224433403753785	-3.316125578789226e-05	0.95674151	55.6865387	0.95560451	0.09057433388230807	0.012649	6e-05
-0.0891	0.0903	-0.0096	0.004981169685191816	0.0015132004614790836	8.203047484373349e-05	1.01134324	58.86459732	0.98316254	0.13742728184523587	0.012479	7e-05
-0.0908	0.0515	-0.0554	0.005649630788705644	0.0015603243512829306	7.67944870877505e-05	0.99887377	58.13882065	0.98160635	0.12234104905368293	0.0130557	8e-05
-0.0905	0.0182	-0.0784	0.006134832320760068	0.001579522973054868	9.42477796076938e-05	0.9918704	57.73119354	0.97169034	0.08269267231731521	0.0133552	3e-05
-0.0928	0.0468	-0.0701	0.006277949319423604	0.0016179202165987434	6.806784082777885e-05	0.98241228	57.18069077	0.9643365	0.04958470904936632	0.0132374	9e-05
-0.0895	0.0668	-0.02	0.00545415391248228	0.0016109388995907662	0.00018151424220741024	0.97152621	56.54707336	0.96130375	0.1206111562664466	0.0125276	4e-05
-0.0915	0.0464	-0.0657	0.0058695422744569304	0.0015865042900628454	0.00021467549799530252	0.96138197	55.95663452	0.95642305	0.09174921136452319	0.0134079	7e-05
-0.0966	0.0119	-0.0836	0.0061295963330040846	0.001579522973054868	7.504915783575618e-05	0.9826743	57.19594193	0.96976623	0.07783308578573388	0.0143449	7e-05
-0.0973	0.0511	-0.0774	0.006194173515327876	0.0015812683023068625	8.726646259971648e-06	0.98217964	57.16714859	0.96512074	0.052732251157578486	0.0139874	3e-05
-0.0929	0.0669	-0.0492	0.005960299395560636	0.0017121679962064373	0.00011170107212763708	0.97096384	56.51433945	0.95973435	0.071787411976724	0.0140864	7e-05
-0.0928	0.0768	-0.0355	0.005747369226817327	0.0017418385934903407	0.0002303834612632515	0.96211267	55.99916458	0.95623593	0.04176415775814136	0.0146423	7e-05
-0.1022	0.0461	-0.0732	0.006435028952103093	0.001933824811209717	0.0001291543646475804	0.98537135	57.35292053	0.96778905	0.12684375198104067	0.01539	7e-05
-0.1079	0.0378	-0.0881	0.006914994496401533	0.0016650441064025902	-6.108652381980153e-05	1.03151762	60.03883362	1.01199327	0.07584935687864745	0.0228974	0.00036
-0.1017	0.0668	-0.0814	0.006440264939859076	0.0014259339988793671	-8.726646259971648e-05	0.97691399	56.86066437	0.97525577	0.07890098014227974	0.0194946	0.00024
-0.0945	0.1102	-0.0096	0.005408775351930427	0.001462585913171248	-1.7453292519943296e-05	0.99835438	58.10858917	0.98522217	0.1792977336150152	0.0185275	0.00019
-0.0922	0.0854	0.0173	0.004703662334124718	0.0016510814723866359	0.00010471975511965978	0.975209	56.76142883	0.96784011	0.10478908123303496	0.0166563	0.00012
-0.0922	0.0182	-0.0799	0.005948082090796675	0.0014119713648634124	6.45771823237902e-05	1.01252139	58.93317413	1.00009352	0.24058362184955248	0.013551	7e-05
-0.088	0.0166	-0.0914	0.00653102206096278	0.0014189526818713899	8.901179185171081e-05	0.94683397	55.10987854	0.94651313	0.04801779483510015	0.014349	6e-05
-0.0887	0.0348	-0.0919	0.006307619916707506	0.0014189526818713899	4.886921905584123e-05	0.96869075	56.38203812	0.95676343	0.03257723585255717	0.0140371	6e-05
-0.0852	0.0643	-0.0638	0.005319763560078716	0.0011833332328521555	1.0471975511965975e-05	0.99720341	58.04159927	0.97344298	0.124193652459595	0.0134361	7e-05
-0.0868	0.0745	-0.0609	0.004981169685191816	0.0014049900478554352	0.00010821041362364843	0.97928715	56.99879456	0.96734673	0.047599456400093096	0.0134977	8e-05
-0.0889	0.0157	-0.1045	0.006147049625524028	0.0014974924982111347	0.000148352986419518	0.99821365	58.10039902	0.97923448	0.16942624817418905	0.0127122	2e-05
-0.0882	0.0478	-0.0891	0.006230825429619756	0.00152367243699105	0.00012217304763960306	0.95998901	55.87555695	0.94844323	0.05500678408277791	0.0141362	2e-05
-0.0945	0.0678	-0.0766	0.006246533392887705	0.0016545721308906245	7.155849933176751e-05	0.99417841	57.86553192	0.96823388	0.04866111027376796	0.0142686	5e-05
-0.0867	0.0871	-0.0365	0.005619960191421741	0.0014119713648634124	0.0001308996938995747	1.01014411	58.79480743	0.98303839	0.1136257581030492	0.0131071	5e-05
-0.0833	0.104	-0.0548	0.005605997557405786	0.0012636183784438947	0.00021118483949131387	0.97511208	56.7557869	0.96670718	0.05073003830136057	0.0136014	8e-05
-0.0884	0.0296	-0.1024	0.00628842129493557	0.0013700834628155487	0.00014486232791552936	0.99722636	58.04293442	0.9755604	0.16986056667386107	0.0132665	6e-05
-0.0894	0.033	-0.0829	0.0062727133316676205	0.0013805554383275148	0.00012217304763960306	0.9509055	55.34685898	0.94723301	0.026343460952792063	0.0126702	3e-05
-0.0928	0.0478	-0.0789	0.006213372137099812	0.001361356816555577	0.00010821041362364843	0.93006057	54.1335907	0.93572087	0.026825122517785023	0.012089	4e-05
-0.0905	0.0659	-0.0294	0.005370378108386551	0.0014154620233674013	0.00014137166941154068	0.97745997	56.89244461	0.96126649	0.11641302456564888	0.0140656	6e-05
-0.0888	0.0451	-0.055	0.0057089719832734516	0.0012723450247038664	0.00018500490071139895	0.99087936	57.67351151	0.97361318	0.0743672052425147	0.0128808	7e-05
-0.0908	0.0209	-0.0783	0.006436774281355088	0.0014433872913993105	0.00012740903539558605	0.99316937	57.80680084	0.96795798	0.09732202150464465	0.0133641	7e-05
-0.0912	0.0423	-0.069	0.006600835231042554	0.0015166911199830724	0.00020420352248333657	0.98032427	57.05915833	0.96078297	0.04680796326794893	0.0143578	4e-05
-0.0922	0.0528	-0.0715	0.0067701321684860045	0.0015707963267948967	0.0002199114857512855	0.96873945	56.38487244	0.95631592	0.02595550537616117	0.0148783	6e-05
-0.0957	0.0736	-0.0295	0.006677629718130304	0.001595230936322817	0.00035081117965086024	0.96652651	56.25606918	0.96048073	0.07869183768915974	0.0148355	7e-05
-0.1022	0.0774	-0.0669	0.006944665093685436	0.0017523105690023068	0.0003351032163829112	0.95267856	55.45005798	0.95329924	0.06969114857512854	0.0156755	3e-05
-0.1045	0.0446	-0.0982	0.007342600163140145	0.001616174887346749	0.00022165681500327985	0.95540208	55.60857773	0.95327948	0.09877585762449488	0.0160976	8e-05
-0.1031	0.0752	-0.0641	0.0067771134854939805	0.001616174887346749	0.00017976891295541595	0.97449541	56.71989441	0.96292702	0.09646872898470141	0.015137	6e-05
-0.0993	0.0847	-0.0224	0.006000441968356505	0.001614429558094755	0.00020769418098732522	0.9789564	56.97954178	0.97070654	0.09531710572106893	0.0145289	0.00011
-0.0838	0.1137	0.0843	0.00632507320922745	0.0011222467090323538	0.0004310963252425994	1.07087994	62.32989502	1.04758989	0.20321081170943103	0.0197775	0.00023
-0.0873	0.2404	0.3672	0.00830776723949301	0.0007120943348136865	0.0006265732014659643	1.44359529	84.02355957	1.32965426	0.5425161640353795	0.0441097	0.01381
-0.0759	0.314	0.7123	0.009155997255962252	0.0024766222085799536	-0.0010349802464326373	1.59296536	92.71755219	1.49434762	0.6438155669067056	0.077428	0.05399
-0.0734	0.0214	0.4249	0.007805112414918642	0.002713986986851182	-0.0002740166925631097	1.69805694	98.83433533	1.53707661	0.6999606586592183	0.0497501	0.02429
-0.0953	-0.2317	-0.1341	0.007895869536022348	0.0005131268000863328	0.00029845130209103034	2.16518283	126.02310181	1.89806449	0.9772042651261346	0.0254549	0.00342
-0.0655	-0.1009	-0.2317	0.010213666782670817	-0.00010297442586766544	0.000609119908946021	1.26967704	73.90075684	1.18246932	0.42042835397287287	0.0244045	0.00077
-0.0539	-0.015	-0.0272	0.009786061115932205	-0.0003054326190990077	0.0004310963252425994	1.22717786	71.42711639	1.14543765	0.34240437218366876	0.0240139	0.00023
-0.0459	0.1335	0.0851	0.009930923443847734	-0.00062482787221397	0.0004310963252425994	1.147277	66.77653503	1.0864282	0.2920128790515246	0.0261189	0.00039
-0.0475	0.2044	0.0717	0.010520844731021817	-0.0006178465552059926	0.0003787364476827695	0.96321321	56.06322098	0.95930306	0.11836312408709453	0.0286188	0.00046
-0.0484	0.2595	0.0852	0.010318386537790476	-0.00047822021504644627	0.00041538836197465044	0.98555285	57.36348343	0.96460702	0.08843682238413843	0.0312366	0.00074
-0.0505	0.2563	0.0687	0.010719812265749171	-0.0003787364476827695	0.0003822271061867582	0.99565458	57.95145035	0.97477532	0.048503537555513274	0.0318177	0.00072
-0.0515	0.2107	0.061	0.01093623309299647	-0.000439822971502571	0.0004485496177625427	0.9906283	57.6588974	0.97401135	0.0714914931321442	0.030057	0.00047
-0.0495	0.1572	0.0394	0.011211995114811572	-0.00046949356878647465	0.0005323254218582705	0.96380162	56.09746933	0.95956315	0.09656042115973669	0.0297765	0.00045
-0.0489	0.078	0.0452	0.011121237993707869	-0.000486946861306418	0.0005218534463463045	0.97640979	56.8313179	0.9715316	0.09153411945678065	0.0289731	0.00084
-0.0514	0.0204	0.0398	0.011098548713431942	-0.00047647488579445195	0.0005148721293383271	0.95841688	55.7840538	0.96168303	0.06750712863979352	0.0293545	0.00127
-0.0535	0.0011	0.0475	0.010747737533781082	-0.0003682644721708035	0.0005201081170943102	0.94226712	54.84406662	0.95344245	0.052312879051524555	0.0314918	0.00216
-0.0572	-0.0098	0.0515	0.010737265558269114	-0.0003473205211468716	0.0005078908123303499	0.97942865	57.00703049	0.97394796	0.020781661564993	0.0331179	0.00337
-0.0569	0.0192	0.0551	0.010807078728348888	-0.00037524578917878077	0.0004921828490624009	0.98920906	57.57629395	0.97753997	0.038572320068981585	0.0328047	0.00462
-0.0596	0.0592	0.054	0.010808824057600882	-0.00035604716740684323	0.00046425758103049166	0.97942817	57.00700378	0.97016964	0.04624346095279208	0.0339283	0.00546
-0.0594	0.111	0.0553	0.010979866324296327	-0.0003630284844148205	0.00047647488579445195	0.98001921	57.04140472	0.96983379	0.06281204442336913	0.0357487	0.00692
-0.0594	0.1396	0.0674	0.010964158361028377	-0.0003874630939427412	0.0005253441048502931	0.95710117	55.70747375	0.95451182	0.0451505895925856	0.0373809	0.00866
-0.0617	0.1463	0.0675	0.01082802267937282	-0.00029496064358704166	0.00048171087355043494	0.93403143	54.36471176	0.941795	0.022713568165555767	0.0387809	0.00926
-0.062	0.145	0.0689	0.010665707058937348	-0.0002617993877991494	0.00042760566673861073	0.95509386	55.59063721	0.94977704	0.015479104151759435	0.0394806	0.00924
-0.0606	0.1259	0.0781	0.010470230182713982	-0.00030368728984701333	0.000460766922526503	0.9758659	56.79966354	0.96757741	0.0432263017029561	0.0382708	0.00907
-0.0625	0.083	0.081	0.010337585159562415	-0.00018151424220741024	0.0004677482395344803	0.9713946	56.53941345	0.96919876	0.06078996938995734	0.0389049	0.00863
-0.0617	0.0437	0.0521	0.010897835849452593	-0.0002373647782712288	0.0005026548245743669	0.95907778	55.82252121	0.96060388	0.10155039054969416	0.0379552	0.00772
-0.0571	0.0555	0.0631	0.010789625435828945	-0.00030194196059501896	0.0005235987755982988	0.9333052	54.32244492	0.94630346	0.03708657734856853	0.036887	0.0066
-0.0606	0.0528	0.0599	0.010913543812720543	-0.0002443460952792061	0.0004904375198104066	0.92209768	53.67011642	0.93728582	0.020133774899765183	0.0363724	0.006
-0.0636	0.0474	0.0534	0.011238175053591488	-0.00019024088846738194	0.0005061454830783556	0.92270774	53.70562363	0.93707003	0.03462222054753593	0.0369221	0.00516
-0.0654	0.0575	0.0463	0.011620402159778245	-8.37758040957278e-05	0.0005113814708343385	0.92137718	53.62818146	0.93796154	0.04369640891571967	0.0365548	0.00427
-0.0683	0.1007	0.0346	0.0120654611190368	-3.4906585039886588e-06	0.0005131268000863328	0.91875535	53.47557831	0.93832423	0.08415447170511446	0.0373852	0.00308
-0.0681	0.1086	0.0085	0.012287117934040078	7.330382858376184e-05	0.0005131268000863328	0.91095638	53.02164459	0.9334153	0.0491225651045514	0.0368515	0.00225
-0.0654	0.1114	-0.0038	0.0124040549939237	8.028514559173915e-05	0.0005410520681182421	0.92529619	53.8562851	0.9385892	0.0253921822461754	0.0370833	0.00153
-0.0612	0.1164	-0.0068	0.012411036310931675	6.45771823237902e-05	0.0006265732014659643	0.9728387	56.62346649	0.96703608	0.017610520681182316	0.0360855	0.00109
-0.0625	0.121	-0.0616	0.013411109972324427	3.839724354387525e-05	0.000582939970166106	0.98133928	57.11823654	0.97251591	0.11419434157362626	0.0353408	0.00074
-0.0561	0.1099	-0.0451	0.012842132636174276	7.67944870877505e-05	0.0006492624817418905	0.98493725	57.32765579	0.97610049	0.06768485456349055	0.034983	0.00048
-0.0469	0.1621	0.0328	0.011505210429146621	6.45771823237902e-05	0.0007330382858376184	1.0009625	58.26039505	0.98977447	0.2109457657943671	0.0327047	0.00046
-0.0538	0.1571	-0.0306	0.012395328347663728	6.632251157578452e-05	0.0006859143960337716	0.99037129	57.64393997	0.99345341	0.1222493568786474	0.0340583	0.00043
-0.0513	0.0201	-0.046	0.014098769697610194	-1.7453292519943296e-05	0.0007033676885537148	1.10630047	64.39152527	1.076598	0.24513352232810684	0.0367909	0.00095
-0.0471	0.1022	-0.005	0.014748032179352085	-3.490658503988659e-05	0.0006771877497737998	1.01612771	59.14307404	1.01430344	0.16194478565208745	0.0400649	0.00158
-0.0489	0.063	-0.1572	0.01553692100125352	-0.00018675022996339323	0.0005759586531581287	1.04699337	60.93959045	1.03726892	0.24529807817203064	0.0391893	0.00089
-0.0499	0.1208	-0.1093	0.013908528809142812	-1.7453292519943296e-05	0.0005235987755982988	0.98677069	57.43436813	0.9782341	0.19920245035569945	0.0368257	0.00072
-0.049	0.1628	-0.1572	0.013903292821386828	-0.00014137166941154068	0.000577703982410123	0.98243797	57.18218613	0.97573022	0.09996297857297028	0.0345253	0.00057
-0.0501	0.088	-0.2129	0.015489797111449674	-4.886921905584123e-05	0.0005951572749300663	0.99244511	57.76464462	0.98107728	0.2164230016469244	0.0383317	0.00085
-0.0505	0.1418	-0.1986	0.015744615182240847	-0.0001012290966156711	0.0005881759579220891	0.98779547	57.49401474	0.9641116	0.08420796326794908	0.0401047	0.00104
-0.052	0.1633	-0.1945	0.015545647647513493	-0.00013264502315156904	0.0005061454830783556	1.00225461	58.33559799	0.97216783	0.04272069680534925	0.0398032	0.00103
-0.0518	0.1793	-0.1673	0.014449580877261052	-8.37758040957278e-05	0.0006841690667817771	1.00629556	58.5708046	0.9785534	0.1095479786505852	0.0371888	0.00069
-0.0546	0.1386	-0.2142	0.01537111472231406	-0.00010821041362364843	0.0006230825429619757	1.00045335	58.23075867	0.98281551	0.14075274892003647	0.0385632	0.00064
-0.0538	0.0821	-0.1542	0.015016812884159212	5.235987755982989e-05	0.0006213372137099814	0.99022937	57.63567734	0.97597777	0.14313087292951598	0.0383312	0.0008
-0.0499	0.1113	-0.1854	0.01569400063393301	-7.67944870877505e-05	0.0006073745796940267	0.94305819	54.89011002	0.94428521	0.10531523742186664	0.0387145	0.00088
-0.0469	0.1164	-0.1754	0.015175637846090696	-0.00016231562043547262	0.0006719517620178169	0.98959607	57.59881973	0.9676492	0.051523055175691314	0.0379689	0.00074
-0.0472	0.1329	-0.1745	0.014662511046004361	-0.0001605702911834783	0.0006492624817418905	1.00603199	58.55546188	0.98425609	0.04457807048071279	0.0363263	0.00051
-0.0498	0.0841	-0.2077	0.01537984136857403	-6.9813170079773176e-06	0.000640535835481919	0.99978054	58.19159698	0.98026918	0.12858229715025707	0.0377433	0.00074
-0.0531	0.1262	-0.1954	0.015566591598537426	5.93411945678072e-05	0.0006684611035138282	0.99067056	57.66135788	0.97197892	0.07174990047855447	0.0386009	0.00075
-0.0531	0.1326	-0.1676	0.015177383175342691	9.948376736367679e-05	0.0006771877497737998	0.96327782	56.06698227	0.9536681	0.056103882112528765	0.0384921	0.00076
-0.0517	0.1557	-0.157	0.015086626054238984	5.235987755982988e-06	0.0006597344572538566	0.96509063	56.17249298	0.96426486	0.045222909661567216	0.0374948	0.00057
-0.0546	0.1571	-0.1691	0.014913838458291546	3.839724354387525e-05	0.0006771877497737998	0.99249107	57.76731873	0.97433537	0.02757010721276365	0.0394909	0.00076
-0.0549	0.1016	-0.1933	0.015945328046220196	-4.363323129985824e-05	0.0006684611035138282	0.97118378	56.52714157	0.96787381	0.13611233545161774	0.0409921	0.00092
-0.0534	0.1365	-0.2184	0.016920967098085025	-3.665191429188092e-05	0.0007033676885537148	0.95976168	55.86232758	0.9618952	0.11237634769563466	0.0446813	0.00159
-0.0427	0.1343	-0.2492	0.01718451181513617	-0.00035604716740684323	0.0007278022980816354	1.00887108	58.72070694	0.99502449	0.07406872898470139	0.0491921	0.00245
-0.0473	0.1597	-0.2438	0.01703092284096067	-0.00035604716740684323	0.0006894050545377602	0.97685301	56.8571167	0.97025569	0.0449993108859688	0.048086	0.00212
-0.0538	0.128	-0.2755	0.017969909978533618	-0.00022165681500327985	0.000661479786505851	0.97622615	56.82062912	0.9699208	0.12496513790042107	0.0501751	0.00306
-0.0527	0.1461	-0.2755	0.018226473378576784	-0.000148352986419518	0.0006894050545377602	0.97201961	56.57579041	0.96354192	0.03708962483294189	0.0518749	0.00351
-0.0502	0.1375	-0.2806	0.018533651326927785	-0.0001308996938995747	0.0007766715171374765	0.95002782	55.29577255	0.94847235	0.036794885173533	0.0523924	0.00371
-0.0536	0.1712	-0.2941	0.018687240301103285	-9.075712110370512e-05	0.000609119908946021	0.9395225	54.68431854	0.94394067	0.0686641577581412	0.0538694	0.00408
-0.0441	0.1906	-0.2868	0.01842544091330414	-0.000291469985083053	0.000731292956585624	0.99231893	57.75730133	0.97553976	0.06543426497090488	0.0518262	0.00316
-0.0478	0.1883	-0.3295	0.018594737850747584	-0.0001186823891356144	0.0007958701389094143	0.96146625	55.96154022	0.96406096	0.06903308578573371	0.0529911	0.00388
-0.0506	0.15	-0.308	0.01843067690106012	0.00013962634015954637	0.0007661995416255106	0.95767039	55.7406044	0.95713321	0.08520201381332647	0.0540743	0.00461
-0.0515	0.1624	-0.3261	0.018879226518822664	-7.330382858376184e-05	0.0007243116395776468	0.950378	55.31615448	0.95338128	0.06656838442768587	0.0527319	0.00427
-0.051	0.163	-0.3063	0.018465583486100008	-0.0001291543646475804	0.0007138396640656808	0.96522349	56.18022919	0.96219944	0.04489827721492204	0.0512418	0.00347
-0.0487	0.2085	-0.2786	0.017434093898171358	-0.00010821041362364843	0.0007470009198535729	0.97682512	56.85549164	0.97231862	0.12977973973702367	0.0485034	0.00238
-0.051	0.1291	-0.3435	0.018380062352752285	-0.00019024088846738194	0.0007592182246175333	0.98857713	57.53951263	0.9840893	0.19861081170943104	0.0500796	0.00345
-0.0521	0.1161	-0.33	0.018992672920202295	-0.00012042771838760874	0.0007225663103256524	0.96385074	56.10032654	0.95736493	0.06355378259108323	0.0512767	0.00378
-0.0513	0.1544	-0.3316	0.018980455615438332	-7.504915783575618e-05	0.000710349005561692	0.93216771	54.25623703	0.94094768	0.044190658503988775	0.0526667	0.00429
-0.0475	0.1707	-0.3008	0.01843416755956411	-0.00014311699866353502	0.0007958701389094143	0.99418986	57.86619568	0.96894083	0.08589385150248606	0.0511738	0.00329
-0.0484	0.1969	-0.2984	0.01783726495538205	-0.00014137166941154068	0.0007731808586334879	1.00557733	58.52899933	0.98320632	0.06056686068549914	0.0485614	0.0024
-0.0522	0.1378	-0.3368	0.01850398072964388	-0.00017278759594743863	0.0007278022980816354	1.00326872	58.39462662	0.98583562	0.138475513067479	0.0508134	0.00321
-0.0521	0.1494	-0.3244	0.018800686702482916	-0.0002478367537831948	0.0006736970912698113	0.98475724	57.31717682	0.9694074	0.0453930168743308	0.0514999	0.00337
-0.0494	0.1589	-0.2655	0.01779712238258618	-0.00023212879051524583	0.0006667157742618339	0.96576977	56.21202469	0.95947562	0.12241268000863315	0.0490147	0.00254
-0.0424	0.1885	-0.2421	0.017360790069587594	-0.0004939281783143952	0.0006806784082777885	0.98502487	57.33275604	0.96965652	0.09560471674068449	0.0468696	0.00175
-0.0415	0.1611	-0.2251	0.01642703891977063	-0.0003351032163829112	0.0007155849933176752	1.00216138	58.33017731	0.9797369	0.10167413483941679	0.0462379	0.00175
-0.0444	0.1138	-0.2822	0.018004816563573504	-0.0004625122517784973	0.0006283185307179585	0.99493557	57.9095993	0.97579104	0.19692265708990883	0.0469447	0.00218
-0.0458	0.1229	-0.2861	0.01825788930511268	-0.0005532693728822024	0.0006510078109938849	0.98039812	57.06345749	0.9645464	0.032725957145940454	0.0491849	0.00225
-0.0432	0.1566	-0.2698	0.01783726495538205	-0.0006876597252857658	0.0006318091892219474	0.98591536	57.38458633	0.97189986	0.08131066619530662	0.0501524	0.00184
-0.0412	0.1857	-0.2251	0.01681799267221736	-0.0007452555906015787	0.0006510078109938849	0.96966958	56.43901062	0.964388	0.13060333851262207	0.0482705	0.00136
-0.0405	0.1653	-0.249	0.017078046730764514	-0.0006318091892219474	0.0006265732014659643	0.97926271	56.99737167	0.97267793	0.0648967534727354	0.0447112	0.00161
-0.0442	0.1298	-0.2265	0.01710946265730041	-0.0004799655442984406	0.0005480333851262194	0.95882773	55.80796814	0.95918955	0.07478996938995741	0.0467983	0.00192
-0.043	0.1311	-0.2433	0.01757895622608689	-0.000582939970166106	0.0006283185307179585	0.99789375	58.08177948	0.97437774	0.051937657012294094	0.0461444	0.00198
-0.0379	0.1489	-0.2063	0.017004742902180753	-0.0007714355293814937	0.0005759586531581287	1.00906241	58.73184204	0.98741092	0.1006534380340676	0.044405	0.00137
-0.0359	0.1888	-0.1425	0.015070918090971035	-0.0007941248096574199	0.0007155849933176752	0.98608696	57.39457321	0.97647926	0.21050702158225956	0.0440076	0.00114
-0.0425	0.1324	-0.197	0.016575391906190146	-0.0005619960191421741	0.0005969026041820607	0.9834953	57.24372482	0.97481033	0.21026424974349853	0.0438098	0.00147
-0.0458	0.1286	-0.2112	0.01719323846139614	-0.00048345620280242926	0.0005288347633542819	0.96159369	55.96895599	0.95590207	0.05952271061867587	0.045042	0.00167
-0.047	0.1249	-0.1994	0.01706059343824457	-0.00039095375244672985	0.0005427973973702365	0.95996183	55.87397766	0.95315638	0.028655505376161104	0.0438464	0.00155
-0.0423	0.1658	-0.1696	0.016514305382370347	-0.0004537856055185257	0.0005619960191421741	0.98158312	57.13243103	0.97345131	0.10681592653589787	0.0441098	0.00125
-0.0426	0.1621	-0.1738	0.016161748873467493	-0.0004380776422505767	0.0006422811647339132	0.99340785	57.82067871	0.9738336	0.030627480888127136	0.0431389	0.00104
-0.0461	0.1173	-0.198	0.01677261411166551	-0.0005707226654021458	0.00048345620280242926	0.97308487	56.63779449	0.96146281	0.11761676116405342	0.0436388	0.00101
-0.0452	0.13	-0.1743	0.016372933712958806	-0.0005811946409141118	0.0004747295565424576	0.97999477	57.03998184	0.96626149	0.05824395102393202	0.0437221	0.00135
-0.0467	0.138	-0.1683	0.016561429272174192	-0.0004921828490624009	0.0005096361415823442	0.98700505	57.44800949	0.97163943	0.0311206968053492	0.0425515	0.00117
-0.0421	0.1778	-0.1	0.015018558213411207	-0.0003054326190990077	0.0005707226654021458	0.99725521	58.04461288	0.98166768	0.20223539062730897	0.0419958	0.00103
-0.0423	0.1289	-0.1508	0.015599752854325319	-0.0005881759579220891	0.0005427973973702365	0.98495758	57.32883835	0.97310614	0.1444931623884551	0.0389059	0.00073
-0.0446	0.1086	-0.1502	0.015491542440701668	-0.0006178465552059926	0.0005078908123303499	0.94805557	55.18098068	0.95376059	0.03183937979737199	0.041266	0.00098
-0.044	0.1085	-0.1812	0.016325809823154958	-0.000635299847725936	0.0004729842272904633	0.9771086	56.87199402	0.95860353	0.07603136300065597	0.0412596	0.00107
-0.0486	0.1392	-0.1407	0.015582299561805376	-0.0004520402762665313	0.0005218534463463045	1.01479042	59.06523895	0.98278851	0.1245819525932414	0.0401399	0.00079
-0.0453	0.1552	-0.1255	0.014952235701835423	-0.0004921828490624009	0.000609119908946021	0.99520683	57.92538834	0.97335348	0.07237364476827694	0.0390449	0.00068
-0.0411	0.1075	-0.1764	0.015968017326496123	-0.0007452555906015787	0.0006003932626860494	0.9970814	58.03449631	0.97583846	0.16667905062299243	0.0415303	0.00075
-0.0464	0.0995	-0.1864	0.016451473529298547	-0.0006527531402458793	0.00046425758103049166	0.96449655	56.13791656	0.95396307	0.05890471674068407	0.0436713	0.00087
-0.0445	0.1373	-0.1871	0.01664869573477391	-0.0006632251157578452	0.00043458698374658803	0.95773691	55.74447632	0.95535756	0.0522682389135616	0.0416667	0.00099
-0.0399	0.1507	-0.1399	0.015074408749475025	-0.0006021385919380437	0.0006038839211900379	1.01593113	59.13163376	0.98485071	0.1554335223281068	0.0392256	0.00061
-0.0376	0.1173	-0.1692	0.015414747953613918	-0.000619591884457987	0.0005323254218582705	1.00082827	58.25258255	0.97900783	0.08646754979953021	0.0420843	0.00068
-0.0409	0.1033	-0.1795	0.016004669240788003	-0.0005497787143782138	0.0005462880558742252	1.00472641	58.47947311	0.98001359	0.06128485456349064	0.0399404	0.0009
-0.0439	0.11	-0.1895	0.01631533784764299	-0.0004886921905584122	0.0004991641660703782	0.98201376	57.15749359	0.96383686	0.04064395102393176	0.0410905	0.00092
-0.0402	0.1212	-0.1296	0.015156439224318757	-0.0004974188368183839	0.0006021385919380437	0.96406657	56.11288834	0.95491487	0.1383299847725935	0.0389347	0.00081
-0.0356	0.1555	-0.131	0.014856242592975733	-0.0005602506898901797	0.0005654866776461627	0.96604633	56.2281189	0.95435931	0.06028401993533505	0.0383111	0.00067
-0.0354	0.1231	-0.158	0.014967943665103369	-0.000640535835481919	0.0006771877497737998	1.0168488	59.18504333	0.98660632	0.07478436449235062	0.0384091	0.00072
-0.039	0.0897	-0.1429	0.015105824676010923	-0.00042236967898262774	0.0005864306286700947	1.0161165	59.14242172	0.98464563	0.0744402144255275	0.0405919	0.00099
-0.0422	0.109	-0.1658	0.016041321155079884	-0.0004939281783143952	0.0005585053606381855	0.98290986	57.20965195	0.9674954	0.09714901232163185	0.0404441	0.00109
-0.0379	0.1342	-0.1244	0.01533097214951819	-0.0005078908123303499	0.0005742133239061344	0.98738647	57.47021103	0.97619284	0.1079009801422799	0.0384934	0.00079
-0.0343	0.1616	-0.1124	0.014554300632380713	-0.0005881759579220891	0.000736528944341607	0.96193421	55.98877716	0.96131905	0.0939636141582344	0.0372642	0.00072
-0.0345	0.0892	-0.1589	0.015580554232553381	-0.000640535835481919	0.0007173303225696694	0.98607129	57.3936615	0.97257372	0.17399060497522179	0.0385991	0.00072
-0.0419	0.1234	-0.1443	0.015515977050229588	-0.00035430183815484887	0.0005480333851262194	0.93914205	54.66217422	0.94553958	0.08220540585471565	0.0412742	0.00097
-0.0388	0.1176	-0.1661	0.016179202165987436	-0.0004520402762665313	0.0005759586531581287	0.98605174	57.3925209	0.96521162	0.07014444109507195	0.0412065	0.00105
-0.0326	0.1635	-0.0825	0.014990632945379296	-0.00042760566673861073	0.000645771823237902	1.05145788	61.19944763	1.01219626	0.1998408500107917	0.0382986	0.00085
-0.0323	0.1717	-0.0801	0.01395216204044267	-0.0002373647782712288	0.0007155849933176752	1.00323498	58.39266205	0.98678833	0.07582624817418901	0.0382177	0.00078
-0.0466	0.0974	-0.208	0.016034339838071905	-0.0001884955592153876	0.0006510078109938849	1.03188634	60.0602951	1.01514019	0.3262812099504433	0.0398707	0.0009
-0.0506	0.1085	-0.2264	0.016903513805565082	-0.0002652900463031381	0.0005899212871740833	0.95011342	55.30075455	0.95126509	0.08385274892003641	0.0434726	0.00103
-0.0522	0.1136	-0.2198	0.0168668618912732	-0.000317649923862968	0.000593411945678072	0.94828868	55.19454575	0.94846309	0.01792512251778496	0.0453008	0.00106
-0.0431	0.1387	-0.1526	0.015496778428457652	-0.0005009094953223725	0.000661479786505851	0.96954936	56.43201065	0.96670537	0.1824705437551366	0.0394837	0.00079
-0.0401	0.161	-0.1723	0.01536762406381007	-0.000466002910282486	0.0006667157742618339	0.95340759	55.49248886	0.95380017	0.0534648468721726	0.0388517	0.00079
-0.0395	0.0951	-0.2052	0.01639911365173872	-0.0004991641660703782	0.0006736970912698113	0.95493448	55.58136368	0.95721045	0.1529816080362259	0.0413975	0.00101
-0.0443	0.1066	-0.2249	0.01667662100280582	-0.0003298672286269283	0.0006370451769779302	0.99003136	57.62415314	0.96887878	0.06017281014012166	0.0438617	0.00104
-0.0417	0.1462	-0.1663	0.015776031108776744	-0.00032463124087094524	0.0006789330790257941	1.01224923	58.91732788	0.98339023	0.14818568919164618	0.0402903	0.00098
-0.0391	0.1706	-0.1702	0.015603243512829304	-0.000312413936106985	0.000783652834145454	0.98475724	57.31717682	0.97360927	0.045386232791552975	0.0393288	0.00081
-0.0446	0.0918	-0.2088	0.016552702625914222	-0.0004014257279586958	0.000726056968829641	1.01633775	59.15530014	0.98841933	0.17770333851262207	0.0415314	0.00107
-0.0475	0.1111	-0.2043	0.016634733100757953	-0.00028623399732707005	0.0006632251157578452	0.9478243	55.16751862	0.94742165	0.03970270292735761	0.0417174	0.00094
-0.049	0.1187	-0.2081	0.016526522687134306	-0.0003089232776029963	0.0006510078109938849	0.95539582	55.60821533	0.94740681	0.020055849933176655	0.0423461	0.0011
-0.0423	0.1418	-0.1687	0.01536762406381007	-0.0003316125578789226	0.0006824237375297829	1.0112648	58.86003494	0.98169772	0.12985019150680308	0.0387336	0.00074
-0.0374	0.1291	-0.1992	0.015374605380818048	-0.000450294947014537	0.0006928957130417488	0.99195611	57.73618317	0.97667709	0.05490678408277795	0.0393668	0.00069
-0.0432	0.0917	-0.2149	0.016318828506146982	-0.00041189770347066176	0.0006754424205218055	0.99710482	58.03586197	0.97727052	0.10890368306963764	0.0403139	0.00092
-0.0437	0.1142	-0.2044	0.0163746790422108	-0.0004572762640225143	0.000619591884457987	0.97310442	56.63893127	0.96256942	0.04135398163397445	0.0413362	0.00104
-0.0404	0.1324	-0.1385	0.014571753924900656	-0.00022340214425527416	0.0007400196028455958	0.96667314	56.26460266	0.96328035	0.1952613477732497	0.0385203	0.00069
-0.0374	0.1373	-0.1985	0.015297810893730297	-0.00041713369122664475	0.000705113017805709	0.95351952	55.49900436	0.95460412	0.11563475504204494	0.0383324	0.00063
-0.0394	0.0862	-0.205	0.016116370312915636	-0.00033684854563490564	0.0006475171524898963	0.9429512	54.88388443	0.94955503	0.10742202150464451	0.040889	0.00091
-0.0432	0.1088	-0.1963	0.016261232640831166	-0.00029321531433504735	0.0006649704450098395	0.96040922	55.90001678	0.95516607	0.04539744258676658	0.0415991	0.00106
-0.0414	0.1246	-0.1873	0.01585457092511649	-0.0003961897402027128	0.000661479786505851	0.99360436	57.83211899	0.97425628	0.0522563400043166	0.0402663	0.00081
-0.0419	0.164	-0.1892	0.015147712578058786	-0.0003351032163829112	0.0006806784082777885	0.98920012	57.57577133	0.97344141	0.08115717463247213	0.0386791	0.00064
-0.0454	0.0909	-0.2375	0.01626297797008316	-0.0003647738136668148	0.0006824237375297829	0.96383482	56.09939957	0.96805526	0.18223406592801364	0.040906	0.00098
-0.0446	0.1077	-0.2199	0.01654397597965425	-0.0002844886680750757	0.0006719517620178169	0.93632323	54.4981041	0.94080673	0.053787756533739656	0.0423461	0.00116
-0.0435	0.1267	-0.2136	0.01642703891977063	-0.0002844886680750757	0.0006579891280018621	0.95399684	55.5267868	0.95118727	0.03294498469497874	0.0424163	0.00113
-0.0382	0.1305	-0.152	0.014875441214747669	-0.000445058959258554	0.0007609635538695277	0.97507942	56.75388718	0.967467	0.16145712110370522	0.0389719	0.00085
-0.0345	0.1314	-0.1948	0.015294320235226309	-0.0004328416544945937	0.0007714355293814937	0.95805359	55.76290894	0.95607094	0.0694784150377283	0.0384129	0.00071
-0.0418	0.0748	-0.2312	0.016224580726539286	-0.0002844886680750757	0.0006649704450098395	0.94772238	55.16158676	0.95368141	0.15955392810520744	0.0410588	0.00088
-0.0438	0.1019	-0.2311	0.016329300481658947	-0.00028099800957108706	0.0006283185307179585	0.97724503	56.8799324	0.96033199	0.03644311639577651	0.0418175	0.00089
-0.0391	0.1294	-0.1929	0.015456635855661784	-0.0002600540585471551	0.000736528944341607	1.01738667	59.21635437	0.98335283	0.12049094953223716	0.0388702	0.00076
-0.0401	0.1488	-0.1816	0.01468520032628029	-8.203047484373349e-05	0.0007993607974134029	1.01268291	58.94257355	0.98385577	0.08231454830783555	0.0374115	0.0006
-0.0424	0.0897	-0.2452	0.015611970159089276	-0.0001361356816555577	0.0006998770300497262	1.01692939	59.18973923	0.99224008	0.1790179403492243	0.0395969	0.00068
-0.0495	0.0789	-0.2561	0.0158510802666125	-7.155849933176751e-05	0.0006789330790257941	0.96479779	56.15544891	0.95600634	0.045031562043547295	0.0378343	0.00067
-0.0525	0.1043	-0.2508	0.015601498183577313	2.96705972839036e-05	0.000609119908946021	0.94150186	54.79952621	0.94359762	0.05473121748653149	0.0381308	0.00069
-0.0482	0.1374	-0.224	0.014524630035096811	-8.203047484373349e-05	0.0006597344572538566	0.97291648	56.62799454	0.96295981	0.1261591884457987	0.0362864	0.00059
-0.0527	0.1288	-0.2374	0.014385003694937266	1.5707963267948964e-05	0.0006667157742618339	0.97582942	56.79753876	0.96709505	0.03871730476396023	0.0357695	0.00048
-0.05	0.0788	-0.227	0.014535102010608777	0.00010471975511965978	0.0006894050545377602	0.96615261	56.23430634	0.96613741	0.0761899693899574	0.0375735	0.00067
-0.054	0.0902	-0.2563	0.015584044891057369	8.203047484373349e-05	0.000661479786505851	0.95332891	55.48791122	0.95170796	0.09967787143782131	0.0381188	0.00077
-0.0486	0.1066	-0.2317	0.014877186543999667	-1.7453292519943294e-06	0.0007243116395776468	0.98396444	57.27103424	0.96792952	0.08907330021126125	0.0365699	0.00054
-0.0477	0.1509	-0.1985	0.013746213188707338	2.268928027592628e-05	0.000726056968829641	1.00044513	58.23028183	0.98312828	0.1362576647036122	0.0363969	0.00054
-0.0586	0.0764	-0.2857	0.015421729270621897	3.490658503988659e-05	0.0005846852994181004	1.02378571	59.58880234	0.99775092	0.264055252804503	0.0396648	0.00077
-0.0637	0.085	-0.2719	0.016013395887047973	0.0001064650843716541	0.0005672320068981572	0.96420079	56.12070084	0.95665251	0.061533920413889394	0.0402122	0.0009
-0.0591	0.1194	-0.2648	0.01577777643802874	0.00017976891295541595	0.0006003932626860494	0.93729126	54.55445099	0.94249838	0.06320422666954442	0.0404196	0.00098
-0.0453	0.1387	-0.241	0.015002850250143257	-5.759586531581287e-05	0.0008674286382411819	0.99110293	57.68652344	0.96824392	0.12086631708559212	0.0389449	0.00073
-0.0452	0.1364	-0.2688	0.015248941674674457	-9.250245035569947e-05	0.000879645943005142	0.98284751	57.20602417	0.96887465	0.04486076571675236	0.0394791	0.0007
-0.055	0.0951	-0.2829	0.01604830247208786	6.9813170079773176e-06	0.0006579891280018621	0.99506146	57.91692734	0.97642746	0.12122506898901791	0.0419679	0.00101
-0.057	0.1054	-0.2583	0.01586678822988045	-2.094395102393195e-05	0.0006597344572538566	0.97970444	57.02308273	0.97034361	0.04745924197456556	0.0425433	0.00113
-0.0507	0.1424	-0.208	0.014966198335851378	-0.00017104226669544429	0.0006946410422937432	0.98019779	57.05179596	0.97250391	0.1478797397370236	0.0385802	0.00069
-0.0536	0.1359	-0.2563	0.01500808623789924	-4.537856055185256e-05	0.0006806784082777885	0.95996481	55.87414932	0.97001451	0.06677571211037044	0.0402012	0.00087
-0.0586	0.06	-0.2918	0.015940092058464212	6.806784082777885e-05	0.0006370451769779302	0.97082895	56.5064888	0.96689092	0.17085427266222308	0.0413182	0.00123
-0.0578	0.0731	-0.315	0.01702394152395269	-0.000158824961931484	0.0006422811647339132	0.94386142	54.93686295	0.94698587	0.10289891280018625	0.0416389	0.0011
-0.0501	0.1117	-0.244	0.015638150097869192	-0.00028797932657906436	0.0006335545184739417	0.96025926	55.89128876	0.9603047	0.19348362184955256	0.0398425	0.00067
-0.0424	0.1685	-0.1731	0.014248868013281707	-0.0003106686068549907	0.000736528944341607	0.98129588	57.11571121	0.97645268	0.21114728953655384	0.0368482	0.0005
-0.0425	0.1183	-0.1889	0.015081390066483001	-0.000296705972839036	0.0007627088831215222	0.98681372	57.43687439	0.9794071	0.10973323129985822	0.0417066	0.0009
-0.0429	0.1017	-0.2011	0.01623330737279926	-0.00040840704496667313	0.000752236907609556	0.96718669	56.29449463	0.95915982	0.09290451769779304	0.0420514	0.00094
-0.0453	0.1254	-0.1742	0.015844098949604524	-0.0003874630939427412	0.0007225663103256524	0.96070659	55.91732407	0.95564956	0.07499114857512851	0.0407242	0.00091
-0.0426	0.148	-0.1197	0.014426891596985129	-0.00017104226669544429	0.0007871434926494425	0.97194391	56.57138443	0.96442072	0.1647102681095241	0.0389963	0.00068
-0.0469	0.0918	-0.2045	0.015488051782197679	-0.0002303834612632515	0.0007086036763096977	0.97759867	56.90051651	0.97434874	0.20525205980600517	0.0387015	0.00072
-0.0478	0.0754	-0.1992	0.01592263876594427	-0.00024085543677521747	0.0007138396640656808	0.95323056	55.48218536	0.95204805	0.045114747350726965	0.0398206	0.00087
-0.0485	0.0939	-0.1972	0.0160657557646078	-0.0002443460952792061	0.0006841690667817771	0.95743871	55.72711945	0.95122421	0.03001391272257124	0.0403838	0.0009
-0.0496	0.1066	-0.1386	0.014679964338524306	-0.00010297442586766544	0.0006789330790257941	0.9700315	56.46007538	0.96225528	0.14901995416255098	0.0377937	0.00061
-0.0468	0.1435	-0.151	0.014421655609229145	-0.0003193952531149623	0.0007330382858376184	0.96026862	55.89183044	0.95802606	0.07854173816771409	0.0357767	0.00046
-0.0486	0.0713	-0.1795	0.015051719469199098	-0.0001832595714594046	0.0006736970912698113	0.99136943	57.702034	0.97782875	0.1437770368096659	0.0395021	0.00076
-0.0489	0.0851	-0.1863	0.01564164075637318	-0.00029321531433504735	0.0006126105674500097	0.98536909	57.35279083	0.96475892	0.05894817769347638	0.0386905	0.00063
-0.0495	0.1027	-0.1803	0.015392058673337991	-0.0004258603374866164	0.000577703982410123	0.98389006	57.26670456	0.96731909	0.045056684561332286	0.0381718	0.0007
-0.0453	0.1217	-0.1713	0.014501940754820884	-0.00047822021504644627	0.0007120943348136865	0.98301715	57.21589661	0.96777574	0.086043407424025	0.0356098	0.00042
-0.0436	0.1354	-0.159	0.013711306603667452	-0.0005532693728822024	0.0006806784082777885	0.95532447	55.60406113	0.95594592	0.0725549617762543	0.0347067	0.00039
-0.0489	0.0536	-0.183	0.014910347799787557	-0.0005637413483941684	0.0005480333851262194	0.98555857	57.36381912	0.97450711	0.1782079097391819	0.0348041	0.00048
-0.0483	0.081	-0.1424	0.01427853861056561	-0.0002722713633111154	0.0005078908123303499	0.93851107	54.62544632	0.94395989	0.11677108735504342	0.0361025	0.00051
-0.0486	0.1112	-0.17	0.01450019542556889	-0.0004729842272904633	0.0004974188368183839	0.93676102	54.52358627	0.94357366	0.07974208272472963	0.0354914	0.00056
-0.0417	0.1178	-0.146	0.013480923142404202	-0.0006126105674500097	0.0006702064327658224	0.99385762	57.84685898	0.97300952	0.10408431096358368	0.0327991	0.00031
-0.0468	0.0721	-0.1894	0.014336134475881423	-0.00039968039870670147	0.0005672320068981572	1.00117028	58.27248764	0.98069356	0.15275579640440975	0.0352025	0.00041
-0.0512	0.0728	-0.1866	0.015135495273294825	-0.000486946861306418	0.0005078908123303499	0.99261421	57.77448654	0.9716252	0.05519842272904629	0.0358574	0.00052
-0.0499	0.0896	-0.191	0.014924310433803512	-0.0004799655442984406	0.000577703982410123	0.98300821	57.21537399	0.9680551	0.03689896632895319	0.0363918	0.0005
-0.0479	0.1282	-0.1321	0.013501867093428132	-0.0004363323129985824	0.000619591884457987	0.97388393	56.68430328	0.96724254	0.17489822368615507	0.0325458	0.00033
-0.0558	0.1104	-0.1757	0.01395216204044267	-0.00026354471705114377	0.0004729842272904633	0.96122134	55.9472847	0.95682099	0.10778451000647504	0.0330308	0.00026
-0.0575	0.0631	-0.192	0.014748032179352085	-0.00028797932657906436	0.0004747295565424576	0.94622082	55.07418823	0.95401317	0.10640250388446644	0.0356964	0.00043
-0.0572	0.093	-0.1551	0.013946926052686688	-0.0001361356816555577	0.0004677482395344803	0.96961129	56.43561554	0.95683588	0.11509655442984404	0.0357327	0.00041
-0.0548	0.1185	-0.1551	0.013327334168228698	-0.000312413936106985	0.0004921828490624009	1.00024056	58.21837616	0.97760894	0.0689152374218669	0.0320442	0.00025
-0.0525	0.1221	-0.17	0.01309346004846146	-0.00033335788713091696	0.0005811946409141118	0.97489166	56.74295807	0.96715955	0.03799149313214408	0.0314267	0.00021
-0.0562	0.0734	-0.2063	0.014210470769737832	-0.0002897246558310587	0.0005096361415823442	0.9737398	56.67591476	0.96543926	0.1503101225953999	0.0339602	0.00028
-0.0591	0.0822	-0.196	0.014479251474544957	-0.00021118483949131387	0.000486946861306418	0.9618398	55.98328018	0.95558218	0.04050049007113982	0.0352859	0.00036
-0.061	0.086	-0.1914	0.014302973220093532	-0.0002652900463031381	0.0004904375198104066	0.95140696	55.37604523	0.94723663	0.02199370598836193	0.0332695	0.00026
-0.0544	0.1183	-0.1711	0.01304110017090163	-0.00028797932657906436	0.0005323254218582705	0.96616614	56.23509216	0.95940041	0.1255225115757846	0.0312079	0.00016
-0.0556	0.0792	-0.1966	0.01326275698590491	-0.00027925268031909274	0.0005235987755982988	0.98608649	57.39454651	0.97127194	0.0777555053761612	0.0319759	0.00026
-0.0626	0.0481	-0.2196	0.01344427122811232	-0.00028797932657906436	0.0004014257279586958	0.98167461	57.13775635	0.96665929	0.07672069680534922	0.0310386	0.00023
-0.0817	0.0474	-0.2207	0.013234831717873001	0.0006370451769779302	0.0001256637061435917	0.99375546	57.84091187	0.9748344	0.09141130178057084	0.0302913	0.0002
-0.0724	0.103	-0.2208	0.012943361732789947	0.00041189770347066176	0.00024260076602721178	1.00310922	58.38534546	0.982028	0.09667772592369708	0.0277326	0.00013
-0.0661	0.1122	-0.1523	0.011236429724339494	0.0002617993877991494	0.00023561944901923448	0.9869951	57.44742966	0.97222155	0.1772005820564972	0.025787	0.00015
-0.0654	0.0798	-0.1962	0.011767009816945768	0.00015707963267948963	0.0003473205211468716	0.98005033	57.04321289	0.96677486	0.11435004599267856	0.0246572	8e-05
-0.0657	0.0407	-0.2018	0.012278391287780108	0.00023561944901923448	0.00029321531433504735	0.95404005	55.52930069	0.95671678	0.07720132469929546	0.0265077	0.0001
-0.0647	0.0711	-0.1703	0.011779227121709732	0.0002548180707911721	0.0002897246558310587	0.98678523	57.435215	0.96456309	0.0889926723173151	0.0270228	9e-05
-0.0622	0.0747	-0.1742	0.011414453308042916	0.00017802358370342162	0.00020594885173533088	1.01249886	58.93185806	0.97867359	0.036267205242514734	0.0248695	7e-05
-0.0613	0.0949	-0.1729	0.011013027580084218	3.839724354387525e-05	0.0001605702911834783	1.00120294	58.27439117	0.9776293	0.0517215314335048	0.0230617	8e-05
-0.0632	0.043	-0.1962	0.011390018698514994	0.00013439035240356338	0.00027925268031909274	0.9997974	58.19258118	0.97783346	0.10668333082130393	0.0238744	6e-05
