trans_x	trans_y	trans_z	rot_x	rot_y	rot_z	dvars_std	dvars_nstd	dvars_vstd	framewise_displacement	aqi	aor
0.0	-0.0	0.0	-0.0	0.0	-0.0	n/a	n/a	n/a	n/a	0.0165834	0.00058
0.002	0.0431	0.0005	0.00010297442586766544	1.9198621771937625e-05	1.7453292519943296e-05	0.96505481	54.38910675	0.96350143	0.05258131700797732	0.0161664	0.00035
0.0022	0.1624	0.0425	0.00016231562043547262	-0.00013264502315156904	-2.6179938779914945e-05	1.05170643	59.27266693	1.01337848	0.17424090353955862	0.0163212	0.00037
0.0092	0.2192	0.0564	-3.141592653589793e-05	-9.250245035569947e-05	0.00012217304763960306	1.00471687	56.62440491	0.98414228	0.09681135530933792	0.0166147	0.0006
0.0148	0.1334	0.0452	-0.00012042771838760874	6.9813170079773176e-06	0.00020943951023931956	0.9962883	56.14937973	0.97841209	0.1163881010907552	0.0145551	0.00025
0.0137	-0.0416	0.0208	-0.0001256637061435917	3.490658503988659e-05	0.00028623399732707005	1.06384003	59.95650101	1.02189571	0.2059977871437821	0.014846	0.00029
0.0163	-0.0349	0.0166	-0.0	0.00017278759594743863	0.0002844886680750757	0.93131799	52.48774719	0.93978688	0.026764502315156903	0.0151793	0.00024
0.0129	0.0202	0.0384	6.45771823237902e-05	9.250245035569947e-05	0.00017278759594743863	0.979119	55.18174362	0.96613007	0.09312817000215833	0.0144652	0.00029
0.0126	0.1656	0.0659	-6.981317007977319e-05	1.7453292519943294e-06	0.00011344640137963142	1.09102333	61.48851013	1.03600066	0.18742443340375375	0.0148228	0.00028
0.0135	0.1322	0.0457	0.00013962634015954637	-8.726646259971648e-05	8.901179185171081e-05	0.96214843	54.22530746	0.95460838	0.07064429558094752	0.0146157	0.00024
0.0105	-0.0179	0.0165	0.00011519173063162575	-6.9813170079773176e-06	4.537856055185256e-05	1.02986968	58.04197693	0.99596653	0.18971764932097593	0.0150666	0.00014
0.0052	-0.0315	0.0035	0.00016929693744344995	0.0001675516081914556	5.4105206811824215e-05	0.94261819	53.1246109	0.94229975	0.04376823891356144	0.0163326	0.00022
0.006	0.0412	0.0076	0.0003682644721708035	7.504915783575618e-05	3.490658503988659e-05	0.99166316	55.88871384	0.97331197	0.09313343034274954	0.0160275	0.00024
0.0061	0.1872	0.0565	0.0002373647782712288	0.0	5.061454830783555e-05	1.10186911	62.09976578	1.04056987	0.206082840750164	0.0157121	0.00021
0.0112	0.1904	0.0661	4.537856055185256e-05	1.2217304763960308e-05	5.585053606381854e-05	0.95000488	53.54091263	0.94878729	0.02837197551196599	0.015036	0.00022
0.0113	0.1011	0.0423	0.00013962634015954637	-6.632251157578452e-05	-6.9813170079773176e-06	0.98507869	55.5176239	0.9771867	0.12498097245096174	0.01478	0.00031
0.0062	-0.0672	0.0083	0.0002897246558310587	5.585053606381854e-05	-2.4434609527920616e-05	1.1568408	65.19789124	1.12305987	0.22188623279155292	0.0177919	0.00234
0.0062	-0.0756	0.0046	0.0003054326190990077	8.203047484373349e-05	4.537856055185256e-05	1.08882642	61.36469269	1.09216826	0.01768505360638186	0.0175056	0.0007
0.0103	0.0324	0.0434	0.0002303834612632515	1.7453292519943294e-06	7.155849933176751e-05	1.08789122	61.31199265	1.05504816	0.1599757121103705	0.014349	0.00016
0.0162	0.1904	0.0718	6.806784082777885e-05	1.2217304763960308e-05	0.00016929693744344995	1.07402539	60.53053284	1.03397138	0.20582630170295607	0.0152041	0.00026
0.0131	0.0748	0.033	0.0002600540585471551	9.075712110370512e-05	2.4434609527920616e-05	1.01942217	57.45317459	0.99478332	0.1782694180987325	0.0145912	0.00015
0.0101	-0.0404	0.0171	0.0003944444109507184	4.537856055185256e-05	-0.00010995574287564276	0.99792606	56.24168015	0.98297572	0.14980796326794896	0.0152494	0.00025
0.008	0.0358	0.0346	0.0005201081170943102	-5.4105206811824215e-05	-0.00014660765716752367	0.96990168	54.66226959	0.96062677	0.10888996938995744	0.0142933	0.00018
0.0103	0.1642	0.0584	0.000450294947014537	-0.00010995574287564276	-9.599310885968811e-05	1.03249192	58.18976212	0.99620694	0.1633139127225714	0.0152855	0.00029
0.0093	0.2113	0.0721	0.00024085543677521747	-8.203047484373349e-05	1.5707963267948964e-05	0.95583236	53.8693428	0.95602488	0.07925329251994326	0.0160792	0.00046
0.0113	0.0044	0.0214	0.0004572762640225143	-0.00019547687622336493	-5.585053606381854e-05	1.12439644	63.36936951	1.06031289	0.27967128639793476	0.015205	0.00035
0.0143	-0.0601	0.0042	0.0005445427266222308	-0.00010297442586766544	1.3962634015954635e-05	0.94741845	53.39514542	0.95652312	0.09717910415175945	0.0168629	0.00033
0.0141	0.006	0.0174	0.0005026548245743669	-9.773843811168246e-05	6.981317007977319e-05	0.99588394	56.12659073	0.98127084	0.08464872129338329	0.014957	0.00033
0.0159	0.1549	0.0682	0.00035604716740684323	-0.00017802358370342162	0.00011519173063162575	1.11146069	62.64033127	1.04910229	0.21511356816555577	0.0155948	0.00043
0.0212	0.2092	0.0821	0.0003054326190990077	-0.00027750735106709843	9.250245035569947e-05	0.99357975	55.9967308	0.98321944	0.0821393797973719	0.0160626	0.00052
0.0273	-0.0021	0.0507	0.0002705260340591211	-0.0001972222054753592	0.00020420352248333657	1.13135493	63.76154327	1.05818978	0.2601446401379631	0.0134128	0.00018
0.0262	-0.0709	0.0311	0.00043458698374658803	-0.0001308996938995747	0.00023561944901923448	0.94290394	53.14071274	0.94684379	0.10258996938995749	0.0146339	0.00015
0.024	-0.0286	0.0322	0.0005707226654021458	-0.0001291543646475804	0.00020594885173533088	0.9725455	54.81127167	0.96654213	0.05397758040957278	0.0143266	0.00019
0.0244	0.1123	0.0694	0.0004572762640225143	-0.0002722713633111154	0.00018675022996339323	1.08039308	60.88940811	1.02545037	0.1922881010907552	0.0137864	0.00012
0.0202	0.2121	0.082	0.0003106686068549907	-0.0003961897402027128	3.490658503988659e-05	1.00657296	56.72901154	0.98597637	0.1377184839491314	0.0154545	0.00022
0.0251	0.0251	0.0573	0.0002600540585471551	-0.00023561944901923448	1.3962634015954635e-05	1.08636105	61.22574997	1.03327229	0.22820643952576233	0.0126465	7e-05
0.0255	-0.0428	0.0405	0.00035430183815484887	-0.00017976891295541595	1.5707963267948964e-05	0.94674349	53.35710526	0.95211513	0.09269218224617533	0.0136608	0.00014
0.0255	-0.03	0.0459	0.0005026548245743669	-0.00019198621771937622	3.665191429188092e-05	0.92634988	52.20775223	0.94147889	0.027275712110370512	0.0130644	0.00017
0.0324	0.1157	0.0785	0.00045902159327450867	-0.00032463124087094524	0.0001308996938995747	1.05474401	59.44386292	1.01525268	0.19872630170295605	0.0125803	9e-05
0.0342	0.1587	0.0886	0.0003630284844148205	-0.0003089232776029963	0.00022165681500327985	0.96798766	54.55439758	0.95794459	0.06502290966156712	0.0134984	0.00014
0.0284	0.0031	0.0382	0.0006597344572538566	-0.0002530727415391778	8.552113334772214e-05	1.05939341	59.70589066	1.01463097	0.2362346095279206	0.0136077	0.00017
0.0278	-0.0554	0.0261	0.0007155849933176752	-0.000153588974175501	0.00010821041362364843	0.94816571	53.43725967	0.94591872	0.08010117918517107	0.0141585	9e-05
0.0331	0.0492	0.0497	0.0005619960191421741	-0.00016406094968746698	0.00020594885173533088	0.98684269	55.61703873	0.96826875	0.14658996938995747	0.0129978	0.00015
0.0351	0.1945	0.0916	0.00039269908169872416	-0.00027750735106709843	0.00028099800957108706	1.04955173	59.15122986	1.0094596	0.20708962483294188	0.0141274	0.00013
0.0369	0.0912	0.0661	0.0005061454830783556	-0.0002670353755551324	0.0002303834612632515	0.99299759	55.96392059	0.97552077	0.13932664625997165	0.0127957	6e-05
0.0383	-0.0627	0.042	0.0005480333851262194	-0.00019198621771937622	0.00022689280275926284	1.05259073	59.32250595	1.00848036	0.1854213859193804	0.0135852	0.00021
0.0301	-0.041	0.026	0.0006579891280018621	-0.0002530727415391778	9.599310885968811e-05	0.94629538	53.33185196	0.94218691	0.060997098029750965	0.0141666	0.00014
0.0216	0.0373	0.043	0.0007504915783575615	-0.0006161012259539982	-0.0001675516081914556	0.96913701	54.61917114	0.95979441	0.13975378259108315	0.0130454	7e-05
0.029	0.1805	0.0905	0.0005689773361501514	-0.0006510078109938849	9.599310885968811e-05	1.06232357	59.87103271	1.01418571	0.222098277214922	0.0134557	0.00014
0.0348	0.1281	0.0833	0.000445058959258554	-0.00042760566673861073	0.00017278759594743863	0.97024703	54.68173218	0.96156524	0.0866057504117311	0.0124207	9e-05
0.0382	-0.0319	0.0512	0.000486946861306418	-0.0003298672286269283	0.00017802358370342162	1.05374336	59.38746262	1.01180595	0.20274311639577647	0.0126839	0.00012
0.0366	-0.0253	0.0532	0.0005864306286700947	-0.00034208453339088857	0.00019198621771937622	0.94266438	53.12721252	0.94053072	0.01648318530717957	0.0126395	6e-05
0.0393	0.0323	0.0494	0.0006702064327658224	-0.000460766922526503	0.0002303834612632515	0.94450414	53.23089981	0.94391933	0.07614277183876086	0.0123366	6e-05
0.0333	0.1355	0.0864	0.0006806784082777885	-0.0005253441048502931	0.0001972222054753592	1.01387548	57.14056778	0.98465818	0.15161052068118244	0.012692	0.00011
0.0303	0.1366	0.1065	0.00043458698374658803	-0.00048171087355043494	0.00018500490071139895	0.95758122	53.96790314	0.95445317	0.039297098029750926	0.0122068	0.00014
0.0308	-0.0172	0.0721	0.0005113814708343385	-0.0004799655442984406	0.000148352986419518	1.05033672	59.1954689	1.00901608	0.19445958653158127	0.0115253	7e-05
0.0265	-0.0962	0.0477	0.0006684611035138282	-0.0004939281783143952	7.155849933176751e-05	0.95563054	53.85796738	0.95311597	0.12009183768915972	0.013508	0.00011
0.0297	-0.0588	0.0433	0.000726056968829641	-0.0005131268000863328	0.00014486232791552936	0.92470253	52.11491013	0.93480345	0.052504915783575606	0.0131974	6e-05
0.0347	0.1388	0.0739	0.000710349005561692	-0.0006335545184739417	0.0002495820830351891	1.12630689	63.47704315	1.05530604	0.2452427718387609	0.0130006	9e-05
0.0371	0.1387	0.0751	0.0005532693728822024	-0.0005410520681182421	0.00030368728984701333	0.95859206	54.02487564	0.95534701	0.01888436449235069	0.013086	0.00012
0.0306	-0.0422	0.0255	0.0007557275661135446	-0.000445058959258554	0.00016929693744344995	1.09945703	61.96382141	1.04169028	0.25864208272472966	0.0137337	0.0001
0.0293	-0.0456	0.017	0.0007539822368615504	-0.00042411500823462205	0.00016231562043547262	0.94871187	53.46804047	0.94492558	0.014683529864195173	0.0144166	0.00011
0.0337	0.1098	0.0561	0.0006422811647339132	-0.0005846852994181004	0.00010821041362364843	1.15206671	64.92882538	1.11501835	0.21521882850614696	0.015083	0.00299
0.0405	0.202	0.0885	0.0003211405823669566	-0.000661479786505851	0.00024609142453120044	1.08485317	61.14076996	1.08128784	0.15819080401811297	0.0137371	0.00014
0.0338	0.0234	0.053	0.0003822271061867582	-0.0006213372137099814	0.00014137166941154068	1.08756351	61.29351807	1.03618801	0.23109744258676657	0.0120268	0.00011
0.0301	-0.1403	0.0173	0.0006387905062299246	-0.0005131268000863328	0.00011693705988362007	1.08736289	61.2822113	1.0526797	0.2225604211597368	0.0157959	0.00062
0.0301	-0.0376	0.0221	0.0007278022980816354	-0.0005427973973702365	0.00010471975511965978	1.03513467	58.33870697	1.01561032	0.11404498469497876	0.0133485	0.00014
0.0232	0.1458	0.054	0.000609119908946021	-0.0006073745796940267	-1.3962634015954635e-05	1.10710382	62.39478302	1.05078965	0.2372970980297509	0.0131782	0.00016
0.0223	0.0973	0.0507	0.0006056292504420323	-0.0006632251157578452	1.7453292519943296e-05	0.96217614	54.22686768	0.95691965	0.05723785605518526	0.0124352	0.00011
0.0271	-0.0626	0.0314	0.0006318091892219474	-0.000598647933434055	4.537856055185256e-05	1.03552318	58.36060333	1.00268793	0.1899341194567807	0.0131831	8e-05
0.0278	-0.0613	0.0298	0.0006283185307179585	-0.0005846852994181004	0.00010297442586766544	0.9476651	53.40904617	0.94632018	0.007352457891787814	0.012639	0.00018
0.0305	0.0813	0.0468	0.0006230825429619757	-0.0006178465552059926	0.0001239183768915974	1.04046714	58.63923645	0.99756438	0.16526705972839034	0.0122907	0.00015
0.0316	0.1778	0.0712	0.00039269908169872416	-0.000661479786505851	0.00012740903539558605	0.98923385	55.75180054	0.97560807	0.13587536755335494	0.0130949	0.00014
0.0304	0.0529	0.0388	0.0004380776422505767	-0.0006056292504420323	5.061454830783555e-05	1.0002085	56.37031555	0.9795845	0.1674011791851711	0.0122208	0.00014
0.0287	-0.0766	0.022	0.0005969026041820607	-0.0005078908123303499	2.094395102393195e-05	0.99770755	56.2293663	0.98232055	0.16231169986635352	0.0133414	9e-05
0.0266	-0.0491	0.028	0.0006667157742618339	-0.0005183627878423159	-2.094395102393195e-05	0.94074351	53.01895523	0.94397537	0.04170865238198017	0.0128169	0.00018
0.0256	0.0828	0.0483	0.0006300638599699529	-0.0006754424205218055	-1.2217304763960308e-05	1.0204531	57.51127243	0.99229258	0.16332290966156712	0.0119524	7e-05
0.0302	0.1183	0.0498	0.0006056292504420323	-0.0006719517620178169	3.316125578789226e-05	0.94559175	53.29219437	0.94605169	0.04526519142918808	0.0129558	0.00017
0.0322	-0.0117	0.0353	0.0006056292504420323	-0.000635299847725936	3.141592653589793e-05	1.02760375	57.91427612	0.99478234	0.14841986217719377	0.012217	8e-05
0.034	-0.0674	0.0363	0.0006981317007977319	-0.000593411945678072	8.37758040957278e-05	0.93627685	52.76721954	0.94521126	0.06783751149816966	0.012546	0.00012
0.0378	0.0628	0.0615	0.000752236907609556	-0.0006894050545377602	0.00012042771838760874	1.05126882	59.2480011	1.00752	0.16853751149816965	0.0116135	0.00017
0.039	0.1577	0.0776	0.0006440264939859076	-0.000705113017805709	0.0002181661564992912	1.04085445	58.66106415	0.99950998	0.123282840750164	0.0129534	0.00024
0.0384	0.0199	0.0477	0.0006894050545377602	-0.0006335545184739417	0.0001256637061435917	1.05383098	59.39240646	1.01313977	0.178771975511966	0.011907	0.00011
0.037	-0.0982	0.0478	0.0006894050545377602	-0.0006038839211900379	0.0001239183768915974	1.01041222	56.94538116	0.99543854	0.12117079632679488	0.0126064	0.00015
0.036	-0.0123	0.0512	0.0008290313946973065	-0.0006544984694978735	0.0001012290966156711	0.99007827	55.7993927	0.98279491	0.1009465084371654	0.0117525	0.00011
0.0379	0.1266	0.0826	0.000710349005561692	-0.000710349005561692	0.00015009831567151235	1.06576693	60.06509781	1.03188601	0.18337010721276367	0.0119283	0.00014
0.0389	0.0823	0.0774	0.0005811946409141118	-0.0007190756518216638	0.00019024088846738194	0.98305011	55.40329361	0.97638701	0.05940117918517108	0.0112683	0.00011
0.0385	-0.0644	0.0608	0.0005759586531581287	-0.0006911503837897545	0.00010821041362364843	1.04693973	59.00402451	1.01634086	0.1694595865315813	0.0117548	0.00014
0.0352	-0.0673	0.0564	0.0006440264939859076	-0.0006667157742618339	8.726646259971648e-05	0.94990718	53.53540802	0.95758344	0.01627232006898157	0.012346	9e-05
0.0387	0.0307	0.0674	0.0006928957130417488	-0.000736528944341607	0.00016929693744344995	0.99949986	56.33037949	0.98792594	0.1225356431989674	0.0115401	0.00011
0.0376	0.1593	0.0929	0.0005567600313861911	-0.0007976154681614085	0.00017627825445142725	1.04035389	58.63285065	1.01586556	0.1654101761241668	0.0125523	0.00011
0.0382	0.0252	0.0618	0.0005445427266222308	-0.0007696902001294993	0.000148352986419518	1.05450046	59.43013382	1.01770896	0.1692033920413889	0.0115978	5e-05
0.0354	-0.0629	0.0521	0.0006161012259539982	-0.000731292956585624	0.0001064650843716541	0.99392569	56.01622772	0.98247233	0.10819218224617531	0.0124366	0.00011
0.0366	-0.0223	0.0626	0.00062482787221397	-0.0007888888219014368	0.00011693705988362007	0.96223611	54.2302475	0.96300193	0.056139724354387535	0.0117562	4e-05
0.0391	0.1167	0.0814	0.0005375614096142535	-0.0007976154681614085	0.0001675516081914556	1.04535091	58.9144783	1.01378736	0.1676303828583762	0.0120539	0.00012
0.0352	0.0791	0.0684	0.0004991641660703782	-0.0007278022980816354	0.00010471975511965978	0.98186678	55.33660507	0.98342133	0.0630521133347722	0.0122308	0.0001
0.0371	-0.0869	0.0353	0.00047647488579445195	-0.000645771823237902	0.0001012290966156711	1.07030737	60.32099152	1.03239086	0.20641052068118243	0.0135335	0.00011
0.0365	-0.1049	0.0222	0.0005550147021341969	-0.0005480333851262194	0.0001256637061435917	0.96677238	54.48590469	0.96733535	0.041735643198967394	0.0146388	0.00015
0.0367	-0.0069	0.0306	0.0005742133239061344	-0.0006056292504420323	0.0001605702911834783	1.0089581	56.86343384	0.99196468	0.11218505360638184	0.0132946	0.00011
0.0371	0.1333	0.0638	0.0005218534463463045	-0.0006824237375297829	0.00017976891295541595	1.05402064	59.40309525	1.02299509	0.18121764932097592	0.0128558	0.00014
0.0369	0.1117	0.0679	0.0004258603374866164	-0.0006021385919380437	0.0002024581932313422	0.9718293	54.77090454	0.97427026	0.03584837673636769	0.0124142	0.00014
0.0392	-0.0542	0.0392	0.00043458698374658803	-0.0005602506898901797	0.00019198621771937622	1.10020602	62.00603104	1.04878245	0.19995432619099007	0.0123755	0.00012
0.0423	-0.0864	0.0382	0.0005113814708343385	-0.0005881759579220891	0.0002199114857512855	0.96784574	54.54639816	0.96783142	0.04293225115757847	0.0127502	0.00017
0.0459	0.0298	0.0574	0.0005427973973702365	-0.0006056292504420323	0.00027750735106709843	1.02457929	57.74382019	1.00037441	0.14432325421858275	0.0113493	9e-05
0.0439	0.1758	0.0799	0.00041015237421866745	-0.000640535835481919	0.0003473205211468716	1.04537141	58.91563416	1.02201966	0.18236823891356144	0.0131373	0.00015
0.0418	0.0247	0.054	0.00037524578917878077	-0.0006161012259539982	0.0002670353755551324	1.07077241	60.34719849	1.03212436	0.1860813170079773	0.0120581	0.00013
0.0449	-0.1019	0.0323	0.0004537856055185257	-0.0006265732014659643	0.0002548180707911721	1.03129888	58.12252808	1.01185928	0.15646145483078353	0.0137178	0.00017
0.0487	-0.0519	0.0411	0.0004258603374866164	-0.0005166174585903216	0.0003193952531149623	0.96623111	54.45539856	0.97093199	0.07272290966156711	0.0126332	0.00011
0.0527	0.1011	0.0636	0.00045902159327450867	-0.0006562437987498679	0.00040317105721069014	1.05815279	59.63597107	1.02581574	0.19232817000215832	0.0119008	0.00012
0.0516	0.1349	0.0771	0.00017627825445142725	-0.0006771877497737998	0.0004363323129985824	0.94951236	53.51315689	0.95952138	0.06524242728174526	0.0122192	0.0002
0.0549	0.0066	0.0348	0.0003089232776029963	-0.0006510078109938849	0.000445058959258554	1.01540184	57.2265892	0.99378564	0.1822775804095728	0.0128358	0.00014
0.0565	-0.1176	0.0175	0.0003822271061867582	-0.0004572762640225143	0.0005253441048502931	1.00824976	56.82350922	0.99227342	0.16046602605734359	0.0150801	0.00016
0.062	0.0161	0.054	0.0003089232776029963	-0.0005375614096142535	0.0006579891280018621	1.07167351	60.39798355	1.02685652	0.19001169986635347	0.0127196	0.00019
0.0591	0.1699	0.0765	0.00013962634015954637	-0.0006335545184739417	0.0006440264939859076	1.08341563	61.0597496	1.03868283	0.19316263401595463	0.0141053	0.00028
0.0556	-0.0055	0.0511	0.00020594885173533088	-0.000645771823237902	0.0005235987755982988	1.09293044	61.59599304	1.03883973	0.21424837673636768	0.012224	0.0002
0.056	-0.1295	0.0346	0.0002600540585471551	-0.0005532693728822024	0.0005393067388662478	1.01605487	57.2633934	0.99423403	0.14901578102177365	0.0139408	0.00019
0.055	0.0219	0.0532	0.0003159045946109737	-0.0006736970912698113	0.0004939281783143952	1.05192316	59.28487778	1.00853972	0.182082840750164	0.0121157	0.00013
0.0494	0.1703	0.0864	0.0002024581932313422	-0.0007766715171374765	0.0005183627878423159	1.05504131	59.46061325	1.02137928	0.19924277183876088	0.013052	0.00014
0.0427	0.0014	0.0474	0.00029496064358704166	-0.0007819075048934597	0.0003892084231947355	1.06847155	60.21752167	1.02248487	0.22594464013796312	0.0121756	0.00011
0.0474	-0.1401	0.0266	0.00031415926535897925	-0.0006510078109938849	0.0004258603374866164	1.03409779	58.28026581	1.00492116	0.17633751149816965	0.0148107	0.00014
0.0523	0.0299	0.0513	0.0003298672286269283	-0.000757472895365539	0.00048345620280242926	1.08235228	60.99982452	1.02977486	0.2085884456477708	0.0120847	0.00011
0.0548	0.162	0.0704	0.0001675516081914556	-0.0007923794804054256	0.0005759586531581287	1.03688359	58.43727112	1.01718389	0.16818623279155293	0.0133578	0.00019
0.0581	-0.0665	0.0295	0.00013439035240356338	-0.0005480333851262194	0.0005585053606381855	1.16505194	65.66065979	1.08632243	0.28744803217935205	0.0138698	0.0001
0.0567	-0.1177	0.0102	0.00022165681500327985	-0.0003665191429188092	0.000593411945678072	0.93526876	52.71040726	0.94890975	0.08708436449235066	0.0159265	0.00019
0.0577	0.0399	0.0421	0.0002007128639793479	-0.0005532693728822024	0.0006003932626860494	1.07782197	60.74449921	1.03051873	0.20123377489976513	0.0125178	0.00012
0.0575	0.1371	0.0545	9.948376736367679e-05	-0.0006178465552059926	0.0006667157742618339	0.98686993	55.61857605	0.97928755	0.12140643952576231	0.013018	0.00023
0.0574	-0.0117	0.0376	8.028514559173915e-05	-0.0006003932626860494	0.0005707226654021458	1.02732515	57.89857101	1.00124476	0.17243225115757843	0.012902	0.00012
0.0482	-0.0439	0.0369	7.155849933176751e-05	-0.0005113814708343385	0.00012740903539558605	0.94843084	53.45220184	0.95064635	0.0691526034059121	0.0130164	0.00014
0.0549	-0.0327	0.0444	5.061454830783555e-05	-0.0006318091892219474	0.0003211405823669566	0.92886829	52.34968567	0.93673875	0.04215516081914557	0.01238	9e-05
0.0623	0.0377	0.0537	-5.235987755982988e-06	-0.0007120943348136865	0.00047123889803846896	0.94708186	53.37617493	0.94653476	0.10141169986635348	0.0117154	7e-05
0.0599	0.1638	0.0746	-0.00016231562043547262	-0.0007120943348136865	0.0005602506898901797	1.00278306	56.51541519	0.98180606	0.16170457122656004	0.0131237	0.00019
0.0664	0.0217	0.0555	-0.0002495820830351891	-0.000582939970166106	0.0006510078109938849	1.03759944	58.47761917	1.00260842	0.18305889741755013	0.0125376	0.00025
0.0609	-0.0877	0.0449	-0.0002740166925631097	-0.0006527531402458793	0.0005183627878423159	0.99604285	56.13554764	0.98153828	0.13684464013796316	0.0130338	0.00012
0.0583	-0.0979	0.0447	-0.00018675022996339323	-0.0006283185307179585	0.00040317105721069014	0.92570114	52.17118835	0.93841442	0.02434464013796316	0.0133265	0.00013
0.0624	0.0245	0.0664	-0.00020943951023931956	-0.0006510078109938849	0.0004904375198104066	1.00936353	56.88628006	0.98643365	0.15483225115757848	0.0113671	0.00011
0.0606	0.1542	0.093	-0.00037350045992678646	-0.0007888888219014368	0.0005480333851262194	1.0182966	57.38973618	0.9929469	0.17607689129554155	0.0117236	9e-05
0.062	0.0475	0.0781	-0.0004310963252425994	-0.0008150687606813518	0.0005515240436302081	0.98354292	55.43106842	0.96662882	0.12736332312998583	0.0110128	6e-05
0.0631	-0.0623	0.0731	-0.00034208453339088857	-0.0007819075048934597	0.0005358160803622592	0.98549253	55.54094696	0.97311896	0.1227940505453776	0.0119088	0.00014
0.0608	-0.0389	0.0771	-0.0002652900463031381	-0.0007452555906015787	0.0004677482395344803	0.94803047	53.42963791	0.94654819	0.03877571211037053	0.0112783	0.00011
0.0573	0.0961	0.1015	-0.00029496064358704166	-0.0008255407361933179	0.0004415683007545654	1.03105199	58.10861206	0.99754162	0.16970678408277787	0.0105398	7e-05
0.0567	0.0873	0.0978	-0.0003822271061867582	-0.0007941248096574199	0.0003438298626428829	0.93458754	52.67201233	0.94073328	0.02392104136236486	0.0101753	6e-05
0.0626	-0.0656	0.0822	-0.0003211405823669566	-0.0007888888219014368	0.00043458698374658803	1.02270174	57.6380043	0.9922355	0.1822539816339745	0.0105596	0.00011
0.0638	-0.0451	0.0877	-0.00021642082724729686	-0.0007661995416255106	0.0004747295565424576	0.95465797	53.80315399	0.9498681	0.03557758040957278	0.0101795	0.0001
0.065	0.1049	0.1286	-0.0003351032163829112	-0.0008272860654453122	0.0005654866776461627	1.06672359	60.11901093	1.01999126	0.20562630170295604	0.00974786	0.00011
0.0657	0.0965	0.1307	-0.00047822021504644627	-0.0008115781021773631	0.0005742133239061344	0.95887744	54.0409584	0.95104986	0.0195775804095728	0.00962079	8e-05
0.065	-0.0515	0.0997	-0.0002897246558310587	-0.0008360127117052838	0.0005445427266222308	1.042261	58.74033737	1.00429265	0.1918300383013606	0.00956357	4e-05
0.0643	-0.0699	0.0844	-0.0001361356816555577	-0.0008080874436733745	0.0005078908123303499	0.91655284	51.65560532	0.92833558	0.04530830782496457	0.0100296	9e-05
0.0653	0.0432	0.1142	-0.0001937315469713706	-0.0009197885158010115	0.0005585053606381855	1.02058542	57.51873398	0.98781143	0.15489557428756423	0.0092597	9e-05
0.064	0.1384	0.1237	-0.00048520153205442357	-0.0008604473212332044	0.0005288347633542819	1.0110594	56.9818573	0.98529529	0.12502408884673819	0.0103871	9e-05
0.0557	0.0462	0.1096	-0.0004188790204786391	-0.0009669124056048585	0.00017453292519943296	0.9896912	55.77757645	0.97097617	0.14095447170511438	0.00931948	6e-05
0.0549	-0.1231	0.0735	-0.0004747295565424576	-0.0008185594191853405	0.000153588974175501	1.06948924	60.27487946	1.02253363	0.2174573736753634	0.0116574	9e-05
0.0594	-0.0854	0.07	-0.000322885911618951	-0.0007068583470577034	0.0002652900463031381	0.93755567	52.83929443	0.95169015	0.06446228945893903	0.0113114	9e-05
0.0619	0.1055	0.1134	-0.0004188790204786391	-0.00091106186954104	0.0003682644721708035	1.12436843	63.36779404	1.06676862	0.25695855286053454	0.0102577	9e-05
0.0589	0.1312	0.1272	-0.0006946410422937432	-0.0008185594191853405	0.00041189770347066176	0.95519704	53.83353424	0.96067872	0.06309488517353311	0.010206	9e-05
0.0604	-0.0803	0.0902	-0.0005375614096142535	-0.0006335545184739417	0.00041713369122664475	1.12617457	63.4695816	1.05849682	0.26736602605734355	0.0101432	5e-05
0.0606	-0.1037	0.0629	-0.0002303834612632515	-0.0006335545184739417	0.0003700098014227979	0.93220061	52.53749084	0.94132727	0.06861509190774245	0.0116266	7e-05
0.0583	0.0223	0.0794	-0.0002199114857512855	-0.0007906341511534313	0.00033335788713091696	1.01111424	56.9849472	0.98597495	0.1550101761241668	0.00999933	0.0001
0.0463	0.1427	0.1208	-0.0004729842272904633	-0.0007347836150896127	0.0002652900463031381	1.00749159	56.78078461	0.98712908	0.1926495559215388	0.0101983	3e-05
0.0487	0.0358	0.0858	-0.0003822271061867582	-0.000804596785169386	0.00020943951023931956	0.98682725	55.61616898	0.97039491	0.1551210413623648	0.009996	5e-05
0.0555	-0.0896	0.0673	-0.0002373647782712288	-0.0007731808586334879	0.00023387411976724014	1.01342571	57.11521912	0.98784884	0.1607356431989674	0.0116298	0.00017
0.0597	-0.0386	0.0748	-0.00012740903539558605	-0.0007295476273336296	0.00028099800957108706	0.96285468	54.26511002	0.95069504	0.07273564319896741	0.0104918	6e-05
0.0585	0.1282	0.0975	-4.18879020478639e-05	-0.0007819075048934597	0.00034557519189487725	1.06895936	60.24501419	1.01879582	0.20082290966156713	0.0106051	0.00012
0.0584	0.1024	0.0934	-2.094395102393195e-05	-0.0007749261878854823	0.0002705260340591211	0.93635726	52.7717514	0.94092943	0.03514872129338329	0.0101101	8e-05
0.0636	-0.0491	0.0672	-4.71238898038469e-05	-0.0006318091892219474	0.00032812189937493397	1.02460229	57.74511719	0.99068225	0.19424464013796316	0.0103271	4e-05
0.0668	-0.059	0.074	-3.316125578789226e-05	-0.0006841690667817771	0.00039095375244672985	0.91120297	51.35409164	0.92899464	0.02635771823237901	0.0103964	8e-05
0.0689	-0.0283	0.0716	-9.948376736367679e-05	-0.0006667157742618339	0.0004729842272904633	0.93670285	52.79122925	0.94401274	0.04349031394697306	0.0103525	6e-05
0.0685	0.0899	0.0922	-0.00015707963267948963	-0.0006963863715457374	0.0005113814708343385	1.03341734	58.24192047	0.99683604	0.14548318530717955	0.0103264	6e-05
0.0683	0.1042	0.1038	-0.00017104226669544429	-0.0007155849933176752	0.0005462880558742252	0.94938958	53.50623703	0.95326987	0.029503392041388965	0.00985056	7e-05
0.0679	-0.0696	0.0756	-0.00015707963267948963	-0.0006283185307179585	0.00046425758103049166	1.06735027	60.15433121	1.0243591	0.21156297857297024	0.0102732	7e-05
0.0643	-0.1002	0.0658	-2.6179938779914945e-05	-0.0006265732014659643	0.00041713369122664475	0.94293451	53.14243698	0.96076041	0.0529884456477708	0.0114428	0.00021
0.0709	0.0132	0.0946	-0.00011170107212763708	-0.0006475171524898963	0.0005148721293383271	1.02832103	57.95469666	1.01627887	0.15901017612416685	0.00955158	0.00017
0.067	0.1453	0.1172	-0.00019547687622336493	-0.0006963863715457374	0.0005235987755982988	1.05990458	59.73469925	1.04632966	0.16566858347057703	0.0109993	0.00045
0.0621	0.0216	0.0862	-0.00015009831567151235	-0.0007033676885537148	0.00037350045992678646	1.03963709	58.59245682	1.02080683	0.1697229096615671	0.00960523	7e-05
0.0605	-0.0768	0.0722	-3.665191429188092e-05	-0.0006789330790257941	0.00032637657012293966	0.97645819	55.03178406	0.96878975	0.12325024503556994	0.0107526	8e-05
0.0576	-0.0069	0.0821	6.45771823237902e-05	-0.000736528944341607	0.0002705260340591211	0.97540736	54.97256088	0.96199102	0.09343377489976512	0.00988626	4e-05
0.0577	0.1304	0.1369	0.00017802358370342162	-0.0010245082709206715	0.0001308996938995747	1.05535555	59.4783287	1.01411293	0.21925260340591207	0.0098514	5e-05
0.0558	0.1017	0.1441	-1.5707963267948964e-05	-0.0010733774899765126	4.886921905584123e-05	0.99350524	55.99253082	0.97865072	0.05403156204354726	0.00955558	0.00014
0.0627	-0.0565	0.1149	6.45771823237902e-05	-0.0008011061266653974	0.00010995574287564276	1.09135246	61.50705719	1.04984769	0.2149821516361328	0.00918138	0.00021
0.0658	-0.0899	0.1017	0.000153588974175501	-0.0006544984694978735	0.0002705260340591211	0.95931923	54.06585693	0.96090495	0.06950948701013564	0.00968373	8e-05
0.0669	0.006	0.1202	0.00020769418098732522	-0.0007958701389094143	0.0003001966313430247	0.98816872	55.69177246	0.97485979	0.12675737367536344	0.00851279	4e-05
0.0648	0.083	0.1298	3.839724354387525e-05	-0.000757472895365539	0.00038571776469074686	1.06831861	60.20890427	1.07432136	0.10336076571675236	0.011147	0.00241
0.066	-0.0073	0.1096	9.075712110370512e-05	-0.0007417649320975902	0.000291469985083053	1.13135636	63.76161957	1.13279461	0.11981578102177363	0.0101045	0.00101
0.0626	-0.0948	0.0949	0.00026878070480712676	-0.0006859143960337716	0.00016406094968746698	1.02677202	57.86739731	1.02951656	0.12366415775814132	0.00969559	5e-05
0.0662	-0.0007	0.1025	0.000291469985083053	-0.0007504915783575615	0.00017976891295541595	0.96689135	54.49261093	0.9573481	0.11044872129338323	0.00904846	5e-05
0.0689	0.1155	0.125	0.00017802358370342162	-0.0007347836150896127	0.00034033920413889426	1.00009453	56.3638916	0.97926627	0.15588623279155295	0.00964689	8e-05
0.066	0.134	0.1313	3.490658503988659e-05	-0.0006981317007977319	0.0003682644721708035	0.96608108	54.44694519	0.96460164	0.038084709049366255	0.0102836	0.00022
0.064	-0.0612	0.095	0.0001291543646475804	-0.0007173303225696694	0.00029321531433504735	1.11631501	62.91391373	1.05207422	0.24292477796076936	0.00922847	2e-05
0.0645	-0.0759	0.093	0.0002530727415391778	-0.0006876597252857658	0.0002548180707911721	0.96888649	54.60505295	0.96341718	0.02679931088596881	0.0102517	7e-05
0.0615	0.0952	0.1357	0.00015533430342749534	-0.0007592182246175333	0.00029321531433504735	1.09239149	61.56562042	1.04598022	0.22718470904936625	0.00913727	6e-05
0.0586	0.0597	0.1326	3.665191429188092e-05	-0.0007731808586334879	0.00024609142453120044	0.9801318	55.23882294	0.96796307	0.050488445647770795	0.00858074	8e-05
0.0642	-0.1221	0.1072	0.00017976891295541595	-0.0006736970912698113	0.0002740166925631097	1.08051157	60.89608002	1.03048922	0.22632630170295603	0.00982517	9e-05
0.0653	-0.048	0.1219	0.00014660765716752367	-0.0007347836150896127	0.0003193952531149623	0.96373016	54.31444931	0.9545259	0.09688131700797728	0.00846559	6e-05
0.0657	0.1255	0.1434	-2.6179938779914945e-05	-0.0008203047484373349	0.0003298672286269283	1.0666151	60.11289597	1.02091202	0.20883903524035635	0.00929427	7e-05
0.0636	0.0276	0.1191	2.96705972839036e-05	-0.0006841690667817771	0.0002740166925631097	1.01235628	57.05495071	0.99990032	0.1366918376891597	0.00897932	0.00027
0.0648	-0.1132	0.0998	0.00016929693744344995	-0.0005183627878423159	0.00029496064358704166	1.05428648	59.41807175	1.03550119	0.1776188285061469	0.0101736	0.00014
0.0656	0.0395	0.1197	0.0002548180707911721	-0.0006265732014659643	0.000307177948351002	1.13017607	63.69510269	1.09060091	0.18369744258676657	0.0101266	0.00089
0.0607	0.1382	0.1285	0.00017802358370342162	-0.000736528944341607	0.00026878070480712676	1.08510733	61.15509033	1.07484919	0.12365737367536345	0.0107591	0.00027
0.0597	-0.0131	0.0964	0.00023387411976724014	-0.0007470009198535729	0.00017453292519943296	1.07200027	60.41639709	1.03850843	0.19242851455917392	0.00911313	5e-05
0.0599	-0.1183	0.0806	0.00034033920413889426	-0.0006684611035138282	0.00018675022996339323	0.98417467	55.4666748	0.97289014	0.13106111027376793	0.0104933	4e-05
0.0644	0.0018	0.0938	0.00041015237421866745	-0.000705113017805709	0.00031415926535897925	1.07076299	60.34666824	1.04879841	0.14949370598836198	0.0106067	0.00148
0.0643	0.1242	0.1212	0.0003595378259108319	-0.0007906341511534313	0.0003647738136668148	1.07126522	60.3749733	1.0577857	0.15923751149816973	0.00997758	8e-05
0.0589	0.0332	0.1075	0.000322885911618951	-0.0007417649320975902	0.00023561944901923448	0.9831782	55.41051483	0.97264485	0.1208337748997651	0.00886673	4e-05
0.0595	-0.1208	0.0831	0.00033684854563490564	-0.000640535835481919	0.00021642082724729686	1.05141306	59.25613022	1.01202513	0.18571951762017813	0.0107431	0.00012
0.0597	-0.0597	0.0906	0.0004206243497306334	-0.000710349005561692	0.00017278759594743863	0.96583527	54.43309021	0.96709359	0.07866111027376797	0.00973904	0.00012
0.0635	0.0816	0.1137	0.00034033920413889426	-0.0007731808586334879	0.0003438298626428829	1.03283989	58.20937347	1.00491481	0.18390796326794895	0.00915104	2e-05
0.066	0.0867	0.1059	0.0002670353755551324	-0.0007190756518216638	0.00047123889803846896	0.92699951	52.24436188	0.93887272	0.0281409035395586	0.00950849	1e-05
0.0651	-0.0829	0.0922	0.00035430183815484887	-0.000731292956585624	0.0003630284844148205	1.05536485	59.47885132	1.01550364	0.19458470904936623	0.00993145	8e-05
0.0656	-0.0803	0.0997	0.0003892084231947355	-0.0006911503837897545	0.00034208453339088857	0.94446063	53.22844696	0.94842416	0.0153996554429844	0.00966567	8e-05
0.0633	0.0677	0.1263	0.0004014257279586958	-0.0007644542123735164	0.0004520402762665313	1.04913592	59.12779617	1.00664418	0.18667384381116825	0.00891382	0.00011
0.0605	0.0856	0.1283	0.0003700098014227979	-0.000731292956585624	0.0003647738136668148	0.95083278	53.58757401	0.94695601	0.030292182246175334	0.0093224	0.00014
0.0672	-0.0679	0.1131	0.000322885911618951	-0.0006998770300497262	0.0003001966313430247	1.04877758	59.10760117	1.00933458	0.18255584993317672	0.00895745	3e-05
0.0681	-0.0524	0.1091	0.0004188790204786391	-0.0006894050545377602	0.00032812189937493397	0.95024532	53.55446243	0.95000775	0.02711951762017817	0.00922298	8e-05
0.0671	0.0488	0.1451	0.0003159045946109737	-0.0007487462491055673	0.00040666171571467877	1.00809407	56.81473541	0.98125	0.1502427718387609	0.00851512	7e-05
0.0681	0.1064	0.1498	0.0001605702911834783	-0.0007993607974134029	0.0005096361415823442	0.96982276	54.65782166	0.95957062	0.07874616388014978	0.00884867	7e-05
0.0665	-0.0538	0.1241	0.00011519173063162575	-0.0006632251157578452	0.00038571776469074686	1.05179441	59.27762604	1.00876346	0.2027716309549504	0.00831819	5e-05
0.0655	-0.1045	0.1198	0.0001291543646475804	-0.0006876597252857658	0.0002705260340591211	0.93514168	52.70324326	0.94178294	0.06367944870877504	0.00908393	2e-05
0.0671	0.0419	0.1663	-0.0001291543646475804	-0.0008011061266653974	0.0003630284844148205	1.05822527	59.64005661	1.01548344	0.21771287905152456	0.00770777	4e-05
0.0639	0.1196	0.1687	-0.0002652900463031381	-0.0007504915783575615	0.0003211405823669566	0.94946557	53.51051712	0.95544968	0.09473190660056285	0.00844139	4e-05
0.066	-0.1017	0.1302	-5.235987755982989e-05	-0.0006736970912698113	0.000296705972839036	1.13873339	64.17738342	1.06317616	0.2776079632679489	0.00873506	4e-05
0.0672	-0.0932	0.1174	0.0001064650843716541	-0.0006894050545377602	0.00031415926535897925	0.93920183	52.93206787	0.94214916	0.0320993108859688	0.00903893	9e-05
0.0674	0.0821	0.1559	5.061454830783555e-05	-0.0007888888219014368	0.00040666171571467877	1.09747458	61.85209274	1.03456129	0.22639183768915971	0.0084272	0.0001
0.0633	0.1173	0.1608	2.094395102393195e-05	-0.0007435102613495844	0.000439822971502571	0.96051222	54.13309097	0.95598706	0.0496105206811824	0.00896013	0.00014
0.065	-0.0877	0.1238	0.00014311699866353502	-0.000736528944341607	0.0003717551306747922	1.1172111	62.9644165	1.04689572	0.253561110273768	0.00842673	2e-05
0.0698	-0.1014	0.1119	0.0002617993877991494	-0.0006998770300497262	0.00039095375244672985	0.91237473	51.42013168	0.92538775	0.03912664625997164	0.00911295	3e-05
0.0724	0.0691	0.1527	0.00013962634015954637	-0.0007417649320975902	0.0005148721293383271	1.06954741	60.2781601	1.0212436	0.2282989663289532	0.00813633	5e-05
0.0735	0.1123	0.1668	1.5707963267948964e-05	-0.000752236907609556	0.0005480333851262194	0.9579311	53.98762512	0.95773411	0.06677758040957277	0.00892335	4e-05
0.0734	-0.1038	0.1193	0.00017976891295541595	-0.0007435102613495844	0.000466002910282486	1.12533355	63.42218399	1.05644652	0.2764409035395586	0.00921464	3e-05
0.0726	-0.1456	0.1067	0.00035430183815484887	-0.0007138396640656808	0.0004328416544945937	0.9200505	51.85272598	0.93267601	0.06706823891356145	0.0105136	9e-05
0.0692	0.0686	0.1424	0.00016929693744344995	-0.0008482300164692441	0.00043458698374658803	1.1167146	62.93643188	1.05001183	0.2693570291183478	0.00831616	4e-05
0.0663	0.1424	0.1546	-1.7453292519943294e-06	-0.000710349005561692	0.00039269908169872416	0.9700461	54.67040634	0.960597	0.106440558982543	0.0100721	0.00015
0.0611	-0.0416	0.1159	9.250245035569947e-05	-0.0006335545184739417	0.000307177948351002	1.07498288	60.58449554	1.0223894	0.2407281700021583	0.00882888	6e-05
0.0635	-0.1549	0.0887	0.00010995574287564276	-0.00048171087355043494	0.00027576202181510406	0.99235547	55.92773056	0.97789909	0.15293564319896744	0.0112973	9e-05
0.0653	-0.0637	0.1062	0.0001291543646475804	-0.0005480333851262194	0.00030194196059501896	0.96541828	54.40959167	0.95739711	0.11608505360638184	0.00899965	3e-05
0.0685	0.1472	0.1449	3.4906585039886588e-06	-0.0006667157742618339	0.000439822971502571	1.13218105	63.80810165	1.06141057	0.271911355309338	0.00969934	6e-05
0.0704	0.066	0.1304	-1.9198621771937625e-05	-0.000635299847725936	0.00048520153205442357	0.95381773	53.75579834	0.9505695	0.10257418836818384	0.00881225	6e-05
0.0727	-0.1034	0.1066	5.061454830783555e-05	-0.0005201081170943102	0.0004328416544945937	1.04599297	58.95066452	1.01183488	0.20736823891356143	0.00995415	0.00011
0.0745	-0.1073	0.1037	0.0001605702911834783	-0.0005340707511102648	0.0004363323129985824	0.93369377	52.62164307	0.94643625	0.014970451769779299	0.010314	0.00011
0.0826	0.0721	0.1277	9.599310885968811e-05	-0.0006859143960337716	0.0005864306286700947	1.08772552	61.30265045	1.03474168	0.22982595714594048	0.00933987	9e-05
0.0805	0.0944	0.1348	-1.7453292519943294e-06	-0.0006021385919380437	0.0006056292504420323	0.9400996	52.98266602	0.94710128	0.0415356431989674	0.00964612	9e-05
0.0812	-0.1209	0.1026	9.948376736367679e-05	-0.0005689773361501514	0.0005811946409141118	1.12422204	63.35953903	1.05392735	0.2561412480965742	0.0106615	0.00011
0.0825	-0.0841	0.1126	0.00013439035240356338	-0.0005026548245743669	0.0005881759579220891	0.92197096	51.96096039	0.9331035	0.05351052068118244	0.0100079	7e-05
0.0784	0.1124	0.1407	9.075712110370512e-05	-0.0006161012259539982	0.0005340707511102648	1.10250962	62.13586426	1.04575604	0.2392592419745657	0.00947535	0.00013
0.0784	0.062	0.1326	-2.96705972839036e-05	-0.0005881759579220891	0.0005061454830783556	0.94047272	53.00369263	0.94508483	0.06731391272257135	0.00892448	7e-05
0.0772	-0.1099	0.1071	6.981317007977319e-05	-0.0005724679946541401	0.00046425758103049166	1.04008234	58.6175499	1.00484556	0.2064539816339745	0.0102192	0.00011
0.0779	-0.1064	0.1157	0.00012042771838760874	-0.0005759586531581287	0.00048171087355043494	0.93330735	52.59986496	0.94161264	0.016377924966588363	0.010252	9e-05
0.0727	0.0913	0.136	0.0002251474735072685	-0.0007173303225696694	0.0004258603374866164	1.10647619	62.35941315	1.044228	0.2382970980297509	0.00921541	9e-05
0.068	0.0674	0.1362	0.00013439035240356338	-0.0006597344572538566	0.00039095375244672985	0.93681526	52.79756546	0.94341378	0.03796297857297021	0.00886399	3e-05
0.072	-0.0921	0.1093	0.00014486232791552936	-0.0006073745796940267	0.0003944444109507184	1.0343734	58.29579926	0.99898183	0.1937161255787892	0.00984079	3e-05
0.0723	-0.0977	0.1053	0.00022689280275926284	-0.0006422811647339132	0.00034208453339088857	0.91488749	51.5617485	0.93218354	0.018364846872172484	0.0104805	5e-05
0.0715	0.0524	0.1464	0.00014137166941154068	-0.0006754424205218055	0.00035604716740684323	1.06714785	60.14292526	1.02183443	0.1986322511575785	0.00916237	0.00014
0.0674	0.0738	0.1491	3.4906585039886588e-06	-0.0006318091892219474	0.0003298672286269283	0.94379777	53.19108963	0.94473032	0.038584709049366256	0.00888193	7e-05
0.0655	-0.0936	0.111	0.0001658062789394613	-0.000598647933434055	0.00029321531433504735	1.05446315	59.42803192	1.01495955	0.21900643952576232	0.00979131	4e-05
0.0712	-0.0805	0.1127	0.00020420352248333657	-0.0005462880558742252	0.00034033920413889426	0.9219352	51.95894623	0.9318271	0.027394050545377597	0.00938404	7e-05
0.0684	0.0683	0.1389	0.00017278759594743863	-0.0006736970912698113	0.00033335788713091696	1.02974093	58.03472519	0.9951056	0.18609031394697303	0.00850374	2e-05
0.0674	0.0955	0.1458	0.00010821041362364843	-0.0006213372137099814	0.00035081117965086024	0.92557138	52.16387558	0.93687099	0.041819517620178194	0.00861615	4e-05
0.0698	-0.0965	0.1106	0.0003106686068549907	-0.0005969026041820607	0.00035081117965086024	1.06614828	60.08658981	1.01958281	0.2409446401379632	0.00923449	4e-05
0.068	-0.1131	0.1052	0.00040840704496667313	-0.0004939281783143952	0.0003159045946109737	0.92254889	51.99353409	0.93571445	0.03558097245096172	0.00966847	4e-05
0.0653	0.0578	0.1388	0.000317649923862968	-0.0005916666164260777	0.0003193952531149623	1.06771541	60.1749115	1.02105396	0.2167993108859688	0.00847799	2e-05
0.064	0.0532	0.1366	0.0002181661564992912	-0.0005637413483941684	0.00034208453339088857	0.92736	52.26467896	0.93734074	0.01560491578357562	0.0084005	4e-05
0.0678	-0.1235	0.1132	0.0003298672286269283	-0.0005480333851262194	0.00033684854563490564	1.05515325	59.46692657	1.01537188	0.21053225115757845	0.00988805	7e-05
0.068	-0.0993	0.1107	0.00042236967898262774	-0.0005218534463463045	0.00029496064358704166	0.92190659	51.95733261	0.93253647	0.0349285145591739	0.0097096	6e-05
0.0672	0.0523	0.132	0.0003106686068549907	-0.0005567600313861911	0.000312413936106985	1.0374943	58.47169113	0.99921287	0.18190304748437333	0.00859833	6e-05
0.0655	0.1025	0.1278	0.0002565634000431664	-0.000460766922526503	0.0003647738136668148	0.9404211	53.00078583	0.94846455	0.0662229096615671	0.00925243	7e-05
0.0638	-0.0538	0.1057	0.000322885911618951	-0.0004520402762665313	0.00029496064358704166	1.03405023	58.27758789	0.99969998	0.18734311639577647	0.00900048	2e-05
0.063	-0.1334	0.1076	0.00048520153205442357	-0.00034033920413889426	0.00021467549799530252	0.93195933	52.52389145	0.9406368	0.10001509190774242	0.0100949	6e-05
0.0625	0.0162	0.1296	0.00048345620280242926	-0.0004747295565424576	0.00024085543677521747	1.01591766	57.25566101	0.98652117	0.1802157810217736	0.00796902	4e-05
0.059	0.0962	0.1466	0.00040666171571467877	-0.000486946861306418	0.00022863813201125715	0.99121594	55.86351013	0.97769334	0.10556145483078357	0.00848317	4e-05
0.0583	-0.0479	0.1243	0.0003892084231947355	-0.0003612831551628262	0.0002129301687433082	1.03100276	58.10583496	0.99615121	0.17504124809657423	0.00789374	4e-05
0.0556	-0.1047	0.1071	0.0005550147021341969	-0.00040840704496667313	0.00017278759594743863	0.94787228	53.42072296	0.94783784	0.08935363707695888	0.00962704	2e-05
0.0525	0.0316	0.1225	0.0005707226654021458	-0.00047822021504644627	0.00020420352248333657	1.02038443	57.50740051	0.98991282	0.16064685299418102	0.00804484	6e-05
0.0543	0.098	0.1314	0.0005358160803622592	-0.00042760566673861073	0.00021118483949131387	0.94256228	53.12145996	0.94818991	0.08172512251778499	0.0087716	3e-05
0.0518	-0.0687	0.1108	0.0005305800926062762	-0.0003769911184307752	0.0001361356816555577	1.03465497	58.31167221	0.99897802	0.1963449846949788	0.00853109	4e-05
0.0509	-0.1287	0.1031	0.0006946410422937432	-0.00041015237421866745	0.0001012290966156711	0.94791871	53.42333984	0.94973603	0.0802064395257623	0.0101711	7e-05
0.0506	-0.0645	0.1242	0.00062482787221397	-0.0004328416544945937	8.028514559173915e-05	0.96627051	54.45761871	0.95750141	0.0912723200689816	0.00882256	5e-05
0.0487	0.123	0.1475	0.0005235987755982988	-0.00041713369122664475	0.00013439035240356338	1.09292161	61.59549713	1.03681087	0.2212521133347722	0.00924069	6e-05
0.0471	0.0406	0.134	0.00047123889803846896	-0.0004415683007545654	0.00012042771838760874	0.97284424	54.82810593	0.96123696	0.10203785605518524	0.00808555	4e-05
0.0519	-0.1015	0.1039	0.0006230825429619757	-0.0003595378259108319	0.00015533430342749534	1.01428008	57.16336823	0.98752052	0.19043903524035632	0.00930667	6e-05
0.0527	-0.0719	0.1102	0.0007243116395776468	-0.0003385938748868999	0.00015707963267948963	0.92568278	52.17015457	0.93513782	0.042895918844579856	0.00904459	7e-05
0.0505	0.0509	0.1301	0.0006702064327658224	-0.00039793506945470715	0.00016929693744344995	1.00139797	56.43735504	0.97919815	0.15118318530717956	0.00852102	4e-05
0.0486	0.0408	0.1389	0.0004991641660703782	-0.0003961897402027128	0.00020594885173533088	0.95937949	54.06925201	0.9501147	0.03127197551196598	0.00817597	9e-05
0.0468	-0.0495	0.1247	0.0005096361415823442	-0.0005148721293383271	1.9198621771937625e-05	0.9716478	54.76067734	0.95786835	0.12209522973054866	0.00786418	2e-05
0.0487	-0.0908	0.117	0.0005253441048502931	-0.0004310963252425994	5.235987755982988e-06	0.91931486	51.81126785	0.92902211	0.056572320068981566	0.00863004	4e-05
0.0563	-0.0556	0.1299	0.0005707226654021458	-0.0004328416544945937	8.37758040957278e-05	0.94595742	53.31280518	0.94101193	0.061983185307179584	0.00827092	7e-05
0.0556	0.0718	0.1405	0.0006544984694978735	-0.00042935099599060504	5.585053606381854e-05	1.01963925	57.46540833	0.99393845	0.1444595865315813	0.00883055	4e-05
0.0553	0.0688	0.1192	0.0006841690667817771	-0.00029496064358704166	5.235987755982989e-05	0.96342808	54.29742432	0.9595353	0.0329775804095728	0.00940019	0.0001
0.0515	-0.0412	0.1163	0.0006126105674500097	-0.00038048177693476387	7.155849933176751e-05	0.98445123	55.48226166	0.9681449	0.12551391272257137	0.00856245	2e-05
0.0541	-0.184	0.1086	0.0005916666164260777	-0.0004328416544945937	9.250245035569947e-05	1.01427782	57.16324234	0.98941945	0.15781238898038463	0.0108944	9e-05
0.0553	-0.1394	0.1069	0.0006981317007977319	-0.00034557519189487725	0.00010471975511965978	0.91091573	51.33790588	0.92601648	0.05779744258676655	0.00991124	7e-05
0.0464	0.0052	0.1211	0.000710349005561692	-0.00042236967898262774	3.490658503988659e-05	1.024212	57.72312164	0.99315354	0.17564124809657422	0.00824898	3e-05
0.0429	0.1094	0.1283	0.0005881759579220891	-0.0004433136300065597	5.235987755982988e-06	0.98210281	55.34990692	0.97225715	0.12353937979737192	0.00891078	3e-05
0.0411	-0.0183	0.1088	0.000577703982410123	-0.0003211405823669566	-4.537856055185256e-05	1.00175226	56.45732117	0.97761091	0.15816297857297026	0.00811338	4e-05
0.0418	-0.0953	0.0956	0.0007016223593017205	-0.00017802358370342162	-3.141592653589793e-05	0.96642393	54.46626663	0.95860435	0.10494990047855432	0.00914037	7e-05
0.0453	0.0338	0.1385	0.0005707226654021458	-0.000317649923862968	6.108652381980153e-05	1.02958822	58.02611542	0.99489557	0.19365142422074105	0.00755435	1e-05
0.0438	0.1128	0.1435	0.000439822971502571	-0.00037350045992678646	3.490658503988659e-05	0.94422394	53.21510696	0.94809813	0.09614650843716538	0.00840008	2e-05
0.0418	-0.0902	0.1028	0.0006422811647339132	-0.00028623399732707005	-2.094395102393195e-05	1.10798657	62.4445343	1.04556265	0.26297875959474387	0.0089286	7e-05
0.0425	-0.1367	0.0991	0.0007627088831215222	-0.0002199114857512855	-4.0142572795869576e-05	0.95226991	53.66856766	0.95372278	0.06119744258676656	0.00992894	6e-05
0.0427	0.0094	0.1384	0.0006981317007977319	-0.00031415926535897925	4.18879020478639e-05	1.0796113	60.84534836	1.02165138	0.19764277183876083	0.00806081	7e-05
0.0391	0.047	0.1378	0.0006073745796940267	-0.0003385938748868999	-3.4906585039886588e-06	0.9675802	54.53143311	0.95858593	0.04982851455917391	0.00788862	6e-05
0.0398	-0.1344	0.1057	0.0007016223593017205	-0.0002722713633111154	-4.363323129985824e-05	1.071648	60.39654541	1.02191227	0.22423564319896735	0.00950748	5e-05
0.0389	-0.1017	0.0998	0.0008203047484373349	-0.0002443460952792061	-0.00011519173063162575	0.91271925	51.43954849	0.92619891	0.05040830782496456	0.00922596	7e-05
0.0382	0.039	0.1201	0.0008290313946973065	-0.0003822271061867582	-6.283185307179586e-05	1.02259469	57.63197327	0.99402331	0.17164837673636768	0.00841534	6e-05
0.0418	0.1079	0.1231	0.0008098327729253688	-0.00030368728984701333	6.45771823237902e-05	0.97349513	54.86478806	0.97063816	0.0867573736753634	0.00943947	7e-05
0.0389	-0.0666	0.0899	0.0008098327729253688	-0.0002303834612632515	5.235987755982988e-06	1.0623703	59.87366867	1.01746595	0.2172322511575785	0.0089047	4e-05
0.0376	-0.0955	0.0806	0.0009250245035569946	-0.00015009831567151235	-4.0142572795869576e-05	0.92998278	52.41249466	0.93645652	0.05154277183876085	0.00975549	4e-05
0.0398	-0.0448	0.0913	0.0010035643198967395	-0.00022165681500327985	-8.726646259971648e-06	0.94464517	53.23884583	0.94553939	0.07267571211037052	0.00908947	3e-05
0.0382	0.0936	0.1102	0.0007871434926494425	-0.0003001966313430247	3.4906585039886588e-06	1.00179935	56.45997238	0.98266427	0.1742588974175501	0.00933731	7e-05
0.0392	-0.0257	0.0951	0.0008639379797371932	-0.00027925268031909274	1.2217304763960308e-05	1.01494205	57.20067978	0.98572949	0.14072325421858273	0.00915414	0.00011
0.0395	-0.1101	0.0757	0.0010524335389525807	-0.0001064650843716541	1.5707963267948964e-05	0.98136938	55.30857086	0.96723686	0.12233869068334075	0.0107206	9e-05
0.0447	-0.0355	0.0971	0.0010471975511965976	-0.00016231562043547262	0.00011693705988362007	0.98177117	55.3312149	0.96405874	0.10931578102177363	0.00916749	4e-05
0.0402	0.1099	0.1135	0.0009686577348568529	-0.00024609142453120044	0.00013264502315156904	1.04672015	58.99164963	1.00800921	0.17520117918517109	0.0096519	4e-05
0.0417	0.0417	0.1046	0.0008447393579652555	-0.0003089232776029963	8.901179185171081e-05	0.95570886	53.86238098	0.95166551	0.09011917306316257	0.00885856	4e-05
0.0366	-0.1587	0.0684	0.0009913470151327792	-0.000158824961931484	-0.0	1.11181068	62.66005325	1.0496346	0.26098588823453733	0.0116741	9e-05
0.0357	-0.1135	0.0595	0.0007661995416255106	-0.00015184364492350666	-7.504915783575618e-05	0.96061087	54.1386528	0.95922781	0.07035889741755012	0.0111628	0.00017
0.0398	0.0349	0.0858	0.001064650843716541	-0.0005113814708343385	-0.00013439035240356338	1.06722033	60.1470108	1.02457754	0.21466651612848353	0.00937355	5e-05
0.0439	0.0881	0.1037	0.0008447393579652555	-0.0005166174585903216	-0.00013788101090755203	0.95094293	53.59378052	0.95176286	0.08663190660056284	0.00938243	7e-05
0.0429	-0.0389	0.0806	0.0007470009198535729	-0.0004328416544945937	-9.250245035569947e-05	1.0078088	56.79866028	0.97942754	0.16244464013796314	0.00884897	5e-05
0.0457	-0.1412	0.0708	0.0008342673824532895	-0.00032637657012293966	-4.537856055185256e-05	0.96151656	54.18969345	0.95898133	0.12694277183876088	0.0105898	9e-05
0.0457	-0.0893	0.0867	0.000932005820564972	-0.000312413936106985	-2.6179938779914945e-05	0.9437077	53.18601227	0.94545122	0.0743449846949787	0.00938308	3e-05
0.0412	0.0724	0.1065	0.0009145525280450286	-0.0003874630939427412	-3.839724354387525e-05	1.0364604	58.41342545	1.00250934	0.19123598775598297	0.00885868	5e-05
0.0333	-0.0169	0.0876	0.0009424777960769379	-0.00031415926535897925	-0.00018675022996339323	0.98385042	55.44839859	0.96445206	0.12857910415175947	0.00918239	6e-05
0.0273	-0.0964	0.0696	0.0009197885158010115	-0.000312413936106985	-0.0004729842272904633	0.97773397	55.10368347	0.96617347	0.11903343034274952	0.0101621	7e-05
0.0412	-0.0253	0.087	0.0009808750396208131	-0.000307177948351002	-0.0001832595714594046	0.95720369	53.94662857	0.95047304	0.12020235837034215	0.00906068	1e-05
0.0434	0.1249	0.1259	0.0008831366015091308	-0.0003159045946109737	-5.93411945678072e-05	1.02617383	57.83368683	0.99568502	0.2028191730631626	0.00959158	7e-05
0.0433	-0.0005	0.1029	0.0009459684545809266	-0.00029321531433504735	-0.00010471975511965978	1.00610936	56.70288086	0.97976544	0.15504498469497877	0.0088982	6e-05
0.0444	-0.0879	0.0899	0.0010297442586766543	-0.00019896753472735358	-0.00011344640137963142	0.97619474	55.01693726	0.96578034	0.11083751149816969	0.0099206	6e-05
0.0453	-0.0649	0.1009	0.0010803588069844899	-0.00024260076602721178	-8.028514559173915e-05	0.94527465	53.27432251	0.9427828	0.04127045176977932	0.00964022	6e-05
0.0455	0.0787	0.1364	0.000895353906273091	-0.00039095375244672985	-3.4906585039886588e-06	1.04461503	58.87300491	1.00463431	0.1998076187109334	0.00869387	4e-05
0.0444	0.0788	0.141	0.0006632251157578452	-0.00034033920413889426	-6.9813170079773176e-06	0.92730272	52.26145172	0.93624351	0.02011169986635348	0.00841367	4e-05
0.0435	-0.112	0.1171	0.000853466004225227	-0.00020769418098732522	-2.094395102393195e-05	1.0893985	61.39693451	1.02992707	0.23244242728174527	0.00982249	6e-05
0.0466	-0.1395	0.1224	0.000926769832808989	-0.00022340214425527416	1.9198621771937625e-05	0.94337076	53.16702271	0.94519151	0.04235771823237904	0.00988412	7e-05
0.0506	0.0064	0.1635	0.0007731808586334879	-0.00035430183815484887	0.00011344640137963142	1.07668364	60.68034363	1.02340641	0.20993682238413847	0.00770003	4e-05
0.0479	0.0824	0.1622	0.0006981317007977319	-0.0004014257279586958	0.0001064650843716541	0.96879315	54.59979248	0.96061758	0.08645771823237901	0.00809121	1e-05
0.0498	-0.0776	0.1324	0.0008552113334772215	-0.0003525565089028545	5.4105206811824215e-05	1.0391624	58.56570435	1.00184048	0.20461543646475805	0.00812691	3e-05
0.05	-0.1364	0.1165	0.0010925761117484504	-0.00027925268031909274	4.0142572795869576e-05	0.94484109	53.24988937	0.946659	0.09113156204354723	0.00985533	6e-05
0.0489	0.0039	0.1467	0.0010088003076527223	-0.0003944444109507184	2.4434609527920616e-05	1.02319062	57.66555405	0.9914387	0.18233377489976513	0.00820333	8e-05
0.0495	0.0751	0.1551	0.0008412486994612669	-0.000450294947014537	9.773843811168246e-05	0.9656533	54.4228363	0.95964324	0.09503529864195177	0.00849771	4e-05
0.0498	-0.0511	0.123	0.0009721483933608416	-0.00033684854563490564	2.792526803190927e-05	1.00097978	56.41378403	0.9758191	0.17430796326794895	0.00837892	7e-05
0.0479	-0.1224	0.1062	0.0011135200627723821	-0.00023561944901923448	1.9198621771937625e-05	0.94390094	53.19690323	0.94553563	0.10256637061435916	0.00989848	6e-05
0.0522	0.0074	0.1412	0.0008831366015091308	-0.00040666171571467877	0.0001012290966156711	1.01754308	57.34726715	0.98696201	0.19327281014012143	0.00787669	3e-05
0.0546	0.0972	0.152	0.0007714355293814937	-0.0003717551306747922	0.00015707963267948963	0.96749681	54.5267334	0.9618333	0.1131229096615671	0.00876915	7e-05
0.0514	-0.127	0.1048	0.0009599310885968812	-0.00017976891295541595	0.00011170107212763708	1.1510812	64.87328339	1.07334719	0.29589301687433084	0.00961584	0.00014
0.049	-0.1373	0.0967	0.0009808750396208131	-6.108652381980153e-05	4.363323129985824e-05	0.92753953	52.27479935	0.93833964	0.03118470904936628	0.010181	7e-05
0.0509	0.0174	0.1117	0.0007819075048934597	-7.67944870877505e-05	2.268928027592628e-05	1.04349494	58.8098793	1.00714517	0.18338097245096172	0.00845492	4e-05
0.0431	0.0681	0.1039	0.0005550147021341969	-2.268928027592628e-05	-0.00015009831567151235	0.96100283	54.1607399	0.95920502	0.08898928027592627	0.00930536	0.00014
0.0407	-0.1149	0.0766	0.0007609635538695277	-2.6179938779914945e-05	-0.00015184364492350666	1.08389843	61.08695984	1.02733207	0.22325924197456568	0.00998366	4e-05
0.041	-0.1319	0.0763	0.0008761552845011534	-4.537856055185256e-05	-0.00010995574287564276	0.92619163	52.19883347	0.93847525	0.02641391272257134	0.010602	0.00011
0.0438	0.0625	0.106	0.000783652834145454	-0.0001186823891356144	-2.96705972839036e-05	1.096241	61.78256989	1.04196797	0.23920457122656	0.00898248	3e-05
0.0416	0.085	0.1116	0.0007086036763096977	-0.00013788101090755203	-4.537856055185256e-05	0.93747073	52.83450699	0.9431408	0.035797787143782164	0.00924128	4e-05
0.0434	-0.0865	0.0805	0.000752236907609556	-0.00011170107212763708	-0.00011170107212763708	1.06120157	59.80780029	1.01906943	0.21120678408277785	0.00966787	6e-05
0.0445	-0.182	0.0732	0.0007470009198535729	-2.96705972839036e-05	-7.853981633974481e-05	0.96359813	54.30701065	0.96081959	0.1099213859193804	0.0116971	0.00019
0.0456	-0.061	0.0957	0.0007627088831215222	-6.806784082777885e-05	1.7453292519943294e-06	0.99773526	56.23093033	0.97655738	0.15131951762017817	0.00880575	3e-05
0.0422	0.1049	0.1059	0.0007714355293814937	-0.00018675022996339323	-3.316125578789226e-05	1.04744327	59.03240204	1.01165457	0.1876157810217736	0.00965375	4e-05
0.0415	-0.0271	0.0989	0.0006387905062299246	-0.00017453292519943296	-3.141592653589793e-05	0.99348062	55.99114227	0.97272774	0.14703038285837616	0.00851154	5e-05
0.0436	-0.1347	0.0743	0.0007243116395776468	-0.00015533430342749534	-6.45771823237902e-05	0.96454465	54.36035538	0.9555397	0.1411940505453776	0.0105806	4e-05
0.0439	-0.107	0.0677	0.0009075712110370514	-4.537856055185256e-05	-4.18879020478639e-05	0.89962012	50.70130157	0.91613361	0.05039522973054868	0.0107636	8e-05
0.0489	0.0089	0.1098	0.0008150687606813518	-0.00013264502315156904	1.9198621771937625e-05	1.02386796	57.70373154	0.99231333	0.17504277183876088	0.00864124	2e-05
0.0469	0.1194	0.1224	0.0007120943348136865	-0.00016231562043547262	8.726646259971648e-06	0.98810071	55.68793869	0.97597338	0.1322558499331767	0.00951952	7e-05
0.0434	-0.0635	0.0986	0.0007347836150896127	-0.0001361356816555577	-2.094395102393195e-05	1.08571982	61.18960953	1.02415147	0.21412699081698724	0.00954139	0.00014
0.0445	-0.1143	0.0838	0.0009040805525330626	-4.0142572795869576e-05	-4.0142572795869576e-05	0.95393485	53.76240158	0.94705346	0.08092443340375374	0.0104662	7e-05
0.0483	-0.0559	0.1089	0.0008307767239493009	-0.000158824961931484	3.490658503988659e-05	0.94697177	53.36997223	0.94631914	0.10065176877775663	0.00880069	6e-05
0.048	0.0963	0.1354	0.000731292956585624	-0.00014311699866353502	5.585053606381854e-05	1.05013573	59.18414688	1.00490962	0.18580678408277787	0.0093317	7e-05
0.0445	0.0182	0.129	0.0006597344572538566	-0.0001291543646475804	5.585053606381854e-05	0.9611308	54.16795349	0.95561531	0.0922760566673861	0.00832009	5e-05
0.0468	-0.1444	0.1125	0.0006771877497737998	2.4434609527920616e-05	6.108652381980153e-05	1.04523909	58.90817642	1.00625641	0.19021391272257135	0.0101728	4e-05
0.0483	-0.1189	0.1097	0.0007627088831215222	-4.71238898038469e-05	3.665191429188092e-05	0.92807716	52.30509949	0.93385251	0.03887571211037052	0.0098114	8e-05
0.0437	-0.022	0.123	0.0007888888219014368	-0.0003438298626428829	-2.792526803190927e-05	0.98302972	55.40214539	0.96934708	0.13417315469713703	0.00807422	4e-05
0.0443	0.0786	0.1373	0.0006038839211900379	-0.00026878070480712676	3.665191429188092e-05	0.97690684	55.05706787	0.966227	0.13173156204354725	0.00868642	7e-05
0.0461	-0.06	0.1191	0.0005567600313861911	-0.00011344640137963142	5.4105206811824215e-05	1.02009225	57.49093628	0.99057767	0.16959557428756428	0.00833803	6e-05
0.0503	-0.1603	0.1154	0.0006230825429619757	4.537856055185256e-05	0.0001186823891356144	0.98034483	55.25082779	0.97021486	0.12268623279155293	0.0103055	4e-05
0.0505	0.0075	0.1361	0.0006946410422937432	-6.108652381980153e-05	0.0001361356816555577	1.06465983	60.00270081	1.01305243	0.19847384381116823	0.00798583	4e-05
0.0438	0.067	0.1358	0.0006632251157578452	-0.0001012290966156711	5.235987755982989e-05	0.93453544	52.66907883	0.94122023	0.07426671517137477	0.00827122	5e-05
0.0424	-0.0588	0.1136	0.0007173303225696694	-5.759586531581287e-05	5.061454830783555e-05	1.00035298	56.37845993	0.97626506	0.1543741883681838	0.0085237	7e-05
0.0443	-0.1668	0.0979	0.0008395033702092724	5.061454830783555e-05	2.268928027592628e-05	0.98118222	55.29802322	0.97023267	0.13851543646475803	0.0108106	3e-05
0.0447	-0.0864	0.1085	0.0008621926504851988	0.00012217304763960306	3.839724354387525e-05	0.95160693	53.6312027	0.94764769	0.09689778714378211	0.00926822	6e-05
0.0467	0.0999	0.1586	0.0006702064327658224	-7.853981633974481e-05	8.726646259971648e-05	1.12892497	63.62459183	1.05476382	0.2604784150377283	0.00906128	0.00011
0.0436	0.106	0.174	0.00034906585039886593	-8.726646259971648e-05	4.537856055185256e-05	0.96938026	54.63288116	0.96327498	0.0431877565337396	0.00849521	6e-05
0.0426	-0.1317	0.1209	0.000635299847725936	2.96705972839036e-05	-2.4434609527920616e-05	1.17986405	66.49544525	1.09348257	0.3154492113645232	0.00934768	8e-05
0.0385	-0.1171	0.113	0.0007714355293814937	8.028514559173915e-05	-8.203047484373349e-05	0.93277639	52.56993866	0.94008768	0.03881730476396032	0.00963128	4e-05
0.0385	0.072	0.1469	0.0005078908123303499	-7.155849933176751e-05	-8.37758040957278e-05	1.09990311	61.98896027	1.0436396	0.24385668456133225	0.00837409	3e-05
0.0362	0.0285	0.1431	0.0003525565089028545	-5.235987755982989e-05	-7.67944870877505e-05	0.9516986	53.6363678	0.94845157	0.0586757121103705	0.00797409	0.00012
0.0344	-0.1449	0.1098	0.0004904375198104066	4.18879020478639e-05	-0.0001239183768915974	1.06679726	60.12316132	1.02031881	0.22246263401595467	0.00986373	6e-05
0.038	-0.1489	0.0922	0.0006702064327658224	7.504915783575618e-05	-9.42477796076938e-05	0.92803699	52.30283356	0.93716575	0.03733003830136058	0.010636	7e-05
0.0431	0.018	0.1118	0.0005009094953223725	-8.552113334772214e-05	2.094395102393195e-05	1.0485208	59.0931282	1.00603403	0.21385294796292767	0.00843561	4e-05
0.042	0.1057	0.1343	0.00042760566673861073	-9.250245035569947e-05	-6.9813170079773176e-06	0.9642905	54.34603119	0.96227635	0.1167105206811824	0.00928211	7e-05
0.0419	-0.0914	0.0981	0.0005201081170943102	1.2217304763960308e-05	-2.96705972839036e-05	1.10290527	62.15816116	1.04340363	0.24439557428756428	0.00923663	7e-05
0.046	-0.114	0.0936	0.0005480333851262194	0.0001605702911834783	2.094395102393195e-05	0.93148369	52.49708557	0.94061211	0.04254464013796314	0.00984567	7e-05
0.0457	0.0682	0.1502	0.00019896753472735358	7.155849933176751e-05	7.67944870877505e-05	1.10969579	62.54086304	1.04680638	0.26379640891571976	0.00816792	7e-05
0.0407	0.0566	0.1528	7.67944870877505e-05	0.0001064650843716541	-3.490658503988659e-05	0.95515013	53.83089066	0.953606	0.03263903524035633	0.00818378	0.00012
0.0409	-0.149	0.1114	0.0003193952531149623	7.853981633974481e-05	-8.726646259971648e-05	1.1252861	63.4195137	1.05955202	0.2633442955809476	0.00986195	6e-05
0.0418	-0.0797	0.1297	0.0002129301687433082	5.235987755982989e-05	-8.726646259971648e-06	0.97269917	54.81993103	0.96379281	0.09905924197456573	0.00836337	6e-05
0.0392	0.1186	0.1744	-0.00015009831567151235	1.2217304763960308e-05	-2.4434609527920616e-05	1.09691226	61.82040405	1.04182066	0.2665439510239319	0.00872231	6e-05
0.0367	-0.0589	0.1424	-5.93411945678072e-05	4.0142572795869576e-05	-7.504915783575618e-05	1.08219302	60.99084473	1.02383002	0.2204648468721725	0.00819999	7e-05
0.0388	-0.1513	0.1244	0.00022863813201125715	9.948376736367679e-05	-0.00011170107212763708	0.97091502	54.71937943	0.96532384	0.1316986217719376	0.0100646	7e-05
0.0425	0.0212	0.1648	-1.0471975511965975e-05	4.18879020478639e-05	-5.235987755982989e-05	1.07966614	60.84843826	1.02800835	0.23440235837034215	0.00762659	4e-05
0.0358	0.1176	0.1739	-0.00015533430342749534	-5.235987755982988e-06	-0.00010821041362364843	0.98913395	55.74617004	0.97540142	0.12459183768915974	0.00884783	9e-05
0.0367	-0.0998	0.1281	4.71238898038469e-05	2.4434609527920616e-05	-0.00014660765716752367	1.141083	64.30979919	1.06598402	0.27762630170295605	0.00888205	6e-05
0.0436	-0.131	0.118	0.000148352986419518	0.0001308996938995747	-7.67944870877505e-05	0.9298892	52.40722275	0.93873546	0.06207536755335492	0.0100121	0.00011
0.0422	0.0482	0.1364	0.0001605702911834783	2.268928027592628e-05	-8.203047484373349e-05	1.06165957	59.83361435	1.01498021	0.2052831853071796	0.00808024	7e-05
0.0417	0.0946	0.1534	-1.2217304763960308e-05	-1.7453292519943294e-06	-1.7453292519943296e-05	0.93415755	52.64778137	0.94222134	0.07698996938995747	0.0085786	5e-05
0.0409	-0.0934	0.1275	7.155849933176751e-05	0.00010297442586766544	-4.71238898038469e-05	1.07889628	60.8050499	1.02923401	0.22560830782496452	0.00884545	0.00011
0.042	-0.1072	0.1216	0.00019198621771937622	6.283185307179586e-05	-8.37758040957278e-05	0.92843652	52.32535172	0.93952859	0.030661110273767972	0.00921303	8e-05
0.0447	0.0372	0.1549	9.948376736367679e-05	-9.250245035569947e-05	5.235987755982988e-06	1.03992522	58.60869217	1.00113835	0.1972424272817453	0.00774914	6e-05
0.0421	0.0449	0.1479	6.806784082777885e-05	-0.00014311699866353502	-1.0471975511965975e-05	0.93612933	52.75890732	0.94161728	0.022186921905584127	0.00773495	7e-05
0.0424	-0.1161	0.1356	-3.141592653589793e-05	-0.0001972222054753592	-1.2217304763960308e-05	1.03586268	58.37973785	0.9986125	0.18136671517137476	0.00850409	4e-05
0.0448	-0.1158	0.1341	0.0001308996938995747	-0.00023212879051524583	-4.886921905584123e-05	0.90725756	51.13173676	0.92550449	0.015893705988362004	0.00879711	5e-05
0.0498	-0.0106	0.1648	8.552113334772214e-05	-0.00027925268031909274	3.665191429188092e-05	0.99954689	56.3330307	0.97807471	0.14980117918517108	0.0075568	4e-05
0.0488	0.0935	0.1793	-9.948376736367679e-05	-0.000296705972839036	3.316125578789226e-05	0.98555213	55.54430389	0.97264243	0.12989744258676653	0.0080384	4e-05
0.0455	-0.0546	0.1565	-0.00010995574287564276	-0.0002181661564992912	5.235987755982988e-06	1.02490366	57.76210022	0.99306006	0.180046852994181	0.00764191	4e-05
0.0458	-0.1121	0.1448	3.665191429188092e-05	-0.00015533430342749534	-5.4105206811824215e-05	0.93855596	52.89566803	0.94210444	0.08293903524035633	0.00843853	2e-05
0.0461	-0.0784	0.146	0.0001064650843716541	-0.0001012290966156711	-3.316125578789226e-05	0.92371857	52.05945587	0.92992364	0.04244311639577645	0.00776213	5e-05
0.0437	0.076	0.1623	6.806784082777885e-05	-0.0001605702911834783	-2.6179938779914945e-05	1.0209074	57.53688049	0.99124673	0.178335987755983	0.00747985	6e-05
0.04	0.0523	0.1631	9.599310885968811e-05	-0.00017104226669544429	-0.0001361356816555577	0.9313423	52.48911667	0.93661026	0.035617649320975886	0.00735259	3e-05
0.0401	-0.0802	0.1484	0.0001186823891356144	-8.552113334772214e-05	-0.00013962634015954637	0.99895203	56.29950333	0.97926482	0.15288505360638183	0.00781423	7e-05
0.0392	-0.091	0.1515	0.0001239183768915974	-6.108652381980153e-05	-0.00016929693744344995	0.93054777	52.44433975	0.93794414	0.017767059728390353	0.00868982	5e-05
0.0365	0.0476	0.1727	1.3962634015954635e-05	-0.00016406094968746698	-0.0002007128639793479	1.02120566	57.55368423	0.9897435	0.17471730476396033	0.00724435	6e-05
0.0342	0.0321	0.1799	-9.773843811168246e-05	-0.0001832595714594046	-0.0002670353755551324	0.91703176	51.6825943	0.92722801	0.03486111027376798	0.00709581	2e-05
0.0341	-0.0744	0.1603	-7.330382858376184e-05	-0.00015707963267948963	-0.0002705260340591211	0.96679825	54.48736191	0.95856188	0.1289052603405912	0.00760496	4e-05
0.0329	-0.1027	0.1609	-3.4906585039886588e-06	-0.00012740903539558605	-0.0002722713633111154	0.91218138	51.40923309	0.92850378	0.03516145483078355	0.00803888	3e-05
0.0365	-0.0019	0.1874	-9.250245035569947e-05	-0.00016231562043547262	-0.0002373647782712288	0.98489654	55.50735855	0.96945211	0.13884124809657422	0.00707006	3e-05
0.0342	0.0741	0.1932	-0.0002373647782712288	-0.0002373647782712288	-0.00020420352248333657	0.96370745	54.31317139	0.95820006	0.09675363707695887	0.00761336	4e-05
0.027	-0.0438	0.1806	-0.0002705260340591211	-0.00014486232791552936	-0.0002181661564992912	1.01868093	57.41139603	0.98248793	0.14468131700797734	0.00749618	0.00011
0.0294	-0.138	0.1709	-0.00024260076602721178	-0.00011519173063162575	-0.00018500490071139895	0.97700131	55.06239319	0.96278637	0.11083785605518529	0.00818396	4e-05
0.0338	-0.059	0.1775	-0.0001675516081914556	-0.00016929693744344995	-0.0001361356816555577	0.94238722	53.11159134	0.94372823	0.09890117918517108	0.00687706	3e-05
0.0362	0.0902	0.2185	-0.00035081117965086024	-0.00022165681500327985	-9.250245035569947e-05	1.05952346	59.7132225	1.01557321	0.20656263401595468	0.00792265	7e-05
0.0328	0.0277	0.2051	-0.00038048177693476387	-0.00018500490071139895	-0.000148352986419518	0.96719986	54.50999832	0.95849734	0.08540865238198014	0.00696284	3e-05
0.0324	-0.0854	0.1839	-0.0003106686068549907	-0.0001064650843716541	-0.00018151424220741024	0.99370235	56.00363922	0.97490337	0.14377571211037055	0.00731897	5e-05
0.0327	-0.0772	0.1866	-0.0002670353755551324	-0.00013788101090755203	-0.00019547687622336493	0.92800266	52.30089951	0.93402323	0.015650589592585525	0.00745058	3e-05
0.0358	0.0279	0.2126	-0.00034557519189487725	-0.0002181661564992912	-0.0001308996938995747	0.98433614	55.47577286	0.96751946	0.14537010721276372	0.0067696	2e-05
0.0346	0.1129	0.2299	-0.0004904375198104066	-0.0002670353755551324	-0.0001239183768915974	0.96074897	54.14643478	0.96014117	0.11353564319896736	0.00838214	4e-05
0.0317	-0.0616	0.2043	-0.0003874630939427412	-0.00021467549799530252	-0.00017104226669544429	1.06429029	59.98187637	1.01900489	0.21312290966156708	0.00679386	4e-05
0.0232	-0.1072	0.1978	-0.0005916666164260777	-0.0002844886680750757	-0.0003944444109507184	0.95327556	53.72524261	0.95645941	0.0854709418409192	0.0089249	0.00017
0.0314	-0.1061	0.1907	-0.0006527531402458793	-0.0003159045946109737	-0.0006161012259539982	0.99906009	56.3055954	0.99316631	0.032107963267948965	0.0140613	0.00077
0.033	-0.0084	0.1587	0.00034208453339088857	-0.0005462880558742252	-0.0009354964790689606	1.10521293	62.28821564	1.07033138	0.20853081940074908	0.0119963	0.00046
0.0259	0.0	0.1657	6.45771823237902e-05	-0.0008813912722571365	-0.000577703982410123	0.97444439	54.91828918	0.98216074	0.07102015320544233	0.00901085	7e-05
0.0273	-0.0311	0.1673	-0.00045553093477052	-0.0008604473212332044	-0.0004380776422505767	0.94327313	53.16152191	0.94908877	0.06813392041388945	0.00874102	9e-05
0.0319	0.1191	0.2064	-0.0005044001538263612	-0.001001818990644745	-0.0002373647782712288	1.05054963	59.20746994	1.01038904	0.21344768762233643	0.0096584	4e-05
0.0276	0.1382	0.2386	-0.0007068583470577034	-0.0012007865253720988	-0.0002373647782712288	0.97605443	55.00902939	0.96626814	0.07567128639793479	0.0111023	0.00017
0.0274	-0.055	0.2031	-0.0006841690667817771	-0.0009285151620609833	-0.00016406094968746698	1.11484301	62.83095169	1.04960953	0.24731322360854016	0.00881463	0.00036
0.037	-0.1942	0.1797	-0.0006754424205218055	-0.000973893722612836	-0.00014660765716752367	1.03399146	58.27427292	0.99859773	0.1757779249665884	0.0109453	0.00014
0.0428	-0.1666	0.179	-0.0004677482395344803	-0.0008447393579652555	-3.141592653589793e-05	0.95702934	53.93680191	0.95004712	0.0567020138133266	0.00961494	7e-05
0.0395	-0.0352	0.2272	-0.0007731808586334879	-0.0009337511498169664	1.3962634015954635e-05	1.03606379	58.3910675	1.00037648	0.20489114857512852	0.00739568	1e-05
0.0407	0.1048	0.2504	-0.0009407324668249436	-0.0010192722831646884	0.0001308996938995747	1.02150178	57.57037735	0.99328308	0.18290049007113987	0.00918138	4e-05
0.0394	0.0312	0.2407	-0.0010000736613927507	-0.0009930923443847736	0.0001186823891356144	0.95715249	53.94374084	0.95303333	0.08948692190558413	0.00794756	3e-05
0.0415	-0.0974	0.224	-0.0010297442586766543	-0.000895353906273091	0.00011519173063162575	0.99143881	55.87606812	0.97314654	0.1539449846949787	0.00825548	7e-05
0.0433	-0.1378	0.2194	-0.000932005820564972	-0.0007278022980816354	0.00013788101090755203	0.93718553	52.81843185	0.9452242	0.061198966328953205	0.00907964	6e-05
0.0438	-0.0594	0.2099	-0.0007557275661135446	-0.0006911503837897545	0.0001239183768915974	0.96327603	54.28885651	0.9584891	0.09974464013796316	0.00750691	6e-05
0.0433	0.0531	0.2396	-0.0008883725892651138	-0.0007993607974134029	0.00015184364492350666	1.0043031	56.60108185	0.98239949	0.15613903524035633	0.00773197	5e-05
0.0437	0.1633	0.2482	-0.0009302604913129776	-0.0008726646259971648	0.0002303834612632515	0.98311102	55.40672684	0.97262364	0.1288865773485685	0.0101035	5e-05
0.044	0.0101	0.2169	-0.0008831366015091308	-0.0007173303225696694	0.0001972222054753592	1.04107964	58.67375565	1.0039016	0.19658097245096173	0.00768	3e-05
0.0458	-0.0957	0.1981	-0.0007993607974134029	-0.0007016223593017205	0.00015009831567151235	0.97555715	54.98100281	0.96619983	0.13373038285837618	0.00827354	7e-05
0.0462	-0.1031	0.1946	-0.000757472895365539	-0.0006771877497737998	0.00014486232791552936	0.94743574	53.39611816	0.94435621	0.014877924966588385	0.00864398	4e-05
0.0472	0.021	0.211	-0.0006283185307179585	-0.0007819075048934597	0.00020769418098732522	1.03318536	58.2288475	0.99661215	0.1563352986419518	0.00764591	4e-05
0.0421	0.045	0.2268	-0.0008360127117052838	-0.000853466004225227	0.0002007128639793479	0.93851066	52.893116	0.94258834	0.05921169986635351	0.00782585	6e-05
0.0416	-0.1167	0.1956	-0.0007504915783575615	-0.0007120943348136865	0.0001256637061435917	1.05450737	59.43052292	1.01103499	0.20849709802975097	0.00887889	9e-05
0.0399	-0.1596	0.194	-0.0006981317007977319	-0.0006859143960337716	2.792526803190927e-05	0.95779067	53.97970963	0.95524296	0.05501391272257133	0.00954479	9e-05
0.0412	-0.0781	0.21	-0.0007470009198535729	-0.000731292956585624	0.0001064650843716541	1.01497972	57.20280457	0.98184914	0.10743937979737188	0.00832021	0.00015
0.0354	0.1108	0.25	-0.0010419615634406148	-0.0008552113334772215	0.00011344640137963142	1.13108695	63.74644089	1.05841506	0.25599301687433085	0.0089879	0.00011
0.0389	0.0995	0.2549	-0.0010262536001726657	-0.0008639379797371932	0.00017976891295541595	0.94865894	53.46505737	0.95006893	0.024237856055185275	0.00923938	7e-05
0.0356	-0.0843	0.2191	-0.0008150687606813518	-0.0006946410422937432	5.93411945678072e-05	1.10043168	62.01874924	1.0375596	0.24794547476611867	0.00842512	0.00011
0.0351	-0.1117	0.2117	-0.000783652834145454	-0.0006841690667817771	-8.726646259971648e-06	0.95760262	53.9691124	0.95012264	0.04079778714378211	0.00827289	6e-05
0.0356	-0.047	0.214	-0.0007208209810736582	-0.0007452555906015787	2.6179938779914945e-05	0.98580283	55.55843353	0.97095726	0.0754412480965742	0.00781703	0.00013
0.0357	0.1074	0.2645	-0.0011431906600562858	-0.000890117918517108	8.203047484373349e-05	1.08484948	61.14056396	1.03919038	0.23615412714809875	0.00907719	5e-05
0.0344	0.0542	0.2594	-0.0011379546723003027	-0.0008307767239493009	8.028514559173915e-05	0.97206771	54.78434372	0.95860377	0.06291612557878921	0.00853992	6e-05
0.0315	-0.1661	0.216	-0.0009023352232810684	-0.0006335545184739417	2.268928027592628e-05	1.14584363	64.57810211	1.07133455	0.2911218759905204	0.00960732	8e-05
0.0352	-0.1494	0.2016	-0.0007679448708775049	-0.0005689773361501514	6.108652381980153e-05	0.95076215	53.58359146	0.94940274	0.04666823891356144	0.00927663	0.00012
0.0386	0.0282	0.2446	-0.0009669124056048585	-0.0007714355293814937	0.0001256637061435917	1.10377252	62.20703888	1.03873088	0.24730014551412427	0.00776416	5e-05
0.0383	0.0878	0.263	-0.0010716321607245184	-0.0007539822368615504	0.00017104226669544429	0.96126676	54.17561722	0.95848392	0.08667758040957278	0.00888658	7e-05
0.035	-0.0445	0.2261	-0.0009669124056048585	-0.000710349005561692	9.948376736367679e-05	1.00156581	56.44681168	0.97728819	0.18349557428756433	0.00841659	6e-05
0.0339	-0.1236	0.2006	-0.0006859143960337716	-0.0006859143960337716	4.18879020478639e-05	0.97015792	54.67670822	0.96034843	0.12385142422074102	0.00959444	4e-05
0.0374	-0.1015	0.2024	-0.0006963863715457374	-0.0006736970912698113	7.155849933176751e-05	0.95458597	53.79909515	0.94970261	0.030017993877991485	0.00838524	5e-05
0.0421	0.0343	0.2377	-0.0008237954069413235	-0.0008499753457212384	0.00017278759594743863	1.05575967	59.50109863	1.00944919	0.19604581932313425	0.00775945	5e-05
0.0405	0.0954	0.248	-0.0010454522219446034	-0.0009023352232810684	0.00018675022996339323	0.95843941	54.01626968	0.95441681	0.08739896632895323	0.00890887	4e-05
0.0405	-0.0454	0.217	-0.0008220500776893293	-0.0008115781021773631	0.0001884955592153876	1.02103937	57.54431152	0.98793278	0.1875952297305487	0.00854492	4e-05
0.0412	-0.1286	0.2035	-0.0007801621756414653	-0.0007138396640656808	0.00015707963267948963	0.97021931	54.68016815	0.96170183	0.10595211333477224	0.00888532	6e-05
0.0443	-0.0848	0.2196	-0.0008621926504851988	-0.0006911503837897545	0.0002181661564992912	0.96299487	54.27301025	0.95374704	0.07129031394697308	0.00836998	6e-05
0.0451	0.0802	0.2558	-0.0010611601852125523	-0.0009686577348568529	0.0002740166925631097	1.07599032	60.6412735	1.02476784	0.22861627109291352	0.00838763	7e-05
0.035	-0.0053	0.2449	-0.0011484266478122688	-0.0008883725892651138	0.00012740903539558605	0.9600988	54.1097908	0.95356601	0.12220796326794899	0.00809002	4e-05
0.0254	-0.1003	0.2236	-0.001022762941668677	-0.0007644542123735164	2.268928027592628e-05	0.96482342	54.3760643	0.9570086	0.14361509190774246	0.00919998	6e-05
0.0335	-0.0979	0.2258	-0.0009704030641088471	-0.0007592182246175333	0.00014311699866353502	0.9436394	53.18216324	0.94646637	0.021601179185171092	0.00799078	2e-05
0.0348	0.0499	0.2599	-0.0010419615634406148	-0.0008325220532012951	0.00019547687622336493	1.04785728	59.05573654	1.00713029	0.193061110273768	0.00794262	1e-05
0.0319	0.0578	0.2513	-0.0011082840750163993	-0.0008569566627292158	0.00017627825445142725	0.94407392	53.20665359	0.94680914	0.024897787143782137	0.00835627	9e-05
0.0294	-0.0694	0.2268	-0.0010157816246606998	-0.0008168140899333463	0.00017278759594743863	1.00531721	56.65823746	0.97892255	0.16100678408277788	0.00776428	6e-05
0.0333	-0.1196	0.2094	-0.0008499753457212384	-0.0007888888219014368	0.00015184364492350666	0.92709404	52.24969101	0.93620263	0.08223377489976513	0.00829977	4e-05
0.0303	-0.0374	0.2329	-0.000932005820564972	-0.0008290313946973065	9.599310885968811e-05	0.96927088	54.62671661	0.95806534	0.11760117918517109	0.00832969	2e-05
0.0196	0.1164	0.273	-0.0012025318546240932	-0.0009930923443847736	-1.9198621771937625e-05	1.05246222	59.31526184	1.01412495	0.23208893571891076	0.010165	6e-05
0.0191	0.0682	0.2686	-0.0013421581947836393	-0.0011431906600562858	-5.061454830783555e-05	0.95973021	54.08901978	0.96335813	0.06915702911834783	0.00956231	9e-05
0.0298	-0.0426	0.2412	-0.0010367255756846318	-0.0014259339988793671	-0.0001605702911834783	1.05391645	59.39722061	1.02774107	0.18380658503988656	0.0107642	0.00045
-0.0004	-0.0701	0.2355	-0.0009721483933608416	-0.0015254177662430443	-0.0007853981633974483	1.11955667	63.09661102	1.07728383	0.10284444109507188	0.0119982	0.00073
0.0048	-0.1549	0.2024	-0.0009302604913129776	-0.0019163715186897737	-0.0004625122517784973	1.07401228	60.52979279	1.04841801	0.1608863783056772	0.0118383	0.00028
0.004	-0.2227	0.1999	-0.0009529497715889039	-0.001780235837034216	-0.0004014257279586958	0.95260096	53.68722534	0.96077989	0.08209557428756425	0.013691	0.00036
0.0149	-0.0734	0.208	-0.000752236907609556	-0.001954768762233649	-0.00029321531433504735	1.02621996	57.83628845	0.99915039	0.19247281014012144	0.00962937	0.00019
0.0078	0.1252	0.2253	-0.0006475171524898963	-0.00204378055408536	-0.0005026548245743669	1.12573588	63.44486237	1.05937315	0.24315855286053448	0.011304	0.00022
0.003	0.1405	0.2531	-0.0008168140899333463	-0.002181661564992912	-0.00043458698374658803	0.97340339	54.85961914	0.97027708	0.06666228945893904	0.0130317	0.00066
0.0083	-0.0344	0.2353	-0.0010367255756846318	-0.0016982053621904826	-0.0003193952531149623	1.0812906	60.939991	1.03252309	0.238927970959267	0.0100144	0.0003
0.0175	-0.1001	0.2332	-0.0009634217471008699	-0.0014538592669112763	-0.00016231562043547262	0.96669918	54.48178101	0.95923031	0.10073647782712288	0.00972629	0.00015
0.0259	-0.082	0.2505	-0.0008604473212332044	-0.0013491395117916165	-4.537856055185256e-05	0.94241381	53.11309052	0.94815716	0.060031562043547274	0.00907063	0.00014
0.0267	0.0767	0.2873	-0.0009721483933608416	-0.0016493361431346415	1.7453292519943296e-05	1.05100679	59.23323822	1.01228925	0.22003647782712288	0.00928938	8e-05
0.0209	0.1146	0.3019	-0.001158898623324235	-0.0016493361431346415	2.6179938779914945e-05	0.93184906	52.51767731	0.94564481	0.06807384381116824	0.0104865	0.0001
0.0225	-0.0703	0.2705	-0.0010559241974565693	-0.0014451326206513049	2.094395102393195e-05	1.07472003	60.56967926	1.02708377	0.23352069680534923	0.0086512	7e-05
0.0203	-0.1116	0.2508	-0.0008918632477691023	-0.0013596114873035826	-7.67944870877505e-05	0.93174177	52.51163101	0.94236699	0.0805660260573436	0.00911909	7e-05
0.0198	-0.0901	0.2393	-0.0006684611035138282	-0.0013316862192716734	-6.632251157578452e-05	0.92939758	52.3795166	0.93747799	0.046589969389957485	0.00845242	4e-05
0.02	0.0321	0.2611	-0.0007801621756414653	-0.0014276793281313615	1.7453292519943294e-06	1.00932813	56.88428879	0.9850548	0.1579881010907552	0.0082289	8e-05
0.0181	0.1282	0.2967	-0.0011850785621041497	-0.0015463617172669759	5.235987755982989e-05	0.99021107	55.80687714	0.98082142	0.16231066619530676	0.0104622	0.00011
0.0169	-0.0345	0.2604	-0.001064650843716541	-0.0014067353771074296	-2.792526803190927e-05	1.0402689	58.6280632	1.00089924	0.21721696020694467	0.00832456	4e-05
0.0156	-0.1318	0.2417	-0.0009180431865490173	-0.0012932889757277981	-0.00013962634015954637	0.97460127	54.92713165	0.96601544	0.13588775653373963	0.00922513	8e-05
0.0173	-0.0621	0.2474	-0.0008464846872172499	-0.0012479104151759456	-0.0001675516081914556	0.96049172	54.13193512	0.95467872	0.08434311639577646	0.00814885	4e-05
0.0177	0.1044	0.2917	-0.0010663961729685354	-0.0014311699866353504	-6.283185307179586e-05	1.07487059	60.57816315	1.02547873	0.23659454061651755	0.00980628	7e-05
0.0151	0.0448	0.2693	-0.0010663961729685354	-0.001424188669627373	-0.0001308996938995747	0.96281278	54.26274872	0.95960587	0.08835245789178783	0.00857091	7e-05
0.018	-0.1427	0.2422	-0.0009861110273767962	-0.0012356931104119853	-0.00017802358370342162	1.08335984	61.05660629	1.03341022	0.23329522973054864	0.00930977	4e-05
0.0189	-0.0297	0.2596	-0.0009250245035569946	-0.0013107422682477415	-0.00015533430342749534	0.97865117	55.15537643	0.96375754	0.13924124809657415	0.0079537	4e-05
0.0153	0.1369	0.2935	-0.0011274826967883368	-0.0015079644737231008	-7.67944870877505e-05	1.07886219	60.80312347	1.02963101	0.22801101075232233	0.010483	7e-05
0.0136	-0.0037	0.2465	-0.0010506882097005862	-0.0012199851471440364	-0.00014660765716752367	1.05015993	59.18550873	1.01280905	0.2110293491873294	0.00827277	5e-05
0.0152	-0.1786	0.2133	-0.0007086036763096977	-0.0008517206749732328	-5.585053606381854e-05	1.07805359	60.7575531	1.03163253	0.24975530633326984	0.0105127	0.0001
0.019	0.0254	0.2589	-0.000890117918517108	-0.0011152653920243766	6.283185307179586e-05	1.14311457	64.42430115	1.06600514	0.28158706741970846	0.00790209	4e-05
0.0254	0.1623	0.2433	-0.0012060225131280816	-0.0010611601852125523	0.00019896753472735358	1.04508758	58.89963913	1.02370606	0.18420727415391777	0.010719	0.00019
0.021	0.1669	0.2744	-0.0006911503837897545	-0.0013526301702956054	0.0002844886680750757	0.99094999	55.84852219	0.98905455	0.08469316238845509	0.0131232	0.00038
0.0151	-0.1694	0.2607	-0.0006597344572538566	-0.0012845623294678264	0.00017453292519943296	1.34636009	75.87892151	1.2098002	0.366371975511966	0.0115941	0.0002
0.0134	-0.2845	0.2687	-0.0012164944886400475	-0.0014608405839192536	0.00015707963267948963	0.98352122	55.42984772	0.98127812	0.16232457891787805	0.0157607	0.00049
0.0009	-0.2721	0.2499	-0.0013159782560037243	-0.0013072516097437528	-8.901179185171081e-05	0.95846206	54.01754761	0.96459609	0.06865820830351885	0.0149667	0.0003
0.0101	-0.1625	0.2335	-0.0011833332328521555	-0.001165879940332212	-0.0002583087292951608	1.00818217	56.81969833	0.98832949	0.15736568150032795	0.0109923	0.00014
0.0123	0.0548	0.2549	-0.0010454522219446034	-0.0014608405839192536	-0.00017627825445142725	1.14764166	64.67943573	1.06646037	0.2666436064669164	0.0088653	9e-05
0.0114	0.1682	0.2685	-0.0010053096491487337	-0.0014660765716752368	-0.00010821041362364843	0.99047118	55.82153702	0.97638055	0.1335723200689816	0.0103903	0.0001
0.0115	0.1014	0.2461	-0.0009407324668249436	-0.001181587903600161	-0.0001291543646475804	0.93492502	52.69103241	0.94240045	0.10780049007113988	0.00858027	4e-05
0.0134	0.0463	0.2468	-0.0009040805525330626	-0.0009773843811168245	-0.0001256637061435917	0.93688554	52.80152512	0.94383954	0.0699173047639603	0.00776368	3e-05
0.0154	0.0387	0.2506	-0.0008848819307611251	-0.0009302604913129776	-5.759586531581287e-05	0.92389625	52.06946945	0.9361106	0.02011951762017816	0.00770342	4e-05
0.0197	0.0786	0.2789	-0.0010559241974565693	-0.0010995574287564276	3.839724354387525e-05	0.9462924	53.33168411	0.94760717	0.0943166156499291	0.00851905	2e-05
0.0217	0.0469	0.287	-0.0011379546723003027	-0.0011274826967883368	4.18879020478639e-05	0.9377417	52.84977722	0.94133635	0.04747232006898157	0.0085662	0.00011
0.0176	-0.1394	0.2521	-0.0009459684545809266	-0.0009075712110370514	-6.9813170079773176e-06	1.07165968	60.39720154	1.02196274	0.24833834612632513	0.00920659	9e-05
0.0139	-0.1779	0.25	-0.0009285151620609833	-0.0008237954069413235	-4.71238898038469e-05	0.92570829	52.17159271	0.93455139	0.05136858347057703	0.010469	8e-05
0.0133	-0.0775	0.2547	-0.0009616764178488756	-0.0009093165402890458	-7.155849933176751e-05	0.96097988	54.15944672	0.95438631	0.11285584993317672	0.00804919	1e-05
0.007	0.0131	0.2634	-0.0009808750396208131	-0.0009372418083209549	-0.0001064650843716541	0.96993411	54.66409683	0.95992341	0.10970152374218672	0.00823182	0.00012
0.0055	-0.064	0.2441	-0.0009145525280450286	-0.0007749261878854823	-0.00018500490071139895	0.95125329	53.6112709	0.95139165	0.11325889741755012	0.00834036	6e-05
0.0088	-0.0596	0.2478	-0.0009197885158010115	-0.0006440264939859076	-9.948376736367679e-05	0.92779493	52.2891922	0.93305791	0.022482840750163973	0.00845999	8e-05
0.0171	0.0991	0.2792	-0.0009564404300928925	-0.0008237954069413235	4.363323129985824e-05	1.05961716	59.71850586	1.0120009	0.2163768912955416	0.00914627	9e-05
0.0182	0.1681	0.2917	-0.0011117747335203881	-0.000900589894029074	9.250245035569947e-05	0.97032028	54.68585968	0.96786869	0.09664990047855439	0.0107711	9e-05
0.0179	-0.0522	0.2451	-0.0009023352232810684	-0.000582939970166106	-1.0471975511965975e-05	1.14176953	64.34849548	1.06750113	0.2987031929984977	0.00840294	8e-05
0.0179	-0.0865	0.2457	-0.0008517206749732328	-0.0003612831551628262	-8.028514559173915e-05	0.93201727	52.52715683	0.94266077	0.0520042266695444	0.00871277	9e-05
0.0198	0.0543	0.2715	-0.000900589894029074	-0.0005532693728822024	-8.37758040957278e-05	1.03162384	58.14084244	0.99703553	0.18071730476396028	0.00859517	9e-05
0.017	0.0805	0.2736	-0.001054178868204575	-0.0006370451769779302	-5.235987755982989e-05	0.94656378	53.34697723	0.95181029	0.04453903524035633	0.00925362	4e-05
0.0179	-0.1296	0.233	-0.0009424777960769379	-0.000460766922526503	-8.203047484373349e-05	1.13242328	63.82175064	1.06071415	0.26748249619314846	0.00895244	9e-05
0.0227	-0.1758	0.2291	-0.000853466004225227	-0.0002670353755551324	-0.00010995574287564276	0.93624192	52.76525116	0.94451082	0.07043343034274957	0.00996292	0.00011
0.0182	-0.0955	0.2315	-0.0007208209810736582	-0.00026878070480712676	-0.00020420352248333657	0.94779491	53.41636276	0.94870495	0.09863190660056288	0.00782895	4e-05
0.017	0.0803	0.2544	-0.0008325220532012951	-0.0004747295565424576	-0.00018500490071139895	1.04728997	59.02375793	1.01082094	0.21674242728174528	0.00762892	4e-05
0.0125	-0.0175	0.229	-0.0006597344572538566	-0.00028274333882308137	-0.00023911010752322313	0.98597997	55.5684166	0.96969806	0.1486439510239319	0.00751275	4e-05
0.016	-0.0418	0.2223	-0.0006667157742618339	-9.250245035569947e-05	-0.0002495820830351891	0.92407578	52.07958603	0.93614265	0.044884709049366256	0.00702828	6e-05
0.0246	0.0642	0.2588	-0.0007888888219014368	-0.00021642082724729686	-9.948376736367679e-05	1.00031722	56.37644577	0.97804153	0.17090948701013559	0.00766987	2e-05
0.0258	0.186	0.2791	-0.001085594794740473	-0.0005323254218582705	-0.00013439035240356338	1.01772928	57.3577652	0.99805038	0.17567585762449484	0.0105079	0.0001
0.0229	-0.0213	0.254	-0.0011257373675363424	-0.000307177948351002	-0.00021467549799530252	1.11868596	63.04753876	1.05162184	0.25257875959474385	0.0072158	4e-05
0.0216	-0.1176	0.2409	-0.0008412486994612669	-0.0001832595714594046	-0.0002495820830351891	0.96066725	54.14183044	0.95824579	0.13286568150032796	0.00814211	2e-05
0.0194	-0.0554	0.2485	-0.0007016223593017205	-0.00012740903539558605	-0.00029321531433504735	0.94667262	53.35311127	0.94550345	0.08395550537616116	0.00740659	4e-05
0.0191	0.0945	0.2874	-0.0009773843811168245	-0.0003822271061867582	-0.0002722713633111154	1.04569578	58.933918	1.01320977	0.2166762021815104	0.00871551	7e-05
0.0107	-0.047	0.2558	-0.0009651670763528643	-0.0002548180707911721	-0.00042760566673861073	1.02527368	57.78295135	0.99286854	0.196248032179352	0.00752455	4e-05
0.009	-0.1581	0.2393	-0.000900589894029074	-0.00020594885173533088	-0.0005009094953223725	0.97815466	55.12739563	0.96768896	0.13863751149816964	0.00937748	5e-05
0.0105	-0.0794	0.244	-0.0009791297103688187	-0.0001256637061435917	-0.0005166174585903216	0.94721329	53.38358307	0.9471903	0.09362664625997162	0.00787979	3e-05
0.0139	0.055	0.2586	-0.0010681415022205296	-0.00024260076602721178	-0.0004729842272904633	1.01043653	56.94675446	0.98719109	0.16487910415175944	0.00751716	2e-05
0.0126	0.1359	0.2687	-0.0012060225131280816	-0.00029496064358704166	-0.00042411500823462205	0.96065956	54.14139557	0.95967857	0.10425550537616116	0.00909567	4e-05
0.0103	-0.0736	0.2397	-0.0010768681484805013	-0.00011693705988362007	-0.000486946861306418	1.09820759	61.8934021	1.04151006	0.2593004900711399	0.00786918	5e-05
0.0108	-0.1003	0.2434	-0.0009599310885968812	-4.363323129985824e-05	-0.0005096361415823442	0.92903477	52.35906601	0.93798898	0.04154650843716542	0.0084973	4e-05
0.0183	0.0447	0.2741	-0.001043706892692609	-0.0001239183768915974	-0.00037350045992678646	1.0400753	58.61715317	1.00078387	0.1982098315671512	0.00783765	2e-05
0.0167	0.1317	0.2997	-0.0012531464029319286	-0.0002251474735072685	-0.0003769911184307752	0.9812519	55.30194855	0.96787714	0.129907963267949	0.0099737	9e-05
0.0175	-0.0852	0.2519	-0.0009599310885968812	-0.0001186823891356144	-0.0004520402762665313	1.13378608	63.89855576	1.0583404	0.28923647782712286	0.00824994	4e-05
0.0144	-0.1466	0.2495	-0.0010157816246606998	-0.0001012290966156711	-0.0005375614096142535	0.93141252	52.49307251	0.9384573	0.07484124809657422	0.00911492	4e-05
0.0147	-0.0212	0.2775	-0.0011135200627723821	-0.00019896753472735358	-0.0004991641660703782	0.99510151	56.08249283	0.97370135	0.16539370598836203	0.00763959	6e-05
0.0079	0.1172	0.299	-0.0013439035240356337	-0.000307177948351002	-0.0005096361415823442	1.00874817	56.85160065	0.98976582	0.18415329251994325	0.00916147	7e-05
0.0088	-0.0817	0.2567	-0.0010943214410004448	-0.0001256637061435917	-0.0005550147021341969	1.09024441	61.4446106	1.03474513	0.26592374428972254	0.00788349	6e-05
0.0098	-0.0936	0.2514	-0.0010053096491487337	-5.4105206811824215e-05	-0.0005288347633542819	0.92306674	52.02271652	0.93604669	0.027537511498169655	0.00818521	4e-05
0.0098	0.0953	0.2814	-0.0011187560505283654	-0.00016929693744344995	-0.00046949356878647465	1.08737504	61.28289795	1.03141007	0.2332989663289532	0.00868702	7e-05
0.0072	0.0821	0.2833	-0.0013473941825396225	-0.0001658062789394613	-0.0004747295565424576	0.95108289	53.60166931	0.94961151	0.02956823891356144	0.00901127	0.00011
0.0063	-0.0969	0.2509	-0.001129228026040331	-3.490658503988659e-05	-0.0005916666164260777	1.07811105	60.76079178	1.02696599	0.2356001455141243	0.00843024	6e-05
0.0049	-0.0881	0.2473	-0.0010157816246606998	-2.792526803190927e-05	-0.0006667157742618339	0.91935229	51.81337738	0.92897503	0.023573843811168255	0.00829905	6e-05
0.0055	0.0218	0.2766	-0.0010524335389525807	-0.00018151424220741024	-0.000635299847725936	0.98207098	55.34811401	0.96475926	0.15088284075016403	0.00786996	6e-05
0.0038	0.1181	0.301	-0.0011536626355682519	-0.00027750735106709843	-0.000593411945678072	0.98202503	55.34552383	0.96648671	0.13435550537616114	0.00973797	7e-05
0.0027	-0.0536	0.2729	-0.001022762941668677	-0.00022340214425527416	-0.0006806784082777885	1.05636942	59.53546524	1.01407076	0.21451356816555575	0.00832283	6e-05
0.0038	-0.0869	0.2658	-0.0009686577348568529	-0.00023561944901923448	-0.0006824237375297829	0.93079835	52.45846176	0.93934699	0.04490339204138894	0.00844747	4e-05
0.0084	-0.0159	0.2886	-0.001054178868204575	-0.00028274333882308137	-0.0005811946409141118	0.96729499	54.51535797	0.95730579	0.11009370598836205	0.00828105	4e-05
0.0087	0.1339	0.3357	-0.0014660765716752368	-0.0003700098014227979	-0.0005567600313861911	1.06144881	59.82173157	1.02354123	0.22337993877991488	0.0110958	6e-05
0.0069	-0.025	0.301	-0.0014189526818713899	-0.00027750735106709843	-0.000609119908946021	1.04671848	58.99155045	1.00372059	0.2049993108859688	0.008569	2e-05
0.0088	-0.1658	0.2742	-0.0011274826967883368	-0.00020769418098732522	-0.000635299847725936	0.99896348	56.30014801	0.98098947	0.18887315469713709	0.0102005	8e-05
0.0073	-0.071	0.2842	-0.0010681415022205296	-0.0002530727415391778	-0.0006702064327658224	0.97260821	54.81480408	0.96176366	0.11328131700797732	0.00852478	4e-05
0.0079	0.0953	0.3154	-0.0011362093430483087	-0.000296705972839036	-0.000598647933434055	1.0564661	59.54091263	1.01625509	0.20726297857297024	0.00952601	4e-05
0.004	0.0393	0.3069	-0.0011763519158441782	-0.00024609142453120044	-0.0006161012259539982	0.95183122	53.6438446	0.9510305	0.07381052068118242	0.00874496	4e-05
0.0068	-0.1027	0.2841	-0.0011746065865921838	-0.0001239183768915974	-0.0007033676885537148	1.024809	57.75676727	0.99556547	0.1781592419745657	0.00861597	4e-05
0.0069	-0.0867	0.288	-0.0011746065865921838	-0.00015184364492350666	-0.0007417649320975902	0.92301106	52.01958084	0.93336823	0.023316125578789197	0.00856364	5e-05
0.0101	0.0427	0.3018	-0.0011431906600562858	-0.00027750735106709843	-0.000736528944341607	0.98952973	55.76847839	0.9696928	0.1545157810217737	0.00798506	3e-05
0.01	0.1305	0.3153	-0.0011990411961201044	-0.00035430183815484887	-0.0006370451769779302	0.96625024	54.45647812	0.95825207	0.11300643952576232	0.00987846	3e-05
0.0047	-0.0298	0.294	-0.0011641346110802177	-0.0002740166925631097	-0.0007627088831215222	1.03973198	58.59780121	1.00294459	0.1989427718387609	0.0082491	6e-05
0.012	-0.1242	0.3002	-0.0011903145498601325	-0.00016406094968746698	-0.0006702064327658224	0.97161758	54.75897217	0.96472569	0.11933190660056292	0.00967109	5e-05
0.0132	0.0235	0.3262	-0.0012112585008840647	-0.0003298672286269283	-0.00062482787221397	1.03388131	58.26806641	0.99660763	0.1865064395257623	0.00889385	2e-05
0.0074	0.0998	0.3447	-0.0013857914260834976	-0.00039269908169872416	-0.0006510078109938849	0.94581133	53.30456924	0.94868717	0.1137772358525572	0.0101603	4e-05
0.0097	-0.033	0.3092	-0.0012426744274199627	-0.00032637657012293966	-0.0006876597252857658	1.00346088	56.55361938	0.97811811	0.18290457122656004	0.00839335	7e-05
0.0088	-0.1299	0.2883	-0.0010070549784007281	-0.00022340214425527416	-0.0007295476273336296	0.95395201	53.7633667	0.95565589	0.13772408884673815	0.00923485	8e-05
0.0088	-0.0652	0.2925	-0.0009093165402890458	-0.00023212879051524583	-0.0007435102613495844	0.94602674	53.31671143	0.94680677	0.07492138591938041	0.00851142	4e-05
0.0059	0.1024	0.3203	-0.0012130038301360591	-0.00030194196059501896	-0.0007539822368615504	1.05500472	59.45855331	1.01434609	0.2174986217719376	0.00939244	4e-05
0.0023	0.0469	0.3136	-0.0012758356832078548	-0.00022863813201125715	-0.0008185594191853405	0.94184732	53.08116531	0.94325705	0.07583564319896736	0.0090676	4e-05
0.0022	-0.1148	0.2802	-0.0011362093430483087	-0.0002024581932313422	-0.0008272860654453122	1.04891849	59.11553955	1.008073	0.2039266462599716	0.0087983	4e-05
0.0031	-0.0911	0.2756	-0.0010210176124166828	-0.00017802358370342162	-0.0007853981633974483	0.92683125	52.23487854	0.93283754	0.038275712110370515	0.00836259	7e-05
0.0033	0.0446	0.2857	-0.0008988445647770796	-0.00019024088846738194	-0.0007120943348136865	0.99755687	56.22087479	0.97194061	0.15638470904936624	0.00776368	2e-05
0.0112	0.0766	0.2905	-0.0008482300164692441	-0.00017802358370342162	-0.0006422811647339132	0.94690222	53.36605072	0.94606429	0.05133225115757843	0.00874496	5e-05
0.014	-0.0604	0.2819	-0.0009546951008408983	-7.504915783575618e-05	-0.0006300638599699529	1.02275145	57.64080429	0.99177495	0.159482840750164	0.00822204	4e-05
0.0143	-0.0666	0.2809	-0.0007906341511534313	-1.5707963267948964e-05	-0.0006422811647339132	0.93583971	52.74258423	0.93882688	0.019280972450961734	0.00816077	9e-05
0.0147	0.0132	0.3006	-0.0009023352232810684	-0.00012740903539558605	-0.000598647933434055	0.9704271	54.69187927	0.95729107	0.11325176877775663	0.00824958	4e-05
0.0145	0.119	0.3295	-0.001117010721276371	-0.00019198621771937622	-0.000577703982410123	0.985726	55.55410385	0.96993234	0.14990983156715124	0.0103716	6e-05
0.0144	-0.0626	0.2982	-0.000895353906273091	-3.316125578789226e-05	-0.0005654866776461627	1.07798314	60.753582	1.02655439	0.23263495408493615	0.00887913	6e-05
0.0146	-0.0963	0.2966	-0.0007627088831215222	2.96705972839036e-05	-0.0006475171524898963	0.93392831	52.63486099	0.93914155	0.04937536755335495	0.00915289	4e-05
0.0176	0.0183	0.3178	-0.0008604473212332044	-0.00011344640137963142	-0.0005235987755982988	0.99470216	56.05998611	0.9742181	0.15703869068334078	0.00886381	5e-05
0.0178	0.0576	0.3205	-0.0009843656981248017	-0.00017627825445142725	-0.0005532693728822024	0.9425602	53.12134171	0.9460868	0.05302104136236482	0.00909197	7e-05
0.0163	-0.1064	0.2912	-0.0008779006137531476	-0.00011170107212763708	-0.0006213372137099814	1.03947234	58.58316803	1.00261957	0.20675550537616116	0.00870216	6e-05
0.0159	-0.0852	0.2938	-0.0007487462491055673	1.7453292519943294e-06	-0.000752236907609556	0.90814048	51.18149567	0.92317423	0.042875022996339295	0.00845331	3e-05
0.0191	0.0314	0.3243	-0.000926769832808989	-5.061454830783555e-05	-0.0006544984694978735	1.00677705	56.74051285	0.98091233	0.16670609496874667	0.00921106	4e-05
0.0158	0.1247	0.3494	-0.0012374384396639797	-0.0001012290966156711	-0.0006213372137099814	0.99147427	55.87806702	0.97589748	0.14142222054753595	0.0111006	8e-05
0.0147	-0.0387	0.3148	-0.001090830782496456	8.726646259971648e-06	-0.0006544984694978735	1.04905665	59.12332535	1.0070517	0.2135862327915529	0.00884038	9e-05
0.0121	-0.087	0.3001	-0.0009250245035569946	2.96705972839036e-05	-0.0006824237375297829	0.944107	53.20851517	0.94389337	0.07633377489976519	0.00885361	2e-05
0.0154	-0.0502	0.2993	-0.0007923794804054256	1.7453292519943296e-05	-0.0006213372137099814	0.92398602	52.07452774	0.93195488	0.051197442586766506	0.00825435	6e-05
0.0188	0.0702	0.318	-0.0007330382858376184	-6.9813170079773176e-06	-0.0005218534463463045	1.00651455	56.72571945	0.97464739	0.15166297857297023	0.00942498	0.0001
0.0211	0.0488	0.3244	-0.0008325220532012951	0.00010821041362364843	-0.00047822021504644627	0.95005649	53.54382324	0.94760632	0.04301543646475804	0.00927579	3e-05
0.0215	-0.0887	0.3058	-0.000710349005561692	0.00020769418098732522	-0.0004886921905584122	1.02007675	57.49006271	0.9902231	0.16810643952576232	0.00929224	7e-05
0.0228	-0.0732	0.3076	-0.0006562437987498679	0.00017627825445142725	-0.0005061454830783556	0.93542975	52.71947861	0.93722346	0.02374872129338324	0.00909376	8e-05
0.0273	0.0473	0.3371	-0.0008080874436733745	2.96705972839036e-05	-0.00039793506945470715	1.00127637	56.43050003	0.97790426	0.17483308578573395	0.0094555	8e-05
0.0262	0.1221	0.364	-0.0010960667702524388	1.3962634015954635e-05	-0.00037524578917878077	0.96303874	54.27548218	0.95897028	0.11911882850614695	0.0116395	7e-05
0.0209	-0.0382	0.338	-0.0010419615634406148	0.00015184364492350666	-0.0004939281783143952	1.04190373	58.7202034	1.00781654	0.20713343034274947	0.00962007	3e-05
0.0168	-0.1092	0.3207	-0.0009250245035569946	0.0002129301687433082	-0.0006283185307179585	0.95024031	53.55418015	0.95242072	0.1080206968053493	0.00968647	6e-05
0.0113	-0.0827	0.2912	-0.0005567600313861911	0.0002495820830351891	-0.0006562437987498679	0.9481836	53.43826675	0.94836366	0.08314208272472966	0.00860029	5e-05
0.0093	0.0216	0.3203	-0.0006544984694978735	0.00024260076602721178	-0.0005707226654021458	1.00529933	56.65722656	0.98235062	0.14491204442336908	0.00884312	3e-05
0.0085	0.1001	0.3395	-0.0008813912722571365	0.00022340214425527416	-0.0005951572749300663	0.9638781	54.32278824	0.9618555	0.11202630170295608	0.0104055	6e-05
0.0095	-0.0602	0.3031	-0.0006824237375297829	0.00042236967898262774	-0.0005759586531581287	1.04382277	58.8283577	1.00729473	0.21855668456133223	0.00890273	0.00011
0.0113	-0.0562	0.2963	-0.0005427973973702365	0.0005113814708343385	-0.000577703982410123	0.96644199	54.46728516	0.95550391	0.02411917306316255	0.00922948	7e-05
0.0139	0.0483	0.3311	-0.0007225663103256524	0.0003054326190990077	-0.0005044001538263612	1.02437341	57.7322197	0.98807555	0.16485107966372545	0.0099082	7e-05
0.0113	0.1405	0.3683	-0.001048942880448592	0.0002129301687433082	-0.0005637413483941684	0.98665667	55.60655594	0.97355722	0.1559110107523223	0.0121793	7e-05
0.0123	-0.0348	0.3234	-0.0007871434926494425	0.0003961897402027128	-0.0005654866776461627	1.0839566	61.09023666	1.02737191	0.24354021442552745	0.00983948	0.0001
0.009	-0.1315	0.2988	-0.0005794493116621174	0.0005201081170943102	-0.0006597344572538566	0.97987771	55.22450256	0.96538365	0.14589301687433084	0.0102886	4e-05
0.0109	-0.0692	0.3147	-0.0006126105674500097	0.0004939281783143952	-0.0006265732014659643	0.96864665	54.59153748	0.95929392	0.08472512251778494	0.00990927	7e-05
0.0116	0.0983	0.3541	-0.0009389871375729493	0.0003351032163829112	-0.000577703982410123	1.06824183	60.2045784	1.02304828	0.23430353755551328	0.0113689	3e-05
0.0128	0.0254	0.3424	-0.0009808750396208131	0.00040840704496667313	-0.000582939970166106	0.95911682	54.05444717	0.95736846	0.0918213859193805	0.0103192	0.0001
0.0141	-0.1428	0.3008	-0.0006894050545377602	0.0005270894341022875	-0.0006038839211900379	1.05485332	59.45002365	1.01725201	0.23265481626212997	0.0104697	6e-05
0.0138	-0.0435	0.3082	-0.0006736970912698113	0.0005026548245743669	-0.0006003932626860494	0.9564001	53.90133667	0.95187915	0.10918166156499289	0.00925303	4e-05
0.0139	0.1291	0.3523	-0.0007609635538695277	0.0003106686068549907	-0.0005026548245743669	1.08237171	61.00091553	1.0300229	0.23564955592153877	0.0125016	0.00011
0.0094	0.0594	0.3411	-0.000879645943005142	0.0003961897402027128	-0.0005724679946541401	0.96895665	54.60900879	0.96329131	0.09910083462815544	0.0113539	6e-05
0.0085	-0.1476	0.3028	-0.0006736970912698113	0.0005689773361501514	-0.0005864306286700947	1.11503255	62.84163666	1.05476161	0.26583495408493624	0.0113955	8e-05
0.0096	-0.0263	0.3224	-0.0006073745796940267	0.0004537856055185257	-0.0005515240436302081	0.99847507	56.27262497	0.97426016	0.15282104136236488	0.0103669	7e-05
0.0072	0.1345	0.3587	-0.0009197885158010115	0.0003193952531149623	-0.0006108652381980154	1.04508638	58.89957047	1.01146441	0.22480727415391777	0.0130261	0.00014
0.0004	-0.0124	0.3403	-0.0009791297103688187	0.0003944444109507184	-0.0006911503837897545	1.01524246	57.21760941	0.98374354	0.18283377489976516	0.0108227	6e-05
0.0009	-0.1337	0.3059	-0.0007766715171374765	0.0004380776422505767	-0.0007504915783575615	0.98819894	55.69347382	0.97360438	0.17147163095495038	0.0109783	6e-05
0.0033	-0.0631	0.315	-0.0006894050545377602	0.0005113814708343385	-0.0006911503837897545	0.93838829	52.88621902	0.94276302	0.09309557428756425	0.0101156	6e-05
0.0054	0.1065	0.3534	-0.0008813912722571365	0.00038571776469074686	-0.0006126105674500097	1.0628618	59.90136719	1.01875339	0.22990948701013564	0.0119256	0.0001
0.0045	0.0466	0.3462	-0.0009424777960769379	0.00047123889803846896	-0.000598647933434055	0.96293646	54.26971817	0.96005732	0.0760285145591739	0.0109793	6e-05
0.0072	-0.1272	0.3073	-0.0007295476273336296	0.0005497787143782138	-0.0005811946409141118	1.06146276	59.8225174	1.02076407	0.23084616388014984	0.0104267	7e-05
0.0067	-0.0937	0.304	-0.0006754424205218055	0.0005375614096142535	-0.000619591884457987	0.94690788	53.36637115	0.94534035	0.04253598775598301	0.0095492	7e-05
0.0035	0.0796	0.3395	-0.0009180431865490173	0.000450294947014537	-0.0006771877497737998	1.0713495	60.3797226	1.0214219	0.23137315469713707	0.0101321	6e-05
0.0012	0.1004	0.3498	-0.0010035643198967395	0.00047822021504644627	-0.000635299847725936	0.94551849	53.28806686	0.95087872	0.041166715171374726	0.0116591	0.00017
0.0018	-0.0982	0.3149	-0.0008220500776893293	0.0005009094953223725	-0.0006702064327658224	1.10889435	62.49569702	1.05171074	0.24605550537616117	0.00970143	2e-05
0.0037	-0.105	0.3048	-0.0007225663103256524	0.0005497787143782138	-0.0006510078109938849	0.9319393	52.5227623	0.93652306	0.027177580409572775	0.00961095	9e-05
0.0022	0.0555	0.3405	-0.0009529497715889039	0.00041015237421866745	-0.0006370451769779302	1.06705689	60.13779449	1.01685809	0.21689862177193767	0.0102133	6e-05
-0.0009	0.084	0.3544	-0.0011449359893082802	0.00045553093477052	-0.0006806784082777885	0.94503385	53.26075363	0.94730604	0.05954990047855432	0.0110368	4e-05
0.0	-0.1112	0.3198	-0.0010157816246606998	0.0005288347633542819	-0.0007190756518216638	1.08290231	61.03082275	1.033085	0.2427427718387609	0.0105925	6e-05
0.0035	-0.12	0.3069	-0.0008185594191853405	0.0005864306286700947	-0.0006894050545377602	0.91342825	51.47950745	0.93021039	0.03942443340375376	0.0106681	7e-05
0.0053	-0.0312	0.315	-0.0008552113334772215	0.0005637413483941684	-0.0006824237375297829	0.95275325	53.69580841	0.95326873	0.1020161255787892	0.0100668	8e-05
0.0053	0.116	0.3329	-0.0009442231253289323	0.0004415683007545654	-0.0006684611035138282	1.01600587	57.26063538	0.996069	0.1763573736753634	0.0114818	0.0001
0.0001	0.0099	0.3181	-0.0010070549784007281	0.0005811946409141118	-0.0007225663103256524	0.99503666	56.07883835	0.9779638	0.13892817000215832	0.0107588	0.0001
0.0025	-0.1358	0.2856	-0.0008185594191853405	0.0006283185307179585	-0.0007120943348136865	1.02851033	57.96536636	1.00004793	0.19290457122656	0.0109909	0.0001
0.0061	-0.0513	0.3059	-0.000804596785169386	0.0005480333851262194	-0.0005846852994181004	0.99050069	55.82320023	0.96845338	0.119482840750164	0.00964397	4e-05
0.01	0.096	0.3451	-0.0009040805525330626	0.0005881759579220891	-0.00048520153205442357	1.04681194	58.99681854	1.00487218	0.20235550537616115	0.0115486	7e-05
0.0062	0.0633	0.344	-0.0010088003076527223	0.00048171087355043494	-0.0005462880558742252	0.93385649	52.6308136	0.94118269	0.05121356816555583	0.0112601	8e-05
0.0056	-0.0583	0.3256	-0.0009861110273767962	0.0003577924966588376	-0.0006073745796940267	0.98193586	55.34049606	0.96883822	0.1509847090493662	0.0100157	7e-05
0.0068	-0.1129	0.3131	-0.0009197885158010115	0.00034208453339088857	-0.0006754424205218055	0.94087476	53.02635193	0.9449184	0.07580491578357564	0.0102997	7e-05
0.0096	-0.0803	0.3013	-0.0006911503837897545	0.0003944444109507184	-0.0006230825429619757	0.93726331	52.82281494	0.94141502	0.06386789435654582	0.00961578	8e-05
0.0146	0.0414	0.3248	-0.0007557275661135446	0.0003769911184307752	-0.0004747295565424576	1.00856161	56.84108734	0.98507539	0.16171917306316255	0.0100963	6e-05
0.0148	0.1314	0.3541	-0.0011013027580084218	0.00037350045992678646	-0.000460766922526503	0.96499932	54.3859787	0.96386973	0.13765142422074111	0.0121883	7e-05
0.0138	-0.0023	0.3188	-0.001054178868204575	0.0004747295565424576	-0.0005131268000863328	1.00266993	56.50904083	0.97951651	0.18003564319896742	0.00961959	4e-05
0.015	-0.1159	0.2987	-0.0008325220532012951	0.000577703982410123	-0.0005323254218582705	0.97225821	54.79507828	0.96428454	0.15209149313214412	0.0101349	6e-05
0.0147	-0.0597	0.3094	-0.0006859143960337716	0.0005340707511102648	-0.0005113814708343385	0.9611643	54.16984177	0.95309547	0.07775924197456566	0.00972629	0.0001
0.0168	0.1014	0.3699	-0.0010786134777324957	0.00041538836197465044	-0.0004485496177625427	1.11751246	62.98140335	1.04739709	0.2524106661953067	0.0130146	0.0003
0.0133	0.1014	0.3723	-0.0012671090369478833	0.00032812189937493397	-0.0005462880558742252	0.98289579	55.3945961	0.97039031	0.024575022996339343	0.0127742	0.00015
0.0144	-0.1141	0.3303	-0.0009843656981248017	0.0003769911184307752	-0.0005480333851262194	1.13421082	63.9224968	1.06571518	0.2752678943565459	0.0112478	9e-05
0.0138	-0.0767	0.338	-0.0009162978572970229	0.00042760566673861073	-0.0005969026041820607	0.94045997	53.00297546	0.94294292	0.054077580409572806	0.0109338	5e-05
0.0144	0.0845	0.3926	-0.0011222467090323538	0.0003787364476827695	-0.0005532693728822024	1.07611358	60.64821625	1.02644943	0.2313225651045515	0.0129755	0.0001
0.0116	0.1212	0.4077	-0.0013369222070276565	0.00042935099599060504	-0.0005707226654021458	0.9487592	53.47070694	0.95057228	0.06873716694115407	0.0143127	0.00013
0.0123	-0.0672	0.3641	-0.0011257373675363424	0.0005585053606381855	-0.0005654866776461627	1.09294546	61.59683609	1.03919774	0.24997875959474397	0.0115035	9e-05
0.0145	-0.1278	0.3518	-0.0009983283321407565	0.000640535835481919	-0.0005218534463463045	0.9446727	53.24039841	0.94922488	0.08775363707695887	0.0119716	6e-05
0.013	0.0526	0.4018	-0.0012199851471440364	0.0005654866776461627	-0.0005532693728822024	1.0780282	60.75612259	1.02885125	0.24830609496874673	0.0129755	9e-05
0.0073	0.1375	0.4121	-0.0013002702927357754	0.00048171087355043494	-0.0006073745796940267	0.95804685	53.99414825	0.96057593	0.11180830782496456	0.015021	0.00012
0.0056	-0.0576	0.3768	-0.0012025318546240932	0.0005759586531581287	-0.0006318091892219474	1.09819329	61.89260101	1.04153624	0.24292104136236484	0.0122098	6e-05
0.011	-0.1073	0.3548	-0.0009424777960769379	0.0006475171524898963	-0.0006038839211900379	0.93512225	52.70214844	0.94021115	0.09507689129554163	0.011839	0.00011
0.0111	0.0287	0.3876	-0.0010471975511965976	0.0006178465552059926	-0.000577703982410123	1.02936566	58.01357269	0.99334657	0.1769285145591739	0.0129326	0.00012
0.0065	0.1435	0.4178	-0.0013718287920675431	0.0005148721293383271	-0.0006370451769779302	1.0070014	56.75315475	0.98719583	0.17394734306532095	0.0158538	0.00019
0.0087	-0.0354	0.3869	-0.001155407964820246	0.0006178465552059926	-0.000614355896702004	1.06941593	60.27074814	1.02366058	0.22910422666954444	0.0132262	9e-05
0.0109	-0.0833	0.381	-0.0010157816246606998	0.000640535835481919	-0.0006021385919380437	0.93744069	52.83281326	0.94372457	0.06472664625997165	0.0135471	0.00015
0.0112	0.0713	0.4233	-0.0012060225131280816	0.0005654866776461627	-0.0005567600313861911	1.04648006	58.9781189	1.01060513	0.21273343034274955	0.0152976	0.00015
0.0068	0.072	0.4227	-0.0012147491593880533	0.0005724679946541401	-0.0005724679946541401	0.93236387	52.54669189	0.93608681	0.007270796326794885	0.0151805	7e-05
0.0068	-0.0851	0.3965	-0.0011397000015522971	0.0006684611035138282	-0.0006056292504420323	1.03149593	58.13363266	0.99924188	0.1935101761241668	0.0145811	0.00017
0.0107	-0.0679	0.3962	-0.0011239920382843482	0.0006492624817418905	-0.0005881759579220891	0.92041075	51.87303162	0.9316655	0.02401799387799151	0.0143908	0.00015
0.0117	0.0532	0.4252	-0.0012636183784438947	0.0005131268000863328	-0.0005602506898901797	0.99117386	55.86113739	0.97435704	0.16628436449235068	0.0148155	0.00011
0.0109	0.0727	0.4239	-0.0012880529879718153	0.0005567600313861911	-0.0005637413483941684	0.91402978	51.51340866	0.92473721	0.025177924966588407	0.0150238	8e-05
0.0095	-0.084	0.4062	-0.0012025318546240932	0.0006649704450098395	-0.0005637413483941684	1.02615833	57.83280945	0.99729345	0.1854865773485685	0.0147578	0.00014
0.0057	-0.0441	0.4359	-0.001350884841043611	0.0007749261878854823	-0.0005969026041820607	0.94000965	52.97759628	0.94505599	0.08797349925415264	0.0157356	0.00011
0.0058	0.1178	0.4578	-0.001541125729510993	0.0006492624817418905	-0.0006422811647339132	1.04303551	58.78398514	1.00929066	0.20196415775814128	0.017499	0.00019
0.0012	0.0598	0.4484	-0.0015655603390389136	0.0007225663103256524	-0.0007138396640656808	0.93642688	52.77567673	0.94030929	0.08046484687217247	0.0163551	0.00012
0.0053	-0.1188	0.4073	-0.0012845623294678264	0.0007976154681614085	-0.0006771877497737998	1.05854821	59.65826035	1.01866413	0.24343495408493623	0.0150967	9e-05
0.007	-0.095	0.4074	-0.0010943214410004448	0.000804596785169386	-0.0006108652381980154	0.95159745	53.63066864	0.9513086	0.03877723585255716	0.0148014	7e-05
0.0111	0.1078	0.4473	-0.0012217304763960308	0.0007627088831215222	-0.0005497787143782138	1.12157345	63.21026993	1.0562557	0.25831917306316254	0.0171659	0.0002
0.0103	0.0485	0.4476	-0.0012514010736799342	0.0007679448708775049	-0.0005305800926062762	0.95742762	53.95924759	0.95530461	0.06310526034059122	0.0159981	0.00011
0.0117	-0.0799	0.4379	-0.0013281955607676848	0.0007923794804054256	-0.0005044001538263612	0.99829507	56.26247787	0.97942177	0.1458704517697793	0.0150205	0.00013
0.0141	-0.0385	0.4504	-0.0013578661580515882	0.0007661995416255106	-0.00046949356878647465	0.94565666	53.29585266	0.94428297	0.06083785605518525	0.0153891	0.00018
0.0139	0.087	0.4792	-0.0014538592669112763	0.00062482787221397	-0.0004799655442984406	1.01665497	57.29721832	0.98995701	0.16689183768915974	0.0173249	0.00012
0.0159	0.0973	0.4718	-0.0014538592669112763	0.0006265732014659643	-0.00040840704496667313	0.91749227	51.7085495	0.93271081	0.02336519142918811	0.0168494	0.00015
0.0127	-0.0414	0.4441	-0.0012845623294678264	0.0006597344572538566	-0.00047647488579445195	1.01018918	56.93281174	0.98651817	0.18312630170295607	0.0150415	6e-05
0.0111	-0.0621	0.4386	-0.0012217304763960308	0.0006928957130417488	-0.0005689773361501514	0.93016726	52.42289352	0.93565674	0.037224777960769374	0.0147963	0.00011
0.0129	-0.0292	0.4329	-0.0012007865253720988	0.0006527531402458793	-0.0005113814708343385	0.93560421	52.7293129	0.93880508	0.04633411945678069	0.0142827	9e-05
0.0145	0.0912	0.4625	-0.001424188669627373	0.0005427973973702365	-0.00047123889803846896	0.9990865	56.30708313	0.98242343	0.17027502299633934	0.016391	0.00014
0.0117	0.0561	0.4759	-0.0016877333866785165	0.000593411945678072	-0.00048520153205442357	0.92228127	51.97845078	0.93687822	0.06770609496874666	0.0167891	0.00015
0.0108	-0.0798	0.4343	-0.0014364059743913332	0.000598647933434055	-0.0005881759579220891	0.99615562	56.14190292	0.98189094	0.1963768912955416	0.0145996	9e-05
0.0115	-0.0991	0.4269	-0.0012164944886400475	0.0006370451769779302	-0.0005759586531581287	0.90768862	51.15602875	0.92748978	0.04092630170295608	0.0146701	0.00013
0.0113	-0.0304	0.4422	-0.0012130038301360591	0.000598647933434055	-0.0005707226654021458	0.94595557	53.31269836	0.9453415	0.0865561944901923	0.0148341	0.0001
0.0124	0.1154	0.4772	-0.0014311699866353504	0.0005009094953223725	-0.0005340707511102648	1.05436027	59.42223358	1.01156006	0.1995278254451428	0.0178746	0.00025
0.0123	0.118	0.49	-0.0016982053621904826	0.0005026548245743669	-0.0005201081170943102	0.96050042	54.13242722	0.95717811	0.029637166941154022	0.0185854	0.00019
0.0096	-0.0532	0.4494	-0.0014782938764391971	0.0005707226654021458	-0.0005585053606381855	1.05069542	59.21569061	1.01125035	0.23081882850614696	0.0153192	9e-05
0.0091	-0.068	0.435	-0.0012147491593880533	0.0006126105674500097	-0.0005724679946541401	0.92064887	51.88645172	0.9278137	0.04566976265574815	0.0150204	0.00017
0.0094	-0.0088	0.4671	-0.0014433872913993105	0.0005654866776461627	-0.0005951572749300663	0.96583229	54.43292236	0.95755044	0.10652256510455152	0.0163835	0.00015
0.0089	0.1118	0.5067	-0.0016842427281745281	0.0004747295565424576	-0.0005846852994181004	1.00690031	56.7474556	0.98538186	0.17780422666954443	0.0194396	0.00023
0.0065	0.0321	0.4821	-0.0016057029118347831	0.0005270894341022875	-0.0006736970912698113	0.96821618	54.567276	0.96022864	0.11769557428756434	0.0176219	0.00015
0.0083	-0.103	0.451	-0.0013910274138394805	0.0005864306286700947	-0.0006003932626860494	1.01076651	56.9653511	0.98686996	0.18536602605734356	0.0157106	0.00011
0.0096	-0.0611	0.4352	-0.0011780972450961724	0.0006230825429619757	-0.0005864306286700947	0.91524363	51.58181763	0.92713255	0.07217723585255718	0.0142865	0.00013
0.0051	0.0438	0.4746	-0.0013107422682477415	0.0005916666164260777	-0.0005951572749300663	1.00556564	56.6722374	0.9795092	0.157439379797372	0.0167161	0.00014
0.0042	0.1126	0.4806	-0.0013892820845874865	0.0006806784082777885	-0.0006335545184739417	0.96916157	54.62055588	0.96209549	0.08599744258676656	0.017937	0.00016
0.0082	0.0161	0.4685	-0.0014154620233674013	0.0006318091892219474	-0.000593411945678072	0.97648758	55.03343964	0.96222587	0.11835958653158128	0.0162045	0.00015
0.006	-0.0624	0.4481	-0.001270599695451872	0.0006684611035138282	-0.0006021385919380437	0.96419203	54.3404808	0.95358103	0.11061204442336912	0.0152705	0.00011
0.0067	-0.0488	0.4541	-0.0012479104151759456	0.0006859143960337716	-0.000635299847725936	0.93281007	52.57183838	0.93717796	0.023965191429188095	0.0155401	0.00014
0.0074	0.1021	0.4759	-0.0013055062804917586	0.0005253441048502931	-0.0005916666164260777	1.04754615	59.03819656	1.01327518	0.1864899693899575	0.0175678	0.00017
0.0052	0.051	0.4787	-0.001504473815219112	0.0005951572749300663	-0.000645771823237902	0.9557671	53.86566162	0.95220078	0.07224429558094755	0.0170687	0.00017
0.0044	-0.1094	0.4476	-0.001324704902263696	0.0007016223593017205	-0.0006859143960337716	1.04249215	58.75336075	1.00597859	0.20861882850614696	0.0160794	0.00012
0.0046	-0.0357	0.4724	-0.0014852751934471744	0.000593411945678072	-0.000661479786505851	0.97790235	55.11317444	0.96353668	0.11336076571675234	0.0167245	0.00016
0.0046	0.1366	0.4876	-0.00152367243699105	0.00045553093477052	-0.000705113017805709	1.05353844	59.37591934	1.01668399	0.19849557428756423	0.018783	0.00023
0.0011	0.0042	0.4653	-0.0014364059743913332	0.0005916666164260777	-0.0007138396640656808	1.0206418	57.52191162	0.9874965	0.16980643952576227	0.0168227	0.00017
0.0006	-0.1136	0.4373	-0.0011746065865921838	0.000645771823237902	-0.0007138396640656808	1.01756215	57.3483429	0.99002854	0.16209522973054863	0.0162244	0.00017
-0.0015	-0.0148	0.4649	-0.0013107422682477415	0.000577703982410123	-0.0007417649320975902	1.00765586	56.79004288	0.9783152	0.14010643952576224	0.0170069	0.00015
-0.0068	0.1195	0.4806	-0.0014433872913993105	0.000450294947014537	-0.0008185594191853405	1.02703309	57.88211441	0.99969747	0.1721424272817453	0.0187991	0.00015
-0.0051	0.0165	0.4688	-0.0014695672301792255	0.000582939970166106	-0.0008377580409572782	0.9772768	55.07791901	0.96504351	0.1254011791851711	0.0173271	0.00021
-0.0042	-0.1203	0.4381	-0.0011676252695842063	0.0006824237375297829	-0.0008395033702092724	1.01457369	57.17991638	0.99365684	0.18855855286053447	0.0166674	0.00016
-0.0011	-0.0442	0.4406	-0.0010768681484805013	0.0006370451769779302	-0.0007592182246175333	0.96826547	54.5700531	0.96244084	0.09252104136236483	0.015713	0.00017
-0.0001	0.1076	0.4828	-0.0013212142437597075	0.0005532693728822024	-0.0007627088831215222	1.04510939	58.90086746	1.00985671	0.21158062789394616	0.0189384	0.00021
-0.0013	0.1351	0.5048	-0.001656317460142619	0.000598647933434055	-0.0007592182246175333	0.94550979	53.28757477	0.95096925	0.06989862177193765	0.0209317	0.00035
-0.0021	-0.074	0.4807	-0.0015393804002589986	0.0006021385919380437	-0.0007400196028455958	1.10116208	62.05991364	1.04462534	0.24098131700797737	0.0186625	0.00025
-0.0013	-0.0836	0.4615	-0.001239183768915974	0.0006300638599699529	-0.0007452555906015787	0.92759562	52.27795792	0.93512459	0.04626789435654584	0.0177976	0.00025
-0.0043	0.0542	0.4826	-0.0012793263417118436	0.0005201081170943102	-0.0007906341511534313	1.02686894	57.87285995	0.99936191	0.17167384381116818	0.0186636	0.0002
-0.0078	0.1011	0.4978	-0.00152367243699105	0.0005044001538263612	-0.0008325220532012951	0.96217591	54.22685623	0.95647998	0.080697098029751	0.0200267	0.00024
-0.0079	-0.0282	0.468	-0.001350884841043611	0.000619591884457987	-0.0008220500776893293	1.00520885	56.65213013	0.98277027	0.1741225651045515	0.0175358	0.00014
-0.0081	-0.0926	0.4591	-0.001291543646475804	0.0006021385919380437	-0.0008290313946973065	0.95261991	53.68829346	0.94906239	0.0776887902047864	0.0174022	0.00011
-0.0058	-0.0683	0.4487	-0.0011938052083641214	0.0006318091892219474	-0.0008133234314293575	0.91773134	51.72202301	0.92914783	0.044155849933176776	0.0164273	0.00012
-0.0059	0.0567	0.472	-0.0011327186845443199	0.0005044001538263612	-0.0007592182246175333	1.0190444	57.43188095	0.98505949	0.1605300383013606	0.0178506	0.00021
-0.0052	0.131	0.4921	-0.0013892820845874865	0.00048345620280242926	-0.000778416846389471	0.95979363	54.09259415	0.95944348	0.10993529864195183	0.0197515	0.00031
-0.009	0.0076	0.4803	-0.0014276793281313615	0.0005393067388662478	-0.0008412486994612669	1.00518203	56.65061951	0.98365772	0.14685398163397445	0.017802	0.0002
-0.0084	-0.0744	0.4502	-0.0011309733552923255	0.0006911503837897545	-0.0008203047484373349	0.96844733	54.58030319	0.96112331	0.1361746784393237	0.0165138	0.00012
-0.0084	-0.0381	0.4558	-0.0010960667702524388	0.0006073745796940267	-0.0008168140899333463	0.94771332	53.41176224	0.94761964	0.04800865238198014	0.0163284	0.00015
-0.0039	0.1364	0.5063	-0.0014486232791552935	0.0004886921905584122	-0.000757472895365539	1.09154081	61.51767731	1.03372066	0.2560290046303138	0.020287	0.00042
-0.0068	0.1312	0.5361	-0.0016702800941585732	0.0005131268000863328	-0.0007225663103256524	0.95761502	53.96981049	0.95787338	0.05194990047855437	0.0225621	0.00055
-0.0101	-0.0478	0.4915	-0.0014957471689591403	0.0006230825429619757	-0.0007993607974134029	1.08735681	61.28186798	1.03532509	0.24496415775814137	0.0184113	0.00015
-0.0101	-0.1324	0.4613	-0.0012932889757277981	0.0007033676885537148	-0.0008063421144213803	0.97081172	54.7135582	0.96291564	0.1292862327915529	0.0174047	0.00015
-0.0097	-0.0905	0.4658	-0.001228711793404008	0.0007504915783575615	-0.000752236907609556	0.95050716	53.5692215	0.94973634	0.05509031394697305	0.0172644	0.00017
-0.0052	0.1127	0.5173	-0.0015707963267948967	0.000614355896702004	-0.0007016223593017205	1.10768867	62.427742	1.05095425	0.28564173816771404	0.0201564	0.00027
-0.0128	0.1478	0.5475	-0.0018901915799098587	0.000619591884457987	-0.0007557275661135446	0.94388485	53.19599533	0.95118394	0.09183682238413843	0.0230206	0.00048
-0.0148	-0.012	0.5249	-0.001837831702350029	0.0006597344572538566	-0.0008604473212332044	1.04099751	58.66912842	1.01070872	0.1942611102737679	0.0198294	0.00031
-0.0139	-0.1127	0.4772	-0.0014590952546672592	0.0007958701389094143	-0.0008220500776893293	0.99757087	56.22166443	0.97937962	0.1769634686441101	0.0180494	0.00017
-0.0129	-0.0572	0.4626	-0.0012601277199399059	0.0007382742735936014	-0.0008552113334772215	0.94210315	53.09558105	0.9436324	0.08558623279155293	0.0164067	0.00015
-0.0103	0.0726	0.5163	-0.0017051866791984597	0.0006056292504420323	-0.0007941248096574199	1.01179171	57.02313232	0.98965316	0.21803952531149615	0.019484	0.00027
-0.0092	0.1673	0.5246	-0.0018133970928221085	0.000577703982410123	-0.0007888888219014368	0.94967091	53.52209091	0.95473767	0.11116858347057704	0.0216446	0.0003
-0.0098	-0.0067	0.4841	-0.001520181778487061	0.0007487462491055673	-0.0007906341511534313	1.08319247	61.04717255	1.02996379	0.23840014551412428	0.0179915	0.00027
-0.0091	-0.0984	0.4448	-0.0012164944886400475	0.0007661995416255106	-0.0008133234314293575	1.08333862	61.05540848	1.076144	0.14889149313214417	0.0184211	0.00381
-0.0077	0.0124	0.4882	-0.0013945180723434693	0.0006876597252857658	-0.0007609635538695277	1.20938671	68.15930176	1.19601979	0.17104616388014987	0.0202864	0.00195
-0.0105	0.1512	0.5212	-0.0016458454846306526	0.0006527531402458793	-0.0007435102613495844	1.26154923	71.09910583	1.25812593	0.18978436449235064	0.0249063	0.00554
-0.013	0.0039	0.4985	-0.001706932008450454	0.0006841690667817771	-0.0008150687606813518	1.17508554	66.22613525	1.16257948	0.18070304748437332	0.0185072	0.00025
-0.008	-0.1374	0.4415	-0.001254891732183923	0.0007888888219014368	-0.0008150687606813518	1.01784265	57.36415482	0.99917302	0.23113800156930953	0.0165431	0.00015
-0.0054	-0.0676	0.4573	-0.001244419756671957	0.0006981317007977319	-0.0007644542123735164	0.95649213	53.90652466	0.95690223	0.09579218224617535	0.016127	0.00016
-0.0085	0.1709	0.5305	-0.0017470745812463236	0.0005375614096142535	-0.0007714355293814937	1.17030466	65.95669556	1.09563916	0.34831032163829106	0.0221869	0.00054
-0.0137	0.0939	0.5175	-0.0018151424220741027	0.0006928957130417488	-0.0008709192967451704	0.97937584	55.19621658	0.97500277	0.11134429558094756	0.0202047	0.00036
-0.0122	-0.1457	0.4451	-0.0012601277199399059	0.0006928957130417488	-0.0008290313946973065	1.18289936	66.66651154	1.10082039	0.3433451302091029	0.0171769	0.00027
-0.0096	-0.0344	0.4693	-0.0013526301702956054	0.0007155849933176752	-0.0007871434926494425	1.00972402	56.90659714	0.98366825	0.14595398163397447	0.0167176	0.00015
-0.0079	0.1795	0.5297	-0.0019163715186897737	0.0005689773361501514	-0.0007906341511534313	1.13833678	64.1550293	1.07594389	0.31169198320328395	0.0223309	0.00048
-0.0089	0.0566	0.4918	-0.0017366026057343581	0.0006370451769779302	-0.0007993607974134029	1.01192427	57.03059769	0.98497152	0.17462817000215825	0.0184775	0.00017
-0.0083	-0.1328	0.4384	-0.0012740903539558604	0.0007452555906015787	-0.0007941248096574199	1.08874404	61.36005402	1.04070582	0.2721979326579064	0.0166888	0.00021
-0.004	-0.052	0.4485	-0.001244419756671957	0.0007679448708775049	-0.0008360127117052838	0.96874064	54.59683228	0.95812576	0.09991238898038467	0.0156841	0.00012
-0.001	0.1231	0.5078	-0.001820378409830086	0.0006702064327658224	-0.0007731808586334879	1.08856821	61.35014343	1.04129185	0.2742264472170804	0.0198404	0.00032
-0.0077	0.0962	0.483	-0.0017453292519943296	0.0006126105674500097	-0.0008604473212332044	0.96989888	54.66210938	0.96856572	0.06939557428756432	0.0184809	0.00028
-0.0075	-0.1244	0.4329	-0.001387536755335492	0.0006632251157578452	-0.000890117918517108	1.13910747	64.19846344	1.07061138	0.29280388211252883	0.0155929	0.00011
-0.004	-0.1295	0.4241	-0.0011990411961201044	0.0007330382858376184	-0.0008604473212332044	0.92049587	51.87782669	0.9347759	0.031798966328953265	0.0158842	0.00016
-0.0046	0.0417	0.4706	-0.0014311699866353504	0.0006387905062299246	-0.0008429940287132613	1.05623984	59.52816391	1.01175358	0.2354914931321442	0.016921	0.00013
-0.005	0.1237	0.499	-0.0016510814723866359	0.000593411945678072	-0.0008203047484373349	0.95342797	53.73383331	0.95253903	0.1251989663289532	0.0193933	0.0002
-0.0037	0.0351	0.4953	-0.0018832102629018814	0.0007033676885537148	-0.0008220500776893293	0.96983427	54.65847015	0.96071893	0.11079149313214412	0.0179393	0.00014
-0.001	-0.086	0.4777	-0.001595230936322817	0.0007958701389094143	-0.0007958701389094143	0.99282366	55.95411682	0.97701759	0.1617330857857339	0.0176374	0.00017
0.0014	0.029	0.5186	-0.0017383479349863521	0.0006719517620178169	-0.0007435102613495844	1.00114322	56.42299652	0.9789065	0.17426976265574806	0.0193764	0.00025
-0.0007	0.136	0.5426	-0.002005383310541485	0.00048171087355043494	-0.0007487462491055673	0.97694278	55.05909348	0.97065124	0.15622561258892487	0.0220193	0.00035
0.001	-0.0251	0.5045	-0.0017383479349863521	0.0006230825429619757	-0.0007627088831215222	1.04854274	59.09436417	1.01219961	0.22201848394913143	0.0196456	0.00024
0.0029	-0.1116	0.4934	-0.0016283921921107093	0.0007696902001294993	-0.0008063421144213803	0.97026312	54.68264008	0.97011959	0.11450983156715117	0.019522	0.00023
0.0046	0.0131	0.5088	-0.0015882496193148398	0.0008115781021773631	-0.0008133234314293575	1.02171409	57.58234406	0.9922352	0.14625058959258555	0.0194956	0.00036
0.0008	0.1179	0.5213	-0.0017016960206944712	0.000757472895365539	-0.0008203047484373349	1.00557101	56.67253876	0.98420832	0.1298266462599716	0.0211416	0.00039
-0.0127	0.1081	0.5414	-0.0020525072003453313	0.0007173303225696694	-0.0009756390518648303	0.95818561	54.00196838	0.95451452	0.07071440279371126	0.0220898	0.00032
-0.0079	-0.0757	0.49	-0.001609193570338772	0.000710349005561692	-0.0009389871375729493	1.07221186	60.42832565	1.02719095	0.26434734306532087	0.0185571	0.00019
-0.0055	-0.1268	0.4793	-0.0014887658519511632	0.0008255407361933179	-0.0008831366015091308	0.93664747	52.78810883	0.94519573	0.07877349925415263	0.0184383	0.00016
-0.0021	-0.0266	0.5085	-0.0016126842288427606	0.000890117918517108	-0.0008447393579652555	0.98500836	55.51366043	0.97106398	0.14414464013796308	0.0189825	0.00026
-0.0026	0.1166	0.5392	-0.0018029251173101424	0.0009128071987930344	-0.0008412486994612669	1.02941477	58.01633835	1.00173335	0.1852210413623649	0.0215392	0.00037
-0.0021	0.0368	0.5054	-0.0018186330805780916	0.0009407324668249436	-0.0008621926504851988	0.9684881	54.58259964	0.96210433	0.11732885911618957	0.0185422	0.00019
-0.0019	-0.1069	0.4716	-0.0016615534478986017	0.0010821041362364843	-0.0008587019919812101	1.01885617	57.42127228	0.99360228	0.19279709802975087	0.0174999	0.00015
0.0012	-0.0122	0.4905	-0.0015603243512829306	0.0010088003076527223	-0.0007749261878854823	0.96981013	54.65710831	0.96266033	0.129615436464758	0.0174241	0.00018
0.0005	0.193	0.5398	-0.0017837264955382047	0.0008168140899333463	-0.0007871434926494425	1.10574937	62.31844711	1.05408427	0.27658028333693047	0.0231563	0.00064
-0.0042	0.0733	0.5143	-0.0018325957145940458	0.000905825881785057	-0.0008587019919812101	0.99592996	56.12918472	0.98217913	0.16037197551196594	0.0195225	0.00032
-0.0047	-0.1109	0.4687	-0.0015132004614790836	0.0009634217471008699	-0.0008290313946973065	1.07706809	60.70201111	1.03250025	0.2506330857857339	0.0171955	0.00019
-0.0032	-0.0704	0.4613	-0.0013631021458075715	0.0008412486994612669	-0.0008360127117052838	0.93672889	52.79269791	0.94026313	0.06336263401595464	0.0162905	0.00012
-0.0011	0.0695	0.5145	-0.0016528268016386303	0.0008377580409572782	-0.0007819075048934597	1.03308272	58.22306061	0.99930648	0.2125660260573436	0.0193815	0.00025
-0.002	0.16	0.5393	-0.001954768762233649	0.0007714355293814937	-0.0007941248096574199	0.96365166	54.31002426	0.96137745	0.1352240888467382	0.0225671	0.00047
-0.0042	-0.0283	0.5006	-0.0017243853009703976	0.0009023352232810684	-0.0008063421144213803	1.08628953	61.22172165	1.03404868	0.2478750229963393	0.0188483	0.00025
-0.0009	-0.1163	0.4613	-0.0014416419621473165	0.0010140362954087054	-0.0008255407361933179	0.98347998	55.42752075	0.97122008	0.1512821516361328	0.017616	0.00019
0.0015	0.0207	0.5137	-0.001837831702350029	0.0008499753457212384	-0.0007871434926494425	1.03677857	58.43135071	1.00423458	0.22173239667170283	0.0190392	0.0002
0.0	0.1587	0.5394	-0.0020176006153054447	0.0007627088831215222	-0.0007853981633974483	1.00091577	56.41017914	0.98602818	0.17863903524035624	0.0222116	0.00038
-0.0034	-0.0242	0.4849	-0.0017348572764823637	0.0006789330790257941	-0.0008569566627292158	1.07356644	60.50466537	1.02811849	0.2627038821125288	0.0172296	0.00014
-0.0013	-0.1539	0.4473	-0.001403244718603441	0.0007120943348136865	-0.0008429940287132613	1.00156641	56.44684601	0.98311983	0.18833682238413849	0.0168369	0.00011
0.0004	-0.0251	0.4669	-0.001424188669627373	0.0007679448708775049	-0.0008011061266653974	0.99907964	56.30669785	0.97828965	0.15603411945678072	0.0162933	0.0002
0.0029	0.164	0.5428	-0.0017662732030182616	0.0008203047484373349	-0.0007016223593017205	1.13469195	63.94961166	1.07248161	0.29219640891571974	0.0230829	0.00066
0.0047	0.076	0.543	-0.0020856684561332234	0.0008429940287132613	-0.0006510078109938849	0.99131405	55.86903763	0.97376915	0.10963495408493629	0.0215881	0.00034
0.0067	-0.094	0.4917	-0.001593485607070823	0.0008307767239493009	-0.0006963863715457374	1.06607389	60.08239365	1.02297141	0.2507889357189107	0.0186183	0.00027
0.0021	-0.0772	0.5025	-0.0015358897417550098	0.0007557275661135446	-0.0007504915783575615	0.9380582	52.86761475	0.94353105	0.0415375114981696	0.0191568	0.00027
0.003	0.1194	0.5288	-0.0016301375213627037	0.0006544984694978735	-0.0007853981633974483	1.07968485	60.8494873	1.03370048	0.2353191730631627	0.0207193	0.00033
0.0038	0.0997	0.5271	-0.0018308503853420514	0.0008011061266653974	-0.0007504915783575615	0.90730077	51.13417053	0.92611803	0.04131135530933796	0.0203925	0.00029
0.0007	-0.0645	0.4941	-0.0016179202165987434	0.0007539822368615504	-0.000726056968829641	1.02973676	58.03448868	1.00171566	0.21452443340375385	0.018086	0.00021
-0.0006	-0.0828	0.4717	-0.0014416419621473165	0.0007714355293814937	-0.0007906341511534313	0.91634643	51.64397049	0.93152965	0.054915436464758	0.0170107	0.00021
-0.0011	0.0502	0.5092	-0.0016039575825827887	0.0007661995416255106	-0.000752236907609556	1.01433516	57.16647339	0.99093333	0.18129744258676647	0.0188047	0.00025
-0.0039	0.1478	0.513	-0.001481784534943186	0.0008203047484373349	-0.0007504915783575615	0.98570216	55.55276108	0.97587673	0.11310117918517108	0.0209205	0.00053
-0.0072	0.0097	0.495	-0.0016441001553786586	0.0007993607974134029	-0.000804596785169386	1.016536	57.29051208	0.99205332	0.17126823891356144	0.0181929	0.00027
-0.0077	-0.1407	0.4743	-0.0015079644737231008	0.0007330382858376184	-0.0007853981633974483	1.02004385	57.48820877	0.9941147	0.182682840750164	0.0181137	0.00031
-0.0031	-0.0983	0.4688	-0.001356120828799594	0.0008098327729253688	-0.0007487462491055673	0.94437712	53.22373962	0.94199037	0.06576450231515689	0.0174401	0.00024
0.0017	0.0392	0.5145	-0.0016702800941585732	0.000757472895365539	-0.0006073745796940267	1.02710366	57.88608932	0.99725289	0.21339454061651744	0.0189844	0.00022
0.0024	0.1375	0.5342	-0.0019303341527057286	0.0006649704450098395	-0.0005969026041820607	0.97992623	55.2272377	0.97096806	0.1368514242207411	0.0213891	0.00036
-0.0003	-0.0187	0.4918	-0.0017575465567582897	0.0007068583470577034	-0.0007330382858376184	1.04358649	58.81503677	1.01065627	0.21884055898254304	0.0175612	0.00015
-0.0003	-0.139	0.4445	-0.0013264502315156904	0.0008290313946973065	-0.0007644542123735164	1.00215375	56.47994614	0.98353961	0.19683426497090503	0.0164052	0.00015
-0.0008	0.0304	0.5055	-0.0016039575825827887	0.0008115781021773631	-0.0006876597252857658	1.07945681	60.83663559	1.02988478	0.2494877565337396	0.0183737	0.00019
-0.0003	0.2067	0.5429	-0.0019250981649497454	0.0006771877497737998	-0.0006824237375297829	1.0516423	59.2690506	1.02085636	0.2372383461263252	0.0233774	0.00052
-0.0047	-0.0117	0.4914	-0.0016807520696705393	0.0007906341511534313	-0.0006928957130417488	1.12865829	63.60956573	1.06128538	0.2927132236085401	0.0177878	0.00023
-0.0024	-0.164	0.4479	-0.0013665928043115599	0.0008168140899333463	-0.000705113017805709	1.02594137	57.82058716	1.00116811	0.2157278254451427	0.0173722	0.00022
0.0018	0.0339	0.5296	-0.002038544566329377	0.0007557275661135446	-0.0007243116395776468	1.13400578	63.91094208	1.06713975	0.32141184538047773	0.0200801	0.00027
0.0151	0.1504	0.5917	-0.0023876104167282427	0.0006283185307179585	-0.0006003932626860494	1.06118727	59.80699158	1.04031304	0.22191966313430248	0.029851	0.00244
0.007	-0.0247	0.544	-0.0021607176139689798	0.0007208209810736582	-0.0007225663103256524	1.06447911	59.99251556	1.02873516	0.2529784150377283	0.0271477	0.00198
0.0063	-0.1797	0.4787	-0.001811651763570114	0.0006213372137099814	-0.0007644542123735164	1.03983557	58.60364151	1.01010717	0.2455218759905204	0.0256597	0.00259
0.0063	-0.1019	0.5054	-0.0023073252711365037	0.0006963863715457374	-0.0006702064327658224	0.97697812	55.06108475	0.97092092	0.13774852225049192	0.0256082	0.00206
0.0089	0.166	0.5673	-0.003106686068549906	0.000640535835481919	-0.0006510078109938849	1.20625341	67.98271179	1.12264388	0.376120497762458	0.0293172	0.00193
0.0151	0.0146	0.5024	-0.002975786374650332	0.0007644542123735164	-0.000593411945678072	1.05929434	59.70030975	1.0199891	0.23812069680534928	0.0234091	0.0009
0.0147	-0.1671	0.4215	-0.002356194490192345	0.0007452555906015787	-0.0006667157742618339	1.08890247	61.36898041	1.04433062	0.29860471674068434	0.0201992	0.00064
0.0139	-0.074	0.417	-0.0021589722847169856	0.0006318091892219474	-0.0006754424205218055	0.96845657	54.58082199	0.96442274	0.11436976265574812	0.0167961	0.00015
0.0137	0.1389	0.4673	-0.002595304597715568	0.0006178465552059926	-0.0006946410422937432	1.11366451	62.76453781	1.05593705	0.28687467843932374	0.0191987	0.00032
0.0157	0.0478	0.4652	-0.0024731315500759648	0.0007225663103256524	-0.000640535835481919	0.9840607	55.46025085	0.97083293	0.10924990047855435	0.0183375	0.00027
0.0187	-0.0933	0.4243	-0.002007128639793479	0.0007382742735936014	-0.0006492624817418905	1.03049588	58.07727051	1.00250295	0.20952187599052033	0.0170632	0.00023
0.0193	-0.0717	0.4199	-0.0017418385934903407	0.000752236907609556	-0.0006806784082777885	0.93181914	52.51599121	0.93622598	0.04213343034274956	0.0165378	0.00024
0.0206	0.0385	0.4495	-0.001790707812546182	0.0007539822368615504	-0.0006318091892219474	0.98454559	55.48757935	0.96732274	0.1460741883681838	0.0178939	0.00024
0.0151	0.1166	0.4916	-0.0021886428820008896	0.0007888888219014368	-0.0006492624817418905	0.98833448	55.70111465	0.97751303	0.14821474735072687	0.0218634	0.0005
0.0193	-0.0474	0.4507	-0.0020594885173533086	0.0007627088831215222	-0.0006911503837897545	1.06097519	59.79504013	1.01840288	0.218961110273768	0.0190219	0.00031
0.0233	-0.101	0.4274	-0.0017697638615222502	0.000731292956585624	-0.0007016223593017205	0.94691396	53.36671448	0.9470393	0.09748062789394611	0.018737	0.00035
0.0273	-0.0381	0.4315	-0.0017226399717184032	0.0007295476273336296	-0.000635299847725936	0.95192933	53.6493721	0.94818507	0.07675958653158131	0.0182542	0.00032
0.0264	0.1045	0.4666	-0.0019792033717615696	0.000609119908946021	-0.0006300638599699529	1.02139902	57.56458664	0.99557825	0.19771135530933795	0.0202363	0.00037
0.0233	0.0053	0.4411	-0.001853539665617978	0.0006684611035138282	-0.0006527531402458793	0.98889351	55.73262024	0.9716482	0.1381847090493663	0.018684	0.00033
0.0185	-0.1352	0.4145	-0.0016632987771505957	0.000804596785169386	-0.0006911503837897545	1.01739252	57.33878326	0.99589863	0.19013869068334077	0.0186903	0.00029
0.0153	0.0088	0.4674	-0.0019861846887695473	0.0007068583470577034	-0.0007243116395776468	1.05335295	59.36545944	1.01595489	0.22278928027592632	0.0196491	0.00032
0.0143	0.1315	0.4898	-0.0022183134792847924	0.0006632251157578452	-0.0007295476273336296	1.02638841	57.84577942	1.00572657	0.16014990047855435	0.0218271	0.00035
0.0165	-0.0774	0.4211	-0.0017016960206944712	0.0006649704450098395	-0.0007400196028455958	1.12668812	63.49852753	1.06571881	0.30624173816771416	0.0175617	0.00015
0.0185	-0.1006	0.4089	-0.0016074482410867775	0.000598647933434055	-0.0006963863715457374	0.93883055	52.91114426	0.94462908	0.04761017612416681	0.0168272	0.00012
0.0222	0.0944	0.4347	-0.001689478715930511	0.0005253441048502931	-0.0005427973973702365	1.0895164	61.40357971	1.03661898	0.2399461638801498	0.0179124	0.00019
