trans_x	trans_y	trans_z	rot_x	rot_y	rot_z	dvars_std	dvars_nstd	dvars_vstd	framewise_displacement	aqi	aor
0.0	-0.0	0.0	-0.0	0.0	-0.0	n/a	n/a	n/a	n/a	0.0145718	0.00065
0.0107	-0.0359	-0.0258	0.0006789330790257941	-0.0002565634000431664	-0.0001186823891356144	1.00430083	51.33370209	0.98755166	0.12510894341022874	0.0155685	0.0012
0.0085	0.0532	0.0086	0.0002844886680750757	-0.00015009831567151235	-0.00011693705988362007	1.04082966	53.20083237	1.00930093	0.15083274122871831	0.0143037	0.00049
0.0025	0.1088	0.0238	-0.0005340707511102648	-0.00016231562043547262	5.235987755982988e-06	1.03924143	53.11964798	1.00348728	0.12444748857944518	0.01516	0.00051
0.0051	0.0252	-0.006	0.000148352986419518	-0.00016231562043547262	-2.792526803190927e-05	1.01636517	51.95035553	0.99800894	0.15177924966588374	0.0150073	0.00067
0.0064	0.0012	-0.0205	0.000726056968829641	-0.00033684854563490564	-0.00017627825445142725	0.9736861	49.76886368	0.97007789	0.08482949470145369	0.0153248	0.00097
0.0029	0.0599	0.0077	0.0004363323129985824	-0.000148352986419518	-0.00016406094968746698	1.02550292	52.41742325	1.00243075	0.11492187599052033	0.0142617	0.00045
0.0054	0.1471	0.0463	-0.0006230825429619757	1.3962634015954635e-05	9.250245035569947e-05	1.05730152	54.04277039	1.02378864	0.20221469382195983	0.0148991	0.0005
0.0063	0.0703	0.0254	-0.00035081117965086024	6.806784082777885e-05	0.0001186823891356144	0.98066276	50.12546921	0.97725695	0.11622782544514272	0.0145549	0.00038
0.0088	-0.0227	-0.0071	0.00039095375244672985	-8.028514559173915e-05	-3.316125578789226e-05	1.01458919	51.85957718	0.99878437	0.18009807817203075	0.0150183	0.00069
0.0009	-0.0102	-0.0013	0.0006318091892219474	-0.0001308996938995747	-0.0001832595714594046	0.96713668	49.43409729	0.96976988	0.04827841503772827	0.0145403	0.0006
0.0	0.0878	0.0538	-0.000460766922526503	7.504915783575618e-05	1.5707963267948964e-05	1.05202365	53.77299881	1.02636823	0.22887462491055677	0.0144772	0.00027
0.0004	0.0733	0.0384	-0.000577703982410123	0.00018151424220741024	8.552113334772214e-05	0.95845532	48.99036026	0.96206005	0.04496076571675236	0.0139257	0.00033
0.0016	-0.0152	-0.0111	0.00037524578917878077	-4.18879020478639e-05	-4.0142572795869576e-05	1.01865816	52.06755829	1.00511886	0.20430078109938848	0.0152685	0.00075
0.0028	0.0181	-0.0095	0.0005759586531581287	-0.00016406094968746698	-0.00015184364492350666	0.97151625	49.65795517	0.97065633	0.05782934918732941	0.0150406	0.00068
0.0017	0.1015	0.0386	-0.0003298672286269283	3.839724354387525e-05	6.806784082777885e-05	1.06375074	54.37241745	1.02279206	0.19900977803838424	0.0141559	0.00041
0.0	0.096	0.0386	-0.0007208209810736582	0.0001064650843716541	0.00015184364492350666	0.98273033	50.23114777	0.97231938	0.03433986986851184	0.0146067	0.00045
-0.0016	-0.0004	-0.0064	0.0003193952531149623	-0.00010995574287564276	1.7453292519943294e-06	1.02181494	52.22891617	1.00463425	0.21333676885537153	0.0146034	0.00057
-0.0007	0.0016	-0.0168	0.0007470009198535729	-0.00035604716740684323	-0.00014311699866353502	0.96079165	49.10977936	0.96209495	0.05422797095926703	0.0149831	0.00083
0.0004	0.053	0.0216	0.0003700098014227979	-0.00014137166941154068	-0.00011344640137963142	1.00832701	51.53949356	0.99436853	0.12196686068549908	0.0138254	0.00041
0.0002	0.1326	0.0581	-0.0007679448708775049	6.283185307179586e-05	0.00011693705988362007	1.04325068	53.32457733	1.01780998	0.19492708280234453	0.0147002	0.00036
-0.0003	0.0573	0.0341	-0.0003438298626428829	0.00024085543677521747	0.00011693705988362007	0.97550392	49.86177826	0.97571742	0.12990692959690217	0.0139178	0.00034
-0.0016	-0.0227	-0.0065	0.0006841690667817771	-0.00023561944901923448	-0.0001361356816555577	1.0140034	51.82963562	0.99851289	0.20977732783791447	0.0147139	0.00079
-0.0055	0.0241	0.0256	0.0004625122517784973	-0.0001291543646475804	-0.000158824961931484	0.98864841	50.53364563	0.981913	0.10034055898254302	0.0138233	0.00042
-0.0043	0.1087	0.0607	-0.0005707226654021458	6.45771823237902e-05	6.806784082777885e-05	1.02148604	52.21210098	1.00717411	0.19359296334556383	0.0140938	0.00032
-0.006	0.0305	0.0444	-0.00028623399732707005	0.0001832595714594046	0.00010821041362364843	0.96701401	49.42782593	0.9720625	0.11836568150032797	0.0141131	0.00028
-0.0062	-0.0306	0.0103	0.0006283185307179585	5.235987755982988e-06	-3.839724354387525e-05	0.99579543	50.8989563	0.98977635	0.15735918844579871	0.013911	0.00046
-0.0088	-0.0078	0.0095	0.0008779006137531476	-9.599310885968811e-05	-0.00018151424220741024	0.96168017	49.15519333	0.96755947	0.05089640891571976	0.0143996	0.00043
-0.0051	0.1085	0.0578	-6.806784082777885e-05	0.00013962634015954637	-6.9813170079773176e-06	1.04075849	53.19719315	1.02059079	0.23610604143997968	0.0132982	0.00027
-0.0032	0.1062	0.054	-0.00041189770347066176	0.0001605702911834783	0.00015184364492350666	0.93999559	48.04681015	0.94909471	0.03417993877991494	0.0133737	0.00027
0.003	0.0346	0.0558	0.00010297442586766544	-2.268928027592628e-05	0.00010821041362364843	0.96625352	49.38895416	0.96939783	0.1166882466048795	0.0124428	0.00017
-0.0014	0.0032	0.0302	0.0006771877497737998	-0.00013962634015954637	-9.075712110370512e-05	0.96097952	49.11938095	0.96203979	0.1059058959258554	0.0130832	0.00024
0.0049	0.0677	0.0825	7.67944870877505e-05	0.00010471975511965978	6.45771823237902e-05	1.00092494	51.16114807	0.99341217	0.17310368306963753	0.0122003	9e-05
0.0048	0.1205	0.104	-0.0005759586531581287	9.075712110370512e-05	0.00010821041362364843	0.95874816	49.00532913	0.96305148	0.1099174502780846	0.0129241	0.00016
0.0037	0.0103	0.0671	1.2217304763960308e-05	8.028514559173915e-05	4.363323129985824e-05	0.99528062	50.87264252	0.99193423	0.18136125578789225	0.0123615	0.0002
0.0062	-0.0171	0.0682	0.00030368728984701333	-0.00018675022996339323	-0.00011170107212763708	0.93427312	47.75431442	0.94714496	0.06669198320328401	0.0123983	0.00028
0.0041	0.0623	0.1077	-0.0003595378259108319	-0.00020769418098732522	-7.330382858376184e-05	0.98232508	50.21043396	0.98064224	0.1571283155162826	0.0126125	0.00017
0.0081	0.1088	0.1242	-0.0010978120995044332	-6.806784082777885e-05	0.0001064650843716541	0.96282196	49.21355438	0.96484124	0.11988347633542816	0.0130643	0.0002
0.0073	0.0174	0.091	-0.0005131268000863328	-0.0001186823891356144	3.316125578789226e-05	0.978477	50.01374435	0.97893323	0.16083018381548492	0.0125515	0.0002
0.0085	-0.0259	0.0685	4.363323129985824e-05	-0.0003647738136668148	-0.00010821041362364843	0.9458971	48.34846115	0.95510259	0.1142111562664466	0.0130099	0.00028
0.0074	0.0378	0.0856	-9.250245035569947e-05	-0.0003438298626428829	-0.00012042771838760874	0.99096429	50.6520195	0.98126731	0.09036484687217251	0.0125241	0.00024
0.0043	0.127	0.1267	-0.0010611601852125523	-0.0002897246558310587	4.537856055185256e-05	1.04126418	53.22303772	1.01385801	0.19282846103040693	0.0135286	0.00019
0.0071	0.0828	0.0994	-0.0008761552845011534	-0.00024085543677521747	8.203047484373349e-05	0.97842002	50.01083374	0.97323192	0.08782630170295605	0.0135011	0.00021
0.0141	-0.0149	0.0575	2.094395102393195e-05	-0.000450294947014537	-0.00010821041362364843	1.01577818	51.92035294	1.00270315	0.21143898171158929	0.0132808	0.00042
0.0202	0.0088	0.0652	0.00021642082724729686	-0.00043458698374658803	-0.00021642082724729686	0.97540659	49.85680389	0.97142983	0.05346976265574811	0.0128996	0.00032
0.014	0.0875	0.1236	-0.0008621926504851988	-0.0003054326190990077	1.7453292519943294e-06	1.03739572	53.0253067	1.01140502	0.21459669994396832	0.0128837	0.00016
0.0113	0.0843	0.1137	-0.0011047934165124105	-0.00023561944901923448	7.155849933176751e-05	0.93726349	47.90716171	0.95047468	0.0349113553093379	0.013136	0.00021
0.0106	-0.026	0.0825	-0.0003385938748868999	-0.00040840704496667313	-5.4105206811824215e-05	0.99783325	51.00311661	0.99052866	0.19543254218582704	0.0128803	0.00021
0.015	-0.018	0.0761	5.759586531581287e-05	-0.0005061454830783556	-0.0002024581932313422	0.93383217	47.73177338	0.94515733	0.05091405823669566	0.0125862	0.00032
0.0096	0.0302	0.0981	-0.00014660765716752367	-0.000460766922526503	-0.00019024088846738194	0.97216487	49.6911087	0.969443	0.08868996938995748	0.0120329	0.00021
0.0076	0.1166	0.1278	-0.0011257373675363424	-0.0004206243497306334	-1.5707963267948964e-05	1.00165057	51.19823456	0.99262008	0.17779026041820603	0.0130646	0.00016
0.0079	0.0632	0.1226	-0.0012095131716320703	-0.0003054326190990077	2.268928027592628e-05	0.9372825	47.90813446	0.95108113	0.07076823891356143	0.0127248	0.00011
0.0078	-0.005	0.0906	-0.00032637657012293966	-0.000291469985083053	-4.363323129985824e-05	0.97089475	49.62618637	0.9697761	0.14847108735504347	0.0120445	0.00014
0.0084	-0.01	0.0905	-0.00017453292519943296	-0.00040317105721069014	-0.00019024088846738194	0.95738137	48.93546677	0.95963034	0.02620761871093338	0.012511	0.00025
0.0125	0.1015	0.1457	-0.0012409290981679683	-0.000296705972839036	6.108652381980153e-05	1.07952523	55.17871094	1.03641055	0.24200943348136864	0.0139084	0.00019
0.0101	0.1244	0.1402	-0.0016964600329384882	-0.00010297442586766544	0.00015707963267948963	1.00275791	51.25483704	0.97568614	0.06806277953007893	0.0148016	0.00023
0.0188	0.0123	0.0944	-0.000705113017805709	-4.71238898038469e-05	0.00016406094968746698	1.03702927	53.00658035	1.01734262	0.21930894341022872	0.0129759	0.00021
0.0386	-0.0025	0.0893	-0.00034208453339088857	0.0002722713633111154	0.00027750735106709843	0.96922314	49.54074478	0.96848533	0.07949350694547072	0.0131352	0.00027
0.0393	0.1015	0.1492	-0.0012618730491919003	0.000466002910282486	0.0004520402762665313	1.10064018	56.25798035	1.04906787	0.2290026493985908	0.0128911	0.0002
0.0379	0.1048	0.1381	-0.0016528268016386303	0.0004747295565424576	0.0005148721293383271	0.99132246	50.67032623	0.97780079	0.03892561258892487	0.0133843	0.00023
0.0402	-0.004	0.1102	-0.0008517206749732328	0.0005166174585903216	0.0005567600313861911	1.01847577	52.05823898	1.00293186	0.1832440965380563	0.0120533	0.00013
0.0426	-0.0096	0.0897	-0.00029321531433504735	0.0002652900463031381	0.00035081117965086024	0.99018264	50.61206436	0.97662437	0.07928908123303499	0.0122607	0.00022
0.0398	0.0505	0.1333	-0.0008237954069413235	0.0003874630939427412	0.0005078908123303499	1.03291976	52.79652405	1.00622217	0.14699163864626846	0.0118048	0.00014
0.0371	0.1116	0.1591	-0.0018308503853420514	0.0005148721293383271	0.0006824237375297829	1.02070093	52.17197037	1.00227892	0.15504984694978735	0.0135474	0.00026
0.0457	0.006	0.1184	-0.0009529497715889039	0.0005497787143782138	0.0007155849933176752	1.02185917	52.23117447	1.00559937	0.2021984227290463	0.012257	0.00014
0.0543	-0.0145	0.0941	-0.00017802358370342162	0.0003438298626428829	0.0005375614096142535	0.98495859	50.34504318	0.97483203	0.11134493116621175	0.012312	0.0001
0.0546	0.0504	0.1092	-0.0002670353755551324	0.00039095375244672985	0.0004537856055185257	0.99119514	50.66381836	0.9795665	0.09129557428756428	0.0111981	0.00012
0.0483	0.1371	0.1548	-0.0014486232791552935	0.0005462880558742252	0.000645771823237902	1.07187867	54.78786469	1.02712079	0.2150454212373516	0.0130271	0.0002
0.049	0.0641	0.1185	-0.0010611601852125523	0.0005811946409141118	0.0006911503837897545	1.02265251	52.27172852	1.00121854	0.133387411976724	0.0119223	0.0001
0.0509	0.0026	0.0902	-0.00030368728984701333	0.0003769911184307752	0.0005026548245743669	1.0059073	51.41581345	0.99083312	0.14920859885321316	0.0113679	0.0001
0.0552	0.0354	0.1007	-0.00021467549799530252	0.00041189770347066176	0.0004258603374866164	0.97778118	49.97817993	0.97088509	0.05763564319896738	0.011273	0.00012
0.0504	0.1175	0.1525	-0.0014067353771074296	0.00048520153205442357	0.0006876597252857658	1.05534601	53.94281769	1.02332974	0.21505815477475193	0.0125536	0.00018
0.0513	0.075	0.1376	-0.0014119713648634124	0.000640535835481919	0.0008412486994612669	0.9650386	49.32685471	0.96767074	0.07400796326794896	0.0122914	0.00018
0.056	-0.0249	0.1043	-0.0005375614096142535	0.00046949356878647465	0.0008168140899333463	1.02426255	52.35401917	1.00600542	0.19139434157362617	0.011364	0.00014
0.0513	-0.0186	0.0954	-0.00020943951023931956	0.0002373647782712288	0.0005550147021341969	0.96378797	49.26293182	0.96189479	0.061002503884466465	0.0112084	0.00011
0.0444	0.0698	0.1338	-0.0008360127117052838	0.00033335788713091696	0.000582939970166106	1.03910589	53.11272049	1.00909329	0.17122457891787807	0.0116838	0.00012
0.0362	0.1377	0.151	-0.0016772614111665507	0.0003612831551628262	0.0006056292504420323	1.03783977	53.04800415	0.99776436	0.13789316238845511	0.0136998	0.00023
0.0369	0.0338	0.1119	-0.0009581857593448868	0.0004468042885105483	0.0006335545184739417	1.04366517	53.34576416	1.01670923	0.18532610266006477	0.0124217	0.00017
0.0456	-0.0074	0.0878	-0.000307177948351002	0.00013962634015954637	0.00048171087355043494	0.98458856	50.32612991	0.97588452	0.12950147021341968	0.011898	0.00015
0.0435	0.0569	0.1061	-0.00045902159327450867	0.00017278759594743863	0.000445058959258554	1.00946367	51.59759521	0.98968641	0.09578284075016398	0.0119728	0.00017
0.034	0.1292	0.1519	-0.0016074482410867775	0.00030368728984701333	0.0005846852994181004	1.06092453	54.22795868	1.02322739	0.1985476340935695	0.013936	0.00024
0.0298	0.078	0.1345	-0.0014573499254152652	0.0003822271061867582	0.0005951572749300663	0.97159708	49.66208649	0.97144386	0.08475550537616115	0.0132507	0.00026
0.0349	-0.0076	0.0975	-0.0006318091892219474	7.67944870877505e-05	0.0004799655442984406	1.02052248	52.16285324	1.00197419	0.1900082542961976	0.0122304	0.00018
0.0352	0.0003	0.0959	-0.0003473205211468716	4.18879020478639e-05	0.00034557519189487725	0.96379519	49.26330185	0.96225678	0.032489280275926284	0.0120133	0.00014
0.0288	0.0632	0.1564	-0.0012130038301360591	0.0003193952531149623	0.00047822021504644627	1.04160786	53.2406044	1.01407238	0.1935917841603928	0.0125605	0.00014
0.0284	0.1205	0.1624	-0.0017837264955382047	0.00042935099599060504	0.0005707226654021458	0.98771501	50.48593521	0.97665053	0.10235904293167436	0.0136344	0.00023
0.027	0.0297	0.1367	-0.0011780972450961724	0.000486946861306418	0.0005567600313861911	0.98320526	50.2554245	0.98218819	0.15175938748869	0.0121908	0.0001
0.0373	-0.0173	0.1183	-0.000619591884457987	0.0003769911184307752	0.00048171087355043494	0.96666151	49.40980911	0.96871451	0.1128755130674792	0.0119116	0.00021
0.0355	0.0279	0.1237	-0.0005253441048502931	0.00039793506945470715	0.000445058959258554	0.97868222	50.02423477	0.98049783	0.05999218224617535	0.011388	0.00013
0.0285	0.1192	0.1741	-0.0017016960206944712	0.0005427973973702365	0.0005707226654021458	1.08062816	55.23508835	1.04248656	0.22104389749516493	0.0130101	0.00029
0.0211	0.0797	0.1463	-0.0016493361431346415	0.000460766922526503	0.0004904375198104066	0.99201488	50.70571899	0.9929445	0.0854337748997651	0.0131247	0.00016
0.0273	-0.0077	0.1154	-0.0007417649320975902	0.0003054326190990077	0.0004014257279586958	1.02489841	52.38652039	1.01329909	0.18209586531581287	0.0116903	0.00014
0.0335	0.0067	0.1215	-0.0004921828490624009	0.00022340214425527416	0.0002844886680750757	0.99551028	50.88438034	0.98800591	0.049127480888127135	0.0113771	0.00018
0.032	0.0652	0.1547	-0.0010419615634406148	0.000322885911618951	0.00039793506945470715	1.04740071	53.53670502	1.02015577	0.13133544415607612	0.0122219	0.00021
0.0264	0.1155	0.1807	-0.0019093902016817967	0.000460766922526503	0.0005113814708343385	1.03550649	52.92874527	1.0202156	0.13783780252641825	0.0138744	0.00025
0.0229	0.024	0.1491	-0.0013631021458075715	0.0005305800926062762	0.0004991641660703782	1.01340485	51.79904175	1.0045536	0.1580159265358979	0.0125052	0.00012
0.0287	-0.021	0.1283	-0.000635299847725936	0.00037350045992678646	0.0003682644721708035	0.98747551	50.47369385	0.98430963	0.122389081233035	0.0116399	0.00018
0.0326	0.0347	0.1325	-0.0004921828490624009	0.0003438298626428829	0.0003193952531149623	0.98048055	50.11615372	0.9840153	0.074882840750164	0.0113168	0.00016
0.024	0.1023	0.1773	-0.0014974924982111347	0.0005393067388662478	0.00045902159327450867	1.02938747	52.61597443	1.01488227	0.18802064327658224	0.012713	0.00012
0.0247	0.0944	0.1677	-0.0019006635554218248	0.0006597344572538566	0.0005899212871740833	0.9630518	49.22530365	0.97331663	0.0509249234748937	0.0135119	0.00023
0.0342	-0.0045	0.1197	-0.000921533845053006	0.0005253441048502931	0.0005410520681182421	1.02204704	52.24077606	1.01423311	0.21451946409141115	0.0118521	0.00013
0.0385	0.0011	0.1203	-0.0005794493116621174	0.00034033920413889426	0.0004310963252425994	0.98308688	50.24937439	0.98294025	0.042352258848896505	0.0112992	0.00015
0.0361	0.039	0.1319	-0.0005113814708343385	0.00035604716740684323	0.00040840704496667313	1.01019156	51.63479996	0.99529608	0.05722325421858269	0.0107169	0.00012
0.0321	0.0917	0.1926	-0.0017435839227423352	0.0005445427266222308	0.0007155849933176752	1.07989383	55.19755173	1.04555284	0.20379379797371927	0.0127916	0.00027
0.0296	0.1522	0.2296	-0.0023212879051524586	0.0007470009198535729	0.0005846852994181004	1.02106607	52.1906395	1.00776067	0.14555309347705203	0.0143894	0.00041
0.0284	0.0581	0.2364	-0.0020594885173533086	0.0008779006137531476	0.0005410520681182421	0.9897716	50.59105682	0.99097698	0.12391661564992915	0.0129448	0.00016
0.0262	0.0133	0.2343	-0.0014748032179352085	0.000736528944341607	0.00048171087355043494	0.99367416	50.79053116	0.98803875	0.08836990816987236	0.0121251	0.00013
0.0251	-0.0007	0.2295	-0.001181587903600161	0.000635299847725936	0.00038397243543875244	0.98396754	50.29438782	0.98055519	0.04450914245312005	0.0116218	0.00018
0.0177	0.0393	0.2395	-0.0014660765716752368	0.0006998770300497262	0.0003717551306747922	1.01262522	51.75919342	0.99435668	0.07546415775814126	0.0121304	0.00014
0.0165	0.0935	0.241	-0.0020594885173533086	0.0008133234314293575	0.0004206243497306334	1.00398862	51.31774139	0.98838126	0.09468637830567722	0.0132617	0.00021
0.0151	0.0138	0.2313	-0.0017278759594743865	0.0009616764178488756	0.0004974188368183839	1.0078783	51.5165596	0.99864173	0.1186380015693095	0.0128096	0.00025
0.02	-0.0021	0.2134	-0.0010838494654884787	0.000879645943005142	0.000486946861306418	0.9964633	50.93309402	0.98576029	0.07552644721708035	0.0111707	0.00019
0.0223	0.0329	0.2018	-0.0008656833089891874	0.0006946410422937432	0.00041189770347066176	1.01895213	52.08258438	0.99655473	0.0728110107523223	0.0108653	0.00013
0.0065	0.0841	0.2493	-0.0016528268016386303	0.000926769832808989	0.0003700098014227979	1.06135678	54.25004959	1.02040744	0.16755800926062764	0.0131015	0.0003
0.0005	0.1289	0.2725	-0.0023352505391684127	0.0009128071987930344	0.0003665191429188092	1.02638972	52.46274948	0.99772312	0.1089938515024863	0.0147562	0.00044
-0.0015	0.0479	0.2439	-0.0017715091907742446	0.0009546951008408983	0.0004380776422505767	1.02466428	52.3745575	0.99532665	0.14545938748869	0.0133067	0.00017
0.0077	0.0043	0.2217	-0.001165879940332212	0.000757472895365539	0.0004572762640225143	1.01156414	51.70495605	0.98972054	0.11610250388446645	0.0125564	0.00013
0.0157	0.0121	0.202	-0.000895353906273091	0.0006230825429619757	0.00040666171571467877	1.01667118	51.96599579	0.98836436	0.05827654673852598	0.0113865	0.00017
0.0119	0.0218	0.2211	-0.0011798425743481666	0.0007382742735936014	0.00041189770347066176	1.01989353	52.13070297	0.99520516	0.05284581932313418	0.0119253	0.00018
0.0023	0.0874	0.2602	-0.0021956241990088664	0.0009145525280450286	0.00042935099599060504	1.05040014	53.6900177	1.02140713	0.17477565858160352	0.0137505	0.00017
-0.0029	0.0368	0.2525	-0.0021642082724729686	0.0009232791743050004	0.00041538836197465044	0.97786045	49.98223114	0.97478573	0.0662052603405912	0.0133781	0.00019
0.0059	-0.0146	0.2213	-0.001514945790731078	0.0007295476273336296	0.0004677482395344803	1.01464629	51.86249542	0.99861182	0.13616769531365455	0.0126474	0.00011
0.0134	0.013	0.1941	-0.001054178868204575	0.0004520402762665313	0.00040840704496667313	0.99869448	51.04713821	0.98937029	0.10218077340807041	0.0113199	0.00015
0.013	0.0341	0.1805	-0.00091106186954104	0.00034208453339088857	0.0003106686068549907	1.07801533	55.1015358	1.0295618	0.05264055898254302	0.0105569	0.00012
0.0131	0.0605	0.1783	-0.000890117918517108	0.00037350045992678646	0.0003159045946109737	1.04358184	53.34150314	1.0022086	0.03157979326579065	0.0101652	0.0001
0.0065	0.0973	0.2099	-0.0013142329267517303	0.0005235987755982988	0.00031415926535897925	1.02403867	52.34257889	0.99581736	0.10379793265790647	0.0110117	6e-05
0.0	0.1562	0.2415	-0.0021851522234969008	0.0007295476273336296	0.00029496064358704166	1.06544757	54.45914841	1.01049664	0.15180333851262195	0.013606	0.00026
-0.0005	0.0751	0.2164	-0.001970476725501598	0.000783652834145454	0.0003106686068549907	1.03734219	53.02257538	1.01185285	0.1209244334037538	0.0120059	0.00014
0.0084	-0.0298	0.1882	-0.0011344640137963143	0.0004415683007545654	0.0002530727415391778	1.04610622	53.47053528	1.01972731	0.20378465552059927	0.0107258	0.00011
0.0144	0.0017	0.2107	-0.001254891732183923	0.00028623399732707005	0.0002303834612632515	1.00351262	51.29341507	0.98854966	0.0749225651045515	0.0111273	0.00019
0.0081	0.0798	0.246	-0.0019442967867216831	0.00042760566673861073	0.00027750735106709843	1.0272193	52.50515366	1.00484809	0.16359503068765735	0.0127556	0.00028
0.0014	0.0615	0.2346	-0.0021991148575128553	0.0005864306286700947	0.00023911010752322313	0.97599453	49.88685608	0.97179587	0.05900201381332656	0.0133319	0.00034
0.0005	-0.0232	0.2119	-0.0016057029118347831	0.000726056968829641	0.0002705260340591211	1.02322853	52.30117035	1.00416841	0.1465227106186758	0.01237	0.00031
-0.0018	-0.0046	0.197	-0.0012950343049797925	0.0004799655442984406	-5.4105206811824215e-05	1.05474412	53.91205215	0.99827205	0.07986956361285681	0.0119879	0.00029
0.0011	0.0462	0.2061	-0.0012880529879718153	0.0006387905062299246	-4.18879020478639e-05	1.06666052	54.52114487	1.01327037	0.07170117918517108	0.0113392	0.00019
-0.0031	0.124	0.2434	-0.0020525072003453313	0.0007330382858376184	0.0001064650843716541	1.08491528	55.454216	1.03318794	0.16965274892003643	0.0129723	0.00029
-0.0013	0.1001	0.2362	-0.002171189589480946	0.0007644542123735164	0.000153588974175501	1.008919	51.56975174	0.98240765	0.04276111027376798	0.0127513	0.00018
0.0083	0.0178	0.2029	-0.001282817000215832	0.0005427973973702365	0.00018500490071139895	1.06241739	54.30426025	1.02000202	0.18227226654021456	0.0109303	0.00018
0.0307	0.0115	0.1952	-0.0008237954069413235	0.0005270894341022875	0.0002251474735072685	1.04522121	53.42529678	1.00251291	0.062143606466916336	0.0101292	0.00012
0.0245	0.0694	0.2323	-0.0012932889757277981	0.0007208209810736582	0.0003106686068549907	1.07248533	54.81887436	1.02379727	0.13863731245527838	0.0108643	0.0001
0.0238	0.1161	0.259	-0.0021467549799530253	0.0008883725892651138	0.00034208453339088857	1.0410881	53.21403885	1.01052595	0.12672167694762904	0.0126365	0.00016
0.0256	0.0368	0.2252	-0.001635373509118687	0.0009669124056048585	0.0003700098014227979	1.01145101	51.69917297	0.99314055	0.1457923277602996	0.0110005	8e-05
0.0326	-0.027	0.2016	-0.0008499753457212384	0.0006649704450098395	0.00028797932657906436	1.00507319	51.37318039	0.99317499	0.15286852994181005	0.0101168	9e-05
0.0357	-0.0035	0.211	-0.0007470009198535729	0.0005811946409141118	0.00026354471705114377	0.9870249	50.45066071	0.97855756	0.046559241974565686	0.0100305	9e-05
0.0258	0.0854	0.2557	-0.0017226399717184032	0.0007661995416255106	0.0003089232776029963	1.05230618	53.78743744	1.0265175	0.20380112565640407	0.0116827	0.00013
0.0217	0.0867	0.2424	-0.0019844393595175526	0.0009826203688728075	0.0003298672286269283	0.99113071	50.66052628	0.98794704	0.04365820830351889	0.0117752	0.00024
0.0239	0.0161	0.2059	-0.0012793263417118436	0.0007609635538695277	0.00038397243543875244	1.01668537	51.9667244	1.00558675	0.15834375198104067	0.010052	0.00012
0.0336	0.011	0.1845	-0.0008813912722571365	0.0005305800926062762	0.0003351032163829112	1.03658748	52.98399734	1.00469152	0.07005938748868999	0.00976187	0.00011
0.037	0.042	0.1931	-0.000895353906273091	0.000582939970166106	0.00030368728984701333	1.0252676	52.40539551	0.98900868	0.04788692190558411	0.00947118	9e-05
0.0296	0.1135	0.2407	-0.0018727382873899156	0.000757472895365539	0.0004206243497306334	1.08760917	55.59191513	1.02856008	0.18994271830999393	0.0122135	0.00018
0.0308	0.0881	0.2154	-0.0019687313962496035	0.0010210176124166828	0.00047647488579445195	1.04351473	53.33807373	1.0094503	0.0726694180987325	0.0117996	0.00019
0.0199	-0.0081	0.1986	-0.001356120828799594	0.0006981317007977319	0.0003193952531149623	1.06429994	54.40048599	1.03153539	0.1785288055874225	0.0112187	0.00016
0.0195	-0.0071	0.2076	-0.0010245082709206715	0.0005515240436302081	0.000148352986419518	1.01810026	52.03904343	0.99197908	0.04286312408709453	0.0099889	8e-05
0.0271	0.0197	0.2014	-0.0007941248096574199	0.0004363323129985824	8.37758040957278e-05	1.04989421	53.66415787	0.98778899	0.06110761871093339	0.0102181	0.00021
0.0161	0.0469	0.213	-0.0011047934165124105	0.0004956735075663896	2.268928027592628e-05	1.04064012	53.19113922	1.00028153	0.07135481626212996	0.0105457	0.00013
0.009	0.0937	0.2176	-0.0017523105690023068	0.0006789330790257941	6.632251157578452e-05	1.03666127	52.98777008	1.00467324	0.10222049776245797	0.0117189	9e-05
0.0095	0.0133	0.1959	-0.0012863076587198209	0.0007958701389094143	5.93411945678072e-05	1.02244997	52.26137543	1.00186007	0.13209606435870416	0.0103021	6e-05
0.0206	-0.0259	0.1882	-0.000874409955249159	0.0006981317007977319	2.268928027592628e-05	0.99417347	50.81605148	0.98360806	0.08531440279371123	0.00976437	4e-05
0.0244	0.026	0.1849	-0.0006911503837897545	0.0007138396640656808	2.094395102393195e-05	0.98884624	50.54375839	0.98308284	0.06903564319896738	0.00906342	0.0001
0.0275	0.0338	0.1768	-0.0006283185307179585	0.0007068583470577034	5.759586531581287e-05	1.02203679	52.24025726	0.98852344	0.024323254218582703	0.00896132	6e-05
0.0293	0.0372	0.1622	-0.0005288347633542819	0.0006719517620178169	1.9198621771937625e-05	1.04027545	53.17250061	0.99943017	0.02843937979737192	0.00889266	6e-05
0.0228	0.0625	0.1937	-0.0011013027580084218	0.0007086036763096977	0.00013788101090755203	1.04803455	53.56910324	1.00811318	0.09969011490408176	0.00994152	5e-05
0.0155	0.0968	0.2044	-0.0017889624832941875	0.0007295476273336296	0.00016406094968746698	1.02766025	52.52769089	0.99036541	0.08903918075448061	0.0110279	7e-05
0.0188	0.0081	0.1757	-0.0012339477811599909	0.0006806784082777885	0.00024085543677521747	1.04800916	53.56780243	1.01653077	0.1547339204138894	0.00998366	9e-05
0.0296	-0.0355	0.1528	-0.0005969026041820607	0.00048520153205442357	0.00022689280275926284	1.02014184	52.14339828	0.99402974	0.11962423436086247	0.00912821	8e-05
0.04	-0.024	0.1493	-0.00041538836197465044	0.000445058959258554	0.000148352986419518	1.00329208	51.28213882	0.98456548	0.04040983156715122	0.00884074	6e-05
0.0381	0.028	0.1651	-0.000619591884457987	0.0005375614096142535	0.00017802358370342162	1.03728819	53.01980972	1.00334004	0.086018828506147	0.00896621	7e-05
0.0251	0.0958	0.2022	-0.0017051866791984597	0.0006684611035138282	0.00023911010752322313	1.05408454	53.87833786	1.01562358	0.1817790506229925	0.0109041	0.00011
0.0226	0.0554	0.181	-0.0015463617172669759	0.0007208209810736582	0.00027925268031909274	1.02459323	52.37092209	0.99523226	0.07666637061435917	0.0106418	0.0001
0.0364	-0.0081	0.1407	-0.0007766715171374765	0.0005532693728822024	0.00023212879051524583	1.04787552	53.56097031	1.01275085	0.16681828490624007	0.00933403	7e-05
0.043	0.0099	0.1365	-0.00046949356878647465	0.0005462880558742252	0.00017453292519943296	1.02759552	52.52437973	0.99300192	0.04738775653373958	0.00874382	5e-05
0.0453	0.0349	0.1566	-0.0005567600313861911	0.0005497787143782138	0.0001658062789394613	1.00919807	51.58401871	0.98359653	0.05237418836818382	0.0086661	9e-05
0.0339	0.1133	0.195	-0.0015184364492350666	0.0006998770300497262	0.0002670353755551324	1.0933007	55.88282776	1.02049251	0.18885019150680296	0.0108866	0.00012
0.0272	0.0551	0.1732	-0.0013404128655316449	0.0007993607974134029	0.00024609142453120044	1.04349446	53.33703995	1.01067046	0.10162256510455155	0.0104761	0.0001
0.038	-0.0398	0.1452	-0.0007086036763096977	0.000609119908946021	0.0002513274122871834	1.05690062	54.02228165	1.02117813	0.17506430327226563	0.00962317	5e-05
0.0475	-0.0099	0.1393	-0.00039095375244672985	0.0006859143960337716	0.00017453292519943296	1.01431692	51.84566116	0.98959128	0.06886194490192345	0.00927806	9e-05
0.0512	0.0082	0.1488	-0.0003298672286269283	0.0006544984694978735	0.00013962634015954637	0.99317926	50.7652359	0.97698207	0.037670451769779296	0.00886953	6e-05
0.0393	0.065	0.1802	-0.0008970992355250854	0.0007731808586334879	0.0001972222054753592	1.03659725	52.98449326	0.99688463	0.13727551306747923	0.00971538	7e-05
0.0287	0.1009	0.1958	-0.0016842427281745281	0.000926769832808989	0.00028623399732707005	1.05258954	53.80192566	1.01530535	0.11358721293383274	0.0107466	0.00013
0.0277	0.0109	0.1608	-0.000926769832808989	0.0009686577348568529	0.00022165681500327985	1.05536902	53.94399643	1.02243281	0.16919689898685966	0.00918049	6e-05
0.0336	0.0023	0.1473	-0.0003577924966588376	0.0006597344572538566	-3.4906585039886588e-06	1.04435015	53.38077927	1.00134789	0.0831524043630208	0.00868011	8e-05
0.0439	0.0191	0.1551	-0.0002199114857512855	0.0007155849933176752	-2.268928027592628e-05	1.01132047	51.69250107	0.97603009	0.04554650843716542	0.0082044	2e-05
0.0422	0.0448	0.1704	-0.000322885911618951	0.0007225663103256524	3.316125578789226e-05	1.05837822	54.09780502	1.00160016	0.05099031394697307	0.00914735	7e-05
0.0306	0.0925	0.2106	-0.0013159782560037243	0.0008569566627292158	0.00011519173063162575	1.08668292	55.54456711	1.02397044	0.1599756585816035	0.010003	9e-05
0.028	0.0773	0.2058	-0.0016929693744344998	0.0009354964790689606	0.00019024088846738194	1.00854492	51.55063248	0.98564503	0.04912900463031383	0.0103675	9e-05
0.0399	-0.0291	0.1605	-0.0006771877497737998	0.000705113017805709	0.00017278759594743863	1.06813502	54.59651184	1.0303951	0.22678091892219476	0.0089277	7e-05
0.0524	-0.026	0.1535	-0.00023212879051524583	0.0006754424205218055	5.4105206811824215e-05	0.99526894	50.87204742	0.97548512	0.05227059728390361	0.008798	9e-05
0.0382	0.0384	0.194	-0.000736528944341607	0.0005619960191421741	0.0001239183768915974	1.04827523	53.58140564	1.01418099	0.15348298626428833	0.00897354	0.00012
0.0227	0.1069	0.2232	-0.0017470745812463236	0.0006806784082777885	0.00013788101090755203	1.05415404	53.88189316	1.02196368	0.17035953300281428	0.0110471	0.00013
0.024	0.0423	0.1927	-0.001626646862858715	0.0006754424205218055	0.0002181661564992912	1.02605164	52.4454689	1.0024102	0.10669744258676651	0.0105238	0.00012
0.0286	-0.0263	0.1653	-0.0009180431865490173	0.0005375614096142535	0.00017627825445142725	1.044155	53.37080383	1.00931437	0.14501862946325567	0.00996059	0.0001
0.0363	-0.0008	0.1556	-0.0004939281783143952	0.0005515240436302081	0.00015184364492350666	1.05096388	53.71883011	0.98605796	0.06602561258892488	0.00943893	0.00016
0.0286	0.0326	0.1779	-0.000757472895365539	0.0006108652381980154	0.00015533430342749534	1.08989358	55.70867538	1.01885312	0.07971882850614699	0.00946796	0.00014
0.0201	0.1187	0.2179	-0.0018605209826259553	0.0007347836150896127	0.00024085543677521747	1.10893416	56.68191528	1.04383525	0.2002243798749868	0.0115095	0.00013
0.0179	0.0684	0.2039	-0.0018867009214058703	0.0007173303225696694	0.0002722713633111154	1.01341105	51.79935837	0.98599099	0.07025245789178781	0.011006	0.00012
0.0229	-0.0087	0.1761	-0.001022762941668677	0.0006963863715457374	0.0002705260340591211	1.0347482	52.88998413	1.00193047	0.15423136300065596	0.010395	8e-05
0.0288	-0.0144	0.1664	-0.0006108652381980154	0.0005654866776461627	0.0002181661564992912	1.01581001	51.92198181	0.98421851	0.051057863746503326	0.00878388	6e-05
0.0309	0.0146	0.1746	-0.0006108652381980154	0.0006073745796940267	0.0002007128639793479	1.02024007	52.14841461	0.98645835	0.04226705972839038	0.00852638	3e-05
0.0268	0.0983	0.2126	-0.001616174887346749	0.0007400196028455958	0.00027750735106709843	1.07193303	54.79064178	1.02563964	0.1865374579694027	0.0102617	6e-05
0.0271	0.0707	0.1997	-0.001820378409830086	0.0007661995416255106	0.0003351032163829112	0.98499471	50.3468895	0.97112071	0.05519896632895325	0.0102035	4e-05
0.027	-0.0068	0.1638	-0.0010297442586766543	0.0006859143960337716	0.0002530727415391778	1.00861681	51.55430984	0.98974367	0.1611474885794452	0.00938547	5e-05
0.0343	-0.0284	0.1471	-0.0004939281783143952	0.00045553093477052	0.00019547687622336493	0.99873412	51.04916382	0.9799265	0.08678977034706617	0.00889575	8e-05
0.031	0.0301	0.1698	-0.0006579891280018621	0.0004991641660703782	0.0001937315469713706	1.02190495	52.23351288	0.99582308	0.09497197551196597	0.00903004	0.0001
0.0257	0.1107	0.2074	-0.0016999506914424768	0.0007539822368615504	0.00034033920413889426	1.06681061	54.52882004	1.02735954	0.19566936456996553	0.0110135	0.00013
0.0224	0.0752	0.1893	-0.0016929693744344998	0.0008604473212332044	0.0003351032163829112	0.98885512	50.54421234	0.98059074	0.0628341194567807	0.0104794	0.0001
0.0333	-0.0087	0.1555	-0.000895353906273091	0.0006736970912698113	0.0003717551306747922	1.0307225	52.68421555	1.00503027	0.17965088062083415	0.0092116	5e-05
0.0446	0.0047	0.1379	-0.00038571776469074686	0.0005846852994181004	0.00028797932657906436	0.99346656	50.77991867	0.96988514	0.07642118687648913	0.00887865	8e-05
0.0426	0.0366	0.1508	-0.0004188790204786391	0.0005532693728822024	0.000317649923862968	1.0272311	52.50575256	0.99076526	0.05151238898038468	0.00866932	5e-05
0.0315	0.0927	0.2017	-0.0015638150097869194	0.0007644542123735164	0.00040666171571467877	1.07994771	55.20030594	1.02857727	0.19035663103256528	0.0110635	0.00012
0.0265	0.0917	0.1892	-0.001647590813882647	0.0008517206749732328	0.0004014257279586958	1.0056541	51.40287018	0.9854777	0.027313912722571346	0.0104634	6e-05
0.026	-0.0045	0.1757	-0.0009389871375729493	0.0007906341511534313	0.00040666171571467877	1.02999902	52.64723587	1.00218162	0.14894630939427414	0.008901	5e-05
0.0329	-0.0007	0.1552	-0.0003577924966588376	0.000577703982410123	0.0003106686068549907	1.00561345	51.40079117	0.97514678	0.07570589592585537	0.00879383	8e-05
0.0342	0.0274	0.1577	-0.00022689280275926284	0.0005515240436302081	0.00029321531433504735	1.02589667	52.43754578	0.98870299	0.04062664625997165	0.00822592	7e-05
0.0286	0.0845	0.2048	-0.0011711159280881952	0.0007888888219014368	0.00040317105721069014	1.06829524	54.604702	1.01732616	0.17437718232379018	0.00943732	0.0001
0.0249	0.0991	0.1941	-0.0015132004614790836	0.0008447393579652555	0.00040317105721069014	1.00453305	51.34556961	0.98401487	0.04889675347273536	0.00992227	9e-05
0.0233	-0.016	0.1771	-0.0007853981633974483	0.000731292956585624	0.00035081117965086024	1.04075062	53.1967926	1.01089277	0.1783804288510548	0.00858223	6e-05
0.0258	-0.0077	0.1645	-0.00021467549799530252	0.0006370451769779302	0.00017104226669544429	0.99158388	50.68368912	0.97155605	0.06563696789826277	0.0078246	3e-05
0.0263	0.0177	0.167	-8.726646259971648e-06	0.000598647933434055	0.00010297442586766544	1.0179559	52.0316658	0.98456529	0.04402069680534924	0.00854319	3e-05
0.021	0.0559	0.1908	-0.0003787364476827695	0.0007661995416255106	0.00011519173063162575	1.04266596	53.29468918	0.9998246	0.09478893571891069	0.00833005	5e-05
0.0168	0.1174	0.2071	-0.0012723450247038664	0.0008656833089891874	0.00017627825445142725	1.03843367	53.07836151	1.00427192	0.13470894341022877	0.00985986	6e-05
0.0143	0.0305	0.1985	-0.001085594794740473	0.0009337511498169664	0.0001884955592153876	1.00324202	51.27958298	0.98538516	0.11135176877775664	0.00882471	4e-05
0.0228	0.0006	0.1739	-0.0001832595714594046	0.0007382742735936014	0.0002007128639793479	0.99590504	50.90456009	0.97769857	0.11850147021341968	0.00767589	2e-05
0.0307	0.0112	0.1992	-9.075712110370512e-05	0.0005637413483941684	0.00016406094968746698	0.99430192	50.82261658	0.97553503	0.05898436449235066	0.0084582	5e-05
0.0288	0.0716	0.2257	-0.0005881759579220891	0.000661479786505851	0.00019547687622336493	1.02829337	52.56005096	0.99828276	0.12012866007329824	0.00857884	8e-05
0.0286	0.1096	0.2277	-0.0016074482410867775	0.000619591884457987	0.00028274333882308137	1.0451448	53.42139435	1.01224654	0.09762133239061345	0.0111086	0.00011
0.0237	0.0348	0.1987	-0.0011222467090323538	0.0007592182246175333	0.0002897246558310587	1.01867676	52.06851196	0.99459156	0.1402904594610974	0.00905073	4e-05
0.0307	-0.0238	0.1679	-0.00020943951023931956	0.000609119908946021	0.0002007128639793479	1.0253247	52.40831375	0.99418207	0.15399586531581283	0.00855285	2e-05
0.0364	0.0064	0.1674	0.00019896753472735358	0.0005305800926062762	8.552113334772214e-05	1.03796148	53.05422592	0.99274972	0.06650692959690219	0.00787556	8e-05
0.026	0.0523	0.2036	-0.0003665191429188092	0.0007208209810736582	0.0001186823891356144	1.0761596	55.00667953	1.01680195	0.1319444410950719	0.00891411	0.0001
0.0214	0.1039	0.2189	-0.0010716321607245184	0.000874409955249159	0.00016929693744344995	1.03314471	52.80802536	0.99853938	0.11696582701445228	0.00920552	6e-05
0.0233	0.0252	0.1921	-0.0005585053606381855	0.0008779006137531476	0.00018500490071139895	1.02015364	52.14400101	0.99004612	0.13401627109291356	0.00760192	3e-05
0.0292	-0.0082	0.1744	5.4105206811824215e-05	0.0006597344572538566	0.00015184364492350666	1.004372	51.33734131	0.97786911	0.10019689898685964	0.00732589	6e-05
0.0332	0.0236	0.1748	0.0001361356816555577	0.000593411945678072	7.504915783575618e-05	1.0005368	51.14130402	0.9765252	0.04745737367536344	0.00738877	5e-05
0.0275	0.0922	0.2178	-0.0009616764178488756	0.0008604473212332044	0.00016929693744344995	1.05983377	54.17220306	1.02163366	0.19025476273336295	0.00872159	7e-05
0.0234	0.101	0.2054	-0.001514945790731078	0.0008831366015091308	0.00020769418098732522	0.99572557	50.89538574	0.98238661	0.0560177948351002	0.00978893	0.00013
0.0269	-0.0128	0.1821	-0.0008813912722571365	0.000895353906273091	0.0002740166925631097	1.03551114	52.92898178	1.01396864	0.1762047167406843	0.00873852	7e-05
0.0395	-0.0228	0.15	-7.155849933176751e-05	0.0006318091892219474	0.00017278759594743863	1.01271939	51.76400375	0.99165992	0.1134303293296092	0.00837994	0.0001
0.036	0.0197	0.1592	1.0471975511965975e-05	0.0006527531402458793	0.00014660765716752367	1.05847931	54.10297394	1.00291296	0.06165771823237903	0.00764853	5e-05
0.0272	0.0808	0.196	-0.0009930923443847736	0.0007731808586334879	0.0001675516081914556	1.0959233	56.01688004	1.03081345	0.163946799465414	0.00994283	0.00011
0.0253	0.085	0.1846	-0.0012636183784438947	0.0009232791743050004	0.00020769418098732522	1.01975358	52.12355042	0.99296205	0.04053834612632518	0.00932288	7e-05
0.0323	-0.0147	0.1518	-0.0003961897402027128	0.0008272860654453122	0.00023212879051524583	1.05075908	53.70835876	1.01457191	0.18889281783143955	0.00780314	1e-05
0.0398	-0.0033	0.1485	-1.3962634015954635e-05	0.000593411945678072	0.00015184364492350666	1.02749932	52.51946259	0.98259325	0.05701931857728687	0.00866562	0.00014
0.0331	0.0454	0.1659	-8.901179185171081e-05	0.0006876597252857658	0.0001361356816555577	1.03347552	52.8249321	0.99320985	0.08205024503556996	0.00762516	3e-05
0.0225	0.1059	0.2099	-0.001129228026040331	0.0008412486994612669	0.00024085543677521747	1.05907226	54.13328171	1.01511925	0.18002624817418905	0.00942808	9e-05
0.0165	0.0687	0.2068	-0.0014451326206513049	0.000874409955249159	0.0001832595714594046	0.99775195	50.9989624	0.97896981	0.06663308578573393	0.00950789	6e-05
0.0204	-0.0148	0.1906	-0.0007592182246175333	0.0009232791743050004	0.00022165681500327985	1.02032256	52.15263367	0.99444331	0.1422590429316744	0.0081324	5e-05
0.0271	-0.0209	0.1753	-0.0001256637061435917	0.000726056968829641	0.0001675516081914556	0.97724521	49.95078278	0.96642344	0.07234409653805622	0.00836694	4e-05
0.0284	0.0038	0.1777	6.45771823237902e-05	0.0006911503837897545	0.0001291543646475804	0.99271488	50.74149704	0.97418727	0.04157723585255717	0.00736392	3e-05
0.0213	0.0786	0.2189	-0.0009337511498169664	0.0008377580409572782	0.000158824961931484	1.0518682	53.7650528	1.01628184	0.1818303293296092	0.0092271	4e-05
0.0199	0.07	0.2073	-0.0012636183784438947	0.0008377580409572782	0.00013788101090755203	0.977072	49.94192886	0.96869681	0.03914055898254301	0.0090403	3e-05
0.0229	0.0068	0.1891	-0.0007347836150896127	0.0008621926504851988	0.0002181661564992912	0.99040675	50.6235199	0.98028214	0.11607772592369713	0.0079751	4e-05
0.0267	-0.011	0.1689	-8.726646259971648e-05	0.0007749261878854823	0.0002007128639793479	0.98620445	50.40872574	0.97275684	0.0794118453804778	0.00724751	3e-05
0.0325	-0.0061	0.1666	9.42477796076938e-05	0.0007225663103256524	0.0001239183768915974	0.97343171	49.75585938	0.96222937	0.02853343034274953	0.00686145	3e-05
0.026	0.0673	0.2008	-0.00042411500823462205	0.0009669124056048585	0.00018675022996339323	1.02985716	52.63998413	0.98931627	0.15537703680966589	0.00801474	4e-05
0.0138	0.1357	0.2421	-0.0012793263417118436	0.0009354964790689606	5.4105206811824215e-05	1.04007876	53.16244888	1.0071309	0.17286361415823445	0.0103987	0.00015
0.0081	0.1984	0.2444	-0.0007557275661135446	0.0005724679946541401	-8.552113334772214e-05	1.06597579	54.48614883	1.04714683	0.12201268000863329	0.0130897	0.00108
0.0137	-0.0411	0.1017	0.0007382742735936014	0.0011466813185602744	-9.250245035569947e-05	1.36253214	69.64428711	1.26128459	0.4915598240310628	0.00868064	0.00023
0.0074	-0.1842	0.0813	0.0006963863715457374	0.0012461650859239514	-5.235987755982989e-05	1.07269955	54.82982635	1.04888419	0.1788757121103705	0.0116186	0.00066
0.02	-0.1485	0.0733	0.001043706892692609	0.000947713783832921	0.0003385938748868999	1.09350121	55.89307785	1.0543149	0.1081362787842316	0.0110075	0.00067
0.0237	-0.1108	0.0941	0.0014940018397071458	0.0011711159280881952	8.203047484373349e-05	1.10977888	56.72509384	1.07012755	0.10871302456564884	0.0107809	0.00038
0.0633	-0.0819	-0.0578	0.005876523591464907	0.0018517943363659836	-0.0004572762640225143	1.57720864	80.61723328	1.43990006	0.5005253449450897	0.0221252	0.01019
0.0687	0.1321	-0.0308	0.004939281783143952	0.001932079481957723	-0.00033684854563490564	1.27940309	65.39524078	1.22098573	0.3032977336150152	0.0186319	0.0052
0.0628	0.1689	0.023	0.004544837372193235	0.0015219271077390555	-0.0004433136300065597	0.97686809	49.93150711	0.98074695	0.14205309347705194	0.0166886	0.00266
0.0545	0.1733	0.0572	0.004201007509550351	0.0013107422682477415	-0.0006684611035138282	0.98048276	50.11626816	0.97388552	0.08590810878207333	0.0147747	0.00132
0.0441	0.1707	0.0833	0.003949680097263168	0.0015481070465189703	-0.0007016223593017205	1.01318276	51.78769302	0.97648631	0.06519267231731524	0.0135452	0.00082
0.0334	0.1249	0.1051	0.003363249468593073	0.0015358897417550098	-0.0006597344572538566	1.04820716	53.57792282	1.00618863	0.11032679177409592	0.0117459	0.00036
0.0364	-0.0161	0.0922	0.003728023282259888	0.0015760323145508795	-0.0005305800926062762	1.07383251	54.88773346	1.04023311	0.1836035375555132	0.0109501	0.00025
0.0405	-0.0956	0.0926	0.0038571776469074684	0.0015882496193148398	-0.0004520402762665313	1.01924396	52.09749985	1.00003711	0.0949955742875643	0.0114478	0.0004
0.0477	-0.1037	0.0953	0.0038432150128915135	0.001452113937659282	-0.0004485496177625427	0.98809338	50.50527573	0.97524438	0.02567944870877506	0.0118747	0.00068
0.0495	-0.0968	0.101	0.003745476574779831	0.0014067353771074296	-0.00042411500823462205	0.98004007	50.09363937	0.97014883	0.02277758040957278	0.0120074	0.00073
0.0415	-0.0435	0.1428	0.003145083312093782	0.0015585790220309364	-0.00041713369122664475	1.01185787	51.7199707	0.99488098	0.14106091123087666	0.0105103	0.00062
0.0372	0.0231	0.152	0.0027366762671271086	0.0017191493132144146	-0.00040666171571467877	1.00305665	51.27010727	0.97993251	0.10907246558310586	0.0103269	0.00065
0.0391	0.0082	0.1355	0.0031119220563058892	0.001635373509118687	-0.00037524578917878077	0.96112317	49.12672424	0.95905435	0.05782187599052031	0.0110422	0.0006
0.0452	0.0261	0.1335	0.0032550390549694243	0.0015603243512829306	-0.0003822271061867582	0.95987141	49.06274033	0.95946917	0.03725737367536344	0.0115703	0.00055
0.0488	0.0405	0.1311	0.003298672286269283	0.0014800392056911916	-0.00040317105721069014	0.96385211	49.26620865	0.95847046	0.027643116395776497	0.0112357	0.00048
0.0467	0.0532	0.144	0.003082251459021986	0.001481784534943186	-0.00034033920413889426	0.96579123	49.36532593	0.96358988	0.04174990047855434	0.0105425	0.00035
0.0421	0.0812	0.159	0.002389355745980237	0.0015376350710070042	-0.0003665191429188092	0.98219615	50.20384598	0.97608622	0.08634630939427411	0.00936604	0.00017
0.0427	0.0253	0.1375	0.002530727415391778	0.0015289084247470327	-0.0003438298626428829	0.97053325	49.60770798	0.96921757	0.08663937979737191	0.00874215	0.00013
0.0444	-0.028	0.1266	0.0028379053637427798	0.001446877949903299	-0.0002705260340591211	0.97595048	49.88460541	0.9690532	0.08902561258892489	0.00860274	5e-05
0.0448	-0.0399	0.1201	0.0030072023011862297	0.0013945180723434693	-0.00029845130209103034	0.97424465	49.79741287	0.96625276	0.03127910415175943	0.00954539	9e-05
0.0487	-0.0415	0.1186	0.0030159289474462015	0.0013718287920675431	-0.0002897246558310587	0.97662127	49.91889191	0.96499252	0.00900712863979349	0.00848162	8e-05
0.0459	0.008	0.1528	0.0024190263432641405	0.0014695672301792255	-0.00021467549799530252	1.0097692	51.61321259	0.98129028	0.12498451000647497	0.00741202	6e-05
0.0372	0.0699	0.1782	0.0015219271077390555	0.0015393804002589986	-0.00017278759594743863	1.01844788	52.05680847	0.99389701	0.14644001538263615	0.00761342	3e-05
0.0346	0.0177	0.1598	0.001609193570338772	0.0015323990832510211	-0.00016406094968746698	0.97811109	49.99504089	0.97151773	0.07834872129338326	0.00678962	3e-05
0.0461	-0.0238	0.1345	0.0022863813201125715	0.0013473941825396225	-0.0001256637061435917	0.98328775	50.25963974	0.97467126	0.12332949470145368	0.00714618	4e-05
0.0541	-0.0099	0.1211	0.0025551620249196984	0.0012461650859239514	-0.00018500490071139895	0.97327107	49.74765015	0.96645134	0.05676754979953028	0.00756323	4e-05
0.0513	0.0496	0.1444	0.0022113321622768156	0.0013439035240356337	-0.00010821041362364843	1.00257301	51.24538803	0.98522727	0.11151813939211579	0.00709826	4e-05
0.043	0.0984	0.1677	0.0012374384396639797	0.00152367243699105	-2.268928027592628e-05	1.00648749	51.4454689	0.99006479	0.14235918844579873	0.00687706	3e-05
0.0424	0.0136	0.148	0.0015498523757709647	0.001429424657383356	-5.235987755982988e-06	0.98695195	50.44693375	0.98014394	0.12630575041173112	0.0063259	4e-05
0.0495	-0.0459	0.125	0.0022444934180647076	0.0012374384396639797	-2.792526803190927e-05	1.00204432	51.2183609	0.9825217	0.13506582701445227	0.00699592	5e-05
0.0532	-0.0213	0.1174	0.0025499260371637153	0.0011414453308042916	-0.0001291543646475804	0.98298299	50.24406433	0.96006414	0.06103274122871834	0.00747067	5e-05
0.0413	0.0199	0.1557	0.0018483036778619948	0.0013491395117916165	-0.00014486232791552936	1.04927993	53.63275528	1.00483259	0.13765122517784972	0.00665927	3e-05
0.0352	0.0662	0.1553	0.001165879940332212	0.0013212142437597075	-0.0001937315469713706	1.02616429	52.45122528	0.99665023	0.09076091123087664	0.00689059	5e-05
0.0368	-0.0175	0.1361	0.0017086773377024485	0.0013526301702956054	-0.00013962634015954637	1.01182008	51.71804047	0.99156794	0.1359159265358979	0.00671268	3e-05
0.0411	-0.0263	0.1233	0.0023073252711365037	0.001223475805648025	-0.0001937315469713706	0.98607814	50.40226746	0.97269448	0.06499537524467297	0.00713056	5e-05
0.0418	-0.0119	0.1247	0.0024068090385001802	0.0011990411961201044	-0.0002670353755551324	0.9779073	49.98462677	0.96853603	0.026361110273767942	0.00817096	3e-05
0.0387	0.0573	0.1677	0.0014922565104551516	0.0013456488532876281	-0.00020943951023931956	1.03041768	52.66863632	1.00417709	0.17123780252641824	0.00710762	6e-05
0.0299	0.0749	0.1515	0.001218239817892042	0.0013683381335635543	-0.0002740166925631097	0.98104471	50.14498901	0.9666809	0.06066415775814128	0.0070954	3e-05
0.0293	-0.0117	0.1326	0.0018762289458939042	0.0013980087308474581	-0.00023387411976724014	0.99678183	50.94937515	0.98567594	0.14249011490408178	0.00755209	0.0001
0.04	-0.0242	0.1162	0.00243473430653209	0.0011344640137963143	-0.00024085543677521747	0.99915612	51.07073593	0.98001204	0.08105156973486534	0.00825578	0.00013
0.042	0.0081	0.1116	0.0025603980126756814	0.0011379546723003027	-0.00032812189937493397	1.0000819	51.11805725	0.97916498	0.049721041362364805	0.00785476	6e-05
0.0332	0.0702	0.1523	0.0015219271077390555	0.0015079644737231008	-0.0002443460952792061	1.05529106	53.94001007	1.01542175	0.1862128255227576	0.00725651	8e-05
0.03	0.0825	0.1471	0.0008604473212332044	0.001450368608407288	-0.00019896753472735358	0.98690438	50.44449997	0.97543265	0.058922710618675815	0.00807154	6e-05
0.0273	-0.0117	0.1317	0.0014172073526193955	0.0015847589608108511	-0.00011693705988362007	0.99637061	50.92835617	0.98506211	0.1509590429316744	0.00705314	9e-05
0.0277	-0.0492	0.1252	0.002097885760897184	0.0014014993893514465	-0.0001605702911834783	0.9967854	50.94955826	0.98165637	0.08977856055185257	0.00842065	0.00014
0.0317	-0.0181	0.1165	0.0024731315500759648	0.0011711159280881952	-0.00028274333882308137	1.00675344	51.45906448	0.98364596	0.08019011490408175	0.00860506	0.00013
0.0273	0.0372	0.1515	0.0017558012275062952	0.0014276793281313615	-0.000158824961931484	1.06914008	54.64788818	1.00939208	0.14959060497522167	0.00770015	0.00013
0.0191	0.0841	0.16	0.000874409955249159	0.0014346606451393388	-0.0001884955592153876	1.04034555	53.17608643	1.00340214	0.10950215932745085	0.00786757	9e-05
0.0225	-0.0126	0.1363	0.001329940890019679	0.0015079644737231008	-9.948376736367679e-05	1.02880657	52.58628464	1.00605775	0.1546923277602996	0.00779814	9e-05
0.0332	-0.029	0.115	0.002141518992197042	0.0012880529879718153	-3.665191429188092e-05	1.01558471	51.91046143	0.98977727	0.10311607205002223	0.00827938	0.00013
0.0377	-0.0022	0.1092	0.002457423586808016	0.001129228026040331	-0.0001361356816555577	1.02222109	52.24967575	0.99000169	0.06581066619530673	0.00795954	0.00021
0.0365	0.0288	0.1292	0.0021013764194011725	0.0012583823906879114	-0.00015707963267948963	1.02935326	52.61422729	0.99471803	0.07750727415391781	0.0074361	0.00013
0.0287	0.1111	0.1581	0.000932005820564972	0.001504473815219112	-5.585053606381854e-05	1.09352434	55.89426041	1.02455529	0.1948345559991536	0.00823539	0.00012
0.0311	0.0489	0.1453	0.0006632251157578452	0.0016632987771505957	8.37758040957278e-05	1.02946591	52.61998367	1.00019745	0.10576160034490782	0.00748366	8e-05
0.0336	-0.0502	0.1175	0.0016772614111665507	0.0015812683023068625	9.42477796076938e-05	1.04180861	53.25086975	1.01463171	0.18472693728822023	0.00767624	0.0002
0.0403	-0.0524	0.0981	0.0021467549799530253	0.0012932889757277981	6.806784082777885e-05	1.04400969	53.3633728	1.00306932	0.0674826417072727	0.00805593	0.00013
0.0347	0.0316	0.1536	0.0011152653920243766	0.0016598081186466073	9.773843811168246e-05	1.10551894	56.50734711	1.0466548	0.21648396640656808	0.00752085	0.00014
0.0324	0.0708	0.1509	0.00042411500823462205	0.0018273597268380628	0.00017104226669544429	1.0713501	54.760849	0.99998303	0.09080029102824856	0.00816524	0.00011
0.0354	-0.0359	0.1261	0.0011641346110802177	0.0017872171540421933	0.00027750735106709843	1.07723999	55.06190109	1.03014551	0.17883136300065597	0.00784242	8e-05
0.0493	-0.0587	0.0924	0.002134537675189065	0.001382300767579509	0.0001605702911834783	1.03855145	53.08438492	1.00626926	0.14501282552275757	0.00816441	4e-05
0.0455	0.0144	0.1324	0.001595230936322817	0.001656317460142619	0.00022340214425527416	1.10591614	56.52765274	1.03984004	0.16070776422505767	0.00782299	0.00012
0.0366	0.0931	0.17	0.00039269908169872416	0.0020594885173533086	0.0003054326190990077	1.09096432	55.76340485	1.03731035	0.2095866693339258	0.00744182	8e-05
0.0318	0.0121	0.1524	0.0007627088831215222	0.002209586833024821	0.00032463124087094524	1.0128597	51.7711792	0.98754297	0.1303653369433124	0.00673991	4e-05
0.0417	-0.0389	0.1191	0.0018046704465621369	0.0017749998492782332	0.0002740166925631097	1.00888705	51.56812286	0.99093823	0.1705581547747519	0.00721985	6e-05
0.0443	-0.0188	0.1378	0.0017121679962064373	0.001706932008450454	0.00023911010752322313	1.02565598	52.42524719	0.99538437	0.05117384381116826	0.00669891	5e-05
0.0379	0.0705	0.1663	0.0005061454830783556	0.00199142067652553	0.000291469985083053	1.09047258	55.73827362	1.03839414	0.20134355293814937	0.0069294	8e-05
0.0355	0.0166	0.1486	0.0004380776422505767	0.0020804324683772408	0.0003385938748868999	1.00871551	51.55935287	0.99040989	0.08421017612416681	0.00720221	6e-05
0.0386	-0.048	0.1257	0.0013194689145077131	0.0018360863730980347	0.00034906585039886593	1.02616942	52.45148849	1.0015644	0.14741046715241543	0.00703633	6e-05
0.0472	-0.0587	0.1016	0.002050761871093337	0.001424188669627373	0.00017627825445142725	1.01371217	51.81475067	0.98929857	0.1091989128001862	0.00747263	8e-05
0.0376	0.0126	0.1405	0.001403244718603441	0.0016720254234105676	0.00012217304763960306	1.06107438	54.23561478	1.01737745	0.16727295565424577	0.00675464	7e-05
0.0287	0.0879	0.1559	0.0005375614096142535	0.0017715091907742446	0.00013439035240356338	1.08908212	55.667202	1.02482692	0.14846921905584123	0.00774807	8e-05
0.0294	0.0096	0.1394	0.0009040805525330626	0.0018099064343181197	0.00018500490071139895	1.02207065	52.24198532	0.995253	0.118276546738526	0.00695217	9e-05
0.0364	-0.0391	0.1154	0.0017697638615222502	0.0016249015336067207	0.0002600540585471551	1.01250851	51.75322723	0.98986502	0.13598686837681712	0.00720477	8e-05
0.0411	-0.0043	0.1319	0.0017383479349863521	0.001658062789394613	0.00028274333882308137	1.02363849	52.32212448	0.99404834	0.06036332312998582	0.00701904	4e-05
0.037	0.0816	0.1627	0.0004991641660703782	0.0018936822384138475	0.0003473205211468716	1.07007599	54.69572067	1.0276155	0.19776902001295	0.00721562	4e-05
0.037	0.0242	0.1486	0.0005724679946541401	0.00200363798128949	0.0003717551306747922	1.00558019	51.39909363	0.97749799	0.08188470904936623	0.00678134	1e-05
0.0474	-0.0519	0.1036	0.0017470745812463236	0.0016702800941585732	0.00039968039870670147	1.04905379	53.62119675	1.00877869	0.20829448708775047	0.00767368	5e-05
0.0602	-0.0597	0.0987	0.0021921335405048776	0.0014119713648634124	0.000486946861306418	1.00938678	51.59366608	0.98433615	0.06503170755767157	0.00795513	8e-05
0.0467	0.0354	0.1613	0.0011397000015522971	0.0019495327744776662	0.0004328416544945937	1.15218592	58.89267731	1.0699551	0.25340500776893293	0.00782168	0.00011
0.0395	0.0691	0.1604	0.0005305800926062762	0.00210835773640915	0.00041189770347066176	1.03438914	52.87162781	1.00063391	0.08124444109507185	0.00762707	8e-05
0.0337	-0.0281	0.1601	0.0010890854532444615	0.0022410027595607188	0.00041015237421866745	1.02082837	52.17848587	0.99996334	0.1379447856520874	0.00679302	6e-05
0.04	-0.0519	0.1393	0.0018046704465621369	0.0017994344588061536	0.00038397243543875244	0.99712616	50.96697617	0.98093353	0.11006666164260775	0.0071733	2e-05
0.0492	0.0026	0.1505	0.0016720254234105676	0.0017016960206944712	0.0004433136300065597	0.99814647	51.01912689	0.98465199	0.08938623279155294	0.00756264	5e-05
0.0489	0.0978	0.1843	0.000645771823237902	0.0018849555921538759	0.0005410520681182421	1.06969059	54.67602158	1.02228003	0.19466258048718765	0.00740689	4e-05
0.05	0.0469	0.1616	0.0003874630939427412	0.0018256143975860688	0.0005916666164260777	1.01232684	51.74393845	0.99112409	0.09311322360854016	0.00713098	5e-05
0.0515	-0.0563	0.1369	0.0011938052083641214	0.001811651763570114	0.0004904375198104066	1.03865731	53.08979416	1.01214936	0.17547669225265028	0.00676411	4e-05
0.0536	-0.02	0.1338	0.001780235837034216	0.001556833692778942	0.0004188790204786391	1.00678492	51.46067047	0.98489889	0.08714035993965169	0.00654107	1e-05
0.0508	0.0302	0.1711	0.0014224433403753785	0.001668534764906579	0.0004433136300065597	1.04716432	53.52462006	1.00565401	0.11499640891571976	0.00666791	6e-05
0.0483	0.0875	0.2043	0.00028099800957108706	0.0019006635554218248	0.0004729842272904633	1.0714345	54.76515961	1.01446832	0.16316223593017204	0.00747943	4e-05
0.0465	0.0272	0.1832	0.0004049163864626844	0.0019949113350295183	0.0004939281783143952	1.01256895	51.75631714	0.98686793	0.09515550537616113	0.0072751	0.00011
0.0502	-0.0624	0.1577	0.0014137166941154068	0.0017697638615222502	0.0005026548245743669	1.04390216	53.35787964	1.01019564	0.18093372137099809	0.00714982	7e-05
0.0561	-0.0498	0.1441	0.001891936909161853	0.0015027284859671175	0.0003630284844148205	0.99688125	50.95445633	0.98028701	0.07634409653805625	0.0073517	4e-05
0.0452	0.0171	0.1943	0.000853466004225227	0.0019006635554218248	0.00040317105721069014	1.08614361	55.51700211	1.03536969	0.20182742735936013	0.00712913	3e-05
0.0448	0.0645	0.1865	0.0001972222054753592	0.0021048670779051613	0.0005253441048502931	1.03334105	52.81805801	1.00375409	0.10473101844364036	0.00709236	6e-05
0.0485	-0.0271	0.163	0.0009512044423369096	0.001998401993533507	0.0005270894341022875	1.02361667	52.32101059	0.9994684	0.1619096325242599	0.00748664	4e-05
0.0579	-0.0411	0.1323	0.001673770752662562	0.0015446163880149814	0.00039793506945470715	1.00618386	51.4299469	0.98169616	0.11937531402458793	0.00846589	4e-05
0.0541	0.0212	0.1672	0.0012269664641520136	0.0016842427281745281	0.0004520402762665313	1.06510627	54.4417038	1.01310679	0.13302679177409593	0.00807524	0.0001
0.0467	0.1047	0.1962	-2.268928027592628e-05	0.0019250981649497454	0.0005323254218582705	1.09193158	55.81284714	1.03862014	0.1984398163397449	0.00863355	9e-05
0.0445	0.0283	0.1783	0.00023561944901923448	0.001998401993533507	0.0005270894341022875	1.00644863	51.44348145	0.99176086	0.1133424272817453	0.00718105	5e-05
0.0475	-0.0424	0.1469	0.0013159782560037243	0.0016632987771505957	0.000466002910282486	1.03340459	52.82130432	1.00330243	0.17892742735936015	0.00765592	6e-05
0.0575	-0.0624	0.1335	0.0017872171540421933	0.0013700834628155487	0.00035081117965086024	1.00205719	51.21901703	0.98091252	0.08738229715025708	0.00775832	5e-05
0.0583	0.009	0.1626	0.001282817000215832	0.0016790067404185449	0.00048520153205442357	1.04243755	53.2830162	0.99605047	0.148685689191646	0.00683647	4e-05
0.0495	0.0876	0.196	-1.9198621771937625e-05	0.0019408061282176943	0.0006230825429619757	1.08925736	55.67615509	1.03467939	0.2058848010347236	0.00804853	7e-05
0.0485	0.0124	0.1771	0.00017453292519943296	0.0020141099568014562	0.0006859143960337716	1.01887155	52.07846451	0.99564756	0.1115933614313464	0.00770253	6e-05
0.0532	-0.0628	0.1629	0.0011955505376161158	0.0019861846887695473	0.000710349005561692	1.01720834	51.99345398	0.99417031	0.1477688744988256	0.0070954	4e-05
0.0615	-0.0325	0.1414	0.0017139133254584315	0.001583013631558857	0.000593411945678072	1.00341344	51.28834152	0.98448943	0.11202354524683128	0.00776547	5e-05
0.0515	0.0215	0.1909	0.0009180431865490173	0.0019303341527057286	0.0005707226654021458	1.04379046	53.35216904	1.01212282	0.1717939970166106	0.00729781	4e-05
0.0469	0.0768	0.1958	6.45771823237902e-05	0.001960004749989632	0.0005550147021341969	1.01270282	51.76316071	0.98881017	0.10974222823885396	0.0071575	2e-05
0.0487	0.0018	0.1708	0.0006038839211900379	0.0020001473227855013	0.0005672320068981572	1.0019418	51.21312332	0.98468184	0.13138333082130385	0.00673187	5e-05
0.0564	-0.0486	0.1406	0.0015358897417550098	0.0015760323145508795	0.0004886921905584122	1.00671828	51.45726776	0.988139	0.1600330322569669	0.00793463	3e-05
0.0542	-0.0277	0.1456	0.0017383479349863521	0.001382300767579509	0.00041189770347066176	0.99658924	50.93953323	0.9776586	0.051749211364523165	0.00667495	6e-05
0.046	0.0655	0.1915	0.000731292956585624	0.0018151424220741027	0.0004520402762665313	1.08760762	55.59183121	1.03827784	0.2213019602845596	0.00760835	5e-05
0.0439	0.0465	0.1721	0.0005689773361501514	0.0019512781037296606	0.000486946861306418	1.00453985	51.34591675	0.98439147	0.05716789435654586	0.00841719	5e-05
0.0489	-0.0238	0.15	0.0013962634015954637	0.0017959438003021652	0.0005305800926062762	1.01928592	52.09964752	0.99398043	0.14871268000863333	0.00827211	3e-05
0.053	-0.0359	0.1394	0.0018797196043978928	0.0015254177662430443	0.0003769911184307752	0.99925166	51.07561874	0.97572931	0.07217856055185254	0.00732988	7e-05
0.0497	0.0007	0.1704	0.0014486232791552935	0.0017819811662862105	0.000445058959258554	1.03428626	52.86637497	0.99946248	0.1086863783056772	0.00694525	4e-05
0.0404	0.0808	0.2019	0.00037350045992678646	0.0021205750411731105	0.0005201081170943102	1.06935239	54.65873718	1.01995997	0.1953382925975581	0.00838131	6e-05
0.0386	-0.006	0.18	0.0007592182246175333	0.0021537362969610025	0.0005480333851262194	1.0338583	52.84449768	1.00321507	0.1328402144255274	0.00656366	3e-05
0.0517	-0.0496	0.1603	0.001514945790731078	0.0018500490071139892	0.0005654866776461627	1.00255752	51.24459076	0.98313478	0.13024340742402507	0.00689328	4e-05
0.0597	-0.0378	0.1455	0.0019198621771937623	0.0017086773377024485	0.000486946861306418	0.99858212	51.04139709	0.98304981	0.06584139361069849	0.00748909	3e-05
0.0579	0.0012	0.1472	0.0018675022996339327	0.001668534764906579	0.0004520402762665313	1.01959276	52.11533356	0.99093474	0.04887045176977929	0.00660759	4e-05
0.0512	0.0538	0.1951	0.0006754424205218055	0.0020350539078253884	0.0005654866776461627	1.06892014	54.63664246	1.02403514	0.1908012711705284	0.00704145	3e-05
0.0478	0.068	0.1826	0.00010471975511965978	0.002171189589480946	0.000598647933434055	1.01738453	52.00246048	0.98356466	0.06710098014227975	0.00771421	3e-05
0.0504	-0.0274	0.1606	0.0009354964790689606	0.0021467549799530253	0.0006003932626860494	1.03915787	53.11537933	1.00892088	0.1628478331364608	0.00686133	8e-05
0.0574	-0.0514	0.1394	0.001839577031602023	0.0017243853009703976	0.0005026548245743669	1.01017118	51.63375854	0.98893054	0.12340943348136862	0.0069285	3e-05
0.0549	-0.0094	0.1529	0.0017889624832941875	0.0017662732030182616	0.00045553093477052	1.05324459	53.83540344	1.00685985	0.06498131700797732	0.00722915	8e-05
0.0481	0.0712	0.1807	0.0007679448708775049	0.001891936909161853	0.0004991641660703782	1.06856418	54.61845016	1.02262253	0.17471572749300662	0.00657141	5e-05
0.0457	0.0155	0.1789	0.000661479786505851	0.0019146261894377795	0.00046425758103049166	0.98976761	50.59085083	0.97570751	0.06810304748437333	0.00628614	5e-05
0.0503	-0.0126	0.1751	0.0011519173063162574	0.001837831702350029	0.000466002910282486	0.97463483	49.81735611	0.96365983	0.06494886680750755	0.00633222	5e-05
0.0552	-0.025	0.1657	0.0016702800941585732	0.0016982053621904826	0.0004415683007545654	1.00523221	51.38130951	0.97502225	0.060821186876489165	0.00683725	5e-05
0.0529	0.0012	0.1746	0.0016877333866785165	0.0016441001553786586	0.00039095375244672985	1.03535688	52.92109299	0.99340128	0.04350865238198016	0.00660384	4e-05
0.049	0.0708	0.195	0.0008482300164692441	0.0017732545200262388	0.00045902159327450867	1.06154239	54.25954056	1.01222097	0.14573627878423157	0.00716692	8e-05
0.0472	0.0366	0.1933	0.000445058959258554	0.001780235837034216	0.0004433136300065597	1.00594795	51.41788864	0.9806732	0.058993016874330825	0.00751483	6e-05
0.0502	-0.0204	0.1862	0.000804596785169386	0.0018081611050661253	0.000486946861306418	1.00490737	51.36470413	0.97925726	0.08865481626212995	0.00639409	3e-05
0.0543	-0.0405	0.1844	0.0012583823906879114	0.0016650441064025902	0.0005078908123303499	0.99109209	50.65855026	0.969867	0.056892327760299614	0.00677413	5e-05
0.0574	-0.0167	0.1963	0.001239183768915974	0.0015690509975429022	0.0005078908123303499	1.00872338	51.55975342	0.9792568	0.04455958653158126	0.00668961	4e-05
0.0548	0.0436	0.2181	0.00040317105721069014	0.0016947147036864942	0.0005445427266222308	1.05543339	53.9472847	1.01192787	0.13461641660703783	0.00757337	5e-05
0.052	0.0606	0.2083	-0.00013439035240356338	0.0017278759594743865	0.0004921828490624009	1.0074116	51.4927063	0.98318656	0.06075412714809877	0.0072847	6e-05
0.0529	-0.0164	0.1935	0.0002443460952792061	0.001673770752662562	0.0004904375198104066	1.00657034	51.44970703	0.98570604	0.1144293491873294	0.00669116	4e-05
0.0587	-0.0378	0.183	0.0008656833089891874	0.0015358897417550098	0.0005201081170943102	0.98555154	50.37535095	0.96948137	0.07714444109507188	0.00742054	5e-05
0.0604	-0.0208	0.1813	0.0010524335389525807	0.0014346606451393388	0.0004799655442984406	1.00682867	51.4629097	0.98078683	0.0368060949687467	0.006136	4e-05
0.0577	0.0363	0.2028	0.000640535835481919	0.0015341444125030156	0.000486946861306418	1.04747176	53.54033661	1.00452311	0.1072181393921158	0.00663394	6e-05
0.0525	0.0896	0.2062	-0.0001012290966156711	0.0016388641676226754	0.0005410520681182421	1.04779184	53.55669403	1.00398956	0.1069294947014537	0.0074175	7e-05
0.0543	0.0175	0.1926	-4.537856055185256e-05	0.001656317460142619	0.0005445427266222308	1.01860285	52.0647316	0.9875	0.09133972435438752	0.00694579	3e-05
0.0584	-0.0322	0.1865	0.0005689773361501514	0.0015358897417550098	0.0005707226654021458	1.02279413	52.278965	0.98547851	0.09794817769347638	0.00687492	5e-05
0.0622	-0.0353	0.179	0.000926769832808989	0.001450368608407288	0.0005515240436302081	1.0171752	51.99176025	0.97856901	0.03752561258892487	0.00643474	4e-05
0.0661	-0.0318	0.1701	0.001090830782496456	0.0013439035240356337	0.0005218534463463045	1.03110361	52.7036972	0.99229037	0.03130983156715124	0.00734937	8e-05
0.0659	0.0025	0.2005	0.0005969026041820607	0.0014765485471872027	0.0005201081170943102	1.03593707	52.95074844	0.99848666	0.09631592653589793	0.00637454	1e-05
0.0621	0.072	0.2081	-0.0002583087292951608	0.001658062789394613	0.000598647933434055	1.06971478	54.67726135	1.00234418	0.1366632696012188	0.00766557	6e-05
0.0602	0.0102	0.1917	-0.00022340214425527416	0.001609193570338772	0.0005846852994181004	1.02202845	52.2398262	0.99316343	0.08498692190558411	0.00753856	5e-05
0.0644	-0.037	0.1822	0.0003438298626428829	0.001574286985298885	0.0006021385919380437	1.0132885	51.79309464	0.98888098	0.09187959422289936	0.00646657	4e-05
0.0679	-0.0359	0.1644	0.0009389871375729493	0.0013857914260834976	0.0005759586531581287	1.02274179	52.27628708	0.99339704	0.06289163864626846	0.00629497	6e-05
0.07	-0.0231	0.1773	0.0009128071987930344	0.001244419756671957	0.0005288347633542819	1.00677466	51.46014786	0.9811315	0.03853377489976515	0.006401	3e-05
0.0639	0.0741	0.2077	-1.9198621771937625e-05	0.0014364059743913332	0.000593411945678072	1.10388374	56.4237709	1.02701884	0.19312846103040687	0.00757742	0.00011
0.0614	0.0399	0.1992	-0.0003316125578789226	0.0014346606451393388	0.0006056292504420323	1.01858103	52.06361771	0.98796894	0.061518828506146976	0.00702935	4e-05
0.0627	-0.0317	0.1784	0.00037350045992678646	0.001298524963483781	0.0005881759579220891	1.01962113	52.11677933	0.99387666	0.1366350995990605	0.00629276	5e-05
0.0673	-0.0275	0.1601	0.0010245082709206715	0.0011885692206081383	0.0005585053606381855	1.01410544	51.83485031	0.98650504	0.06663170755767156	0.00629759	3e-05
0.071	-0.0314	0.162	0.0011641346110802177	0.0010960667702524388	0.00047822021504644627	1.00138164	51.1844902	0.97600188	0.02512069680534925	0.0059489	4e-05
0.0674	0.0161	0.1923	0.000726056968829641	0.0011833332328521555	0.0005480333851262194	1.08431041	55.4233017	1.00047022	0.11115786374650331	0.00662601	8e-05
0.0576	0.0727	0.2127	-0.00017453292519943296	0.0013491395117916165	0.0005166174585903216	1.06011987	54.1868248	1.01323567	0.14169060497522162	0.00778687	4e-05
0.0613	0.0034	0.1992	2.96705972839036e-05	0.0014311699866353504	0.000582939970166106	1.02129066	52.20211411	0.99307808	0.10412782544514276	0.00679123	8e-05
0.0644	-0.0217	0.1959	0.0005235987755982988	0.001296779634231787	0.0006387905062299246	1.00987983	51.61886215	0.98197358	0.06570845333908887	0.00633448	4e-05
0.0685	-0.0305	0.1894	0.0009564404300928925	0.0012339477811599909	0.0005899212871740833	0.9943645	50.82581711	0.9722888	0.046627136331111534	0.00652355	3e-05
0.0689	-0.0062	0.1928	0.0010786134777324957	0.0011903145498601325	0.0005951572749300663	1.03670502	52.99000549	0.98324648	0.0366521133347722	0.00687033	6e-05
0.0664	0.028	0.2188	0.00038048177693476387	0.0014014993893514465	0.000577703982410123	1.0635252	54.36088943	1.00855279	0.10903849164044944	0.00760609	9e-05
0.0624	0.0565	0.2224	-0.0002705260340591211	0.00152367243699105	0.0006422811647339132	1.02584445	52.4348793	0.9931105	0.0779879020478639	0.00736004	6e-05
0.0651	-0.0102	0.2097	9.075712110370512e-05	0.0014940018397071458	0.0006736970912698113	1.00737739	51.49095535	0.9837259	0.1032184839491314	0.00655258	4e-05
0.0679	-0.0266	0.1986	0.0007190756518216638	0.0014276793281313615	0.0007033676885537148	1.00228179	51.23049927	0.97439619	0.06651558197888231	0.0066036	4e-05
0.0677	-0.0274	0.1992	0.0009023352232810684	0.001265363707695889	0.0006754424205218055	0.99863583	51.04413986	0.97373526	0.020275022996339327	0.00617748	4e-05
0.0627	0.0276	0.2316	8.37758040957278e-05	0.0014538592669112763	0.0006667157742618339	1.03962493	53.13925171	1.00663824	0.143189081233035	0.00676537	3e-05
0.0573	0.0658	0.2265	-0.0005550147021341969	0.0015515977050229591	0.0006702064327658224	1.01735663	52.00103378	0.99462771	0.0857009801422798	0.00751185	3e-05
0.0593	-0.0264	0.2241	-0.00035604716740684323	0.0015515977050229591	0.0006859143960337716	1.01594341	51.92879868	0.99400863	0.10733377489976516	0.00744301	4e-05
0.0658	-0.0267	0.2036	0.00040840704496667313	0.0014800392056911916	0.0007347836150896127	1.01128817	51.6908493	0.97757857	0.07154409653805625	0.00680685	3e-05
0.0645	-0.0344	0.1846	0.0008691739674931761	0.0011414453308042916	0.0006422811647339132	1.03946948	53.13130569	0.99922838	0.07259316238845513	0.00659162	5e-05
0.0637	0.0001	0.2065	0.0005393067388662478	0.0013596114873035826	0.0006754424205218055	1.04729402	53.53124619	1.00215217	0.08625973204570558	0.00633067	5e-05
0.0584	0.074	0.2335	-0.0005044001538263612	0.0015376350710070042	0.0006649704450098395	1.05830586	54.09410858	1.01777734	0.16781012259539985	0.00800639	4e-05
0.0626	0.0249	0.221	-0.0005724679946541401	0.0016423548261266642	0.0007120943348136865	0.99340272	50.7766571	0.97502015	0.0767955742875643	0.00712568	6e-05
0.0681	-0.0317	0.1936	0.00030368728984701333	0.0015027284859671175	0.0007766715171374765	0.99746519	50.98430634	0.98132842	0.1435179403492245	0.00663048	2e-05
0.0787	-0.0617	0.1641	0.0009581857593448868	0.00102799892942466	0.0006387905062299246	1.00316906	51.2758522	0.9827367	0.13345545184739416	0.0065825	6e-05
0.0728	0.011	0.2086	0.00040666171571467877	0.0013124875974997359	0.0006579891280018621	1.05520177	53.93544388	1.02026697	0.1658605666738611	0.00658894	7e-05
0.0666	0.0713	0.2246	-0.0006597344572538566	0.0016423548261266642	0.000705113017805709	1.04659617	53.49557877	1.01593949	0.15466936456996547	0.00801742	4e-05
0.0654	0.0068	0.1975	-0.00012740903539558605	0.001574286985298885	0.0007417649320975902	1.00954282	51.60163879	0.99145672	0.12465225884889652	0.00698107	4e-05
0.0685	-0.0536	0.1713	0.0006597344572538566	0.0012740903539558604	0.0006579891280018621	1.01707125	51.98644638	0.99168788	0.14825579640440975	0.00676388	8e-05
0.0758	-0.0248	0.1847	0.0007138396640656808	0.0011274826967883368	0.000635299847725936	0.99572831	50.89552689	0.97696447	0.06067010721276369	0.00665599	8e-05
0.0677	0.064	0.2469	-0.00033335788713091696	0.0015114551322270892	0.0007190756518216638	1.11036944	56.75527954	1.04131034	0.23484728953655387	0.00839168	6e-05
0.0599	0.0654	0.2425	-0.0009023352232810684	0.001556833692778942	0.000726056968829641	1.01823282	52.04581833	0.99114699	0.04466686068549908	0.00822175	0.0001
0.0631	-0.0414	0.2141	-0.000148352986419518	0.001593485607070823	0.0007452555906015787	1.02691865	52.48978806	1.00655708	0.17889163864626845	0.0070954	4e-05
0.0677	-0.0545	0.1882	0.0006510078109938849	0.0011082840750163993	0.0006230825429619757	1.01178908	51.71645355	0.99033906	0.11393676885537148	0.00714886	6e-05
0.0685	-0.0267	0.1798	0.0010000736613927507	0.001001818990644745	0.0005183627878423159	1.00651824	51.44704056	0.9831426	0.06501253449450901	0.00634807	7e-05
0.0665	0.0047	0.2248	0.00030368728984701333	0.001223475805648025	0.0006475171524898963	1.03703654	53.00694656	1.00421298	0.13075987755982993	0.00721103	4e-05
0.0648	0.0927	0.2399	-0.0007557275661135446	0.0015707963267948967	0.0007557275661135446	1.07729828	55.06488037	1.01622383	0.1805472895365539	0.0088926	0.00013
0.0599	-0.0024	0.2188	-0.00027576202181510406	0.0015376350710070042	0.0006859143960337716	1.05452132	53.90066147	1.01510996	0.1502469985083053	0.00726593	7e-05
0.0679	-0.031	0.1898	0.0006475171524898963	0.0012531464029319286	0.0006632251157578452	1.01087868	51.66992188	0.99012464	0.1271228561328001	0.00629789	5e-05
0.075	-0.0323	0.1738	0.0010035643198967395	0.001022762941668677	0.000577703982410123	1.00682914	51.46293259	0.98490538	0.057997588100890826	0.0070079	5e-05
0.0693	0.0393	0.217	0.00020769418098732522	0.0012793263417118436	0.0006876597252857658	1.06949282	54.66591263	1.02337361	0.17861946409141116	0.00689036	5e-05
0.0611	0.0651	0.2334	-0.0006736970912698113	0.0014556045961632708	0.0007557275661135446	1.0129379	51.775177	0.98941089	0.10668686837681712	0.0079841	9e-05
0.0549	-0.003	0.2236	-0.00022863813201125715	0.0017470745812463236	0.0007243116395776468	1.01176023	51.71498108	0.99311783	0.12249724354387524	0.00762391	5e-05
0.0565	-0.0833	0.1188	0.0027611108766550296	0.0018744836166419098	0.00028099800957108706	1.30270803	66.58644867	1.19479292	0.3647235837034216	0.0105759	0.00025
0.0373	-0.0973	0.0769	0.0018448130193580064	0.0023125612588924867	6.806784082777885e-05	1.21788239	62.25067902	1.15937157	0.15346528341454543	0.0161554	0.00181
0.0618	0.0484	0.0326	0.003494149162492647	0.0018675022996339327	0.00020769418098732522	1.23222399	62.98373795	1.17713058	0.3262010721276371	0.0153278	0.00116
0.0861	0.0928	0.0201	0.003605850234620285	0.001450368608407288	0.00048520153205442357	1.04031551	53.1745491	1.02515642	0.12151710572106902	0.0143069	0.00117
0.0787	0.076	0.0174	0.003792600464583678	0.001593485607070823	0.0005410520681182421	1.02491093	52.38716507	1.00192115	0.04618588823453733	0.0150388	0.00137
0.0657	0.0475	0.0198	0.0035116024550125905	0.0016964600329384882	0.00035081117965086024	1.04515779	53.42205811	1.01474315	0.07261066619530673	0.0134233	0.0006
0.0717	-0.0775	0.028	0.004068362486398782	0.0017924531417981763	0.0002844886680750757	1.0599643	54.17887878	1.03565282	0.1751537825910832	0.0138744	0.0004
0.0907	-0.0661	0.0494	0.004059635840138811	0.0013892820845874865	0.00039095375244672985	1.01272583	51.76433563	0.99032981	0.07771813939211578	0.0130913	0.00026
0.0898	-0.0201	0.0728	0.0038903389026953604	0.0016667894356545846	0.00035081117965086024	1.03637624	52.97320175	1.00027168	0.09464734306532088	0.0121199	0.00025
0.0728	0.0508	0.1065	0.002883283924294633	0.001956514091485643	0.00034033920413889426	1.10627949	56.5462265	1.01978926	0.1869625804871876	0.0101433	0.0001
0.0656	0.0155	0.0999	0.0028152160834668534	0.0020420352248333657	0.00034208453339088857	1.01494181	51.87760544	0.98649377	0.056866715171374815	0.0107856	0.0002
0.0707	-0.0481	0.1079	0.0032567843842214186	0.0022410027595607188	0.0004468042885105483	0.99628663	50.92406464	0.97893856	0.11396277953007886	0.0096249	0.0001
0.0718	-0.0243	0.1119	0.0033545228223331013	0.001998401993533507	0.00038048177693476387	0.98081005	50.13299561	0.96984879	0.04923308578573395	0.00932211	7e-05
0.0735	-0.0056	0.1205	0.0032096604944175725	0.001858775653373961	0.000296705972839036	0.99696362	50.95866776	0.97724286	0.047413223608540125	0.00899476	9e-05
0.0696	0.0666	0.1552	0.0019669860669976093	0.002045525883337354	0.00048345620280242926	1.05347168	53.84701157	1.02008534	0.19160874436733744	0.0072819	5e-05
0.0665	0.0515	0.1425	0.001562069680534925	0.002045525883337354	0.0005707226654021458	0.95698613	48.91526413	0.96105512	0.055509142453120074	0.00724298	6e-05
0.0719	-0.0617	0.1061	0.0026912977065752563	0.001947787445225672	0.0005515240436302081	1.03130567	52.71402359	1.01290832	0.21730825429619752	0.00840724	6e-05
0.081	-0.0897	0.086	0.0033562681515850955	0.0016004669240788003	0.0003351032163829112	0.98248965	50.21884537	0.97905094	0.1186355896702004	0.010083	0.00011
0.075	0.0019	0.1483	0.0022724186860966175	0.0018465583486100008	0.0004572762640225143	1.06412601	54.39159775	1.03042556	0.23250569688296407	0.00718898	8e-05
0.0688	0.0643	0.1344	0.0017959438003021652	0.0018029251173101424	0.000439822971502571	1.00691807	51.46747589	0.9900793	0.10937807048071269	0.00719601	4e-05
0.0689	-0.0485	0.1108	0.002590068609959585	0.0019250981649497454	0.00041189770347066176	1.01978624	52.12522125	1.00297249	0.1837111562664466	0.00841922	8e-05
0.0756	-0.0503	0.0956	0.003267256359733385	0.0017366026057343581	0.0003473205211468716	1.00542092	51.39095306	0.9831179	0.07021302456564885	0.0090304	9e-05
0.0795	-0.0306	0.0777	0.003581415625092364	0.0014905111812031574	0.0002565634000431664	1.02011037	52.14178467	0.99057377	0.07405039054969424	0.0100746	0.0001
0.0741	0.0241	0.1262	0.002645919146023404	0.0018343410438460403	0.0004310963252425994	1.08058715	55.23299026	1.02736117	0.18129296334556377	0.00790691	0.00011
0.0654	0.0857	0.1356	0.0016702800941585732	0.0019285888234537342	0.0004921828490624009	1.0432837	53.32626724	1.01125816	0.1362486677646163	0.00758475	5e-05
0.0695	-0.0341	0.1056	0.002380629099720265	0.0019617500792416262	0.0005462880558742252	1.05312848	53.82947159	1.02255056	0.1937807734080704	0.00807762	6e-05
0.0804	-0.0623	0.0819	0.0032218777991815323	0.001689478715930511	0.00047123889803846896	0.99820673	51.02220917	0.98232021	0.12222846103040692	0.00937939	6e-05
0.0892	-0.0411	0.0706	0.003455751918948773	0.001410226035611418	0.00038571776469074686	0.99235076	50.72288513	0.96737845	0.0712323966717028	0.0102291	0.00011
0.0617	-0.0026	0.1475	0.0022026055160168437	0.001980948701013564	0.00032812189937493397	1.12474382	57.49000549	1.06026116	0.2369732466824944	0.00771457	3e-05
0.0476	0.0652	0.1729	0.0012217304763960308	0.00209614043164519	0.00024260076602721178	1.06753194	54.56568909	1.02446748	0.16637939518000808	0.0067426	5e-05
0.0506	-0.0059	0.1553	0.0015062191444711063	0.0020996310901491783	0.0003193952531149623	1.00095153	51.16250229	0.98545092	0.10993869068334072	0.00746197	3e-05
0.0629	-0.0593	0.1267	0.0023387411976724015	0.0018605209826259553	0.00039793506945470715	1.02815008	52.55272675	0.9991839	0.15180859885321316	0.00782585	5e-05
0.0815	-0.0837	0.0939	0.002949606435870417	0.0014556045961632708	0.00029321531433504735	1.01694965	51.98022842	0.99448791	0.13182506898901802	0.00987309	8e-05
0.0826	-0.0113	0.1127	0.002775073510670984	0.001583013631558857	0.0003595378259108319	1.06724691	54.55112076	1.00330139	0.11071322360854016	0.00892901	4e-05
0.0655	0.0663	0.1616	0.001637118838370681	0.0019617500792416262	0.0005061454830783556	1.12189162	57.34422302	1.05340474	0.22676493885752977	0.00707638	3e-05
0.0624	0.0134	0.1458	0.0017732545200262388	0.0021013764194011725	0.0005218534463463045	1.01896465	52.08322525	0.99308119	0.08637349925415262	0.00675976	4e-05
0.0642	-0.037	0.1255	0.0026092672317315226	0.0018500490071139892	0.0004886921905584122	1.03209317	52.75427628	1.00063887	0.12852506898901797	0.00869173	4e-05
0.064	-0.0435	0.1186	0.0030246555937061734	0.0014573499254152652	0.00020769418098732522	1.00063038	51.14609146	0.98200213	0.06805427266222308	0.00860345	4e-05
0.0627	-0.0049	0.1285	0.0030316369107141502	0.001541125729510993	0.00017278759594743863	1.00665891	51.45423126	0.98187139	0.05608318530717957	0.00834161	8e-05
0.0611	0.0591	0.1726	0.001837831702350029	0.002005383310541485	0.0003577924966588376	1.07234204	54.81155014	1.02444891	0.2018533845053006	0.00750613	6e-05
0.061	0.0274	0.1454	0.0017174039839624202	0.0020001473227855013	0.0004310963252425994	1.02259946	52.26901627	0.99507697	0.06894837673636771	0.00707918	6e-05
0.0685	-0.0626	0.1039	0.002670353755551324	0.0016632987771505957	0.00038048177693476387	1.0515908	53.75087357	1.01933355	0.2060206432765823	0.00897461	5e-05
0.0772	-0.055	0.0789	0.003139847324337799	0.0012217304763960308	0.00023387411976724014	1.03107309	52.70213318	0.99863103	0.09418347633542817	0.00972998	7e-05
0.082	-0.0305	0.0895	0.0031171580440618727	0.001298524963483781	0.0002652900463031381	1.00510359	51.37473297	0.97878107	0.04644498469497872	0.00925553	8e-05
0.0707	0.0526	0.1406	0.002090904443889207	0.0016615534478986017	0.00041713369122664475	1.1172576	57.10736084	1.03291428	0.22255628647554968	0.0077796	0.00011
0.0635	0.0388	0.1368	0.001656317460142619	0.001759291886010284	0.0004537856055185257	1.01675403	51.97023392	0.98904125	0.05324886680750755	0.00702429	6e-05
0.0646	-0.0442	0.1195	0.0023439771854283846	0.001820378409830086	0.0004485496177625427	1.00605893	51.4235611	0.99071223	0.13909911184307755	0.00756633	8e-05
0.0681	-0.0548	0.0987	0.002925171826342496	0.0015515977050229591	0.00027576202181510406	0.98533529	50.36429977	0.9751866	0.08603814708343382	0.00966609	0.00011
0.0696	-0.0173	0.103	0.0029146998508305304	0.001500983156715123	0.0002617993877991494	1.00020027	51.12410355	0.9850147	0.047052457891787816	0.00874221	8e-05
0.0632	0.048	0.1538	0.001689478715930511	0.0019024088846738192	0.0004380776422505767	1.08719492	55.57073593	1.04430571	0.21264625586550712	0.00824302	0.00013
0.0617	0.0342	0.1386	0.001424188669627373	0.001970476725501598	0.00048345620280242926	1.00673509	51.45812607	0.98281061	0.04943682238413847	0.00769496	0.00015
0.0703	-0.0557	0.1043	0.0023352505391684127	0.001820378409830086	0.0005235987755982988	1.04463816	53.39550018	1.0067922	0.18786513790042103	0.00907415	0.00015
0.0734	-0.0536	0.0996	0.0027838001569309555	0.0016301375213627037	0.00032637657012293966	1.04219091	53.27040863	0.99722111	0.051700635585264235	0.00872409	6e-05
0.0703	-0.0318	0.1045	0.002804744107954888	0.0015969762655748114	0.00026354471705114377	1.04983461	53.66110992	1.00114024	0.03564685299418104	0.00931835	0.00012
0.0672	0.033	0.1579	0.0018291050560900572	0.0019268434942017398	0.0003700098014227979	1.08272731	55.34238434	1.03158482	0.19189856824317067	0.00712973	5e-05
0.0568	0.064	0.1589	0.0013980087308474581	0.0020594885173533086	0.00034208453339088857	1.04573107	53.4513588	0.99092553	0.07198333082130386	0.00778657	0.00011
0.0609	-0.0412	0.129	0.002143264321449037	0.001843067690106012	0.0003351032163829112	1.06144965	54.25479889	1.02418194	0.18763288674284265	0.00755936	0.0001
0.0673	-0.0818	0.1063	0.0027593655474030345	0.0015899949485668342	0.0002129301687433082	1.01332843	51.79513931	0.99078587	0.11926735075663888	0.00907063	6e-05
0.0705	-0.0377	0.1125	0.0028379053637427798	0.0015707963267948967	0.0001972222054753592	0.99897307	51.06137848	0.97764444	0.05917232006898158	0.00843906	5e-05
0.0651	0.0187	0.1634	0.0018797196043978928	0.0020769418098732523	0.0003630284844148205	1.04446757	53.38677979	1.01435408	0.1942068760681352	0.00740141	4e-05
0.0614	0.0453	0.1668	0.0011676252695842063	0.0021118483949131386	0.000445058959258554	0.98890209	50.54661179	0.97280425	0.07515156973486532	0.00664896	5e-05
0.0645	-0.0208	0.1123	0.0020176006153054447	0.0018936822384138475	0.0003630284844148205	1.02315652	52.29748917	1.00229645	0.18120859885321317	0.0077675	4e-05
0.0797	-0.0836	0.0758	0.0029181905093345183	0.0014643312424232424	0.0002722713633111154	1.01808357	52.03819275	1.00263046	0.1855349005561692	0.00975233	8e-05
0.0841	-0.0308	0.0836	0.0030490902032340936	0.0013020156219877698	0.00017104226669544429	1.02691996	52.48985291	0.9946811	0.08472222054753592	0.00989503	9e-05
0.0768	0.0231	0.1351	0.00210835773640915	0.001626646862858715	0.00030368728984701333	1.0579356	54.07518387	1.02027374	0.18260043654237287	0.00753069	5e-05
0.0739	0.0548	0.13	0.0017558012275062952	0.0017645278737662671	0.0004014257279586958	0.99895549	51.06047821	0.98376507	0.06910879789610447	0.00846624	5e-05
0.0732	-0.0487	0.1042	0.002537708732399755	0.0016249015336067207	0.0003001966313430247	1.0437814	53.35170364	1.01549452	0.18113814708343387	0.00876731	6e-05
0.0794	-0.0734	0.0871	0.0031433379828417875	0.0013055062804917586	9.599310885968811e-05	0.99065924	50.63642502	0.97426801	0.10446140130201656	0.0102887	8e-05
0.0836	-0.0266	0.088	0.0033300882128051803	0.001329940890019679	1.2217304763960308e-05	0.98313725	50.25194931	0.96536308	0.06664803217935204	0.00967777	6e-05
0.0759	0.014	0.1371	0.0026546457922833754	0.001562069680534925	0.0001832595714594046	1.04504251	53.41616821	1.00561199	0.15133067388662474	0.00817001	6e-05
0.0672	0.0678	0.1622	0.0016615534478986017	0.0018325957145940458	0.0003106686068549907	1.02288747	52.28373337	0.99635045	0.15715137069197405	0.00716758	6e-05
0.0686	-0.0245	0.1408	0.002136283004441059	0.0019250981649497454	0.00033335788713091696	0.97763306	49.97060776	0.97225015	0.14459606435870415	0.00774211	3e-05
0.076	-0.0548	0.1094	0.002998475654926258	0.0016004669240788003	0.00017976891295541595	0.96611542	49.38189697	0.96447409	0.13612064327658227	0.00906897	7e-05
0.0777	-0.0471	0.1004	0.00334579617607313	0.0013631021458075715	-1.0471975511965975e-05	0.95882267	49.0091362	0.96029194	0.05714630939427412	0.00958031	6e-05
0.0712	0.0282	0.1405	0.002356194490192345	0.001647590813882647	0.0001658062789394613	1.03539896	52.92324448	1.01078792	0.19441843042036444	0.00765491	6e-05
0.0686	0.0397	0.1295	0.0020996310901491783	0.0017208946424664088	0.00019024088846738194	0.96311182	49.22837067	0.96406541	0.04281509190774246	0.0083425	0.0001
0.0702	-0.0272	0.1155	0.0025237460983838006	0.0017086773377024485	0.0002251474735072685	0.99372298	50.79302597	0.97872122	0.10606194490192349	0.00809139	5e-05
0.073	-0.0453	0.1063	0.0028326693759867967	0.001467821900927231	7.504915783575618e-05	0.98742855	50.4712944	0.97493895	0.0650938515024863	0.00881433	6e-05
0.0716	-0.0034	0.1309	0.0025237460983838006	0.0016022122533307947	0.0001239183768915974	1.01669872	51.96740723	0.98846889	0.09250914245312003	0.00815183	9e-05
0.0631	0.068	0.1608	0.0014957471689591403	0.0018046704465621369	0.00022165681500327985	1.0484786	53.59180069	1.00317625	0.17620977803838428	0.007604	8e-05
0.0635	-0.0027	0.1399	0.0015760323145508795	0.0017837264955382047	0.0003612831551628262	1.00339091	51.28718948	0.98636635	0.10404277183876089	0.00682569	0.0001
0.0719	-0.0706	0.1292	0.0020350539078253884	0.0011833332328521555	0.0002530727415391778	1.01032484	51.64160919	0.99406069	0.14538126347921032	0.0076201	7e-05
0.0812	-0.0443	0.1399	0.001965240737745615	0.0010454522219446034	0.0001658062789394613	1.00097334	51.16362	0.98247723	0.06104803217935207	0.00700784	5e-05
0.069	0.0245	0.1947	0.001155407964820246	0.001450368608407288	0.0003159045946109737	1.07527196	54.96130753	1.02751514	0.20404237375297832	0.00724626	7e-05
0.0647	0.0391	0.1813	0.0009913470151327792	0.0016702800941585732	0.0003769911184307752	1.00204062	51.21817017	0.98585911	0.054552947962927714	0.00673288	3e-05
0.0727	-0.0687	0.1473	0.0018744836166419098	0.0015341444125030156	0.0003682644721708035	1.04255104	53.28881836	1.01269089	0.201199946471233	0.00760496	2e-05
0.0773	-0.0586	0.1364	0.0024452062820440558	0.0013281955607676848	0.0002443460952792061	0.97795397	49.98701096	0.96901493	0.0706294947014537	0.00816596	4e-05
0.0768	-0.0339	0.1376	0.0026546457922833754	0.001223475805648025	0.00013439035240356338	0.96140522	49.14113998	0.95423043	0.04760575041173111	0.00770646	2e-05
0.0731	0.0121	0.179	0.0019792033717615696	0.0014695672301792255	0.0002844886680750757	1.00096142	51.16301346	0.98413143	0.14468160803622593	0.00689787	5e-05
0.0604	0.0635	0.2019	0.0010384709049366262	0.0017174039839624202	0.0003298672286269283	0.98268181	50.22866821	0.97328648	0.1486973890579995	0.00668305	4e-05
0.0583	-0.01	0.1853	0.001403244718603441	0.0018622663118779497	0.0003385938748868999	0.95920759	49.02881241	0.96190353	0.1181181393921158	0.00714695	5e-05
0.0643	-0.0458	0.1622	0.0021991148575128553	0.001637118838370681	0.0003054326190990077	0.95857108	48.99627686	0.96146008	0.11760894341022872	0.00714576	8e-05
0.0677	-0.0449	0.1455	0.002617993877991494	0.0013543754995475996	0.00011519173063162575	0.96332026	49.23902512	0.96232678	0.06559316238845513	0.00765413	8e-05
0.0665	-0.0181	0.1655	0.0023544491609403502	0.001473057888683214	0.00016929693744344995	0.98707104	50.45301819	0.97652566	0.06981661564992914	0.00793034	4e-05
0.0608	0.0558	0.1919	0.001324704902263696	0.001748819910498318	0.00028797932657906436	1.02767968	52.52868271	1.0026997	0.1772094334813686	0.00706691	5e-05
0.0619	0.0203	0.1733	0.0013648474750595659	0.0017540558982543013	0.00033335788713091696	0.94328779	48.21508789	0.95034244	0.05973785605518527	0.00670779	8e-05
0.0666	-0.0534	0.1539	0.0021013764194011725	0.0016755160819145565	0.00034033920413889426	0.99286413	50.74912643	0.98145797	0.13890250388446643	0.00863856	8e-05
0.0688	-0.0527	0.1361	0.0026302111827554544	0.0014486232791552935	0.00022689280275926284	0.98817396	50.5093956	0.97344045	0.06415869837465882	0.00828314	9e-05
0.0663	-0.0307	0.1622	0.002384119758224254	0.0015376350710070042	0.00023911010752322313	0.99702525	50.9618187	0.97865704	0.06796602605734357	0.00742644	5e-05
0.0616	0.059	0.1852	0.0014608405839192536	0.0017749998492782332	0.0003106686068549907	1.03458571	52.88167572	1.00184595	0.17901012259539983	0.00691485	9e-05
0.0617	0.0271	0.1688	0.001296779634231787	0.001759291886010284	0.0003665191429188092	0.9351353	47.79838181	0.94657185	0.0601809724509617	0.0067969	5e-05
0.0654	-0.0397	0.162	0.0018256143975860688	0.0016982053621904826	0.0003647738136668148	0.95098883	48.60871887	0.95528377	0.10688333082130388	0.00684369	5e-05
0.0706	-0.0386	0.1539	0.0022636920398366456	0.0016650441064025902	0.00039269908169872416	0.94358027	48.23003769	0.94887364	0.03935820830351892	0.00688094	4e-05
0.0712	-0.0165	0.171	0.0021135937241651332	0.001635373509118687	0.0003874630939427412	0.97018325	49.58982086	0.96121589	0.04905024503556993	0.00749612	8e-05
0.0659	0.0352	0.1914	0.0012304571226560022	0.001759291886010284	0.00042411500823462205	1.0260781	52.44682312	0.9951261	0.12958534463463042	0.00651884	4e-05
0.0651	0.0173	0.1787	0.000932005820564972	0.0017383479349863521	0.00046949356878647465	0.96372372	49.25964737	0.96251432	0.04963869068334072	0.00634742	4e-05
0.068	-0.0637	0.1664	0.0014608405839192536	0.0016824973989225337	0.00048345620280242926	0.99356073	50.78473282	0.98204655	0.12613239667170276	0.00724274	2e-05
0.0725	-0.0749	0.1513	0.002087413785385218	0.0016231562043547262	0.00047822021504644627	0.99907672	51.06667709	0.98027515	0.06535751918948772	0.00696635	6e-05
0.0721	-0.0484	0.1498	0.0022706733568446224	0.0015306537539990272	0.00038397243543875244	1.00196135	51.21411896	0.98074899	0.046900490071139854	0.00681573	7e-05
0.0652	0.0247	0.1975	0.0012688543661998775	0.0017086773377024485	0.0004188790204786391	1.04651237	53.49129868	1.01164618	0.18843745796940267	0.00621963	5e-05
0.0472	0.0782	0.2624	0.0006335545184739417	0.0015917402778188286	0.00020943951023931956	1.03720582	53.01560211	1.0134012	0.1844838208924438	0.00929248	0.00019
0.0212	0.1051	0.4153	0.00182212373908208	0.0013037609512397642	-0.0007661995416255106	1.2113868	61.91866684	1.18280553	0.32840937995260155	0.0164153	0.00346
0.0395	0.0849	0.4116	0.0021572269554649913	0.0006003932626860494	-0.00039095375244672985	1.01441646	51.85074997	1.01009587	0.11288583470577032	0.0173799	0.00541
0.0478	-0.1344	0.2909	0.002855358656262723	0.0006876597252857658	-0.00024085543677521747	1.25734746	64.26789093	1.18962504	0.39507482395344806	0.0132013	0.00148
0.0649	-0.2526	0.2324	0.0034068826998929313	0.0008813912722571365	-0.0001064650843716541	1.08711171	55.56648636	1.05807943	0.23778229715025712	0.0142164	0.00169
0.0977	-0.1968	0.2402	0.003413864016900908	0.0016301375213627037	0.0001361356816555577	1.02540255	52.41228867	1.00569022	0.14631641660703779	0.0122339	0.00032
0.102	-0.0959	0.257	0.0034993851502486306	0.002015855286053451	0.00014486232791552936	1.04178429	53.24962616	1.00665786	0.1459982772149221	0.010781	0.00026
0.1061	-0.0077	0.2816	0.0033999013828849537	0.0016982053621904826	0.00016929693744344995	1.03768456	53.04007339	1.00760367	0.13897841503772831	0.0110177	0.00025
0.1037	0.0748	0.2874	0.002806489437206882	0.0017941984710501708	0.00018675022996339323	1.0377624	53.04405212	1.00773844	0.12604291735288514	0.0102656	0.00023
0.0963	0.1425	0.2909	0.002045525883337354	0.001790707812546182	0.000158824961931484	1.01034307	51.64254379	0.99073766	0.11821897402027128	0.0110523	0.00028
0.0914	0.0905	0.2606	0.0024190263432641405	0.001637118838370681	0.00016929693744344995	0.95722616	48.9275322	0.96150092	0.11407807048071264	0.00951707	8e-05
0.0877	0.0137	0.2715	0.00210835773640915	0.0013892820845874865	0.00013439035240356338	0.96899891	49.52928162	0.97449405	0.12107059728390356	0.00842595	8e-05
0.0875	0.0035	0.2803	0.00209614043164519	0.0013962634015954637	0.0001239183768915974	0.92437547	47.24840546	0.93817498	0.020683529864195156	0.0086295	0.00013
0.0867	-0.0008	0.3114	0.0012269664641520136	0.0016755160819145565	0.00028797932657906436	0.9580723	48.97078323	0.95954441	0.10182437987498683	0.00967681	0.00019
0.0893	-0.055	0.2834	0.001514945790731078	0.0016179202165987434	0.0003525565089028545	0.95951986	49.0447731	0.96346025	0.1053076187109334	0.00979811	0.0003
0.0971	-0.1586	0.2494	0.0019408061282176943	0.0011047934165124105	0.0005166174585903216	0.99751008	50.98659897	0.98897685	0.2005524043630208	0.0106578	0.00041
0.0998	-0.1408	0.2444	0.002136283004441059	0.0009616764178488756	0.00043458698374658803	0.95956188	49.04692078	0.95820128	0.04653121748653165	0.0107058	0.00063
0.089	-0.0736	0.288	0.001446877949903299	0.0011798425743481666	0.0003473205211468716	1.01168406	51.71108627	0.99674139	0.17134188368183836	0.0109938	0.00065
0.082	-0.0143	0.3039	0.0012671090369478833	0.00147131255943122	0.000307177948351002	1.00210047	51.22123337	0.97935823	0.10776907354171696	0.0109643	0.0007
0.0861	-0.0526	0.2646	0.0019687313962496035	0.0009791297103688187	0.00015184364492350666	0.98392677	50.29230499	0.97884308	0.14915697558958083	0.0108547	0.00079
0.0929	-0.0203	0.2694	0.0020245819323134223	0.0008429940287132613	7.155849933176751e-05	0.95729035	48.93081284	0.9594422	0.057513568165555744	0.0116636	0.00071
0.089	0.0261	0.2901	0.0018099064343181197	0.001064650843716541	0.00011170107212763708	0.98167074	50.17699051	0.97251616	0.09482374428972264	0.0114972	0.00084
0.0796	0.0958	0.3434	0.0006422811647339132	0.0017226399717184032	0.00023212879051524583	1.04881656	53.60907364	1.01621486	0.22970210579868383	0.0137061	0.0014
0.0801	0.0136	0.3043	0.0011327186845443199	0.0014346606451393388	0.00024609142453120044	0.98091239	50.13822556	0.97820621	0.16141897402027125	0.0115476	0.00084
0.0841	-0.0657	0.2823	0.0016650441064025902	0.0009791297103688187	0.00013264502315156904	0.97559816	49.86659622	0.97193806	0.1603651379004211	0.0108259	0.00073
0.0913	-0.0764	0.2714	0.001956514091485643	0.0008325220532012951	6.108652381980153e-05	0.93635362	47.86065674	0.94439269	0.05428180707911724	0.0111476	0.00055
0.0867	-0.0501	0.3043	0.001329940890019679	0.0011309733552923255	0.00019896753472735358	0.97082043	49.62238693	0.97119144	0.11694527572322738	0.0108939	0.00048
0.0825	0.009	0.3201	0.00039968039870670147	0.0016057029118347831	0.0003717551306747922	0.97525603	49.84910965	0.97533042	0.15798888219014365	0.0106804	0.00032
0.0814	-0.0852	0.2847	0.0010890854532444615	0.001270599695451872	0.000296705972839036	0.98338056	50.26438522	0.98089573	0.18567787143782127	0.00989252	0.0002
0.0826	-0.1018	0.2711	0.0016807520696705393	0.0008674286382411819	0.0001658062789394613	0.94268441	48.18424606	0.95199214	0.08768686837681713	0.00982982	0.00021
0.0864	-0.0366	0.2748	0.0016441001553786586	0.0007993607974134029	0.000158824961931484	0.95685518	48.90856934	0.96243517	0.07828505360638184	0.00909573	0.00018
0.0862	0.0377	0.3243	0.0003577924966588376	0.0014189526818713899	0.0004537856055185257	1.03926873	53.12104416	1.01595102	0.23404300933824243	0.0106543	0.00016
0.0856	0.0503	0.3087	0.0001937315469713706	0.0015847589608108511	0.000593411945678072	0.94628131	48.36809921	0.95556663	0.05227467843932374	0.0094806	0.00012
0.0896	-0.0538	0.2741	0.0010349802464326373	0.001158898623324235	0.0005323254218582705	1.0183568	52.05215454	1.00049131	0.20910977803838415	0.00905687	5e-05
0.09	-0.0476	0.2629	0.0014049900478554352	0.000895353906273091	0.0003822271061867582	0.97131342	49.64758682	0.96530785	0.056982641707272685	0.00796014	0.0001
0.091	-0.0289	0.2834	0.0011257373675363424	0.0010140362954087054	0.000450294947014537	0.99301523	50.7568512	0.97576144	0.06350014551412425	0.00876278	9e-05
0.0913	0.0515	0.3168	0.00014137166941154068	0.001626646862858715	0.0006475171524898963	1.0502553	53.68260956	1.00954116	0.20380992355250857	0.00957364	0.00011
0.0883	-0.0344	0.2886	0.0007679448708775049	0.0015271630954950383	0.0006073745796940267	0.99362355	50.78794479	0.98304929	0.15540997708127555	0.00858718	7e-05
0.0904	-0.075	0.2719	0.0013927727430914749	0.0010559241974565693	0.0004974188368183839	0.9839074	50.29131317	0.97039683	0.11970112565640412	0.00833166	6e-05
0.0926	-0.0491	0.277	0.0014940018397071458	0.0009948376736367678	0.0004729842272904633	0.96734536	49.44476318	0.96277722	0.04253751149816971	0.00924474	0.0001
0.0897	0.0186	0.3327	0.00028099800957108706	0.0016667894356545846	0.0006230825429619757	1.02907372	52.59994125	1.00775409	0.22805269539126932	0.00984311	0.00012
0.0862	0.0108	0.3197	0.00024609142453120044	0.0019495327744776662	0.0006667157742618339	0.94255936	48.17785645	0.95108222	0.04236415775814134	0.00909007	8e-05
0.0892	-0.0681	0.2934	0.0011082840750163993	0.0015812683023068625	0.000614355896702004	0.9757418	49.87393951	0.97262371	0.17234085001079164	0.00897038	8e-05
0.0906	-0.0645	0.2725	0.001541125729510993	0.0011536626355682519	0.00041713369122664475	0.96666574	49.41002655	0.96552476	0.07878347633542816	0.00811219	5e-05
0.09	-0.0215	0.2752	0.0016022122533307947	0.0010873401239924673	0.00038397243543875244	0.97832215	50.00582886	0.97015558	0.05432851455917391	0.00867659	6e-05
0.0904	0.0425	0.3184	0.0004188790204786391	0.0016772614111665507	0.0006318091892219474	1.03855014	53.08431625	1.01084678	0.20865456369047167	0.00917345	5e-05
0.09	0.0268	0.3118	0.00012217304763960306	0.0018849555921538759	0.000710349005561692	0.95003492	48.55995941	0.95772925	0.051846998508305285	0.00899798	9e-05
0.0891	-0.0705	0.2825	0.0010262536001726657	0.001583013631558857	0.0006370451769779302	0.98712552	50.45580292	0.9830195	0.19146631708559225	0.00807726	8e-05
0.0922	-0.0795	0.2691	0.0014835298641951804	0.0011711159280881952	0.0005201081170943102	0.94546092	48.32616425	0.95247497	0.0748055513688398	0.0079515	8e-05
0.0938	-0.0103	0.3081	0.0006841690667817771	0.0014608405839192536	0.0006126105674500097	1.01113069	51.68280029	0.99148064	0.16887939518000802	0.00894952	8e-05
0.0916	0.0496	0.3159	-9.599310885968811e-05	0.0017924531417981763	0.0006981317007977319	0.99702865	50.96199036	0.97905313	0.12976479334340554	0.00930482	9e-05
0.0899	-0.0399	0.2956	0.00048345620280242926	0.0017331119472303693	0.0007225663103256524	0.9750123	49.83665085	0.97501804	0.14466125578789227	0.00852555	4e-05
0.0933	-0.0806	0.2654	0.0013439035240356337	0.0013543754995475996	0.000640535835481919	0.96382666	49.26490784	0.96445809	0.14036071218798532	0.00791579	4e-05
0.0929	-0.0493	0.2836	0.0013910274138394805	0.001298524963483781	0.0005689773361501514	0.96520722	49.33547592	0.96312075	0.058626646259971646	0.00815952	7e-05
0.0863	0.0427	0.3408	7.853981633974481e-05	0.0017680185322702558	0.0006719517620178169	1.05609298	53.98099899	1.02187062	0.2500477796076937	0.00977284	0.00012
0.0829	0.0278	0.3366	-0.00010995574287564276	0.0017296212887263805	0.0006213372137099814	0.93430644	47.75601578	0.94652323	0.036375367553354895	0.00956714	0.00012
0.0866	-0.056	0.3104	0.0009721483933608416	0.0016598081186466073	0.0006440264939859076	0.99166632	50.68790054	0.9832234	0.1724303293296092	0.00930458	8e-05
0.0916	-0.0607	0.2921	0.0016406094968746698	0.0013124875974997359	0.0005340707511102648	0.95711964	48.92208862	0.95949789	0.0842868683768171	0.00820732	5e-05
0.0902	-0.0241	0.321	0.0011763519158441782	0.0015376350710070042	0.0005410520681182421	0.98907369	50.55538177	0.98080021	0.10171931857728685	0.00878823	8e-05
0.0874	0.0347	0.3463	-3.4906585039886588e-06	0.0017296212887263805	0.0006178465552059926	1.00318563	51.27669907	0.99008748	0.15933116395776467	0.0103508	0.00012
0.0858	-0.0317	0.3254	0.0005044001538263612	0.0018360863730980347	0.000635299847725936	0.9648267	49.31602478	0.96597368	0.12049045946109734	0.00917071	9e-05
0.0923	-0.0887	0.2762	0.001579522973054868	0.0012339477811599909	0.0005009094953223725	0.98573548	50.38475418	0.98139585	0.20328258817850567	0.00824326	6e-05
0.0911	-0.0345	0.3132	0.0011065387457644049	0.0013997540600994523	0.000486946861306418	0.98582309	50.38923264	0.98165831	0.12503765701229394	0.00900877	0.00011
0.0885	0.0559	0.325	-6.9813170079773176e-06	0.001504473815219112	0.0005497787143782138	1.01064599	51.65802765	1.00054362	0.1688535835481919	0.00993359	9e-05
0.0878	-0.0365	0.2927	0.0006056292504420323	0.001595230936322817	0.0005916666164260777	0.97922182	50.05181503	0.97868606	0.16266277953007893	0.00821066	5e-05
0.0902	-0.0741	0.2622	0.001446877949903299	0.0010978120995044332	0.00048345620280242926	0.98213959	50.20095444	0.97605388	0.14284389749516496	0.00875407	9e-05
0.0932	-0.0453	0.2753	0.0014887658519511632	0.0010995574287564276	0.0004206243497306334	0.983046	50.24728394	0.97426613	0.05022325421858272	0.00814551	0.00012
0.0915	0.0517	0.3296	2.792526803190927e-05	0.0015341444125030156	0.0006492624817418905	1.06386852	54.37843323	1.03205606	0.259203284983855	0.00990021	0.00013
0.0864	0.0058	0.3178	-5.93411945678072e-05	0.0016720254234105676	0.0006789330790257941	0.95461941	48.79429245	0.95737646	0.07554090353955857	0.00965369	0.00012
0.0878	-0.0744	0.2812	0.000973893722612836	0.0014486232791552935	0.0006475171524898963	1.00024509	51.12639618	0.9904627	0.1826026493985908	0.00854862	6e-05
0.09	-0.0905	0.2591	0.0015550883635269475	0.0009669124056048585	0.00048520153205442357	0.9863708	50.4172287	0.97460412	0.10166105674500096	0.00871044	4e-05
0.0877	0.0174	0.314	0.00037350045992678646	0.0013840460968315032	0.0006108652381980154	1.07388759	54.89054871	1.03159924	0.2513192650485198	0.00958544	0.0001
0.087	0.0284	0.3055	-2.792526803190927e-05	0.0016423548261266642	0.000705113017805709	0.99203086	50.70653534	0.97095752	0.057899111843077535	0.00975049	0.00017
0.0886	-0.0832	0.2712	0.0009564404300928925	0.0014416419621473165	0.0006876597252857658	1.04257584	53.29008484	1.01426079	0.20762659273120465	0.0091033	0.00014
0.0912	-0.0863	0.2529	0.00152367243699105	0.0009581857593448868	0.0005078908123303499	0.974729	49.82217026	0.96812872	0.08552285613280014	0.00775921	8e-05
0.0883	-0.0281	0.2784	0.0012845623294678264	0.0011536626355682519	0.0004886921905584122	0.98985171	50.59514999	0.9784866	0.10928928027592628	0.00783175	8e-05
0.0835	0.0586	0.3231	-6.283185307179586e-05	0.0016842427281745281	0.000645771823237902	1.0534023	53.84346771	1.02342046	0.23795269539126945	0.00964421	6e-05
0.0826	-0.0062	0.3063	0.0002652900463031381	0.0018517943363659836	0.0006894050545377602	0.9628638	49.21569443	0.96614268	0.10946533694331236	0.00921774	0.0001
0.0824	-0.0723	0.2837	0.0012077678423800758	0.001462585913171248	0.000577703982410123	0.97890234	50.03548431	0.97443832	0.16106936456996557	0.00822693	8e-05
0.0834	-0.0667	0.2668	0.0016545721308906245	0.0009704030641088471	0.0003822271061867582	0.97041374	49.60160065	0.96734106	0.08022320068981574	0.00846314	3e-05
0.0837	-0.0177	0.2971	0.0011431906600562858	0.001244419756671957	0.00045902159327450867	1.01182783	51.71843719	0.9933363	0.12270963252425993	0.00846261	8e-05
0.0803	0.046	0.3215	-1.5707963267948964e-05	0.001673770752662562	0.0006387905062299246	1.02567053	52.42598724	1.00489098	0.1799009266135128	0.00919777	0.00013
0.0769	-0.0455	0.3043	0.00040840704496667313	0.0016790067404185449	0.0005899212871740833	0.98992789	50.5990448	0.98101612	0.1360110107523223	0.00858307	8e-05
0.0727	-0.093	0.2813	0.0012740903539558604	0.0012514010736799342	0.0004415683007545654	0.99477279	50.84668732	0.979951	0.1467820981073658	0.00835943	4e-05
0.0774	-0.0639	0.2793	0.0015760323145508795	0.001043706892692609	0.00033335788713091696	0.97583604	49.87875366	0.96533428	0.06669232776029964	0.0080266	6e-05
0.0779	0.0195	0.3552	0.0003595378259108319	0.0015498523757709647	0.0005899212871740833	1.09159124	55.79545212	1.04767549	0.2587601685880785	0.0109528	0.00022
0.0533	0.0427	0.3623	0.000705113017805709	0.0014660765716752368	0.0006527531402458793	1.05745006	54.05036163	1.02892213	0.07950914245312003	0.011476	0.00045
0.0501	-0.0996	0.2166	0.002050761871093337	0.0010524335389525807	0.0006771877497737998	1.21780241	62.24659348	1.15375892	0.3803863247769103	0.00887287	0.00025
0.0585	-0.1653	0.1605	0.0033353242005611634	0.0011903145498601325	0.0005410520681182421	1.16350484	59.47123337	1.1230167	0.2081289511015468	0.0136651	0.00087
0.0241	-0.1439	-0.0615	0.007330382858376183	0.0015882496193148398	-0.000296705972839036	1.56438398	79.9617157	1.4407563	0.5393375884113503	0.025387	0.01602
0.0398	0.0034	-0.028	0.006332054526235428	0.001616174887346749	-3.4906585039886588e-06	1.14529765	58.54059219	1.11992031	0.26247344572538556	0.0202227	0.00612
0.0572	-0.0379	-0.0072	0.006150540284028017	0.0014311699866353504	0.0001291543646475804	1.00131178	51.18091965	0.99695372	0.10445820830351892	0.0180397	0.00315
0.0742	0.0115	0.0474	0.005209807817203074	0.0016109388995907662	0.0005340707511102648	1.08903313	55.66469574	1.03467981	0.19727088831215212	0.0144113	0.00071
0.0702	0.0633	0.0865	0.004780456821212468	0.00200363798128949	0.00048171087355043494	1.04828811	53.58205795	1.01375984	0.138620497762458	0.014112	0.00054
0.0679	0.0277	0.0852	0.004900884539600078	0.0021851522234969008	0.0003630284844148205	0.98897791	50.55048752	0.97690093	0.06023121748653174	0.0140347	0.00058
0.0704	-0.0577	0.0912	0.005166174585903216	0.0022863813201125715	0.00039269908169872416	1.00540984	51.39038849	0.99551484	0.11370948701013563	0.0138843	0.00055
0.0691	-0.0943	0.1022	0.005096361415823441	0.0022008601867648495	0.00041538836197465044	0.99084264	50.64580154	0.97437434	0.05780117918517113	0.0136356	0.00057
0.0735	-0.0879	0.1002	0.0052831116457868355	0.002092649773141201	0.0003106686068549907	1.01019871	51.63516617	0.96735263	0.032784019935335106	0.0147033	0.0008
0.0736	-0.0807	0.1243	0.005057964172279567	0.0022776546738526	0.0003717551306747922	1.04321039	53.32252121	1.0022369	0.05496194490192346	0.0148028	0.00113
0.0778	-0.0319	0.1596	0.004077089132658754	0.0025987952562195565	0.0004572762640225143	1.06646347	54.51107407	1.02388293	0.1576768377667746	0.0137837	0.00109
0.0821	-0.0613	0.1544	0.004384267081009755	0.0027419122548830916	0.0005689773361501514	0.99163526	50.68631363	0.98084976	0.06699980095710868	0.013896	0.00133
0.0863	-0.0938	0.1448	0.004904375198104066	0.0024748768793279594	0.000593411945678072	0.98890525	50.546772	0.97075526	0.08687890510886817	0.0151038	0.00171
0.0875	-0.094	0.1425	0.005028293574995664	0.0022602013813326567	0.0005061454830783556	0.96481961	49.31566238	0.96197517	0.024993016874330858	0.0155375	0.00154
0.0871	-0.0521	0.1467	0.0048520153205442364	0.002106612407157156	0.0004328416544945937	0.98207295	50.19754791	0.97499673	0.06665855286053449	0.0151488	0.00105
0.0857	0.0168	0.2037	0.003892084231947355	0.0026249751949994717	0.0004939281783143952	1.03163886	52.73105621	1.00824876	0.20426902001294997	0.0122939	0.00043
0.0823	0.0195	0.217	0.0034697145529647274	0.0029146998508305304	0.0005567600313861911	0.98495132	50.34467316	0.97537727	0.058146309394274114	0.0113317	0.00027
0.082	-0.0586	0.1931	0.004122467693210606	0.002570869988187647	0.0005026548245743669	1.00303447	51.2689743	0.99037875	0.15483441048502933	0.0119896	0.00023
0.0855	-0.0837	0.1666	0.00462337718853298	0.0021921335405048776	0.0004415683007545654	0.99205178	50.70760345	0.98133132	0.1021366233412472	0.0122888	0.0002
0.0875	-0.0721	0.153	0.004810127418496373	0.0019949113350295183	0.0004328416544945937	0.9874379	50.47177124	0.97477469	0.0468349540849362	0.0129495	0.00024
0.0851	-0.0775	0.1565	0.004876449930072156	0.001912880860185785	0.0003351032163829112	0.97516525	49.84446716	0.96514578	0.02360457122655995	0.0131806	0.00025
0.0839	-0.0571	0.1674	0.004822344723260333	0.0020839231268812296	0.00034906585039886593	0.98624855	50.41098022	0.96891599	0.04445550537616112	0.0130598	0.00016
0.0846	-0.0079	0.2073	0.003968878719035105	0.0025272367568877894	0.00042411500823462205	1.02187896	52.23218536	0.99443976	0.15839143960337715	0.0117626	0.00015
0.0834	-0.0272	0.2015	0.003974114706791089	0.0025865779514555962	0.000460766922526503	0.97922015	50.05173111	0.9681378	0.03136145483078358	0.0109499	9e-05
0.0838	-0.0693	0.1857	0.004543092042941239	0.002495820830351891	0.0004625122517784973	0.97815996	49.99753952	0.97045278	0.09137398932529248	0.0118441	0.0002
0.0828	-0.0578	0.1782	0.0046914450293607576	0.002361430477948328	0.00042760566673861073	0.97379357	49.77435684	0.9653863	0.03588249619314841	0.0119786	0.00016
0.0858	-0.0549	0.1686	0.004771730174952496	0.0022026055160168437	0.00041189770347066176	0.97667211	49.92148972	0.96600182	0.028240903539558593	0.0124864	0.00013
0.0839	-0.0494	0.1962	0.004324925886441949	0.00239459173373622	0.00041713369122664475	0.98353803	50.27243423	0.97474109	0.06720132469929534	0.0110737	9e-05
0.0812	0.0059	0.1994	0.0038397243543875246	0.002565634000431664	0.0004136430327226561	0.98752439	50.47619247	0.972226	0.09418672286269283	0.0101069	6e-05
0.0807	-0.054	0.174	0.004354596483725852	0.0024172810140121463	0.0004363323129985824	0.99888867	51.05706406	0.98342441	0.1200957198016886	0.0110392	9e-05
0.0791	-0.0709	0.1536	0.0046198865300289904	0.0019757127132575807	0.0004136430327226561	0.98312879	50.25151443	0.97241352	0.07537738136668148	0.0114357	0.0001
0.0795	-0.0553	0.1703	0.004302236606166022	0.0020769418098732523	0.00039793506945470715	0.98794079	50.49747467	0.97928127	0.05442934918732947	0.0109205	0.00014
0.0833	0.0257	0.2128	0.0030909781052819575	0.0025342180738957666	0.000582939970166106	1.06151903	54.25834274	1.0261284	0.2199769832808988	0.00883269	3e-05
0.0846	-0.0181	0.1907	0.0031799898971336684	0.002542944720155738	0.0006126105674500097	0.96428955	49.2885704	0.96502188	0.07357045176977926	0.00911468	3e-05
0.0829	-0.1137	0.1397	0.004146902302738527	0.001970476725501598	0.0005445427266222308	1.04248083	53.28522873	1.01810582	0.22867241205433883	0.0110334	0.00012
0.0749	-0.1187	0.1191	0.004595451920501069	0.0014922565104551516	0.0002740166925631097	0.98716027	50.45758057	0.97542601	0.09346479334340548	0.0122803	0.00019
0.0777	-0.0441	0.1626	0.0039339721339952186	0.0019425514574696887	0.0003892084231947355	1.04818165	53.57662201	1.01535309	0.18224832320760068	0.00998038	0.0001
0.0745	0.0401	0.2003	0.0027314402793711255	0.002239257430308725	0.0005305800926062762	1.08181107	55.2955513	1.03048859	0.20713047484373356	0.00846446	9e-05
0.0728	-0.0494	0.1846	0.003199188518905606	0.0023352505391684127	0.0005462880558742252	1.02410948	52.34619904	1.00113983	0.13587246558310587	0.00957114	7e-05
0.077	-0.0902	0.1669	0.004045673206122856	0.002092649773141201	0.0005323254218582705	0.99849641	51.03701401	0.9844309	0.1178524043630208	0.0109088	0.00011
0.0776	-0.0776	0.142	0.0044593162388455124	0.001790707812546182	0.00040317105721069014	1.00169063	51.20028305	0.98448558	0.08033696789826278	0.0108277	0.00012
0.0757	-0.0246	0.1686	0.0039287361462392355	0.0020315632493213996	0.0004415683007545654	1.03396988	52.85020065	1.00367685	0.12199163864626852	0.00976562	8e-05
0.0778	0.0323	0.2024	0.002698279023583233	0.002366666465704311	0.000640535835481919	1.04893661	53.61520767	1.01557813	0.18102639368831333	0.00874954	5e-05
0.0773	-0.0306	0.1809	0.0029827676916583086	0.0023596851486963333	0.000619591884457987	0.99495137	50.85581207	0.97752561	0.10052069680534924	0.00805575	5e-05
0.0784	-0.0791	0.1608	0.0038536869884034796	0.002007128639793479	0.0005585053606381855	0.98473525	50.33362961	0.97519258	0.1339281164733913	0.00989223	8e-05
0.0761	-0.0844	0.1671	0.003783873818323706	0.0015498523757709647	0.0005113814708343385	1.00464427	51.35125351	0.98274296	0.042610666195306734	0.010184	0.00014
0.0787	-0.0224	0.1957	0.0032498030672134413	0.0018308503853420514	0.000577703982410123	1.06032026	54.19707108	1.02192953	0.1372695636128568	0.00849265	9e-05
0.0826	0.0439	0.2199	0.0021048670779051613	0.002239257430308725	0.0007941248096574199	1.07719684	55.05970001	1.03031151	0.18288819307611248	0.00791353	6e-05
0.0787	-0.0256	0.2226	0.002078687139125246	0.0022410027595607188	0.0007958701389094143	1.00984979	51.61733246	0.99193806	0.07758352986419517	0.00728893	5e-05
0.0843	-0.0722	0.2102	0.0028361600344907856	0.002134537675189065	0.0007661995416255106	1.00940979	51.59483719	0.98715066	0.10928042885105484	0.00887638	6e-05
0.0878	-0.0844	0.1906	0.0035395277230445004	0.00182212373908208	0.000705113017805709	1.00172889	51.20223999	0.9770958	0.08914340742402507	0.00965703	8e-05
0.0831	-0.0651	0.1877	0.0036843900509600297	0.0016859880574265225	0.0006422811647339132	1.0194689	52.10900116	0.98468295	0.04409149313214413	0.00912505	8e-05
0.0809	-0.0346	0.2166	0.0031049407392979124	0.0020298179200694054	0.0006911503837897545	1.0415113	53.235672	1.00585586	0.11020741966804204	0.00841981	0.00012
0.0791	0.0441	0.2355	0.002045525883337354	0.002281145332356589	0.0007923794804054256	1.04897022	53.61692429	1.01509669	0.1699985682431706	0.00860918	9e-05
0.0803	-0.0289	0.22	0.0022759093446006054	0.0023544491609403502	0.0007871434926494425	0.98819554	50.51049805	0.97980695	0.10514616388014976	0.00769627	6e-05
0.0811	-0.0947	0.2004	0.003199188518905606	0.0021170843826691216	0.0007295476273336296	1.01141536	51.69735336	0.99412167	0.14711199089460214	0.00935143	0.00013
0.0787	-0.0802	0.1731	0.0037437312455278365	0.001541125729510993	0.000460766922526503	0.99929416	51.07778931	0.98528367	0.11366410422937429	0.0100119	0.0002
0.0768	-0.0339	0.1992	0.0033649947978450674	0.0018413223608540175	0.0005427973973702365	1.10258126	56.35719681	1.02495082	0.11234817769347633	0.00957525	0.0001
0.0762	0.0299	0.2234	0.0021467549799530253	0.0021607176139689798	0.0006928957130417488	1.0803721	55.22199631	1.02746915	0.17298666933392584	0.00844264	0.00012
0.0795	-0.0141	0.1949	0.00243473430653209	0.002129301687433082	0.0007504915783575615	1.01712847	51.98936844	0.99279441	0.09464955592153876	0.00838202	0.0001
0.0864	-0.1093	0.1507	0.0033911747366249826	0.0013962634015954637	0.0006335545184739417	1.09098125	55.76427078	1.03852551	0.23662078879070647	0.00962812	0.0001
0.0873	-0.081	0.1479	0.0037524578917878084	0.0010943214410004448	0.000450294947014537	1.03840971	53.07713699	0.98382748	0.07432423436086243	0.0099743	9e-05
0.0792	0.0011	0.2046	0.002844886680750757	0.0015690509975429022	0.0005270894341022875	1.12261176	57.38102722	1.04867006	0.21985476273336296	0.00847292	9e-05
0.0784	0.0055	0.1924	0.0025045474766118626	0.0016982053621904826	0.0006126105674500097	1.03491509	52.89851379	0.99765137	0.045150735106709874	0.00808358	0.00013
0.0794	-0.0906	0.1639	0.0032864549815053226	0.001335176877775662	0.0005480333851262194	1.05652905	54.00328827	1.01869241	0.18607565858160352	0.00905865	4e-05
0.0852	-0.1027	0.1602	0.0035883969421003415	0.0009861110273767962	0.0004136430327226561	1.00038886	51.13374329	0.97962957	0.06086990816987239	0.00928724	4e-05
0.0871	-0.0188	0.2095	0.002853613327010729	0.0014590952546672592	0.0005515240436302081	1.05980313	54.17063904	1.01104946	0.20238244266438132	0.0082888	3e-05
0.0835	0.0345	0.2301	0.0019757127132575807	0.001778490507782222	0.0007295476273336296	1.03526032	52.91616058	1.00077167	0.14626597252857662	0.00808614	6e-05
0.083	-0.0448	0.1966	0.0024556782575560214	0.0016824973989225337	0.000705113017805709	1.01885676	52.0777092	0.99730354	0.14331966313430247	0.00808364	3e-05
0.0888	-0.1008	0.1655	0.0032602750427254074	0.001329940890019679	0.0006318091892219474	1.01210248	51.73247147	0.99187599	0.1544228561328001	0.00876039	5e-05
0.0925	-0.0732	0.1535	0.003438298626428829	0.0009302604913129776	0.0005759586531581287	1.00024033	51.12615204	0.97946826	0.0749777259236971	0.00895762	8e-05
0.0899	-0.0185	0.2119	0.002464404903815993	0.0013945180723434693	0.0006946410422937432	1.05467498	53.90851593	1.02100841	0.1935416846389472	0.00774914	6e-05
0.0871	0.0131	0.2204	0.0017889624832941875	0.0017016960206944712	0.0007923794804054256	1.01559961	51.91122437	0.98810548	0.09691794034922448	0.00719959	2e-05
0.0881	-0.0727	0.1982	0.002553416695667704	0.0017819811662862105	0.0007487462491055673	1.00840151	51.54330063	0.99061364	0.15341862946325574	0.00880527	7e-05
0.0925	-0.0989	0.1822	0.0032759830059933565	0.0013910274138394805	0.0006736970912698113	0.98857963	50.53012848	0.97466358	0.10602846103040688	0.00900662	6e-05
0.09	-0.073	0.1841	0.0033405601883171464	0.001186823891356144	0.0005759586531581287	1.00689447	51.46627045	0.98205793	0.04862595714594047	0.00934184	8e-05
0.0856	-0.0097	0.2324	0.0021676989309769574	0.0016406094968746698	0.0007016223593017205	1.09103978	55.76726532	1.0335532	0.20361552845011527	0.00816107	0.00014
0.0859	-0.0089	0.2165	0.002092649773141201	0.0016022122533307947	0.0007627088831215222	1.00225651	51.22920609	0.98222405	0.025726646259971665	0.00839627	5e-05
0.0911	-0.1072	0.1978	0.00301941960595019	0.001329940890019679	0.0007539822368615504	1.03785694	53.04888153	1.00989925	0.18258839211900377	0.00940019	9e-05
0.0908	-0.0733	0.1916	0.0034714598822167216	0.0011222467090323538	0.0006370451769779302	0.98967379	50.58605576	0.97467322	0.07923357585687385	0.00947672	4e-05
0.0914	-0.0584	0.1964	0.003623303527140228	0.0011501719770642632	0.000609119908946021	0.97551858	49.86252975	0.95912288	0.030684709049366248	0.0100088	6e-05
0.09	-0.0097	0.2398	0.002673844414055313	0.001452113937659282	0.0007539822368615504	1.0534668	53.84676361	1.01158372	0.16331317007977317	0.00851196	5e-05
0.0929	0.0154	0.232	0.002097885760897184	0.0017191493132144146	0.0008552113334772215	1.00569749	51.40508652	0.98728979	0.08301115626644665	0.00746995	8e-05
0.0962	-0.0593	0.208	0.0027523842303950577	0.0016039575825827887	0.0008464846872172499	1.00660002	51.45122147	0.99183355	0.14092084231947355	0.007801	4e-05
0.0931	-0.0806	0.1923	0.003300417615521277	0.0013700834628155487	0.0007714355293814937	0.98034614	50.10928345	0.96975319	0.08294783313646077	0.00861931	2e-05
0.0939	-0.0804	0.1995	0.0032847096522533284	0.0013124875974997359	0.0007644542123735164	0.98582637	50.38940048	0.9719577	0.012214257279586955	0.00934935	3e-05
0.0951	-0.0109	0.2279	0.002267182698340634	0.0017400932642383465	0.0008587019919812101	1.06008804	54.18519974	1.00882919	0.1760690200129499	0.00766665	7e-05
0.0955	-0.0159	0.2256	0.0019442967867216831	0.0018500490071139892	0.0009599310885968812	0.99335939	50.77444077	0.97419771	0.034403537555513224	0.00781214	4e-05
0.0986	-0.0898	0.1961	0.0029199358385865134	0.0015393804002589986	0.0009093165402890458	1.03834212	53.07368469	1.00893548	0.1733461103513828	0.00850201	4e-05
0.1002	-0.0983	0.1814	0.0034086280291449255	0.0012863076587198209	0.0007853981633974483	1.01408398	51.83375549	0.98913636	0.06808416544945936	0.00954586	8e-05
0.1003	-0.0308	0.2227	0.0026825710603152844	0.0016667894356545846	0.0009285151620609833	1.05598915	53.97569275	1.01627908	0.171382787221397	0.00918531	4e-05
0.0978	0.0054	0.2384	0.0019285888234537342	0.001998401993533507	0.0010332349171806431	1.02350295	52.31519318	0.9888391	0.11391572749300662	0.00743806	6e-05
0.0966	-0.0554	0.2186	0.0026755897433073067	0.002001892652037496	0.0009791297103688187	0.99153149	50.6810112	0.97362615	0.1220298392584693	0.0082736	6e-05
0.0949	-0.09	0.2048	0.0032864549815053226	0.0014887658519511632	0.0008447393579652555	0.98122454	50.15418243	0.97018644	0.11301911953439558	0.00951338	6e-05
0.0911	-0.0762	0.2042	0.0033580134808370897	0.0013543754995475996	0.0007382742735936014	0.98373216	50.28235626	0.96995765	0.03382069680534925	0.00901788	5e-05
0.0901	-0.0154	0.2533	0.0023352505391684127	0.0019774580425095754	0.0007976154681614085	1.03589284	52.94849014	1.00996265	0.19615933395992305	0.00812054	4e-05
0.0868	-0.0066	0.2541	0.001785471824790199	0.0021991148575128553	0.0009075712110370514	0.97419685	49.79497147	0.96864862	0.056969563612856794	0.00802767	4e-05
0.0879	-0.0675	0.2339	0.0023788837704682713	0.002181661564992912	0.0009232791743050004	0.96957189	49.55857086	0.96851129	0.11352866007329825	0.00782174	3e-05
0.0926	-0.0913	0.2045	0.003106686068549906	0.0017540558982543013	0.0008447393579652555	0.99213147	50.71167755	0.98038965	0.11959738905799953	0.00873333	4e-05
0.0923	-0.0741	0.2038	0.003199188518905606	0.0016057029118347831	0.0007993607974134029	0.9788239	50.03147507	0.96991633	0.032511699866353515	0.00883585	5e-05
0.094	-0.0092	0.2477	0.002082177797629235	0.0020141099568014562	0.0009337511498169664	1.04980624	53.65965652	1.01191231	0.1934904059323304	0.00745851	7e-05
0.092	0.0072	0.2339	0.0019181168479417679	0.002178170906488923	0.0009686577348568529	0.97938412	50.060112	0.96228933	0.05035142422074102	0.00763762	2e-05
0.0966	-0.087	0.2166	0.0027314402793711255	0.001963495408493621	0.0009965830028887623	1.02567494	52.42621231	1.00137763	0.16889620987282847	0.00882775	7e-05
0.1055	-0.0912	0.1994	0.0032882003107573173	0.0016510814723866359	0.0009197885158010115	0.98351103	50.27105331	0.97133694	0.07759842272904637	0.0101632	6e-05
0.1018	-0.0455	0.22	0.003157300616857742	0.001839577031602023	0.000947713783832921	1.00273573	51.25370026	0.9860416	0.0873660260573436	0.00934422	5e-05
0.0976	0.0072	0.253	0.002054252529597326	0.002281145332356589	0.0010384709049366262	1.03250504	52.77532578	1.00500425	0.1716686754559343	0.00821424	4e-05
0.0948	-0.0182	0.2389	0.0022410027595607188	0.0024033183799961914	0.0010471975511965976	0.956222	48.87620544	0.9612168	0.05818249619314836	0.00801837	5e-05
0.0972	-0.086	0.2183	0.0029688050576423546	0.002209586833024821	0.0010210176124166828	0.99121368	50.6647644	0.97945627	0.13818568919164606	0.00880033	8e-05
0.0972	-0.1065	0.1945	0.0033649947978450674	0.0017034413499464657	0.0008674286382411819	0.97313833	49.7408638	0.96777251	0.09709620987282845	0.0100809	5e-05
0.0965	-0.0439	0.2323	0.002816961412718848	0.002005383310541485	0.0009546951008408983	1.01331282	51.79433823	0.99177474	0.14796209041604774	0.00866246	4e-05
0.0946	0.0233	0.2552	0.0019408061282176943	0.0023649211364523163	0.0010419615634406148	0.99770606	50.99661636	0.97948578	0.15814797865058508	0.00840026	3e-05
0.0984	-0.044	0.2316	0.0022165681500327986	0.0022270401255447643	0.001165879940332212	0.9610039	49.12062836	0.96221795	0.12157807048071266	0.00817668	8e-05
0.1032	-0.0867	0.2258	0.002874557278034661	0.00210835773640915	0.0011135200627723821	0.98599517	50.39802933	0.97408991	0.09475156973486532	0.0100381	9e-05
0.106	-0.0603	0.2241	0.0031956978604016175	0.001980948701013564	0.0010629055144645468	0.9924677	50.72886276	0.97637975	0.05585820830351889	0.00910127	3e-05
0.1039	-0.0588	0.2231	0.00322885911618951	0.001956514091485643	0.0010245082709206715	0.99249464	50.73023987	0.97561854	0.009399655442984434	0.00901794	8e-05
0.1	-0.0053	0.2525	0.0023160519173964756	0.0022130774915288098	0.0011274826967883368	1.02509713	52.39667892	0.99766328	0.1504172512351933	0.00813341	8e-05
0.0956	0.0021	0.2551	0.0017016960206944712	0.0024242623310201236	0.0010978120995044332	0.96180189	49.1614151	0.96003058	0.05716056667386109	0.00781375	5e-05
0.0984	-0.085	0.2315	0.0021537362969610025	0.002384119758224254	0.001117010721276371	0.97174215	49.66950226	0.97094441	0.1390690735417169	0.008376	3e-05
0.1032	-0.1225	0.2031	0.0028885199120506156	0.0019250981649497454	0.0010402162341886204	0.97208369	49.68695831	0.97162672	0.13422998477259362	0.00895047	6e-05
0.0989	-0.1014	0.202	0.0030368728984701333	0.0016179202165987434	0.0008499753457212384	0.98070937	50.12784958	0.97052682	0.05878859116189506	0.00867069	6e-05
0.0998	-0.0019	0.2467	0.002097885760897184	0.002078687139125246	0.0009983283321407565	1.05013633	53.67652893	1.01518251	0.22250535232594848	0.00814641	6e-05
0.1021	-0.0061	0.2473	0.0016283921921107093	0.0022636920398366456	0.001085594794740473	0.97180986	49.67296219	0.96652126	0.04418824660487952	0.00846851	9e-05
0.1053	-0.0816	0.202	0.002513274122871834	0.0019949113350295183	0.0010559241974565693	1.00907683	51.57782364	0.99230396	0.18316666164260773	0.00843954	5e-05
0.103	-0.094	0.1871	0.0029740410453983376	0.001420698011123384	0.0008499753457212384	0.99433511	50.82431412	0.98134198	0.09164645490839843	0.00885618	6e-05
0.1057	-0.0547	0.2198	0.002633701841259443	0.0014381513036433276	0.0008761552845011534	1.02120221	52.19759369	0.99719572	0.09389862177193767	0.00854194	0.00011
0.1096	0.0123	0.2452	0.0018483036778619948	0.0019285888234537342	0.0010786134777324957	1.04717529	53.52518082	1.01359929	0.1702146938219599	0.0081231	6e-05
0.114	-0.0412	0.2119	0.001960004749989632	0.0018744836166419098	0.0010960667702524388	0.99634987	50.92729568	0.98389139	0.10036297857297025	0.00822252	8e-05
0.1214	-0.1332	0.1729	0.0029321531433504737	0.0013735741213195373	0.0009634217471008699	1.05041599	53.69082642	1.01679472	0.2186851455917392	0.0103667	7e-05
0.1238	-0.1218	0.1422	0.0035622170033204267	0.0009145525280450286	0.0007278022980816354	0.99757719	50.99002838	0.98115908	0.11073524511318485	0.0110245	9e-05
0.1173	-0.0645	0.1774	0.003333578871309169	0.0010332349171806431	0.0007278022980816354	1.01515782	51.88864517	0.99020297	0.1163660260573436	0.00986123	0.0001
0.1069	0.0192	0.2398	0.0021799162357409173	0.0017313666179783749	0.0008936085770210966	1.09935486	56.19227982	1.04609772	0.25738003076527227	0.00822932	3e-05
0.1045	-0.0067	0.2343	0.0019181168479417679	0.001891936909161853	0.0009616764178488756	0.96685845	49.4198761	0.96392336	0.05832187599052033	0.00775522	5e-05
0.1085	-0.0887	0.1919	0.0028763026072866553	0.0016598081186466073	0.0009180431865490173	1.0144527	51.8526001	0.99623688	0.1900973890579996	0.00895232	9e-05
0.109	-0.1057	0.1624	0.0033929200658769764	0.0011257373675363424	0.0007487462491055673	1.0045712	51.34752274	0.98794813	0.1079992573572018	0.0103297	0.00016
0.1086	-0.0355	0.2007	0.0027680921936630064	0.001452113937659282	0.0008325220532012951	1.07019567	54.70184326	1.02828501	0.16064901232163184	0.00893152	0.00013
0.1046	0.025	0.2287	0.0017837264955382047	0.0018325957145940458	0.0009407324668249436	1.05256379	53.80060577	1.01594119	0.1661528944341607	0.0083971	0.00018
0.1103	-0.0525	0.1864	0.0023404865269243957	0.0016859880574265225	0.0009965830028887623	1.04134595	53.22721863	1.00494862	0.1634609112308766	0.0089888	0.00012
0.1161	-0.1109	0.1492	0.0030927234345339517	0.0010524335389525807	0.0008604473212332044	1.04909647	53.62337875	1.01050246	0.1774963553869528	0.0104987	0.00019
0.115	-0.0735	0.1532	0.0031363566658338103	0.0009581857593448868	0.0007871434926494425	1.10610843	56.53748322	1.03386286	0.053059241974565706	0.0102816	0.00019
0.1123	0.0086	0.2171	0.0019146261894377795	0.0015638150097869194	0.0010053096491487337	1.13893497	58.21537018	1.06818911	0.25097629416686773	0.00937742	0.00011
0.1124	-0.0128	0.206	0.001891936909161853	0.0017086773377024485	0.0010506882097005862	1.01667643	51.96626282	0.98352071	0.04324650843716541	0.00836772	7e-05
0.1164	-0.0857	0.1806	0.0027314402793711255	0.001579522973054868	0.0010297442586766543	1.02390003	52.33549118	0.99584364	0.1517800842940392	0.00973862	0.00011
0.1212	-0.0969	0.1602	0.0031695179216217023	0.0011274826967883368	0.000926769832808989	1.01146686	51.6999855	0.98369303	0.08605461721923865	0.0105842	0.00013
0.1273	-0.0847	0.1445	0.003342305517569141	0.000921533845053006	0.0008848819307611251	1.01728833	51.99754333	0.98718567	0.05503121748653169	0.0110537	0.00012
0.1235	-0.0308	0.1872	0.002574360646691636	0.0012479104151759456	0.0010559241974565693	1.05716991	54.03604126	1.01536632	0.16366818538479447	0.00976962	6e-05
0.1158	0.0123	0.2108	0.0019826940302655584	0.0015306537539990272	0.0010663961729685354	1.0203824	52.15568924	0.9930831	0.11864409653805624	0.00849718	5e-05
0.117	-0.0722	0.1857	0.0027436575841350863	0.0013857914260834976	0.00102799892942466	1.02508295	52.39595795	0.99699335	0.15801115626644663	0.00988877	3e-05
0.1159	-0.0756	0.1806	0.0031503192998497648	0.0013473941825396225	0.0009546951008408983	0.9770804	49.94235992	0.9673045	0.03551813939211576	0.00932193	9e-05
0.1112	-0.0758	0.179	0.00326551103048139	0.0011955505376161158	0.0008813912722571365	0.98410779	50.30155563	0.96983838	0.02351696020694473	0.00921571	0.0001
0.1083	-0.0306	0.2106	0.00272096830385916	0.0015271630954950383	0.000947713783832921	1.03042197	52.66885376	1.00212567	0.12682388980384687	0.0084042	9e-05
0.1029	0.0142	0.2309	0.0016790067404185449	0.0019530234329816546	0.0010314895879286487	1.05135512	53.73883057	1.01567125	0.14807988525114793	0.00842565	0.00013
0.1021	-0.0362	0.2092	0.0018168877513260971	0.0019495327744776662	0.0010768681484805013	1.00641632	51.44182968	0.98919687	0.08223751149816966	0.00812614	0.00011
0.1034	-0.1145	0.2048	0.0025603980126756814	0.0018133970928221085	0.0010367255756846318	1.03119147	52.70818329	1.0029196	0.12998942579005057	0.00898051	0.00014
0.1023	-0.1016	0.1897	0.0032044245066615894	0.0015219271077390555	0.0009599310885968812	1.08265328	55.33860016	1.00052383	0.0797145483078356	0.0105031	0.00016
0.1015	-0.0677	0.2171	0.002811725424962865	0.0017156586547104257	0.0009616764178488756	1.09116185	55.77350616	1.02058098	0.09150879789610443	0.00946748	0.00025
0.1008	-0.0095	0.244	0.001820378409830086	0.0020350539078253884	0.0010681415022205296	1.07816064	55.1089592	1.02144685	0.1566603676309698	0.00874484	0.00013
0.1028	-0.0522	0.2351	0.001864011641129944	0.002129301687433082	0.0010524335389525807	1.00570679	51.40556335	0.98007303	0.06127944870877501	0.00835854	6e-05
0.1061	-0.0858	0.2345	0.0026005405854715507	0.002045525883337354	0.0010838494654884787	1.00458097	51.34801865	0.97999334	0.08008603374866163	0.00969321	0.0002
0.1094	-0.0862	0.2252	0.0031695179216217023	0.0018133970928221085	0.0010576695267085637	1.03287411	52.79418945	0.99380067	0.05436430327226557	0.0105841	8e-05
0.1166	-0.0648	0.2284	0.0032009338481576006	0.0017662732030182616	0.0010943214410004448	1.02825606	52.55814362	0.9903454	0.0375595865315813	0.0103013	0.00013
0.1212	-0.0038	0.2595	0.002186897552748895	0.002097885760897184	0.0012671090369478833	1.05376434	53.86197281	1.01179292	0.1726218224617533	0.00916964	0.0001
0.1221	0.0017	0.2579	0.0018500490071139892	0.0023282692221604354	0.0013456488532876281	0.98134017	50.1600914	0.96693841	0.040288591161895086	0.00884473	0.00011
0.1236	-0.0728	0.247	0.002371902453460294	0.002258456052080662	0.001322959573011702	0.99874091	51.04951096	0.98124707	0.11761779483510024	0.0095194	9e-05
0.1235	-0.0983	0.2431	0.0030281462522101614	0.002061233846605303	0.0013072516097437528	0.99077648	50.64241791	0.97503052	0.07295869837465875	0.0102851	0.0001
0.1222	-0.0823	0.2406	0.0032079151651655774	0.0019006635554218248	0.0012304571226560022	0.97278994	49.72305679	0.96804513	0.04065668456133225	0.0102972	5e-05
0.1185	-0.037	0.2641	0.0022898719786165604	0.0020664698343612863	0.0012514010736799342	1.01012027	51.63115311	0.99272983	0.12773967082562052	0.0097388	5e-05
0.119	-0.0106	0.2572	0.0018081611050661253	0.002251474735072685	0.0012863076587198209	0.97822297	50.00075912	0.97045548	0.06888111796508603	0.00864106	8e-05
0.1192	-0.0721	0.2412	0.0023387411976724015	0.002087413785385218	0.0012723450247038664	0.98249322	50.21902847	0.97575347	0.11313018381548486	0.00936228	3e-05
0.1194	-0.0903	0.2233	0.0029181905093345183	0.0018360863730980347	0.0012217304763960308	0.98586887	50.39157104	0.97475191	0.0803695636128568	0.00978863	5e-05
0.1208	-0.0765	0.2128	0.003157300616857742	0.0016458454846306526	0.001129228026040331	0.98659945	50.42891312	0.96972638	0.05179267231731529	0.00928497	6e-05
0.1191	-0.0306	0.2428	0.0027977627909469105	0.0018343410438460403	0.0011780972450961724	1.03759849	53.03567505	0.98828041	0.10744513020910304	0.00965083	9e-05
0.1154	0.0079	0.261	0.0019250981649497454	0.002008873969045473	0.0011885692206081383	1.0305531	52.67555618	0.99539231	0.11328347633542822	0.00924158	0.0001
0.1174	-0.0541	0.2451	0.0020943951023931952	0.002008873969045473	0.0012164944886400475	1.0102973	51.64020538	0.98873012	0.08976111027376796	0.00930226	0.00015
0.1203	-0.0777	0.2394	0.0026127578902355115	0.0019722220547535923	0.0012252211349000194	1.00200939	51.21657944	0.981552	0.06038706741970847	0.00965351	0.00013
0.1205	-0.0998	0.2204	0.0030665434957540365	0.0017837264955382047	0.0011274826967883368	0.99929249	51.07770538	0.9784398	0.07830098014227972	0.0102234	8e-05
0.1163	-0.0886	0.209	0.0030979594222899347	0.001656317460142619	0.0009896016858807848	1.00473046	51.35565948	0.97491537	0.04163529864195183	0.00952566	4e-05
0.1184	-0.0124	0.2614	0.00214850030920502	0.0020769418098732523	0.0011746065865921838	1.04450643	53.38876724	1.0120235	0.2084544181763474	0.00904012	0.00011
0.116	-0.0025	0.2681	0.0015289084247470327	0.0021467549799530253	0.001244419756671957	0.97230577	49.69831085	0.96360452	0.05696091123087664	0.00950342	7e-05
0.1186	-0.083	0.2526	0.0019530234329816546	0.002237512101056731	0.0012671090369478833	0.9664892	49.40100098	0.96649749	0.1254780704807127	0.00995427	5e-05
0.1226	-0.1052	0.2302	0.002701769682087222	0.0019250981649497454	0.0012793263417118436	0.96340102	49.24315262	0.96627701	0.10226887449882568	0.00987512	9e-05
0.118	-0.0943	0.2153	0.0029880036794142917	0.001647590813882647	0.0011379546723003027	0.96667665	49.4105835	0.96649269	0.06565565089028545	0.00940251	0.00011
0.1223	-0.0291	0.2473	0.0021607176139689798	0.0020245819323134223	0.0013037609512397642	1.03963578	53.13980865	1.00999043	0.17000417314077745	0.00941646	8e-05
0.1185	0.0107	0.2517	0.0013386675362796509	0.0022636920398366456	0.0013945180723434693	1.00702775	51.4730835	0.98972185	0.10559586531581285	0.00921226	0.0001
0.1198	-0.0784	0.2401	0.0016947147036864942	0.0024155356847601517	0.0014276793281313615	0.99963033	51.09497452	0.98873753	0.12905260340591207	0.00877494	6e-05
0.1057	-0.103	0.213	0.0022759093446006054	0.0020856684561332234	0.0012740903539558604	0.99074167	50.64064026	0.9778262	0.11903254218582704	0.00845146	5e-05
0.0947	-0.0991	0.1944	0.0025569073541716926	0.0017680185322702558	0.0010471975511965976	1.04532897	53.43080521	0.98464699	0.07477703680966588	0.00945884	0.00014
0.0956	-0.0588	0.2196	0.0022794000031045943	0.0019617500792416262	0.0010873401239924673	1.09622192	56.03214264	1.02059077	0.09196907354171689	0.0086233	0.00017
0.1034	0.0357	0.2628	0.001329940890019679	0.0023544491609403502	0.0012601277199399059	1.10027623	56.23937225	1.0402702	0.22124728953655387	0.00873566	0.00012
0.1083	-0.0255	0.2637	0.001282817000215832	0.002518510110627818	0.0013788101090755204	0.99249798	50.73041153	0.97762243	0.08349336143134646	0.00910467	9e-05
0.117	-0.0919	0.2324	0.0022794000031045943	0.0022985986248765322	0.0014451326206513049	1.01893795	52.08185959	0.99882181	0.1705408500107916	0.00911707	0.00013
0.1138	-0.1122	0.198	0.002897246558310587	0.0017051866791984597	0.0012077678423800758	0.99742299	50.98214722	0.9833297	0.13033116395776473	0.0101266	6e-05
0.1138	-0.0584	0.2398	0.0023998277214922034	0.002136283004441059	0.0012880529879718153	1.01239657	51.74750519	0.99741511	0.1460400153826361	0.00918311	0.0001
0.1144	0.0176	0.2713	0.0012775810124598492	0.002570869988187647	0.001467821900927231	1.06756282	54.56726837	1.02949363	0.19493013028671785	0.00874913	0.00011
0.1132	-0.0444	0.2357	0.0017767451785302276	0.002623229865747477	0.0014329153158873448	1.00723946	51.48390579	0.99373584	0.12812153143350472	0.00874329	9e-05
0.114	-0.1193	0.1809	0.002754129559647052	0.0018901915799098587	0.0012950343049797925	1.06248438	54.30768585	1.02927703	0.22291518389309972	0.00952959	9e-05
0.1172	-0.089	0.1703	0.00308399678827398	0.0015341444125030156	0.0011414453308042916	1.04001379	53.1591301	0.99888544	0.08607516851046358	0.0095861	0.0001
