trans_x	trans_y	trans_z	rot_x	rot_y	rot_z	dvars_std	dvars_nstd	dvars_vstd	framewise_displacement	aqi	aor
0.0	-0.0	0.0	-0.0	0.0	-0.0	n/a	n/a	n/a	n/a	0.102138	0.0242
0.0115	0.0429	0.0356	-0.0004677482395344803	-0.00014311699866353502	-0.00015707963267948963	0.98550904	53.48953247	0.99674466	0.12839724354387524	0.102458	0.02523
0.0119	0.0031	0.0272	-0.0004921828490624009	-0.0002530727415391778	-0.00023911010752322313	0.90973711	49.37693024	0.94998027	0.05942104136236485	0.101519	0.02438
0.0048	-0.0587	0.0104	-0.0003159045946109737	-0.00022689280275926284	-0.00023387411976724014	0.94285738	51.17456818	0.97253259	0.09608470904936624	0.100202	0.02308
-0.0036	-0.0251	0.0002	-0.00039269908169872416	-6.45771823237902e-05	-0.00017627825445142725	0.9651283	52.38334656	0.97374591	0.0670352986419518	0.101201	0.0233
-0.0097	0.003	-0.0116	-0.00032812189937493397	7.155849933176751e-05	-9.075712110370512e-05	0.9187448	49.86583328	0.9450761	0.0603116998663535	0.101883	0.02405
-0.0091	0.0174	0.0229	-0.0002705260340591211	-0.0001186823891356144	-0.0002251474735072685	0.9885506	53.65461349	0.99216396	0.06861135530933792	0.100753	0.0233
-0.013	0.0982	0.0521	-0.0006073745796940267	-6.283185307179586e-05	-0.00037350045992678646	0.99552906	54.0333786	1.00643275	0.14095260340591212	0.102259	0.02507
-0.004	-0.0152	0.0304	-0.0003822271061867582	-0.00018675022996339323	-0.0003874630939427412	0.96383739	52.3132782	0.9938795	0.16225142422074104	0.100542	0.02257
-0.0006	-0.0558	0.0095	-0.0005340707511102648	-0.00017278759594743863	-9.42477796076938e-05	0.97882569	53.12678528	0.98674888	0.08785107966372543	0.101927	0.02315
-0.0063	-0.0155	0.0008	-0.0004886921905584122	1.0471975511965975e-05	-3.4906585039886588e-06	0.96728724	52.50052261	0.97257486	0.0706697626557481	0.102791	0.02412
-0.0072	-0.0008	-0.0011	-0.00048345620280242926	6.45771823237902e-05	5.759586531581287e-05	0.95163804	51.65114594	0.95779069	0.02352138591938044	0.103624	0.02488
-0.0058	0.0162	-0.0011	-0.0003525565089028545	9.075712110370512e-05	0.0001186823891356144	0.98521948	53.47381592	0.96855779	0.02930830782496456	0.103449	0.02453
-0.0064	0.0367	0.029	-0.0004258603374866164	-8.552113334772214e-05	-0.0001937315469713706	0.94435447	51.25582504	0.96913383	0.0792998009571087	0.101984	0.02443
-0.0076	0.0761	0.0323	-0.0005288347633542819	-0.0001186823891356144	-0.00023387411976724014	0.95405579	51.78237152	0.96744172	0.05271391272257136	0.102718	0.02449
-0.0008	-0.0257	0.0126	-0.0003961897402027128	-0.0002181661564992912	-0.0001884955592153876	0.99838692	54.18849182	1.0057974	0.14217536755335491	0.101084	0.02292
-0.0027	-0.0374	-0.0013	-0.0004258603374866164	-1.2217304763960308e-05	-9.773843811168246e-05	0.95620364	51.89894867	0.96032093	0.04381882850614698	0.101966	0.02338
-0.0085	-0.0257	-0.0095	-0.0003351032163829112	2.094395102393195e-05	1.3962634015954635e-05	0.97134578	52.72080612	0.96984732	0.03748097245096173	0.10222	0.02389
-0.0081	0.0029	-0.0006	-0.00042760566673861073	1.2217304763960308e-05	-5.759586531581287e-05	0.95301217	51.7257309	0.96581686	0.04653937979737194	0.102092	0.02353
-0.0101	0.058	0.033	-0.000609119908946021	-0.0001064650843716541	-0.00034208453339088857	0.95346093	51.75008774	0.98001907	0.11993426497090504	0.102035	0.02429
-0.003	-0.0015	0.0218	-0.0004310963252425994	-0.00021642082724729686	-0.0002705260340591211	0.960976	52.15797424	0.97760589	0.0957768912955416	0.100711	0.02297
0.0004	-0.0615	0.0017	-0.0004188790204786391	-0.00011519173063162575	-0.00029321531433504735	0.94200015	51.12804031	0.96746319	0.09030678408277788	0.100556	0.02262
0.0003	-0.0326	-0.0147	-0.0003351032163829112	4.886921905584123e-05	-3.490658503988659e-05	0.94134277	51.09236145	0.95839081	0.07070727415391778	0.101631	0.02308
-0.0045	-0.0245	-0.0264	-0.0003438298626428829	0.0002583087292951608	0.00024609142453120044	0.96999151	52.64730072	0.97298305	0.04955820830351891	0.102527	0.02371
-0.0049	0.03	-0.0087	-0.00046949356878647465	0.0001256637061435917	4.18879020478639e-05	0.93873107	50.9506073	0.97023295	0.09572561258892487	0.103138	0.02455
-0.009	0.0795	0.0193	-0.0006579891280018621	5.235987755982988e-06	-5.061454830783555e-05	0.95991731	52.10051346	0.98522185	0.1016712863979348	0.102969	0.0251
-0.003	0.0076	0.003	-0.0005166174585903216	-5.235987755982988e-06	-5.4105206811824215e-05	0.95524198	51.84675598	0.98730969	0.10196671517137476	0.101896	0.02386
0.0034	-0.0755	-0.0181	-0.0004380776422505767	1.2217304763960308e-05	1.5707963267948964e-05	0.94210774	51.13388062	0.98075052	0.11889031394697308	0.101196	0.02299
-0.0036	-0.055	-0.037	-0.0001937315469713706	0.00017627825445142725	0.0001064650843716541	0.92279255	50.08552933	0.95025896	0.07135820830351891	0.101505	0.023
-0.0084	0.009	-0.0086	-0.0002251474735072685	0.00011344640137963142	-3.316125578789226e-05	0.99020809	53.7445755	1.00372721	0.108893705988362	0.100979	0.02295
-0.005	0.0268	0.0119	-0.00034557519189487725	0.00010995574287564276	-8.37758040957278e-05	0.91984206	49.92538834	0.95754336	0.05042664625997165	0.100087	0.02297
0.0037	-0.0492	-0.0128	-0.00023212879051524583	-1.3962634015954635e-05	-0.0001012290966156711	0.94570935	51.32936096	0.97565875	0.1221409035395586	0.0999715	0.02232
0.0021	-0.0461	-0.025	-4.0142572795869576e-05	0.0001308996938995747	6.283185307179586e-05	0.99179429	53.8306694	0.9796452	0.04194547476611862	0.100396	0.02241
0.0008	-0.0114	-0.0217	-9.075712110370512e-05	0.0002530727415391778	0.0001186823891356144	0.92513371	50.21259689	0.95203803	0.050731906600562864	0.101167	0.02265
-0.0007	0.0635	0.0263	-0.00020769418098732522	5.759586531581287e-05	1.0471975511965975e-05	1.03581774	56.22008896	1.01558657	0.14543121748653168	0.101097	0.02322
-0.0002	0.0439	0.04	-0.00017104226669544429	6.45771823237902e-05	2.6179938779914945e-05	0.97676134	53.01473999	0.97604651	0.03676705972839035	0.0994595	0.02236
0.0067	-0.0641	0.0208	-8.726646259971648e-06	-1.0471975511965975e-05	1.9198621771937625e-05	0.97991335	53.18581772	1.00118962	0.14631730476396032	0.0981815	0.02071
0.005	-0.0548	-0.0004	0.00010471975511965978	0.00016231562043547262	0.0001937315469713706	1.00336528	54.45869827	0.98078154	0.05523834612632515	0.098852	0.0211
0.0025	-0.0386	0.0001	0.0001186823891356144	0.00026354471705114377	0.00019198621771937622	0.93881619	50.9552269	0.95736951	0.025046852994181	0.0989558	0.02097
-0.0001	0.0338	0.0383	-8.726646259971648e-06	7.67944870877505e-05	0.00014311699866353502	1.00434542	54.51189804	1.00072078	0.131351424220741	0.098877	0.02148
0.0022	0.0141	0.0369	2.6179938779914945e-05	9.948376736367679e-05	0.0002181661564992912	0.97761959	53.06132126	0.96768472	0.03003225115757844	0.0980756	0.02156
0.0062	-0.0741	0.0188	6.632251157578452e-05	8.552113334772214e-05	0.00023911010752322313	0.95857722	52.02777863	0.9773803	0.11405245789178782	0.0975772	0.02047
0.0059	-0.0565	-0.0048	0.00023911010752322313	0.00016929693744344995	0.0003700098014227979	0.97027385	52.66262436	0.96876937	0.060873154697137055	0.0984983	0.02072
0.0011	-0.0348	-0.0133	0.00017627825445142725	0.000307177948351002	0.0003682644721708035	0.93607104	50.80623245	0.95831897	0.04512290966156712	0.0993396	0.02129
-0.0018	0.0109	0.0152	-1.2217304763960308e-05	0.000153588974175501	0.00024085543677521747	0.95482022	51.82386398	0.97511521	0.10057467843932372	0.0988012	0.02164
-0.003	0.0552	0.0269	-0.0001361356816555577	0.00015707963267948963	0.0002443460952792061	0.96340269	52.2896843	0.97595854	0.06374498469497875	0.0998814	0.02235
-0.0016	-0.0336	0.013	-7.155849933176751e-05	0.00013962634015954637	0.0001832595714594046	0.92730266	50.33031845	0.97093565	0.11125584993317672	0.0980623	0.021
0.005	-0.0664	-0.0112	0.00010995574287564276	9.250245035569947e-05	0.00029321531433504735	0.92371589	50.13564301	0.95081845	0.080529693744345	0.0981115	0.02069
-0.0012	-0.0549	-0.0254	0.00021642082724729686	0.00032463124087094524	0.00048345620280242926	0.97258037	52.78781509	0.97234101	0.0583417381677141	0.0986901	0.02082
-0.0052	-0.0205	-0.0183	0.00019896753472735358	0.0003211405823669566	0.00039968039870670147	0.91988224	49.92756653	0.9545351	0.050735987755982974	0.0985386	0.021
-0.0077	0.039	0.0242	0.00011519173063162575	0.00013264502315156904	0.00022340214425527416	1.00024295	54.28923035	1.0044647	0.1269274808881271	0.0978584	0.02084
-0.0085	0.0206	0.0277	0.00011344640137963142	0.00010995574287564276	0.00017104226669544429	0.95817071	52.00571442	0.96191972	0.026539724354387527	0.0974175	0.02066
-0.0065	-0.0663	0.014	0.00010995574287564276	9.42477796076938e-05	0.00014660765716752367	0.95716208	51.9509697	0.97723152	0.10478166156499293	0.0969061	0.02
-0.0036	-0.0675	-0.0086	0.00011170107212763708	0.00010297442586766544	0.000291469985083053	0.97972512	53.17560196	0.97226915	0.03446671517137478	0.0986445	0.0209
-0.0054	-0.0411	-0.0144	0.00013788101090755203	0.0003316125578789226	0.00041189770347066176	0.9460274	51.34662247	0.95802162	0.05276228945893904	0.0991048	0.02129
-0.0032	-0.0259	-0.0093	0.00012740903539558605	0.0003089232776029963	0.0005480333851262194	0.95788324	51.9901123	0.96015898	0.030964846872172488	0.0996661	0.0216
-0.0073	0.0282	0.0303	1.7453292519943294e-06	0.0002303834612632515	0.000445058959258554	1.01456511	55.06658173	0.99150823	0.1131588974175501	0.0993576	0.02172
-0.0057	0.01	0.0305	1.9198621771937625e-05	0.00021642082724729686	0.0004328416544945937	0.9416607	51.10961533	0.9454674	0.022181661564992912	0.0983023	0.02111
0.0023	-0.0527	-0.002	0.00032463124087094524	0.00014311699866353502	0.0005026548245743669	0.9769339	53.02410507	0.99744598	0.1256274808881271	0.0982807	0.02023
-0.0021	-0.0326	-0.0139	0.0002007128639793479	0.00039269908169872416	0.0006998770300497262	0.98112166	53.25139999	0.98001287	0.06493613327010729	0.0996781	0.02153
-0.0053	-0.0178	-0.0113	0.0002443460952792061	0.0004136430327226561	0.0008168140899333463	0.94077003	51.06127548	0.95060868	0.029675712110370515	0.0996377	0.02148
-0.0079	0.0384	0.0314	0.0001675516081914556	0.0002007128639793479	0.0005515240436302081	0.99493134	54.0009346	0.99502664	0.12925073510670984	0.0983447	0.02122
-0.0067	0.0037	0.0322	0.00018151424220741024	0.0001972222054753592	0.0004799655442984406	0.94181901	51.11820984	0.95989455	0.04115058959258554	0.0968216	0.02042
-0.0006	-0.0899	0.0114	0.0002303834612632515	0.0001605702911834783	0.0004921828490624009	0.92672038	50.29871368	0.96973703	0.1253869219055841	0.0961819	0.01933
0.0009	-0.0799	-0.0048	0.0002722713633111154	0.0002199114857512855	0.0005375614096142535	0.94128239	51.08908463	0.95759016	0.03503038285837618	0.097025	0.02006
-0.0027	-0.0525	-0.018	0.0002722713633111154	0.0003961897402027128	0.0006475171524898963	0.94020456	51.03058243	0.95688246	0.0585116998663535	0.0983027	0.02086
-0.0044	-0.036	-0.0024	0.0002303834612632515	0.0003612831551628262	0.000609119908946021	0.93344796	50.66386032	0.94974886	0.03955958653158129	0.0981158	0.02086
-0.0095	0.0232	0.019	0.00010297442586766544	0.00032637657012293966	0.000593411945678072	0.99335498	53.91537857	0.98620336	0.09460117918517107	0.0989837	0.02135
-0.005	-0.0329	0.0108	0.00014311699866353502	0.0002495820830351891	0.0005532693728822024	0.94585782	51.33742142	0.96616389	0.07665398163397448	0.097598	0.02044
-0.0028	-0.0604	-0.0074	0.00028797932657906436	0.0003682644721708035	0.000614355896702004	0.93470937	50.73232651	0.94727916	0.06413156204354727	0.0981577	0.02047
-0.0029	-0.0312	-0.0167	0.0002513274122871834	0.00048345620280242926	0.0007243116395776468	0.98443478	53.43122482	0.96960137	0.05168996938995748	0.0995666	0.02127
-0.0056	-0.009	-0.0074	0.00034033920413889426	0.000439822971502571	0.0005532693728822024	0.97254229	52.78574753	0.99692322	0.04938436449235067	0.0983551	0.02062
-0.0228	0.0636	0.0074	0.0014974924982111347	0.00012042771838760874	0.0003787364476827695	1.16934729	63.46754456	1.21935259	0.18715407361933176	0.095956	0.01853
-0.0064	-0.0278	0.004	0.0023212879051524586	-8.726646259971648e-06	0.0008848819307611251	1.06658185	57.88983917	1.09572483	0.18415476273336295	0.0932831	0.01646
0.0133	-0.1094	-0.0332	0.0013962634015954637	8.726646259971648e-05	0.00028623399732707005	1.04566205	56.75439835	1.09759392	0.2194832772925369	0.0965594	0.01816
0.0014	-0.0835	-0.039	0.00040666171571467877	0.0006108652381980154	2.4434609527920616e-05	1.08063185	58.65242386	1.14481992	0.13234999246391163	0.0982998	0.01973
-0.0108	-0.0754	-0.0375	0.000905825881785057	0.0005445427266222308	0.00010297442586766544	0.96570969	52.41490173	1.00349725	0.0540013246992954	0.0957832	0.0181
-0.0166	0.0218	-0.0039	0.0007819075048934597	0.0004921828490624009	-2.4434609527920616e-05	0.99190485	53.83666992	1.01604777	0.15178436449235067	0.0965359	0.01902
-0.0149	0.0095	-0.0079	0.0006283185307179585	0.0005724679946541401	5.93411945678072e-05	0.91643602	49.74052048	0.95394266	0.033882496193148405	0.0965502	0.01903
-0.0112	-0.0762	-0.0376	0.0009896016858807848	0.000609119908946021	0.0001884955592153876	0.9599514	52.10236359	0.99193755	0.14545447170511439	0.0955692	0.01829
-0.0103	-0.0578	-0.0436	0.0009756390518648303	0.0007679448708775049	0.00042236967898262774	0.9633444	52.28652191	0.96679061	0.045633085785733926	0.0969085	0.01867
-0.0122	-0.0217	-0.0271	0.0009023352232810684	0.0007504915783575615	0.00034557519189487725	0.9220311	50.0442009	0.95258076	0.06287758040957278	0.096904	0.01865
-0.008	0.0073	0.0064	0.0007504915783575615	0.0005497787143782138	0.0003787364476827695	0.97023189	52.66034698	0.98240641	0.08598588823453734	0.0959979	0.01851
-0.0032	-0.0588	-0.0019	0.0009023352232810684	0.0005410520681182421	0.00035430183815484887	0.96722698	52.49725342	0.97742837	0.08845024503556995	0.0944536	0.01747
0.0042	-0.0993	-0.026	0.0009756390518648303	0.0005567600313861911	0.0004258603374866164	0.94638765	51.36617661	0.96426801	0.08002851455917391	0.0951379	0.01804
0.0038	-0.0905	-0.0526	0.001298524963483781	0.000614355896702004	0.0006527531402458793	1.00099218	54.32989502	0.99418983	0.06616872898470133	0.0964888	0.0178
0.0011	-0.0502	-0.0264	0.0011676252695842063	0.0005689773361501514	0.0006073745796940267	0.96114594	52.16719818	0.97873505	0.08028284075016398	0.0956186	0.01777
-0.0035	0.0037	-0.0045	0.0010314895879286487	0.0005305800926062762	0.0005672320068981572	0.95137864	51.6370697	0.97155331	0.09113377489976512	0.0956846	0.01782
0.0024	-0.0605	-0.0125	0.0011187560505283654	0.0004310963252425994	0.0005585053606381855	0.96704644	52.48745346	0.97394258	0.08787384381116825	0.094599	0.01695
0.0051	-0.0895	-0.0285	0.0012147491593880533	0.0005270894341022875	0.000577703982410123	0.93821687	50.92269897	0.9557106	0.05825924197456568	0.0947691	0.01739
0.0008	-0.0622	-0.0581	0.0016632987771505957	0.0006736970912698113	0.0008150687606813518	0.98965192	53.7143898	1.0213968	0.10282610266006471	0.0959011	0.01755
-0.0291	0.0071	-0.0053	0.00205599785884932	0.0003665191429188092	0.000635299847725936	1.07470119	58.33052826	1.10720738	0.19598229715025717	0.0925683	0.01591
-0.0415	0.0179	0.0119	0.0017697638615222502	0.0003106686068549907	0.0005480333851262194	0.97628003	52.98861694	1.01458776	0.061867549799530255	0.0917401	0.01565
-0.0322	-0.0847	0.0042	0.001514945790731078	0.0003298672286269283	0.00041713369122664475	0.94763553	51.43390656	0.98763454	0.13984581932313422	0.0907901	0.01524
-0.0283	-0.1025	-0.0132	0.00147131255943122	0.0004014257279586958	0.0004049163864626844	0.93345267	50.66411591	0.96124964	0.0454704517697793	0.0915105	0.01576
-0.0249	-0.0808	-0.0329	0.0015341444125030156	0.0006161012259539982	0.000445058959258554	0.94695967	51.39722443	0.96130625	0.06068249619314837	0.0932156	0.01663
-0.0442	-0.0118	0.0269	0.0013735741213195373	0.0005235987755982988	0.00032637657012293966	0.99764735	54.14834976	1.01367684	0.16668775653373957	0.0913397	0.0159
-0.0634	0.0198	0.11	0.0021991148575128553	0.00038048177693476387	0.00010995574287564276	1.0586648	57.46013641	1.09982258	0.1931539281052075	0.0833833	0.01238
-0.0697	-0.019	0.1712	0.0035150931135165793	0.00024085543677521747	-0.00012217304763960306	1.02464712	55.61379242	1.07910175	0.1906866693339258	0.0742146	0.00828
-0.0664	-0.1496	0.2089	0.005227261109723017	0.00016406094968746698	-0.00023387411976724014	1.01513004	55.09724426	1.09324323	0.26663317777109125	0.0646742	0.00456
-0.0668	-0.2124	0.204	0.006148794954776023	0.00023212879051524583	-0.00023911010752322313	0.90237218	48.97719193	0.96089821	0.1178418836818384	0.0613465	0.00393
-0.0581	-0.2356	0.1859	0.006408849013323179	0.00023212879051524583	-0.00015184364492350666	0.90329254	49.02714539	0.9460527	0.0673660260573436	0.0612555	0.00348
-0.0504	-0.2041	0.1571	0.006510078109938849	0.00016929693744344995	-0.00019547687622336493	0.97989482	53.18481445	0.97500592	0.0783847090493662	0.063754	0.0038
-0.0456	-0.1543	0.1277	0.00641408500107916	-2.6179938779914945e-05	-0.00010821041362364843	0.96843272	52.56269455	0.97168374	0.10293682238413848	0.0667002	0.00454
-0.046	-0.1128	0.1201	0.006815510729037857	-4.0142572795869576e-05	6.45771823237902e-05	0.99268359	53.87893677	0.97815393	0.07890879789610451	0.0684047	0.00487
-0.0451	-0.0511	0.1431	0.006921975813409511	6.806784082777885e-05	0.0001064650843716541	0.98609865	53.52153397	0.97689938	0.09842817000215827	0.0683946	0.00456
-0.044	0.0186	0.1526	0.006817256058289851	5.93411945678072e-05	0.00013264502315156904	0.96983665	52.63889694	0.97497695	0.08728131700797734	0.0700765	0.00514
-0.0408	-0.05	0.1534	0.00705462083656108	7.67944870877505e-05	0.000148352986419518	0.99162847	53.82167053	0.97733871	0.08612630170295604	0.0677087	0.00429
-0.04	-0.1024	0.1463	0.0070912727508529606	6.283185307179586e-05	2.094395102393195e-05	0.94307417	51.1863327	0.94921159	0.06920117918517106	0.0665382	0.00417
-0.0365	-0.1481	0.1386	0.0070581114950650685	4.71238898038469e-05	0.00019547687622336493	0.97520941	52.93050766	0.96911399	0.06807010721276371	0.0659414	0.00411
-0.0349	-0.1359	0.1633	0.008850564636863244	0.00018500490071139895	0.0002443460952792061	1.15350258	62.60755539	1.20157555	0.13746016858807844	0.0628244	0.00336
-0.0189	-0.1642	0.4734	0.011358602771979098	0.0031747539093776853	0.0007330382858376184	1.5204463	82.52381134	1.62608489	0.6537239667170276	0.0480582	0.00317
-0.0273	-0.2501	0.4975	0.012203342129944355	0.002228785454796759	-0.0007487462491055673	1.28806698	69.91117859	1.29328248	0.2820246173744685	0.0417942	0.00158
-0.0857	-0.3241	0.5208	0.011716395268637934	0.003556981015564444	-0.0026720990848033187	1.26144505	68.46624756	1.25715776	0.3426247628885929	0.0399016	0.001
-0.0734	-0.3747	0.5885	0.014880677202503653	0.0036320301734002	-0.0017243853009703976	1.09838748	59.61612701	1.14984339	0.33995224377671973	0.0312278	0.00034
-0.0576	-0.3451	0.5622	0.014519394047340827	0.003190461872645634	-0.0016423548261266642	0.93839461	50.93234634	0.97183171	0.1159440965380562	0.0322835	0.00033
-0.0501	-0.3087	0.5328	0.014323917171117462	0.0030316369107141502	-0.0015289084247470327	0.98012584	53.19735336	0.96403736	0.09668741197672404	0.0338767	0.0005
-0.052	-0.2683	0.5237	0.014550809973876724	0.003033382239966145	-0.001726130630222392	0.92111325	49.99438095	0.94472143	0.07269301687433073	0.0343082	0.00031
-0.0498	-0.2489	0.5312	0.014770721459628012	0.003242821750205464	-0.0015882496193148398	0.97327203	52.82535553	0.95375229	0.05746160034490788	0.0355796	0.00054
-0.043	-0.2464	0.5496	0.014660765716752367	0.0036686820876920805	-0.0013334315485236678	1.00206411	54.38807678	0.97118956	0.06723170755767163	0.0359209	0.00053
-0.0401	-0.26	0.5529	0.014796901398407924	0.004035201230610889	-0.0011013027580084218	0.92344874	50.12114334	0.94031548	0.05653918075448058	0.0346971	0.0005
-0.0459	-0.2946	0.548	0.014679964338524306	0.004239404753094226	-0.0009669124056048585	0.93536317	50.76781082	0.94628846	0.0680765467385258	0.034884	0.00042
-0.0482	-0.3037	0.5478	0.014704398948052227	0.004300491276914028	-0.0009197885158010115	0.93746626	50.88195801	0.94037495	0.01823225115757865	0.034392	0.00037
-0.048	-0.3276	0.5458	0.014737560203840119	0.00441044701978967	-0.0008848819307611251	0.96160692	52.19221878	0.93746959	0.03500117918517097	0.0345174	0.00053
-0.0484	-0.3391	0.5401	0.014739305533092113	0.0044261549830576195	-0.0008342673824532895	0.98924947	53.69254684	0.95257385	0.0210033920413889	0.0348644	0.00049
-0.0477	-0.3343	0.5391	0.014585716558916611	0.004476769531365455	-0.0008587019919812101	0.93500656	50.74845505	0.94048101	0.01793190660056295	0.0344077	0.00038
-0.0497	-0.3297	0.5276	0.014639821765728435	0.004537856055185257	-0.000879645943005142	0.93074346	50.51707077	0.94174218	0.02490678408277792	0.0351058	0.00046
-0.0504	-0.3154	0.5266	0.014618877814704502	0.0045483280306972225	-0.0008412486994612669	0.95009673	51.56748962	0.94791781	0.01949065850398861	0.0353977	0.0005
-0.0485	-0.3006	0.5245	0.014634585777972452	0.00462337718853298	-0.0008621926504851988	0.92903948	50.42458725	0.93340254	0.024385053606381983	0.0352524	0.00055
-0.0473	-0.3024	0.5157	0.014718361582068183	0.0046198865300289904	-0.0007976154681614085	0.96790093	52.53383255	0.95254779	0.01939218224617544	0.0353637	0.00044
-0.0438	-0.2945	0.52	0.01465727505824838	0.004722860955896656	-0.0007923794804054256	0.92033011	49.95187759	0.9409933	0.024164846872172588	0.0346483	0.00042
-0.0445	-0.2846	0.5111	0.014768976130376017	0.004738568919164605	-0.0007644542123735164	0.92186493	50.03517914	0.94247619	0.027266715171374783	0.0351133	0.00048
-0.0429	-0.2915	0.5126	0.01466949236301234	0.004743804906920588	-0.0006859143960337716	0.93789661	50.9053154	0.9482795	0.019162978572970148	0.0350246	0.00035
-0.0433	-0.2919	0.5113	0.01467298302151633	0.00486946861306418	-0.0007173303225696694	0.92850065	50.39533997	0.94355502	0.01012851455917394	0.0343232	0.00033
-0.0425	-0.3097	0.5027	0.014686945655532283	0.004752531553180559	-0.0006841690667817771	0.94889802	51.50242996	0.95018379	0.03540304748437329	0.0339372	0.00026
-0.0431	-0.3163	0.5049	0.014702653618800233	0.004836307357276287	-0.0006754424205218055	0.92298508	50.09597778	0.94067755	0.014810520681182543	0.0327931	0.00023
-0.0439	-0.3144	0.4963	0.014768976130376017	0.004879940588576145	-0.0006702064327658224	0.93012607	50.48356247	0.94281234	0.017059586531581274	0.0325398	0.00018
-0.0454	-0.3183	0.4923	0.014857987922227728	0.004874704600820162	-0.0006544984694978735	0.94236296	51.14773178	0.94786214	0.014897787143782162	0.0319758	0.00015
-0.0449	-0.3067	0.4852	0.014889403848763624	0.004975933697435834	-0.0006963863715457374	0.92437696	50.17152405	0.94151268	0.02792664625997165	0.0319049	0.00015
-0.0444	-0.3039	0.4767	0.014845770617463767	0.004944517770899936	-0.000582939970166106	0.95746869	51.96761322	0.95654433	0.021224777960769325	0.0320849	0.00014
-0.0456	-0.2972	0.47	0.014789920081399947	0.005094616086571448	-0.0006824237375297829	0.92576379	50.24679565	0.94241365	0.029871630954950452	0.0319318	0.00012
-0.0465	-0.2929	0.452	0.014679964338524306	0.0051783918906671755	-0.0006126105674500097	0.94442666	51.25974274	0.95333599	0.03637723585255711	0.0324955	0.00014
-0.0435	-0.2798	0.461	0.014866714568487698	0.005185373207675152	-0.000577703982410123	0.9529053	51.71992874	0.9501903	0.03653190660056276	0.0320618	0.00014
-0.0422	-0.265	0.5009	0.014830062654195819	0.005044001538263612	-0.0006859143960337716	0.94388723	51.23046494	0.95842649	0.07031169986635336	0.0314211	0.00013
-0.0401	-0.2685	0.4917	0.014779448105887983	0.004925319149127998	-0.000582939970166106	0.96233594	52.23178864	0.9618425	0.028413568165555743	0.0312974	0.00012
-0.044	-0.3508	0.4637	0.01490336648277958	0.005146975964131278	-0.0007243116395776468	0.95350134	51.75228119	0.9701301	0.13854734306532088	0.0307713	9e-05
-0.0317	-0.329	0.3996	0.01496096234809539	0.005372123437638546	-0.0007086036763096977	0.96121937	52.17118454	0.97178194	0.1131225651045514	0.0331677	0.0001
-0.0326	-0.3033	0.4392	0.01512153263927887	0.00533721685259866	-0.0007627088831215222	0.97434759	52.88373184	0.97630051	0.07867910415175945	0.0316736	0.0001
-0.0392	-0.2141	0.4921	0.014652039070492397	0.0054593899002382635	-0.0007888888219014368	0.95393974	51.77607346	0.98099057	0.17959232776029954	0.0326195	0.00017
-0.0396	-0.2774	0.4747	0.014638076436476442	0.005370378108386551	-0.0006876597252857658	0.93353963	50.6688385	0.95893404	0.09131017612416689	0.0313011	0.00014
-0.0314	-0.3757	0.4193	0.01484227995895978	0.005518731094806069	-0.0007190756518216638	0.97870773	53.12038422	0.99435178	0.18109862177193767	0.0313347	8e-05
-0.0227	-0.3601	0.3516	0.014418164950725156	0.006037093882648386	-0.0006108652381980154	0.94854581	51.48331451	0.98146816	0.14453441048502946	0.035238	0.00014
-0.0327	-0.2565	0.4323	0.014461798182025013	0.0056758107274855595	-0.0007138396640656808	1.02644646	55.71145248	1.04408194	0.2196945406165174	0.0330297	0.00015
-0.0444	-0.1913	0.4842	0.014421655609229145	0.005803219762881146	-0.0006806784082777885	0.97614694	52.98139191	0.99015864	0.1388356431989674	0.0321044	0.00021
-0.041	-0.3111	0.4628	0.014618877814704502	0.005656612105713622	-0.0007086036763096977	0.93684602	50.8482933	0.97807874	0.16318775653373957	0.0308255	0.00015
-0.0372	-0.3582	0.4056	0.014552555303128718	0.005494296485278149	-0.000874409955249159	0.96525931	52.39045715	0.98172657	0.1278222205475359	0.0326498	0.00015
-0.0414	-0.3418	0.408	0.01471487092356419	0.0056042522281537915	-0.0008552113334772215	0.98431289	53.42461014	0.98302445	0.03757349925415256	0.0320354	9e-05
-0.0521	-0.2097	0.4681	0.014505431413324872	0.005824163713905078	-0.0008499753457212384	1.02494133	55.62975693	1.0278681	0.2246293491873294	0.0326152	0.00019
-0.0437	-0.2834	0.454	0.014491468779308918	0.005658357434965616	-0.0006806784082777885	0.94462419	51.27046204	0.96574743	0.11365329251994324	0.0309464	0.0001
-0.0381	-0.3758	0.4288	0.01490336648277958	0.005612978874413764	-0.0006963863715457374	0.97783166	53.07283401	0.97977264	0.14684921136452317	0.0299625	0.00011
-0.0375	-0.3607	0.3829	0.014721852240572169	0.005771803836345247	-0.0008726646259971648	1.006989	54.65538025	0.97496992	0.08743087292951608	0.0336828	0.00023
-0.041	-0.2913	0.419	0.014517648718088833	0.00564788545945365	-0.0007801621756414653	1.0404526	56.47164917	0.99631012	0.13003121748653163	0.0334009	0.00015
-0.0555	-0.166	0.4552	0.014889403848763624	0.00558330827712986	-0.0008028514559173916	1.081725	58.71175385	1.06970558	0.19895107966372536	0.0325717	0.00015
-0.0511	-0.2482	0.4046	0.016694074295325764	0.004888667234836118	-0.000582939970166106	1.10598755	60.02862549	1.11870195	0.27316114873035835	0.0320686	0.00025
-0.0291	-0.3215	0.3705	0.015130259285538843	0.004858996637552213	-0.0007923794804054256	1.08940721	59.1287117	1.0796891	0.21954625586550727	0.0335706	0.00013
-0.023	-0.3413	0.3175	0.01482308133718784	0.005340707511102648	-0.0007749261878854823	1.08827853	59.06745529	1.0906564	0.119217105721069	0.035638	7e-05
-0.0353	-0.265	0.3666	0.013807299712527142	0.005260422365510909	-0.0013473941825396225	1.03326333	56.0814476	1.03408227	0.22112673824532883	0.0374247	0.00029
-0.0755	-0.1325	0.4622	0.013271483632164882	0.005215043804959057	-0.0018552849948699724	1.13112581	61.39303589	1.13095798	0.3227542726622231	0.0386769	0.00099
-0.0927	-0.2144	0.4561	0.013662437384611611	0.004808382089244378	-0.0019024088846738192	1.07230198	58.20030594	1.09168324	0.14743696789826274	0.0365546	0.00059
-0.0885	-0.3543	0.3541	0.01827010660987664	0.003691371367968007	-0.002103121748653167	1.23978126	67.29042053	1.26366949	0.5423696405260374	0.031813	0.00025
-0.0425	-0.3398	0.2992	0.016706291600089723	0.002930407814098479	-0.0012199851471440364	1.19251633	64.72506714	1.20458176	0.27579575825827884	0.0347831	0.00014
-0.0327	-0.2989	0.325	0.015522958367237565	0.00352731041828054	-0.0010821041362364843	0.96407497	52.32617569	0.99062135	0.17240584239708856	0.0360888	0.00021
-0.0396	-0.327	0.3166	0.015610224829837285	0.003754203221039803	-0.0010070549784007281	1.0550288	57.26279068	0.987542	0.06286042115973697	0.0364901	0.00041
-0.0447	-0.2915	0.3156	0.0156364047686172	0.003876376268679406	-0.0010663961729685354	0.9789902	53.13571548	0.96577226	0.051984709049366334	0.0364097	0.0004
-0.0541	-0.2211	0.3586	0.015158184553570752	0.004084070449666731	-0.0008429940287132613	1.01864696	55.28812408	1.00314925	0.1682658270144524	0.0377318	0.00057
-0.0586	-0.2223	0.3839	0.015444418550897824	0.004223696789826277	-0.0007906341511534313	0.99204916	53.8445015	0.97085347	0.05491101075232244	0.0349472	0.00016
-0.0556	-0.3081	0.3839	0.015847589608108514	0.00415213829049451	-0.0007958701389094143	0.98169601	53.2825737	0.97473632	0.112798277214922	0.0337388	0.0002
-0.0572	-0.3154	0.3807	0.015837117632596546	0.004075343803406759	-0.0007382742735936014	1.00501645	54.54831314	0.96829266	0.019343116395776655	0.0337186	6e-05
-0.0602	-0.297	0.365	0.016055283789095837	0.004310963252425994	-0.0008429940287132613	0.94012815	51.02643585	0.94190216	0.06502526803190935	0.0330179	6e-05
-0.0659	-0.3159	0.3593	0.01601165055779598	0.004391248398017733	-0.0007714355293814937	0.97745138	53.05219269	0.95237826	0.04007384381116826	0.0335534	0.00018
-0.0658	-0.2967	0.3601	0.01593136541220424	0.004424409653805625	-0.0008691739674931761	0.95985651	52.09721375	0.94833672	0.03065924197456565	0.033235	4e-05
-0.0611	-0.2954	0.374	0.015781267096532728	0.0042987459476620336	-0.000853466004225227	0.95321107	51.73652649	0.94903379	0.03447349925415261	0.0339018	0.00015
-0.0677	-0.2536	0.4028	0.015453145197157793	0.004305727264670011	-0.0007173303225696694	1.00513899	54.55496979	0.97626728	0.10076194490192349	0.0341347	0.00014
-0.0647	-0.2938	0.3917	0.015610224829837285	0.004359832471481835	-0.0007208209810736582	0.91898572	49.87891006	0.94505549	0.06503377489976518	0.0324783	6e-05
-0.0627	-0.321	0.3786	0.015625932793105233	0.004372049776245795	-0.000710349005561692	0.92926919	50.43705368	0.94841248	0.044219862177193744	0.0330381	0.00011
-0.0647	-0.3094	0.3674	0.01606051977685182	0.004358087142229841	-0.0006946410422937432	0.95193034	51.66701126	0.95461546	0.04801287905152456	0.0320852	4e-05
-0.0724	-0.3141	0.3627	0.016231562043547268	0.004501204140893376	-0.0007888888219014368	0.91334361	49.57267761	0.9351522	0.03752035224833375	0.0311837	5e-05
-0.0781	-0.3023	0.3465	0.016528268016386297	0.004591961261997081	-0.000736528944341607	0.95413893	51.78688431	0.95434506	0.055691148575128205	0.0306442	4e-05
-0.0766	-0.2804	0.3479	0.016516050711622342	0.004679227724596798	-0.0007278022980816354	0.93237233	50.60548019	0.94411487	0.03021052068118226	0.0310087	2e-05
-0.0719	-0.2774	0.3317	0.01607448241086778	0.004701917004872723	-0.0007400196028455958	0.94237953	51.14863205	0.95034911	0.04772374428972244	0.0328841	3e-05
-0.0709	-0.2623	0.3663	0.01595230936322817	0.004473278872861466	-0.0007627088831215222	0.97155917	52.73238754	0.96359316	0.06937502299633953	0.0325055	4e-05
-0.0703	-0.1892	0.3871	0.015510741062473608	0.004408701690537677	-0.0008866272600131194	0.94277138	51.16989899	0.9633834	0.12600319299849747	0.0335359	3e-05
-0.0685	-0.3027	0.3759	0.01553692100125352	0.004251622057858187	-0.000804596785169386	0.96911639	52.59980392	0.98349786	0.13976450231515675	0.0316765	3e-05
-0.0661	-0.3393	0.3601	0.0159435827169682	0.0042987459476620336	-0.0007993607974134029	0.96088845	52.15322113	0.96197128	0.07775107966372552	0.0312148	3e-05
-0.0618	-0.3457	0.3457	0.016041321155079884	0.004312708581677988	-0.0008988445647770796	0.91763943	49.80583572	0.93796033	0.035659241974565666	0.0317908	4e-05
-0.0611	-0.3384	0.3345	0.015889477510156378	0.004279547325890096	-0.0007853981633974483	0.94787562	51.44693756	0.95515867	0.034122565104551465	0.0320589	3e-05
-0.062	-0.2896	0.3655	0.015926129424448255	0.004213224814314312	-0.0008377580409572782	0.95968282	52.08778763	0.96308057	0.08846671517137446	0.0312308	3e-05
-0.0637	-0.2564	0.3872	0.0156660753659011	0.004291764630654057	-0.000783652834145454	0.94048756	51.04594421	0.95405198	0.07623495408493625	0.0311649	3e-05
-0.0542	-0.3334	0.3737	0.015954054692480166	0.004176572900022431	-0.0006527531402458793	0.96657354	52.46178818	0.96723737	0.1267035375555133	0.0299789	2e-05
-0.0514	-0.3759	0.364	0.01622632605579128	0.004242895411598215	-0.0007208209810736582	0.94339097	51.20352936	0.95167645	0.0753330857857339	0.0298805	3e-05
-0.0523	-0.3384	0.3387	0.016329300481658947	0.004263839362622147	-0.0007295476273336296	0.94632924	51.36300659	0.95020549	0.07033225115757849	0.0307975	4e-05
-0.0581	-0.3226	0.3211	0.016355480420438863	0.004335397861953915	-0.000731292956585624	0.9631871	52.27798462	0.95596139	0.04417418836818391	0.0313909	2e-05
-0.054	-0.2755	0.3354	0.016210618092523332	0.004291764630654057	-0.000731292956585624	0.91784137	49.81679916	0.94385473	0.07492477796076938	0.0317305	3e-05
-0.0558	-0.2187	0.3666	0.01580395637680865	0.004169591583014453	-0.0006963863715457374	0.9597857	52.09336853	0.96261237	0.1179870674197086	0.0321748	2e-05
-0.0527	-0.261	0.368	0.01600815989929199	0.004207988826558329	-0.0006265732014659643	0.95889837	52.04520798	0.95457594	0.06242069680534937	0.0309547	1e-05
-0.0513	-0.3292	0.3575	0.01620538210476735	0.004248131399354198	-0.0006702064327658224	0.93554366	50.77760696	0.9499779	0.0941499004785543	0.0303695	4e-05
-0.0504	-0.3401	0.3379	0.016193164800003386	0.004176572900022431	-0.0005724679946541401	0.97306854	52.81430817	0.95380144	0.04047571211037062	0.0305012	3e-05
-0.0526	-0.3299	0.3368	0.016170475519727463	0.004251622057858187	-0.0006475171524898963	0.94189715	51.12245178	0.94580434	0.022139379797371767	0.0301424	3e-05
-0.0547	-0.2944	0.3527	0.016160003544215495	0.0040055306333269865	-0.0006544984694978735	1.00510514	54.55312729	0.97936117	0.06667723585255733	0.0312632	4e-05
-0.0604	-0.2517	0.3764	0.016121606300671623	0.004118977034706617	-0.0006771877497737998	1.01793122	55.24927902	0.99526428	0.08082664625997145	0.0313479	1e-05
-0.0553	-0.3017	0.3741	0.016187928812247405	0.0040561451816348215	-0.0007417649320975902	0.95204562	51.67326736	0.95334716	0.06708657734856849	0.0300817	5e-05
-0.0534	-0.3471	0.3554	0.016336281798666925	0.003940953451003196	-0.0006841690667817771	0.97381997	52.85509491	0.95792601	0.0820570291183479	0.0298749	8e-05
-0.0567	-0.3223	0.3462	0.016592845198710092	0.004105014400690663	-0.0006719517620178169	0.96905082	52.59624481	0.95190043	0.058942082724729686	0.0296339	5e-05
-0.0559	-0.3144	0.3374	0.01661029849123003	0.00411199571769864	-0.000577703982410123	0.93609399	50.80747604	0.94284388	0.023434119456780544	0.0300678	5e-05
-0.0606	-0.2479	0.3702	0.01621410875102732	0.004139920985730549	-0.0005916666164260777	0.9965384	54.08816147	0.9772499	0.1259038821125287	0.0298262	3e-05
-0.0612	-0.2605	0.3901	0.01626995928709114	0.004197516851046362	-0.0005881759579220891	0.91867137	49.86184692	0.94165744	0.03894685299418098	0.0283688	2e-05
-0.0582	-0.3422	0.3729	0.016570155918434165	0.00411548637620263	-0.0005567600313861911	0.94428611	51.25211334	0.95599039	0.12258215163613276	0.0281141	1e-05
-0.0651	-0.341	0.3518	0.01665742238103388	0.004194026192542374	-0.0004014257279586958	0.97246289	52.78143692	0.9539584	0.04525702911834772	0.0286687	1e-05
-0.0676	-0.3438	0.3439	0.0167743594409175	0.004267330021126135	-0.0004991641660703782	0.90989494	49.38549805	0.93532872	0.027598966328953135	0.0288448	0.0
-0.0676	-0.308	0.3332	0.016852899257257248	0.004218460802070294	-0.00037350045992678646	0.95582706	51.87850952	0.94504679	0.059153637076959045	0.0296032	4e-05
-0.0662	-0.2896	0.3619	0.016804030038201405	0.0042271874483302664	-0.0003385938748868999	0.96569222	52.41395187	0.95150384	0.053125122517785055	0.0289904	1e-05
-0.0688	-0.2498	0.3882	0.0166504410640259	0.004295255289158045	-0.00038397243543875244	0.94468814	51.27393341	0.94326802	0.08205176877775679	0.0284262	4e-05
-0.0656	-0.3288	0.3728	0.01667662100280582	0.00416435559525847	-0.00030368728984701333	0.96221024	52.22496414	0.9650916	0.10946823891356164	0.0280519	2e-05
-0.0672	-0.3357	0.3576	0.016875588537533175	0.004253367387110181	-0.0003159045946109737	0.9644106	52.34439087	0.95196169	0.03870983156715131	0.0279689	2e-05
-0.07	-0.3379	0.3357	0.01691922176883303	0.004312708581677988	-0.0003159045946109737	0.98932898	53.69686127	0.95775688	0.032048721293383105	0.0289328	8e-05
-0.0728	-0.3408	0.323	0.017050121462732604	0.0043982297150257105	-0.00024085543677521747	0.99114829	53.79560852	0.9570381	0.032973499254152605	0.029139	1e-05
-0.0749	-0.3047	0.3595	0.016929693744344998	0.004431390970813603	-0.0002583087292951608	0.97451162	52.89263535	0.95675332	0.08325211333477199	0.0281781	3e-05
-0.0759	-0.282	0.3805	0.016631242442253964	0.004403465702781694	-6.108652381980153e-05	0.97197229	52.75481033	0.95592969	0.0708799387799152	0.0276937	3e-05
-0.0734	-0.3289	0.3769	0.016715018246349692	0.004541346713689245	-1.5707963267948964e-05	0.9536553	51.76063538	0.95253069	0.06635176877775666	0.0268551	3e-05
-0.0688	-0.3695	0.3575	0.016606807832726046	0.004441862946325569	2.4434609527920616e-05	0.93650043	50.82953644	0.9485897	0.07699183768915961	0.0272593	2e-05
-0.0671	-0.3524	0.3398	0.016599826515718067	0.0044924774946334045	8.203047484373349e-05	0.96477699	52.36427689	0.96045267	0.04225958653158135	0.0279406	1e-05
-0.067	-0.3272	0.3421	0.016505578736110374	0.004534365396681268	4.0142572795869576e-05	0.92927015	50.43710709	0.9471535	0.03650117918517105	0.0283257	1e-05
-0.0715	-0.2792	0.3632	0.01626297797008316	0.004440117617073575	0.00010471975511965978	0.96031243	52.12195969	0.97139021	0.09367128639793479	0.0286868	3e-05
-0.0683	-0.2829	0.3691	0.016296139225871052	0.004504694799397364	7.330382858376184e-05	0.94391882	51.23217773	0.95339892	0.019257718232378863	0.0285861	3e-05
-0.0685	-0.3831	0.35	0.01664520507626992	0.0044924774946334045	4.886921905584123e-05	0.95255524	51.70092773	0.9676567	0.13878588823453747	0.0276524	3e-05
-0.0695	-0.3809	0.3278	0.016800539379697416	0.004445353604829557	0.00019024088846738194	0.95934957	52.06969833	0.95967678	0.04259149313214414	0.027723	3e-05
-0.0693	-0.3522	0.3437	0.017154841217852265	0.00447851486061745	0.00017976891295541595	0.93861383	50.94424438	0.95160862	0.06469675347273543	0.0268015	3e-05
-0.0766	-0.2964	0.3794	0.017275268936239874	0.00446629755585349	0.00027750735106709843	0.99856508	54.19816208	0.98509091	0.1103191730631626	0.0260966	1e-05
-0.0805	-0.3246	0.393	0.017392205996123494	0.004769984845700502	0.0005358160803622592	0.98908573	53.6836586	0.97093416	0.07964665395128964	0.024837	4e-05
-0.0749	-0.3742	0.3699	0.017791886394830196	0.004642575810304917	0.00041189770347066176	0.96200228	52.21367645	0.96345443	0.11085039054969424	0.0257145	1e-05
-0.072	-0.3791	0.3642	0.018313739841176496	0.004448844263333546	0.001001818990644745	1.01947403	55.33301544	1.00716716	0.07877531402458768	0.0271214	0.00014
-0.0817	-0.2892	0.4018	0.01814095224522906	0.004667010419832838	0.0008883725892651138	1.03184235	56.00431824	1.01462924	0.16242000769131779	0.0247149	1e-05
-0.0896	-0.2695	0.4256	0.018226473378576784	0.004792674125976429	0.0008063421144213803	0.98525161	53.47555923	0.95800043	0.0660607657167524	0.023954	0.0001
-0.0851	-0.3814	0.4068	0.018167132184008974	0.00466002910282486	0.0007731808586334879	1.01855958	55.28338242	0.98666739	0.1464573736753636	0.0227497	2e-05
-0.0884	-0.3923	0.3946	0.01876578011744303	0.00474904089467657	0.0007766715171374765	0.98031002	53.20734787	0.95816373	0.06095751918948772	0.0222523	0.0
-0.0975	-0.4027	0.3753	0.019139280577369817	0.004900884539600078	0.0009285151620609833	0.93629718	50.81850433	0.93921565	0.07265938748869001	0.0226699	3e-05
-0.0911	-0.3666	0.3611	0.01907644872429802	0.0048520153205442364	0.0011274826967883368	0.98259962	53.33161926	0.96273832	0.07223343034274962	0.0232369	1e-05
-0.0901	-0.3259	0.4115	0.019097392675321952	0.004911356515112043	0.0011763519158441782	0.96467596	52.35879517	0.96534504	0.09855771823237897	0.0221	2e-05
-0.0871	-0.3113	0.4251	0.01891762376236654	0.004996877648459765	0.0012531464029319286	0.95103526	51.61843109	0.94587028	0.0483042266695443	0.021978	1e-05
-0.0817	-0.3765	0.4019	0.01884257460453078	0.00507541746479951	0.001446877949903299	0.99347323	53.92179489	0.96853067	0.1111660260573437	0.0215334	1e-05
-0.0773	-0.4016	0.3751	0.01895078501815443	0.005068436147791533	0.0014486232791552935	0.93777978	50.89897537	0.94648048	0.062146852994181066	0.0230378	1e-05
-0.072	-0.3857	0.3546	0.018868754543310697	0.004928809807631986	0.0014870205226991688	0.98237759	53.31956863	0.95899206	0.05470270292735784	0.0238917	6e-05
-0.0707	-0.362	0.3592	0.019008380883470243	0.005024802916491674	0.001514945790731078	0.97721267	53.03923798	0.95578647	0.04277723585255721	0.0236964	1e-05
-0.0708	-0.3461	0.3825	0.01856681258271568	0.004876449930072156	0.001583013631558857	0.98935562	53.69830704	0.96350567	0.072199456400093	0.0231575	4e-05
-0.0731	-0.3344	0.401	0.018364354389484337	0.005019566928735692	0.0016004669240788003	0.99856538	54.19817734	0.9630846	0.05065142422074118	0.0223739	1e-05
-0.0734	-0.3807	0.3867	0.018592992521495592	0.004979424355939822	0.0015306537539990272	0.93565184	50.78347778	0.94434855	0.077829693744345	0.0219647	1e-05
-0.0764	-0.4149	0.3702	0.018952530347406425	0.004916592502868026	0.0016912240451825054	0.95020539	51.57338715	0.95583475	0.0828469985083054	0.022335	3e-05
-0.0827	-0.395	0.363	0.019357446733869108	0.005171410573659199	0.0018884462506578647	0.96992564	52.64372635	0.95934367	0.0762478331364607	0.0219665	1e-05
-0.0791	-0.3671	0.3847	0.019130553931109847	0.005106833391335408	0.0020193459445574393	0.92874414	50.40855789	0.94349515	0.07431848394913133	0.0219324	1e-05
-0.0751	-0.3297	0.3943	0.018397515645272228	0.005059709501531561	0.0019163715186897737	0.97675848	53.01458359	0.96510248	0.09515683007545661	0.0223469	2e-05
-0.0705	-0.3552	0.3882	0.018530160668423796	0.0050789081233034985	0.001837831702350029	0.94464552	51.2716217	0.94978848	0.04771917306316253	0.0222376	1e-05
-0.0668	-0.4241	0.3697	0.01880243203173491	0.005044001538263612	0.001864011641129944	0.94202727	51.12951279	0.95274548	0.10776789435654578	0.0223979	0.0
-0.0695	-0.4009	0.3476	0.019001399566462265	0.005000368306963754	0.0019931660057775245	0.99415857	53.958992	0.96165988	0.06658775653373959	0.0232009	1e-05
-0.0772	-0.3553	0.3729	0.019004890224966254	0.005106833391335408	0.0018675022996339327	0.95378709	51.76778793	0.95203069	0.09038097245096174	0.0224797	3e-05
-0.0872	-0.3162	0.4018	0.018912387774610552	0.005096361415823441	0.0018500490071139892	0.98054087	53.21987915	0.96107912	0.0840213859193806	0.022042	7e-05
-0.0853	-0.3779	0.395	0.0191445165651258	0.005248205060746949	0.001973967384005587	0.98545641	53.48667526	0.96411793	0.09579454061651768	0.021234	1e-05
-0.088	-0.4195	0.3725	0.019259708295757426	0.005351179486614613	0.0019687313962496035	0.922723	50.08175278	0.93672982	0.07797010721276365	0.0221668	3e-05
-0.0898	-0.4086	0.3406	0.019367918709381073	0.005295328950550796	0.0020996310901491783	0.98866963	53.66107559	0.95982218	0.05934803217935189	0.0243252	8e-05
-0.0921	-0.3604	0.3677	0.019093902016817967	0.005396558047166466	0.0019722220547535923	0.98370028	53.39135742	0.96247574	0.10273274122871812	0.0243698	3e-05
-0.0901	-0.3094	0.3906	0.0187134202398832	0.005420992656694387	0.0019181168479417679	0.97153747	52.7312088	0.95729993	0.09885107966372547	0.024259	8e-05
-0.0858	-0.3492	0.3876	0.01850398072964388	0.005293583621298802	0.00199142067652553	0.98723084	53.58298492	0.95853274	0.06760761871093345	0.0220038	3e-05
-0.0875	-0.4165	0.3749	0.01899965423721027	0.005372123437638546	0.0020245819323134223	0.96273851	52.25363541	0.96188804	0.11206872898470133	0.0210492	1e-05
-0.092	-0.425	0.3469	0.01949881840328065	0.005331980864842677	0.0021642082724729686	0.95759851	51.97465897	0.94203145	0.07494665395128981	0.0223582	3e-05
-0.095	-0.3916	0.3338	0.01947612912300472	0.005324999547834699	0.002234021442552742	0.99967414	54.258358	0.96278412	0.05447418836818406	0.0233904	2e-05
-0.0976	-0.362	0.372	0.018861773226302718	0.00541401133968641	0.002050761871093337	0.93998295	51.01855469	0.949446	0.11473136300065588	0.0223277	1e-05
-0.0947	-0.2843	0.4051	0.01842020492554815	0.005302310267558773	0.0020193459445574393	0.98930275	53.69543839	0.97391724	0.14293426497090508	0.0227096	3e-05
-0.0882	-0.3625	0.3957	0.01862440844803149	0.005300564938306779	0.001947787445225672	0.99458814	53.98230743	0.96966241	0.10797536755335493	0.0209723	1e-05
-0.0864	-0.4364	0.3726	0.018987436932446315	0.005270894341022875	0.0019390607989657003	0.92150921	50.01587296	0.94842634	0.11887128639793512	0.0212916	0.0
-0.0883	-0.4234	0.3503	0.019142771235873806	0.0052115531464550675	0.0020525072003453313	1.01017249	54.82816315	0.95985259	0.053606094968746486	0.0227101	6e-05
-0.0913	-0.3674	0.3712	0.01916371518689774	0.0052447144022429604	0.0019617500792416262	0.98746353	53.59561157	0.96157527	0.08714311639577665	0.0221729	0.0
-0.0922	-0.3209	0.3996	0.01871691089838719	0.0053389621818506535	0.0018360863730980347	0.98548996	53.48849487	0.96032424	0.1091357887130918	0.0222916	9e-05
-0.0877	-0.374	0.3911	0.018856537238546738	0.005248205060746949	0.0018989182261698304	0.98231971	53.31642532	0.95888264	0.08076076571675234	0.0212902	1e-05
-0.0886	-0.4259	0.379	0.01951103570804461	0.005300564938306779	0.0020315632493213996	0.95501149	51.83424377	0.95496745	0.10687516851046353	0.0209032	1e-05
-0.0901	-0.4072	0.3876	0.019940386704035216	0.005258677036258915	0.002176425577236929	0.91924316	49.89287949	0.93201954	0.059605061297700074	0.0204778	1e-05
-0.0973	-0.337	0.4127	0.019296360210049306	0.005281366316534841	0.0020263272615654165	0.97678292	53.0159111	0.97241513	0.1433407044966674	0.0205066	2e-05
-0.0939	-0.3216	0.4129	0.01869247628885927	0.005351179486614613	0.0018901915799098587	0.94687998	51.39289856	0.95362247	0.059491638646268365	0.0213366	0.0
-0.0894	-0.4113	0.395	0.018940313042642463	0.005344198169606637	0.0019058995431778078	0.91576397	49.70404434	0.94589141	0.1256263017029559	0.0206293	0.0
-0.09	-0.4331	0.3684	0.019397589306664978	0.00519235452468313	0.002012364627549462	0.97185242	52.74830246	0.95773645	0.08477924966588382	0.021171	5e-05
-0.0964	-0.4065	0.3589	0.020202186091834363	0.0052115531464550675	0.0021572269554649913	0.95824575	52.00978851	0.95697059	0.09093288674284265	0.0210113	3e-05
-0.1025	-0.3629	0.3966	0.020025907837382936	0.0050893800988154655	0.0022148228207808044	1.00378883	54.48168564	0.96929784	0.1052023583703421	0.0210309	6e-05
-0.1005	-0.3199	0.4185	0.019748400486315838	0.0052447144022429604	0.002143264321449037	0.98745102	53.59493256	0.96159277	0.092120007691318	0.0199977	1e-05
-0.107	-0.3783	0.4134	0.02019520477482639	0.005291838292046808	0.002064724505109292	0.95879853	52.03979111	0.94981745	0.09862339973270713	0.0195585	4e-05
-0.1007	-0.422	0.4026	0.02069262361164477	0.005157447939643243	0.0022985986248765322	1.00975251	54.80537033	0.96574596	0.10408416544945923	0.0195557	1e-05
-0.1018	-0.4064	0.3906	0.02053379864971329	0.005120796025351363	0.00214850030920502	0.96213645	52.22095871	0.94987118	0.045978759594743686	0.0199031	1e-05
-0.0905	-0.372	0.3766	0.01961401013391227	0.005126032013107346	0.002186897552748895	0.97531605	52.93629456	0.966381	0.1078710873550438	0.0222114	1e-05
-0.0899	-0.3411	0.3988	0.01894729435965044	0.005279620987282846	0.0020682151636132805	0.98198658	53.29834747	0.95941748	0.1006493568786472	0.0220571	3e-05
-0.0897	-0.3084	0.4119	0.018579029887479635	0.005393067388662479	0.0020943951023931952	0.9505344	51.59124756	0.94815128	0.07139454061651765	0.022582	1e-05
-0.0838	-0.3928	0.3937	0.018816394665750868	0.005312782243070739	0.0022078415037728267	0.995143	54.01242447	0.97211338	0.13005481626213014	0.0217357	5e-05
-0.0815	-0.4657	0.3882	0.0191445165651258	0.005326744877086694	0.0022026055160168437	0.94865251	51.48910522	0.95984568	0.09806602605734353	0.0208446	0.0
-0.0815	-0.438	0.3664	0.019331266795089192	0.005218534463463045	0.0022916173078685546	0.93855214	50.94089508	0.94547468	0.06869862177193753	0.0213082	2e-05
-0.0865	-0.4012	0.3885	0.019263198954261415	0.005269149011770881	0.0022130774915288098	0.96216387	52.22244644	0.95972318	0.07376111027376787	0.0202649	1e-05
-0.0929	-0.323	0.4151	0.019078194053550015	0.005373868766890541	0.0021135937241651332	0.9532336	51.73774719	0.95669448	0.13066042115973686	0.0201334	1e-05
-0.0929	-0.3931	0.4051	0.01942551457469689	0.005295328950550796	0.0022235494670407763	0.96712941	52.49195862	0.96057872	0.1068908040181131	0.0197126	1e-05
-0.1023	-0.4078	0.3998	0.019938641374783222	0.005557128338349946	0.002251474735072685	0.95549959	51.86073685	0.94570514	0.06954257279586959	0.0190629	3e-05
-0.1084	-0.4153	0.3782	0.020303415188450035	0.005866051615952942	0.0024068090385001802	0.9455905	51.32291031	0.94453871	0.07665156973486525	0.0204245	2e-05
-0.1074	-0.3788	0.3741	0.02025978195715018	0.005827654372409066	0.0025045474766118626	0.97933263	53.15430069	0.952805	0.05058844564777066	0.0208609	1e-05
-0.1095	-0.35	0.3784	0.020401153626561717	0.0059358647860327145	0.002518510110627818	0.9573068	51.95882416	0.94219749	0.04837723585255717	0.0206721	3e-05
-0.1028	-0.3183	0.4032	0.019748400486315838	0.005710717312525446	0.0024312436480281013	0.97533613	52.93738556	0.95690764	0.11145835381764319	0.0207366	1e-05
-0.1022	-0.3275	0.4119	0.01958084887812438	0.005688028032249521	0.0022968532956245376	0.95460933	51.81241608	0.9475892	0.034731562043547284	0.0198959	0.0
-0.1073	-0.4151	0.4022	0.02006430508092681	0.005832890360165049	0.002384119758224254	0.95808214	52.0009079	0.96569378	0.13817924966588377	0.0192112	3e-05
-0.1113	-0.4438	0.3922	0.020434314882349612	0.005785766470361203	0.0025028021473598684	0.9782303	53.09447098	0.9604317	0.06949080401811303	0.018826	1e-05
-0.1124	-0.425	0.3805	0.020635027746328957	0.005876523591464907	0.002583087292951608	0.9665004	52.45781708	0.94589829	0.05018775653373944	0.0191432	2e-05
-0.1095	-0.4199	0.3615	0.02058266786876913	0.005831145030913055	0.0027296949501191318	0.97996849	53.18881226	0.95275986	0.03921730476396024	0.0202129	1e-05
-0.1035	-0.3898	0.3936	0.020212658067346328	0.005722934617289407	0.0025726153174396417	0.95913929	52.05828476	0.9539811	0.099964992386297	0.0194255	1e-05
-0.0995	-0.347	0.406	0.019936896045531227	0.005522221753310059	0.002597049926967562	0.97825295	53.09569931	0.96346147	0.08424547476611843	0.019823	2e-05
-0.0964	-0.36	0.4013	0.019924678740767265	0.0055710909723658995	0.0025324727446437724	0.96850687	52.56671906	0.95552567	0.027083185307179663	0.0189306	1e-05
-0.0918	-0.4091	0.3807	0.01984962958293151	0.005555383009097951	0.002516764781375823	0.95589811	51.88236618	0.95580453	0.07962325421858268	0.0201346	3e-05
-0.0893	-0.4038	0.3684	0.019781561742103732	0.005544911033585984	0.002569124658935653	0.9759593	52.97121048	0.956313	0.026644984694978703	0.0205932	1e-05
-0.0913	-0.3764	0.3834	0.019587830195132362	0.0055431657043339905	0.0024713862208239705	0.97403949	52.86700821	0.95514139	0.059060765716752305	0.020797	0.0
-0.0889	-0.3445	0.3941	0.01921782039370956	0.00540179403492245	0.002509783464367846	0.9798438	53.18204498	0.96303637	0.07248893571891087	0.0207937	1e-05
-0.0853	-0.409	0.3891	0.019374900026389055	0.005525712411814047	0.0024399702942880727	0.9435941	51.21455383	0.95410055	0.09064055898254317	0.0199654	1e-05
-0.0823	-0.4555	0.3708	0.019713493901275952	0.005412266010434416	0.0024853488548399255	0.93007326	50.48069763	0.94462166	0.09267094184091905	0.0204399	1e-05
-0.0874	-0.45	0.353	0.019851374912183504	0.005475097863506211	0.0025551620249196984	0.97336578	52.83044434	0.96230704	0.04192630170295603	0.0207194	2e-05
-0.0905	-0.4039	0.3656	0.01976934443733977	0.0054768431927582064	0.0024731315500759648	0.92005575	49.93698502	0.94889195	0.07009031394697318	0.0204549	1e-05
-0.0981	-0.3378	0.3974	0.019793779046867695	0.005434955290710342	0.0024312436480281013	0.96476692	52.36373138	0.96751188	0.11091052068118264	0.0195776	1e-05
-0.1024	-0.3745	0.3974	0.020334831114985935	0.005590289594137836	0.0025062928058638572	0.96012449	52.11175919	0.9566393	0.07957177646907453	0.0186871	2e-05
-0.115	-0.4207	0.3788	0.02105565209605959	0.005695009349257497	0.002438224965036078	0.94951475	51.53590393	0.95503445	0.12208042885105463	0.0187841	0.0
-0.1145	-0.4084	0.3545	0.02109230401035147	0.005555383009097951	0.0024801128670839424	1.00927567	54.77949142	0.9710759	0.04800830782496461	0.0207753	5e-05
-0.1183	-0.3718	0.3676	0.02106612407157156	0.0057089719832734516	0.00238237442897226	0.98805702	53.62782669	0.96580652	0.06737536755335455	0.0203424	5e-05
-0.1179	-0.3168	0.4051	0.020554742600737218	0.0055152404363020815	0.0023474678439323734	1.00169539	54.36806107	0.97693325	0.12990098014227996	0.0205482	0.0001
-0.1188	-0.3438	0.4157	0.020697859599400754	0.00564788545945365	0.0022951079663725434	0.96667218	52.4671402	0.94813535	0.05490609496874666	0.0188113	2e-05
-0.1251	-0.4164	0.4002	0.021050416108303608	0.005644394800949661	0.0022898719786165604	0.96488684	52.37023926	0.96006867	0.11246415775814128	0.0187836	3e-05
-0.1265	-0.4365	0.3795	0.021373302019922557	0.00564788545945365	0.0024591689160600103	0.98120737	53.25605392	0.95420683	0.06698367537831938	0.0187957	2e-05
-0.1297	-0.4026	0.3658	0.02175203846760533	0.005677556056737554	0.0026092672317315226	1.00693071	54.65221405	0.96223055	0.0787252680319095	0.0193291	7e-05
-0.1266	-0.3682	0.3963	0.020867156536844202	0.005705481324769463	0.0024190263432641405	1.02111578	55.42212677	0.97171355	0.12315240436302093	0.0184385	3e-05
-0.1216	-0.3119	0.4101	0.0204378055408536	0.0057264252757933945	0.0022794000031045943	0.96076298	52.1464119	0.96046605	0.10459606435870396	0.0186722	1e-05
-0.1171	-0.3824	0.4023	0.02067691564837682	0.005625196179177724	0.0023352505391684127	0.94426793	51.25112534	0.95677865	0.1026094870101355	0.0179725	3e-05
-0.1281	-0.4333	0.3829	0.021368066032166576	0.005768313177841259	0.0025324727446437724	0.96943206	52.61693573	0.96218072	0.13287447939643246	0.0175239	1e-05
-0.1294	-0.4224	0.364	0.02192308073430077	0.005691518690753509	0.0029112091923265415	0.96808642	52.54389954	0.95873147	0.0816272818452357	0.0187104	1e-05
-0.1264	-0.3876	0.3859	0.021392500641694498	0.005661848093469605	0.0027995081201989047	0.97943383	53.15979385	0.96493219	0.09329758810089064	0.0178546	1e-05
-0.1228	-0.3217	0.413	0.020710076904164716	0.0057368972513053606	0.002565634000431664	0.94688863	51.39336777	0.96402747	0.14616735075663886	0.0181879	3e-05
-0.1133	-0.364	0.3925	0.020479693442901462	0.005597270911145814	0.0025569073541716926	0.94293588	51.17882919	0.95806586	0.09123682238413856	0.0187927	3e-05
-0.1112	-0.4415	0.3718	0.02067517031912483	0.005630432166933707	0.0026040312439755396	0.97112274	52.70869827	0.96725739	0.1140881010907554	0.0191763	1e-05
-0.1092	-0.428	0.3467	0.02074149283070061	0.005585053606381855	0.0025464353786597265	0.91524476	49.67586517	0.93939858	0.0490648468721722	0.020253	1e-05
-0.1109	-0.3789	0.3818	0.020504128052429384	0.005550147021341968	0.0025062928058638572	0.93688226	50.85026169	0.95759343	0.101520696805349	0.0191585	1e-05
-0.1127	-0.3537	0.3872	0.020413370931325676	0.005597270911145814	0.002565634000431664	0.97870874	53.12043762	0.96555333	0.042261110273768	0.0189127	1e-05
-0.1108	-0.4359	0.3632	0.020804324683772406	0.005639158813193679	0.002522000769131806	0.94528335	51.30624008	0.95429823	0.1319237442897226	0.0188457	1e-05
-0.1155	-0.4616	0.3433	0.021181315802203185	0.005578072289373877	0.002713986986851182	1.0066241	54.63557053	0.96802634	0.0818031929984979	0.0203742	0.00019
-0.1245	-0.4204	0.3342	0.02149023907980618	0.005759586531581288	0.0027244589623631483	0.9731068	52.81638718	0.9545501	0.08434547476611863	0.0200208	1e-05
-0.1332	-0.3691	0.392	0.02151816434783809	0.005759586531581288	0.0026755897433073067	0.99577147	54.04653549	0.97107694	0.12163972435438766	0.0190676	0.00012
-0.1337	-0.3225	0.4165	0.021235421009015005	0.005722934617289407	0.0026406831582674204	0.99526721	54.01916504	0.96536029	0.08931509190774263	0.0186536	6e-05
-0.1321	-0.4042	0.4166	0.0214535871655143	0.005794493116621174	0.0026075219024795284	0.96491158	52.37158203	0.96038227	0.09954429558094775	0.0168123	1e-05
-0.1263	-0.4185	0.3836	0.021404717946458453	0.005766567848589266	0.0026197392072434887	0.97537684	52.93959427	0.95666628	0.057550589592585744	0.0189224	8e-05
-0.1323	-0.4227	0.348	0.021654300029493645	0.005883504908472884	0.0028379053637427798	1.00544405	54.57152176	0.96012923	0.07503426497090508	0.0194124	1e-05
-0.1377	-0.3936	0.3731	0.022125538927532117	0.005778785153353225	0.002958333082130389	0.97501093	52.91973495	0.9557022	0.09441931857728704	0.0188117	6e-05
-0.1401	-0.3363	0.4034	0.02159495883492584	0.005832890360165049	0.0029321531433504737	1.00445127	54.51764297	0.96934764	0.1205432619099008	0.0179728	4e-05
-0.1349	-0.3758	0.4069	0.021406463275710448	0.005921902152016759	0.002813470754214859	0.95963949	52.08543396	0.94085664	0.06800948701013593	0.0168768	2e-05
-0.1321	-0.4579	0.3893	0.022036527135680405	0.005838126347921033	0.003001966313430246	0.98183256	53.28998566	0.97107284	0.14761676116405342	0.0174	1e-05
-0.1418	-0.4564	0.3798	0.0222826185602116	0.005899212871740834	0.003570943649580398	0.9822064	53.31027603	0.95920636	0.06450776422505737	0.0175687	2e-05
-0.1452	-0.4297	0.3892	0.02240130094934722	0.005864306286700947	0.0035238197597765512	0.99938756	54.24280167	0.95601903	0.049535643198967645	0.017868	5e-05
-0.1429	-0.3614	0.407	0.021286035557322842	0.0059079395180008055	0.0033964107243809652	1.03041637	55.92692184	0.97853037	0.15271538293599116	0.0179439	1e-05
-0.1405	-0.354	0.4129	0.0212982528620868	0.005914920835008782	0.003160791275361731	0.98688352	53.56413269	0.94989778	0.028440903539558526	0.0176637	3e-05
-0.1417	-0.4341	0.4065	0.022162190841823994	0.005757841202329294	0.0032166418114255493	1.00670886	54.64017487	0.97748238	0.141543407424025	0.016717	2e-05
-0.1528	-0.4293	0.4058	0.023071507382113044	0.005759586531581288	0.0032567843842214186	0.9651947	52.38694763	0.95978764	0.06416022211684563	0.0161874	1e-05
-0.143	-0.4218	0.3693	0.022992967565773296	0.005654866776461627	0.00364424747816416	0.97155321	52.73206329	0.96044556	0.08233613327010753	0.0179494	3e-05
-0.1375	-0.3983	0.3766	0.022528709984742806	0.005794493116621174	0.003570943649580398	0.97174734	52.74259949	0.95995768	0.07015938748868991	0.0175781	1e-05
-0.1369	-0.3524	0.4075	0.0218846834907569	0.005729915934297383	0.003419100004656891	0.94912446	51.51472092	0.95855308	0.12042236606166024	0.0172544	1e-05
-0.1326	-0.3687	0.3999	0.021635101407721707	0.005670574739729577	0.0033231068957972035	0.9525224	51.69914627	0.94828183	0.04844581932313427	0.0169094	2e-05
-0.1329	-0.4489	0.3807	0.022251202633675707	0.005756095873077299	0.003307398932529255	0.92885298	50.41446304	0.9509531	0.13556651612848347	0.0168774	2e-05
-0.1616	-0.4408	0.3438	0.02326523892908441	0.005958554066308641	0.003576179637336381	0.95481455	51.82355499	0.96373204	0.1479637596723586	0.0182711	3e-05
-0.1685	-0.4358	0.319	0.023815017643462624	0.005965535383316617	0.0039706240482871	0.97281021	52.80028915	0.96283662	0.08426022211684545	0.019365	3e-05
-0.158	-0.3903	0.3386	0.02345722514680379	0.0059411007737886976	0.004036946559862884	0.9823215	53.31652451	0.96918707	0.09802748088812696	0.0197602	5e-05
-0.1467	-0.3128	0.3619	0.022055725757452342	0.0060946897479642	0.003909537524467298	1.03577912	56.21799088	1.00240015	0.19622486994612673	0.0201656	3e-05
-0.1412	-0.3296	0.3619	0.021855012893472994	0.006180210881311922	0.003750712562535814	0.94983172	51.55310822	0.95089002	0.044552947962927726	0.0197029	3e-05
-0.1303	-0.4334	0.3508	0.02206619773296431	0.005862560957448953	0.003755948550291797	0.96723372	52.49761963	0.97316533	0.15250353755551344	0.0190273	5e-05
-0.1278	-0.4376	0.332	0.022286109218715593	0.005785766470361203	0.0037315139407638766	0.96824336	52.55241776	0.95077257	0.04155702911834764	0.0196487	1e-05
-0.1332	-0.4189	0.3381	0.022263419938439666	0.005831145030913055	0.0037419859162758423	0.92990023	50.47130585	0.92890708	0.034126990816987265	0.0194851	4e-05
-0.1421	-0.3557	0.362	0.022060961745208326	0.00589397688398485	0.0037140606482439333	1.03557098	56.20669174	0.98131912	0.11066076571675212	0.019563	8e-05
-0.1411	-0.4016	0.3622	0.02213950156154807	0.005960299395560636	0.003597123588360313	0.93580425	50.79175186	0.9520611	0.060189969389957576	0.0181464	1e-05
-0.1378	-0.4554	0.3526	0.0227154602147062	0.005916666164260778	0.003841469683639519	0.9565261	51.9164505	0.95655602	0.10989689898685968	0.0191057	8e-05
-0.1404	-0.45	0.3608	0.023158773844712755	0.005794493116621174	0.003965388060531117	0.99528933	54.02036667	0.95647622	0.050670252726887806	0.0189862	1e-05
-0.1555	-0.4026	0.3352	0.023368213354952077	0.006169738905799955	0.004059635840138811	0.94785178	51.44564438	0.94945525	0.12204665395128984	0.0200256	4e-05
-0.1541	-0.3782	0.3321	0.0228376332623458	0.006222098783359784	0.004122467693210606	0.96998155	52.64675903	0.95846564	0.06118859116189505	0.0214402	8e-05
-0.1481	-0.297	0.3731	0.022265165267691664	0.006127851003752092	0.003904301536711315	0.9966895	54.09636307	0.97548187	0.172444096538056	0.0203303	4e-05
-0.1411	-0.3141	0.3782	0.022162190841823994	0.006087708430956222	0.003876376268679406	0.95245504	51.69549179	0.94472353	0.037752113334772415	0.0202111	6e-05
-0.1334	-0.3993	0.3557	0.022549653935766738	0.005937610115284709	0.003940953451003196	1.02079189	55.40454483	0.97755968	0.1455069295969023	0.0195383	4e-05
-0.1336	-0.4246	0.3359	0.022842869250101785	0.005953318078552658	0.003958406743523139	0.95663267	51.9222374	0.94225706	0.061618828506146986	0.0195614	3e-05
-0.144	-0.4316	0.3187	0.023376940001212047	0.006143558967020039	0.004300491276914028	0.97545981	52.94409943	0.95298621	0.08791980864842659	0.0211831	7e-05
-0.1473	-0.4038	0.3678	0.023511330353615613	0.006138322979264057	0.004335397861953915	0.97287053	52.80356216	0.96258736	0.08892664625997176	0.0186582	5e-05
-0.1497	-0.3465	0.3991	0.023008675529041244	0.006141813637768045	0.004272566008882118	0.9763574	52.99281693	0.96117542	0.11944886680750771	0.0192245	6e-05
-0.1476	-0.3897	0.3944	0.023026128821561187	0.006194173515327876	0.004235914094590238	0.96746612	52.51023102	0.95164571	0.05532325421858273	0.0185285	1e-05
-0.1386	-0.4368	0.3785	0.02338915730597601	0.006133086991508073	0.004328416544945937	0.9491992	51.51877594	0.94982114	0.09783087292951619	0.0192855	8e-05
-0.1295	-0.4252	0.3438	0.02330538150188028	0.00623257075887175	0.004499458811641381	0.97902334	53.13751221	0.96230975	0.07311509190774251	0.0202482	6e-05
-0.1274	-0.4099	0.3546	0.02314306588144481	0.006295402611943547	0.004445353604829557	0.93890792	50.96020508	0.95675475	0.04216263401595464	0.0201104	3e-05
-0.1335	-0.3403	0.3837	0.022821925299077853	0.006222098783359784	0.004324925886441949	0.97097194	52.70051575	0.97314402	0.13054360646691643	0.0183593	1e-05
-0.1387	-0.3439	0.3887	0.023193680429752644	0.006253514709895682	0.0042167154728183	0.95516527	51.84259033	0.95568318	0.0393690735417169	0.0173457	0.0
-0.1429	-0.4261	0.3788	0.023678881961807067	0.006438519610607082	0.004324925886441949	0.95881909	52.040905	0.96037344	0.13522084231947348	0.0172272	3e-05
-0.1344	-0.4468	0.3589	0.02339264796448	0.006323327879975456	0.004665265090580842	0.98817635	53.63430023	0.9631956	0.08618824660487939	0.0178149	0.0
-0.128	-0.4399	0.3509	0.023205897734516607	0.006243042734383717	0.004560545335461182	0.98416525	53.41659546	0.95727349	0.039887756533739514	0.0184316	3e-05
-0.1269	-0.3844	0.3712	0.022794000031045942	0.006152285613280011	0.004480260189869444	0.99191093	53.8370018	0.96444548	0.10604699850830542	0.0188186	4e-05
-0.1249	-0.3723	0.3815	0.022350686401039384	0.006227334771115768	0.004256858045614169	0.93744451	50.88077927	0.94528943	0.0614882466048795	0.0187596	1e-05
-0.1182	-0.4139	0.362	0.022553144594270727	0.0060946897479642	0.004207988826558329	0.93040305	50.49859619	0.94149508	0.08699862177193757	0.0195677	2e-05
-0.113	-0.4507	0.3398	0.02264739237387842	0.005951572749300664	0.0042167154728183	0.95444739	51.80362701	0.95111915	0.07650457122656003	0.0199163	1e-05
-0.1187	-0.4277	0.3419	0.022549653935766738	0.005972516700324595	0.004068362486398782	0.92150021	50.01538467	0.94453205	0.044151768777756555	0.019626	3e-05
-0.1231	-0.33	0.3882	0.02205048976969636	0.005667084081225588	0.003707079331235956	1.0234679	55.54978561	1.01380236	0.20669399701661048	0.0189105	3e-05
-0.118	-0.2662	0.5171	0.02105565209605959	0.005370378108386551	0.0033440508468211352	1.23500454	67.03115845	1.22604111	0.2805286065445316	0.0201514	0.00044
-0.0842	-0.4075	0.5456	0.015175637846090696	0.0048939032225921	0.0027157323161031764	1.32520461	71.92686462	1.32026708	0.5528403833240649	0.0287539	0.00178
-0.0986	-0.4469	0.6047	0.015812683023068628	0.0041887902047863905	0.0014887658519511632	1.00559747	54.57985306	1.03133669	0.2413562329467828	0.024774	0.00113
-0.1231	-0.4561	0.6503	0.01871691089838719	0.004009021291830974	0.0005637413483941684	1.08347297	58.80662537	1.07827945	0.27975106459154864	0.0194395	0.00027
-0.127	-0.4356	0.6874	0.019565140914856432	0.003988077340807043	0.0007435102613495844	0.96737522	52.50529861	0.98534373	0.11394714402242943	0.0167415	8e-05
-0.1234	-0.4623	0.6423	0.020219639384354306	0.0036686820876920805	0.0008115781021773631	1.00582004	54.5919342	0.9639579	0.1274980781720308	0.0172529	0.00017
-0.1188	-0.4277	0.6403	0.020001473227855015	0.003639011490408177	0.0009232791743050004	1.00168777	54.36764908	0.96631575	0.05917689129554157	0.0182773	0.00017
-0.1133	-0.3784	0.6472	0.020130627592502597	0.0038100537571036214	0.000879645943005142	0.99879253	54.21050644	0.97000355	0.07889149313214429	0.0185959	0.00028
-0.1089	-0.465	0.6309	0.020844467256568276	0.003712315318991939	0.000905825881785057	0.99801415	54.16825867	0.9843735	0.14918790204786375	0.018519	0.00019
-0.1066	-0.4944	0.6296	0.021273818252558883	0.0036843900509600297	0.0007731808586334879	0.96932423	52.61108398	0.9560253	0.06249606435870427	0.0173228	0.00011
-0.1151	-0.4936	0.6385	0.02218488012209992	0.0038816122564353885	0.0010559241974565693	0.99157178	53.81859207	0.965303	0.08775137069197379	0.0174011	0.00014
-0.1277	-0.4702	0.6826	0.023123867259672873	0.00401076662108297	0.001324704902263696	0.99435639	53.96973038	0.97387993	0.146946110351383	0.0162734	1e-05
-0.129	-0.4679	0.6581	0.024160592835357503	0.003916518841475275	0.0013596114873035826	0.98461753	53.44114304	0.95772905	0.08639399701661059	0.0173938	0.00014
-0.1404	-0.4649	0.7385	0.024228660676185287	0.004504694799397364	0.0019303341527057286	1.04122138	56.51337814	0.99261336	0.156148323207601	0.0179504	4e-05
-0.1476	-0.4136	0.8164	0.024150120859845536	0.004698426346368735	0.0023073252711365037	1.04751027	56.85471344	1.00710025	0.1688631240870948	0.0192903	0.00014
-0.1272	-0.5074	0.7279	0.023041836784829135	0.004448844263333546	0.002319542575900464	1.07785761	58.50184631	1.03677848	0.2712041731407775	0.017275	6e-05
-0.1191	-0.5264	0.697	0.022794000031045942	0.0043877577395137445	0.002230530784048753	0.95371407	51.76382446	0.94734547	0.07789675347273538	0.0157285	4e-05
-0.1149	-0.5136	0.665	0.02324080431955649	0.00436157780073383	0.0021956241990088664	0.9304474	50.50100327	0.94262748	0.07439454061651737	0.015479	6e-05
-0.1136	-0.5135	0.6573	0.023239058990304498	0.004284783313646079	0.0022113321622768156	0.94996506	51.5603447	0.9476711	0.013812388980384591	0.0148964	4e-05
-0.1209	-0.4598	0.6703	0.023164009832468743	0.004544837372193235	0.0022008601867648495	0.92693269	50.31023788	0.93626941	0.09127875959474384	0.0140446	4e-05
-0.1338	-0.5156	0.6674	0.024087289006773743	0.004871213942316174	0.002333505209916419	0.97244388	52.78040695	0.96127438	0.14071503837897542	0.0150197	4e-05
-0.1403	-0.5337	0.706	0.024368287016344827	0.00538957673015849	0.0027768188399229783	0.96071243	52.14366913	0.96070519	0.125333721370998	0.0147182	2e-05
-0.1297	-0.5358	0.6791	0.0244695161129605	0.005494296485278149	0.0029880036794142917	0.96934742	52.61234283	0.94705867	0.06045668456133224	0.015657	6e-05
-0.1302	-0.5247	0.6727	0.024394466955124743	0.005489060497522166	0.00325329372571743	0.98654401	53.54570389	0.95168042	0.03527875959474393	0.0159879	6e-05
-0.1506	-0.4948	0.686	0.024464280125204515	0.00605105651666434	0.0034871678454846703	1.01111495	54.87931824	0.95927416	0.10688416544945938	0.0161384	0.00011
-0.1406	-0.4757	0.6539	0.023841197582242544	0.005773549165597242	0.003597123588360313	1.0268563	55.73369598	0.97365025	0.1117272818452356	0.0154827	5e-05
-0.1348	-0.4729	0.6352	0.023654447352279145	0.005728170605045389	0.0034086280291449255	0.95530427	51.8501358	0.94781482	0.048331217486532	0.0143254	1e-05
-0.1414	-0.4549	0.6699	0.023780111058422742	0.005878268920716902	0.0034400439556808234	0.95227182	51.68554688	0.95021385	0.07465889741755039	0.0145356	2e-05
-0.1559	-0.4602	0.7002	0.023647466035271174	0.006462954220135002	0.003565707661824415	0.94837481	51.47403336	0.95303308	0.09224970143566298	0.0137121	1e-05
-0.1584	-0.5508	0.6706	0.02387435883803043	0.006476916854150957	0.003558726344816438	0.95591766	51.88342667	0.96213081	0.13509183768915947	0.013816	4e-05
-0.1656	-0.5646	0.6701	0.023345524074676147	0.006572909963010645	0.003605850234620285	0.962138	52.22104263	0.95524094	0.055097588100890986	0.0136029	1e-05
-0.1678	-0.5296	0.6912	0.023177972466484696	0.006944665093685436	0.003728023282259888	0.95049578	51.58914948	0.95150529	0.09137398932529225	0.0128272	0.0
-0.1608	-0.5181	0.6677	0.023214624380776577	0.006862634618841703	0.0038693949516714287	0.95993006	52.10120392	0.95396035	0.05500270292735777	0.0124299	2e-05
-0.1623	-0.5092	0.6709	0.02329316419711632	0.006942919764433443	0.003790855135331684	0.94090188	51.06843185	0.9425291	0.025468238913561606	0.0123352	1e-05
-0.167	-0.4803	0.7174	0.02307848869912102	0.007028440897781166	0.003986332011555049	0.97161883	52.73562622	0.96699708	0.10488367537831945	0.0131484	3e-05
-0.1696	-0.453	0.7438	0.02261946710584651	0.007363544114164076	0.004150392961242515	0.96167076	52.19568253	0.96026093	0.10420928796724432	0.0134186	1e-05
-0.1607	-0.5366	0.7145	0.02293362637120549	0.007291985614832309	0.00416435559525847	0.96907938	52.59779358	0.96984468	0.14178401993533496	0.0137634	1e-05
-0.1612	-0.5727	0.6965	0.023034855467821164	0.007255333700540428	0.004230678106834255	0.97087562	52.6952858	0.95705801	0.0648101761241671	0.0139045	1e-05
-0.1545	-0.5514	0.6733	0.023338542757668175	0.007316420224360229	0.004338888520457902	0.94344765	51.206604	0.94594916	0.074849211364523	0.0140859	1e-05
-0.1533	-0.5369	0.6944	0.023361232037944102	0.007300712261092281	0.004237659423842232	0.96067148	52.14144516	0.95755412	0.043781317007977265	0.0140446	2e-05
-0.1545	-0.4837	0.7087	0.022746876141242097	0.007482226503299692	0.004223696789826277	0.97230202	52.77270508	0.9753422	0.10919163864626852	0.0140121	2e-05
-0.1504	-0.5048	0.6889	0.022343705084031405	0.007536331710111515	0.004214970143566306	0.94952399	51.53640366	0.96420588	0.06830014551412436	0.0129128	3e-05
-0.1507	-0.5885	0.6604	0.022776546738526	0.007508406442079606	0.004131194339470578	0.97150075	52.72921753	0.97146334	0.1397271363311115	0.0129689	2e-05
-0.1501	-0.581	0.6332	0.023661428669287124	0.007511897100583594	0.004194026192542374	0.93024617	50.49008179	0.94996152	0.08286022211684553	0.0135714	3e-05
-0.1596	-0.5401	0.6401	0.024137903555081577	0.007552039673379464	0.004234168765338243	1.0267415	55.72746277	0.98898286	0.08513800156930951	0.0138205	3e-05
-0.1779	-0.4533	0.7051	0.02379756435094268	0.007712609964562942	0.0039235001584832525	1.01058304	54.85044861	0.99769146	0.21067890510886816	0.0137098	2e-05
-0.1731	-0.4825	0.6934	0.02379756435094268	0.007735299244838868	0.00398284135305106	0.95707947	51.94648743	0.95692417	0.0498015237421866	0.0134897	2e-05
-0.1697	-0.5617	0.6688	0.02391799206933029	0.007754497866610805	0.0040945424251786966	0.98700339	53.57063675	0.9750006	0.1197663706143592	0.013284	0.0
-0.1659	-0.5333	0.6267	0.02424785929795722	0.007918558816298273	0.004365068459237818	0.93161273	50.56425095	0.94951857	0.11252271061867591	0.0137463	2e-05
-0.1602	-0.4963	0.6593	0.02390577476456633	0.007700392659798981	0.004248131399354198	0.95453382	51.80831909	0.96380482	0.10915938748869	0.013402	3e-05
-0.154	-0.4366	0.6897	0.02327222024609239	0.007817329719682603	0.004223696789826277	0.96732754	52.50271225	0.96843182	0.13504630939427423	0.0137571	3e-05
-0.1449	-0.5089	0.6736	0.023376940001212047	0.007740535232594851	0.004043927876870862	0.9058966	49.16848373	0.93925952	0.11556415775814129	0.0139853	3e-05
-0.1353	-0.5902	0.6458	0.023858650874762487	0.007665486074759095	0.004057890510886817	0.94454283	51.26604843	0.95720384	0.14723613327010743	0.0148233	1e-05
-0.1509	-0.5828	0.5962	0.02420422606665736	0.007866198938738442	0.004632103834792951	0.98916513	53.68796921	0.96638559	0.12862506898901777	0.0152102	1e-05
-0.1697	-0.574	0.6289	0.02406634505574981	0.008073893119725768	0.004827580711016315	0.94829732	51.46982574	0.96549619	0.08735260340591196	0.0147502	3e-05
-0.1601	-0.444	0.6863	0.02355147292641148	0.00800582527889799	0.0045553093477052	1.12950122	61.30485535	1.03266464	0.2397605666738612	0.0162277	0.0002
-0.1539	-0.4746	0.69	0.02338915730597601	0.008047713180945854	0.0043982297150257105	1.01315403	54.98999023	0.96839406	0.05856415775814112	0.0147029	3e-05
-0.1519	-0.5606	0.6755	0.02390926542307032	0.008075638448977763	0.004401720373529699	0.95033681	51.58052063	0.96273395	0.1300762021815104	0.0146591	1e-05
-0.1711	-0.5682	0.63	0.024621359757884004	0.008241444727917224	0.005003858965467743	0.99305058	53.89885712	0.97552053	0.14630196028455947	0.0156159	5e-05
-0.1798	-0.5489	0.6106	0.025015804168834727	0.008309512568745004	0.005347688828110626	0.99198872	53.84122086	0.97201975	0.08771710572106922	0.0151441	3e-05
-0.1608	-0.4462	0.6882	0.024022711824449955	0.008176867545593434	0.004832816698772298	1.07327187	58.25294876	1.0149844	0.2813304748437335	0.0154811	0.00011
-0.1518	-0.4319	0.7103	0.023399629281487977	0.008159414253073491	0.004633849164044945	1.02306187	55.52775192	0.96748776	0.08737516851046367	0.0142676	1e-05
-0.1465	-0.5326	0.6996	0.023719024534602937	0.008133234314293575	0.004351105825221863	0.95655686	51.91812134	0.96371386	0.14811592653589786	0.0125954	1e-05
-0.1401	-0.5739	0.6859	0.024083798348269753	0.007867944267990437	0.004405211032033687	0.97465658	52.90050125	0.95653054	0.09560845333908896	0.0137638	1e-05
-0.1421	-0.5664	0.6608	0.023818508301966614	0.007770205829878755	0.004342379178961892	0.97845417	53.10662079	0.95361123	0.055893016874330737	0.0128924	2e-05
-0.1411	-0.5075	0.6801	0.02328792820936034	0.007881906902006392	0.004201007509550351	1.02605927	55.69043732	0.97017131	0.11838264170727258	0.0140435	9e-05
-0.143	-0.4878	0.7	0.023005184870537262	0.007895869536022348	0.0041556289489984985	1.01200426	54.9275856	0.96280608	0.05860422666954421	0.0134104	2e-05
-0.1385	-0.5653	0.693	0.02315179252770478	0.007958701389094143	0.003960152072775134	0.94483441	51.2818718	0.95229662	0.10924581932313387	0.0128181	1e-05
-0.1361	-0.5961	0.6812	0.023712043217594958	0.007845254987714512	0.004117231705454623	0.93411797	50.70022583	0.9406749	0.0865388361974648	0.0133573	2e-05
-0.14	-0.5928	0.6601	0.023750440461138837	0.007766715171374767	0.004171336912266447	0.9716444	52.73701477	0.94985166	0.03685211333477233	0.0126892	1e-05
-0.1546	-0.5072	0.6991	0.023816762972714622	0.007967428035354114	0.0040282199136029125	0.92530352	50.2218132	0.95064478	0.1597076187109334	0.0121076	0.0
-0.1723	-0.4647	0.7236	0.024286256541501093	0.008091346412245713	0.0040282199136029125	1.01108706	54.8778038	0.96565553	0.1143705972839034	0.0141997	6e-05
-0.1947	-0.5225	0.6584	0.025211281045058084	0.008520697408236317	0.0038746309394274117	1.00583744	54.59287643	0.99036087	0.2207982236861548	0.0144343	4e-05
-0.201	-0.5414	0.621	0.025963517952667648	0.008600982553828056	0.0038170350741115982	1.02709627	55.74672318	0.9769393	0.10710589592585584	0.0166892	0.00027
-0.1946	-0.5126	0.6314	0.02551322300565311	0.008374089751068793	0.0037245326237558994	1.00770557	54.69427109	0.96714001	0.08408451000647496	0.0161912	6e-05
-0.1911	-0.4567	0.6825	0.02465801167217589	0.008314748556500984	0.0035203291012725624	1.02315366	55.5327301	0.98247297	0.16643780252641846	0.0156119	0.00015
-0.1889	-0.4223	0.7094	0.02435781504083286	0.008248426044925202	0.003321361566545209	1.01947522	55.33308411	0.97183174	0.09177433388230825	0.01618	9e-05
-0.1829	-0.5107	0.6994	0.024478242759220472	0.008218755447641298	0.0031730085801256907	0.97189438	52.75057983	0.96175574	0.11932256510455176	0.0146738	0.00012
-0.1777	-0.5529	0.6856	0.02502104015659071	0.008068657131969784	0.00325329372571743	0.94045848	51.04436493	0.94529864	0.09985904293167457	0.0158401	8e-05
-0.1818	-0.563	0.6754	0.02553765761518103	0.008068657131969784	0.003349286834577118	0.96840936	52.56142807	0.95275775	0.05503052837250031	0.0157305	2e-05
-0.1817	-0.5549	0.665	0.025797711673728182	0.008080874436733746	0.003417354675404897	0.91034704	49.41003418	0.93883192	0.035616960206944645	0.014448	2e-05
-0.1761	-0.5226	0.6764	0.025528930968921056	0.007909832170038301	0.003412118687648914	0.95381874	51.76950836	0.9511619	0.07155294796292763	0.0142213	1e-05
-0.1854	-0.4711	0.7281	0.025092598655922473	0.007942993425826193	0.0032882003107573173	0.97076428	52.68924332	0.96276638	0.14217059728390347	0.0145131	0.0
-0.1994	-0.4675	0.7595	0.025289820861397836	0.008358381787800843	0.0031747539093776853	0.99959397	54.25400543	0.95284945	0.08530284844148224	0.0164551	4e-05
-0.1869	-0.532	0.7369	0.0249006124382031	0.008129743655789588	0.0032812189937493396	1.01718748	55.20890808	0.97219307	0.13581558197888216	0.014584	2e-05
-0.1767	-0.5488	0.7115	0.02473131550075965	0.007944738755078189	0.0032463124087094525	0.97676414	53.01489258	0.95273053	0.07186042115973681	0.0141903	3e-05
-0.1732	-0.5522	0.6902	0.024738296817767624	0.007817329719682603	0.0033318335420571745	0.97505534	52.92214584	0.95609941	0.03919557428756422	0.0144684	3e-05
-0.1761	-0.5113	0.7084	0.024240877980949243	0.007803367085666647	0.003159045946109736	0.94864255	51.48856354	0.94992623	0.09620845333908885	0.0130282	1e-05
-0.1788	-0.4811	0.7204	0.024132667567325593	0.007916813487046278	0.0030927234345339517	0.93647397	50.82810211	0.94474726	0.05929896632895325	0.0131229	3e-05
-0.1735	-0.5535	0.7087	0.02425658594421719	0.007806857744170635	0.0030647981665020423	0.96081078	52.14900589	0.95396849	0.10248996938995757	0.0130286	1e-05
-0.1734	-0.5829	0.7027	0.024804619329343414	0.007822565707438583	0.003127630019573839	0.91208732	49.5044899	0.93656299	0.06682866007329835	0.0131233	1e-05
-0.1782	-0.5665	0.6896	0.02611012560983517	0.007613126197199265	0.0032009338481576006	0.96247083	52.23910904	0.95865694	0.11371248096574176	0.0143963	2e-05
-0.1912	-0.5477	0.7087	0.026738444140553128	0.0077492618788548235	0.003267256359733385	0.96850514	52.5666275	0.95842785	0.09243883619746512	0.0157614	2e-05
-0.2118	-0.4735	0.7774	0.02729171351343533	0.007745771220350834	0.002921681167838507	1.03723288	56.29689789	0.99081625	0.20861676116405348	0.0189206	5e-05
-0.2146	-0.4892	0.7862	0.02726029758689943	0.007874925584998414	0.002897246558310587	0.9817009	53.28284073	0.95410443	0.0365502450355701	0.0197503	4e-05
-0.2064	-0.5614	0.7722	0.027392942610051	0.007883652231258387	0.0029949849964222694	0.96571124	52.41498566	0.95867334	0.1063555053761612	0.0192129	3e-05
-0.2042	-0.5558	0.7328	0.027824038935293602	0.008009315937401978	0.003190461872645634	0.94708371	51.40395737	0.94806896	0.08481184538047798	0.0192348	3e-05
-0.225	-0.5587	0.7331	0.02822720999250429	0.00861494518784401	0.0035883969421003415	0.97717524	53.03720474	0.96131655	0.09433676885537136	0.0203001	4e-05
-0.2151	-0.5331	0.743	0.027590164815526362	0.008564330639536174	0.0037227872945039047	0.99759859	54.14570236	0.97201543	0.08650250388446631	0.0183166	3e-05
-0.2068	-0.5132	0.741	0.025919884721367786	0.008217010118389304	0.0032724923474893677	1.01669383	55.18211746	0.98804564	0.15359477811599925	0.0154727	1e-05
-0.2047	-0.4778	0.7426	0.025298547507657806	0.008255407361933179	0.0030525808617380824	0.94559866	51.32335281	0.95269108	0.08308229715025706	0.0143778	1e-05
-0.1964	-0.5488	0.714	0.02550275103014114	0.008154178265317507	0.002993239667170275	0.95220852	51.68210983	0.95945926	0.1261386906833407	0.01436	3e-05
-0.1909	-0.6004	0.6979	0.025633650724040717	0.007874925584998414	0.0029722957161463434	0.96995097	52.64509964	0.95764159	0.09475481626213021	0.0138105	2e-05
-0.188	-0.578	0.6793	0.02599842453770753	0.007829547024446562	0.0028640853025226946	0.93260533	50.61812592	0.93757843	0.06981813939211573	0.0134777	1e-05
-0.1984	-0.5452	0.6918	0.02642428487519415	0.007922049474802262	0.0029164451800825246	0.98840553	53.64673996	0.96166683	0.08423613327010733	0.0141169	1e-05
-0.212	-0.4743	0.7405	0.026298621169050553	0.00821526478913731	0.002960078411382383	0.9628222	52.25817871	0.9657041	0.1563256125889252	0.0142822	1e-05
-0.2079	-0.494	0.724	0.026373670326886315	0.008257152691185174	0.0029845130209103033	0.94426364	51.25089264	0.94669483	0.04736858347057741	0.01509	3e-05
-0.2032	-0.5624	0.7023	0.026569147203109676	0.00829205927622506	0.0032445670794574587	0.98085451	53.23690033	0.96290805	0.11932187599052008	0.0151679	1e-05
-0.2067	-0.5424	0.6663	0.027365017342019095	0.008503244115716374	0.003490658503988659	0.99609154	54.06390762	0.95731761	0.12215732014659676	0.0162472	3e-05
-0.2113	-0.525	0.6568	0.027970646592461124	0.008580038602804124	0.0039706240482871	1.00458169	54.52471924	0.96023837	0.08961946409141086	0.0169152	3e-05
-0.2048	-0.4953	0.693	0.02744355715835884	0.008279841971461099	0.0036163222101322505	0.98284346	53.34485245	0.96457129	0.13147939518000779	0.016072	3e-05
-0.2155	-0.4562	0.7555	0.02692693969976851	0.008302531251737025	0.003420845333908886	0.98873115	53.66441345	0.97480415	0.14903918075448108	0.0171088	1e-05
-0.2275	-0.4642	0.7747	0.026757642762325062	0.008363617775556827	0.0032777283352453507	0.94970697	51.54633713	0.94887912	0.057875022996339405	0.0171862	1e-05
-0.2222	-0.5781	0.744	0.02686759850520071	0.008363617775556827	0.0033265975543011915	0.9722138	52.76791763	0.97340739	0.15784124809657446	0.0171234	3e-05
-0.2269	-0.5954	0.7482	0.02676986006708903	0.008225736764649274	0.0033946653951289706	0.96478343	52.36462784	0.95141514	0.04138436449235083	0.0169424	2e-05
-0.2537	-0.5609	0.7986	0.02621135470645084	0.008332201849020929	0.0029321531433504737	0.93981963	51.00968933	0.95640204	0.16807413483941705	0.0175815	0.0
-0.2649	-0.5244	0.8254	0.026597072471141587	0.008379325738824776	0.0027942721324429216	0.98569137	53.4994278	0.96769533	0.10303613327010729	0.0187201	3e-05
-0.2545	-0.5509	0.7907	0.025820400954004112	0.008403760348352695	0.0027314402793711255	0.98521823	53.47374725	0.96932034	0.11479689898685957	0.0159041	1e-05
-0.2432	-0.6102	0.7587	0.02611885225609514	0.008379325738824776	0.0026773350725593018	0.9446789	51.27343369	0.95102879	0.12144955592153849	0.0162968	3e-05
-0.2416	-0.5735	0.702	0.026623252409921506	0.008313003227248992	0.002949606435870417	0.99677223	54.10085297	0.97780218	0.13714970143566335	0.0151129	1e-05
-0.2667	-0.5613	0.6961	0.027181757770559686	0.008677777040915805	0.002975786374650332	0.97134495	52.72076035	0.97930692	0.09067295565424528	0.0158709	3e-05
-0.2773	-0.4423	0.7477	0.02770361121690599	0.008548622676268226	0.002769837522915001	1.08098745	58.6717186	1.03121698	0.22404783313646065	0.018224	4e-05
-0.2732	-0.4837	0.7345	0.027024678137880197	0.008621926504851989	0.002642428487519415	0.99093562	53.78406525	0.96949391	0.10268229715025702	0.0165824	2e-05
-0.2749	-0.5634	0.7106	0.027307421476703283	0.008840092661351278	0.0028221974004748306	0.95512605	51.84046173	0.95863114	0.13933392041388956	0.0171897	2e-05
-0.2945	-0.5652	0.6651	0.02818532209045643	0.009410815326753426	0.0033108895910332428	0.99865061	54.20280457	0.97515952	0.16376577348568533	0.0179249	6e-05
-0.2977	-0.5494	0.6786	0.02838428962518378	0.009585348251952858	0.003085742117525975	0.95741868	51.96489716	0.95882387	0.06243239667170257	0.0178691	4e-05
-0.2698	-0.5156	0.6845	0.02703864077189615	0.009019861574306695	0.002949606435870417	1.05481768	57.25133133	1.00141934	0.16996356062946763	0.0163649	0.00012
-0.2701	-0.4582	0.7229	0.026139796207119072	0.008831366015091307	0.0024853488548399255	1.01407087	55.03975296	0.97846726	0.1736798852511479	0.0150823	2e-05
-0.2675	-0.4805	0.7055	0.026363198351374347	0.008847073978359257	0.002366666465704311	0.96589744	52.42509079	0.96138052	0.06018962483294194	0.0159265	1e-05
-0.2584	-0.5622	0.6848	0.02618692009692292	0.008763298174263528	0.0024033183799961914	0.99130815	53.80428314	0.97367852	0.12633529864195192	0.0151899	1e-05
-0.2542	-0.5694	0.6733	0.02626545991326266	0.008600982553828056	0.002310815929640492	0.96373028	52.3074646	0.94948927	0.03956789435654559	0.0149077	3e-05
-0.2563	-0.5686	0.6521	0.02645221014322606	0.008419468311620645	0.0022444934180647076	0.98205602	53.30211639	0.95720089	0.04582934918732971	0.0142131	2e-05
-0.2656	-0.5232	0.7017	0.02609092698806323	0.008471828189180476	0.0021223203704251047	0.94783068	51.44449997	0.95767928	0.1310908040181132	0.0143321	5e-05
-0.2771	-0.4786	0.7336	0.02701769682087222	0.008698720991939739	0.00204378055408536	0.9771902	53.03801727	0.96889614	0.14961012259540007	0.0164273	2e-05
-0.3024	-0.5679	0.8166	0.02933025807976471	0.009337511498169663	0.0020699604928652747	1.11689878	60.62084579	1.06285861	0.34647658519511626	0.0230922	4e-05
-0.2834	-0.6002	0.7849	0.028141688859156574	0.00896226570899088	0.002145009650701031	1.00931728	54.78174591	0.99308935	0.16494320838113377	0.0198904	1e-05
-0.2756	-0.6122	0.7591	0.028094564969352722	0.008766788832767516	0.002281145332356589	0.97413975	52.87245178	0.95868317	0.06453682238413874	0.0190202	5e-05
-0.2788	-0.5363	0.7906	0.027710592533913968	0.008775515479027489	0.002165953601724963	0.98645812	53.54104233	0.96893395	0.1359945406165176	0.0190845	1e-05
-0.2875	-0.5104	0.8308	0.028543114587115264	0.009124581329426356	0.0019949113350295183	1.01403928	55.03803635	0.97127223	0.14243150851478042	0.023225	7e-05
-0.2794	-0.594	0.8214	0.028489009380303444	0.009016370915802705	0.002490584842595908	1.01148355	54.89932632	0.97669686	0.13399945640009295	0.0233363	5e-05
-0.2789	-0.6089	0.7693	0.028330184418371956	0.009136798634190315	0.002853613327010729	0.9940781	53.95462418	0.96609685	0.09961405823669593	0.0215018	5e-05
-0.3101	-0.6088	0.7066	0.02847330141703549	0.00975988117715229	0.0037140606482439333	1.04010653	56.45286942	0.99912908	0.1753323431429356	0.0226609	8e-05
-0.3034	-0.5645	0.7103	0.028134707542148592	0.00953822436214901	0.003532546406036523	1.02856469	55.82641983	0.98209802	0.09178824660487943	0.0212486	0.00016
-0.2926	-0.4882	0.775	0.027677431278126077	0.009229301084546015	0.003303908274025266	1.03029716	55.92045212	0.99183837	0.20154188368183837	0.0222096	6e-05
-0.2978	-0.4891	0.7952	0.02761285409580229	0.00932878485190969	0.0031433379828417875	0.96936065	52.61306	0.94729264	0.042531562043547	0.0218671	3e-05
-0.2913	-0.5684	0.793	0.028550095904123243	0.00939685269273747	0.003242821750205464	0.98417926	53.41735458	0.96708338	0.14323967082562059	0.0235795	3e-05
-0.2854	-0.5796	0.7879	0.028981192229365845	0.009368927424705562	0.0030700341542580253	0.97164989	52.73731232	0.95361374	0.05379045946109751	0.0233072	5e-05
-0.2733	-0.6034	0.742	0.028089328981596735	0.009257226352577924	0.0031747539093776853	1.01278412	54.9699173	0.98479191	0.13721420375082047	0.0198522	5e-05
-0.2756	-0.5578	0.7747	0.027501153023674653	0.009086184085882479	0.0029827676916583086	0.98960638	53.71191788	0.96826005	0.12816022211684536	0.0189854	5e-05
-0.2874	-0.5128	0.8119	0.027586674157022373	0.009265952998837895	0.0029705503868943488	0.95783508	51.98749924	0.95579758	0.1078753675533546	0.0210157	3e-05
-0.2877	-0.5663	0.814	0.028112018261872665	0.009222319767538036	0.003043854215478111	0.96433467	52.340271	0.95493449	0.08801405823669568	0.0219443	2e-05
-0.2796	-0.5932	0.8031	0.029017844143657722	0.009346238144429635	0.0028710666195306722	0.94223893	51.14099884	0.95501056	0.10602659273120456	0.022728	4e-05
-0.2663	-0.5938	0.7781	0.030164525462217994	0.009164723902222225	0.002570869988187647	0.97114444	52.70987701	0.98155809	0.12031960960553542	0.022596	4e-05
-0.2607	-0.5833	0.7276	0.028424432197979653	0.009107128036906413	0.002581341963699613	1.01879907	55.2963829	0.9990478	0.1570080552533059	0.0179424	3e-05
-0.2621	-0.5357	0.7644	0.028038714433288908	0.00895353906273091	0.0024155356847601517	0.94830847	51.47043228	0.95982553	0.12105565089028548	0.0184475	3e-05
-0.2741	-0.4871	0.7851	0.027979373238721097	0.009056513488598575	0.0024870941840919192	0.98208481	53.30367661	0.9666117	0.09299370598836218	0.0193802	4e-05
-0.2826	-0.5442	0.7866	0.02837556297892381	0.009695303994828501	0.0024033183799961914	0.92163175	50.02252579	0.94903941	0.12303780252641836	0.0203567	1e-05
-0.2663	-0.5875	0.7651	0.028436649502743612	0.00909491073214245	0.0025202554398798117	0.96827894	52.55434799	0.96091211	0.12002084231947369	0.0198976	4e-05
-0.2631	-0.5955	0.7278	0.02859721979392709	0.009194394499506129	0.002457423586808016	0.96310925	52.27375793	0.95236366	0.06464429558094764	0.0192168	2e-05
-0.2676	-0.5774	0.6899	0.02980324230705517	0.009745918543136336	0.0024923301718479027	1.06970119	58.05914688	0.9841681	0.15012265708990868	0.0224562	0.00022
-0.2763	-0.5416	0.8186	0.030375710301709307	0.009456193887305276	0.0017819811662862105	1.13744009	61.73574829	1.06455192	0.2518270828023445	0.0255826	5e-05
-0.2712	-0.4966	0.9216	0.03093945165010348	0.009555677654668955	0.0016458454846306526	1.07375133	58.27897644	1.02955925	0.19306803987067053	0.0316811	0.00015
-0.2557	-0.6066	0.8912	0.030216885339777826	0.009300859583877783	0.0017016960206944712	1.04829085	56.89707947	0.99735996	0.2075617458590323	0.0286567	3e-05
-0.2401	-0.6366	0.864	0.03023957462005375	0.00908269342737849	0.001473057888683214	0.96750468	52.51232529	0.94620437	0.09627467843932368	0.0277959	6e-05
-0.2489	-0.6408	0.7984	0.03082251459021986	0.009625490824748726	0.0015481070465189703	1.0079459	54.70731354	0.97848481	0.1386393262686052	0.0259747	6e-05
-0.2344	-0.6345	0.794	0.02928313418996086	0.00907047612261453	0.0011414453308042916	0.98294574	53.35040665	0.97760311	0.15025284090539393	0.0218542	5e-05
-0.2329	-0.5671	0.8357	0.02806838503057281	0.008475318847684463	0.0011065387457644049	0.99193168	53.83812714	0.98616803	0.2028406509679	0.0211246	1e-05
-0.2424	-0.5282	0.841	0.027794368338009696	0.008452629567408538	0.0011903145498601325	0.964652	52.35749435	0.95530753	0.07272408884673831	0.0204032	3e-05
-0.239	-0.6186	0.8206	0.028443630819751587	0.008491026810952413	0.0011519173063162574	0.96200728	52.2139473	0.96151046	0.15050284844148207	0.0216535	1e-05
-0.2743	-0.6262	0.7746	0.029536206931500036	0.00922755575529402	0.0014189526818713899	1.00826955	54.72488403	0.9890107	0.19370702158225936	0.0225651	2e-05
-0.2953	-0.6403	0.7817	0.030340803716669425	0.010492919462989908	0.0023596851486963333	1.00080121	54.31952667	0.99771019	0.19273464798451104	0.0251794	3e-05
-0.2786	-0.5844	0.84	0.030347785033677396	0.010777408131064986	0.0023352505391684127	1.03946662	56.4181366	1.00301328	0.14669522973054844	0.0260377	8e-05
-0.2702	-0.6118	0.8933	0.028787460682394468	0.010007717930935486	0.0018570303241219666	1.0078696	54.70317078	0.99089171	0.2295117383229437	0.0254321	3e-05
-0.269	-0.5575	0.9221	0.02887472714499419	0.009827949017980071	0.0017470745812463236	0.97723031	53.04019547	0.96631037	0.103149555921539	0.0271673	5e-05
-0.275	-0.6238	0.9206	0.029213321019881087	0.009819222371720098	0.0016807520696705393	0.97405106	52.86763763	0.96263274	0.09448215163613281	0.028721	4e-05
-0.2862	-0.6768	0.9475	0.03074222944462812	0.010266026660230645	0.0015079644737231008	0.97876304	53.12338638	0.97077168	0.19852501546025084	0.0337707	7e-05
-0.2805	-0.6968	0.9309	0.03108431397801901	0.010587167242597603	0.00217293491873294	0.98892981	53.6751976	0.96091275	0.1087097780383844	0.0332558	6e-05
-0.2971	-0.6929	0.9788	0.031648055326413176	0.011065387457644049	0.0021153390534171274	1.03443754	56.14517593	0.99267287	0.12337787143782128	0.037262	3e-05
-0.3047	-0.619	1.0966	0.03199188518905606	0.011140436615479804	0.0020420352248333657	1.08680522	58.98748779	1.04168261	0.22390914245312013	0.0436458	0.00018
-0.3141	-0.6656	1.137	0.03214721949248356	0.011362093430483087	0.002045525883337354	0.94828457	51.46913528	0.95401049	0.1154240888467384	0.047383	0.00024
-0.3045	-0.7315	1.1681	0.03331659009131976	0.011679743354346054	0.002129301687433082	0.96442294	52.34506226	0.97173973	0.18513981633974463	0.0522295	0.00035
-0.3165	-0.7484	1.1702	0.03415958412003302	0.011885692206081384	0.0025062928058638572	0.96306741	52.27148819	0.95853652	0.10229669994396824	0.0544137	0.00046
-0.3177	-0.755	1.1471	0.03445105410511607	0.012114330338092644	0.0026843163895672786	1.02842617	55.81890488	0.98795757	0.06580658503988658	0.0533018	0.00055
-0.3004	-0.7655	1.1194	0.032424726843550654	0.011520918392414568	0.0026546457922833754	1.05269992	57.13638687	1.01585222	0.1879704902263698	0.0468658	0.00023
-0.2907	-0.6661	1.1259	0.03155555287605748	0.011152653920243765	0.0026302111827554544	1.00586832	54.59455109	0.98354402	0.17869365245959487	0.0447299	0.0002
-0.2852	-0.7049	1.0865	0.03142290785290591	0.010911798483468547	0.0024731315500759648	0.99479538	53.99355698	0.96439326	0.11022900463031345	0.0426531	0.00011
-0.2772	-0.7644	1.0638	0.03169692454546902	0.010686651009961278	0.0020629791758572974	0.94873595	51.49363327	0.95152696	0.13566582701445204	0.0426126	0.00011
-0.2994	-0.7244	1.0078	0.03300766681371676	0.011655308744818132	0.0023352505391684127	1.04097509	56.50000763	0.99869372	0.2457835683207854	0.0421612	0.00015
-0.3036	-0.7289	1.0122	0.03267081826808185	0.01177050047544976	0.002281145332356589	0.99159575	53.81989288	0.97075505	0.03840727415391772	0.0411376	0.00011
-0.2929	-0.6686	1.0735	0.031962214591772155	0.011004300933824247	0.001980948701013564	0.98426163	53.42182541	0.98245109	0.22104999246391163	0.0421838	0.00011
-0.2941	-0.6555	1.0889	0.03161314874137329	0.010773917472560995	0.001965240737745615	0.97954315	53.16572571	0.95448309	0.059457863746503366	0.0428286	0.00012
-0.2992	-0.7149	1.0897	0.03205471704212785	0.010821041362364843	0.001853539665617978	0.92367744	50.13355637	0.94026686	0.0953196631343024	0.0447853	0.0001
-0.3163	-0.7568	1.0856	0.03289945640009311	0.011129964639967842	0.0021275563581810873	1.00921571	54.77623749	0.96989326	0.13448396640656837	0.0475484	0.00023
-0.3909	-0.7804	1.2425	0.0346570029568514	0.012515756066051336	0.001759291886010284	1.19198203	64.69606781	1.12164441	0.43068012275062934	0.0629777	0.00098
-0.3871	-0.7503	1.2083	0.033705798514514496	0.01259429588239108	0.002453932928304027	1.1207968	60.83241653	1.07385955	0.1543192650485198	0.0585066	0.0008
-0.3402	-0.7566	1.1972	0.03189938273870036	0.011503465099894626	0.0022078415037728267	1.05732977	57.38767624	1.01448504	0.2214668991420894	0.0530421	0.00036
-0.3269	-0.7104	1.1711	0.031480503718221725	0.011198032480795619	0.002165953601724963	0.9863565	53.53552628	0.96960128	0.12390997708127542	0.0502278	0.00023
-0.3157	-0.7743	1.1378	0.03137752929235406	0.010892599861696611	0.002015855286053451	0.98130226	53.26120377	0.96678066	0.1363252680319094	0.0486373	0.00018
-0.3059	-0.8015	1.1255	0.03143337982841787	0.010643017778661421	0.00182212373908208	0.96786177	52.53170776	0.94645639	0.0742582083035187	0.0488973	0.00017
-0.3006	-0.7861	1.1134	0.03171786849649295	0.010278243964994606	0.0019181168479417679	0.99894637	54.21885681	0.95742322	0.07006277953007883	0.0477954	0.00017
-0.3053	-0.7544	1.1266	0.031881929446180415	0.010274753306490617	0.0017645278737662671	0.95062798	51.59632492	0.94586964	0.06565702911834811	0.0481498	0.00019
-0.32	-0.6991	1.1647	0.03183655088562857	0.010613347181377518	0.001626646862858715	0.98744017	53.59434509	0.96814336	0.1341926723173149	0.051134	0.00023
-0.3211	-0.7286	1.1627	0.03223448595508327	0.010545279340549737	0.001446877949903299	0.94952905	51.53667831	0.95007043	0.06488859116189483	0.0523574	0.00032
-0.329	-0.7645	1.2025	0.03416132944928501	0.009992009967667536	0.0007086036763096977	1.0069741	54.65457153	1.00328023	0.24451935703387687	0.0596593	0.00071
-0.3054	-0.7911	1.1822	0.03400599514585752	0.009426523290021374	0.0005567600313861911	0.97477955	52.90717697	0.96986158	0.11413323129985804	0.0573529	0.00064
-0.3025	-0.7549	1.1807	0.0333637139811236	0.0096342174710087	0.0007382742735936014	0.96742702	52.50811005	0.95039926	0.09217447939643242	0.0553702	0.00047
-0.3122	-0.7231	1.2348	0.03329739146954782	0.010131636307827083	0.0013631021458075715	1.00926089	54.77868652	0.97751123	0.15502846103040663	0.0581602	0.00062
-0.3169	-0.7357	1.2686	0.03429397447243658	0.010672688375945327	0.0023998277214922034	1.01410961	55.04185486	0.97250249	0.179818032334582	0.0632217	0.00113
-0.3158	-0.8211	1.2714	0.03469190954189129	0.010805333399096893	0.002813470754214859	1.00911057	54.77052689	0.9773191	0.13651115626644666	0.0660983	0.00122
-0.3141	-0.8288	1.2578	0.03439345823980026	0.010611601852125523	0.002670353755551324	0.96385217	52.3140831	0.94995764	0.054764992386296826	0.0643347	0.00107
-0.3163	-0.8233	1.2403	0.034480724702399976	0.010449286231690051	0.0026406831582674204	0.97440618	52.8869133	0.95561432	0.039162634015954725	0.0631376	0.00093
-0.3253	-0.7912	1.2829	0.03484549851606679	0.010458012877950023	0.0022078415037728267	0.96963692	52.62805557	0.96478585	0.12401710572106885	0.0654671	0.00124
-0.332	-0.7585	1.3226	0.0354581090835168	0.010356783781334351	0.0020839231268812296	0.99706239	54.11660004	0.97171808	0.12098790204786412	0.0703026	0.00165
-0.3338	-0.8142	1.3287	0.03569023787403205	0.010231120075190761	0.0018186330805780916	0.97737819	53.04822159	0.96228882	0.09475412714809885	0.0721403	0.00185
-0.3426	-0.8229	1.3351	0.03615100479655855	0.010381218390862272	0.0020315632493213996	0.94700873	51.39988708	0.94948218	0.06508977034706592	0.0744888	0.002
-0.3377	-0.8085	1.1808	0.037182494384487196	0.011086331408667981	0.0025987952562195565	1.10060358	59.73640442	1.07709476	0.2887917306316255	0.0653114	0.00127
-0.345	-0.8209	1.1743	0.03814417080233608	0.011540117014186509	0.002584832622203602	0.98389697	53.40203476	0.98343441	0.09767123286916832	0.066826	0.00154
-0.323	-0.7618	1.2313	0.03603930372443091	0.010611601852125523	0.00233001455141243	1.02728748	55.75709915	1.02321497	0.30251001553786616	0.0634618	0.00124
-0.3108	-0.7096	1.2435	0.033951889939045694	0.010103711039795172	0.0019268434942017398	0.98330235	53.36976242	0.99442884	0.22652378274631296	0.0590504	0.00074
-0.3004	-0.7574	1.2068	0.0336708919294746	0.009902998175815827	0.0017645278737662671	0.96172285	52.19850922	0.96224186	0.1271013246992954	0.0561585	0.00051
-0.2913	-0.8248	1.1923	0.03396236191455766	0.009628981483252716	0.0017889624832941875	0.95534474	51.85233307	0.96036737	0.12049606435870475	0.0566737	0.00053
-0.3262	-0.8371	1.1798	0.035018286112014234	0.00991696080983178	0.0017034413499464657	0.94280052	51.17148209	0.95843042	0.13117123286916785	0.0584854	0.0007
-0.3668	-0.8185	1.1921	0.03558726344816438	0.011143927273983794	8.726646259971648e-05	1.03874755	56.37910843	1.01664823	0.24210593438244543	0.060098	0.00084
-0.3397	-0.7806	1.1901	0.03321187033620009	0.010649999095669398	0.0008237954069413235	1.04677832	56.81498337	1.03044851	0.24729251173101463	0.0540198	0.00042
-0.33	-0.7385	1.2009	0.03260798641501006	0.010627309815393473	0.001064650843716541	0.96648538	52.45700073	0.9652581	0.10597143191205884	0.0534362	0.00034
-0.3182	-0.7329	1.1757	0.032124530212207625	0.010508627426257857	0.0010803588069844899	0.96692264	52.48073578	0.95811373	0.07349232776030018	0.0511361	0.00028
-0.3132	-0.8307	1.1501	0.0321943433822874	0.010267771989482642	0.0008848819307611251	0.93517411	50.75754929	0.95295646	0.153707274153918	0.0513918	0.00023
-0.3105	-0.8285	1.1274	0.03275983005993356	0.009990264638415541	0.0010140362954087054	0.97877443	53.12400436	0.95700205	0.07620741966804187	0.0498009	0.00022
-0.313	-0.7926	1.1272	0.032878512449069176	0.010026916552707424	0.0010681415022205296	0.95342708	51.74824905	0.94958219	0.04907197551196607	0.0485717	0.00025
-0.3298	-0.7495	1.1712	0.03323979560423201	0.010379473061610278	0.001186823891356144	1.11903298	60.73668289	0.99593545	0.1455261026600649	0.0538257	0.00084
-0.3414	-0.731	1.2166	0.033960616585305664	0.010627309815393473	0.0011030480872604163	1.01727712	55.21377563	0.98323518	0.1281216769476289	0.0578827	0.00075
-0.3417	-0.8039	1.2214	0.03466572960311137	0.01077566280181299	0.0010559241974565693	1.01295161	54.97900772	0.98871722	0.12302949470145372	0.0628766	0.00114
-0.3617	-0.8071	1.236	0.035419711839972924	0.011632619464542205	0.0013194689145077131	1.02541757	55.65560532	0.98693975	0.13152418083209563	0.0657033	0.00136
-0.3645	-0.8252	1.1962	0.03584557217745953	0.012027063875492924	0.0017139133254584315	1.00008023	54.28039932	0.97228465	0.12143745796940228	0.0654494	0.00144
-0.3763	-0.7798	1.2173	0.03683691919259231	0.01200088393671301	0.0016301375213627037	1.00967824	54.8013382	0.97712554	0.1333651379004213	0.0679452	0.00187
-0.3903	-0.7668	1.2817	0.03700447080078378	0.01205324381427284	0.0013055062804917586	0.99208111	53.84623718	0.97704801	0.11862713633111197	0.072955	0.00249
-0.3647	-0.7416	1.286	0.03485597049157876	0.011667526049582093	0.001462585913171248	1.05833304	57.44212723	1.0179626	0.1896648853287628	0.0674052	0.00158
-0.3526	-0.7434	1.2677	0.033965852573061645	0.011454595880838784	0.001382300767579509	0.9847216	53.4467926	0.95798309	0.09136666164260791	0.0642305	0.00128
-0.3646	-0.8155	1.2589	0.034581953799015644	0.011409217320286932	0.0012775810124598492	1.00789809	54.70472336	0.97460449	0.1312099770812757	0.0668367	0.00142
-0.4015	-0.8178	1.3216	0.036198128686362394	0.012152727581636517	0.0012758356832078548	1.0360204	56.23108673	1.01006165	0.21997152389741667	0.074609	0.00234
-0.3886	-0.8559	1.2845	0.03646341873266553	0.012294099251048057	0.0017470745812463236	0.96660751	52.46363068	0.96247949	0.1319950306876574	0.0729728	0.00216
-0.3802	-0.8555	1.2951	0.036109116894510684	0.012287117934040078	0.00182212373908208	0.9505766	51.59353638	0.95085769	0.041216615649928935	0.0722371	0.00194
-0.3815	-0.7838	1.3263	0.0361021355775027	0.0120654611190368	0.001520181778487061	0.96138376	52.18010712	0.9707573	0.13072900463031423	0.072993	0.00206
-0.3835	-0.789	1.3675	0.037330847370906715	0.011993902619705033	0.0012252211349000194	0.98522365	53.47404099	0.98793551	0.1281615468161412	0.0787858	0.00299
-0.3852	-0.8305	1.3804	0.038025488413200456	0.012142255606124551	0.0010716321607245184	0.96697861	52.48377228	0.96729661	0.10592915014443809	0.0815645	0.00357
-0.3912	-0.8688	1.3615	0.03815813343635203	0.01234820445785988	0.0011990411961201044	0.96072328	52.14425659	0.95969056	0.08650014551412447	0.081039	0.00317
-0.3947	-0.8199	1.3999	0.03935542930322014	0.011873474901317424	0.0011257373675363424	1.00397301	54.49168396	0.99773874	0.1780664625997166	0.0855436	0.00435
-0.3949	-0.8307	1.4072	0.04060683037690007	0.011732103231905884	0.0014224433403753785	0.99496531	54.00278091	0.98319035	0.10277393579652536	0.0891216	0.00514
-0.3776	-0.8466	1.3207	0.04134684997974567	0.011917108132617283	0.0015707963267948967	0.99214685	53.84980392	0.99023687	0.17336887449882593	0.0849201	0.00443
-0.3577	-0.8577	1.3613	0.041566761465496954	0.011995647948957027	0.002141518992197042	1.00851643	54.73828125	1.0079926	0.11505869837465858	0.0878972	0.00511
-0.3875	-0.8035	1.4919	0.04193328060841576	0.011719885927141922	0.0015987215948268059	1.07851648	58.5376091	1.06874552	0.27385392810520737	0.0980704	0.00763
-0.38	-0.8722	1.4429	0.04259126973641763	0.011559315635958444	0.001637118838370681	0.97770178	53.06578445	0.98403236	0.16804783313646107	0.096809	0.00742
-0.4099	-0.928	1.3836	0.04235739561665038	0.011704177963873973	0.0013596114873035826	1.0020051	54.38486862	1.00431578	0.17781218993749387	0.0935152	0.00633
-0.4009	-0.8803	1.3854	0.041584214758016894	0.011512191746154598	0.001085594794740473	0.98198861	53.29845428	0.97785277	0.1204591884457988	0.0904692	0.00572
-0.3986	-0.8821	1.4545	0.040573669121112176	0.011264354992371403	0.0011239920382843482	1.00467741	54.52991486	0.99617235	0.13803898171158935	0.0925711	0.00599
-0.3997	-0.846	1.517	0.03998898382169408	0.011412707978790921	0.0012845623294678264	0.97490007	52.91371918	0.97466908	0.14438042885105465	0.0963566	0.00687
-0.3855	-0.8728	1.505	0.03920184032904464	0.010937978422248463	0.0014922565104551516	0.99162728	53.82160568	0.99098034	0.12647836150896116	0.094149	0.00609
-0.3779	-0.9748	1.4352	0.03843040479966315	0.010841985313388773	0.0013892820845874865	1.02522266	55.64503098	1.02040134	0.22792015320544207	0.0894448	0.00463
-0.3719	-0.9485	1.3985	0.03826808917922767	0.010492919462989908	0.0014172073526193955	0.95130205	51.63291168	0.96345532	0.09596533694331248	0.0855201	0.00377
-0.377	-0.8981	1.4146	0.037716565135597464	0.010527826048029794	0.0013404128655316449	0.96502376	52.37767029	0.96476151	0.10476125578789224	0.0838894	0.00376
-0.3786	-0.8365	1.4199	0.03751236161311413	0.010655235083425382	0.001322959573011702	0.95294851	51.72227478	0.96389419	0.08595329251994308	0.0828006	0.00346
-0.3738	-0.9049	1.3979	0.03777241567166128	0.010588912571849598	0.0013805554383275148	0.98112166	53.25139999	0.97585206	0.11439862177193728	0.0830878	0.00346
-0.3846	-0.9399	1.3503	0.0385368698840348	0.010910053154216554	0.001298524963483781	0.96374518	52.30827332	0.97076671	0.15178126347921023	0.0821172	0.00333
-0.3909	-0.9204	1.3138	0.03929259745014834	0.011397000015522971	0.0014748032179352085	1.01120067	54.88397217	0.98585324	0.13324763409356932	0.0801775	0.00317
-0.395	-0.8429	1.4272	0.03869220418746229	0.011342894808711148	0.0013840460968315032	1.03910625	56.39857864	1.03156946	0.23226277953007887	0.0862263	0.00429
-0.4006	-0.7805	1.4696	0.03846880204320702	0.011444123905326817	0.001499237827463129	1.01282477	54.97211838	0.98442086	0.13239114857512835	0.0893431	0.00477
-0.3846	-0.8549	1.4225	0.039125045841956876	0.011529645038674539	0.001583013631558857	1.00626159	54.61589813	0.99533697	0.17877703680966536	0.0883057	0.00459
-0.3976	-0.9644	1.3264	0.039465385046095786	0.01213352895986458	0.0016388641676226754	1.05252004	57.12662506	1.03939185	0.2686036830696385	0.0853313	0.00375
-0.4002	-0.921	1.3133	0.04021064063669736	0.012411036310931675	0.0019722220547535923	1.01556981	55.12110901	0.97440181	0.12690604143997944	0.083771	0.0038
-0.3916	-0.9034	1.349	0.040100684893821716	0.012479104151759455	0.0019198621771937623	1.01504207	55.09246826	0.97848669	0.07341917306316288	0.0856841	0.00423
-0.3927	-0.8223	1.4504	0.0399820025046861	0.011849040291789504	0.001853539665617978	1.08293474	58.77741241	1.04057087	0.2243534380340674	0.0912232	0.00544
-0.3822	-0.8271	1.4254	0.039336230681448196	0.011486011807374682	0.001726130630222392	0.97652566	53.00194931	0.97344097	0.09711046715241549	0.0882952	0.00467
-0.3716	-0.9416	1.3747	0.03877597999155802	0.011044443506620118	0.0015585790220309364	0.99780327	54.15681458	1.00541298	0.23426852994180988	0.085656	0.00394
-0.3694	-0.9315	1.3142	0.03905174201337312	0.01097288500728835	0.0016301375213627037	0.98844391	53.64882278	0.97434965	0.09374395102393193	0.0806267	0.00308
-0.3809	-0.9064	1.3702	0.03922627493857256	0.011161380566503737	0.0015254177662430443	0.97259176	52.78843307	0.98017272	0.11598741197672414	0.0840781	0.00383
-0.3882	-0.8101	1.4422	0.03945491307058381	0.011257373675363426	0.001572541656046891	1.02762294	55.7753067	1.01664532	0.1941877565337392	0.0877237	0.00484
-0.3832	-0.8561	1.4518	0.039877282749566444	0.011278317626387358	0.0014800392056911916	0.94742954	51.42272568	0.95637891	0.0873908040181132	0.0906234	0.00548
-0.3732	-0.951	1.4164	0.04040262685441674	0.011210249785559578	0.0014381513036433276	0.96820879	52.55054092	0.97763913	0.17206499238629705	0.0908973	0.00536
-0.3768	-0.9525	1.3682	0.04063999163268796	0.011428415942058871	0.0016406094968746698	1.00058115	54.30758286	0.97622808	0.08619945640009263	0.0869665	0.00451
-0.3707	-0.9244	1.3666	0.04012686483260163	0.011426670612806873	0.0014870205226991688	1.0251683	55.6420784	0.96850252	0.06922305517569137	0.0856453	0.00446
-0.377	-0.8679	1.4432	0.039627700666531256	0.01132020552843522	0.0015114551322270892	1.04672003	56.81182098	1.00206153	0.17090319299849743	0.0894125	0.005
-0.3904	-0.8327	1.4711	0.03928561613314036	0.0114807758196187	0.0014014993893514465	0.96041691	52.12762833	0.95275307	0.1071305283725008	0.0914291	0.00545
-0.3828	-0.9225	1.4453	0.039554396837947495	0.011506955758398614	0.0016667894356545846	1.02159715	55.44824982	0.98982374	0.15121253449450933	0.0923885	0.00534
-0.3808	-0.9486	1.415	0.0400745049550418	0.011409217320286932	0.0018029251173101424	0.97650027	53.0005722	0.9642459	0.0960991118430772	0.0912153	0.00528
-0.397	-0.9403	1.3956	0.04070456881501175	0.011876965559821411	0.002258456052080662	0.99596119	54.05683136	0.9702989	0.12156715171374748	0.092177	0.00552
-0.4059	-0.9189	1.395	0.041036181372890675	0.012248720690496205	0.0023160519173964756	0.98408967	53.41249466	0.95759738	0.0689481776934765	0.0922323	0.00559
-0.409	-0.8978	1.3768	0.04122991291986204	0.012255702007504183	0.0025062928058638572	0.98076165	53.23186111	0.95795958	0.06194768762233633	0.0917478	0.00552
-0.4104	-0.8985	1.4067	0.041188025017814184	0.012150982252384522	0.0023073252711365037	0.98920828	53.69031143	0.96455881	0.049278759594743565	0.0933996	0.006
-0.4031	-0.8386	1.4729	0.04097509484907088	0.012046262497264863	0.0022898719786165604	1.02058232	55.3931694	0.99155554	0.1501551608191453	0.0974141	0.00695
-0.4015	-0.8708	1.4717	0.04127703680966589	0.011849040291789504	0.0020472712125893483	0.98715049	53.57862091	0.96167631	0.07208824660487932	0.098465	0.00734
-0.411	-0.9319	1.3975	0.04189837402337587	0.012110839679588651	0.002136283004441059	0.98533714	53.48020172	0.98910521	0.1934074196680418	0.0963053	0.00677
-0.4187	-0.9406	1.3508	0.04212526682613514	0.012285372604788085	0.002398082392240209	0.97230661	52.77295685	0.96654294	0.09626125578789264	0.0932391	0.00593
-0.4038	-0.902	1.3405	0.04226838382479868	0.01262571180892698	0.0027104963283471934	0.96438289	52.34288788	0.96275763	0.10359350694547093	0.0917416	0.0058
-0.3831	-0.8975	1.3319	0.04259999638267759	0.0124965574442794	0.0031695179216217023	0.96470875	52.36057281	0.95688808	0.07978942579005006	0.0909748	0.0058
-0.3848	-0.8999	1.3485	0.04244815273775409	0.012414526969435668	0.0030665434957540365	0.95574713	51.87417221	0.9549149	0.037542427281745006	0.0913968	0.0059
-0.3779	-0.881	1.3692	0.04237310357991833	0.012166690215652472	0.0030997047515419294	0.9683131	52.55620193	0.96516272	0.06430235837034229	0.0914378	0.00574
-0.3543	-0.8742	1.4004	0.040976840178322864	0.011505210429146621	0.0025045474766118626	0.97640651	52.9954834	0.97925931	0.19424502315156936	0.0903453	0.0055
-0.3443	-0.8334	1.4234	0.04049338397552044	0.011222467090323538	0.0024225170017681294	0.96392721	52.31815338	0.96622948	0.11621150082346168	0.0900566	0.00525
-0.3438	-0.8645	1.4121	0.0402595098557532	0.011072368774652026	0.0022951079663725434	0.95818263	52.00636292	0.95873532	0.06846907354171702	0.089488	0.00501
-0.3374	-0.963	1.3839	0.04050211062178041	0.011032226201856158	0.0022235494670407763	0.96792525	52.53515244	0.97852171	0.15081509190774217	0.0901081	0.00517
-0.3505	-0.9707	1.355	0.04114264645726233	0.011302752235915276	0.0024294983187761066	0.98077995	53.23285294	0.97040997	0.10555053606381828	0.0888007	0.00503
-0.3727	-0.9657	1.3592	0.04148298566140122	0.011974703997933095	0.0024609142453120045	0.94959235	51.54011536	0.96025306	0.08358534463463026	0.0898677	0.00531
-0.3743	-0.8909	1.4134	0.04138350189403755	0.011911872144861299	0.002722713633111154	1.02854931	55.82558441	1.01007618	0.15180575041173086	0.0922899	0.00574
-0.3739	-0.8627	1.4106	0.03986332011555049	0.011622147489030243	0.0023439771854283846	0.96786284	52.53176498	0.98285454	0.14083214410004427	0.0894439	0.00472
-0.3666	-0.8996	1.3904	0.03999945579720604	0.011379546723003028	0.0023596851486963333	0.95351249	51.75288391	0.96125821	0.08412222054753582	0.0894805	0.00465
-0.3755	-0.9466	1.3462	0.04082499653339937	0.011739084548913861	0.002574360646691636	0.98430133	53.42398071	0.97453443	0.17008770300497325	0.0883742	0.00469
-0.3567	-0.9438	1.4788	0.04097334951981888	0.00938463538797351	0.0011187560505283654	1.18930972	64.55102539	1.1469542	0.35212033717615654	0.0977728	0.00756
-0.3636	-0.8758	1.4841	0.03977605365295077	0.009998991284675513	0.0018238690683340744	1.07820034	58.52044678	1.05238546	0.2060382390687913	0.094982	0.00613
-0.365	-0.8465	1.4887	0.03937637325424407	0.010266026660230645	0.0018936822384138475	0.97399282	52.86447525	0.95662656	0.07212644721708017	0.0950884	0.00614
-0.3633	-0.93	1.4658	0.03981619622574664	0.010451031560942046	0.001998401993533507	0.99494642	54.00175476	0.97894101	0.14457738136668152	0.0967755	0.00645
-0.3673	-0.987	1.449	0.04045498673197656	0.010473720841217971	0.002038544566329377	0.99160987	53.82065964	0.96555401	0.11288111796508556	0.0970245	0.00668
-0.3854	-1.0	1.4084	0.04099952945859879	0.010950195727012422	0.0020804324683772408	0.95512402	51.8403511	0.95421467	0.1248452757232272	0.0954373	0.00629
-0.3845	-0.97	1.4545	0.04107283328718256	0.010988592970556299	0.00217293491873294	0.9960199	54.06002045	0.97570939	0.08721017612416704	0.0979798	0.00686
-0.3874	-0.8618	1.5178	0.04079008994835947	0.011126473981463849	0.00205599785884932	1.01487184	55.08322525	0.9995299	0.20127807048071308	0.100823	0.00767
-0.3904	-0.9139	1.503	0.041092031908954496	0.011325441516191205	0.0021991148575128553	1.00425851	54.50717545	0.97334516	0.10210132469929609	0.102175	0.00801
-0.3971	-0.9616	1.4642	0.041859976779832005	0.011479030490366705	0.002145009650701031	1.00267267	54.42110825	0.98051996	0.14198195259324153	0.101941	0.00812
-0.4035	-0.9609	1.4296	0.04316199240181977	0.011664035391078104	0.002432988977280095	1.00402999	54.49477768	0.98409065	0.1304499924639113	0.10265	0.00872
-0.4063	-0.9507	1.4204	0.04331558137599526	0.011566296952966421	0.002494075501099897	0.981857	53.29131317	0.96822091	0.03782069680534871	0.101753	0.00844
-0.4176	-0.9015	1.5025	0.043118359170519906	0.011428415942058871	0.002436479635784084	1.01442516	55.05898666	1.00284386	0.16223495408493585	0.106518	0.00985
-0.4183	-0.8727	1.5596	0.04291764630654056	0.011405726661782942	0.002256710722828668	0.97375607	52.85162735	0.9734364	0.10675855286053453	0.110212	0.01092
-0.4154	-0.9361	1.5467	0.04301538474465224	0.011435397259066848	0.002319542575900464	0.96518648	52.38650131	0.96585636	0.08871204442336916	0.110985	0.01107
-0.4215	-0.9679	1.5289	0.043249258864419486	0.011362093430483087	0.0021048670779051613	0.97218633	52.76642609	0.9623747	0.08179267231731549	0.10998	0.0109
-0.4227	-0.9819	1.4784	0.04354771016651052	0.011299261577411289	0.0019949113350295183	0.95894998	52.04801178	0.96327446	0.08926194490192364	0.106881	0.01017
-0.4121	-0.9839	1.4707	0.043427282448122904	0.011173597871267697	0.0020350539078253884	0.96988797	52.64168167	0.96840839	0.03461169986635375	0.104583	0.00926
-0.3987	-0.9539	1.4526	0.042879249062996685	0.010892599861696611	0.001954768762233649	0.98379546	53.39652634	0.97318199	0.10696582701445229	0.100798	0.00822
-0.4035	-0.9257	1.4881	0.04244640740850209	0.010831513337876809	0.00204378055408536	0.98510545	53.46762466	0.97122946	0.09764699850830544	0.101841	0.00828
-0.4098	-0.8879	1.4989	0.04205545365605537	0.011013027580084218	0.002040289895581371	0.95392805	51.77544022	0.95582496	0.08369793265790586	0.101701	0.0081
-0.409	-0.9395	1.4909	0.04236088627515437	0.011042698177368124	0.002124065699677099	0.96201867	52.21456528	0.9642208	0.08134395102393181	0.102563	0.00851
-0.3901	-0.9703	1.5577	0.04214795610641106	0.010829768008624816	0.001965240737745615	0.99186563	53.83454132	1.00264765	0.14573426497090536	0.107117	0.01028
-0.3855	-0.987	1.4655	0.04143237111309339	0.01054178868204575	0.0019303341527057286	1.05498743	57.26054001	1.04007457	0.16542354524683112	0.0990469	0.00734
-0.387	-0.9781	1.4521	0.04097509484907088	0.010543534011297744	0.001710422666954443	0.96895862	52.59123993	0.96586829	0.057746653951289695	0.0968273	0.00683
-0.3954	-0.9041	1.4642	0.0406906061809958	0.010592403230353585	0.001811651763570114	0.99995524	54.27361298	0.97413851	0.11622934918732956	0.0960842	0.00645
-0.3941	-0.9177	1.4538	0.04074471138780762	0.010627309815393473	0.0018849555921538759	0.96691537	52.48033905	0.95460489	0.03341578102177351	0.095822	0.00637
-0.4005	-1.0012	1.446	0.041168826396042246	0.01093623309299647	0.002038544566329377	0.98050314	53.21783066	0.97355414	0.14203136300065627	0.098673	0.00714
-0.4149	-1.0014	1.457	0.04195946054719568	0.01138478271075901	0.0022462387473167022	0.97755808	53.0579834	0.96295376	0.09794389749516513	0.101473	0.00777
-0.4193	-0.9623	1.4748	0.04261395901669355	0.011719885927141922	0.0022689280275926286	1.01328588	54.99714661	0.97092496	0.11191454830783532	0.104219	0.00855
-0.4112	-0.9496	1.5218	0.04193502593766775	0.011363838759735078	0.0023125612588924867	1.01153994	54.9023819	0.9746657	0.12173067388662502	0.106429	0.00906
-0.4077	-0.898	1.5424	0.04140444584506148	0.011121237993707869	0.0021799162357409173	0.9731822	52.82048035	0.96146703	0.1209912940892525	0.10636	0.00911
-0.4034	-0.948	1.5296	0.041324160699469745	0.01098510231205231	0.0022479840765686964	0.97206855	52.76003265	0.95798958	0.08132443340375342	0.106858	0.0094
-0.4043	-0.9791	1.4962	0.04214446544790707	0.01092052512972852	0.002141518992197042	0.95966798	52.08697891	0.95066542	0.11496735075663864	0.106074	0.00906
-0.4115	-0.9905	1.467	0.04244640740850209	0.011136945956975817	0.002253220064324679	0.94776416	51.44088745	0.95222469	0.07930319299849763	0.104957	0.00879
-0.4166	-0.9759	1.44	0.042652356260237424	0.011252137687607444	0.0022898719786165604	0.96163225	52.19359207	0.95535829	0.06458962483294228	0.102755	0.00803
-0.4076	-0.9186	1.5431	0.04215144676491505	0.011159635237251742	0.0023963370629882146	1.08044827	58.64245605	1.02518927	0.20439385150248648	0.108015	0.00987
-0.4017	-0.8783	1.5456	0.041571997453252935	0.010862929264412706	0.0023596851486963333	1.01673293	55.18424225	0.9842988	0.09434035993965184	0.106685	0.00932
-0.3951	-0.9312	1.5309	0.041427135125337404	0.010808824057600882	0.002310815929640492	0.95965272	52.08615112	0.96242641	0.08659183768915997	0.107245	0.00912
-0.396	-1.002	1.5106	0.042018801741763485	0.010817550703860854	0.0021642082724729686	0.96820533	52.550354	0.9621843	0.1293500459926788	0.10799	0.00952
-0.4083	-1.0089	1.4538	0.04236263160440637	0.01118232451752767	0.0021676989309769574	0.98785937	53.61709595	0.97426365	0.11160471674068435	0.104702	0.00866
-0.4003	-0.9755	1.4554	0.04289670235551664	0.011260864333867414	0.002436479635784084	0.97845489	53.10665894	0.97028695	0.08706956361285684	0.103671	0.00866
-0.4078	-0.9085	1.5291	0.04253890985885779	0.011109020688943906	0.0022410027595607188	1.00377738	54.48106766	0.99814519	0.183455650890286	0.107293	0.00957
-0.4065	-0.9098	1.5269	0.04245687938401406	0.011185815176031658	0.0022933626371205488	0.93590218	50.79706573	0.95033601	0.015359241974565709	0.106887	0.0094
-0.3974	-0.9593	1.4674	0.042498767286061924	0.010993828958312283	0.0021380283336930534	0.96615034	52.43881607	0.96965678	0.13756042115973663	0.102732	0.00821
-0.3992	-1.002	1.4071	0.04292462762354854	0.011096803384179947	0.0022165681500327986	0.97064233	52.68262482	0.97905377	0.13516872898470128	0.0994899	0.00751
-0.4069	-0.9662	1.4067	0.04300665809839228	0.011229448407331515	0.002253220064324679	0.95614338	51.89567947	0.95936133	0.056466370614359294	0.0984644	0.00726
-0.4095	-0.9286	1.4125	0.04299444079362832	0.011238175053591488	0.0022148228207808044	0.97337848	52.83113098	0.96476699	0.04896705972839033	0.09821	0.00709
-0.4114	-0.9127	1.4864	0.04277452930787703	0.011004300933824247	0.002082177797629235	1.00709546	54.6611557	0.99797205	0.12102153143350491	0.103041	0.00852
-0.4056	-0.8622	1.5088	0.04220904263023087	0.010939723751500458	0.002169444260228951	0.95498788	51.83296204	0.96194221	0.11456651612848313	0.103175	0.00868
-0.3857	-0.9406	1.4779	0.042099086887355225	0.010663961729685353	0.002282890661608583	0.98368025	53.39027023	0.97990119	0.15415820830351903	0.101227	0.0081
-0.3781	-1.0005	1.4095	0.04251622057858187	0.010770426814057007	0.0023212879051524586	0.98031873	53.20782089	0.98557823	0.16399980095710867	0.0986326	0.00731
-0.4037	-0.9981	1.3702	0.043093924560991995	0.010873401239924672	0.0023701571242082994	0.97134995	52.72103119	0.97469393	0.10377738136668133	0.0966188	0.00697
-0.4018	-0.9505	1.4324	0.043090433902488005	0.01102524488484818	0.0023474678439323734	0.99200636	53.84217834	0.98906747	0.12060117918517102	0.0996186	0.00784
-0.407	-0.9109	1.4794	0.04297524217185637	0.010981611653548322	0.002368411794956305	0.9966678	54.09518433	0.98319834	0.10078844564777124	0.10245	0.00877
-0.4033	-0.9556	1.4705	0.04306425396370809	0.01107411410390402	0.0023387411976724015	0.97040915	52.66996765	0.96507116	0.06785924197456598	0.103241	0.00884
-0.3901	-0.9969	1.4354	0.043397611850839006	0.011299261577411289	0.0023387411976724015	0.9530744	51.7291069	0.96015655	0.11752526803190916	0.102557	0.00868
-0.3804	-0.9843	1.4007	0.04366988321415012	0.011454595880838784	0.002722713633111154	0.99529058	54.02043533	0.98051136	0.0975789051088681	0.0992125	0.00798
-0.378	-0.9551	1.3847	0.0439822971502571	0.011669271378834088	0.002921681167838507	0.99020535	53.74442673	0.96975559	0.08390284844148194	0.0984394	0.00787
-0.369	-0.9315	1.4339	0.04410272486864471	0.011660544732574116	0.0032114058236695662	1.01110411	54.87873077	0.98584679	0.10274395102393168	0.100755	0.00856
-0.3703	-0.8888	1.4835	0.04397531583324913	0.011679743354346054	0.0032812189937493396	0.99958611	54.25357819	0.98404536	0.10442104136236448	0.104205	0.00982
-0.3745	-0.9707	1.4641	0.04403465702781694	0.011657054074070127	0.0032131511529215613	1.00947642	54.7903862	0.99088049	0.11300491578357583	0.104898	0.00971
-0.3734	-1.0037	1.3753	0.04414810342919657	0.011576768928478387	0.003068288825006031	1.00670338	54.63987732	0.99887422	0.13982969374434484	0.100064	0.00816
-0.3817	-0.9965	1.3568	0.04444480940203561	0.011707668622377961	0.003267256359733385	0.98678786	53.55894089	0.96774876	0.06532866007329828	0.0990389	0.00807
-0.4119	-0.9704	1.4092	0.04425282318431622	0.0115732782699744	0.002949606435870417	0.99804705	54.17004395	0.9831553	0.14090132469929595	0.10281	0.00892
-0.4335	-0.9125	1.4766	0.04406258229584884	0.011313224211427244	0.0027523842303950577	1.01959455	55.33955765	0.99933943	0.1792758576244946	0.106677	0.01005
-0.4424	-0.9453	1.48	0.04391248398017733	0.011367329418239067	0.0025464353786597265	0.98534298	53.48051834	0.97594439	0.06560761871093342	0.108237	0.01037
-0.4428	-0.9844	1.4361	0.044306928391128056	0.011290534931151317	0.002469640891571976	0.98980033	53.72244644	0.97750451	0.1108016692563114	0.107049	0.01032
-0.429	-0.985	1.3973	0.044867179081018234	0.011386528040011005	0.0027035150113392165	0.99332309	53.9136467	0.97501128	0.09770589592585521	0.104933	0.00964
-0.4209	-0.958	1.4141	0.04506614661574559	0.011761773829189788	0.0029792770331543207	0.99638194	54.07966995	0.98052769	0.09439876728606199	0.105761	0.01007
-0.4393	-0.9155	1.4945	0.04475547800889059	0.011782717780213718	0.002928662484846485	1.01897097	55.30570984	1.00641788	0.1604113553093382	0.110169	0.01129
-0.4417	-0.9199	1.5042	0.044715335436094725	0.011892673523089361	0.002975786374650332	0.96014023	52.11261368	0.95922936	0.026361110273767883	0.111491	0.01172
-0.4198	-0.998	1.412	0.04530002073551282	0.01203753585100489	0.0034993851502486306	1.03263938	56.04758072	1.02520394	0.2548573201465962	0.107154	0.01031
-0.4236	-0.9948	1.4255	0.045422193783152424	0.012054989143524833	0.003270747018237374	0.99693733	54.10981369	0.97819483	0.03891322360854019	0.108512	0.01067
-0.4105	-0.9696	1.4091	0.04568748382945557	0.012058479802028822	0.0035447637108004834	0.98941505	53.70153427	0.97186184	0.08183986986851206	0.106649	0.01025
-0.422	-0.9638	1.4534	0.04570668245122749	0.012295844580300051	0.0034243359924128747	0.98256677	53.3298378	0.97791476	0.08044955592153812	0.109952	0.01143
-0.4554	-0.9204	1.5556	0.04620410128804588	0.012313297872819996	0.0037419859162758423	1.06501436	57.80476379	1.05455866	0.22062610266006527	0.117056	0.01456
-0.4404	-0.9068	1.5578	0.04608890955741426	0.012285372604788085	0.003792600464583678	0.95623541	51.90067291	0.96852212	0.04048657734856853	0.117786	0.01488
-0.4123	-0.9875	1.4961	0.04593532058323876	0.011683234012850043	0.003956661414271145	0.99965572	54.25735855	1.00648614	0.21648942579005057	0.114324	0.01316
-0.3939	-1.018	1.4248	0.046026077704342465	0.011328932174695192	0.0038816122564353885	0.99714911	54.12130737	0.98907821	0.14620540585471567	0.10969	0.01184
-0.4016	-1.0189	1.4285	0.045940556570994745	0.011564551623714427	0.0038536869884034796	0.95124078	51.62958527	0.96509114	0.02975329251994314	0.109499	0.01181
-0.4176	-0.9454	1.4751	0.04572239041449545	0.011817624365253606	0.004319689898685966	1.02410734	55.58449554	1.01465524	0.18296209041604808	0.11061	0.01208
-0.4305	-0.9546	1.4604	0.045779986279811266	0.011990411961201045	0.004611159883769018	0.97327358	52.82543945	0.97058892	0.06289267231731568	0.110946	0.01199
-0.429	-1.0024	1.4322	0.04608890955741426	0.01207767842380076	0.0045588000062091886	0.97938359	53.15706635	0.97295649	0.09992748088812675	0.110109	0.01173
-0.4234	-1.0079	1.4047	0.04613603344721811	0.01209338638706871	0.004220206131322289	0.99224085	53.85490799	0.97625142	0.05867128639793499	0.108893	0.01128
-0.4128	-0.9963	1.3911	0.04649208061462495	0.011974703997933095	0.004389503068765739	0.99758309	54.14486313	0.97655636	0.06800132469929553	0.107382	0.01093
-0.408	-0.9541	1.4239	0.04632976499418948	0.012187634166676405	0.004241150082346221	0.96555579	52.40654755	0.96850807	0.10597993877991486	0.108377	0.01133
-0.4191	-0.9025	1.522	0.04625122517784973	0.012023573216988935	0.004117231705454623	1.06035233	57.55172729	1.03416942	0.1791259571459412	0.11386	0.01356
-0.4229	-0.9058	1.5491	0.04590390465670286	0.012081169082304749	0.0039706240482871	0.97095513	52.69960403	0.97009212	0.06177620218151024	0.116243	0.01405
-0.4233	-0.9783	1.5103	0.04637688888399333	0.012070697106792783	0.0038449603421435077	1.01484001	55.08150101	0.99201763	0.14215599544730112	0.116598	0.01399
-0.4275	-1.0128	1.4798	0.04677307862419604	0.01236740307963182	0.003895574890451344	1.00510073	54.55289078	0.97565236	0.10637551306747904	0.115468	0.01385
-0.4276	-1.0078	1.4806	0.046886525025575665	0.012452924212979541	0.00401076662108297	1.00162327	54.36414719	0.96823572	0.021607963267948515	0.116498	0.01412
-0.4276	-0.9883	1.5408	0.04677133329494405	0.012313297872819996	0.004180063558526419	1.02108383	55.42038727	0.99404692	0.10090575041173072	0.119569	0.01538
-0.4315	-0.9421	1.5767	0.046165704044502	0.012391837689159739	0.004382521751757761	1.0288043	55.83942795	0.99656034	0.1303313630006565	0.121059	0.01594
-0.4182	-1.0004	1.512	0.045478044319216246	0.012011355912224977	0.004537856055185257	1.05864966	57.45931244	1.02405546	0.19747379028240047	0.116188	0.01354
-0.398	-1.0334	1.4521	0.04574507969477137	0.011773991133953745	0.004290019301402062	1.00018704	54.28619385	0.97806864	0.1507118453804779	0.113414	0.01278
-0.3975	-1.0371	1.4071	0.0462634424826137	0.011946778729901185	0.00462337718853298	0.9959479	54.05611038	0.97679848	0.10042541354603396	0.11038	0.01203
-0.4071	-0.9889	1.4736	0.04596673650977466	0.012063715789784806	0.004434881629317591	0.99577898	54.04694366	0.99771812	0.1544069295969024	0.112992	0.01265
-0.4113	-0.9035	1.5164	0.04575380634103135	0.011637855452298188	0.004139920985730549	0.97882456	53.12672424	0.99155112	0.1790875574908485	0.113523	0.0131
-0.4095	-0.9325	1.5214	0.04576776897504731	0.011590731562494343	0.003993313328563026	0.93678349	50.84490204	0.94876209	0.04618470904936643	0.114402	0.0131
-0.4105	-1.006	1.5304	0.046010369741074524	0.011705923293125966	0.003909537524467298	0.95817649	52.00602722	0.9620399	0.1055784150377283	0.117122	0.01458
-0.4072	-1.0229	1.5197	0.04639957816426925	0.011491247795130666	0.003984586682303054	0.96433538	52.34030914	0.95959635	0.06484665395128889	0.116426	0.01433
-0.4104	-1.015	1.502	0.04652873252891684	0.011742575207417848	0.003918264170727269	0.92040938	49.95618057	0.94210327	0.05114021442552789	0.115624	0.01388
-0.415	-1.001	1.5291	0.04651476989490088	0.011700687305369984	0.004092797095926702	1.0243566	55.59802246	0.9829266	0.057219173063162605	0.116717	0.01455
-0.4208	-0.9582	1.5752	0.046020841716586484	0.011871729572065429	0.004064871827894794	1.00142729	54.353508	0.98051881	0.12934478565208732	0.118891	0.01486
-0.4154	-0.986	1.5709	0.046167449373754	0.01173035790265389	0.004122467693210606	0.9828729	53.34645081	0.96746318	0.05477875959474328	0.120089	0.01544
-0.4117	-1.0204	1.5608	0.046411795469033214	0.011716395268637934	0.00398284135305106	0.97827882	53.09710312	0.96257165	0.0680967534727358	0.120459	0.01565
-0.414	-1.0316	1.5093	0.046844637123527814	0.011941542742145204	0.004171336912266447	1.04072893	56.48664474	0.98566843	0.10732423436086284	0.118541	0.01508
-0.4152	-1.0093	1.5555	0.046739917368408136	0.012004374595216999	0.004141666314982544	1.03032184	55.92179108	0.98799159	0.07956111027376883	0.120673	0.01572
-0.4221	-0.9517	1.5986	0.04633500098194546	0.011903145498601327	0.004239404753094226	1.00084245	54.3217659	0.98259576	0.13779419605950163	0.122557	0.01661
-0.4207	-0.9628	1.5515	0.04657585641872068	0.012086405070060733	0.0044261549830576195	1.00738537	54.67689133	0.98437883	0.09014326190990109	0.120287	0.01519
-0.407	-1.0429	1.4732	0.04693539424463151	0.012238248714984239	0.004715879638888678	1.02193034	55.4663353	1.0091834	0.21215530633326957	0.117668	0.01483
-0.3953	-1.0037	1.473	0.04721115626644662	0.012002629265965004	0.004796164784480418	0.99028742	53.74888229	0.966276	0.08068333082130413	0.116349	0.01414
-0.3928	-0.9799	1.5111	0.04677656928270002	0.011859512267301468	0.004665265090580842	0.94522107	51.30286026	0.96315175	0.09983018381548557	0.117321	0.01437
-0.4033	-0.925	1.5549	0.04637339822548933	0.011657054074070127	0.004537856055185257	1.00300658	54.43922806	0.98901371	0.14585191429188055	0.118725	0.01484
-0.4006	-0.9341	1.5386	0.046167449373754	0.011595967550250323	0.004469788214357478	0.97209775	52.76161957	0.96362819	0.04485516081914574	0.117484	0.01408
-0.3696	-1.0446	1.5221	0.044898595007554123	0.010398671683382215	0.003876376268679406	1.02518725	55.64310455	1.02292881	0.31097810893730266	0.115533	0.01355
-0.3378	-1.0513	1.4762	0.04516563038310926	0.009813986383964116	0.003710569989739945	0.98704904	53.5731163	0.97710257	0.1352763476956347	0.111521	0.01204
-0.3489	-1.023	1.5149	0.04483576315448233	0.010278243964994606	0.0036250488563922224	0.94808108	51.45808792	0.9629478	0.12208229715025697	0.112958	0.01228
-0.3754	-0.9387	1.5465	0.044490187962587455	0.010789625435828945	0.0037245326237558994	0.97019768	52.65848923	0.98572062	0.19022202150464457	0.113446	0.01258
-0.3724	-0.9976	1.5255	0.04504869332322564	0.010749482863033075	0.003755948550291797	0.95303202	51.72680664	0.96414394	0.1144031929984977	0.114384	0.01253
-0.3649	-1.0698	1.4904	0.046027823033594456	0.010246828038458708	0.0034697145529647274	0.9343493	50.71278381	0.96648182	0.2032009266135128	0.115469	0.01363
-0.3861	-1.0686	1.4626	0.046654396235060416	0.011145672603235787	0.0038432150128915135	1.0252471	55.64635468	0.99060446	0.1451459113084914	0.114321	0.01323
-0.397	-1.0142	1.4548	0.04675911599018008	0.011798425743481668	0.00408756110817072	1.00339985	54.46057129	0.9806508	0.12319094953223744	0.112942	0.01264
-0.3965	-0.9825	1.4838	0.04673293605140017	0.011721631256393916	0.0042603487041181585	0.98464662	53.44272232	0.97382556	0.07498810109075486	0.114712	0.0133
-0.4025	-0.9142	1.5608	0.045975463156034624	0.011526154380170553	0.004080579791162742	1.00677156	54.64357376	1.00171364	0.20793593422721632	0.117818	0.01435
-0.404	-0.9023	1.5416	0.045862016754655	0.011613420842770268	0.004080579791162742	0.96453917	52.35136795	0.96085132	0.04263564319896698	0.117542	0.01394
-0.3843	-1.0092	1.5191	0.04620933727580187	0.010974630336540345	0.004002039974822997	0.9981057	54.17322922	0.98910705	0.2023325421858274	0.117998	0.01415
-0.3711	-1.0582	1.4897	0.046404814152025235	0.010489428804485921	0.0036983526849759846	0.97294897	52.80781937	0.96120149	0.14081828490623988	0.117448	0.01421
-0.3773	-1.0627	1.4489	0.04682892916025986	0.011365584088987073	0.004244640740850209	1.00868607	54.74748611	0.97934547	0.14382791743049994	0.114678	0.01339
-0.3877	-1.0294	1.4896	0.04662298030852453	0.011665780720330098	0.004237659423842232	0.95922834	52.06311798	0.96888198	0.1100563400043166	0.116089	0.01383
-0.3983	-0.9415	1.5453	0.0461377787764701	0.011487757136626676	0.004255112716362175	1.0534364	57.17635727	1.00862017	0.18823392041388945	0.118029	0.01455
-0.4009	-0.9751	1.5479	0.046188393324777935	0.011643091440054173	0.004092797095926702	1.00174308	54.37064743	0.97385803	0.05721322360854029	0.11977	0.01483
-0.4024	-1.0416	1.5377	0.04664392425954845	0.011906636157105317	0.004272566008882118	0.98099351	53.2444458	0.97846054	0.12314222823885376	0.122202	0.01605
-0.4149	-1.0451	1.5212	0.04691968628136356	0.012231267397976262	0.004256858045614169	0.97840351	53.10387039	0.96831394	0.06330506129770008	0.12162	0.01581
-0.4118	-1.0195	1.5327	0.046994735439199325	0.012290608592544069	0.004557054676957195	0.98000729	53.19091797	0.97169775	0.06192934918732962	0.121247	0.01572
-0.4064	-1.0001	1.5347	0.04668232150309233	0.012126547642856601	0.0043703044469938016	0.98395729	53.40530777	0.9727741	0.05996125578789292	0.119788	0.01503
-0.3886	-0.9962	1.5223	0.04638037954249731	0.011643091440054173	0.00416435559525847	0.97275639	52.7973671	0.96647871	0.08366735075663895	0.117916	0.01422
-0.3909	-0.9531	1.5784	0.045882960705678925	0.011241665712095476	0.004036946559862884	0.98632222	53.53366852	0.97756273	0.15281268000863352	0.119755	0.01506
-0.3943	-0.9449	1.5796	0.045544366830792035	0.011337658820955164	0.0041608649367544815	0.94870532	51.49197006	0.95452582	0.04072526803190858	0.119739	0.01472
-0.3845	-1.031	1.5498	0.04599117111930258	0.011026990214100174	0.004098033083682686	0.9680081	52.53964996	0.9754551	0.16671523742186625	0.119813	0.01489
-0.3862	-1.0656	1.5237	0.046371652896237334	0.011072368774652026	0.003920009499979264	0.96295291	52.26527405	0.95957867	0.09259419605950159	0.119858	0.01543
-0.3948	-1.0767	1.5062	0.04667708551533635	0.011470303844106734	0.004157374278250492	0.97416794	52.87398148	0.96728044	0.08423662334124758	0.118679	0.01489
-0.3931	-1.044	1.5011	0.04675388000242409	0.011554079648202462	0.004106759729942657	0.9718833	52.74998093	0.96209624	0.05005924197456516	0.117416	0.0144
-0.3918	-1.0127	1.4907	0.04701917004872724	0.011414453308042916	0.0040334559013588955	0.97675604	53.01445389	0.96253038	0.06691101075232289	0.116509	0.01433
-0.3944	-0.9903	1.5099	0.046802749221479936	0.0115732782699744	0.004012511950334963	0.98258948	53.33106995	0.9622216	0.06400948701013592	0.117372	0.01474
-0.3988	-0.9418	1.5703	0.04626693314111768	0.011379546723003028	0.004136430327226561	1.01476586	55.07747269	0.99003712	0.15597330021126113	0.119848	0.01534
-0.4013	-0.9447	1.5725	0.04610461752068221	0.011533135697178532	0.004146902302738527	0.96916461	52.60242081	0.95529954	0.023918828506146992	0.120547	0.01552
-0.3976	-1.0226	1.5346	0.0464152861275372	0.011506955758398614	0.004173082241518442	0.99920481	54.23288345	0.98371105	0.13765142422074114	0.12007	0.01562
-0.4006	-1.0407	1.5072	0.04658283773572866	0.011615166172022264	0.00399505865781502	0.98400843	53.40808487	0.96658446	0.07118928027592639	0.118731	0.01505
