trans_x	trans_y	trans_z	rot_x	rot_y	rot_z	dvars_std	dvars_nstd	dvars_vstd	framewise_displacement	aqi	aor
0.0	-0.0	0.0	-0.0	0.0	-0.0	n/a	n/a	n/a	n/a	0.00974351	0.00728
-0.0032	0.0043	0.0122	0.0003961897402027128	0.00019198621771937622	-7.330382858376184e-05	1.0375253	50.89863205	1.00183432	0.05277398932529254	0.00944859	0.00393
0.0007	0.0178	0.0272	0.0005183627878423159	0.0001361356816555577	-0.00010471975511965978	1.03382182	50.71694565	1.00063285	0.042871975511965976	0.00891817	0.00233
-0.0044	0.0381	0.0375	9.250245035569947e-05	0.00016406094968746698	-5.061454830783555e-05	1.03367674	50.70983124	1.00387612	0.06109454061651749	0.00961524	0.00199
-0.0041	0.0592	0.0198	-0.00041713369122664475	0.00024085543677521747	-6.632251157578452e-05	1.05162132	51.59014893	1.01866424	0.06920692959690218	0.00989509	0.0017
-0.0087	-0.0038	0.0152	5.585053606381854e-05	0.0002705260340591211	-0.0002251474735072685	1.05550969	51.78090286	1.01892883	0.10527398932529256	0.0084064	0.00063
-0.0103	-0.0082	0.0275	0.00021642082724729686	0.00042935099599060504	-0.00019198621771937622	0.99396306	48.76156616	0.98164598	0.035927825445142725	0.00842005	0.00047
-0.0065	0.0044	0.0349	0.0005235987755982988	0.0004258603374866164	-0.00019024088846738194	1.03671539	50.85889816	0.99932708	0.03942069680534924	0.00861388	0.00061
-0.0049	0.0222	0.0432	0.0002722713633111154	0.0004537856055185257	-0.00019024088846738194	1.04602885	51.3157959	1.00391751	0.04166263401595463	0.00880724	0.00076
-0.0052	0.0343	0.0284	-6.981317007977319e-05	0.0004904375198104066	-0.00018151424220741024	1.01186979	49.64002609	0.99389253	0.04657315469713705	0.00865161	0.00065
-0.0057	-0.0024	0.0299	0.0003665191429188092	0.0005689773361501514	-0.00023561944901923448	1.03117263	50.58698273	1.00126059	0.06714886680750756	0.00870055	0.00033
-0.0087	-0.0017	0.04	0.0005899212871740833	0.0007016223593017205	-0.0003211405823669566	1.03446949	50.74871826	0.99377164	0.03587841503772826	0.00844312	0.0003
-0.0074	0.0043	0.0518	0.0006056292504420323	0.0007400196028455958	-0.00028274333882308137	1.01877701	49.97888184	0.98665241	0.023725122517784972	0.00823164	0.00037
-0.0139	0.0276	0.05	0.00010995574287564276	0.0006265732014659643	-0.00028623399732707005	1.03256154	50.65511703	0.99775685	0.06223052837250049	0.00896776	0.00054
0.032	0.0144	0.0944	-0.0009128071987930344	0.0023125612588924867	0.0006283185307179585	1.20065987	58.90163803	1.16877548	0.28466517635701144	0.0107428	0.00322
0.0767	-0.0171	0.1785	-0.0007295476273336296	0.00518013721991917	0.0019146261894377795	1.3281101	65.15406036	1.29462763	0.3771571595602954	0.0152237	0.0132
0.0581	-0.0695	0.1022	-0.0005340707511102648	0.0030578168494940655	0.0015690509975429022	1.13459051	55.66042709	1.11405298	0.28046862192716726	0.0112633	0.00246
0.0467	-0.0562	0.0943	-0.00035430183815484887	0.002478367537831948	0.001155407964820246	1.05372369	51.6932869	1.01831071	0.0912430628670095	0.0101531	0.00087
0.0406	0.0033	0.0709	-0.0006789330790257941	0.0023509585024363614	0.0009843656981248017	1.08374166	53.16589737	1.03355674	0.12015412714809878	0.00972837	0.00098
0.0329	-0.0298	0.0337	-0.0005899212871740833	0.002309070600388498	0.0008552113334772215	1.0199604	50.0369339	1.00159405	0.09100270292735772	0.00912023	0.00059
0.0351	-0.0594	0.0342	3.141592653589793e-05	0.0020263272615654165	0.0007714355293814937	1.01949322	50.01401901	0.99868417	0.08169281783143953	0.00913483	0.00035
0.0335	-0.0265	0.0425	0.0003193952531149623	0.0015184364492350666	0.0005305800926062762	1.05861294	51.93314362	1.01598512	0.09463627878423159	0.00881445	0.0004
0.029	0.0037	0.0464	8.726646259971648e-05	0.0012479104151759456	0.0003385938748868999	1.05235851	51.62631607	1.00994332	0.07333205211468713	0.0085997	0.00047
0.004	0.0166	0.0254	-0.0014660765716752368	-0.00019547687622336493	1.7453292519943294e-06	1.14697909	56.26818466	1.11061676	0.2255789435654585	0.0108092	0.00194
0.004	-0.0285	0.0027	-0.0002617993877991494	8.901179185171081e-05	-7.330382858376184e-05	1.0911026	53.52701187	1.05330173	0.14599075048934596	0.0090754	0.00043
0.012	-0.0154	0.0255	0.00011344640137963142	0.0004049163864626844	-3.665191429188092e-05	1.06454289	52.22405243	1.01755803	0.08029011490408176	0.00841278	0.00033
0.022	-0.0049	0.0413	0.00016406094968746698	0.0007417649320975902	0.00014486232791552936	1.00877976	49.48843765	0.98924134	0.06474886680750759	0.00839508	0.00039
0.0136	0.0124	0.0567	-0.0001291543646475804	0.0008552113334772215	6.108652381980153e-05	1.04582727	51.3059082	1.00405697	0.06562187599052031	0.00895238	0.00045
0.0072	0.0134	0.0445	-0.0007696902001294993	0.0010035643198967395	5.061454830783555e-05	1.06007576	52.0049057	1.01939638	0.05956803987067015	0.00907552	0.00042
0.0067	-0.0434	0.034	-0.00040317105721069014	0.0010454522219446034	2.96705972839036e-05	1.04652238	51.34000778	1.00933594	0.08926754979953025	0.00784463	0.0001
0.0048	-0.051	0.0373	8.901179185171081e-05	0.0011309733552923255	4.363323129985824e-05	1.00226152	49.16867065	0.98643454	0.04238333082130388	0.0080055	0.0001
0.0091	-0.0534	0.0453	0.00026878070480712676	0.0010873401239924673	2.4434609527920616e-05	1.0408833	51.06336594	1.00043764	0.026830038301360597	0.00799507	0.00017
0.0087	-0.0243	0.0589	0.0001605702911834783	0.0011239920382843482	2.268928027592628e-05	1.04889691	51.45649338	1.00158894	0.05043038285837619	0.0078966	0.00018
0.0062	0.0205	0.0562	-0.0005846852994181004	0.00124965574442794	7.155849933176751e-05	1.03058958	50.55838013	1.00995327	0.09598942579005057	0.00822306	0.00021
0.0022	-0.0172	0.0352	-0.0004468042885105483	0.001155407964820246	-5.235987755982988e-06	1.03437841	50.74425125	1.00514365	0.07814616388014982	0.00808471	0.0002
-0.0002	-0.0469	0.0421	-2.792526803190927e-05	0.0011746065865921838	-7.155849933176751e-05	1.0339123	50.72138596	1.00040682	0.06422000769131807	0.00773847	0.0001
-0.0008	-0.03	0.0502	0.00019547687622336493	0.0012269664641520136	-9.250245035569947e-05	1.0254997	50.30868149	0.99097319	0.0404352986419518	0.00744915	0.00016
0.0019	-0.0217	0.059	0.0001884955592153876	0.0011955505376161158	-2.094395102393195e-05	1.01251805	49.67182922	0.98358328	0.025297787143782127	0.00789118	0.00015
-0.006	0.0091	0.0588	-0.000460766922526503	0.0012322024519079964	-9.948376736367679e-05	1.06002879	52.00260162	1.01491793	0.0771227106186758	0.00837553	0.00015
-0.0111	-0.0288	0.0398	-0.00042411500823462205	0.0012618730491919003	-0.00017104226669544429	1.04727149	51.37675476	1.00723562	0.06889405054537762	0.00728226	8e-05
-0.0101	-0.0571	0.0497	0.0001239183768915974	0.0011798425743481666	-0.0002024581932313422	0.99888635	49.0030899	0.98686821	0.07227398932529254	0.00731784	0.0001
-0.0068	-0.0357	0.0566	0.00034033920413889426	0.0011152653920243766	-0.00020420352248333657	1.03911579	50.97665787	0.99688374	0.045737166941154046	0.00759727	0.00013
-0.0064	-0.0286	0.0606	0.00042760566673861073	0.0010663961729685354	-0.0002600540585471551	1.03894782	50.96841431	0.99444649	0.02109931088596881	0.00749213	0.0001
-0.0124	-0.0086	0.0658	-4.537856055185256e-05	0.0010559241974565693	-0.0002513274122871834	1.00801361	49.45085526	0.98600954	0.05580914245312005	0.00740767	0.00012
-0.013	-0.0137	0.042	-9.599310885968811e-05	0.0010506882097005862	-0.00030368728984701333	1.03596997	50.82232666	1.00174764	0.03491052068118242	0.00772095	0.00012
-0.0138	-0.0568	0.0465	0.00032812189937493397	0.0009791297103688187	-0.00039095375244672985	1.04214501	51.12526321	1.00424759	0.07754699850830529	0.00765038	0.0001
-0.0128	-0.0363	0.0563	0.0005288347633542819	0.0009232791743050004	-0.0003682644721708035	1.02856481	50.45904922	0.99293781	0.04526263401595464	0.00714993	8e-05
-0.0127	-0.0223	0.0666	0.0003630284844148205	0.0009913470151327792	-0.00029496064358704166	1.02154243	50.11454773	0.99104585	0.03975889741755011	0.00781304	0.00013
-0.0169	0.0108	0.05	-0.00019896753472735358	0.0010995574287564276	-0.00028623399732707005	1.06539023	52.26562119	1.02007305	0.08784665395128971	0.00798094	0.00017
-0.0164	-0.0394	0.037	2.4434609527920616e-05	0.0010960667702524388	-0.0002740166925631097	1.04783249	51.4042778	1.00820118	0.07565550537616117	0.00705558	0.00011
-0.0146	-0.0598	0.0537	0.00039095375244672985	0.0010471975511965976	-0.0002670353755551324	1.00198662	49.1551857	0.9872323	0.06001848394913138	0.00722152	8e-05
-0.0102	-0.0423	0.0589	0.0005585053606381855	0.0009896016858807848	-0.000322885911618951	1.03858185	50.95046234	1.00124274	0.04114990047855436	0.00743717	0.0001
-0.0133	-0.0194	0.0656	0.0003787364476827695	0.0009721483933608416	-0.0003385938748868999	1.05200434	51.60893631	1.00475375	0.04334650843716541	0.00754082	0.00019
-0.0215	0.0024	0.0419	-0.00010995574287564276	0.0009494591130849152	-0.0004206243497306334	1.01834941	49.95790482	0.99845294	0.08337059728390361	0.00742596	0.00011
-0.0219	-0.044	0.0373	0.0001308996938995747	0.0009669124056048585	-0.00043458698374658803	1.03815281	50.92941666	1.00670973	0.06501356816555576	0.0075019	0.0001
-0.0208	-0.0476	0.0495	0.0003944444109507184	0.0010681415022205296	-0.0004310963252425994	1.04043794	51.04151917	0.99730828	0.035313223608540174	0.00753254	0.00013
-0.015	-0.0413	0.0582	0.0005445427266222308	0.0009861110273767962	-0.0003647738136668148	1.02305686	50.18884277	0.98858874	0.03572256510455152	0.00730902	0.0001
-0.0145	-0.0232	0.0652	0.00033684854563490564	0.0009878563566287904	-0.00033335788713091696	1.02806604	50.43458176	0.99238836	0.03764277183876085	0.00780362	0.00015
-0.0218	0.0018	0.0394	-0.00039968039870670147	0.0010122909661567112	-0.00042760566673861073	1.07386398	52.68132401	1.02966283	0.10086056667386108	0.00789732	0.00013
-0.025	-0.0455	0.0237	-0.00019547687622336493	0.0009773843811168245	-0.0005235987755982988	1.04548383	51.28905869	1.00780612	0.08295516081914557	0.00707585	0.00012
-0.0254	-0.0595	0.0427	0.00019024088846738194	0.0010088003076527223	-0.0005061454830783556	0.9970755	48.91425323	0.98615931	0.05512934918732938	0.00743687	8e-05
-0.0192	-0.0369	0.0484	0.0004904375198104066	0.0009564404300928925	-0.0004485496177625427	1.04279041	51.15692139	1.00243384	0.05500761871093336	0.00759345	0.00017
-0.0196	-0.0281	0.0524	0.00030368728984701333	0.0010210176124166828	-0.0004625122517784973	1.03920007	50.98078918	0.9977616	0.026464502315156915	0.00757772	6e-05
-0.0256	-0.0034	0.0311	-0.00029496064358704166	0.0010402162341886204	-0.00046425758103049166	1.02671921	50.36850739	1.00751	0.08297959422289934	0.00742	0.0001
-0.0237	-0.0522	0.0282	2.4434609527920616e-05	0.0010559241974565693	-0.00041538836197465044	1.03002763	50.53081131	1.00244161	0.07279862177193763	0.00738186	0.0001
-0.0209	-0.0408	0.0429	0.0003089232776029963	0.0010716321607245184	-0.00042411500823462205	1.03608322	50.82788467	0.99870911	0.04434616388014982	0.00732654	0.00012
-0.0182	-0.0344	0.0491	0.0004956735075663896	0.0009826203688728075	-0.0004729842272904633	1.03534532	50.7916832	0.99311005	0.03153156204354727	0.00694579	9e-05
-0.0165	-0.0293	0.0589	0.0003961897402027128	0.0009878563566287904	-0.00041015237421866745	0.99339056	48.73347855	0.97753295	0.024977580409572778	0.00724316	0.00011
-0.0181	0.0176	0.0441	-0.00019547687622336493	0.0008325220532012951	-0.000439822971502571	1.06470585	52.23204803	1.02265345	0.10213357585687384	0.00775564	0.00012
-0.0169	-0.0434	0.0264	2.4434609527920616e-05	0.0009075712110370514	-0.0004328416544945937	1.03881812	50.96205139	1.00897248	0.09499709802975095	0.00722927	0.00011
-0.015	-0.054	0.0452	0.0003874630939427412	0.0010070549784007281	-0.0004014257279586958	1.02239895	50.15656662	0.99039632	0.055996408915719754	0.00674486	0.00012
-0.0118	-0.0452	0.0575	0.0005183627878423159	0.0010890854532444615	-0.00032637657012293966	1.00455296	49.28108215	0.98135275	0.03869896632895321	0.00722259	8e-05
-0.0133	-0.0439	0.0654	0.0004886921905584122	0.001054178868204575	-0.0003961897402027128	1.04186428	51.11149216	0.99677197	0.017419517620178154	0.00747484	0.00013
-0.016	-0.0178	0.0523	-0.00014486232791552936	0.0010663961729685354	-0.0003665191429188092	1.05753899	51.88045502	1.01550039	0.07567212102609029	0.00709796	8e-05
-0.0188	-0.048	0.0318	-0.00015533430342749534	0.0010838494654884787	-0.0003682644721708035	1.00154412	49.13347244	0.98771704	0.054983529864195184	0.00693882	8e-05
-0.0207	-0.0633	0.0503	0.00028099800957108706	0.0011030480872604163	-0.0004258603374866164	1.02908194	50.48441696	1.00003729	0.06135634000431663	0.00739908	4e-05
-0.019	-0.0549	0.0578	0.0005044001538263612	0.0011431906600562858	-0.0004415683007545654	1.03918803	50.98019791	0.99546233	0.031562634015954626	0.00754458	0.00015
-0.0183	-0.033	0.0674	0.00028797932657906436	0.0011205013797803594	-0.00039269908169872416	1.02670574	50.36784744	0.99116215	0.04659896632895322	0.00727278	0.00011
-0.0216	-0.0017	0.0437	-0.0001832595714594046	0.0011274826967883368	-0.0004363323129985824	1.03782022	50.91309738	1.00910641	0.08439267231731523	0.00853258	0.00015
-0.0187	-0.0563	0.0417	5.235987755982988e-06	0.0009896016858807848	-0.0004625122517784973	1.04708445	51.36758041	1.01360307	0.07712782544514275	0.00846672	0.0001
-0.0152	-0.0489	0.0673	-1.7453292519943296e-05	0.0010297442586766543	-0.0003612831551628262	1.04210675	51.12338257	1.00215703	0.04470304748437334	0.00780582	0.00014
-0.0187	-0.045	0.0681	0.00030194196059501896	0.0010140362954087054	-0.00043458698374658803	1.00624537	49.36410522	0.98734532	0.028620352248333647	0.00768459	7e-05
-0.022	-0.0071	0.0619	-6.9813170079773176e-06	0.0009913470151327792	-0.0005096361415823442	1.05054581	51.53738785	1.00927024	0.06773308578573392	0.00772971	0.00015
-0.022	-0.0316	0.0372	-8.726646259971648e-05	0.0009546951008408983	-0.0006021385919380437	1.03951955	50.99646378	1.00315224	0.05967197551196598	0.00742149	0.00011
-0.0178	-0.0628	0.0457	0.00031415926535897925	0.0008970992355250854	-0.0005340707511102648	1.0318228	50.61887741	0.99583638	0.07025447170511437	0.00688148	9e-05
-0.011	-0.058	0.0457	0.0005515240436302081	0.0007487462491055673	-0.000450294947014537	0.99743539	48.93191147	0.98048819	0.03507467843932373	0.0072366	0.00012
-0.0119	-0.0329	0.0593	0.00013264502315156904	0.0006544984694978735	-0.00042935099599060504	1.04308414	51.17133331	1.00547478	0.06630353755551326	0.0074116	0.00012
-0.0155	-0.0103	0.0316	-0.0002897246558310587	0.000757472895365539	-0.0004747295565424576	1.04592776	51.31083679	1.01245518	0.08243613327010726	0.00742441	0.00012
-0.0163	-0.0694	0.0381	3.141592653589793e-05	0.0008063421144213803	-0.00042411500823462205	1.0164268	49.86358643	1.00058149	0.08743121748653165	0.00701392	0.0001
-0.0114	-0.0547	0.0473	0.0003717551306747922	0.000895353906273091	-0.0003577924966588376	0.9984135	48.97989273	0.983532	0.05358367537831947	0.00753063	0.00017
-0.0118	-0.0343	0.061	0.0001186823891356144	0.0009162978572970229	-0.00037524578917878077	1.04198825	51.11757278	1.0084565	0.04907349925415264	0.00749236	0.00013
-0.0142	0.0076	0.0305	-0.0005340707511102648	0.0004991641660703782	-0.0004572762640225143	1.08634698	53.2937088	1.04983686	0.13239586531581288	0.00811988	0.00033
-0.0374	-0.0635	0.0075	-0.0003944444109507184	0.0004886921905584122	-0.000619591884457987	1.04212081	51.12407684	1.0224982	0.13292069680534924	0.00752914	0.00026
-0.043	-0.0965	0.0186	0.00018500490071139895	0.00042760566673861073	-0.0007120943348136865	0.99813128	48.96604919	0.99608548	0.08635191429188092	0.00787431	0.00026
-0.0333	-0.0746	0.0325	0.0004433136300065597	0.0007592182246175333	-0.0005270894341022875	1.01579952	49.83281326	0.99405419	0.08424630939427409	0.00760943	0.00017
-0.0244	-0.0537	0.0352	0.0006003932626860494	0.0007330382858376184	-0.0004747295565424576	1.0548476	51.74842072	1.00591122	0.04428097245096173	0.00775343	0.00021
-0.0284	-0.0171	0.0465	5.061454830783555e-05	0.0009232791743050004	-0.0005358160803622592	1.05552816	51.78180695	1.01471632	0.09195530633326988	0.00752521	0.00015
-0.0303	-0.0115	0.025	-0.0003577924966588376	0.0010681415022205296	-0.0005288347633542819	1.02822912	50.44258118	1.0037863	0.05701253449450898	0.0076912	0.0001
-0.0291	-0.0604	0.0382	9.599310885968811e-05	0.0011082840750163993	-0.0005689773361501514	1.05492139	51.75204086	1.01817892	0.09000353755551324	0.0074563	0.00013
-0.0272	-0.0383	0.0542	0.0004415683007545654	0.0011938052083641214	-0.0005899212871740833	1.06418431	52.20646286	1.01279396	0.06260201381332657	0.00774968	0.00011
-0.0248	-0.0295	0.058	0.0005113814708343385	0.0011693705988362008	-0.0005201081170943102	1.01022542	49.55935669	0.98845716	0.02320304748437335	0.00689632	6e-05
-0.027	-0.0144	0.0465	-1.2217304763960308e-05	0.0010838494654884787	-0.0005026548245743669	1.06744301	52.36632538	1.01827135	0.060128660073298215	0.00748044	0.00015
-0.025	-0.0589	0.0348	-5.235987755982988e-06	0.0010838494654884787	-0.0005654866776461627	1.06256878	52.1272049	1.02013605	0.06169065850398866	0.00699621	7e-05
-0.0241	-0.0703	0.0479	0.0004677482395344803	0.0010611601852125523	-0.0005427973973702365	1.03857005	50.94988251	1.00054021	0.0513181393921158	0.00633985	8e-05
-0.0152	-0.068	0.0454	0.000853466004225227	0.0010175269539126942	-0.0003944444109507184	1.02750254	50.40693665	0.99375837	0.042585199120506144	0.00710118	0.00017
-0.0176	-0.0419	0.0627	0.00048345620280242926	0.0010245082709206715	-0.00041538836197465044	1.05712998	51.86039352	1.00989238	0.06569675347273536	0.00742137	4e-05
-0.0203	-0.0093	0.0464	-0.000158824961931484	0.0010035643198967395	-0.0003717551306747922	1.06294835	52.14582443	1.0197046	0.08694291735288519	0.0072186	0.00012
-0.0204	-0.0638	0.0435	5.4105206811824215e-05	0.0009948376736367678	-0.0003717551306747922	1.006078	49.355896	0.99371187	0.06858284075016399	0.00697178	7e-05
-0.0195	-0.0541	0.0575	0.00046425758103049166	0.0009861110273767962	-0.00042935099599060504	1.02287817	50.18007278	0.99577968	0.0484237442897226	0.00681114	6e-05
-0.0144	-0.0467	0.0584	0.0006370451769779302	0.0009581857593448868	-0.0004572762640225143	1.03062439	50.56008911	0.99267877	0.02483190660056286	0.00690633	0.00012
-0.0129	-0.0328	0.0675	0.000705113017805709	0.0008970992355250854	-0.0004886921905584122	1.02624559	50.34527206	0.99089247	0.03252851455917391	0.00688213	8e-05
-0.0143	0.0007	0.0606	0.0001291543646475804	0.0007941248096574199	-0.00038571776469074686	1.02368462	50.21963882	1.00208587	0.08089537524467295	0.00698167	6e-05
-0.016	-0.0238	0.0456	-1.7453292519943296e-05	0.0007819075048934597	-0.00042935099599060504	1.03064656	50.5611763	0.99791619	0.051322909661567113	0.00702375	0.00011
-0.0173	-0.0641	0.0454	0.00034906585039886593	0.0008168140899333463	-0.0005096361415823442	1.02021122	50.04924011	0.99780531	0.06588554367752175	0.00678372	5e-05
-0.0163	-0.0803	0.0551	0.0007138396640656808	0.0007976154681614085	-0.0005026548245743669	1.0053035	49.31790161	0.98399882	0.046447687622336496	0.0064081	8e-05
-0.0145	-0.0622	0.0618	0.0007888888219014368	0.0009354964790689606	-0.00040840704496667313	0.99983996	49.04987335	0.98021243	0.04195889741755009	0.0067026	8e-05
-0.0187	-0.048	0.0697	0.0006422811647339132	0.0010995574287564276	-0.000466002910282486	1.03375173	50.71350479	0.99467583	0.044713223608540166	0.00677997	8e-05
-0.0238	-0.0104	0.0645	-0.0001012290966156711	0.001218239817892042	-0.0005183627878423159	1.05421603	51.71743774	1.01581666	0.09362762640225139	0.00668013	8e-05
-0.0253	-0.0492	0.0474	-2.268928027592628e-05	0.001322959573011702	-0.0004956735075663896	1.00335383	49.22225571	0.99069917	0.06769744258676656	0.0063504	4e-05
-0.027	-0.0629	0.062	0.00034906585039886593	0.0014381513036433276	-0.0005201081170943102	1.02626872	50.34640884	0.99584084	0.05556907354171692	0.00679576	5e-05
-0.0264	-0.05	0.0711	0.0005113814708343385	0.0014364059743913332	-0.0005567600313861911	1.03567719	50.80796814	0.99469279	0.03263564319896739	0.00706023	0.00011
-0.026	-0.0407	0.073	0.00045902159327450867	0.001410226035611418	-0.0005201081170943102	1.01435137	49.76177216	0.98815748	0.0173595865315813	0.0074777	7e-05
-0.0296	-0.0267	0.0541	-0.0001832595714594046	0.001481784534943186	-0.0005462880558742252	1.03791738	50.91786194	1.00888531	0.0735009801422798	0.00727767	9e-05
-0.0294	-0.0689	0.0529	0.00014137166941154068	0.0015358897417550098	-0.0005270894341022875	1.03811157	50.92739105	1.00804101	0.06349675347273534	0.00721872	7e-05
-0.0267	-0.068	0.0693	0.0004572762640225143	0.0015847589608108511	-0.000486946861306418	1.04226542	51.13116837	0.99854119	0.04024581932313422	0.00688064	0.00012
-0.0202	-0.0583	0.0745	0.0004991641660703782	0.0014695672301792255	-0.0004258603374866164	0.98995817	48.56509399	0.97592741	0.03230830782496456	0.00705367	0.00011
-0.024	-0.01	0.067	-0.00018500490071139895	0.0014590952546672592	-0.00041015237421866745	1.06496465	52.24473953	1.02439092	0.0951174502780846	0.00734437	6e-05
-0.0258	-0.0501	0.0528	-0.000148352986419518	0.0015812683023068625	-0.0004258603374866164	1.0336014	50.7061348	1.00143763	0.06482664625997166	0.00705284	7e-05
-0.0232	-0.064	0.0688	0.00022340214425527416	0.0016074482410867775	-0.00041015237421866745	1.01998436	50.03810883	0.98996774	0.0531821516361328	0.00683028	7e-05
-0.0149	-0.0547	0.0713	0.0005201081170943102	0.001541125729510993	-0.0003193952531149623	1.00565267	49.3350296	0.98336499	0.04278928027592629	0.00716829	0.00013
-0.0177	-0.0434	0.0789	0.000312413936106985	0.0015585790220309364	-0.0003665191429188092	1.02557898	50.31257248	0.99374959	0.03531356816555576	0.00710756	0.00013
-0.0198	-0.0083	0.0543	-0.00041189770347066176	0.0016842427281745281	-0.0003717551306747922	1.05559874	51.78527069	1.0232099	0.10456056667386104	0.00713015	0.00012
-0.0233	-0.0718	0.0508	-0.00014486232791552936	0.0015899949485668342	-0.00042236967898262774	1.0084964	49.47454071	0.99871711	0.0910948851735331	0.00681663	8e-05
-0.0218	-0.0717	0.0569	0.00035604716740684323	0.0014852751934471744	-0.00041713369122664475	1.0116235	49.62794495	0.99386663	0.038243261909900766	0.0090217	0.0001
-0.0162	-0.0517	0.0518	0.0007452555906015787	0.001291543646475804	-0.00039269908169872416	1.03937948	50.98958969	1.00081705	0.06106872898470133	0.00716645	8e-05
-0.0195	-0.0508	0.0603	0.0005672320068981572	0.0013281955607676848	-0.0004485496177625427	1.03085315	50.57131195	0.99211456	0.02622630170295605	0.00720859	9e-05
-0.0226	-0.0102	0.0449	-0.0001884955592153876	0.0013596114873035826	-0.0004625122517784973	1.01908112	49.9937973	1.0032145	0.09915530633326984	0.0077281	0.0001
-0.0236	-0.0516	0.0315	0.00011519173063162575	0.0013142329267517303	-0.0005148721293383271	1.03450787	50.75059891	1.00372401	0.07587128639793478	0.00742227	6e-05
-0.0213	-0.0694	0.0431	0.0005323254218582705	0.001244419756671957	-0.0005427973973702365	1.03532064	50.79047394	0.99692717	0.05744360646691638	0.00707859	0.00012
-0.0165	-0.0525	0.044	0.0008237954069413235	0.0011693705988362008	-0.00048171087355043494	1.03414893	50.73299026	0.99594343	0.04398028333693054	0.00739449	3e-05
-0.0172	-0.0376	0.0566	0.0005672320068981572	0.0011903145498601325	-0.0004468042885105483	1.01837516	49.95916748	0.99049512	0.04382069680534924	0.0076133	0.0001
-0.0216	-0.0045	0.0432	-0.00012740903539558605	0.0012217304763960308	-0.0005585053606381855	1.0644393	52.21896744	1.02178073	0.09278790204786393	0.00730276	8e-05
-0.022	-0.0544	0.0326	3.4906585039886588e-06	0.0012199851471440364	-0.000577703982410123	1.03961229	51.00101471	1.00711518	0.06849218224617534	0.00638998	6e-05
-0.019	-0.0686	0.0467	0.0004485496177625427	0.0011676252695842063	-0.0005497787143782138	1.00433624	49.27045059	0.98885632	0.05756720524251466	0.00645387	6e-05
-0.0129	-0.0598	0.0521	0.0006719517620178169	0.0010105456369047167	-0.0005183627878423159	1.0256027	50.31373215	0.9918496	0.04089488517353308	0.00680602	9e-05
-0.0175	-0.0312	0.0704	0.00011170107212763708	0.0012269664641520136	-0.0005026548245743669	1.06307673	52.1521225	1.01541014	0.09111897402027129	0.00728393	0.00014
-0.022	-0.0197	0.0469	-0.0004956735075663896	0.0013020156219877698	-0.0004572762640225143	1.04732943	51.37960052	1.00902926	0.07589011490408178	0.00687462	0.0001
-0.0201	-0.0682	0.0601	-0.0003211405823669566	0.0013596114873035826	-0.00037524578917878077	1.0067004	49.38642883	0.99298484	0.07930796326794898	0.00695968	6e-05
-0.0158	-0.0684	0.0713	5.235987755982988e-06	0.0012426744274199627	-0.00035081117965086024	1.03737569	50.89129257	0.99833507	0.039087411976724	0.00692159	0.00012
-0.0122	-0.0444	0.1042	1.7453292519943294e-06	0.0011239920382843482	-0.00032463124087094524	1.06698394	52.34380341	1.0195554	0.06791764932097591	0.00760126	0.00013
-0.0154	-0.0058	0.1176	-0.0004188790204786391	0.0013002702927357754	-0.0003106686068549907	1.02487993	50.27827454	1.00685146	0.08574326190990075	0.00752783	8e-05
-0.0177	-0.0832	0.088	-0.0002600540585471551	0.0013473941825396225	-0.0002478367537831948	1.02491832	50.280159	1.00912318	0.12273903524035636	0.00732374	0.00011
-0.0184	-0.1061	0.0904	-1.2217304763960308e-05	0.0013892820845874865	-0.00023387411976724014	1.02013779	50.04563904	0.98982401	0.04118436449235066	0.00714827	7e-05
-0.0167	-0.0803	0.0854	0.00024609142453120044	0.0014852751934471744	-0.0002722713633111154	1.04227805	51.13178635	0.99918826	0.05213495408493619	0.00682056	0.00013
-0.0144	-0.0672	0.0813	0.00038571776469074686	0.001514945790731078	-0.0002583087292951608	0.99363834	48.74563599	0.97698406	0.02866297857297024	0.00652313	0.00012
-0.0153	-0.0309	0.086	-3.665191429188092e-05	0.001609193570338772	-0.0002373647782712288	1.04872108	51.44786835	1.00465872	0.06877807048071269	0.00713211	0.00014
-0.01	-0.0286	0.0645	-0.00041538836197465044	0.0016126842288427606	-0.0002129301687433082	1.04560387	51.29494858	1.00526571	0.04943308578573392	0.0070731	0.00015
-0.0104	-0.072	0.0647	-3.665191429188092e-05	0.0015079644737231008	-0.00019896753472735358	1.03517342	50.7832489	0.9960126	0.06887094184091919	0.00627732	8e-05
-0.004	-0.0634	0.0747	0.00029845130209103034	0.0014329153158873448	-0.00016406094968746698	1.01105821	49.60021591	0.98719462	0.0472529479629277	0.00669968	7e-05
0.0024	-0.0595	0.0769	0.0005445427266222308	0.0012636183784438947	-0.00014660765716752367	1.04474044	51.25258636	0.99830873	0.03414208272472968	0.00690186	0.00011
-0.005	-0.027	0.0853	-9.250245035569947e-05	0.0013177235852557187	-0.00017627825445142725	1.0582912	51.91735458	1.0137681	0.08434104905368289	0.00684696	4e-05
-0.0072	-0.0334	0.0566	-0.0002565634000431664	0.001356120828799594	-0.0001884955592153876	1.0031178	49.2106781	0.98735416	0.04803377489976514	0.00670415	4e-05
-0.0075	-0.0738	0.0709	0.0001291543646475804	0.0014590952546672592	-0.00023387411976724014	1.03400183	50.72577667	1.00321856	0.08170353755551325	0.00740063	8e-05
-0.0091	-0.0744	0.0797	0.00040840704496667313	0.0014172073526193955	-0.00027576202181510406	1.04698563	51.36273193	1.00162837	0.029151424220741	0.0072009	0.0001
-0.0147	-0.0498	0.0834	2.96705972839036e-05	0.0015079644737231008	-0.00029496064358704166	1.04672134	51.34976578	1.00289832	0.05833460952792063	0.00722533	6e-05
-0.0168	-0.0448	0.0557	-0.00029321531433504735	0.0014416419621473165	-0.0002705260340591211	1.01251948	49.6719017	0.99372849	0.05548215163613279	0.00713778	6e-05
-0.015	-0.0921	0.0609	5.585053606381854e-05	0.0014154620233674013	-0.00028274333882308137	1.04141998	51.08969498	1.00862493	0.07367315469713709	0.00687069	8e-05
-0.0084	-0.0682	0.0603	0.00043458698374658803	0.0013124875974997359	-0.00027750735106709843	1.0392884	50.98512268	1.00335978	0.0554473430653209	0.0065468	6e-05
-0.003	-0.0541	0.0722	0.00039269908169872416	0.0012426744274199627	-0.0002024581932313422	1.01211393	49.65200806	0.98905723	0.040737511498169655	0.0065167	8e-05
-0.01	-0.0037	0.0512	-0.0003001966313430247	0.0013543754995475996	-0.00017627825445142725	1.06062925	52.03205872	1.0271679	0.11993883619746504	0.00712323	0.00013
0.0088	-0.0525	0.0577	-0.0013439035240356337	0.0021607176139689798	0.0006108652381980154	1.12047958	54.9681778	1.08922788	0.2059596249881716	0.00888354	0.00179
0.0421	-0.0606	0.1427	-0.0028710666195306722	0.004307472593922005	0.0019390607989657003	1.29173422	63.36954117	1.25764064	0.37650568181078736	0.0147404	0.01034
0.0162	-0.0874	0.0937	-0.0011379546723003027	0.0023544491609403502	0.0007487462491055673	1.15447307	56.63581848	1.13986601	0.34552249650360783	0.00879663	0.00031
0.0177	-0.0574	0.0971	-0.0013281955607676848	0.0021205750411731105	0.000726056968829641	1.04222417	51.12914276	1.00513336	0.05724021442552742	0.00921166	0.00045
0.0132	-0.0521	0.0635	-0.0014189526818713899	0.0019181168479417679	0.0005410520681182421	1.04913831	51.46833801	1.01393857	0.06731101075232232	0.00897294	0.0004
0.0102	-0.0914	0.0687	-0.0010175269539126942	0.0020210912738094335	0.0005044001538263612	1.04268706	51.15185547	1.00539574	0.07455260340591209	0.00807941	0.00021
0.0168	-0.0963	0.0895	-0.0007347836150896127	0.0021467549799530253	0.000609119908946021	1.01202512	49.64765167	0.99210481	0.057956340004316646	0.0082891	0.00016
0.0218	-0.0889	0.1033	-0.0006318091892219474	0.0020525072003453313	0.0005340707511102648	1.05011594	51.51629639	1.00499591	0.03981356816555577	0.00852257	0.00024
0.0144	-0.0403	0.1135	-0.00119729586686811	0.002190388211252884	0.0005393067388662478	1.0686506	52.42556763	1.02440612	0.10163018381548491	0.00905466	0.00032
0.0148	-0.0469	0.0773	-0.001244419756671957	0.002040289895581371	0.0005253441048502931	1.01041758	49.56878662	0.9948629	0.053759241974565726	0.00812197	0.00018
0.0176	-0.0817	0.0878	-0.0008098327729253688	0.0020210912738094335	0.0005288347633542819	1.02385855	50.2281723	0.99696596	0.07096381320112573	0.00827622	0.00013
0.0182	-0.0767	0.1031	-0.0005689773361501514	0.0021118483949131386	0.0004677482395344803	1.04774392	51.39992905	0.99993544	0.04053495408493618	0.00885314	0.00012
0.0187	-0.0729	0.1087	-0.0003473205211468716	0.0019896753472735357	0.0004310963252425994	1.03962815	51.00178909	0.99676257	0.02892408884673818	0.00842321	0.00011
0.0146	-0.0643	0.1144	-0.0006003932626860494	0.0019373154697137059	0.00045902159327450867	0.99964416	49.04026794	0.98081046	0.035067894356545844	0.00858629	0.00012
0.0128	-0.0524	0.0864	-0.0009372418083209549	0.0019216075064457567	0.0004188790204786391	1.04850268	51.43715668	1.01214832	0.061334954084936194	0.00804442	0.00013
0.0145	-0.0931	0.0851	-0.0006475171524898963	0.001998401993533507	0.00039793506945470715	1.03596509	50.82208633	1.00179444	0.06307315469713706	0.00754505	0.0001
0.0169	-0.0933	0.0958	-0.0003298672286269283	0.001954768762233649	0.00039095375244672985	1.00443482	49.27528381	0.9863924	0.03171322360854016	0.00731969	8e-05
0.0186	-0.082	0.0959	-0.00015184364492350666	0.0018570303241219666	0.0004328416544945937	1.0278393	50.4234581	0.99412731	0.028982496193148383	0.0075925	0.00012
0.0177	-0.0613	0.0962	-0.0003787364476827695	0.0017889624832941875	0.0004049163864626844	1.0473702	51.38159943	1.00439875	0.03804429558094757	0.00774819	0.00015
0.0148	-0.0401	0.0636	-0.0008587019919812101	0.0016493361431346415	0.0003351032163829112	1.04814029	51.41937637	1.01272859	0.09117025272688799	0.00725317	0.0001
0.0132	-0.0851	0.057	-0.0005026548245743669	0.0016458454846306526	0.0002565634000431664	1.01896071	49.98789215	1.00055739	0.07510388211252883	0.00740433	0.00011
0.0132	-0.0894	0.0715	-0.00014137166941154068	0.0017191493132144146	0.00021642082724729686	1.04396713	51.21465302	1.00161143	0.04253647782712287	0.00776547	0.00012
0.0142	-0.0814	0.0808	5.585053606381854e-05	0.0016807520696705393	0.00018500490071139895	1.0435133	51.19238663	0.99863946	0.031651768777756606	0.00741041	6e-05
0.0112	-0.0577	0.0794	-8.37758040957278e-05	0.0017278759594743865	0.0002478367537831948	1.01063907	49.57965088	0.98843459	0.04057910415175946	0.00794703	0.00011
0.008	-0.0424	0.0558	-0.0005131268000863328	0.0017226399717184032	0.0001675516081914556	1.06304693	52.15066528	1.01687816	0.06784360646691637	0.00767112	0.00011
0.0083	-0.0878	0.0479	-0.00013264502315156904	0.0016179202165987434	5.759586531581287e-05	1.05652475	51.83069992	1.01612854	0.08335786374650332	0.00700217	0.00013
0.0136	-0.0875	0.0563	0.00034208453339088857	0.0014957471689591403	-3.141592653589793e-05	1.01393032	49.74111176	0.99105211	0.04829571980168859	0.00667304	8e-05
0.0107	-0.0639	0.0813	4.18879020478639e-05	0.0014556045961632708	1.0471975511965975e-05	1.03180563	50.61803436	0.99523146	0.07061135530933789	0.00717801	9e-05
0.0088	-0.0302	0.0758	-0.0006876597252857658	0.0013404128655316449	3.4906585039886588e-06	1.06544685	52.26839828	1.02384352	0.08368603374866161	0.00763077	0.00014
0.0036	-0.0744	0.0503	-0.0006998770300497262	0.0013805554383275148	-3.839724354387525e-05	1.03888166	50.965168	1.00479338	0.07961238898038468	0.0066731	8e-05
0.0012	-0.1139	0.0644	-0.00026878070480712676	0.0014329153158873448	-8.028514559173915e-05	0.99647921	48.88500214	0.98908568	0.08226720524251467	0.00692827	0.00011
0.0016	-0.0894	0.0764	5.235987755982988e-06	0.0015219271077390555	-6.632251157578452e-05	1.02804506	50.43355179	0.99708499	0.055749555921538754	0.00678527	7e-05
0.0056	-0.085	0.0814	0.00016406094968746698	0.001637118838370681	-2.6179938779914945e-05	1.03186643	50.62101746	0.996121	0.029107963267948945	0.00749815	8e-05
0.0051	-0.0442	0.0686	-0.00031415926535897925	0.001514945790731078	3.141592653589793e-05	1.0456444	51.29693604	1.01388918	0.0869994564000931	0.00746518	0.0001
0.0013	-0.0603	0.0392	-0.0006422811647339132	0.0014643312424232424	-1.5707963267948964e-05	1.01668191	49.87610245	1.00133925	0.07059301687433081	0.00705206	8e-05
-0.0006	-0.1015	0.0444	-0.0001186823891356144	0.0015184364492350666	-6.45771823237902e-05	1.02146554	50.11077499	1.00054505	0.0796286600732982	0.0065946	6e-05
-0.0003	-0.0891	0.0523	0.00010471975511965978	0.001637118838370681	-0.00015707963267948963	1.03238344	50.64638138	0.99647017	0.0423293491873294	0.00690264	8e-05
0.0031	-0.0824	0.0577	0.00032637657012293966	0.0015707963267948967	-5.759586531581287e-05	1.00816762	49.45840836	0.98896916	0.034873154697137046	0.00729311	7e-05
0.0001	-0.031	0.0487	-0.0003577924966588376	0.0015027284859671175	-2.4434609527920616e-05	1.06347001	52.17141724	1.02935513	0.10266990816987244	0.00683165	0.0001
0.0016	-0.0708	0.027	-0.0003438298626428829	0.0015603243512829306	-5.585053606381854e-05	1.03991234	51.01573563	1.00989672	0.06814872129338329	0.00678736	0.0001
0.0014	-0.0839	0.0437	-6.9813170079773176e-06	0.0016458454846306526	-0.00011519173063162575	1.03631103	50.83905792	1.00112129	0.054085543677521754	0.00655043	6e-05
0.0096	-0.0764	0.0543	0.00018675022996339323	0.0016022122533307947	-5.235987755982988e-06	1.02322149	50.19691849	0.99601179	0.04366602605734357	0.0071435	9e-05
0.0053	-0.0545	0.0702	-0.0002129301687433082	0.0016423548261266642	2.96705972839036e-05	1.05347002	51.68084335	1.00892499	0.06583647782712287	0.00773525	0.00011
0.0013	-0.0497	0.0535	-0.0004991641660703782	0.001562069680534925	-7.330382858376184e-05	1.06015122	52.00860596	1.0180517	0.04897467843932372	0.00728661	8e-05
0.0019	-0.0989	0.0568	-9.773843811168246e-05	0.0015550883635269475	-7.330382858376184e-05	1.02042508	50.05973053	1.0037488	0.07352035224833367	0.00780785	8e-05
-0.0003	-0.0759	0.0637	0.00020943951023931956	0.00152367243699105	-0.000158824961931484	1.04086661	51.06254578	1.0030956	0.05330575041173109	0.00736487	8e-05
-0.0011	-0.074	0.0736	0.0002722713633111154	0.0016249015336067207	-0.0001832595714594046	1.04394984	51.21380615	0.99890195	0.02202477796076935	0.00680709	6e-05
-0.0076	-0.046	0.0763	-3.665191429188092e-05	0.0016441001553786586	-0.00016406094968746698	1.01175082	49.63419342	0.98812317	0.054566026057343606	0.00650007	4e-05
-0.0107	-0.0378	0.0489	-0.00038048177693476387	0.001424188669627373	-0.0002844886680750757	1.04792142	51.408638	1.00904414	0.07290845333908888	0.00673521	9e-05
-0.0121	-0.0978	0.0536	-0.00020420352248333657	0.0013840460968315032	-0.0003787364476827695	1.04675722	51.35152435	1.01112238	0.08163343034274953	0.00660801	5e-05
-0.0103	-0.0866	0.0615	5.061454830783555e-05	0.0015515977050229591	-0.0003438298626428829	1.01593983	49.83969498	0.98844617	0.043763813201125726	0.00624025	3e-05
-0.0095	-0.0737	0.0715	-1.3962634015954635e-05	0.001499237827463129	-0.00026354471705114377	1.01513863	49.80039215	0.98656043	0.03356111027376796	0.00666612	8e-05
-0.0218	-0.0248	0.0485	-0.0006527531402458793	0.001410226035611418	-0.0004921828490624009	1.06797647	52.3924942	1.02616131	0.13202202150464465	0.00689656	7e-05
-0.0217	-0.0797	0.0409	-0.0004729842272904633	0.0014940018397071458	-0.0004485496177625427	1.04159164	51.09811783	1.00644369	0.07795889741755009	0.00623739	7e-05
-0.0181	-0.0856	0.0568	-0.00014311699866353502	0.0016406094968746698	-0.0003787364476827695	0.99946749	49.03160095	0.98795044	0.05271440279371128	0.00726551	6e-05
-0.0102	-0.059	0.0602	-4.0142572795869576e-05	0.0016074482410867775	-0.00020594885173533088	1.0435071	51.19208145	1.00458794	0.053346163880149816	0.00676787	8e-05
0.0079	-0.0338	0.0762	-0.00042760566673861073	0.0013369222070276565	0.0001186823891356144	1.05093694	51.55657578	1.012199	0.1084310184436404	0.007245	0.00015
-0.0032	0.0072	0.071	-0.0002670353755551324	0.0018605209826259553	-6.45771823237902e-05	1.06280196	52.13864517	1.03022407	0.10067143191205909	0.00699651	0.0001
-0.0083	-0.014	0.0566	-5.759586531581287e-05	0.0019198621771937623	-0.00019024088846738194	0.97935045	48.04470444	0.9846324	0.06042222054753591	0.00720924	0.0002
-0.0246	-0.1173	0.0242	0.00024609142453120044	0.0018884462506578647	-0.0002565634000431664	1.03650391	50.84852219	1.03658851	0.1720712863979348	0.00726175	0.00012
-0.0302	-0.1653	0.0132	0.00038571776469074686	0.001933824811209717	-0.0002303834612632515	0.97111845	47.64086151	0.98051377	0.07515924197456568	0.00766647	0.0003
-0.0217	-0.1375	0.0209	0.0003822271061867582	0.0015585790220309364	-8.552113334772214e-05	0.9815228	48.15127563	0.98685089	0.07017993877991494	0.0072543	0.00035
-0.017	-0.0856	0.0213	0.0006108652381980154	0.0014451326206513049	-0.0001308996938995747	1.10460317	54.1893158	1.04504015	0.07637315469713706	0.00736231	0.00017
-0.0171	-0.037	0.0245	0.0009250245035569946	0.0014486232791552935	-0.00022689280275926284	1.06903112	52.44423294	1.02018593	0.07258215163613281	0.00635701	9e-05
-0.0187	-0.0035	0.0194	0.0010716321607245184	0.0015114551322270892	-0.00016929693744344995	1.03777885	50.91106796	1.00162751	0.053551768777756616	0.00686544	0.00012
-0.0137	0.0105	0.027	0.0010960667702524388	0.0013473941825396225	-0.0001937315469713706	1.05578256	51.79428864	1.00585388	0.03724650843716538	0.00707173	0.0001
-0.0074	0.0285	0.0473	0.000640535835481919	0.0013473941825396225	-2.4434609527920616e-05	1.05689073	51.8486557	1.0105202	0.07584139361069848	0.00698298	0.00012
-0.0031	0.0286	0.0231	0.00035430183815484887	0.0013962634015954637	7.67944870877505e-05	1.03411674	50.73141479	1.00692575	0.05041661564992912	0.0078519	0.00012
-0.0104	-0.0711	0.0211	0.0005270894341022875	0.0015306537539990272	-0.00011170107212763708	1.09005117	53.47542953	1.05238161	0.13378367537831948	0.007016	0.00013
-0.0145	-0.1003	0.0279	0.0008848819307611251	0.0015812683023068625	-0.0002024581932313422	1.05548918	51.7798996	1.01392005	0.06505820830351891	0.00788838	0.00024
-0.0168	-0.1059	0.0421	0.0006824237375297829	0.0016196655458507376	-0.00028274333882308137	1.01405513	49.74723434	0.99247818	0.038157029118347806	0.00680935	6e-05
-0.0166	-0.1116	0.0431	0.000731292956585624	0.001614429558094755	-0.000291469985083053	1.0422771	51.13174057	1.00166675	0.010041592653589776	0.00813812	0.00043
-0.0191	-0.0988	0.053	0.0005550147021341969	0.0016807520696705393	-0.00032812189937493397	1.05501604	51.75668335	1.01100867	0.03916263401595462	0.0103878	0.00053
-0.0202	-0.0667	0.0509	0.0004188790204786391	0.0015847589608108511	-0.0003385938748868999	1.02904761	50.48273468	1.00360597	0.04743003830136059	0.0082373	0.00033
-0.0196	-0.0815	0.0479	0.0006562437987498679	0.001556833692778942	-0.0003961897402027128	1.03064024	50.56086731	0.99980458	0.03454429558094756	0.00846618	0.00068
-0.0211	-0.0533	0.0487	0.0009075712110370514	0.001553343034274953	-0.0005061454830783556	1.05312872	51.66409683	1.00375764	0.04873869068334076	0.00896579	0.00072
-0.0213	-0.0348	0.0635	0.0008272860654453122	0.0015376350710070042	-0.0005253441048502931	1.03990161	51.01520538	0.9967082	0.039259586531581285	0.0093134	0.00055
-0.0263	-0.0232	0.0701	0.0005462880558742252	0.0015515977050229591	-0.0005131268000863328	1.01953912	50.01626587	0.99142245	0.03855889741755011	0.00907302	0.0007
-0.0303	-0.0207	0.0599	0.0003159045946109737	0.0014695672301792255	-0.0005480333851262194	1.05354357	51.68445206	1.01019083	0.034066026057343574	0.0107306	0.00077
-0.0284	-0.0737	0.0614	0.000640535835481919	0.0014852751934471744	-0.0005811946409141118	1.05784345	51.89538956	1.01619747	0.07507502299633932	0.0090251	0.00066
-0.025	-0.0828	0.0648	0.0006178465552059926	0.0014748032179352085	-0.0005358160803622592	1.00126004	49.11954117	0.98168306	0.01982699081698723	0.0087465	0.00055
-0.0242	-0.0886	0.0634	0.0006230825429619757	0.00147131255943122	-0.0005462880558742252	1.03204274	50.62966919	0.99534568	0.008959931088596882	0.00952584	0.00044
-0.0199	-0.0889	0.0666	0.00062482787221397	0.0014887658519511632	-0.0005078908123303499	1.02465558	50.26727295	0.99255358	0.010679793265790664	0.00873995	0.00055
-0.0189	-0.072	0.0736	0.0005672320068981572	0.0015515977050229591	-0.00040666171571467877	1.00953519	49.52550125	0.9900284	0.035982840750164	0.00814396	0.00022
-0.0185	-0.0402	0.0574	7.155849933176751e-05	0.0014486232791552935	-0.00039269908169872416	1.03106809	50.58185196	1.00296508	0.07903052837250049	0.00767475	0.00022
-0.0196	-0.0829	0.0506	0.00021642082724729686	0.001574286985298885	-0.0004677482395344803	1.02269173	50.17092896	0.99626316	0.06787875959474386	0.00736886	0.00014
-0.0164	-0.0752	0.064	0.00047822021504644627	0.001673770752662562	-0.000450294947014537	1.02609193	50.33773422	0.99393824	0.043236822384138486	0.00691384	0.00012
-0.0111	-0.0561	0.0712	0.0007016223593017205	0.0016842427281745281	-0.00042935099599060504	0.98966795	48.55085754	0.9775103	0.04434090353955861	0.00667262	8e-05
-0.0087	-0.0449	0.0726	0.0007766715171374765	0.0016039575825827887	-0.00034906585039886593	1.0227524	50.17390442	0.99184599	0.02678097245096172	0.0064826	4e-05
-0.0177	-0.0409	0.0835	0.0003595378259108319	0.001710422666954443	-0.0003595378259108319	1.03265965	50.659935	0.99777113	0.05060353755551326	0.00695837	7e-05
-0.0095	-0.046	0.0636	0.00022689280275926284	0.0018779742751458986	-0.0002600540585471551	1.0226351	50.16814804	0.99148593	0.05318401993533508	0.00622672	0.0001
-0.002	-0.0905	0.0655	0.0005393067388662478	0.001970476725501598	-0.00017627825445142725	0.99495554	48.81025314	0.98577738	0.07833460952792062	0.00710285	7e-05
-0.008	-0.0999	0.0744	0.0005654866776461627	0.001933824811209717	-0.0002495820830351891	1.02705407	50.38493347	0.99224615	0.031106784082777887	0.00717133	6e-05
-0.0051	-0.0752	0.0728	0.0003961897402027128	0.0020298179200694054	-0.0002513274122871834	1.03480637	50.76524353	0.99769323	0.042551768777756634	0.00803393	8e-05
-0.0103	-0.0684	0.0614	0.0001239183768915974	0.002007128639793479	-0.0003089232776029963	0.99965119	49.04061127	0.98653572	0.04102782544514274	0.00751162	8e-05
-0.0083	-0.1011	0.0649	0.00040840704496667313	0.0019268434942017398	-0.0003385938748868999	1.01843464	49.96208572	0.99496094	0.05792222054753592	0.00757819	6e-05
-0.0057	-0.0813	0.0629	0.0008063421144213803	0.001956514091485643	-0.0003159045946109737	1.0364145	50.8441391	0.99876902	0.04691474735072684	0.010204	0.00017
-0.008	-0.0458	0.0695	0.0002251474735072685	0.002040289895581371	-0.00030368728984701333	1.05043793	51.53209305	1.00773492	0.07825938748869	0.00746584	8e-05
-0.0084	-0.0665	0.0498	0.00015533430342749534	0.0021170843826691216	-0.0002897246558310587	0.99295819	48.71226883	0.98243982	0.048828514559173926	0.0066908	0.00011
-0.0092	-0.0883	0.0588	0.0005724679946541401	0.002186897552748895	-0.00032637657012293966	1.01121092	49.60770798	0.99163871	0.05777993877991496	0.00699764	0.00011
-0.0073	-0.0756	0.0682	0.0007609635538695277	0.0021956241990088664	-0.0003316125578789226	1.02917325	50.48889923	0.99319404	0.03412290966156709	0.00705785	6e-05
-0.0106	-0.0563	0.0795	0.0005846852994181004	0.0022218041377887812	-0.0003385938748868999	1.02971745	50.51559448	0.99156704	0.04437197551196598	0.00665969	8e-05
-0.0139	-0.0272	0.0686	-0.0002251474735072685	0.002371902453460294	-0.00022340214425527416	1.02122641	50.09904099	1.0035536	0.09705614096142538	0.00692958	9e-05
-0.0084	-0.0765	0.0489	-0.00011170107212763708	0.002261946710584651	-0.0002443460952792061	1.02425623	50.24767685	0.9993101	0.0867173047639603	0.00658411	0.0001
-0.0079	-0.0991	0.0577	0.00017627825445142725	0.002251474735072685	-0.0003211405823669566	1.01735127	49.90893555	0.98988946	0.05066228945893904	0.00687057	4e-05
-0.004	-0.0814	0.07	0.0003717551306747922	0.0022130774915288098	-0.00024085543677521747	1.02795243	50.42900848	0.99166044	0.04960796326794896	0.00665981	6e-05
-0.0081	-0.0718	0.0738	0.0001605702911834783	0.002239257430308725	-0.0003001966313430247	0.98640931	48.39099503	0.97625066	0.032335298641951817	0.00709957	0.00012
-0.0139	-0.0538	0.0516	-0.000291469985083053	0.002239257430308725	-0.0003717551306747922	1.03376317	50.71406937	1.00613227	0.07217993877991492	0.00710928	8e-05
-0.0134	-0.1058	0.0488	1.9198621771937625e-05	0.0021205750411731105	-0.0003874630939427412	1.02091289	50.08366394	0.9988123	0.07755294796292769	0.00717151	6e-05
-0.0119	-0.0901	0.0612	0.00028797932657906436	0.0021135937241651332	-0.0004415683007545654	1.0238353	50.22703171	0.99199721	0.04609336143134641	0.00683767	8e-05
-0.0101	-0.0767	0.0598	0.00047123889803846896	0.0020176006153054447	-0.0004328416544945937	0.98243082	48.19581985	0.97396642	0.030998966328953236	0.00679761	6e-05
-0.0074	-0.0607	0.0611	0.0005131268000863328	0.00200363798128949	-0.0003473205211468716	1.03445327	50.7479248	0.99551439	0.027068583470577036	0.00657278	0.0001
-0.0127	-0.0425	0.0483	-6.283185307179586e-05	0.0021851522234969008	-0.0003961897402027128	1.05809796	51.90787888	1.01505515	0.07661710572106901	0.00681275	0.0001
-0.0152	-0.0684	0.0228	-4.0142572795869576e-05	0.002143264321449037	-0.000439822971502571	1.03228438	50.64152145	0.99945125	0.059310520681182415	0.00607026	8e-05
-0.0113	-0.0962	0.0303	0.0004572762640225143	0.0020856684561332234	-0.00042236967898262774	1.00227547	49.16935349	0.99054402	0.06782339973270703	0.00637084	8e-05
-0.007	-0.0947	0.0296	0.0006981317007977319	0.0019250981649497454	-0.000460766922526503	1.03571558	50.80984879	0.99907481	0.02849114857512852	0.0063014	4e-05
-0.0025	-0.0537	0.0452	0.00020769418098732522	0.0019669860669976093	-0.0003961897402027128	1.06175947	52.08750153	1.02257978	0.09094513020910304	0.00674534	8e-05
0.0003	-0.0452	0.0465	-0.0005061454830783556	0.0019355701404617114	-0.00038571776469074686	1.01830173	49.95556259	0.99603457	0.050386378305677215	0.00650215	9e-05
-0.0022	-0.0967	0.0362	5.061454830783555e-05	0.0019024088846738192	-0.00031415926535897925	0.98773998	48.45627594	0.9859675	0.09737398932529251	0.00650817	8e-05
-0.0077	-0.1233	0.0339	0.0007033676885537148	0.001960004749989632	-0.00034557519189487725	1.00336313	49.22270966	0.99248914	0.07148824660487951	0.00631362	6e-05
-0.0019	-0.0971	0.0318	0.0009896016858807848	0.0017872171540421933	-0.00034906585039886593	1.00918949	49.50853729	0.98972942	0.05722561258892487	0.00604665	6e-05
0.0009	-0.0723	0.0343	0.0010960667702524388	0.0017645278737662671	-0.00033684854563490564	1.00967634	49.53242493	0.9878998	0.037168583470577006	0.006019	5e-05
-0.0012	-0.0258	0.0502	0.00037350045992678646	0.001891936909161853	-0.00026878070480712676	1.02796781	50.42975998	1.00480949	0.11040215932745084	0.0061475	6e-05
-0.0026	-0.028	0.0267	7.504915783575618e-05	0.0019198621771937623	-0.00028623399732707005	0.99260253	48.6948204	0.98491287	0.04429149313214414	0.00638276	7e-05
-0.0036	-0.0887	0.0291	0.0004310963252425994	0.0019687313962496035	-0.00028099800957108706	1.00352859	49.23083115	0.995098	0.08460761871093338	0.0063026	0.0001
-0.0063	-0.0848	0.0309	0.0007557275661135446	0.0020263272615654165	-0.000317649923862968	1.0343014	50.74047089	0.99516549	0.02934395102393196	0.00654298	7e-05
-0.0086	-0.0876	0.0305	0.0009546951008408983	0.002090904443889207	-0.0003438298626428829	1.02135897	50.10554886	0.98964746	0.019986232791552944	0.00606239	4e-05
-0.0081	-0.0779	0.0372	0.0009302604913129776	0.0020751964806212577	-0.00028623399732707005	1.0223732	50.15530014	0.98691797	0.02178692190558413	0.00649637	0.0001
-0.0123	-0.0317	0.0457	0.0002600540585471551	0.002141518992197042	-0.00030368728984701333	1.0676837	52.37813187	1.02265314	0.09659911184307753	0.00687778	0.00015
-0.012	-0.0694	0.0287	0.0002478367537831948	0.002235766771804736	-0.0003193952531149623	1.04064333	51.05159378	1.00506324	0.06110865238198016	0.00680965	5e-05
-0.0106	-0.0998	0.045	0.0006387905062299246	0.0022148228207808044	-0.00031415926535897925	1.01068878	49.58208847	0.99358825	0.06895668456133221	0.00656158	5e-05
-0.0129	-0.0882	0.0508	0.0008621926504851988	0.0022410027595607188	-0.000322885911618951	1.03844023	50.94351578	0.99447884	0.03261543646475801	0.00649273	8e-05
-0.0132	-0.087	0.059	0.0009861110273767962	0.002303834612632515	-0.00035430183815484887	1.03478646	50.76426697	0.99239458	0.02060830782496457	0.00623298	0.0001
-0.0153	-0.0566	0.0576	0.00062482787221397	0.0024399702942880727	-0.0002722713633111154	1.01322114	49.70632172	0.98705979	0.06287246558310586	0.00629956	8e-05
-0.016	-0.0627	0.0381	0.0004520402762665313	0.0024294983187761066	-0.0003159045946109737	1.0387938	50.96086121	0.99792542	0.03764464013796316	0.0066694	0.00016
-0.0155	-0.0871	0.0388	0.0008482300164692441	0.0023649211364523163	-0.0003769911184307752	1.0382762	50.93546677	0.99544458	0.05169267231731522	0.00635892	5e-05
-0.0152	-0.0771	0.0465	0.0009896016858807848	0.0023212879051524586	-0.0003892084231947355	0.99711442	48.9161644	0.97627146	0.027861110273767926	0.00636226	5e-05
-0.0142	-0.046	0.0665	0.0005724679946541401	0.0022898719786165604	-0.000317649923862968	1.04264462	51.14977264	1.00127212	0.07810540585471552	0.00691181	0.00012
-0.0124	-0.033	0.0484	0.00017278759594743863	0.0024033183799961914	-0.0002722713633111154	1.04440951	51.23635101	1.00697701	0.06082526803190926	0.00683552	7e-05
-0.0127	-0.0851	0.048	0.0005550147021341969	0.0024225170017681294	-0.0002478367537831948	1.01744604	49.91358566	0.99842399	0.07409301687433081	0.00637251	7e-05
-0.0092	-0.0855	0.0499	0.0009232791743050004	0.002363175807200322	-0.00022863813201125715	1.02092898	50.08445358	0.99074845	0.028140214425527433	0.00683755	8e-05
-0.0083	-0.0669	0.0628	0.0005637413483941684	0.002408554367752175	-0.00022863813201125715	1.04849577	51.43681335	1.00450474	0.05264581932313424	0.00682968	0.0001
-0.0125	-0.0476	0.0409	0.0001291543646475804	0.002441715623540067	-0.00023212879051524583	1.04537249	51.28359604	1.00540806	0.06896194490192344	0.00622094	6e-05
-0.0095	-0.1045	0.0351	0.0005044001538263612	0.0024015730507441976	-0.00022165681500327985	1.01034808	49.5653801	0.99662704	0.08699301687433078	0.00635409	5e-05
-0.0035	-0.0878	0.0332	0.0009162978572970229	0.002384119758224254	-0.00019896753472735358	1.02682197	50.3735466	0.99723305	0.047202013813326574	0.00636435	6e-05
-0.004	-0.0839	0.0428	0.0009599310885968812	0.0023771384412162766	-0.00024260076602721178	1.03457355	50.75382614	0.99897491	0.018712388980384683	0.00634015	5e-05
-0.0043	-0.0374	0.0408	0.00028623399732707005	0.0023771384412162766	-0.0001972222054753592	1.0467087	51.34914398	1.01463928	0.08475378259108318	0.00641322	0.00012
-0.0036	-0.0548	0.0141	0.00013788101090755203	0.002385865087476248	-0.0001884955592153876	1.01639402	49.86197662	0.99526001	0.053090313946973056	0.0068019	0.00013
-0.0055	-0.0961	0.0186	0.0005602506898901797	0.002361430477948328	-0.00024085543677521747	1.01833117	49.95701218	0.99708752	0.07265820830351889	0.00654358	7e-05
-0.0066	-0.0888	0.0234	0.0008098327729253688	0.002398082392240209	-0.00034208453339088857	1.02991104	50.52509308	0.99607623	0.032573154697137056	0.00650567	4e-05
-0.0044	-0.0767	0.0318	0.0008831366015091308	0.002281145332356589	-0.00033335788713091696	1.00642443	49.37289429	0.98381719	0.03264837673636768	0.00625551	0.0001
-0.0069	-0.0369	0.034	0.0001675516081914556	0.00233001455141243	-0.00034033920413889426	1.05553496	51.78214264	1.01956022	0.08307177646907468	0.00683957	0.00014
-0.0059	-0.0548	0.0208	5.061454830783555e-05	0.002281145332356589	-0.0003961897402027128	1.03073335	50.56542969	1.00014954	0.043182840750163994	0.00672776	7e-05
-0.0118	-0.0948	0.031	0.0004520402762665313	0.0022794000031045943	-0.00045553093477052	1.0429672	51.16559601	1.00453019	0.07922561258892487	0.00599366	6e-05
-0.0152	-0.0879	0.0393	0.0007452555906015787	0.0023492131731843676	-0.00045902159327450867	0.99349487	48.73859787	0.97818829	0.03692595714594046	0.00591236	7e-05
-0.0132	-0.0755	0.0419	0.0008918632477691023	0.002305579941884509	-0.00042760566673861073	1.04037654	51.03850555	0.99358485	0.02808284075016401	0.0061112	7e-05
-0.0139	-0.0565	0.0522	0.0006841690667817771	0.0022916173078685546	-0.00046425758103049166	1.04661655	51.34462357	0.99979619	0.04291543646475802	0.00616908	6e-05
-0.0174	-0.0398	0.0363	0.00014137166941154068	0.0022933626371205488	-0.000460766922526503	1.02317095	50.19443893	1.00176622	0.06350166925631097	0.0076108	8e-05
-0.0152	-0.0772	0.0344	0.00039095375244672985	0.002178170906488923	-0.00038397243543875244	1.0287441	50.46784592	1.00151475	0.06357841503772825	0.0067358	7e-05
-0.0156	-0.0703	0.0391	0.000460766922526503	0.0022218041377887812	-0.0004520402762665313	1.04083073	51.0607872	0.99817415	0.02107571211037051	0.00645375	0.00011
-0.0145	-0.0734	0.0238	0.00042760566673861073	0.0021991148575128553	-0.0004904375198104066	1.0284611	50.45396042	0.99082144	0.02421238898038468	0.00579822	4e-05
-0.0075	-0.0971	0.028	0.0007923794804054256	0.0021676989309769574	-0.0004136430327226561	1.00150621	49.13161469	0.98617873	0.05854921136452316	0.00601161	4e-05
-0.0089	-0.0878	0.0404	0.000783652834145454	0.0021886428820008896	-0.0004328416544945937	1.03198409	50.62679291	0.99450874	0.02554346095279207	0.00650698	6e-05
-0.0134	-0.0479	0.0426	0.0003193952531149623	0.002237512101056731	-0.00048520153205442357	1.06116414	52.05830002	1.01523298	0.07487433388230816	0.00615382	6e-05
-0.0162	-0.0581	0.0228	0.0001012290966156711	0.0022078415037728267	-0.0005462880558742252	0.9985469	48.98643875	0.98401151	0.04824616388014984	0.00613725	8e-05
-0.0121	-0.0875	0.0278	0.0005637413483941684	0.0021746802479849347	-0.0004747295565424576	1.0177319	49.9276123	0.99402232	0.06686160034490785	0.00610447	7e-05
-0.0109	-0.0748	0.036	0.0007278022980816354	0.0022724186860966175	-0.00047822021504644627	1.03385162	50.71840668	0.99702595	0.035364502315156914	0.00612915	7e-05
-0.0099	-0.064	0.0447	0.000752236907609556	0.0022427480888127134	-0.00047647488579445195	1.02559757	50.31348419	0.98942945	0.023292526803190952	0.00588036	8e-05
-0.0156	-0.048	0.035	0.0002199114857512855	0.0022846359908605773	-0.00045553093477052	1.01662767	49.87343979	0.98846607	0.06115786374650331	0.00645685	7e-05
-0.0184	-0.0869	0.0195	0.0003525565089028545	0.00214850030920502	-0.0005794493116621174	1.03317618	50.68527222	0.99832995	0.0768349540849362	0.00629276	5e-05
-0.0183	-0.0908	0.0336	0.0005742133239061344	0.0020210912738094335	-0.0006265732014659643	1.03268313	50.66108704	0.99175079	0.03790948701013566	0.00609869	3e-05
-0.0162	-0.0855	0.0375	0.0007976154681614085	0.001891936909161853	-0.0005811946409141118	0.99556321	48.840065	0.98004091	0.03119675347273535	0.00677997	4e-05
-0.0134	-0.0739	0.0387	0.000853466004225227	0.0020245819323134223	-0.0005131268000863328	1.05039883	51.53017807	1.00270822	0.028428170002158346	0.00780356	9e-05
-0.0153	-0.0463	0.0336	0.00031415926535897925	0.0021589722847169856	-0.0005340707511102648	1.06206179	52.10233688	1.01591492	0.06933205211468714	0.00599158	5e-05
-0.0147	-0.0735	0.015	0.0002024581932313422	0.002155481626212997	-0.0005131268000863328	1.00429142	49.26824951	0.98827083	0.05320678408277786	0.00568408	4e-05
-0.0101	-0.0985	0.0292	0.0005497787143782138	0.002097885760897184	-0.0004956735075663896	1.01632059	49.85837555	0.99200387	0.06491848394913141	0.00606906	6e-05
-0.0054	-0.0824	0.0357	0.0007766715171374765	0.0021746802479849347	-0.0004433136300065597	1.03726685	50.88594818	0.99481527	0.04510235837034217	0.00605428	4e-05
-0.0027	-0.0747	0.0405	0.0008691739674931761	0.0022183134792847924	-0.00039269908169872416	1.03040266	50.54920959	0.9884004	0.024537511498169635	0.00558102	4e-05
-0.0082	-0.042	0.0409	0.0002024581932313422	0.002239257430308725	-0.0003769911184307752	1.01113558	49.60401154	0.99072464	0.07376838442768578	0.00601995	8e-05
-0.0089	-0.0668	0.0187	0.00014660765716752367	0.0021537362969610025	-0.0004310963252425994	1.02682126	50.37351227	0.99789588	0.057473843811168254	0.00590438	5e-05
-0.0095	-0.0922	0.0267	0.000577703982410123	0.0021956241990088664	-0.00045553093477052	1.01688564	49.88609314	0.98865923	0.0588709418409192	0.00587094	4e-05
-0.0114	-0.0856	0.0352	0.0007853981633974483	0.0022410027595607188	-0.00047822021504644627	1.01516104	49.80149078	0.98257085	0.030788101090755204	0.00564367	8e-05
-0.0088	-0.0685	0.043	0.0007661995416255106	0.0022218041377887812	-0.00043458698374658803	1.01175928	49.63460922	0.98424537	0.03160152374218666	0.00605774	0.00011
-0.0117	-0.042	0.0358	0.00019547687622336493	0.002253220064324679	-0.00045902159327450867	1.05225766	51.62136841	1.00748414	0.06792866007329822	0.00659668	4e-05
-0.0105	-0.0818	0.0159	0.0003385938748868999	0.0020699604928652747	-0.0005270894341022875	1.04044688	51.04195404	1.00314468	0.0806222205475359	0.0065341	6e-05
-0.0073	-0.0895	0.0273	0.0006318091892219474	0.002054252529597326	-0.0004991641660703782	0.99638671	48.88046265	0.98337596	0.03914242728174527	0.00593257	3e-05
-0.0065	-0.0831	0.0297	0.0008726646259971648	0.002145009650701031	-0.0004258603374866164	1.02510953	50.28954315	0.99123096	0.029845819323134216	0.00622237	2e-05
-0.0091	-0.0649	0.0388	0.0005131268000863328	0.0021589722847169856	-0.000445058959258554	1.04354429	51.19390869	0.99890174	0.0495349540849362	0.00622821	9e-05
-0.0131	-0.0472	0.014	0.00012740903539558605	0.002124065699677099	-0.00046425758103049166	1.045892	51.30907822	1.00676244	0.06849114857512854	0.00589842	6e-05
-0.0153	-0.0933	0.0221	0.0003385938748868999	0.0022200588085367874	-0.0004729842272904633	1.01285803	49.68850708	0.99953052	0.0721952297305487	0.00622511	4e-05
-0.0136	-0.0893	0.0312	0.0006544984694978735	0.0021886428820008896	-0.0004537856055185257	1.038535	50.94816208	1.00013983	0.03312595714594044	0.00651282	8e-05
-0.0111	-0.0733	0.037	0.000736528944341607	0.0021956241990088664	-0.000439822971502571	1.04898012	51.4605751	1.0037077	0.02944872129338325	0.00755155	7e-05
-0.0129	-0.0323	0.0332	0.0001605702911834783	0.0022078415037728267	-0.00038571776469074686	1.02746749	50.40521622	1.00514467	0.07871405823669567	0.00586438	8e-05
-0.0111	-0.0699	0.0149	0.0001937315469713706	0.0022427480888127134	-0.00033684854563490564	1.02066004	50.07125854	0.99626818	0.063546852994181	0.00652558	0.0001
-0.0131	-0.0984	0.0275	0.0005672320068981572	0.0023404865269243957	-0.00039269908169872416	1.03542221	50.79545593	1.00128763	0.06945447170511437	0.00630784	8e-05
-0.0151	-0.0903	0.0422	0.0007504915783575615	0.002380629099720265	-0.00043458698374658803	1.04182613	51.10961914	0.99829632	0.03806450231515687	0.00633544	6e-05
-0.0152	-0.0795	0.046	0.0006981317007977319	0.0023649211364523163	-0.0003961897402027128	1.001755	49.14382172	0.98034282	0.02002325421858268	0.00612408	6e-05
-0.019	-0.0406	0.0285	8.901179185171081e-05	0.0024801128670839424	-0.00041713369122664475	1.05901575	51.95289993	1.01942669	0.09746277953007897	0.00630552	8e-05
-0.0182	-0.0773	0.0174	0.0002530727415391778	0.002441715623540067	-0.000439822971502571	1.03368509	50.71023941	0.99989205	0.05985737367536343	0.00599104	6e-05
-0.0161	-0.0877	0.0351	0.0005794493116621174	0.002410299697004169	-0.00040666171571467877	1.0036329	49.23594666	0.9854193	0.04974768762233649	0.00588608	6e-05
-0.0086	-0.0715	0.0343	0.0009285151620609833	0.0023439771854283846	-0.00032637657012293966	1.03576708	50.81237411	0.99518546	0.049283675378319486	0.00621343	9e-05
-0.0093	-0.068	0.0454	0.0006806784082777885	0.0024609142453120045	-0.00032637657012293966	1.05573654	51.79203415	1.00372649	0.03353869068334073	0.00632721	9e-05
-0.0132	-0.0378	0.0314	3.316125578789226e-05	0.00249931148885588	-0.00034033920413889426	1.03891885	50.96699524	1.00880435	0.08309385150248634	0.00603878	5e-05
-0.0127	-0.0795	0.0208	0.00012042771838760874	0.002363175807200322	-0.0003351032163829112	1.03017342	50.53796387	0.9976206	0.06423190660056287	0.00650036	0.00015
-0.0119	-0.0928	0.0383	0.0003525565089028545	0.0023701571242082994	-0.0003001966313430247	1.04187143	51.11184311	0.99800609	0.04530083462815547	0.00642836	8e-05
-0.0095	-0.0855	0.0465	0.00042236967898262774	0.0022410027595607188	-0.0002740166925631097	1.03460753	50.75548935	0.99108923	0.02915737367536343	0.00579029	5e-05
-0.0081	-0.0798	0.0506	0.0005794493116621174	0.002258456052080662	-0.0002722713633111154	1.0184902	49.96480942	0.98665553	0.020013912722571376	0.00631827	0.0001
-0.0148	-0.0414	0.0403	-3.665191429188092e-05	0.0023928464044842257	-0.0003682644721708035	1.06929016	52.45694351	1.0221104	0.09772423436086253	0.00663644	0.00011
-0.0138	-0.0842	0.0301	-4.0142572795869576e-05	0.002371902453460294	-0.0003089232776029963	1.04721153	51.37381363	1.00715846	0.05818879020478639	0.00720334	8e-05
-0.0144	-0.0933	0.0369	0.00038397243543875244	0.0022654373690886398	-0.0003473205211468716	0.99892259	49.00486755	0.98442109	0.04494886680750759	0.00629407	8e-05
-0.0099	-0.083	0.0354	0.0006387905062299246	0.002064724505109292	-0.00035604716740684323	1.03268814	50.66132736	0.99601328	0.03951287905152456	0.00648654	4e-05
-0.0067	-0.0642	0.0415	0.0004485496177625427	0.0020839231268812296	-0.0003106686068549907	1.04779887	51.40262985	1.00364957	0.04084090353955861	0.00657487	7e-05
-0.0097	-0.0429	0.018	2.094395102393195e-05	0.0021118483949131386	-0.00033684854563490564	1.02534997	50.30133438	1.00324269	0.07188554367752173	0.006302	5e-05
-0.0079	-0.0843	0.0116	0.00020420352248333657	0.0020717058221172693	-0.0003316125578789226	1.02044487	50.06070328	0.99779191	0.061031906600562846	0.00678682	0.00012
-0.0077	-0.0967	0.0204	0.0006056292504420323	0.0020664698343612863	-0.0004380776422505767	1.01842916	49.96181488	0.99220788	0.047056340004316646	0.0060364	6e-05
-0.0059	-0.0784	0.0191	0.000879645943005142	0.0020420352248333657	-0.00042236967898262774	1.0339545	50.72345734	0.99765067	0.03710796326794896	0.00577962	3e-05
-0.0146	-0.0549	0.0368	0.0003298672286269283	0.00214850030920502	-0.000486946861306418	1.01106453	49.6005249	0.9916221	0.08594104905368291	0.00595492	9e-05
-0.0233	-0.0459	0.0141	-0.0001291543646475804	0.0022235494670407763	-0.0005811946409141118	1.02891886	50.47641754	1.00211672	0.07181592653589794	0.00664997	0.00011
-0.0247	-0.0865	0.0184	0.0002024581932313422	0.0022794000031045943	-0.0005480333851262194	1.01869345	49.97478104	0.99498869	0.06733121748653165	0.00688189	9e-05
-0.0243	-0.0799	0.0278	0.0003961897402027128	0.0022863813201125715	-0.0005480333851262194	1.03258526	50.65628433	0.99502804	0.026435643198967382	0.00651431	7e-05
-0.0247	-0.035	0.0343	-3.316125578789226e-05	0.0023404865269243957	-0.0005427973973702365	1.00895894	49.49723053	0.9953376	0.0762346095279206	0.00673091	0.00011
-0.0247	-0.0761	0.0147	7.504915783575618e-05	0.002282890661608583	-0.0005707226654021458	1.02034187	50.05565262	0.99559414	0.07038657734856851	0.00697058	0.00011
-0.0206	-0.0902	0.0179	0.00046949356878647465	0.0022218041377887812	-0.0005340707511102648	1.02989709	50.52440643	0.99329577	0.04600914245312007	0.00720793	0.0001
-0.0208	-0.0932	0.0244	0.0006841690667817771	0.00217293491873294	-0.0005323254218582705	1.03717458	50.88142395	0.99566294	0.0229645023151569	0.00683784	8e-05
-0.0233	-0.0744	0.0278	0.0003665191429188092	0.002131047016685076	-0.0005672320068981572	1.0099194	49.54434967	0.98839321	0.04442222054753594	0.00714678	0.00011
-0.0252	-0.067	0.0094	0.0002007128639793479	0.0021013764194011725	-0.0006300638599699529	1.04818058	51.42135239	1.00678927	0.04061543646475802	0.00733823	0.0001
-0.0255	-0.0986	0.0182	0.00045902159327450867	0.00209614043164519	-0.0006946410422937432	1.03454578	50.75246048	0.99959998	0.05710609496874668	0.00744593	0.00012
-0.0232	-0.089	0.0321	0.0006824237375297829	0.0021327923459370708	-0.000661479786505851	1.01088715	49.59182358	0.98886501	0.04046076571675236	0.00698638	7e-05
-0.0223	-0.081	0.0333	0.0008203047484373349	0.0020245819323134223	-0.000598647933434055	1.03096616	50.57685471	0.99443535	0.02554616388014981	0.00669223	0.00011
-0.0227	-0.0623	0.0334	0.0004939281783143952	0.0021013764194011725	-0.0006562437987498679	1.05443943	51.72839737	1.00629682	0.042238346126325134	0.00672054	0.0002
-0.0225	-0.0456	0.0118	6.45771823237902e-05	0.0020769418098732523	-0.0006579891280018621	1.03504312	50.77685928	1.00548153	0.06127654673852598	0.00648457	0.00011
-0.0164	-0.0923	0.0147	0.00027925268031909274	0.0020193459445574393	-0.0005951572749300663	1.0224613	50.15962219	0.9980529	0.07245516081914556	0.00698394	7e-05
-0.0146	-0.0963	0.0072	0.0008203047484373349	0.0019373154697137059	-0.000614355896702004	1.03816342	50.92993546	0.99850217	0.04541405823669567	0.00668347	8e-05
-0.0125	-0.0855	0.0228	0.0009459684545809266	0.0018901915799098587	-0.0006056292504420323	1.0432061	51.17731476	1.002578	0.03757571211037052	0.00647777	6e-05
-0.0286	-0.0294	0.0318	0.00018675022996339323	0.0019233528356977512	-0.0007190756518216638	1.03084111	50.57071686	1.01234936	0.1264912940892529	0.00639307	0.0001
-0.0354	-0.0531	0.0137	-3.316125578789226e-05	0.001895427567665842	-0.0007714355293814937	1.01283145	49.68720627	0.99201506	0.06360983156715123	0.00655192	0.00012
-0.0303	-0.0879	0.0153	0.00038048177693476387	0.001947787445225672	-0.000705113017805709	1.01428723	49.75862503	0.99231518	0.06811627109291353	0.00631744	3e-05
-0.0237	-0.0802	0.0193	0.0007749261878854823	0.001963495408493621	-0.0007120943348136865	1.0242902	50.24934769	0.99178071	0.039156684561332256	0.00666177	8e-05
-0.0242	-0.0562	0.0328	0.00037524578917878077	0.0019408061282176943	-0.000635299847725936	0.99813795	48.96637726	0.9850349	0.06295820830351892	0.00598353	6e-05
-0.0255	-0.0514	0.0125	5.061454830783555e-05	0.0019373154697137059	-0.000640535835481919	1.01901698	49.99065399	0.99606445	0.04306789435654584	0.00633186	9e-05
-0.0256	-0.1049	0.0112	0.0005515240436302081	0.002090904443889207	-0.0006213372137099814	1.02807665	50.43510056	1.00358975	0.08858485456349055	0.00619143	3e-05
-0.0214	-0.0908	0.0157	0.0008761552845011534	0.0020525072003453313	-0.000614355896702004	1.02064669	50.07060242	0.99046607	0.04130049007113989	0.00577492	8e-05
-0.0176	-0.0803	0.0314	0.0006510078109938849	0.0019931660057775245	-0.0005410520681182421	1.00232434	49.17174911	0.98211498	0.04788962483294187	0.00576395	6e-05
-0.0231	-0.0362	0.0141	2.6179938779914945e-05	0.0020717058221172693	-0.0005637413483941684	1.03706264	50.8759346	1.01384418	0.10320284844148205	0.00660396	0.0001
-0.0197	-0.0972	-0.0011	0.0004380776422505767	0.002038544566329377	-0.0005358160803622592	1.03860819	50.95175171	1.01226069	0.10324921136452316	0.00632179	4e-05
-0.0165	-0.0954	0.002	0.0008587019919812101	0.0020420352248333657	-0.0005009094953223725	1.02577889	50.32238007	0.9957037	0.03105107966372544	0.00609833	6e-05
-0.0158	-0.0894	0.0147	0.0006073745796940267	0.0015638150097869194	-0.0004904375198104066	1.01221991	49.65720367	0.99272247	0.05640098014227978	0.00568813	3e-05
-0.0163	-0.0653	0.0277	9.42477796076938e-05	0.0013212142437597075	-0.0004014257279586958	1.02601326	50.33387375	0.99871296	0.07983696789826278	0.00614738	7e-05
-0.015	-0.0262	0.0155	-0.00021118483949131387	0.001450368608407288	-0.0003700098014227979	1.04298627	51.16653442	1.00734617	0.07590014551412429	0.00639725	6e-05
-0.0184	-0.0947	0.0133	0.00010297442586766544	0.001514945790731078	-0.0004747295565424576	1.04364347	51.19877243	1.01234264	0.09827281014012144	0.00688708	4e-05
-0.0177	-0.0936	0.0244	0.00046425758103049166	0.001504473815219112	-0.0005235987755982988	0.99457276	48.7914772	0.98241874	0.03393121748653168	0.00608128	4e-05
-0.0157	-0.0506	0.038	0.00020594885173533088	0.001556833692778942	-0.000445058959258554	1.0369035	50.86812592	1.00381842	0.07806042115973677	0.00613058	4e-05
-0.0164	-0.041	0.0604	-0.0003298672286269283	0.0017959438003021652	-0.0005131268000863328	1.02359009	50.21500015	1.00159498	0.07484970143566305	0.00711787	9e-05
-0.0137	-0.0332	0.0959	-0.0001832595714594046	0.0018064157758141308	-0.0006911503837897545	1.00820124	49.46006012	1.00419646	0.06275516081914555	0.0079993	0.00012
-0.0091	-0.1436	0.0856	0.00039095375244672985	0.0020751964806212577	-0.0004380776422505767	1.04372716	51.20287704	1.04015946	0.18010333851262192	0.00776547	0.00036
-0.009	-0.1971	0.0805	0.00041189770347066176	0.0020594885173533086	-0.0003577924966588376	1.00887108	49.49291992	0.9972584	0.06454685299418099	0.00821102	0.00064
-0.0067	-0.1844	0.0413	0.0008988445647770796	0.001932079481957723	-0.000322885911618951	0.98275512	48.21173096	0.98769199	0.08666312408709449	0.00732529	0.0001
-0.0024	-0.1314	0.0204	0.0013840460968315032	0.001837831702350029	-0.0002844886680750757	1.07308364	52.6430397	1.0252629	0.10909232776029967	0.00663871	0.0001
-0.0075	-0.0686	0.0238	0.001281071670963838	0.0015166911199830724	-0.00046949356878647465	1.06671739	52.33072662	1.02026821	0.10175599544730105	0.00597656	6e-05
-0.0049	0.0114	0.0333	0.000598647933434055	0.0013997540600994523	-0.00041189770347066176	1.06477797	52.23558426	1.03859639	0.13494783313646075	0.00623524	6e-05
-0.0012	0.0131	0.0185	0.0004363323129985824	0.0013002702927357754	-0.0004014257279586958	1.01049078	49.57237625	0.99380742	0.03381356816555577	0.00678599	0.00014
-0.007	-0.0492	0.0138	0.0007592182246175333	0.0014765485471872027	-0.0004572762640225143	1.01659691	49.87192917	1.00211297	0.10055073510670984	0.00600249	6e-05
-0.0131	-0.0976	0.0146	0.0011571532940722405	0.0016929693744344998	-0.0005078908123303499	1.04084671	51.06157303	1.00738867	0.08854852225049198	0.00627446	0.00013
-0.0106	-0.0975	0.0311	0.0013491395117916165	0.0018343410438460403	-0.00041713369122664475	1.00213587	49.1625061	0.98345144	0.04030575041173109	0.00630873	1e-05
-0.0117	-0.0862	0.0429	0.0011362093430483087	0.0018133970928221085	-0.000439822971502571	1.04875362	51.44946289	1.00332415	0.03702817000215831	0.00711662	0.0004
-0.0122	-0.0884	0.033	0.0008936085770210966	0.0018692476288859267	-0.000450294947014537	1.04592216	51.31055832	1.00742215	0.02804616388014982	0.00758988	0.00038
-0.0175	-0.1299	0.0401	0.0011344640137963143	0.0019373154697137059	-0.0004537856055185257	1.02500594	50.28445816	0.99998008	0.06952069680534925	0.00750601	0.00026
-0.0203	-0.1202	0.0411	0.0013648474750595659	0.0019582594207376374	-0.00048171087355043494	1.02069759	50.07310104	0.99179474	0.027462634015954605	0.00808978	0.00049
-0.0185	-0.0958	0.0456	0.0014957471689591403	0.0019792033717615696	-0.0005096361415823442	1.04469526	51.25037003	1.00186396	0.0396884456477708	0.00879049	0.00061
-0.0186	-0.07	0.0597	0.0013596114873035826	0.00210835773640915	-0.00043458698374658803	1.04039645	51.03948212	1.00101315	0.05701696020694472	0.00878632	0.00038
-0.0207	-0.0337	0.0581	0.0007400196028455958	0.00209614043164519	-0.0004537856055185257	1.03187001	50.62119293	1.00536223	0.07255039054969424	0.00942862	0.0005
-0.021	-0.0856	0.0456	0.0011152653920243766	0.0021048670779051613	-0.00045553093477052	1.04185534	51.11105347	1.00840883	0.08398588823453731	0.0094474	0.00076
-0.0193	-0.0822	0.0523	0.0012461650859239514	0.0022218041377887812	-0.0005393067388662478	1.03432584	50.74167252	0.99990324	0.028380627893946124	0.00951147	0.00086
-0.0178	-0.0835	0.0536	0.0013142329267517303	0.002336995868420407	-0.0005113814708343385	1.00095606	49.1046257	0.98403427	0.014659241974565708	0.0093385	0.00077
-0.0211	-0.0684	0.0676	0.0009197885158010115	0.002357939819444339	-0.0005148721293383271	1.0334847	50.70040894	1.00048262	0.053343951023931975	0.00916004	0.00085
-0.0171	-0.0727	0.0507	0.0006963863715457374	0.0023125612588924867	-0.00041713369122664475	1.03435802	50.7432518	1.002824	0.04352595714594043	0.00956362	0.0005
-0.0148	-0.1086	0.0482	0.0010524335389525807	0.002282890661608583	-0.0004206243497306334	1.00847602	49.47353745	0.98733274	0.060160421159736785	0.0094803	0.0004
-0.013	-0.1155	0.0442	0.0012199851471440364	0.0022636920398366456	-0.0004974188368183839	1.00383425	49.24582291	0.9876229	0.025877235852557183	0.00843638	0.00036
-0.0158	-0.1032	0.0408	0.0014870205226991688	0.00231779724664847	-0.0005427973973702365	1.02603567	50.33497238	0.99159642	0.036825957145940474	0.00825959	0.00022
-0.02	-0.0756	0.057	0.0011536626355682519	0.0022497294058206906	-0.0005742133239061344	1.03660154	50.85330963	1.00375397	0.06964208272472969	0.00797212	0.00025
-0.0209	-0.0472	0.045	0.0007243116395776468	0.002253220064324679	-0.000593411945678072	1.00969017	49.53310013	0.9976511	0.06390201381332655	0.0082047	0.00027
-0.0244	-0.0647	0.0382	0.0015271630954950383	0.002408554367752175	-0.0006318091892219474	1.05171049	51.59452438	1.03435484	0.07762915014443812	0.0103161	0.00095
-0.0317	-0.0221	0.0387	0.0016022122533307947	0.002841396022246768	-0.000726056968829641	1.09624588	53.77932739	1.06033397	0.08050692959690214	0.00947493	0.00048
-0.0241	-0.0232	0.042	0.0016772614111665507	0.0026616271092913526	-0.0007400196028455958	1.00669241	49.38603592	0.99624439	0.025439035240356317	0.00843716	0.0002
-0.019	-0.0451	0.046	0.0018099064343181197	0.0025761059759436306	-0.0006841690667817771	1.0060401	49.35403824	0.98589846	0.04470083462815549	0.00816953	0.0002
-0.0196	-0.0512	0.0402	0.001970476725501598	0.0025499260371637153	-0.0007016223593017205	0.98670578	48.40554047	0.9777161	0.02271017612416685	0.00792897	0.00012
-0.0242	-0.0331	0.0408	0.0015847589608108511	0.002530727415391778	-0.0007068583470577034	1.022403	50.15676498	0.99408587	0.043807618710933374	0.00748605	0.00016
-0.0243	-0.0673	0.0223	0.0017575465567582897	0.002462659574563999	-0.0007731808586334879	1.02616489	50.34131622	0.99928109	0.06815889741755009	0.00741279	0.00016
-0.0281	-0.0953	0.0211	0.0019669860669976093	0.0024225170017681294	-0.000895353906273091	1.02737451	50.40065384	0.99669029	0.051587756533739614	0.00712514	0.00012
-0.0271	-0.0837	0.022	0.002045525883337354	0.0022759093446006054	-0.0009616764178488756	0.99266154	48.69771576	0.97838168	0.028073499254152662	0.00729412	0.0001
-0.0246	-0.0692	0.0372	0.001759291886010284	0.0022933626371205488	-0.0009023352232810684	1.03342974	50.69771194	0.99607005	0.05035142422074101	0.00740159	0.00011
-0.0248	-0.028	0.0398	0.0011746065865921838	0.0024312436480281013	-0.0008255407361933179	1.04910815	51.46685791	1.01408328	0.08396803987067017	0.00727427	0.00015
-0.0266	-0.0695	0.0309	0.001420698011123384	0.0023439771854283846	-0.0008429940287132613	0.9911111	48.62165451	0.98019247	0.06974055898254303	0.00690061	8e-05
-0.0267	-0.0656	0.0303	0.0017086773377024485	0.002267182698340634	-0.0008447393579652555	1.0110141	49.59805298	0.98433544	0.022925957145940465	0.00740749	0.00013
-0.0237	-0.0462	0.0303	0.0018779742751458986	0.002239257430308725	-0.0008412486994612669	1.04465544	51.2484169	1.00047497	0.03243564319896739	0.00800103	0.00015
-0.0221	-0.0361	0.0472	0.0013212142437597075	0.0023439771854283846	-0.0007679448708775049	1.05098748	51.55905151	1.0060351	0.06533918075448063	0.00732243	8e-05
-0.0243	-0.0307	0.0316	0.00091106186954104	0.002310815929640492	-0.0007766715171374765	1.0045625	49.28155136	0.98740578	0.045802013813326575	0.00731862	8e-05
-0.0225	-0.0763	0.0338	0.0011746065865921838	0.0023422318561763904	-0.0007155849933176752	1.02741563	50.40267181	0.99941746	0.06740235837034216	0.00726938	0.00014
-0.0233	-0.0856	0.038	0.0013962634015954637	0.002410299697004169	-0.000705113017805709	1.02841294	50.45159912	0.99472755	0.02930983156715124	0.00737399	6e-05
-0.0236	-0.0797	0.0378	0.0015062191444711063	0.002380629099720265	-0.0007120943348136865	1.02792537	50.42768097	0.98995867	0.013730382858376208	0.00687236	5e-05
-0.0268	-0.0626	0.0448	0.0012356931104119853	0.002389355745980237	-0.0006963863715457374	0.99302793	48.71569061	0.98147717	0.04204803217935209	0.00706971	6e-05
-0.0326	-0.0422	0.0299	0.0007801621756414653	0.00231779724664847	-0.0007661995416255106	1.04322135	51.17806244	1.01088905	0.07094513020910301	0.00689119	9e-05
-0.0327	-0.0889	0.0261	0.0009285151620609833	0.0023020892833805202	-0.000778416846389471	1.02537346	50.30249023	0.99844247	0.059413912722571405	0.00722456	9e-05
-0.0286	-0.0659	0.0358	0.0010716321607245184	0.002324778563656447	-0.0007347836150896127	1.0363344	50.84020615	1.00086257	0.047271975511966005	0.00619102	0.0001
-0.0201	-0.0161	0.0199	0.0005689773361501514	0.002251474735072685	-0.0006824237375297829	1.02567112	50.31708908	1.01240644	0.10561592653589792	0.00687033	0.00015
-0.0239	-0.0793	0.0065	0.0011239920382843482	0.0022741640153486112	-0.0006422811647339132	1.01200104	49.6464653	1.00287764	0.11129232776029964	0.00666875	8e-05
-0.0244	-0.0977	-0.0092	0.0017453292519943296	0.0022183134792847924	-0.0006667157742618339	1.00161195	49.13680267	0.98768527	0.06968111796508605	0.00679749	0.00011
-0.0241	-0.0902	-0.021	0.0020106192982974674	0.0019896753472735357	-0.0008011061266653974	1.01602733	49.84398651	0.98941125	0.0510159265358979	0.00703269	0.0001
-0.0219	-0.059	-0.0192	0.0021153390534171274	0.0017889624832941875	-0.0009250245035569946	1.02252781	50.16288757	0.9902563	0.05666754979953028	0.00706702	8e-05
-0.0197	-0.0285	-0.0002	0.0018291050560900572	0.0018291050560900572	-0.0008429940287132613	1.00987625	49.5422287	0.99297471	0.07212035224833364	0.00730288	0.00011
-0.0107	0.0165	0.0031	0.0010978120995044332	0.0017139133254584315	-0.0007138396640656808	1.06860602	52.42337799	1.03392182	0.1060819525932415	0.00777453	0.00014
-0.0111	-0.0273	-0.011	0.0011065387457644049	0.0018133970928221085	-0.0007330382858376184	1.01645052	49.86474991	1.00174004	0.06467045176977931	0.00699145	9e-05
-0.0166	-0.0843	-0.0039	0.0015760323145508795	0.0018483036778619948	-0.0007330382858376184	1.03244948	50.64962006	1.00528293	0.09482000769131804	0.00642693	4e-05
-0.0145	-0.0884	0.0041	0.0019390607989657003	0.0018849555921538759	-0.0006928957130417488	0.98048615	48.10041809	0.97485094	0.036191148575128576	0.00651652	8e-05
-0.0117	-0.0829	0.0056	0.00205599785884932	0.0018256143975860688	-0.0006387905062299246	1.03930557	50.98596573	0.99616787	0.02131917306316256	0.00653315	7e-05
-0.0107	-0.0792	0.0112	0.0021205750411731105	0.002001892652037496	-0.0006771877497737998	1.04081368	51.05995178	0.99749678	0.02426263401595463	0.00674623	0.00014
-0.01	-0.048	0.0335	0.0016126842288427606	0.0019373154697137059	-0.0006265732014659643	1.03079665	50.56853485	1.00412848	0.08535412714809877	0.00613248	6e-05
-0.0135	-0.0419	0.0158	0.0011903145498601325	0.0020769418098732523	-0.0005881759579220891	1.03237188	50.64581299	1.00312148	0.057319663134302486	0.00659072	0.00012
-0.0151	-0.0797	0.0212	0.0015184364492350666	0.002190388211252884	-0.0005585053606381855	1.02087462	50.08178711	0.99398038	0.06836194490192346	0.00655341	7e-05
-0.0164	-0.0694	0.0294	0.001778490507782222	0.0022724186860966175	-0.0005846852994181004	1.03514278	50.78174973	0.99521112	0.03821322360854018	0.00642216	4e-05
-0.0133	-0.0642	0.0256	0.002008873969045473	0.0021938788697568722	-0.000577703982410123	0.98882324	48.50941849	0.97543767	0.02789522973054869	0.00617909	4e-05
-0.0166	-0.0457	0.036	0.0017994344588061536	0.0021537362969610025	-0.0005846852994181004	1.01789975	49.93584442	0.98716857	0.04502817000215832	0.00643897	7e-05
-0.02	-0.0308	0.0281	0.0014416419621473165	0.0021799162357409173	-0.0006422811647339132	1.03765583	50.90503311	0.99974748	0.04827841503772824	0.00656414	0.00011
-0.0212	-0.0739	0.0196	0.001762782544514273	0.002178170906488923	-0.0006859143960337716	1.03252351	50.65325546	0.99475494	0.07112595714594044	0.00612193	6e-05
-0.0196	-0.0837	0.0194	0.0020245819323134223	0.0021467549799530253	-0.0006928957130417488	0.99465239	48.79538345	0.97794681	0.02660983156715123	0.00658137	3e-05
-0.0186	-0.062	0.0391	0.001583013631558857	0.002045525883337354	-0.0006789330790257941	1.04721296	51.37388611	1.00690685	0.07023800156930957	0.00668824	4e-05
-0.0189	-0.031	0.026	0.0011938052083641214	0.0020629791758572974	-0.0006946410422937432	1.03217089	50.635952	1.00256893	0.0655184839491314	0.00658101	8e-05
-0.0203	-0.0988	0.003	0.001553343034274953	0.0020629791758572974	-0.0007243116395776468	1.02750134	50.40687943	1.00736074	0.11166042115973676	0.00652659	5e-05
-0.0166	-0.1158	0.0075	0.0019495327744776662	0.0020193459445574393	-0.0006649704450098395	1.00716782	49.40935898	0.99072004	0.05015820830351893	0.00664151	9e-05
-0.0152	-0.0739	0.019	0.0018622663118779497	0.0019879300180215415	-0.0006928957130417488	1.033463	50.69934464	0.99896025	0.062130382858376174	0.00648737	6e-05
-0.0147	-0.0523	0.0287	0.0018168877513260971	0.0019879300180215415	-0.0007086036763096977	1.03281248	50.66743088	0.99496411	0.03485432619099007	0.00669253	3e-05
-0.0191	-0.0216	0.0443	0.001155407964820246	0.002033308578573394	-0.0007173303225696694	0.99962831	49.03948975	0.98897032	0.08647924966588375	0.00666761	8e-05
-0.0197	-0.0404	0.0329	0.001085594794740473	0.002001892652037496	-0.0006579891280018621	1.01124024	49.6091423	0.9857672	0.0388285145591739	0.00676501	8e-05
-0.0198	-0.0752	0.0291	0.0014224433403753785	0.0020629791758572974	-0.0007173303225696694	1.02872527	50.46691895	0.99707423	0.06156381320112572	0.00818229	4e-05
-0.0181	-0.0726	0.0343	0.0015550883635269475	0.0019861846887695473	-0.0006736970912698113	1.02450526	50.25989532	0.99079565	0.022153637076958863	0.00760621	6e-05
-0.0179	-0.0617	0.0388	0.0013439035240356337	0.002045525883337354	-0.0006108652381980154	1.00008082	49.06169128	0.98488079	0.03226789435654583	0.0064038	6e-05
-0.0201	-0.068	0.0211	0.0010559241974565693	0.0020804324683772408	-0.0006335545184739417	1.032686	50.66122437	0.99860046	0.04347875959474387	0.00617552	5e-05
-0.0186	-0.1042	0.0149	0.0014643312424232424	0.001973967384005587	-0.0007033676885537148	1.02045846	50.06136703	0.99342869	0.07313426497090501	0.00610912	6e-05
-0.0181	-0.1043	0.0187	0.001710422666954443	0.001954768762233649	-0.0007417649320975902	0.99821723	48.97026443	0.97918074	0.01958436449235069	0.00619274	4e-05
-0.0145	-0.0789	0.0279	0.0017470745812463236	0.001933824811209717	-0.0006544984694978735	1.02088535	50.08231354	0.99180574	0.04544311639577647	0.00639087	6e-05
-0.0173	-0.0314	0.0385	0.001090830782496456	0.00204378055408536	-0.0006649704450098395	1.05702925	51.85544968	1.01841693	0.09973357585687379	0.00650388	0.00012
-0.0177	-0.0639	0.0275	0.000973893722612836	0.0020176006153054447	-0.000619591884457987	1.02216113	50.14490128	0.9914217	0.05332477796076938	0.00598991	5e-05
-0.0136	-0.0872	0.0383	0.0012601277199399059	0.001963495408493621	-0.0006230825429619757	0.9874264	48.44089127	0.97829381	0.05539149313214412	0.0066824	3e-05
-0.0129	-0.0651	0.0401	0.0013526301702956054	0.0018046704465621369	-0.0006632251157578452	1.0242219	50.24599457	0.99273857	0.03917349925415264	0.00657386	6e-05
-0.0131	-0.0683	0.0368	0.0014922565104551516	0.001658062789394613	-0.0007435102613495844	1.02457178	50.26315689	0.99185166	0.025025957145940463	0.00672954	8e-05
-0.0092	-0.077	0.0381	0.001614429558094755	0.0014573499254152652	-0.0007470009198535729	0.99902201	49.00974655	0.98185079	0.030218828506146985	0.00638199	4e-05
-0.0148	-0.0578	0.0397	0.0011850785621041497	0.001446877949903299	-0.0007243116395776468	1.02378273	50.22445297	0.99092469	0.04952561258892487	0.00668955	6e-05
-0.0173	-0.0644	0.0191	0.0011746065865921838	0.0015969762655748114	-0.0006946410422937432	1.03407693	50.72946167	0.99730791	0.03921204442336909	0.00635552	8e-05
-0.0167	-0.0944	0.0209	0.001500983156715123	0.001626646862858715	-0.0006911503837897545	1.03190339	50.62283325	0.99746165	0.050376891295541584	0.00575882	4e-05
-0.014	-0.0917	0.0133	0.0017994344588061536	0.0016249015336067207	-0.0006771877497737998	0.99343157	48.73549271	0.97803523	0.02870796326794897	0.00612932	4e-05
-0.0128	-0.0882	0.0122	0.0019617500792416262	0.0016022122533307947	-0.0007173303225696694	1.03214896	50.63488007	0.99314086	0.01705737367536341	0.00627363	6e-05
-0.0112	-0.0498	0.0304	0.0016388641676226754	0.0015446163880149814	-0.0006928957130417488	1.0508548	51.55254745	1.00511597	0.07844581932313423	0.00601494	7e-05
-0.0084	-0.0107	0.0181	0.0010175269539126942	0.0015446163880149814	-0.0006859143960337716	1.01926517	50.00283051	1.0027127	0.0856159265358979	0.00626475	0.0001
0.0017	-0.0258	0.0124	0.0010332349171806431	0.00152367243699105	-0.0005288347633542819	1.0101254	49.5544548	0.98834016	0.04058657734856851	0.00723302	8e-05
-0.0063	-0.0959	0.0134	0.0013316862192716734	0.0016702800941585732	-0.0005305800926062762	1.02626133	50.34604645	1.01069269	0.1014402144255274	0.00616711	5e-05
-0.0117	-0.124	0.0104	0.001778490507782222	0.001658062789394613	-0.0006859143960337716	1.02106082	50.09091949	0.99714464	0.06721779483510022	0.00639272	8e-05
-0.0091	-0.1129	0.0115	0.001960004749989632	0.0015690509975429022	-0.0006946410422937432	1.00546885	49.32601547	0.98323966	0.02876263401595461	0.00739849	5e-05
-0.0029	-0.0582	0.0256	0.0015358897417550098	0.0014643312424232424	-0.0006230825429619757	1.04623091	51.32570648	1.01332991	0.10501966313430249	0.00638133	7e-05
-0.0043	-0.0355	0.0097	0.001129228026040331	0.0014049900478554352	-0.0006824237375297829	1.04068446	51.05361176	1.00466058	0.06626720524251467	0.00639021	9e-05
-0.0082	-0.0833	0.0094	0.0014067353771074296	0.0014782938764391971	-0.0006283185307179585	1.02945304	50.50262451	1.00181709	0.07224581932313427	0.00629342	6e-05
-0.0058	-0.0764	0.0141	0.0017435839227423352	0.0014852751934471744	-0.00062482787221397	0.99362296	48.74488068	0.97919182	0.031366026057343566	0.00647366	6e-05
-0.0048	-0.0649	0.0174	0.0018360863730980347	0.0014137166941154068	-0.0005689773361501514	1.02791071	50.42695999	0.99204674	0.02679557428756428	0.00869	8e-05
-0.0045	-0.055	0.0249	0.0017400932642383465	0.0013439035240356337	-0.000593411945678072	1.04273891	51.15439606	1.00058319	0.027212044423369094	0.00858718	0.00012
-0.0054	-0.0252	0.0217	0.0013020156219877698	0.0014014993893514465	-0.0006335545184739417	1.04356611	51.19497681	1.0187927	0.06069080401811296	0.00598466	3e-05
-0.0056	-0.0724	0.0062	0.0014119713648634124	0.0014556045961632708	-0.00062482787221397	1.01216447	49.65448761	1.00604629	0.07153937979737193	0.00619245	9e-05
-0.0059	-0.1036	0.0073	0.001780235837034216	0.0015289084247470327	-0.0006265732014659643	1.03093255	50.57520676	0.99818024	0.05476568150032799	0.00646669	8e-05
-0.0073	-0.0864	0.0169	0.0018989182261698304	0.001574286985298885	-0.0006702064327658224	1.04269755	51.15236664	0.99979604	0.038584709049366235	0.00658524	8e-05
-0.0025	-0.0832	0.0183	0.0020594885173533086	0.0015498523757709647	-0.000609119908946021	1.00363874	49.23623276	0.98597665	0.02170457122656001	0.0087086	7e-05
-0.0028	-0.0468	0.0282	0.0017174039839624202	0.0014538592669112763	-0.0005550147021341969	1.04096818	51.06752777	1.00494535	0.07120914245312004	0.00673097	6e-05
-0.0058	-0.0495	0.017	0.0012932889757277981	0.0014887658519511632	-0.0006684611035138282	1.03345191	50.69879913	0.99885855	0.045523399732707005	0.00635666	9e-05
-0.0061	-0.0862	0.017	0.0015446163880149814	0.001382300767579509	-0.0007138396640656808	1.02645719	50.35565567	0.99329248	0.057158552860534506	0.00590056	4e-05
-0.0011	-0.0764	0.0173	0.0018657569703819383	0.001473057888683214	-0.0006161012259539982	1.00219107	49.16521454	0.98463237	0.04058180707911722	0.00631702	8e-05
-0.004	-0.079	0.0174	0.002012364627549462	0.00152367243699105	-0.0006230825429619757	1.03181052	50.61827469	0.99514006	0.015810176124166853	0.00669587	0.00011
-0.0027	-0.0582	0.0279	0.0019408061282176943	0.0014940018397071458	-0.000593411945678072	1.042732	51.15406036	1.00376996	0.03914498469497878	0.00721627	6e-05
-0.0072	-0.0303	0.0169	0.0014556045961632708	0.0015079644737231008	-0.0006859143960337716	1.00436842	49.27202988	0.98722342	0.0729833308213039	0.00675821	4e-05
-0.0114	-0.0706	0.0165	0.0015341444125030156	0.0015166911199830724	-0.0007644542123735164	1.03379166	50.71546555	1.00187675	0.05319031394697306	0.0066095	9e-05
-0.0091	-0.0838	0.0285	0.0017191493132144146	0.0015027284859671175	-0.0007504915783575615	1.03362501	50.70729065	0.99466295	0.03814650843716544	0.00687259	5e-05
-0.0106	-0.0768	0.0272	0.001970476725501598	0.0014643312424232424	-0.0007906341511534313	1.02383041	50.22679138	0.9883137	0.026293361431346425	0.00643045	5e-05
-0.0084	-0.0578	0.0226	0.002089159114637212	0.00147131255943122	-0.000726056968829641	1.0118916	49.64109802	0.98724827	0.03531204442336909	0.00749677	8e-05
-0.0159	-0.0289	0.0218	0.0014765485471872027	0.0014590952546672592	-0.000890117918517108	1.05569327	51.78990936	1.0112472	0.07664444109507186	0.00703204	8e-05
-0.019	-0.0678	0.0124	0.0015603243512829306	0.0014049900478554352	-0.0009564404300928925	1.03858209	50.95047379	1.00003499	0.061610176124166825	0.00638348	6e-05
-0.0175	-0.0815	0.0202	0.001780235837034216	0.0014538592669112763	-0.0009023352232810684	0.99874419	48.99611664	0.98055025	0.039144295580947536	0.00688887	4e-05
-0.0153	-0.0719	0.0222	0.0018797196043978928	0.0013980087308474581	-0.0008499753457212384	1.04009128	51.02451324	0.99755982	0.02418470904936625	0.00692934	0.00012
-0.019	-0.0549	0.0276	0.0016336281798666925	0.0014695672301792255	-0.0009128071987930344	1.04243326	51.1394043	0.99917575	0.045124088846738186	0.00669479	4e-05
-0.0182	-0.0487	0.0123	0.0014172073526193955	0.0014311699866353504	-0.0008237954069413235	1.0023222	49.17164612	0.98165404	0.03949149313214415	0.00657862	5e-05
-0.015	-0.0806	0.0183	0.0016493361431346415	0.001424188669627373	-0.0008429940287132613	1.03530014	50.78946686	0.99678435	0.05401543646475807	0.00742322	0.0001
-0.018	-0.0704	0.0279	0.0017994344588061536	0.0014486232791552935	-0.000890117918517108	1.0443691	51.23437119	0.99685207	0.03388284075016398	0.00738031	6e-05
-0.0171	-0.0663	0.0279	0.0019146261894377795	0.001420698011123384	-0.000895353906273091	1.00907874	49.50310898	0.98406209	0.012417649320975919	0.00776917	5e-05
-0.0164	-0.0546	0.0256	0.0018849555921538759	0.001439896632895322	-0.000783652834145454	1.03675437	50.86080933	0.99749203	0.02272851455917392	0.00661623	6e-05
-0.0201	-0.0398	0.012	0.001467821900927231	0.0015254177662430443	-0.0008848819307611251	1.05256641	51.63651276	1.00815165	0.06229419605950191	0.00635827	0.0001
-0.017	-0.0709	-0.0028	0.0013945180723434693	0.001452113937659282	-0.0008307767239493009	1.00673747	49.38824844	0.98954033	0.05903564319896742	0.00611377	6e-05
-0.0114	-0.0933	-0.0034	0.0017959438003021652	0.0014381513036433276	-0.0007801621756414653	1.01338708	49.71446228	0.99047085	0.05190014551412428	0.00670278	0.00012
-0.0083	-0.0782	-0.0069	0.0020106192982974674	0.0014224433403753785	-0.0007679448708775049	1.03906858	50.97433853	1.00008813	0.03383003830136057	0.00718951	0.00013
-0.0068	-0.0511	0.0042	0.001839577031602023	0.0013491395117916165	-0.0007033676885537148	1.05063665	51.54184341	1.01194141	0.05514616388014983	0.00724667	8e-05
-0.01	-0.035	-0.0158	0.0013927727430914749	0.0013107422682477415	-0.0007278022980816354	0.99770898	48.94533157	0.98729885	0.0647818070791172	0.006742	8e-05
-0.0099	-0.0775	-0.0199	0.0015899949485668342	0.0012636183784438947	-0.0008185594191853405	1.00689209	49.39583588	0.99019122	0.06345516081914555	0.00667906	8e-05
-0.0071	-0.0836	-0.0283	0.002155481626212997	0.0014014993893514465	-0.0007976154681614085	1.00707603	49.40485764	0.98663135	0.05351558197888232	0.00677931	9e-05
-0.0023	-0.0739	-0.0243	0.0023771384412162766	0.0013927727430914749	-0.0007208209810736582	1.02222383	50.14797592	0.99174813	0.03385889741755007	0.00695336	6e-05
-0.0059	-0.0396	0.0005	0.0017749998492782332	0.0012897983172238095	-0.0007661995416255106	1.01332057	49.71120071	0.99970016	0.10022457891787805	0.00650889	0.00011
-0.0079	-0.0309	-0.019	0.0013578661580515882	0.0012060225131280816	-0.000783652834145454	1.00653279	49.37820816	0.99208204	0.05611813939211582	0.00690001	6e-05
-0.0076	-0.0834	-0.0249	0.001811651763570114	0.0012147491593880533	-0.0008604473212332044	1.00768602	49.43478012	0.993798	0.08566533694331238	0.0067752	0.0001
-0.0119	-0.0858	-0.0273	0.002239257430308725	0.0013142329267517303	-0.0009075712110370514	1.01095104	49.59495926	0.98790458	0.03781066619530674	0.0073238	0.00013
-0.0096	-0.0733	-0.0126	0.002336995868420407	0.0013421581947836393	-0.0008395033702092724	1.02093709	50.08485031	0.99105649	0.03918657734856849	0.00732738	0.00012
-0.0089	-0.0279	0.0042	0.0016528268016386303	0.0013194689145077131	-0.0008028514559173916	1.02944326	50.50214386	1.00520188	0.10007551306747917	0.00670481	8e-05
-0.0091	-0.0615	-0.0126	0.0015917402778188286	0.001239183768915974	-0.0008115781021773631	1.03337264	50.69491196	1.0029255	0.05810491578357561	0.00673747	0.00012
-0.0101	-0.0812	-0.0092	0.001932079481957723	0.0012932889757277981	-0.0008203047484373349	1.03211343	50.63313675	0.99531251	0.04425855286053452	0.00639695	9e-05
-0.0102	-0.0721	-0.0001	0.002183406894244906	0.0013543754995475996	-0.0008150687606813518	0.99867064	48.99250793	0.9815666	0.03418249619314838	0.00672346	6e-05
-0.0083	-0.0524	0.0055	0.0022444934180647076	0.001408480706359424	-0.0007120943348136865	1.04560888	51.2951889	1.00063187	0.03810830782496456	0.00732368	6e-05
-0.0106	-0.0259	0.007	0.0016528268016386303	0.0015254177662430443	-0.0007644542123735164	1.04856014	51.43997192	1.00601072	0.06834817769347638	0.00661045	7e-05
-0.0097	-0.0525	0.0077	0.0014974924982111347	0.0014154620233674013	-0.0006928957130417488	1.00635159	49.3693161	0.98808255	0.0450424272817453	0.00594771	6e-05
-0.01	-0.101	0.004	0.001853539665617978	0.001387536755335492	-0.0007016223593017205	1.01547968	49.81712341	0.99814455	0.07213495408493623	0.0065313	0.00012
-0.0122	-0.0967	-0.0011	0.002171189589480946	0.0014329153158873448	-0.0007888888219014368	1.03452408	50.75139618	0.99740719	0.03411474735072686	0.00649446	4e-05
-0.0123	-0.081	0.0071	0.0022218041377887812	0.0013212142437597075	-0.0008499753457212384	1.039572	50.99903488	0.99794603	0.03517010721276371	0.00684184	5e-05
-0.0103	-0.0279	0.0103	0.0018291050560900572	0.0012618730491919003	-0.000783652834145454	1.02697563	50.38108826	1.00875393	0.08421813939211578	0.00771171	8e-05
-0.0154	-0.0431	-0.0018	0.0013927727430914749	0.0012793263417118436	-0.0008290313946973065	1.03309667	50.6813736	1.0029015	0.057358208303518905	0.00630236	0.00011
-0.0161	-0.0905	0.0041	0.001637118838370681	0.0012618730491919003	-0.0008429940287132613	1.0282464	50.44342804	1.00220292	0.06778810109075521	0.00619149	7e-05
-0.0129	-0.0745	0.0058	0.0018448130193580064	0.0012409290981679683	-0.0007871434926494425	1.02671015	50.36806107	0.99038561	0.035124433403753805	0.00580513	3e-05
-0.0094	-0.0795	0.0007	0.002045525883337354	0.0013020156219877698	-0.0006841690667817771	0.99037248	48.5854187	0.97569262	0.031838690683340734	0.00621283	4e-05
-0.0114	-0.0498	0.0175	0.001656317460142619	0.0013281955607676848	-0.000661479786505851	1.04722905	51.37467194	1.005702	0.07040388211252883	0.00620985	0.0001
-0.0179	-0.0145	0.0028	0.0013316862192716734	0.0013264502315156904	-0.0008569566627292158	1.05240357	51.62852097	1.0118513	0.08259267231731524	0.0064435	7e-05
-0.0206	-0.0884	-0.0007	0.0014940018397071458	0.0013962634015954637	-0.0008848819307611251	1.01553309	49.8197403	1.00092835	0.09310270292735776	0.00602329	4e-05
-0.0172	-0.0815	0.0021	0.0016772614111665507	0.0013386675362796509	-0.0008412486994612669	1.0050509	49.30550766	0.978223	0.0273244334037538	0.00647604	9e-05
-0.0028	-0.0546	0.011	0.001541125729510993	0.0012007865253720988	-0.0007888888219014368	1.04721081	51.3737793	1.00424938	0.06651882850614699	0.00673455	0.00013
-0.001	-0.0428	-0.0066	0.001223475805648025	0.0011728612573401894	-0.000879645943005142	1.03476214	50.76307297	1.00431601	0.053016615649929134	0.00634348	5e-05
-0.005	-0.1073	-0.0197	0.0017924531417981763	0.0011536626355682519	-0.0008360127117052838	1.00603414	49.35374451	1.00205614	0.11319045946109736	0.00706547	0.0001
-0.0073	-0.0999	-0.0191	0.002089159114637212	0.0011641346110802177	-0.0008918632477691023	1.00595152	49.34968948	0.98219062	0.028451424220741015	0.00677478	6e-05
-0.0078	-0.0794	-0.0252	0.002324778563656447	0.0011571532940722405	-0.0009128071987930344	1.03299534	50.67640305	0.99451947	0.04027723585255721	0.00681216	6e-05
-0.0102	-0.0566	-0.0112	0.002251474735072685	0.0011763519158441782	-0.0009704030641088471	1.02799392	50.43104172	0.99554828	0.046704915783575635	0.00651026	8e-05
-0.0141	-0.0077	-0.0219	0.0017889624832941875	0.0011431906600562858	-0.0010053096491487337	1.01032674	49.56433105	0.99859243	0.09002900463031382	0.00670677	6e-05
-0.0137	-0.055	-0.0341	0.0018814649336498872	0.0011152653920243766	-0.0009337511498169664	1.0149281	49.79006195	1.00261736	0.0694993108859688	0.00661224	5e-05
-0.0183	-0.0528	-0.0355	0.002131047016685076	0.0012601277199399059	-0.0009669124056048585	1.0276823	50.41575623	0.9945593	0.029580283336930517	0.00716913	0.00012
-0.0218	-0.0656	-0.0219	0.0022148228207808044	0.0013107422682477415	-0.0010733774899765126	1.03657734	50.85212708	0.99696931	0.0419427718387609	0.00705993	5e-05
-0.0246	-0.0452	-0.006	0.001980948701013564	0.0012775810124598492	-0.001048942880448592	0.99436921	48.78149033	0.98061266	0.05367349925415266	0.00686169	6e-05
-0.0246	-0.013	-0.0185	0.001504473815219112	0.0011466813185602744	-0.0010349802464326373	1.04997277	51.50927734	1.01725127	0.0757668606854991	0.00691223	6e-05
-0.0197	-0.0862	-0.0275	0.0018448130193580064	0.0011187560505283654	-0.0010192722831646884	1.04321277	51.17764282	1.01882385	0.10629862177193762	0.00728518	0.0001
-0.0184	-0.0899	-0.0276	0.002171189589480946	0.001218239817892042	-0.0009913470151327792	1.02063084	50.06982422	0.98877913	0.027789280275926257	0.00690329	5e-05
-0.0109	-0.0858	-0.0168	0.002309070600388498	0.0013281955607676848	-0.000926769832808989	0.99536479	48.8303299	0.98331425	0.038020696805349245	0.00710112	6e-05
-0.0117	-0.0479	0.0043	0.001837831702350029	0.00124965574442794	-0.0009512044423369096	1.05048847	51.5345726	1.01078404	0.0885106661953067	0.00681311	0.0001
-0.0127	-0.0363	-0.0174	0.001562069680534925	0.001265363707695889	-0.0009337511498169664	1.02394021	50.23217773	0.99692724	0.04974616388014981	0.00667465	8e-05
-0.0128	-0.085	-0.0175	0.001864011641129944	0.001270599695451872	-0.000932005820564972	1.00956786	49.52710342	0.99016428	0.06434616388014983	0.00629038	4e-05
-0.009	-0.0681	-0.0181	0.0021799162357409173	0.0013997540600994523	-0.0008639379797371932	0.99930769	49.02376175	0.9802743	0.04695634000431664	0.00686723	6e-05
-0.0074	-0.0535	-0.0058	0.002103121748653167	0.001387536755335492	-0.0007958701389094143	1.03401148	50.72624969	0.99620713	0.036353981633974464	0.0072794	9e-05
-0.0107	-0.0194	0.0006	0.0013526301702956054	0.001387536755335492	-0.0008255407361933179	1.04994106	51.50771713	1.01495468	0.08280810878207326	0.0066188	0.0001
-0.0121	-0.0681	-0.0147	0.001408480706359424	0.001450368608407288	-0.0007906341511534313	0.9936015	48.74382782	0.99074488	0.07307944870877504	0.00636464	6e-05
-0.0144	-0.0909	-0.0093	0.001706932008450454	0.001350884841043611	-0.0008517206749732328	1.01362205	49.7259903	0.98911712	0.05345107966372544	0.00803947	8e-05
-0.0131	-0.0686	0.0023	0.001748819910498318	0.0012636183784438947	-0.0008761552845011534	1.0341953	50.73526764	0.99695695	0.04287944870877503	0.00726628	8e-05
-0.0163	-0.0362	-0.0068	0.001265363707695889	0.0011397000015522971	-0.0010175269539126942	1.04211617	51.12384796	1.00949277	0.08213731245527837	0.00691873	4e-05
-0.013	-0.0909	-0.0205	0.0015132004614790836	0.0010768681484805013	-0.0009721483933608416	0.99750215	48.93518448	0.99305857	0.08950235837034216	0.0069561	8e-05
-0.0138	-0.0837	-0.0158	0.0018971728969178364	0.00124965574442794	-0.000921533845053006	1.0124718	49.66956329	0.98667949	0.04306872898470135	0.00716162	8e-05
-0.0177	-0.0848	-0.0141	0.002038544566329377	0.001270599695451872	-0.0009861110273767962	1.02994263	50.52664185	0.99042383	0.018044640137963135	0.00744981	9e-05
-0.0172	-0.0574	-0.0039	0.0019163715186897737	0.0011414453308042916	-0.0010297442586766543	1.03449404	50.74992371	0.99636695	0.05284803217935208	0.00671101	6e-05
-0.0155	-0.0046	-0.0177	0.0012688543661998775	0.0012688543661998775	-0.00091106186954104	1.03444874	50.74770355	1.01482069	0.1129804288510548	0.00716501	0.00012
-0.0155	-0.0733	-0.0379	0.0014189526818713899	0.0010576695267085637	-0.0009564404300928925	1.03023016	50.54074478	1.01231549	0.10923308578573394	0.00694013	9e-05
-0.0142	-0.0801	-0.0269	0.0016999506914424768	0.0012147491593880533	-0.0009843656981248017	1.0022006	49.16567993	0.98304442	0.042400145514124285	0.00718641	6e-05
-0.0099	-0.0747	-0.0299	0.00200363798128949	0.0012932889757277981	-0.0009773843811168245	1.01140881	49.61741638	0.98194589	0.032160421159736774	0.00700819	4e-05
-0.0099	-0.065	-0.0269	0.0021101030656611444	0.001324704902263696	-0.0009424777960769379	0.98306072	48.22672272	0.97330592	0.021339379797371927	0.00717282	6e-05
-0.0165	-0.0187	-0.0204	0.0013857914260834976	0.0012339477811599909	-0.0010157816246606998	1.05800688	51.90341187	1.01977481	0.10381862946325568	0.00733149	0.00012
-0.0211	-0.0575	-0.0364	0.0014887658519511632	0.0012461650859239514	-0.0010663961729685354	1.01400483	49.74476624	0.99139486	0.06769031394697307	0.00725859	0.00011
-0.0232	-0.081	-0.0319	0.001762782544514273	0.0013369222070276565	-0.0010332349171806431	1.00966811	49.53202057	0.97997685	0.04999675347273535	0.00685644	4e-05
-0.018	-0.0763	-0.0313	0.0020315632493213996	0.001408480706359424	-0.00102799892942466	1.0002439	49.06968689	0.98171892	0.027778759594743848	0.00707859	7e-05
-0.0156	-0.0459	-0.0103	0.0017366026057343581	0.0013124875974997359	-0.001001818990644745	1.05114472	51.56676865	1.01215208	0.07465668456133222	0.00684273	0.00011
-0.0203	-0.0373	-0.0314	0.0014224433403753785	0.001254891732183923	-0.0011047934165124105	1.0350101	50.77523804	1.00517196	0.0581364778271229	0.00702631	0.0001
-0.0219	-0.0875	-0.0307	0.001593485607070823	0.001155407964820246	-0.0011641346110802177	0.99984294	49.05001831	0.99321584	0.06899336143134643	0.00719488	0.00011
-0.0242	-0.0957	-0.0286	0.0017994344588061536	0.0011536626355682519	-0.0011623892818282235	0.99810731	48.96487427	0.97782563	0.02307197551196595	0.00783378	7e-05
-0.0221	-0.0777	-0.0269	0.002089159114637212	0.0011536626355682519	-0.0011606439525762293	1.02771759	50.4174881	0.99746532	0.03637349925415263	0.00835115	6e-05
-0.0208	-0.0356	-0.0099	0.0016667894356545846	0.0011885692206081383	-0.0011135200627723821	1.04411829	51.22206879	1.01027066	0.08562000769131807	0.00705492	6e-05
-0.0248	-0.0368	-0.0275	0.0014329153158873448	0.0011431906600562858	-0.0011327186845443199	0.98340774	48.2437439	0.97858813	0.03772256510455151	0.00700706	8e-05
-0.0193	-0.0812	-0.0339	0.001912880860185785	0.0010733774899765126	-0.0011065387457644049	0.99712127	48.91650009	0.98770632	0.08509793265790638	0.0067715	5e-05
-0.0207	-0.0747	-0.0326	0.002134537675189065	0.001158898623324235	-0.0011938052083641214	1.02360451	50.21570587	0.98951478	0.028922220547535925	0.00711805	6e-05
-0.0223	-0.0783	-0.0275	0.002333505209916419	0.0012199851471440364	-0.0012269664641520136	1.02941167	50.50059509	0.99420604	0.024960765716752372	0.00774205	0.0001
-0.0221	-0.044	-0.0176	0.0020210912738094335	0.0011414453308042916	-0.0011519173063162574	0.99614102	48.86841202	0.98692062	0.06770014551412432	0.00671202	4e-05
-0.0292	-0.0302	-0.0394	0.0017715091907742446	0.0011239920382843482	-0.001256637061435917	1.02812362	50.43740463	1.00073057	0.06128775653373958	0.00758612	0.00017
-0.0277	-0.0861	-0.0386	0.0018238690683340744	0.0012147491593880533	-0.0011798425743481666	1.02683854	50.37435913	1.0051832	0.06919557428756426	0.00739431	0.00013
-0.028	-0.083	-0.0307	0.0019757127132575807	0.0012793263417118436	-0.0011571532940722405	1.01404548	49.74676132	0.98366199	0.023255505376161136	0.00742179	8e-05
-0.0266	-0.0792	-0.0226	0.002136283004441059	0.0013648474750595659	-0.0011414453308042916	0.98823392	48.4805069	0.97537992	0.026389969389957486	0.00715709	0.00012
-0.0296	-0.0357	-0.0048	0.001595230936322817	0.0012618730491919003	-0.001181587903600161	1.04625738	51.32700729	1.01749848	0.09850845333908888	0.00700718	0.00011
-0.03	-0.0375	-0.0214	0.001473057888683214	0.001239183768915974	-0.001192059879112127	1.0139755	49.74333191	0.99402785	0.026566715171374752	0.00691879	7e-05
-0.0272	-0.0893	-0.0167	0.0017366026057343581	0.001254891732183923	-0.0011414453308042916	0.99988288	49.05197906	0.98626263	0.07579336143134643	0.00677812	6e-05
-0.0268	-0.0773	-0.014	0.001895427567665842	0.0013753194505715315	-0.0010960667702524388	1.00297117	49.20348358	0.98093312	0.03133156204354726	0.00762576	8e-05
-0.0236	-0.0725	-0.0109	0.0019285888234537342	0.001520181778487061	-0.0009546951008408983	1.0190233	49.99096298	0.98775873	0.027069762655748113	0.00770944	4e-05
-0.0223	-0.0686	-0.0048	0.0019041542139258136	0.0014224433403753785	-0.000947713783832921	1.0288502	50.47304916	0.99540722	0.017757718232379028	0.00751561	5e-05
-0.0262	-0.0259	-0.0132	0.001335176877775662	0.0013665928043115599	-0.001022762941668677	1.01047027	49.57137299	0.99555608	0.0899938515024863	0.00731122	7e-05
-0.031	-0.0703	-0.0261	0.0014974924982111347	0.0012269664641520136	-0.0010454522219446034	1.00955272	49.52635956	0.9925734	0.07833156204354724	0.00763828	4e-05
-0.0356	-0.0859	-0.0195	0.001790707812546182	0.0012723450247038664	-0.0011501719770642632	1.0155766	49.82187653	0.98644206	0.04896568150032799	0.00811726	8e-05
-0.0332	-0.0744	-0.016	0.001970476725501598	0.001254891732183923	-0.0011519173063162574	1.01154685	49.62418747	0.98171233	0.027348376736367697	0.00796592	8e-05
-0.0292	-0.0674	-0.0156	0.0020245819323134223	0.0012217304763960308	-0.0011117747335203881	1.00284886	49.19748306	0.98011347	0.01777045176977928	0.00880587	8e-05
-0.0265	-0.0663	-0.0172	0.002097885760897184	0.0011606439525762293	-0.0011082840750163993	1.031533	50.60466003	0.99272178	0.012294050545377608	0.010264	6e-05
-0.0276	-0.0366	-0.0147	0.0017645278737662671	0.001254891732183923	-0.0010681415022205296	1.04076505	51.05756378	1.00323848	0.056687411976724014	0.00717139	9e-05
-0.0278	-0.045	-0.0323	0.0015358897417550098	0.0013665928043115599	-0.0010629055144645468	1.00618923	49.36135483	0.99029409	0.04347875959474385	0.00674206	9e-05
-0.026	-0.0852	-0.0321	0.001853539665617978	0.001324704902263696	-0.0010786134777324957	1.02724922	50.39450836	0.99928324	0.060962289458939056	0.00694263	0.00014
-0.0241	-0.0745	-0.0233	0.002008873969045473	0.0014189526818713899	-0.0011082840750163993	1.0264281	50.35422516	0.99170245	0.03536263401595463	0.00721991	0.0001
-0.0218	-0.0706	-0.0196	0.002183406894244906	0.0014137166941154068	-0.0010821041362364843	0.99510479	48.81757736	0.97978172	0.020197442586766548	0.00676948	8e-05
-0.0202	-0.0321	-0.0194	0.0018256143975860688	0.0013683381335635543	-0.0009965830028887623	1.04434788	51.23332977	1.00851367	0.0647346095279206	0.00740004	0.0001
-0.024	-0.0452	-0.032	0.0014486232791552935	0.0013857914260834976	-0.0010786134777324957	1.03058422	50.55811691	0.99920719	0.0533237442897226	0.00708383	0.00012
-0.0262	-0.0874	-0.0272	0.0016807520696705393	0.0013194689145077131	-0.0011676252695842063	1.02972329	50.51588058	1.00047099	0.06857315469713707	0.0067932	7e-05
-0.0246	-0.081	-0.0218	0.0019792033717615696	0.001244419756671957	-0.0012007865253720988	0.99428475	48.77734756	0.98041739	0.033733085785733946	0.00732791	8e-05
-0.0202	-0.0686	-0.0178	0.0021327923459370708	0.0011885692206081383	-0.0011833332328521555	1.02164149	50.11940765	0.99048006	0.03214464013796317	0.00766301	6e-05
-0.0243	-0.0469	-0.0055	0.0017313666179783749	0.0012479104151759456	-0.0011990411961201044	1.03992438	51.01632309	1.00224078	0.0619237442897226	0.00732028	6e-05
-0.0262	-0.0336	-0.0263	0.0014887658519511632	0.0012304571226560022	-0.0011938052083641214	0.99720353	48.92053604	0.99076445	0.0492645023151569	0.00746179	8e-05
-0.0255	-0.0718	-0.0263	0.001785471824790199	0.0011885692206081383	-0.0011519173063162574	1.02182472	50.12839508	1.00109197	0.05792408884673819	0.00708663	7e-05
-0.0248	-0.0787	-0.0319	0.002282890661608583	0.00124965574442794	-0.001181587903600161	1.03615034	50.83117676	0.99765118	0.04260879789610447	0.00866312	0.0001
-0.0242	-0.0587	-0.0233	0.001853539665617978	0.0012897983172238095	-0.0011501719770642632	1.01636112	49.86036301	0.99116916	0.05424547476611861	0.00674319	4e-05
-0.0267	-0.0427	-0.0376	0.0014556045961632708	0.0013212142437597075	-0.0011344640137963143	1.01531053	49.80882263	0.99253501	0.055052947962927715	0.00701493	4e-05
-0.0266	-0.0767	-0.0469	0.0017366026057343581	0.001322959573011702	-0.0011606439525762293	1.02033794	50.05545425	0.99839862	0.05884616388014984	0.00730211	8e-05
-0.0279	-0.0875	-0.048	0.002228785454796759	0.0013945180723434693	-0.0012479104151759456	1.03120577	50.58860779	0.99480471	0.04575039054969421	0.00721991	7e-05
-0.0263	-0.0674	-0.0423	0.002450442269800039	0.0013421581947836393	-0.0012845623294678264	0.9945392	48.78982925	0.97923903	0.042933430342749525	0.00730443	6e-05
-0.025	-0.0305	-0.0224	0.0020350539078253884	0.0013072516097437528	-0.0012130038301360591	1.0486542	51.44458771	1.02073667	0.0841926723173152	0.0069226	6e-05
-0.0256	-0.014	-0.0413	0.0016283921921107093	0.001265363707695889	-0.0012671090369478833	1.03550506	50.7995224	1.00585049	0.06113274122871837	0.00710285	7e-05
-0.0285	-0.0688	-0.0389	0.001785471824790199	0.0012304571226560022	-0.0012479104151759456	1.01582301	49.8339653	0.99951583	0.07065924197456572	0.00642705	6e-05
-0.0279	-0.0735	-0.0276	0.0020594885173533086	0.0012636183784438947	-0.0012339477811599909	0.97600049	47.88036346	0.97473475	0.03265702911834783	0.00727695	9e-05
-0.0258	-0.0692	-0.0212	0.0021537362969610025	0.0013683381335635543	-0.0011746065865921838	1.01865995	49.97314072	0.99025104	0.025715436464758025	0.00719458	4e-05
-0.0213	-0.0622	-0.0185	0.0022759093446006054	0.0014538592669112763	-0.0011047934165124105	1.02248192	50.1606369	0.99010195	0.028075367553354914	0.00697756	8e-05
-0.0126	-0.0349	-0.0202	0.0015603243512829306	0.0013316862192716734	-0.0010454522219446034	1.02941728	50.50086594	1.01122998	0.08255496177625422	0.00686234	0.0001
-0.0196	-0.0691	-0.0453	0.0015655603390389136	0.0012950343049797925	-0.0011187560505283654	1.00841701	49.4706459	0.99489086	0.07205958653158127	0.00747198	9e-05
-0.0231	-0.1057	-0.0385	0.001933824811209717	0.0012426744274199627	-0.0011135200627723821	1.00703585	49.40288544	0.99043813	0.06819301687433083	0.00716823	6e-05
-0.0221	-0.0995	-0.0333	0.002239257430308725	0.0012793263417118436	-0.0011763519158441782	1.00829208	49.46451187	0.98470194	0.032645819323134234	0.00719756	0.0001
-0.0219	-0.0725	-0.0301	0.0024260076602721182	0.0012601277199399059	-0.0011449359893082802	1.01261139	49.67641068	0.98400841	0.04226823891356146	0.00706345	8e-05
-0.0174	-0.0378	-0.013	0.0018709929581379211	0.0012461650859239514	-0.001059414855960558	0.99975258	49.04558563	0.99184293	0.08902492347489371	0.0071255	6e-05
-0.0114	-0.0255	-0.0314	0.0017016960206944712	0.0011885692206081383	-0.0009616764178488756	1.029109	50.48574448	1.00070591	0.052931562043547264	0.00705832	4e-05
-0.0146	-0.065	-0.0341	0.0019582594207376374	0.001239183768915974	-0.0010245082709206715	0.99628067	48.87526321	0.98343434	0.06390049007113989	0.00696957	8e-05
-0.0161	-0.0646	-0.0252	0.0021676989309769574	0.001308996938995747	-0.0009424777960769379	1.0075556	49.42838669	0.98214424	0.02886415775814133	0.00677532	9e-05
-0.0177	-0.065	-0.0163	0.0021991148575128553	0.0013857914260834976	-0.0010122909661567112	0.98758531	48.44868851	0.97812454	0.01980117918517108	0.00692695	9e-05
-0.0212	-0.0189	-0.0094	0.0016877333866785165	0.0013596114873035826	-0.0010663961729685354	1.04210901	51.12349701	1.00866134	0.0860833308213039	0.00750184	7e-05
-0.0207	-0.0579	-0.0242	0.0017715091907742446	0.0012618730491919003	-0.0011082840750163993	1.01154351	49.62401962	0.99150795	0.06547010721276371	0.00719291	6e-05
-0.0224	-0.0847	-0.0174	0.0020734511513692635	0.0011850785621041497	-0.0011187560505283654	1.00940084	49.51890945	0.98626439	0.05476042115973677	0.00705415	7e-05
-0.0225	-0.0748	-0.0141	0.0022218041377887812	0.0011327186845443199	-0.0011431906600562858	0.98365122	48.25569153	0.97273477	0.024557373675363384	0.00754356	6e-05
-0.0256	-0.0718	-0.0114	0.0021589722847169856	0.0010419615634406148	-0.0012130038301360591	1.02589214	50.32793427	0.99176962	0.019970107212763714	0.00788164	9e-05
-0.0301	-0.046	-0.021	0.0019512781037296606	0.001043706892692609	-0.0013020156219877698	1.02983749	50.52148438	0.99809598	0.0548225651045515	0.0088644	6e-05
-0.0255	-0.0652	-0.0274	0.002165953601724963	0.0010157816246606998	-0.00119729586686811	0.98477972	48.31105042	0.97917868	0.04756602605734355	0.00718546	8e-05
-0.0253	-0.0517	-0.0249	0.0020001473227855013	0.001165879940332212	-0.0011257373675363424	1.0065273	49.37793732	0.9833286	0.035573154697137045	0.00663489	7e-05
-0.0185	-0.0669	-0.0368	0.0022497294058206906	0.0010960667702524388	-0.0011047934165124105	1.01609421	49.84727097	0.98683123	0.05091696020694472	0.00732321	6e-05
-0.0166	-0.0727	-0.0373	0.002513274122871834	0.0011327186845443199	-0.0010873401239924673	1.01972103	50.02519226	0.98483603	0.024082496193148378	0.00716525	5e-05
-0.0171	-0.0696	-0.0335	0.002621484536495483	0.0011885692206081383	-0.001043706892692609	0.99010038	48.57207108	0.97564092	0.017784709049366285	0.00730276	8e-05
-0.0219	-0.0243	-0.0243	0.0019058995431778078	0.001244419756671957	-0.0011100294042683937	1.03948987	50.99500656	1.01423458	0.10118790204786392	0.00665873	4e-05
-0.0232	-0.0455	-0.0414	0.0019041542139258136	0.0011798425743481666	-0.0011536626355682519	1.01083052	49.58904648	0.98835606	0.045097787143782125	0.00650567	3e-05
-0.0229	-0.0783	-0.0302	0.0021013764194011725	0.0011152653920243766	-0.0011676252695842063	0.99434876	48.78048706	0.98692613	0.05808810109075516	0.00653195	6e-05
-0.0173	-0.0657	-0.0327	0.0024015730507441976	0.0010960667702524388	-0.0011065387457644049	1.0105747	49.57649612	0.98670593	0.03972408884673822	0.00766265	0.00011
-0.0132	-0.0347	-0.0425	0.002230530784048753	0.001059414855960558	-0.001022762941668677	1.04873168	51.44838715	1.01679322	0.059473499254152656	0.00941199	0.00017
-0.0142	-0.0618	-0.0587	0.0019442967867216831	0.0009424777960769379	-0.0009808750396208131	1.02349567	50.21036911	1.00142484	0.06655294796292768	0.00814921	8e-05
-0.0123	-0.0931	-0.0485	0.002235766771804736	0.0009913470151327792	-0.0009337511498169664	0.99059826	48.59649658	0.98435144	0.06277315469713705	0.00700152	5e-05
-0.0088	-0.0818	-0.0499	0.002597049926967562	0.0010978120995044332	-0.0008709192967451704	1.00976694	49.53686905	0.98349318	0.04272900463031378	0.00764441	5e-05
-0.0085	-0.0687	-0.038	0.0026267205242514655	0.0011536626355682519	-0.0009704030641088471	1.03313076	50.68304443	0.99679155	0.03455024503556996	0.00726372	5e-05
0.003	-0.0179	-0.0106	0.0018709929581379211	0.0010314895879286487	-0.0007138396640656808	1.0564059	51.82487106	1.0238802	0.1464232006898157	0.00678587	6e-05
0.0017	-0.0228	-0.0408	0.0017610372152622785	0.000905825881785057	-0.000731292956585624	1.00412548	49.26011276	0.99188653	0.04905363707695888	0.00707489	0.00012
-0.0025	-0.0838	-0.0423	0.002155481626212997	0.000947713783832921	-0.000874409955249159	1.017084	49.89582825	1.01207849	0.09567246558310584	0.00783175	7e-05
0.0015	-0.0769	-0.0471	0.002778564169174973	0.0008831366015091308	-0.0008395033702092724	1.00927913	49.51293564	0.98875258	0.05182831551628264	0.00860965	0.0001
0.0008	-0.0728	-0.0349	0.0026581364507873638	0.000895353906273091	-0.000905825881785057	1.01427448	49.75799942	0.98824867	0.02694837673636769	0.00728774	0.00012
0.0003	-0.0324	-0.0307	0.0022602013813326567	0.0008482300164692441	-0.0008656833089891874	1.00006628	49.06097794	0.99654235	0.06936007660272117	0.00698233	6e-05
0.0019	-0.0391	-0.053	0.0020682151636132805	0.0007557275661135446	-0.000804596785169386	0.99075031	48.60395432	0.97863904	0.047878759594743865	0.00750917	6e-05
-0.0005	-0.0821	-0.0493	0.002363175807200322	0.0007888888219014368	-0.0008464846872172499	1.0056771	49.33623123	0.99107951	0.06760049007113988	0.00730711	8e-05
-0.0034	-0.0717	-0.0425	0.002469640891571976	0.0008831366015091308	-0.0009494591130849152	1.01996624	50.03722	0.9918709	0.035284364492350645	0.00790775	0.0001
0.0004	-0.0578	-0.0442	0.0026668630970473357	0.0008517206749732328	-0.0009302604913129776	1.00988424	49.54262161	0.98235701	0.03179183768915976	0.00756222	0.0001
0.0006	-0.0339	-0.0332	0.0023771384412162766	0.000879645943005142	-0.0008464846872172499	1.012447	49.66834259	0.99149552	0.0551712863979348	0.00716585	6e-05
0.0086	0.003	-0.0038	0.0015289084247470327	0.0007173303225696694	-0.0010000736613927507	1.06241083	52.11945724	1.05521743	0.13250673055401083	0.00765622	0.00019
0.0071	0.0298	0.0133	0.0017174039839624202	0.0007609635538695277	-0.0013055062804917586	1.01270235	49.68087387	1.02591691	0.07227807048071269	0.00938469	0.00169
0.0068	-0.0542	-0.0359	0.0022410027595607188	0.0002600540585471551	-0.0015166911199830724	1.0221144	50.14260483	1.02646357	0.19528465552059923	0.0108043	0.00081
-0.0042	-0.1788	-0.0407	0.0023544491609403502	0.0003822271061867582	-0.001424188669627373	1.06456769	52.2252655	1.10439083	0.1568060949687467	0.00993758	0.00056
-0.0097	-0.172	-0.0234	0.002267182698340634	0.0004886921905584122	-0.001329940890019679	0.98677474	48.4089241	0.98936933	0.04399896632895322	0.00860471	0.00035
-0.0068	-0.1281	-0.019	0.0023928464044842257	0.0005253441048502931	-0.0011344640137963143	0.97581321	47.87117386	0.98444769	0.06908962483294187	0.00803798	0.00014
-0.0064	-0.0763	-0.014	0.002488839513343914	0.0004939281783143952	-0.0009721483933608416	1.07063067	52.52270126	1.02177988	0.07168623279155292	0.00805885	0.00019
-0.0005	-0.0272	-0.0163	0.0029024825460665696	0.0005427973973702365	-0.000926769832808989	1.06173062	52.08609009	1.01713836	0.08269454061651747	0.00892574	0.00018
-0.0023	0.0356	-0.0084	0.002441715623540067	0.0005916666164260777	-0.0009564404300928925	1.04051507	51.04530334	1.03224421	0.09946533694331235	0.00800997	0.00016
-0.0027	0.0201	-0.0199	0.0025603980126756814	0.0006318091892219474	-0.0008918632477691023	1.01631606	49.8581543	0.99955734	0.03857010721276372	0.00844067	0.0002
-0.0	-0.006	-0.0174	0.0027890361446869386	0.0006230825429619757	-0.0008412486994612669	1.02961957	50.51079559	0.99498609	0.04569896632895322	0.00869793	0.00026
0.0005	-0.0252	-0.0164	0.002928662484846485	0.0006702064327658224	-0.0007819075048934597	1.02481973	50.27532578	0.99597343	0.03300457122656001	0.00778866	0.0001
0.0052	-0.052	-0.0156	0.0029373891311064567	0.0006387905062299246	-0.0007539822368615504	1.0188539	49.98265457	0.98691607	0.035703392041388955	0.00868595	0.00023
0.0044	-0.0737	-0.0145	0.002921681167838507	0.00047822021504644627	-0.0007888888219014368	1.05084252	51.55194092	1.00492165	0.03415924197456572	0.009413	0.00046
0.0023	-0.084	-0.0091	0.002930407814098479	0.00031415926535897925	-0.0009075712110370514	1.03846574	50.94476318	0.99820404	0.03237349925415267	0.00933301	0.00034
-0.0047	-0.0812	-0.0004	0.0025254914276357948	0.0004188790204786391	-0.0009145525280450286	1.01659453	49.87181473	0.99071116	0.04433087292951609	0.00965029	0.00047
-0.0081	-0.0916	-0.0088	0.002513274122871834	0.00032637657012293966	-0.0009372418083209549	1.03533959	50.79140472	0.99901088	0.028570451769779327	0.0106488	0.00088
-0.0121	-0.0856	-0.0016	0.0025516713664157096	0.0002617993877991494	-0.0010035643198967395	1.03316748	50.68484497	0.99673628	0.025664846872172527	0.0109816	0.00143
-0.0128	-0.0665	-0.0032	0.002713986986851182	0.0002617993877991494	-0.001001818990644745	1.00009918	49.06258774	0.98126643	0.029603047484373344	0.0115939	0.00143
-0.0123	-0.0441	-0.0033	0.0027384215963791032	7.504915783575618e-05	-0.0010576695267085637	1.03388262	50.71992874	1.00281531	0.03635176877775665	0.01247	0.00173
-0.0124	-0.0269	-0.0039	0.0027436575841350863	5.235987755982988e-06	-0.0011152653920243766	1.0340091	50.72613144	0.99914432	0.02453225115757845	0.0126089	0.00165
-0.0084	-0.019	-0.0025	0.002698279023583233	0.000153588974175501	-0.0009826203688728075	0.99777406	48.94852448	0.99104782	0.029618828506147013	0.0105887	0.00125
-0.0084	-0.0205	-0.0067	0.002846632010002751	0.0002565634000431664	-0.0009372418083209549	1.02545357	50.30641937	0.99283919	0.020535298641951808	0.0102693	0.001
-0.0099	-0.0412	-0.0058	0.002925171826342496	0.0003874630939427412	-0.0009546951008408983	1.03127074	50.59179688	0.99848361	0.03444464013796315	0.0098511	0.00075
-0.0093	-0.0386	0.0025	0.0024818581963359366	0.00042236967898262774	-0.000895353906273091	1.02755141	50.40933609	0.99708784	0.03837807048071266	0.00883806	0.00033
-0.011	-0.032	-0.0128	0.0020594885173533086	0.00041189770347066176	-0.0008569566627292158	1.00612998	49.35844421	0.99082986	0.04716194490192346	0.0083254	0.00018
-0.0095	-0.0973	-0.0297	0.002366666465704311	0.00023387411976724014	-0.0009512044423369096	1.02660465	50.36288834	1.00450937	0.11267246558310588	0.00896555	0.00016
-0.007	-0.0952	-0.0325	0.0027035150113392165	0.00017976891295541595	-0.0010053096491487337	1.01581514	49.8335762	0.9913044	0.029652947962927684	0.0106249	0.00019
-0.0019	-0.0689	-0.028	0.002802998778702893	0.0001361356816555577	-0.0009389871375729493	1.02967954	50.51373291	0.99766893	0.046371975511965965	0.00851136	8e-05
0.0007	-0.0388	-0.0278	0.0023474678439323734	0.00013788101090755203	-0.0008552113334772215	0.99831003	48.97481918	0.98922334	0.059952603405912096	0.008156	8e-05
0.0063	-0.0594	-0.0408	0.0024556782575560214	5.759586531581287e-05	-0.0008429940287132613	0.99506342	48.81554794	0.9910145	0.049235643198967366	0.00794667	4e-05
0.0088	-0.0593	-0.0387	0.0027890361446869386	0.0001361356816555577	-0.0008552113334772215	1.00314403	49.21195984	0.98119166	0.02590575041173112	0.00816506	0.00011
0.0131	-0.0433	-0.032	0.0029269171555944902	0.00013439035240356338	-0.0008307767239493009	1.01634049	49.85935211	0.98626234	0.03520304748437333	0.00794512	9e-05
0.0088	-0.0115	-0.0177	0.0024242623310201236	0.0002740166925631097	-0.0007993607974134029	0.99570292	48.84692001	0.98611669	0.08408485456349053	0.00769687	8e-05
0.0065	-0.0165	-0.022	0.0021589722847169856	0.00026354471705114377	-0.0008150687606813518	1.01115012	49.60472107	0.99097147	0.02617349925415264	0.00808758	0.00012
0.0096	-0.0583	-0.0198	0.002336995868420407	0.00014311699866353502	-0.0007347836150896127	1.01065409	49.58039093	0.99291458	0.06603682238413845	0.00756091	0.0001
0.0109	-0.0688	-0.0159	0.002516764781375823	8.726646259971648e-05	-0.0007888888219014368	1.00816858	49.45845795	0.98361617	0.030186232791552935	0.00773293	0.0001
0.0107	-0.064	-0.0162	0.0026808257310632897	0.00011170107212763708	-0.0007819075048934597	0.97349805	47.75759888	0.97087162	0.015073843811168225	0.00785673	0.00012
0.007	-0.0442	-0.0137	0.0021746802479849347	0.0001972222054753592	-0.0007295476273336296	1.00753748	49.42749786	0.988663	0.05820132469929536	0.00782824	0.00011
0.0054	-0.0555	-0.0346	0.002228785454796759	0.000158824961931484	-0.0007731808586334879	1.00833261	49.46650314	0.98845355	0.04060678408277788	0.0079354	5e-05
0.0088	-0.0845	-0.0434	0.0026843163895672786	8.37758040957278e-05	-0.0007452555906015787	1.00627446	49.36553192	0.99122668	0.06912526803190926	0.00844371	6e-05
0.0088	-0.0732	-0.036	0.0029880036794142917	0.0001239183768915974	-0.000778416846389471	1.00073874	49.09396744	0.98316261	0.03754955592153875	0.0080955	0.00012
0.0074	-0.0388	-0.0209	0.0026546457922833754	0.00020420352248333657	-0.0007435102613495844	0.99421024	48.77369308	0.98368478	0.0733274808881271	0.00772965	6e-05
0.0028	-0.0148	-0.0331	0.002131047016685076	0.00014660765716752367	-0.0007801621756414653	1.02640474	50.35308075	1.00289698	0.07169232776029966	0.007976	0.00012
-0.0021	-0.0512	-0.0438	0.0024591689160600103	7.155849933176751e-05	-0.0009285151620609833	0.99589658	48.85641861	0.98431217	0.07957620218151042	0.00807345	0.0001
-0.0015	-0.0578	-0.034	0.0027855454861829498	0.00011170107212763708	-0.0009128071987930344	1.00128877	49.12094879	0.97898827	0.036111355309337886	0.00793457	7e-05
-0.0016	-0.0389	-0.0206	0.0027628562059070234	0.0001832595714594046	-0.0009494591130849152	0.97896188	48.0256424	0.97188731	0.03894498469497873	0.00808185	0.0001
-0.0051	-0.0074	-0.0262	0.0022689280275926286	0.00024609142453120044	-0.0008988445647770796	1.01116478	49.60544205	1.00520318	0.07096872898470132	0.00833404	0.00013
-0.0048	-0.0592	-0.044	0.0025045474766118626	0.00017453292519943296	-0.0009145525280450286	1.00627446	49.36553574	1.01081263	0.08604429558094752	0.00770169	8e-05
-0.0011	-0.0726	-0.0443	0.002813470754214859	0.0001884955592153876	-0.0009424777960769379	0.99570286	48.8469162	0.98045992	0.03494055898254302	0.00795269	0.00012
0.0052	-0.0585	-0.0446	0.003082251459021986	8.37758040957278e-05	-0.0009162978572970229	1.00331748	49.22047424	0.98038797	0.04068401993533508	0.00818467	0.00013
0.0062	-0.0474	-0.031	0.0028187067419708422	0.000153588974175501	-0.0008552113334772215	0.98066926	48.1094017	0.97577992	0.045422220547535926	0.00825924	0.00013
0.0032	-0.0092	-0.0349	0.002197369528260861	0.0002530727415391778	-0.0008412486994612669	1.02669334	50.36724091	1.01150067	0.08183918075448064	0.00808185	0.00013
0.0029	-0.0527	-0.0504	0.0024766222085799536	0.00014660765716752367	-0.0009529497715889039	1.00549006	49.32705688	0.99229237	0.08417094184091918	0.00813937	0.00012
0.0011	-0.0649	-0.0481	0.002780309498426967	0.00015707963267948963	-0.0009948376736367678	1.00988603	49.54270935	0.98933177	0.03410235837034217	0.00988591	0.00016
0.0101	-0.0555	-0.0457	0.0030595621787460597	5.759586531581287e-05	-0.0009075712110370514	1.00872791	49.48589325	0.98429922	0.044100145514124285	0.0103142	0.00017
0.0096	-0.0276	-0.031	0.002574360646691636	8.028514559173915e-05	-0.0008604473212332044	1.00809729	49.45495987	1.00012991	0.07085073510670985	0.00888044	0.00012
0.0074	-0.0327	-0.0422	0.0022741640153486112	0.0002513274122871834	-0.0009093165402890458	1.03012776	50.53572083	1.00080754	0.044505405854715525	0.0086422	0.0001
0.0083	-0.0747	-0.0455	0.002595304597715568	0.0001884955592153876	-0.0008726646259971648	1.00973737	49.53541565	0.9978108	0.06723121748653167	0.00834459	9e-05
0.0018	-0.0711	-0.0389	0.0028658306317746896	0.0001186823891356144	-0.0010035643198967395	1.00925827	49.5119133	0.98345786	0.04026194490192348	0.00860512	0.00015
0.0049	-0.0604	-0.0371	0.0029146998508305304	0.0001675516081914556	-0.0009494591130849152	0.9871217	48.42594528	0.97544749	0.023192182246175305	0.00914711	0.00012
0.0096	-0.055	-0.0406	0.0031223940318178558	0.00022863813201125715	-0.000804596785169386	1.03517151	50.78315735	1.00988513	0.0342821516361328	0.010571	0.00015
0.0066	-0.0051	-0.0376	0.002452187599052033	0.0003438298626428829	-0.0008080874436733745	1.04811192	51.41798782	1.0163896	0.09534444109507184	0.00802392	8e-05
0.0055	-0.0344	-0.0459	0.0021938788697568722	0.00039269908169872416	-0.0008185594191853405	1.00504458	49.30519867	0.99226258	0.0545824961931484	0.00792915	9e-05
0.0038	-0.0685	-0.0349	0.0025726153174396417	0.00043458698374658803	-0.0008011061266653974	0.98689228	48.41468811	0.98413792	0.06870388211252883	0.0083642	6e-05
0.002	-0.0673	-0.0337	0.0027872908154349444	0.000439822971502571	-0.0008203047484373349	1.00859189	49.47922516	0.98720211	0.016155505376161165	0.00858116	0.00015
0.0015	-0.0602	-0.0359	0.0030211649352021846	0.00039968039870670147	-0.0008482300164692441	1.01657104	49.87065887	0.99063975	0.02489709802975095	0.00966793	0.00016
0.0012	-0.0391	-0.0345	0.002935643801854462	0.0003630284844148205	-0.0008342673824532895	1.02057481	50.06707764	0.99295111	0.029606784082777896	0.0100682	0.00013
0.0033	-0.0142	-0.0541	0.0026843163895672786	0.0002024581932313422	-0.0007941248096574199	0.99590707	48.85693359	0.99496755	0.06920201381332657	0.00922054	0.00017
0.0028	-0.0493	-0.0555	0.002516764781375823	0.0002181661564992912	-0.0007906341511534313	1.00124216	49.11865997	0.98971075	0.046337511498169656	0.00838751	0.0001
0.0115	-0.0543	-0.0487	0.0026825710603152844	0.00026354471705114377	-0.0006736970912698113	0.99917537	49.01726913	0.98218466	0.036906094968746715	0.00855595	0.00013
0.0118	-0.053	-0.0513	0.0029688050576423546	0.00034557519189487725	-0.000705113017805709	1.00752103	49.42668915	0.98499978	0.02418401993533507	0.0088402	0.00012
0.0132	-0.0516	-0.0472	0.0029688050576423546	0.0003787364476827695	-0.0006562437987498679	0.99000794	48.5675354	0.97780913	0.011001523742186664	0.00905263	0.00015
0.0138	-0.014	-0.0437	0.0024172810140121463	0.00042935099599060504	-0.0006108652381980154	1.03263879	50.65890884	1.00709452	0.07407585762449478	0.0101461	0.00018
0.0117	-0.0315	-0.0577	0.002234021442552742	0.00041015237421866745	-0.000645771823237902	1.0194422	50.01151657	0.99520773	0.04546823891356142	0.00875241	0.0001
0.0142	-0.0628	-0.055	0.0026040312439755396	0.000439822971502571	-0.0006300638599699529	1.00460875	49.28381729	0.99778688	0.0572694180987325	0.00803173	0.00013
-0.005	-0.0807	-0.1156	-0.0012793263417118436	-0.0017278759594743865	-0.0003822271061867582	1.423787	69.8477478	1.39170423	0.4126446635223767	0.0147649	0.0129
0.0016	-0.0652	-0.119	-0.0007609635538695277	-0.0017889624832941875	-0.0005602506898901797	1.15220988	56.52479172	1.13597213	0.06337364476827692	0.0138655	0.00917
0.0111	-0.0084	-0.1091	-0.0005148721293383271	-0.0014311699866353504	-0.00039793506945470715	1.0727185	52.62512589	1.03814907	0.11450997708127549	0.012833	0.00629
0.0159	-0.0095	-0.1227	0.00012740903539558605	-0.0017453292519943296	-0.00047822021504644627	1.01991689	50.03480148	0.9990959	0.07133627878423159	0.0132374	0.00646
0.0013	-0.0688	-0.117	0.0006963863715457374	-0.001387536755335492	-0.0005235987755982988	1.03041339	50.54973602	1.01053875	0.12820741966804203	0.0112692	0.00337
-0.0011	-0.0514	-0.1047	0.0010821041362364843	-0.001085594794740473	-0.0006492624817418905	0.99137568	48.63463593	0.98326202	0.07276617157146789	0.0111555	0.00189
0.0021	-0.0478	-0.0826	0.0011257373675363424	-0.0008883725892651138	-0.0006754424205218055	1.04215539	51.12577057	1.00623709	0.04225176877775661	0.0103292	0.001
0.0013	-0.014	-0.0708	0.0005811946409141118	-0.0007801621756414653	-0.0006492624817418905	1.03169692	50.61270142	1.01112705	0.08034665395128972	0.0101895	0.00127
-0.0032	-0.0718	-0.0788	0.0008726646259971648	-0.0007504915783575615	-0.0007138396640656808	1.01688886	49.88625336	1.00480617	0.08958588823453735	0.00980115	0.00093
-0.0084	-0.0819	-0.0737	0.0012880529879718153	-0.0005166174585903216	-0.0007731808586334879	0.98374909	48.26049042	0.97693517	0.05583018381548487	0.010046	0.00051
-0.0045	-0.0772	-0.0656	0.0014922565104551516	-0.0003874630939427412	-0.0007173303225696694	1.01857412	49.96892929	0.99419128	0.03616042115973676	0.0105074	0.0002
0.009	-0.0465	-0.0461	0.0012322024519079964	-0.0002670353755551324	-0.0005410520681182421	1.03747749	50.89628601	1.00680958	0.09153800156930957	0.00878072	0.00019
0.0088	-0.0273	-0.057	0.0007923794804054256	-0.00019198621771937622	-0.0005218534463463045	1.01525223	49.80596542	0.99832283	0.05700353755551323	0.00798059	0.00028
0.0181	-0.0696	-0.0581	0.0009442231253289323	-2.6179938779914945e-05	-0.0002670353755551324	0.9839499	48.27034378	0.98827564	0.081323399732707	0.00783497	0.00021
0.0211	-0.0797	-0.0493	0.0011850785621041497	0.00011170107212763708	-0.00018151424220741024	1.00696659	49.39949036	0.9866597	0.04511287905152457	0.00830334	0.0001
0.0263	-0.0708	-0.0543	0.001499237827463129	8.028514559173915e-05	-0.00023212879051524583	1.02267373	50.17004395	0.99335007	0.03890948701013564	0.00990134	0.00016
0.025	-0.0487	-0.0436	0.0012339477811599909	2.6179938779914945e-05	-0.00020594885173533088	1.02564681	50.31589508	0.99368786	0.05137875959474388	0.0100846	9e-05
0.0213	-0.0307	-0.0521	0.0009389871375729493	1.0471975511965975e-05	-0.00018500490071139895	0.99599773	48.86138153	0.98455592	0.04678062789394612	0.0106582	0.00013
0.0222	-0.0767	-0.0465	0.0012112585008840647	-1.3962634015954635e-05	-0.00013264502315156904	1.02254379	50.1636734	1.0032901	0.0699532925199433	0.0109354	0.00016
0.0229	-0.0514	-0.0355	0.0013055062804917586	1.7453292519943296e-05	-0.00013264502315156904	1.03273261	50.66350937	1.00282129	0.0432831853071796	0.00822592	0.00011
0.0202	-0.0667	-0.0396	0.0013212142437597075	3.4906585039886588e-06	-0.0001937315469713706	0.99871743	48.99480438	0.98100709	0.026637856055185257	0.00752068	9e-05
0.0213	-0.0663	-0.0396	0.0014660765716752368	8.37758040957278e-05	-0.00014486232791552936	1.01912391	49.9958992	0.98717795	0.015200834628155482	0.00788069	0.0001
0.0264	-0.0669	-0.0327	0.001621410875102732	0.00023911010752322313	-8.552113334772214e-05	1.03690946	50.86841965	0.99622066	0.031100490071139887	0.00770724	0.00014
0.0254	-0.0407	-0.024	0.0013753194505715315	0.00026354471705114377	-5.235987755982989e-05	1.03351271	50.70178223	1.00085776	0.05108436449235067	0.00721526	8e-05
0.0207	-0.0215	-0.0403	0.001090830782496456	0.0003874630939427412	-0.00013962634015954637	1.02095807	50.08587646	0.99477458	0.06498367537831948	0.00793976	0.00013
0.0254	-0.0597	-0.0439	0.0013892820845874865	0.0003211405823669566	-0.0001308996938995747	1.02928841	50.49454498	1.00492442	0.06517502299633934	0.00774181	6e-05
0.0275	-0.0712	-0.0353	0.0015777776438028737	0.0003717551306747922	-0.00015009831567151235	1.03264904	50.65941238	0.99393216	0.035115436464758024	0.00730532	3e-05
0.0291	-0.0677	-0.0304	0.0017331119472303693	0.00041015237421866745	-9.599310885968811e-05	0.99704194	48.9126091	0.98106827	0.02239183768915976	0.00741643	0.00016
0.0283	-0.0338	-0.0208	0.001322959573011702	0.0004729842272904633	-5.235987755982989e-05	1.0525775	51.63705826	1.00950639	0.07013087292951609	0.00771946	6e-05
0.0281	-0.0227	-0.0404	0.0010821041362364843	0.0005567600313861911	-9.773843811168246e-05	1.04966378	51.49411392	1.01072975	0.04940049007113989	0.00790066	0.00018
0.0268	-0.0662	-0.0396	0.0013055062804917586	0.0006492624817418905	-4.537856055185256e-05	1.00654483	49.37879562	0.99334308	0.06401322360854017	0.00732642	9e-05
0.0276	-0.0675	-0.0321	0.001614429558094755	0.0006946410422937432	-3.665191429188092e-05	1.0184896	49.96478271	0.98822953	0.02775142422074105	0.00770205	0.00015
0.0295	-0.0576	-0.0262	0.0018029251173101424	0.000710349005561692	-5.061454830783555e-05	1.03356779	50.70448303	0.99344496	0.028608307824964544	0.0078429	8e-05
0.0283	-0.0404	-0.0143	0.0014765485471872027	0.0007068583470577034	-6.806784082777885e-05	1.04076087	51.05735779	1.00288013	0.04766602605734358	0.00728565	0.00013
0.0269	-0.0075	-0.0152	0.000778416846389471	0.0007644542123735164	-0.0001064650843716541	1.02192318	50.13322449	1.01006403	0.07490624048287099	0.00797087	0.00028
0.0233	-0.0576	-0.0258	0.001043706892692609	0.0007923794804054256	-5.235987755982989e-05	1.02037382	50.05721664	1.011168	0.08166602605734355	0.0077067	0.00016
0.027	-0.083	-0.0193	0.0014311699866353504	0.0008499753457212384	8.028514559173915e-05	1.01874387	49.97725677	0.99485406	0.06448519912050618	0.0078094	0.00014
0.0251	-0.0821	-0.0163	0.001626646862858715	0.0009564404300928925	4.537856055185256e-05	1.01851571	49.96606064	0.98997264	0.02264242728174527	0.00729942	0.00015
0.0249	-0.0729	-0.0213	0.001762782544514273	0.0009564404300928925	1.9198621771937625e-05	0.99092114	48.61233521	0.97941637	0.02251578102177364	0.00740027	0.00013
0.0251	-0.0303	-0.0226	0.0012252211349000194	0.0009948376736367678	2.4434609527920616e-05	1.03780735	50.91246414	1.01519206	0.07315973204570558	0.00773436	0.00026
0.0261	-0.0409	-0.04	0.0011693705988362008	0.0009896016858807848	-3.316125578789226e-05	1.02686071	50.37545013	1.00209495	0.03493411945678073	0.0084936	9e-05
0.0287	-0.0685	-0.0314	0.0015638150097869194	0.000890117918517108	6.9813170079773176e-06	1.02864027	50.46274948	0.99978399	0.06550353755551326	0.00803339	0.00011
0.0318	-0.0553	-0.0291	0.0015777776438028737	0.0008779006137531476	2.268928027592628e-05	0.99003887	48.56905365	0.97911129	0.02069439510239318	0.00824314	0.0001
0.0332	-0.0476	-0.0235	0.0016057029118347831	0.0008988445647770796	8.726646259971648e-05	1.04110467	51.07422638	1.00130746	0.020372320068981577	0.0084973	0.00019
0.0467	-0.0278	-0.0188	0.001001818990644745	0.0006510078109938849	0.00010297442586766544	1.05810988	51.90846252	1.01583708	0.08137143191205908	0.00859272	0.00026
0.0393	-0.0346	-0.0226	0.0008569566627292158	0.0007679448708775049	8.028514559173915e-05	1.01194906	49.64391708	0.99077903	0.03222443340375377	0.0079506	0.00012
0.0328	-0.0863	-0.011	0.0010803588069844899	0.0009337511498169664	7.67944870877505e-05	1.00671995	49.38739014	1.00911292	0.08943495408493622	0.00793958	0.00013
0.031	-0.0958	-0.0113	0.0015341444125030156	0.0010000736613927507	0.00015009831567151235	1.029549	50.50733185	0.9965139	0.041270597283903594	0.00743252	0.0001
0.0294	-0.0767	-0.0112	0.0018133970928221085	0.0010803588069844899	8.37758040957278e-05	1.03877568	50.95996857	0.99774854	0.04209301687433083	0.00719094	8e-05
0.0279	-0.0452	-0.0061	0.001673770752662562	0.001075122819228507	5.759586531581287e-05	1.00971663	49.53440094	0.98759724	0.046652113334772205	0.0070222	6e-05
0.0237	-0.0087	-0.0206	0.0011536626355682519	0.0010192722831646884	1.3962634015954635e-05	1.05475235	51.74375153	1.02454948	0.08617959422289935	0.00814539	0.00019
0.0239	-0.0596	-0.0344	0.001403244718603441	0.0009686577348568529	-2.4434609527920616e-05	1.03385079	50.71836853	1.00652402	0.08182969374434501	0.00747967	0.00011
0.0249	-0.0677	-0.0292	0.0017994344588061536	0.0010000736613927507	-4.363323129985824e-05	1.02809215	50.43585968	0.99184078	0.0366402144255274	0.00692421	8e-05
0.0273	-0.0692	-0.0286	0.002097885760897184	0.0011519173063162574	3.490658503988659e-05	0.98864913	48.50087738	0.98158569	0.030941738167714106	0.0071584	9e-05
0.0254	-0.0478	-0.0277	0.0022846359908605773	0.0010995574287564276	-2.268928027592628e-05	1.03043664	50.55087662	1.00188902	0.0390352986419518	0.00736082	0.0001
0.0251	-0.0357	-0.0161	0.0016545721308906245	0.0009913470151327792	-5.585053606381854e-05	1.04508483	51.26948547	1.00726676	0.06257177646907465	0.00714439	8e-05
0.0218	-0.0198	-0.0304	0.001254891732183923	0.0010035643198967395	-4.363323129985824e-05	1.01635313	49.85997009	0.99530323	0.0547057504117311	0.00713295	0.0001
0.0237	-0.0654	-0.0394	0.0014486232791552935	0.000921533845053006	-6.9813170079773176e-06	1.00626326	49.36498642	0.99241715	0.07212069680534924	0.00741333	9e-05
0.0164	-0.0803	-0.0326	0.0017051866791984597	0.0010053096491487337	-9.250245035569947e-05	1.01872718	49.97643661	0.9944723	0.05029301687433079	0.00728071	8e-05
0.0158	-0.0728	-0.0322	0.0018867009214058703	0.001054178868204575	-6.45771823237902e-05	1.03033388	50.5458374	0.9929299	0.02141543646475805	0.0077492	0.0001
0.0181	-0.0375	-0.0252	0.001361356816555577	0.0010000736613927507	-0.0001012290966156711	1.00227022	49.16909409	0.98927648	0.07540506129769993	0.00681454	7e-05
