trans_x	trans_y	trans_z	rot_x	rot_y	rot_z	dvars_std	dvars_nstd	dvars_vstd	framewise_displacement	aqi	aor
0.0	-0.0	0.0	-0.0	0.0	-0.0	n/a	n/a	n/a	n/a	0.0198824	0.00295
0.0013	-0.0074	0.0116	-0.00021642082724729686	0.0001186823891356144	-6.806784082777885e-05	1.10169053	57.39206314	0.99890782	0.04045855286053449	0.0202932	0.00236
0.0028	-0.0087	0.0102	-0.00015707963267948963	4.886921905584123e-05	-3.316125578789226e-05	1.07289469	55.89196014	0.985194	0.012403047484373344	0.0191758	0.00185
-0.0036	0.0044	0.0271	3.141592653589793e-05	-1.0471975511965975e-05	-5.759586531581287e-05	1.03198504	53.76079178	0.9774406	0.050013568165555765	0.0186005	0.00117
-0.0029	0.0338	0.0711	0.00011519173063162575	0.000158824961931484	5.759586531581287e-05	1.09915936	57.26020432	1.00775627	0.09251322360854018	0.0190987	0.00108
-0.0083	0.0061	0.0589	0.00035604716740684323	0.0003630284844148205	0.0001361356816555577	1.0833019	56.43412018	1.0033767	0.07147993877991493	0.0181407	0.0008
-0.012	-0.0785	0.0472	0.00048345620280242926	0.000296705972839036	2.268928027592628e-05	1.06561959	55.51296616	1.00889639	0.11535889741755008	0.0193532	0.00094
-0.0146	-0.0417	0.0558	0.0003211405823669566	0.0002024581932313422	-7.330382858376184e-05	1.03029132	53.67255783	0.98075747	0.06562782544514273	0.0186015	0.00067
-0.0166	-0.0217	0.0533	0.00040840704496667313	8.203047484373349e-05	-0.00018675022996339323	1.03977168	54.16643143	0.98183643	0.04055702911834783	0.0179027	0.00085
-0.0092	0.0229	0.0564	0.00028099800957108706	1.2217304763960308e-05	1.7453292519943296e-05	1.03820789	54.08496475	0.98440622	0.0751712863979348	0.0181955	0.00091
-0.0064	-0.0076	0.0441	0.00028797932657906436	0.0001658062789394613	0.00010995574287564276	1.00036514	52.11356735	0.96743374	0.05825363707695888	0.0176259	0.00073
-0.0123	-0.0543	0.0439	0.00035604716740684323	0.00013264502315156904	9.948376736367679e-05	1.01928222	53.09904099	0.9814502	0.058385053606381854	0.0183401	0.00078
-0.0185	-0.0317	0.0441	0.0004049163864626844	0.00012740903539558605	-6.108652381980153e-05	1.03615487	53.97801208	0.97744762	0.03973377489976512	0.0177569	0.00073
-0.0213	-0.004	0.043	0.0005183627878423159	9.075712110370512e-05	-0.00013788101090755203	1.06356049	55.40570068	0.98723647	0.04294464013796315	0.0176778	0.0008
-0.0212	0.01	0.0378	0.0005201081170943102	9.948376736367679e-05	-0.00014660765716752367	1.10452092	57.53951263	0.99895979	0.02025993108859688	0.0175067	0.00065
-0.023	-0.0091	0.0361	0.0005358160803622592	6.283185307179586e-05	-8.37758040957278e-05	1.05661213	55.04372406	0.98139508	0.02835958653158129	0.0173163	0.00057
-0.0164	0.0222	0.0446	0.0004258603374866164	-1.9198621771937625e-05	2.96705972839036e-05	1.04821992	54.60653687	0.97551919	0.061671630954950395	0.0184352	0.00083
-0.01	0.0337	0.0516	0.0004258603374866164	1.0471975511965975e-05	0.0001605702911834783	1.07932389	56.22688293	0.99380016	0.032928514559173915	0.0180402	0.00069
-0.0136	-0.0329	0.0406	0.0006335545184739417	0.0001605702911834783	0.00012042771838760874	1.06081474	55.26266098	0.99230319	0.10109675347273536	0.017445	0.00061
-0.0164	-0.0679	0.043	0.00062482787221397	0.0001658062789394613	6.981317007977319e-05	0.98892087	51.51737976	0.96074014	0.04342885911618952	0.017722	0.00068
-0.0189	-0.053	0.0429	0.000757472895365539	0.0001064650843716541	-1.0471975511965975e-05	1.00311458	52.25679398	0.96451954	0.031113568165555768	0.0176367	0.00069
-0.0243	-0.0291	0.0138	0.0004956735075663896	8.726646259971648e-06	1.9198621771937625e-05	1.05891716	55.16380692	0.99444548	0.07786042115973676	0.0175556	0.00075
-0.0173	-0.0304	0.0083	0.0003193952531149623	-0.000312413936106985	7.853981633974481e-05	1.04417813	54.39598083	0.97792213	0.04163800156930955	0.0186877	0.00086
-0.0177	0.0089	0.0011	0.0004433136300065597	-0.00035081117965086024	8.901179185171081e-05	1.06984293	55.73297882	0.97789036	0.055539379797371925	0.0184175	0.00083
-0.015	0.0292	0.0333	0.0006824237375297829	-0.00022689280275926284	-5.93411945678072e-05	1.12336934	58.52141571	1.01894986	0.08076907354171693	0.0182073	0.00068
-0.0128	0.0506	0.0502	0.0006684611035138282	0.00012217304763960306	0.0001308996938995747	1.11667168	58.17250061	1.00410276	0.06816346864411012	0.0168741	0.00054
-0.0121	-0.0024	0.0411	0.0007347836150896127	0.00016406094968746698	8.726646259971648e-05	1.0453223	54.45558548	0.98137601	0.07039218224617533	0.0160517	0.00036
-0.0109	-0.0439	0.0533	0.0005602506898901797	1.2217304763960308e-05	0.00015009831567151235	1.04328024	54.34920883	0.9798767	0.0743604211597368	0.0178245	0.0005
-0.0171	-0.0391	0.0342	0.000752236907609556	-5.061454830783555e-05	0.00013962634015954637	1.01953495	53.11220551	0.96578868	0.04336450231515691	0.016403	0.00047
-0.0184	-0.0188	0.0158	0.000291469985083053	-0.0002199114857512855	8.37758040957278e-05	1.1080066	57.72109985	1.00123134	0.07429571980168857	0.0188473	0.00077
-0.017	-0.0119	-0.0212	0.00019896753472735358	-0.00038048177693476387	-5.93411945678072e-05	1.14974725	59.89556122	1.05477867	0.06510948701013564	0.0189114	0.00188
-0.0161	0.0548	0.006	0.0008028514559173916	-0.00028099800957108706	9.599310885968811e-05	1.10153186	57.38380051	1.05682665	0.13773509959906047	0.0173799	0.00044
-0.011	0.0484	0.0178	0.0009686577348568529	1.2217304763960308e-05	0.0002583087292951608	0.93855608	48.89365005	0.95052986	0.05436686068549907	0.0155408	0.00026
-0.0123	-0.0564	0.0174	0.0010000736613927507	6.45771823237902e-05	0.00015184364492350666	0.98568571	51.34884644	0.98367777	0.11601204442336908	0.0165311	0.00053
-0.0162	-0.0559	0.0149	0.0011606439525762293	-6.283185307179586e-05	0.00012042771838760874	0.92805225	48.34645844	0.94195962	0.022869762655748128	0.0168134	0.00065
-0.0217	-0.0214	0.0135	0.0013421581947836393	-1.3962634015954635e-05	8.726646259971648e-06	1.02510583	53.40242004	0.97302896	0.05850422666954442	0.0164502	0.00052
-0.0228	-0.0023	0.0094	0.001335176877775662	-7.330382858376184e-05	2.094395102393195e-05	1.08052969	56.28970337	0.99022683	0.028226990816987235	0.0160317	0.00037
-0.0221	0.0021	0.0034	0.0013718287920675431	-0.00012042771838760874	4.886921905584123e-05	1.02164865	53.22231674	0.97113899	0.016685053606381863	0.0162324	0.00029
-0.0253	0.0148	-0.0059	0.0014189526818713899	-4.537856055185256e-05	-2.4434609527920616e-05	1.10210168	57.41348648	0.99377121	0.034973843811168234	0.0194649	0.00049
-0.0263	0.0142	0.0032	0.0012531464029319286	-0.00011693705988362007	-0.0	1.1145606	58.0625267	1.00541187	0.023789969389957474	0.0166843	0.00037
-0.0213	0.0328	0.012	0.0012095131716320703	-0.00017627825445142725	8.726646259971648e-06	1.13315761	59.03132629	1.00780457	0.03798505360638186	0.0164427	0.00047
-0.0158	0.0457	0.0081	0.0014172073526193955	-0.0001832595714594046	8.028514559173915e-05	1.07504499	56.00397873	0.98985916	0.036611699866353486	0.0158166	0.00036
-0.0198	-0.0477	-0.0002	0.0013404128655316449	-8.203047484373349e-05	4.71238898038469e-05	1.05452359	54.93492508	1.00373873	0.1162592419745657	0.0203311	0.00031
-0.0214	-0.0641	0.0036	0.00119729586686811	-0.00027750735106709843	8.028514559173915e-05	0.9908095	51.61576843	0.96868137	0.040387756533739605	0.0164156	0.00041
-0.0249	-0.0505	0.0066	0.0010890854532444615	-0.0003647738136668148	-1.2217304763960308e-05	1.00717521	52.46833038	0.962372	0.03449896632895321	0.0167134	0.00051
-0.0223	0.0027	0.0081	0.0009424777960769379	-0.00047647488579445195	-3.141592653589793e-05	1.04991138	54.69465637	0.99261544	0.07117536755335492	0.0159956	0.00036
-0.0251	-0.0188	-0.0052	0.0010943214410004448	-0.00037524578917878077	-0.000148352986419518	1.04735887	54.56167984	0.98031118	0.05610049007113992	0.0159292	0.00048
-0.0268	-0.046	-0.025	0.0009145525280450286	-0.0005794493116621174	-9.948376736367679e-05	1.09100556	56.83543396	0.99849306	0.07034208272472971	0.0171808	0.0008
-0.025	-0.0053	-0.0234	0.0009529497715889039	-0.0008604473212332044	-9.948376736367679e-05	1.10301042	57.46082306	0.99843471	0.060069762655748114	0.0167338	0.00061
-0.0249	0.0087	-0.0233	0.0008848819307611251	-0.0008866272600131194	-4.537856055185256e-05	1.04113162	54.23727798	0.97114809	0.021617649320975905	0.0166905	0.00058
-0.0231	0.0116	-0.0279	0.0009424777960769379	-0.0008342673824532895	-3.839724354387525e-05	1.09456909	57.0210762	0.98324942	0.015146852994181	0.0173721	0.00074
-0.0266	0.0507	0.0098	0.000947713783832921	-0.0006859143960337716	-0.00016231562043547262	1.13376021	59.06272125	1.02004071	0.09417536755335491	0.0176909	0.00048
-0.0217	0.0616	0.0189	0.0010192722831646884	-0.00034208453339088857	-2.792526803190927e-05	1.11030757	57.84096527	1.00415072	0.052388935718910686	0.015694	0.00041
-0.0228	-0.0136	0.0197	0.001043706892692609	-0.0002199114857512855	-4.71238898038469e-05	1.0565269	55.03928757	0.99383498	0.08539031394697305	0.0150841	0.00032
-0.0229	-0.0844	0.0135	0.0011327186845443199	-0.00024085543677521747	-0.0002303834612632515	1.04268122	54.31800461	0.98962762	0.09176076571675235	0.0159745	0.00044
-0.0239	-0.0626	-0.0142	0.0008325220532012951	-0.0004520402762665313	-7.330382858376184e-05	1.02690804	53.49630737	0.98462656	0.0839230551756914	0.0168495	0.00071
-0.0195	-0.0501	-0.0273	0.0008656833089891874	-0.0006911503837897545	-2.4434609527920616e-05	1.02918196	53.61476135	0.97394811	0.04605702911834784	0.0176538	0.00097
-0.0111	-0.0182	-0.012	0.0002705260340591211	-0.00046949356878647465	3.316125578789226e-05	1.12850356	58.78887558	1.02901026	0.09932049776245795	0.01856	0.00109
-0.0128	0.0066	-0.0125	0.0008674286382411819	-0.00020420352248333657	0.00013264502315156904	1.15306246	60.06826019	1.03878142	0.07508382089244378	0.0159726	0.00038
-0.0168	-0.0051	-0.0026	0.0011676252695842063	-0.0001884955592153876	-4.18879020478639e-05	1.07141161	55.81469727	0.98867813	0.05012187599052032	0.0147174	0.00023
-0.026	-0.0252	0.0059	0.0011571532940722405	-0.0003193952531149623	-0.00012740903539558605	1.04797733	54.59389877	0.97883131	0.04914464013796314	0.0155461	0.00025
-0.0297	0.0072	-0.0002	0.0012897983172238095	-0.0003612831551628262	-0.0002024581932313422	1.03530753	53.93387604	0.97494195	0.05467910415175946	0.0155048	0.00037
-0.0345	0.0102	0.0013	0.0010035643198967395	-0.00034906585039886593	-0.00024609142453120044	1.08695734	56.62454605	0.99839406	0.02640422666954443	0.0160049	0.00037
-0.0296	-0.0041	-0.0236	0.0009826203688728075	-0.0005881759579220891	-0.000148352986419518	1.12799227	58.76224136	1.0083315	0.06198962483294188	0.0166683	0.00068
-0.0286	0.005	-0.0223	0.0009930923443847736	-0.00062482787221397	-0.00017802358370342162	1.10668182	57.65208435	0.99483131	0.015239724354387528	0.0160098	0.00055
-0.0281	0.0162	0.0183	0.0011571532940722405	-0.0003577924966588376	-0.00019896753472735358	1.06347811	55.40140533	0.99613697	0.07490201381332656	0.0153891	0.00028
-0.0258	0.0155	0.0365	0.0009756390518648303	-0.00014660765716752367	-5.585053606381854e-05	1.0803808	56.28194427	0.98212519	0.047990804018112954	0.0171004	0.00032
-0.0315	-0.0665	0.0172	0.0012304571226560022	-0.00010297442586766544	-0.0001675516081914556	1.0940963	56.99644852	1.01379254	0.12750761871093336	0.0158456	0.00035
-0.0327	-0.0565	0.0162	0.0013264502315156904	-0.00023911010752322313	-0.00017627825445142725	1.0582521	55.12915802	0.98298477	0.02424277183876088	0.0156022	0.00035
-0.0324	-0.0317	0.0142	0.0013281955607676848	-0.0002024581932313422	-0.0001832595714594046	1.102777	57.4486618	0.99319251	0.02936892802759264	0.0155144	0.0003
-0.0344	-0.0131	-0.0	0.001075122819228507	-0.0003944444109507184	-7.155849933176751e-05	1.08403027	56.47206497	0.99183908	0.06263800156930956	0.0153123	0.00024
-0.0341	0.0101	0.0233	0.0010838494654884787	-0.0003385938748868999	-6.283185307179586e-05	1.04544818	54.46214676	0.98049928	0.050465191429188094	0.0156503	0.00027
-0.0354	0.071	0.0439	0.001181587903600161	-0.0001832595714594046	-9.075712110370512e-05	1.10554779	57.59300613	1.00499639	0.09684990047855432	0.0158914	0.00046
-0.0383	0.0064	0.0345	0.0012409290981679683	-3.839724354387525e-05	-8.726646259971648e-05	1.08299839	56.41830826	0.99817217	0.08728470904936625	0.0150894	0.0003
-0.0347	-0.0432	0.0395	0.0011990411961201044	-0.00010995574287564276	-0.0001832595714594046	1.04014659	54.18595886	0.98540743	0.068671975511966	0.0157707	0.00033
-0.0342	-0.0138	0.0392	0.0011833332328521555	-0.00022863813201125715	-0.00027925268031909274	1.04675031	54.52997971	0.98891047	0.04171917306316258	0.01567	0.00033
-0.037	-0.0124	0.0296	0.001270599695451872	-0.00032812189937493397	-0.00026354471705114377	1.06916845	55.69784164	0.98582762	0.023922909661567102	0.0151786	0.00029
-0.0348	0.0027	0.031	0.0012322024519079964	-0.00040666171571467877	-0.00019896753472735358	1.01063991	52.6488266	0.96692511	0.02777571211037052	0.0152675	0.00036
-0.0324	0.0396	0.0369	0.001117010721276371	-0.0002565634000431664	-0.00015707963267948963	1.10398304	57.51148987	0.99455682	0.060558897417550085	0.0159532	0.00044
-0.037	-0.0231	0.0309	0.0012409290981679683	-0.00028099800957108706	-0.00020420352248333657	1.108953	57.770401	1.00812787	0.08307384381116825	0.0159634	0.00036
-0.034	-0.0387	0.0219	0.001335176877775662	-0.0004310963252425994	-0.00038571776469074686	1.09484875	57.03564453	0.99323396	0.04889301687433081	0.0156789	0.0004
-0.0356	-0.0123	0.0288	0.0012269664641520136	-0.0005113814708343385	-0.0004520402762665313	1.07933593	56.22751236	0.98508104	0.0476409035395586	0.0154886	0.0004
-0.0371	-0.0077	0.012	0.0007295476273336296	-0.0006073745796940267	-0.00035604716740684323	1.02460563	53.37636566	0.97590919	0.05737025272688802	0.0161783	0.0005
-0.0379	-0.0059	-0.0051	0.0007976154681614085	-0.0007033676885537148	-0.0003211405823669566	1.1085974	57.75187302	0.99402173	0.02964837673636769	0.0169622	0.00069
-0.0455	0.0488	0.0527	0.0012356931104119853	-0.00041538836197465044	-0.0003682644721708035	1.15418255	60.12661362	1.05064983	0.1587590429316744	0.0160204	0.00046
-0.048	0.0586	0.0657	0.0012147491593880533	-0.00024609142453120044	-0.00030368728984701333	1.08631134	56.59089279	0.99718185	0.03804090353955861	0.0156238	0.00041
-0.0437	-0.0248	0.0414	0.0012025318546240932	-0.00038571776469074686	-0.000460766922526503	1.0609231	55.26830292	1.00182485	0.1274461638801498	0.0150738	0.00045
-0.0451	-0.0493	0.0216	0.0009896016858807848	-0.0006527531402458793	-0.000307177948351002	1.04667497	54.52605438	0.98405443	0.07737772592369707	0.0159369	0.0004
-0.0459	-0.01	0.0159	0.0010524335389525807	-0.0007086036763096977	-0.000312413936106985	0.99752253	51.9654808	0.96513302	0.051995918844579846	0.015412	0.00036
-0.0485	-0.0017	0.0276	0.001075122819228507	-0.0005497787143782138	-0.0002565634000431664	1.05216122	54.81185532	0.97518132	0.03446823891356144	0.0157799	0.00042
-0.0465	0.0623	0.0495	0.0010262536001726657	-0.0004886921905584122	-0.00023387411976724014	1.11466348	58.06788254	1.01795797	0.09453225115757848	0.0157707	0.0004
-0.0453	0.0072	0.0425	0.0010175269539126942	-0.0003298672286269283	-0.00021467549799530252	1.09147501	56.85988998	1.00379233	0.07263751149816963	0.0160913	0.00035
-0.0445	-0.0444	0.0347	0.001090830782496456	-0.0004380776422505767	-0.00038571776469074686	1.04834604	54.61310577	0.98436436	0.0778278254451427	0.0160731	0.00035
-0.0463	-0.0246	0.0385	0.0009424777960769379	-0.0006789330790257941	-0.0003316125578789226	1.01539612	52.89659882	0.97167427	0.04756568150032799	0.0168952	0.00036
-0.0518	0.0382	0.0486	0.0012147491593880533	-0.0006544984694978735	-0.00029845130209103034	1.01979434	53.12572098	0.983405	0.0948933614313464	0.0155966	0.00046
-0.0489	0.0225	0.0341	0.001256637061435917	-0.0004572762640225143	-0.00027576202181510406	0.97391343	50.73557663	0.96654198	0.046189969389957446	0.0155005	0.00036
-0.0544	-0.0518	-0.0478	0.0026057765732275338	-0.0006911503837897545	-0.00040666171571467877	1.14391267	59.59160614	1.10971708	0.2473956662729216	0.0161785	0.00116
-0.0492	0.0086	-0.05	0.00210835773640915	-0.0007190756518216638	-0.00010995574287564276	1.08686876	56.61993027	1.07721727	0.10890250388446641	0.0144075	0.00037
-0.0492	0.0125	-0.0353	0.0016249015336067207	-0.0006859143960337716	-2.268928027592628e-05	0.97867805	50.98378754	0.96469268	0.04879419605950192	0.0153273	0.0005
-0.0535	0.0278	-0.0291	0.0016318828506146981	-0.0005340707511102648	-9.075712110370512e-05	0.95203686	49.59592438	0.95049636	0.03714464013796315	0.0151238	0.00051
-0.0515	0.0543	-0.0066	0.001595230936322817	-0.0004188790204786391	4.18879020478639e-05	1.02415884	53.35308456	0.9801015	0.06522443340375379	0.0156794	0.00064
-0.0536	0.0005	-0.0209	0.0017715091907742446	-0.0002617993877991494	3.316125578789226e-05	1.08479416	56.51185608	1.00331244	0.08730422666954445	0.0149952	0.00055
-0.056	-0.0314	-0.0031	0.0016755160819145565	-0.00027925268031909274	-0.00010995574287564276	1.06294119	55.37343597	0.99413555	0.06492817000215832	0.0150809	0.00031
-0.0561	-0.017	0.0088	0.0017924531417981763	-0.0004014257279586958	-0.00018500490071139895	1.08453548	56.49837875	0.99155471	0.04210796326794895	0.0143255	0.0003
-0.0554	0.001	0.0105	0.0017278759594743865	-0.00038571776469074686	-0.0002443460952792061	1.0935992	56.97055054	0.98772706	0.027381317007977295	0.0140414	0.00034
-0.0552	-0.0201	-0.0081	0.0012636183784438947	-0.0006719517620178169	-0.00019024088846738194	1.05844951	55.13944244	0.98232954	0.0801298392584693	0.0147824	0.00027
-0.055	-0.0136	-0.0128	0.0012322024519079964	-0.0005288347633542819	-0.00021118483949131387	1.10005152	57.30667877	0.98769153	0.021173843811168266	0.0151325	0.00048
-0.0558	0.0073	-0.011	0.0012880529879718153	-0.0005480333851262194	-0.0002007128639793479	1.10532475	57.58139038	0.99255525	0.027776056667386115	0.0151751	0.00036
-0.0637	0.0242	0.0155	0.0014590952546672592	-0.00022340214425527416	-0.000312413936106985	1.13964736	59.36940765	1.00612256	0.0816687289847013	0.0143266	0.0003
-0.0566	0.0582	0.0277	0.0018151424220741027	2.96705972839036e-05	-0.0002722713633111154	1.08975184	56.77012253	0.99928224	0.08576312408709456	0.0127294	0.00018
-0.056	-0.0065	0.0361	0.001462585913171248	0.00016929693744344995	-0.0002705260340591211	1.03939486	54.14680099	0.983275	0.09839640891571975	0.013987	0.00014
-0.0516	-0.0508	0.0323	0.0016109388995907662	8.203047484373349e-05	-0.0003525565089028545	0.98263174	51.18975067	0.96347847	0.0683824961931484	0.0134456	0.00018
-0.0593	-0.0344	0.0184	0.0011309733552923255	-0.0001937315469713706	-0.0002583087292951608	0.9639138	50.2146492	0.96506319	0.08049876728606192	0.0153222	0.00026
-0.0595	-0.0318	-0.0059	0.001186823891356144	-0.00037524578917878077	-0.0003298672286269283	1.00171852	52.18406677	0.97598195	0.042546163880149805	0.0145962	0.00031
-0.0625	0.0366	0.0417	0.0012112585008840647	-0.00015009831567151235	-0.0003612831551628262	1.08498824	56.52196503	1.02708275	0.13304990047855436	0.0152205	0.00021
-0.0568	0.0313	0.0399	0.0013788101090755204	4.18879020478639e-05	-0.0003612831551628262	1.06714344	55.59235001	0.99187227	0.030776891295541595	0.0142699	0.00027
-0.0526	-0.0244	0.0125	0.001429424657383356	-1.7453292519943296e-05	-0.0004310963252425994	1.07051277	55.76787567	1.00031551	0.0962884456477708	0.0134518	0.00024
-0.0539	-0.0221	-0.0158	0.0012007865253720988	-0.0003682644721708035	-0.0003211405823669566	1.05662298	55.04429245	0.98716964	0.06637025272688803	0.0141063	0.00021
-0.0563	0.0069	-0.0192	0.0013020156219877698	-0.0005078908123303499	-0.000291469985083053	0.99312705	51.73649979	0.95813361	0.04832630170295604	0.0142178	0.00027
-0.0631	0.0424	0.0207	0.001439896632895322	-9.948376736367679e-05	-0.0004433136300065597	1.13660824	59.21109009	1.02936376	0.1171065850398866	0.0141608	0.00029
-0.0649	0.0584	0.0352	0.0016057029118347831	0.00019547687622336493	-0.0003874630939427412	1.14424241	59.60878372	1.01366658	0.05813087292951605	0.0142378	0.0003
-0.0632	-0.0237	0.0208	0.0017174039839624202	0.00021642082724729686	-0.0005026548245743669	1.11483872	58.07701111	1.0140408	0.11059183768915976	0.0129309	0.00016
-0.0655	-0.0526	-0.0031	0.0014573499254152652	-0.0002513274122871834	-0.00039269908169872416	1.07027435	55.7554512	0.99044469	0.09698790204786387	0.0141954	0.00014
-0.0633	-0.0221	-0.004	0.0013805554383275148	-0.0004485496177625427	-0.00039793506945470715	1.07022607	55.75293732	0.97843916	0.04756263401595463	0.0151486	0.00032
-0.0684	-0.0114	-0.0074	0.0014276793281313615	-0.0005148721293383271	-0.000460766922526503	1.08892143	56.72686768	0.99109949	0.02801391272257136	0.0144174	0.00025
-0.0684	0.0144	0.0097	0.0016947147036864942	-0.0004136430327226561	-0.0005672320068981572	1.1424576	59.51580429	1.0109432	0.0666364778271229	0.014214	0.00027
-0.0674	0.059	0.0231	0.0016929693744344998	-0.00013962634015954637	-0.0005235987755982988	1.10886753	57.76594925	1.00579209	0.07496976265574812	0.01285	0.00021
-0.0685	-0.0094	0.0209	0.0017278759594743865	-2.6179938779914945e-05	-0.00048520153205442357	1.05771697	55.10128403	0.98568384	0.08103751149816966	0.0123	0.00014
-0.0701	-0.0321	-0.002	0.0015760323145508795	-0.00022340214425527416	-0.00038571776469074686	1.01080871	52.65761566	0.97148656	0.06962748088812713	0.0132384	0.00016
-0.0661	-0.0256	-0.0128	0.001382300767579509	-0.0005131268000863328	-0.0003961897402027128	1.00109959	52.15182495	0.97298275	0.04599640891571974	0.0136961	0.00023
-0.0682	0.0011	-0.011	0.001350884841043611	-0.0006161012259539982	-0.0003717551306747922	1.04006588	54.18175888	0.97886937	0.0385412480965742	0.0143231	0.00026
-0.0719	0.0224	0.0105	0.0016231562043547262	-0.000466002910282486	-0.0005078908123303499	1.10335231	57.47863388	1.00384474	0.07442526803190928	0.0139121	0.00025
-0.0659	0.0599	0.0257	0.0016458454846306526	-0.0002181661564992912	-0.00047647488579445195	1.0944773	57.01629257	1.00053578	0.07379709802975097	0.0138326	0.00026
-0.0677	-0.0359	0.0284	0.0015376350710070042	-0.00015533430342749534	-0.0005131268000863328	1.07908642	56.21451187	1.00740589	0.11068470904936624	0.0141968	0.00018
-0.0673	-0.032	0.0029	0.001595230936322817	-0.0004014257279586958	-0.00048171087355043494	1.01712096	52.9864502	0.97151267	0.04655516081914556	0.0134453	0.00016
-0.0653	-0.0191	-0.0026	0.0016196655458507376	-0.0005672320068981572	-0.00038048177693476387	1.0652523	55.49383163	0.97562709	0.034973499254152655	0.014117	0.00024
-0.0707	0.0091	0.0071	0.0017435839227423352	-0.00048345620280242926	-0.0004799655442984406	1.12644398	58.68158722	1.00564879	0.058658897417550114	0.0136654	0.00032
-0.0708	0.0572	0.0351	0.0018186330805780916	-0.00024085543677521747	-0.0005183627878423159	1.13571072	59.16433334	1.01713068	0.09400235837034218	0.0135033	0.00029
-0.0738	0.0017	0.0376	0.0018360863730980347	-0.00015707963267948963	-0.0004677482395344803	1.05783153	55.10725021	0.98120459	0.06859218224617533	0.0127065	0.00015
-0.069	-0.0133	0.045	0.0017191493132144146	-0.000322885911618951	-0.0005148721293383271	1.0715965	55.82432938	0.97335552	0.04369336143134642	0.015392	0.0004
-0.0753	-0.0112	0.0376	0.0018291050560900572	-0.00039095375244672985	-0.0005724679946541401	1.10437202	57.53175735	0.9971392	0.02758097245096172	0.0141512	0.0003
-0.0781	0.002	0.0358	0.0018779742751458986	-0.00038048177693476387	-0.0006387905062299246	1.12570322	58.64299774	0.9973614	0.02408318530717959	0.0136264	0.00024
-0.0771	0.0026	0.0407	0.001895427567665842	-0.00042236967898262774	-0.0006387905062299246	1.06229722	55.33988953	0.97988372	0.009467059728390362	0.0133867	0.00029
-0.068	0.0338	0.0492	0.0016598081186466073	-0.000486946861306418	-0.0005009094953223725	1.01216733	52.72839737	0.97083808	0.07070388211252884	0.0162827	0.00037
-0.0666	0.0143	0.0512	0.0013456488532876281	-0.00042236967898262774	-0.0003647738136668148	1.09669363	57.13175583	1.0131439	0.04864360646691635	0.0166398	0.00042
-0.0654	-0.0543	0.0467	0.001572541656046891	-0.0004537856055185257	-0.00040666171571467877	1.09378803	56.98038864	1.00753529	0.08930983156715123	0.0162048	0.00036
-0.0679	-0.0265	0.0454	0.0017959438003021652	-0.0005410520681182421	-0.000486946861306418	1.08347201	56.44298172	0.98987583	0.0511476876223365	0.0147755	0.00032
-0.0711	-0.0141	0.0383	0.0018884462506578647	-0.0005480333851262194	-0.0005183627878423159	1.06024241	55.23284531	0.98701277	0.02924498469497873	0.0138056	0.00023
-0.0621	-0.0027	-0.0025	0.001595230936322817	-0.0007539822368615504	-0.00034906585039886593	1.03665066	54.00384521	0.98835086	0.09462305517569139	0.0141746	0.00026
-0.0578	0.0057	-0.0115	0.0015079644737231008	-0.0008098327729253688	-0.0003525565089028545	1.09552789	57.07102203	0.99805008	0.029030382858376166	0.0146526	0.00034
-0.0696	0.049	0.03	0.001780235837034216	-0.00033684854563490564	-0.0004729842272904633	1.13307214	59.02687454	1.02588008	0.13988416544945936	0.0144862	0.0002
-0.0725	0.0861	0.0323	0.0018779742751458986	-0.00031415926535897925	-0.0005078908123303499	1.07746387	56.12998962	0.9945865	0.05006671517137479	0.0133286	0.00029
-0.0761	-0.0181	0.0293	0.0019757127132575807	-0.00030194196059501896	-0.0004747295565424576	1.07564604	56.03528976	1.00567772	0.11795584993317676	0.0128645	0.00019
-0.0777	-0.0143	0.0364	0.0018989182261698304	-0.0004188790204786391	-0.0005148721293383271	1.0030961	52.25583649	0.96751119	0.024193705988362013	0.0154308	0.00023
-0.0817	-0.0062	0.0201	0.0020420352248333657	-0.0005689773361501514	-0.00048345620280242926	1.10230637	57.42414474	0.99423239	0.04463156204354727	0.0142288	0.00032
-0.0918	0.0204	0.0307	0.002040289895581371	-0.0007766715171374765	-0.0006527531402458793	1.13550138	59.15342331	1.01171121	0.0662368223841385	0.0145925	0.00045
-0.092	0.0529	0.0299	0.0020210912738094335	-0.0006283185307179585	-0.0005567600313861911	1.09974051	57.29048157	0.9950136	0.04667723585255719	0.0129046	0.00033
-0.0936	-0.0193	0.0135	0.0021851522234969008	-0.0005026548245743669	-0.0005794493116621174	1.06095088	55.2697525	0.99154206	0.10582069680534927	0.0122925	0.00014
-0.0901	-0.0171	-0.0033	0.0016615534478986017	-0.000661479786505851	-0.000486946861306418	1.08063793	56.29534149	0.99248843	0.061246309394274126	0.0141773	0.00025
-0.0876	0.004	-0.0077	0.0017086773377024485	-0.0007155849933176752	-0.0005078908123303499	1.10382748	57.50339127	1.00204159	0.034108652381980145	0.0132593	0.00021
-0.0868	0.0192	-0.028	0.0022235494670407763	-0.00062482787221397	-0.0005602506898901797	1.11899555	58.29356003	1.00560826	0.06919945640009313	0.0152114	0.00025
-0.0865	0.0292	-0.0255	0.0021589722847169856	-0.0006981317007977319	-0.0005009094953223725	1.05344176	54.87857056	0.97586205	0.022661110273768	0.0148715	0.00018
-0.0835	0.038	-0.0313	0.0021851522234969008	-0.0008918632477691023	-0.0004188790204786391	1.06040895	55.24151993	0.97841219	0.032697098029750946	0.0158049	0.00035
-0.0969	0.0629	-0.014	0.002209586833024821	-0.0006544984694978735	-0.000486946861306418	1.12784982	58.75482178	1.01466905	0.07209336143134638	0.0142182	0.00027
-0.0974	0.0606	-0.0041	0.002261946710584651	-0.0004921828490624009	-0.0005654866776461627	1.13781703	59.27405548	1.00805664	0.027360765716752364	0.0131158	0.00025
-0.0913	-0.0373	-0.0313	0.0020839231268812296	-0.0005969026041820607	-0.00048171087355043494	1.12197161	58.44859695	1.02689125	0.14952595714594044	0.0125252	0.00018
-0.0879	-0.0286	-0.0251	0.0018325957145940458	-0.0009686577348568529	-0.0005358160803622592	1.03456247	53.89505768	0.97771946	0.05215938748869001	0.0140982	0.00026
-0.0885	-0.0113	-0.0295	0.0018936822384138475	-0.0009599310885968812	-0.0005497787143782138	1.03823102	54.0861702	0.97648637	0.026488790204786394	0.0140767	0.00033
-0.091	0.0057	-0.0386	0.002064724505109292	-0.0009965830028887623	-0.000614355896702004	1.09773302	57.18590164	1.00503757	0.042213568165555805	0.0147827	0.00044
-0.1	0.0163	-0.0343	0.0018273597268380628	-0.0010000736613927507	-0.0008674286382411819	1.15659642	60.2523613	1.02602925	0.048596408915719785	0.0227294	0.00071
-0.1041	0.028	-0.0029	0.001382300767579509	-0.0014852751934471744	-0.0010175269539126942	1.09690952	57.14299774	1.01423932	0.10121794034922448	0.0176609	0.00096
-0.0859	0.0859	-0.0124	0.0022462387473167022	-0.0010524335389525807	-0.0011100294042683937	1.10698426	57.66783905	1.03143783	0.15506410422937428	0.0159411	0.00087
-0.0916	0.031	-0.0405	0.0026022859147235454	-0.0008011061266653974	-0.0010471975511965976	1.12564015	58.63970947	1.03013954	0.12221032163829113	0.0137042	0.00062
-0.074	-0.0679	-0.0949	0.0025202554398798117	-0.00047123889803846896	-0.0006597344572538566	1.1608417	60.47351837	1.08210544	0.21086803987067007	0.0144601	0.00089
-0.0577	-0.0474	-0.1489	0.0025254914276357948	-0.00046949356878647465	-0.0005515240436302081	1.07061982	55.77344894	1.04148478	0.09655958653158128	0.0156397	0.00176
-0.0625	0.0035	-0.1064	0.0023230332344044524	-0.000466002910282486	-0.000609119908946021	1.0193119	53.10058594	1.01351078	0.1113772358525572	0.0149251	0.00116
-0.0758	0.027	-0.0878	0.0024312436480281013	-0.0004328416544945937	-0.0006213372137099814	0.94987541	49.48332596	0.95219343	0.06307944870877508	0.0147569	0.0016
-0.0883	0.0724	-0.0667	0.0027436575841350863	-0.00010471975511965978	-0.0006771877497737998	1.12198591	58.44934082	1.02225579	0.11381931857728687	0.0140776	0.00154
-0.0823	0.0177	-0.0608	0.002670353755551324	4.18879020478639e-05	-0.000640535835481919	1.08966017	56.76534653	1.01156181	0.07942817000215835	0.0133241	0.00095
-0.0836	-0.025	-0.0847	0.0025028021473598684	4.71238898038469e-05	-0.000582939970166106	1.08793259	56.675354	1.00659778	0.07941917306316258	0.0128763	0.00056
-0.082	-0.0026	-0.0832	0.0022497294058206906	-0.0001972222054753592	-0.000635299847725936	1.02726269	53.51477814	0.97502081	0.05298893571891068	0.0134814	0.00046
-0.0862	0.0246	-0.0719	0.0020472712125893483	-0.00023212879051524583	-0.0007173303225696694	1.14877868	59.8451004	1.01571491	0.0586697626557481	0.0154234	0.00051
-0.0918	0.0282	-0.0806	0.0024731315500759648	-0.0005026548245743669	-0.0007120943348136865	1.17299616	61.1067009	1.02180017	0.052981117965086026	0.0138795	0.00053
-0.0997	0.071	-0.0644	0.002593559268463574	-0.0002129301687433082	-0.0007557275661135446	1.15849459	60.35124588	1.02595103	0.08958928027592628	0.012449	0.00048
-0.1053	0.038	-0.0728	0.002659881780039358	0.0002478367537831948	-0.0007400196028455958	1.08712196	56.63312531	0.99466563	0.0741398698685118	0.0100889	0.00014
-0.1034	-0.0362	-0.0742	0.0025569073541716926	0.00021642082724729686	-0.0006283185307179585	1.08985484	56.77548981	1.00399759	0.08980457122656003	0.0114231	0.00015
-0.1032	-0.0389	-0.0636	0.0024731315500759648	5.4105206811824215e-05	-0.0005567600313861911	1.05280888	54.84560013	0.98332136	0.0293824961931484	0.0117919	0.00013
-0.1003	0.0004	-0.0565	0.0022410027595607188	-0.0001256637061435917	-0.0005462880558742252	1.07283294	55.88874054	0.99605149	0.07041848394913139	0.0122171	0.00016
-0.1083	0.0346	-0.0632	0.002256710722828668	5.93411945678072e-05	-0.0006876597252857658	1.1354599	59.15126801	1.01561836	0.06600422666954443	0.0116941	0.00018
-0.108	0.0975	-0.055	0.0024050637092481865	0.00018500490071139895	-0.0007592182246175333	1.1099683	57.82329178	1.01439391	0.0886787595947439	0.0108964	0.00016
-0.1077	0.0202	-0.0541	0.0023649211364523163	0.00022340214425527416	-0.0006492624817418905	1.06198835	55.32379913	1.00121854	0.0879247779607694	0.010712	9e-05
-0.1101	-0.032	-0.0706	0.00238237442897226	0.00015707963267948963	-0.0007120943348136865	1.05153298	54.77912903	0.98845102	0.07843038285837622	0.0112972	0.00018
-0.1162	-0.0221	-0.0869	0.0022968532956245376	7.504915783575618e-05	-0.0007330382858376184	1.08614886	56.58242798	1.00054161	0.04172477796076939	0.0111749	0.00011
-0.1081	0.035	-0.0708	0.0022060961745208325	-9.42477796076938e-05	-0.0007225663103256524	1.10251462	57.43499756	1.00587428	0.09482630170295603	0.0109925	9e-05
-0.1058	0.0514	-0.064	0.0022200588085367874	-0.0001361356816555577	-0.000731292956585624	1.09525287	57.05669785	0.98911837	0.028728859116189515	0.0110678	0.00018
-0.1058	0.0397	-0.0611	0.002082177797629235	-0.0002024581932313422	-0.0006684611035138282	1.03199005	53.76105118	0.97047537	0.02795176877775664	0.0112764	7e-05
-0.1048	0.0436	-0.0687	0.0022235494670407763	-0.0001972222054753592	-0.0006771877497737998	1.1038729	57.50575638	0.98436851	0.020266715171374797	0.0117182	0.00019
-0.1111	0.076	-0.0459	0.0022916173078685546	0.0001291543646475804	-0.0007382742735936014	1.14026201	59.40142822	1.01363608	0.08427654673852597	0.0123607	0.00017
-0.1089	0.048	-0.0624	0.0023876104167282427	0.0003700098014227979	-0.000710349005561692	1.13103378	58.92068863	1.01378172	0.06493869068334074	0.0103879	0.00034
-0.1026	-0.056	-0.0677	0.002331759880664424	9.42477796076938e-05	-0.0007208209810736582	1.1284039	58.78368759	1.03142823	0.13270422666954448	0.0106887	0.00012
-0.1011	-0.0044	-0.062	0.0022270401255447643	-7.67944870877505e-05	-0.0006946410422937432	1.00947297	52.58803558	0.97429361	0.07389709802975093	0.0111451	6e-05
-0.1066	0.0234	-0.0468	0.0024190263432641405	0.00010821041362364843	-0.0007173303225696694	1.08844042	56.70180893	0.9904368	0.06848401993533508	0.0111027	0.00024
-0.1116	0.0663	-0.042	0.002670353755551324	0.0003438298626428829	-0.0006597344572538566	1.10012972	57.31075668	1.00603615	0.07992713633111155	0.0111101	0.00022
-0.1092	0.014	-0.0466	0.002766346864411012	0.0005358160803622592	-0.0005550147021341969	1.052845	54.84748077	0.9938765	0.0789349540849362	0.00973779	0.00017
-0.1072	-0.0178	-0.0336	0.0025394540616517493	0.0005637413483941684	-0.0006213372137099814	0.99091965	51.62150574	0.96201688	0.06285702911834784	0.0111148	8e-05
-0.1068	0.0049	-0.0505	0.0027768188399229783	0.0004468042885105483	-0.0006771877497737998	1.01024604	52.62830734	0.97178314	0.060507618710933374	0.00987154	8e-05
-0.0935	0.0301	-0.0377	0.002642428487519415	0.0006475171524898963	-0.0006073745796940267	1.01400852	52.82431412	0.97340946	0.07154581932313422	0.00920749	7e-05
-0.0924	0.1046	-0.0215	0.0022916173078685546	0.00091106186954104	-0.000445058959258554	1.00250614	52.22510147	0.98519767	0.13063357585687385	0.0106264	5e-05
-0.0925	0.0485	-0.0419	0.002579596634447619	0.0010995574287564276	-0.000466002910282486	1.04979563	54.68862152	0.98335362	0.1014709418409192	0.00948578	0.0001
-0.0918	-0.0215	-0.0462	0.0026668630970473357	0.0010506882097005862	-0.0005044001538263612	1.0235132	53.31945038	0.98780092	0.08372664625997164	0.00923759	5e-05
-0.0921	0.0197	-0.041	0.00266860842629933	0.0009407324668249436	-0.0005637413483941684	1.02619481	53.45915222	0.97589194	0.055252113334772195	0.00922924	7e-05
-0.0927	0.0324	-0.0442	0.0026197392072434887	0.0011344640137963143	-0.0005532693728822024	1.13511252	59.13316727	0.99977882	0.029153637076958897	0.00981128	0.00019
-0.0929	0.0314	-0.0415	0.002562143341927676	0.0012077678423800758	-0.00048171087355043494	1.05645537	55.03556061	0.97641261	0.014022909661567075	0.00921667	9e-05
-0.0939	0.0712	-0.0208	0.002522000769131806	0.0012758356832078548	-0.00035604716740684323	1.07060158	55.77249908	0.98282826	0.07319370598836204	0.0103448	0.00022
-0.0933	0.0625	-0.023	0.0024155356847601517	0.0015027284859671175	-0.0002199114857512855	1.08894515	56.72809982	0.993732	0.03497467843932374	0.0109167	0.00028
-0.0892	-0.0132	-0.017	0.0024731315500759648	0.001467821900927231	-0.0002199114857512855	1.09665179	57.12957382	1.00528576	0.09042512251778496	0.0117934	0.00021
-0.0875	0.0195	-0.0237	0.0026563911215353696	0.0014189526818713899	-0.00028274333882308137	1.06129384	55.28761673	0.98207284	0.055848032179352095	0.0100667	0.00015
-0.0855	0.0288	-0.0188	0.0026057765732275338	0.0013735741213195373	-0.0002705260340591211	0.98561198	51.34500504	0.95569844	0.021610520681182417	0.00996184	7e-05
-0.0855	0.0712	-0.0049	0.0025202554398798117	0.0015166911199830724	-8.726646259971648e-05	0.95772702	49.89235306	0.95317611	0.07689488517353309	0.0100551	0.0001
-0.0869	0.0245	-0.0215	0.0026284658535034606	0.0017034413499464657	-0.00011693705988362007	0.92998427	48.44710541	0.94125285	0.08093156204354729	0.0094195	5e-05
-0.0868	-0.0075	-0.0235	0.002565634000431664	0.0014782938764391971	-0.00014137166941154068	0.94351733	49.15210342	0.94726198	0.04972069680534929	0.00980365	7e-05
-0.0888	0.0302	-0.0422	0.0028274333882308137	0.0013718287920675431	-0.00017627825445142725	0.93584734	48.75254059	0.9476991	0.0785585528605345	0.00922579	5e-05
-0.093	0.0715	-0.0246	0.002663372438543347	0.001499237827463129	-9.599310885968811e-05	0.98553687	51.34109497	0.95801854	0.08168775653373958	0.00954515	0.00011
-0.0974	0.0572	-0.031	0.002712241657599188	0.0016336281798666925	-0.0001064650843716541	1.05566454	54.99436188	0.98087586	0.03478657734856853	0.00985885	0.00014
-0.1079	0.0013	-0.027	0.0028187067419708422	0.0019198621771937623	-0.00032463124087094524	1.10312378	57.46672821	1.00009248	0.10094326190990074	0.00990295	0.00012
-0.1002	0.0339	-0.0209	0.002825688058978819	0.001726130630222392	-0.000317649923862968	1.09665108	57.12953568	0.9950288	0.056784709049366215	0.00967598	0.0001
-0.0988	0.0357	-0.0195	0.0027296949501191318	0.001621410875102732	-0.00022689280275926284	1.02082479	53.1794014	0.96306629	0.019173499254152623	0.00908542	4e-05
-0.1013	0.0488	-0.0159	0.0025551620249196984	0.0015899949485668342	-0.0002495820830351891	1.0664916	55.55839539	0.97340715	0.030631906600562878	0.0106515	0.0002
-0.1043	0.0669	-0.0141	0.0026406831582674204	0.0015847589608108511	-0.00017802358370342162	1.08394182	56.467453	0.9861095	0.03101578102177363	0.0102188	0.00014
-0.1038	0.0904	-0.0006	0.0023404865269243957	0.0018517943363659836	-9.773843811168246e-05	1.08936572	56.75000763	0.99332484	0.0698758576244948	0.0119317	0.00021
-0.1	0.0004	-0.017	0.0025603980126756814	0.0018360863730980347	-0.00015533430342749534	1.06918967	55.69894791	1.00070678	0.12486076571675236	0.0106187	0.00015
-0.0999	-0.008	-0.0339	0.002717477645355171	0.0016336281798666925	-0.00017104226669544429	1.02257311	53.27047729	0.96546652	0.04416228945893903	0.00940633	6e-05
-0.0841	-0.0174	-0.1699	0.003316125578789226	0.0013665928043115599	0.000710349005561692	1.22236562	63.67858124	1.19501721	0.2485537290623162	0.0131488	0.00232
-0.0844	0.0111	-0.2559	0.0036041049053682902	0.0017226399717184032	0.000890117918517108	1.23464525	64.31828308	1.21921731	0.1559897703470662	0.0142962	0.00183
-0.0956	0.1204	-0.171	0.0037419859162758423	0.00222529479629277	0.000645771823237902	1.10315824	57.46852493	1.08232411	0.24964409653805625	0.0108792	0.00025
-0.0938	0.0783	-0.1542	0.0037681658550557575	0.0024260076602721182	0.0005358160803622592	0.98610568	51.37072372	0.98210209	0.07754242728174533	0.00856447	9e-05
-0.0948	0.0081	-0.145	0.004042182547618867	0.0025516713664157096	0.00041538836197465044	0.94450593	49.20360565	0.9641856	0.1064054058547155	0.00826329	8e-05
-0.0975	0.034	-0.1212	0.004042182547618867	0.0023003439541285265	0.0003665191429188092	0.96759915	50.40663528	0.96207372	0.06740983156715122	0.00858629	8e-05
-0.098	0.0894	-0.101	0.0038100537571036214	0.002267182698340634	0.00048345620280242926	1.01418555	52.83353043	0.97994171	0.09521135530933789	0.00964046	8e-05
-0.1001	0.0339	-0.1188	0.004009021291830974	0.0025254914276357948	0.000439822971502571	1.08408332	56.474823	1.00694736	0.10044547476611856	0.00952435	0.00015
-0.0968	-0.0046	-0.1049	0.003909537524467298	0.0023492131731843676	0.0002740166925631097	1.06593359	55.52932358	0.99777176	0.07777841503772824	0.00953203	0.00013
-0.0983	0.0265	-0.1089	0.004171336912266447	0.0023020892833805202	0.00023212879051524583	1.10876048	57.76036835	1.0045029	0.05414055898254301	0.00870258	0.0001
-0.0967	0.076	-0.0897	0.004000294645571003	0.0024172810140121463	0.0004537856055185257	1.07475185	55.9887085	0.99358133	0.09569454061651753	0.00891417	0.00012
-0.0946	0.022	-0.115	0.0043214352279379595	0.002494075501099897	0.0003961897402027128	1.02981627	53.64780807	0.98327401	0.10417654673852603	0.00772738	3e-05
-0.0966	-0.0105	-0.1112	0.0042882739721500675	0.0025028021473598684	0.0003316125578789226	1.06291223	55.37192535	0.98658761	0.0436232542185827	0.00923312	0.00016
-0.0978	0.0467	-0.104	0.004244640740850209	0.0022462387473167022	0.0002373647782712288	1.09290409	56.93434143	1.00517683	0.08532222054753588	0.00869983	0.00016
-0.1023	0.0715	-0.0815	0.004195771521794368	0.0025045474766118626	0.0003577924966588376	1.09967363	57.28699875	1.00856106	0.0731802833369305	0.0088281	0.0001
-0.0974	0.115	-0.0845	0.004063126498642799	0.0025883232807075904	0.0005235987755982988	1.05975187	55.20729065	1.00283133	0.07051135530933791	0.0104961	0.00019
-0.0924	-0.0022	-0.0918	0.0038449603421435077	0.0026895523773232616	0.0004136430327226561	1.065557	55.50970459	1.02746593	0.15096754979953023	0.00933695	9e-05
-0.0941	0.0161	-0.0906	0.0038048177693476384	0.0024120450262561633	0.00039095375244672985	0.97957146	51.03032684	0.97887228	0.03821696020694471	0.00880098	0.00013
-0.1006	0.0643	-0.0708	0.004091051766674708	0.00243473430653209	0.00034208453339088857	0.98661387	51.39719772	0.99307157	0.09238962483294189	0.00874752	0.00018
-0.0977	0.0841	-0.0705	0.004068362486398782	0.0025778513051956248	0.0003961897402027128	0.98397541	51.25975037	0.99262996	0.03399557428756425	0.00922793	0.00013
-0.0989	0.0312	-0.088	0.004162610266006475	0.002766346864411012	0.0003525565089028545	0.99139714	51.64638138	0.98947657	0.08791882850614693	0.00793254	0.0001
-0.097	-0.0069	-0.0792	0.004084070449666731	0.002595304597715568	0.00028623399732707005	0.96950883	50.50611877	0.97998279	0.06459522973054861	0.00970048	0.00014
-0.0989	0.016	-0.088	0.0042935099599060505	0.0023928464044842257	0.0003159045946109737	1.02120936	53.19943237	0.99439197	0.055678415037728246	0.00873011	0.00013
-0.1065	0.0409	-0.0763	0.004143411644234539	0.00239459173373622	0.0003211405823669566	1.04615271	54.49884796	1.00271338	0.052053981633974435	0.00993562	0.0001
-0.1112	0.0913	-0.0759	0.004223696789826277	0.0027035150113392165	0.00039269908169872416	1.1064496	57.63998413	1.02911858	0.07853834612632515	0.00930089	0.00026
-0.1102	0.051	-0.0841	0.004221951460574283	0.002769837522915001	0.00034033920413889426	1.07678354	56.09454727	1.02036148	0.055521385919380405	0.00964665	0.00028
-0.1069	-0.0046	-0.08	0.004251622057858187	0.0027035150113392165	0.00030194196059501896	1.0822171	56.37760544	1.02011855	0.06971951762017818	0.010132	0.00012
-0.1034	0.0242	-0.0727	0.003525565089028546	0.0024870941840919192	0.0003473205211468716	1.05515969	54.96806335	1.01530505	0.08899281783143953	0.00962037	0.00013
-0.0992	0.0473	-0.081	0.0037524578917878084	0.002441715623540067	0.0003961897402027128	1.08424675	56.4833374	1.00597248	0.05165702911834781	0.00927824	0.0002
-0.1066	0.066	-0.0674	0.00382576172037157	0.002565634000431664	0.0003473205211468716	1.10449421	57.53812027	1.01958511	0.052004571226560006	0.00966287	0.00024
-0.1139	0.0949	-0.0496	0.003937462792499207	0.0028763026072866553	0.0002670353755551324	1.10896325	57.77093124	1.01967768	0.07913274122871836	0.00969958	0.00025
-0.1067	0.0315	-0.0484	0.003968878719035105	0.0029618237406343773	0.00019198621771937622	1.05609047	55.01654816	1.00333865	0.08139931088596883	0.00930172	0.00018
-0.0947	0.0214	-0.0313	0.0037472219040318253	0.002806489437206882	0.00011519173063162575	1.03720868	54.03290939	0.99121509	0.06188928027592629	0.00982189	0.00015
-0.0935	0.0294	-0.0312	0.00365646478292812	0.0026773350725593018	0.00013264502315156904	1.03092515	53.70557785	0.98572456	0.02116823891356146	0.00923622	0.00012
-0.0921	0.038	-0.0448	0.0038065630985996326	0.0026110125609835172	0.00010471975511965978	1.00513029	52.36180496	0.97895159	0.03581730476396033	0.0092032	9e-05
-0.0981	0.0642	-0.0364	0.0038187804033635933	0.0026197392072434887	0.000153588974175501	1.08475745	56.50994492	1.01203619	0.044090658503988654	0.0100132	0.00017
-0.097	0.0675	-0.0426	0.00365646478292812	0.0027454029133870805	0.0002443460952792061	1.08963549	56.76406097	1.00956034	0.029536822384138527	0.00996655	0.00016
-0.0957	0.0002	-0.0452	0.0038327430373795474	0.002846632010002751	0.00020769418098732522	1.06530237	55.49644089	1.01097982	0.08690796326794896	0.00954098	0.00016
-0.0968	0.022	-0.0341	0.003728023282259888	0.002778564169174973	0.00017453292519943296	1.05590701	55.00699234	0.99773397	0.0442974425867665	0.0102564	0.00013
-0.0998	0.0263	-0.0435	0.003892084231947355	0.002712241657599188	0.0001605702911834783	1.03830504	54.09002686	0.98357609	0.028917304763960348	0.00857413	7e-05
-0.0998	0.0502	-0.0562	0.0034714598822167216	0.002820452071222836	5.235987755982988e-06	1.02073991	53.17498016	0.99190632	0.07080845333908885	0.00953597	0.00013
-0.0984	0.0737	-0.0599	0.0035883969421003415	0.002960078411382383	0.00019198621771937622	1.08743453	56.64940262	1.0202999	0.05076568150032801	0.00999379	0.00012
-0.0926	0.0304	-0.0624	0.003871140280923423	0.002949606435870417	0.00023387411976724014	1.06108105	55.27653503	1.00141302	0.06835516081914557	0.00891072	0.00014
-0.0914	0.0125	-0.0547	0.003968878719035105	0.0028518679977587343	0.00018675022996339323	1.02668321	53.48459244	0.98697632	0.0389300383013606	0.00880575	0.0001
-0.0969	0.0491	-0.0486	0.003902556207459321	0.0028274333882308137	3.4906585039886588e-06	1.05211389	54.80939484	0.99811195	0.06190083462815547	0.00840306	8e-05
-0.0952	0.0391	-0.0496	0.0039723693775390945	0.002823942729726825	1.7453292519943296e-05	1.02340102	53.31361008	0.98351375	0.017063323129985833	0.00839877	5e-05
-0.092	0.0834	-0.044	0.0038065630985996326	0.0030525808617380824	0.00023212879051524583	1.00201666	52.19960022	0.97997273	0.0835559954473011	0.00857711	7e-05
-0.0917	0.0306	-0.0544	0.003792600464583678	0.003113667385557884	0.00021467549799530252	0.97491115	50.78755188	0.97483894	0.06812512251778496	0.00833362	7e-05
-0.0924	-0.0044	-0.048	0.0037472219040318253	0.0029914943379182805	0.00010821041362364843	0.96395189	50.21663284	0.96931721	0.05580083462815551	0.00879163	0.0001
-0.0905	0.0222	-0.0521	0.0038135444156076103	0.002883283924294633	0.00013439035240356338	0.99662888	51.91892624	0.97961795	0.04263564319896738	0.00907749	8e-05
-0.0958	0.0496	-0.0562	0.0038065630985996326	0.0028605946440187057	0.0002199114857512855	1.0442636	54.40043259	0.99565346	0.042559586531581345	0.00836736	0.0001
-0.0914	0.0772	-0.0585	0.0038222710618675813	0.0029478611066184224	0.00031415926535897925	1.04619634	54.50112152	0.99855128	0.04416111027376797	0.00880033	0.00013
-0.0936	0.0054	-0.0574	0.003902556207459321	0.003110176727053895	0.00024260076602721178	1.08714807	56.63447952	1.02574361	0.09080796326794899	0.00940591	0.00015
-0.0921	0.0184	-0.0549	0.0040945424251786966	0.0030647981665020423	0.00012042771838760874	1.10003495	57.30582047	1.01603868	0.03497689129554156	0.00886118	0.00012
-0.0922	0.0186	-0.0388	0.003792600464583678	0.0029373891311064567	9.075712110370512e-05	1.06235468	55.34288406	0.99517535	0.03935107966372538	0.00885934	7e-05
-0.0906	0.0494	-0.0435	0.003872885610175417	0.0028815385950426383	9.948376736367679e-05	1.05924928	55.18111038	0.99052859	0.044343116395776455	0.00866365	0.00015
-0.0916	0.0523	-0.0443	0.0038798669271833948	0.0028518679977587343	0.0001361356816555577	1.10569263	57.60055161	1.01872272	0.008365191429188134	0.00921649	0.00016
-0.0929	0.0502	-0.0602	0.00376118453804778	0.0026843163895672786	0.000153588974175501	1.15745306	60.29698944	1.03884389	0.03448436449235069	0.00947547	0.00029
-0.094	0.0449	-0.0732	0.0037384952577718534	0.0024975661596038853	0.00019198621771937622	1.12492085	58.6022377	1.02628375	0.031791837689159747	0.00814241	0.0001
-0.0992	0.092	-0.0465	0.003940953451003196	0.0029146998508305304	0.00010471975511965978	1.07522476	56.01334	1.01670531	0.1143429173528852	0.00824618	8e-05
-0.0973	0.0526	-0.0476	0.003991567999311032	0.0030211649352021846	0.000158824961931484	1.09322512	56.95106125	1.01080917	0.05295924197456572	0.00908113	0.0002
-0.0962	-0.0227	-0.0514	0.003940953451003196	0.0029845130209103033	0.000153588974175501	1.07578409	56.04248047	1.01722603	0.08482512251778501	0.00896132	0.00016
-0.0894	0.0037	-0.0638	0.0034644785652087444	0.0025987952562195565	0.00028623399732707005	1.07512903	56.00835419	1.01671982	0.09534188368183838	0.00875783	0.00012
-0.0892	0.0198	-0.0723	0.0036704274169440743	0.002623229865747477	0.00023561944901923448	1.08519053	56.53250504	1.01173071	0.038849900478554314	0.00831401	9e-05
-0.0893	0.0388	-0.0752	0.003750712562535814	0.0026022859147235454	0.00021118483949131387	1.07559979	56.03287888	1.00027578	0.02828318530717961	0.00785637	7e-05
-0.0869	0.0442	-0.0776	0.003675663404700058	0.0026720990848033187	0.00019024088846738194	1.0322597	53.77509689	0.98408915	0.018490313946973064	0.0077377	6e-05
-0.0869	0.06	-0.0846	0.003563962332572421	0.002726204291615143	9.42477796076938e-05	1.09589231	57.0900116	1.00611188	0.03588996938995747	0.00862956	8e-05
-0.0924	0.0794	-0.0691	0.003452261260444784	0.0026145032194875057	2.96705972839036e-05	1.13888371	59.32962418	1.03125711	0.0547989663289532	0.0100866	0.00016
-0.0978	0.1151	-0.0472	0.003824016391119576	0.002879793265790644	-8.901179185171081e-05	1.15498626	60.16847992	1.04415943	0.10078637830567724	0.00928903	0.00013
-0.1019	0.0285	-0.0515	0.003787364476827695	0.0030246555937061734	-0.00014660765716752367	1.10184169	57.39993668	1.02436589	0.10695550537616116	0.00827074	6e-05
-0.0922	0.001	-0.0727	0.003427826650916863	0.002764601535159018	3.665191429188092e-05	1.06687772	55.57850647	1.00756964	0.0985425727958696	0.00909954	9e-05
-0.0903	-0.0073	-0.09	0.003438298626428829	0.002535963403147761	2.4434609527920616e-05	1.09647715	57.12047958	1.02389703	0.040066370614359165	0.00856382	0.00012
-0.0906	0.0363	-0.0796	0.0036285395148962112	0.0025865779514555962	-5.585053606381854e-05	1.13311696	59.02921295	1.03099688	0.07035702911834782	0.00830156	9e-05
-0.0947	0.0866	-0.0579	0.003754203221039803	0.0030473448739821	-9.42477796076938e-05	1.12611485	58.66444016	1.02576085	0.10734139361069854	0.00855643	9e-05
-0.097	0.0092	-0.0546	0.003682644721708035	0.0031677725923697077	-0.00011170107212763708	1.07844901	56.18130875	1.00417846	0.09347197551196595	0.00797349	5e-05
-0.0879	0.0014	-0.0891	0.00325329372571743	0.002522000769131806	8.37758040957278e-05	1.05769134	55.09994507	1.00822991	0.11492998477259356	0.00841469	8e-05
-0.0809	0.013	-0.1034	0.003082251459021986	0.002171189589480946	4.886921905584123e-05	1.09412801	56.99809647	1.01133485	0.06073800156930955	0.00883472	0.00012
-0.088	0.0558	-0.093	0.0031922072018976287	0.0025464353786597265	-0.00015184364492350666	1.10713804	57.67584991	1.01500012	0.09459571980168856	0.00834459	9e-05
-0.0988	0.0946	-0.0555	0.0034836771869806815	0.003232349774693498	-0.0002583087292951608	1.10092533	57.35220337	1.02036903	0.14129247327442393	0.00905883	7e-05
-0.0938	0.0387	-0.093	0.003478441199224699	0.0033859387488689996	-0.00030368728984701333	1.07332385	55.91431427	1.01167934	0.10861017612416686	0.00809479	0.00012
-0.0863	-0.0243	-0.0937	0.002897246558310587	0.0029112091923265415	-0.00016929693744344995	1.08882284	56.72172928	1.01660012	0.13071572749300667	0.0100338	8e-05
-0.0864	0.0129	-0.1043	0.003190461872645634	0.002846632010002751	-0.00016929693744344995	1.01156342	52.69693375	0.98308234	0.06578962483294186	0.0086475	0.0001
-0.0853	0.0233	-0.1025	0.0031363566658338103	0.002780309498426967	-0.0001605702911834783	1.08146274	56.33831024	1.00326365	0.01975771823237899	0.00931209	0.0001
-0.0901	0.0497	-0.0861	0.0035098571257605967	0.002898991887562581	-9.075712110370512e-05	1.12890434	58.80975723	1.02322064	0.07569980095710865	0.00896657	0.0001
-0.096	0.0991	-0.0663	0.0036704274169440743	0.0032515483964654355	-0.00013788101090755203	1.11887717	58.28739548	1.02550017	0.10311253449450895	0.00884336	0.00014
-0.0909	0.008	-0.0754	0.0036669367584400863	0.0032916909692613052	-0.00014137166941154068	1.08180451	56.35610962	1.01982312	0.1076561944901923	0.00790226	6e-05
-0.0855	-0.0201	-0.1072	0.0032724923474893677	0.0027768188399229783	3.4906585039886588e-06	1.06779897	55.62650299	1.00464695	0.11800894341022874	0.0081659	4e-05
-0.0876	0.0149	-0.0999	0.003387684078120994	0.002790781473938933	4.0142572795869576e-05	1.02610731	53.45458984	0.97879681	0.05269031394697306	0.00845653	0.00011
-0.1055	0.0608	-0.0584	0.003543018381548489	0.00312413936106985	-4.18879020478639e-05	1.13193643	58.96770859	1.04357129	0.1338361332701073	0.00897062	0.0001
-0.1076	0.0741	-0.0493	0.0035499996985564664	0.003342305517569141	-0.0001064650843716541	1.14068127	59.42327118	1.02791668	0.03898623279155294	0.00963449	0.00012
-0.1006	0.0228	-0.0637	0.003635520831904189	0.003262020371977402	-0.00018675022996339323	1.11808908	58.24633789	1.02265898	0.08500457122656004	0.00830853	0.00013
-0.0957	0.0051	-0.0882	0.0033702307856010505	0.0028605946440187057	-4.537856055185256e-05	1.08990121	56.77790451	1.00698558	0.08750437218366877	0.00762433	6e-05
-0.0921	0.0338	-0.0933	0.0033894294073729884	0.0026720990848033187	-3.839724354387525e-05	1.10034347	57.32189178	1.00728375	0.048133774899765086	0.00886828	0.00012
-0.0922	0.0376	-0.0896	0.0032916909692613052	0.0026267205242514655	-5.93411945678072e-05	1.14236486	59.51097488	1.03107829	0.01580304748437342	0.00928742	0.00015
-0.09	0.0487	-0.0929	0.0034993851502486306	0.002707005669843205	-5.061454830783555e-05	1.16977346	60.93881226	1.02636929	0.031435298641951825	0.00827527	0.00019
-0.0932	0.068	-0.0642	0.0033440508468211352	0.002883283924294633	-9.948376736367679e-05	1.10482347	57.55527496	1.01510531	0.07022408884673825	0.00775701	4e-05
-0.0973	0.0869	-0.0566	0.0033231068957972035	0.0031468286413457764	-2.6179938779914945e-05	1.09352028	56.96644211	1.00810534	0.04848962483294184	0.00920206	0.00018
-0.0984	-0.0217	-0.0731	0.003193952531149623	0.0030997047515419294	8.726646259971648e-06	1.15160525	59.99234772	1.05911474	0.1367592419745657	0.00960141	0.00018
-0.0931	-0.0058	-0.0739	0.003338814859065152	0.0027960174616949163	-0.0001658062789394613	1.11930501	58.30968094	1.0173738	0.053154127148098765	0.00801271	0.00012
-0.0885	0.0304	-0.0818	0.003497639820996636	0.0027349309378751144	-0.0001675516081914556	1.13161767	58.95110321	1.03772606	0.05978284075016401	0.00829983	0.0001
-0.0884	0.0198	-0.074	0.003338814859065152	0.0026267205242514655	-0.00013962634015954637	1.0684365	55.65971375	1.00695658	0.033248032179352086	0.00872332	6e-05
-0.087	0.0475	-0.0858	0.0035238197597765512	0.0026581364507873638	-0.00012042771838760874	1.09020019	56.79348373	1.00633991	0.05268097245096177	0.008246	5e-05
-0.0918	0.0565	-0.0682	0.003419100004656891	0.002621484536495483	-0.00016231562043547262	1.13975716	59.3751297	1.03348439	0.040562978572970254	0.00958461	0.00012
-0.0915	0.0936	-0.0464	0.003572688978832392	0.003001966313430246	-0.00013264502315156904	1.17642641	61.28539658	1.05443426	0.08738706741970838	0.008834	0.00019
-0.091	0.0357	-0.0503	0.0037472219040318253	0.0031677725923697077	-0.00010821041362364843	1.09986758	57.29710007	1.02063902	0.08053869068334077	0.00783497	6e-05
-0.0884	-0.0001	-0.0744	0.0036285395148962112	0.0030159289474462015	-2.094395102393195e-05	1.07168305	55.82884216	1.01120267	0.08038962483294182	0.00786793	5e-05
-0.0857	0.0038	-0.0942	0.003485422516232676	0.0027855454861829498	5.93411945678072e-05	1.09801149	57.20040894	1.01125442	0.04908928027592632	0.00837469	8e-05
-0.0864	0.0329	-0.0963	0.0035395277230445004	0.002708750999095199	-1.2217304763960308e-05	1.1230222	58.50332642	1.01884225	0.04202290966156711	0.00798565	9e-05
-0.0858	0.0433	-0.0985	0.0036634460999360975	0.002764601535159018	-4.363323129985824e-05	1.13968956	59.37160492	1.0151346	0.023759241974565703	0.00797117	0.0001
-0.0838	0.0307	-0.0963	0.003576179637336381	0.002769837522915001	-1.3962634015954635e-05	1.06444323	55.45168686	0.9896832	0.02290865238198017	0.00720251	4e-05
-0.0817	0.0466	-0.0999	0.003532546406036523	0.0027244589623631483	1.2217304763960308e-05	1.09414625	56.99905014	0.99360577	0.027359586531581284	0.00842059	0.00011
-0.0839	0.0519	-0.0992	0.003516838442768574	0.002712241657599188	-1.9198621771937625e-05	1.14000571	59.38807678	1.01883302	0.01116705972839038	0.00873256	8e-05
-0.0814	0.0537	-0.0989	0.0036512287951721376	0.0027331856086231197	-3.839724354387525e-05	1.15419269	60.12714386	1.0231542	0.013326646259971642	0.00818473	0.0001
-0.0799	0.0449	-0.0821	0.0032759830059933565	0.0026563911215353696	5.235987755982988e-06	1.08024025	56.27462006	1.00039668	0.05188367537831947	0.00935447	4e-05
-0.0859	0.0581	-0.0901	0.0035622170033204267	0.002717477645355171	-5.061454830783555e-05	1.1346966	59.11149979	1.02637699	0.047358552860534496	0.00906307	0.00012
-0.0954	0.0937	-0.0668	0.003637266161156183	0.002963569069886372	-0.00015009831567151235	1.15434599	60.13512802	1.03871424	0.08943121748653171	0.00871521	0.00013
-0.0956	0.0561	-0.0662	0.0036599554414321086	0.0031730085801256907	-5.4105206811824215e-05	1.09772599	57.18553543	1.02349959	0.05480609496874664	0.00860697	0.00015
-0.0956	-0.0224	-0.0701	0.003782128489071712	0.0032131511529215613	-0.0001675516081914556	1.06532454	55.49759293	1.02123104	0.09618810109075526	0.00850427	0.00022
-0.0903	-0.0411	-0.0792	0.0037053340019839614	0.003082251459021986	-0.00013962634015954637	1.07676828	56.09375381	1.01740701	0.04488097245096176	0.0087164	0.00013
-0.0821	-0.0068	-0.0897	0.003309144261781249	0.0027523842303950577	1.2217304763960308e-05	1.03703451	54.02383804	1.00821754	0.09689503068765738	0.0101029	0.00019
-0.0855	0.0805	-0.0579	0.003497639820996636	0.0029408797896104456	-0.0002251474735072685	1.14495587	59.64595413	1.05434861	0.1532177948351002	0.00923264	0.00019
-0.0907	0.0996	-0.0546	0.003518583772020568	0.003190461872645634	-0.000153588974175501	1.11883843	58.2853775	1.01793037	0.04470422666954439	0.0106112	0.00025
-0.089	0.021	-0.0655	0.003558726344816438	0.0032567843842214186	-0.00024260076602721178	1.11408913	58.03796387	1.02779663	0.10097384381116827	0.00991911	0.00014
-0.0879	0.0232	-0.0796	0.003530801076784529	0.0029862583501622975	-0.0002181661564992912	1.08920252	56.74150848	1.00894043	0.03354429558094752	0.00853252	0.00012
-0.0875	0.0399	-0.0875	0.0035412730522964946	0.0028326693759867967	-0.0001832595714594046	1.03136861	53.72867584	0.99086015	0.03494837673636766	0.00913447	0.00021
-0.0912	0.0459	-0.0929	0.003581415625092364	0.002775073510670984	-0.00022340214425527416	1.13447452	59.09993362	1.01492527	0.02199405054537759	0.00922918	0.0001
-0.092	0.0912	-0.0595	0.0036931166972200015	0.002939134460358451	-0.0002583087292951608	1.18222737	61.58759308	1.03155426	0.09503343034274954	0.0100235	0.00029
-0.0872	0.0617	-0.0482	0.0035081117965086025	0.0031119220563058892	-0.00021642082724729686	1.13418412	59.08480453	1.00794293	0.06558401993533507	0.0101381	0.00013
-0.0917	-0.0167	-0.0623	0.003757693879543791	0.003178244567881674	-0.0003577924966588376	1.09737003	57.16699219	1.01318625	0.11986381320112573	0.00843877	7e-05
-0.094	0.0009	-0.0607	0.00334579617607313	0.002946115777366428	-0.00039968039870670147	1.13377905	59.06370163	1.00907572	0.05579571980168856	0.0102479	0.00011
-0.0918	0.0097	-0.0697	0.003576179637336381	0.0026965336943312393	-0.0004363323129985824	1.17209804	61.05990982	1.01878192	0.04583087292951602	0.0089131	0.00024
-0.0908	0.0399	-0.0563	0.0034836771869806815	0.0027296949501191318	-0.000466002910282486	1.13788426	59.27756119	1.01208556	0.05236671517137476	0.00784719	5e-05
-0.0883	0.0749	-0.0406	0.003478441199224699	0.0028763026072866553	-0.0002530727415391778	1.06050634	55.24659348	0.99067734	0.07143869068334073	0.00856024	8e-05
-0.0926	0.0316	-0.0475	0.0034452799434368064	0.0029949849964222694	-0.00026354471705114377	1.14445043	59.61962509	1.0222766	0.06261578102177362	0.0100405	0.00027
-0.0955	0.0013	-0.0578	0.0035918876006043304	0.0030909781052819575	-0.0005445427266222308	1.15319526	60.07518005	1.01978391	0.06967993877991496	0.00895602	0.00013
-0.0937	0.0281	-0.0635	0.0036512287951721376	0.0028902652413026098	-0.0005201081170943102	1.11769879	58.22600555	1.00787391	0.04852443340375378	0.00761718	7e-05
-0.0888	0.0367	-0.063	0.003478441199224699	0.0026720990848033187	-0.00042236967898262774	1.04533494	54.45624924	0.97835599	0.03843460952792062	0.00781131	2e-05
-0.0873	0.055	-0.0748	0.0035412730522964946	0.002637192499763432	-0.00040840704496667313	1.09351993	56.96641922	0.99076543	0.03718505360638185	0.00833291	8e-05
-0.0938	0.0868	-0.0511	0.0035290557475325343	0.002748893571891069	-0.0004520402762665313	1.1295526	58.84352875	1.01580216	0.07037758040957277	0.00863951	0.00013
-0.0931	0.0934	-0.0535	0.003560471674068432	0.0031712632508736965	-0.00039793506945470715	1.1344496	59.09863281	1.02154419	0.03509454061651747	0.00920767	0.00026
-0.095	-0.0094	-0.0671	0.003415609346152903	0.003239331091701475	-0.00028274333882308137	1.13980746	59.3777504	1.04642917	0.1347060949687467	0.00790238	8e-05
-0.0933	0.0014	-0.0802	0.003459242577452761	0.0028815385950426383	-0.0001291543646475804	1.03154683	53.73796082	0.9928966	0.0533507351067098	0.00764763	5e-05
-0.0924	0.0226	-0.0768	0.0033108895910332428	0.0028902652413026098	-0.00010995574287564276	1.07807779	56.16196823	1.00260404	0.03431391272257136	0.00966805	0.0001
-0.0952	0.071	-0.0519	0.0031381019950858045	0.002895501229058593	-0.0002530727415391778	1.11097074	57.87551117	1.02512711	0.09215702911834782	0.0100396	0.00014
-0.0965	0.0838	-0.0548	0.0033964107243809652	0.003118903373313867	-0.00027925268031909274	1.1144582	58.05718994	1.02345089	0.0423945406165175	0.00978029	0.0003
-0.0808	0.0103	-0.0753	0.0033649947978450674	0.003106686068549906	-0.00012740903539558605	1.1159476	58.13478088	1.04624763	0.11947384381116825	0.0110145	0.00018
-0.0677	-0.0361	-0.1477	0.0037489672332838195	0.0028623399732707008	5.759586531581287e-05	1.13722503	59.24322128	1.08705079	0.1725661715714678	0.0123096	0.00047
-0.0733	0.0396	-0.1392	0.0037751471720637348	0.0024731315500759648	3.665191429188092e-05	1.09009576	56.78804016	1.06731377	0.11161661564992918	0.0098244	0.00012
-0.0759	0.0614	-0.1226	0.0037699111843077517	0.0025499260371637153	5.235987755982988e-06	0.94757414	49.36344147	0.96749201	0.04667232006898156	0.00901645	0.00014
-0.0875	0.1021	-0.0774	0.0036093408931242737	0.00294262511886244	3.4906585039886588e-06	1.00754046	52.48735809	0.9981316	0.12525073510670984	0.0105463	0.00021
-0.0869	0.0594	-0.1109	0.003862413634663451	0.0032061698359135836	-1.3962634015954635e-05	1.021106	53.19405365	0.99843565	0.1035035375555132	0.00900853	0.0001
-0.0745	0.0017	-0.109	0.0033248522250491977	0.002885029253546627	0.00017976891295541595	1.09503067	57.04512405	1.02541427	0.124621676947629	0.01028	0.00023
-0.0783	0.048	-0.1016	0.0033405601883171464	0.002700024352835228	5.759586531581287e-05	1.13617003	59.18825912	1.02867175	0.07364429558094755	0.0105272	0.0001
-0.0832	0.0782	-0.0881	0.0037245326237558994	0.0030281462522101614	-3.4906585039886588e-06	1.15514827	60.17692184	1.02753281	0.0872590429316744	0.00914305	0.0002
-0.0894	0.0534	-0.0848	0.003790855135331684	0.003333578871309169	-3.4906585039886588e-06	1.07309341	55.90230942	1.00029163	0.052887756533739616	0.00856096	0.00014
-0.0914	-0.0014	-0.091	0.0037140606482439333	0.0034871678454846703	-0.00018500490071139895	1.04363585	54.367733	0.99517671	0.0835948851735331	0.00924391	3e-05
-0.0822	-0.0114	-0.1123	0.003384193419617005	0.0030560715202420713	-6.632251157578452e-05	1.02312577	53.29926682	0.98528833	0.08448229715025708	0.00855863	9e-05
-0.081	0.0132	-0.1089	0.0033178709080412204	0.0028605946440187057	-3.141592653589793e-05	0.98184264	51.14864349	0.97127718	0.04403529864195183	0.00882035	8e-05
-0.0853	0.061	-0.0843	0.003438298626428829	0.003033382239966145	-4.886921905584123e-05	0.97675103	50.88339996	0.9824004	0.09223343034274957	0.00794822	8e-05
-0.0878	0.1118	-0.0749	0.0035342917352885177	0.003349286834577118	1.7453292519943296e-05	0.97471094	50.7771225	0.98451178	0.0866110107523223	0.00919259	7e-05
-0.0842	0.0248	-0.087	0.003577924966588375	0.0034243359924128747	-9.599310885968811e-05	0.97024143	50.54428482	0.99297308	0.11430643952576226	0.00849998	0.00018
-0.0818	0.0111	-0.1137	0.0034400439556808234	0.0031223940318178558	-1.7453292519943296e-05	0.95912594	49.96522903	0.9828683	0.06871813939211577	0.00842756	8e-05
-0.0808	0.0346	-0.1181	0.0035499996985564664	0.0028710666195306722	-1.0471975511965975e-05	1.00841844	52.53310013	0.99143816	0.04731322360854019	0.00856179	7e-05
-0.0882	0.0655	-0.0988	0.003602359576116296	0.003089232776029963	-5.585053606381854e-05	1.12444782	58.57759476	1.02129798	0.07339522973054864	0.00982463	0.00021
-0.0969	0.0919	-0.0805	0.003639011490408177	0.0035081117965086025	5.93411945678072e-05	1.10559106	57.59526443	1.01635248	0.08193613327010729	0.0103542	0.00018
-0.0961	0.0017	-0.0949	0.0038903389026953604	0.00364424747816416	1.2217304763960308e-05	1.0840832	56.47481918	1.02163905	0.12712934918732935	0.00870538	0.0001
-0.0962	-0.0094	-0.094	0.003787364476827695	0.0035203291012725624	-3.490658503988659e-05	1.02295434	53.29033661	0.9822033	0.02580083462815548	0.00869894	7e-05
-0.0928	0.0224	-0.088	0.0036931166972200015	0.0031956978604016175	-0.00011170107212763708	1.05301404	54.8562851	0.99167212	0.06598367537831945	0.00885832	9e-05
-0.0897	0.0593	-0.0652	0.0034819318577286873	0.0031049407392979124	-0.00028797932657906436	1.10125434	57.3693428	1.00274684	0.08671101075232232	0.00971007	0.0001
-0.0907	0.1097	-0.06	0.0036634460999360975	0.003349286834577118	-0.0002530727415391778	1.12402332	58.55548096	1.02025317	0.0796383461263251	0.00940317	0.00019
-0.0898	0.0283	-0.0647	0.003640756819660172	0.003532546406036523	-0.00017802358370342162	1.07799172	56.15748596	1.01080141	0.10104990047855433	0.00831759	0.00012
-0.0869	0.009	-0.0703	0.003701843343479973	0.0033702307856010505	-0.000439822971502571	1.03357565	53.84365463	0.98656793	0.05206007660272116	0.00825214	5e-05
-0.0892	0.035	-0.0726	0.003605850234620285	0.0031293753488258326	-0.00042935099599060504	1.07930696	56.22600555	0.99395754	0.0479660260573436	0.00928694	0.00014
-0.0939	0.0449	-0.0566	0.003384193419617005	0.0029740410453983376	-0.00040317105721069014	1.11977053	58.33393478	1.00941795	0.05075855286053448	0.0108016	0.00017
-0.0926	0.1095	-0.067	0.0038693949516714287	0.0033021629447732717	-0.00035081117965086024	1.13899589	59.33547211	1.03330164	0.11958416544945936	0.0100628	0.00019
-0.0967	0.0234	-0.0808	0.003717551306747922	0.003572688978832392	-0.0003438298626428829	1.07562792	56.03434753	1.01855894	0.1254675497995302	0.00861955	0.00011
-0.0927	-0.0252	-0.0908	0.0035203291012725624	0.00322885911618951	-0.00027925268031909274	1.04285634	54.32712555	1.0005747	0.09288146252210158	0.00930363	0.0001
-0.0975	0.0359	-0.0793	0.0036547194536761256	0.003118903373313867	-0.00035081117965086024	0.97826976	50.96251678	0.98365919	0.09319522973054872	0.00894064	7e-05
-0.1027	0.0926	-0.0564	0.003895574890451344	0.0033824480903650108	-0.00039095375244672985	0.97318995	50.69788742	0.98217357	0.11202713633111155	0.00856459	7e-05
-0.0979	0.0481	-0.0523	0.003586651612848347	0.003530801076784529	-0.00034033920413889426	0.95246398	49.61817551	0.96575035	0.07879454061651754	0.00948274	0.00013
-0.0994	-0.0082	-0.0806	0.003454006589696778	0.0033597588100890844	-0.00046425758103049166	0.98944676	51.54477692	0.9865477	0.10748028333693056	0.00805575	0.00012
-0.1021	0.0248	-0.0895	0.0033353242005611634	0.003040363556974122	-0.00046425758103049166	1.01483154	52.86718369	0.98936497	0.06650388211252883	0.008219	5e-05
-0.102	0.0526	-0.0825	0.003593632929856324	0.0029705503868943488	-0.000486946861306418	1.05091977	54.74718475	1.00243371	0.05244055898254302	0.00828093	0.00014
-0.1056	0.0982	-0.0669	0.003715805977495928	0.003267256359733385	-0.0005078908123303499	1.11360192	58.01258469	1.01673822	0.08679114857512862	0.00945216	0.00024
-0.0979	0.0191	-0.0697	0.003686135380212024	0.0033911747366249826	-0.0006649704450098395	1.08315945	56.42669678	1.01401729	0.10513343034274956	0.00896478	0.00012
-0.0963	-0.0006	-0.0785	0.0036337755026521943	0.00318871654339364	-0.000661479786505851	1.04966342	54.68173981	0.98817419	0.043015436464758056	0.00829995	4e-05
-0.0957	0.0182	-0.0861	0.0036547194536761256	0.0029897490086662863	-0.00062482787221397	1.03096783	53.707798	0.97709608	0.03982817000215829	0.00862384	0.00013
-0.0979	0.0388	-0.0831	0.0034609879067047556	0.002834414705238791	-0.0005585053606381855	1.09670854	57.13253021	1.00883672	0.0465694180987325	0.0101004	0.00017
-0.1005	0.0528	-0.0748	0.003750712562535814	0.0029321531433504737	-0.0006562437987498679	1.13405192	59.07791901	1.01958866	0.04916007660272118	0.00969416	0.00025
-0.102	0.0985	-0.0559	0.0036669367584400863	0.0031712632508736965	-0.00062482787221397	1.13270521	59.00776291	1.03724633	0.08381509190774242	0.0106584	0.00024
-0.0998	0.0054	-0.0695	0.0037489672332838195	0.0033196162372932147	-0.0007120943348136865	1.10254216	57.43643188	1.03210929	0.12478249619314837	0.0088318	0.0001
-0.0952	0.0118	-0.071	0.0035831609543443585	0.0029548424236264	-0.0006754424205218055	1.02438951	53.36510468	0.98569554	0.040861600344907816	0.00972754	4e-05
-0.0963	0.0247	-0.0843	0.0037699111843077517	0.0028309240467348025	-0.0006108652381980154	1.04356718	54.36415863	0.99038626	0.04606228945893904	0.00935483	0.00013
-0.1005	0.0751	-0.0478	0.0037350045992678655	0.003001966313430246	-0.0006806784082777885	1.08636689	56.59378815	1.01493349	0.10488810109075516	0.00938702	0.00013
-0.1016	0.0871	-0.0468	0.0036634460999360975	0.0032463124087094525	-0.0006318091892219474	1.07383502	55.94094467	0.99853447	0.03233869068334076	0.010462	0.00021
-0.0956	0.0075	-0.0679	0.0038938295611993493	0.0032882003107573173	-0.0007592182246175333	1.05140924	54.77268219	0.99867395	0.12668401993533512	0.00902104	9e-05
-0.0975	0.0066	-0.071	0.003687880709464018	0.003038618227722128	-0.00062482787221397	1.0173924	53.00059128	0.97060404	0.03539606435870418	0.00886315	7e-05
-0.097	0.0422	-0.079	0.0036948620264719957	0.0029722957161463434	-0.000619591884457987	1.00219655	52.20896912	0.97051266	0.04802699081698728	0.00795573	4e-05
-0.0963	0.068	-0.0618	0.003586651612848347	0.003106686068549906	-0.0004956735075663896	1.01830947	53.04836655	0.97718217	0.06202595714594046	0.00878042	9e-05
-0.1016	0.0619	-0.0595	0.003556981015564444	0.0033318335420571745	-0.0005288347633542819	1.04114354	54.23789978	0.99164292	0.02809896632895318	0.00971568	0.00011
-0.0957	0.0075	-0.0772	0.0036721727461960694	0.0031799898971336684	-0.0007749261878854823	1.03113019	53.71625519	0.99363526	0.1036563400043166	0.00836211	0.0001
-0.0957	0.0199	-0.0758	0.0035534903570604553	0.0029530970943744054	-0.0008621926504851988	1.02276647	53.28055191	0.98342719	0.03544208272472968	0.00831628	7e-05
-0.0974	0.036	-0.085	0.0038117990863556156	0.0029880036794142917	-0.0009250245035569946	1.10657585	57.64656448	1.00370413	0.04480235837034212	0.00856239	0.00013
-0.0955	0.0264	-0.0854	0.003778637830567723	0.002858849314766712	-0.0009145525280450286	1.05570257	54.99634552	0.98522196	0.020539379797371905	0.00771433	5e-05
-0.0984	0.086	-0.0683	0.003841469683639519	0.002960078411382383	-0.000932005820564972	1.10582399	57.60739899	1.01622893	0.0886757121103705	0.00935054	0.00024
-0.1006	0.0575	-0.0652	0.003640756819660172	0.003089232776029963	-0.0009459684545809266	1.12159133	58.42878723	1.02648344	0.050991493132144045	0.0101162	0.00027
-0.0958	0.0161	-0.0743	0.003790855135331684	0.002925171826342496	-0.001001818990644745	1.13047671	58.89167023	1.02575632	0.07380049007113987	0.00925773	0.00021
-0.0927	0.0362	-0.0716	0.0037978364523396607	0.0028361600344907856	-0.0010157816246606998	1.09632432	57.1125145	1.01045777	0.0313977871437821	0.00848097	0.00014
-0.0927	0.0293	-0.0711	0.0036163222101322505	0.002816961412718848	-0.0009896016858807848	1.04775298	54.58221436	0.99143507	0.01874464013796314	0.00838816	3e-05
-0.0899	0.0336	-0.0768	0.0036302848441482054	0.0027349309378751144	-0.0009581857593448868	1.05968201	55.20364761	0.99960694	0.01917045176977933	0.00852871	0.00014
-0.0921	0.0587	-0.066	0.0036163222101322505	0.002816961412718848	-0.000932005820564972	1.07536519	56.0206604	1.00600285	0.04420865238198017	0.00858462	0.00016
-0.0876	0.0819	-0.044	0.0036337755026521943	0.002900737216814576	-0.0009093165402890458	1.07900584	56.2103157	1.00551693	0.05589591884457989	0.0097757	0.00017
-0.0886	0.0415	-0.055	0.003830997708127553	0.0030072023011862297	-0.0009040805525330626	1.05625927	55.02534485	1.01096504	0.0678461638801498	0.0101261	0.0002
-0.093	-0.0131	-0.0859	0.0038781215979314006	0.0030717794835100195	-0.0008307767239493009	1.05762637	55.09656525	1.02370371	0.09915024503556993	0.0084964	0.00014
-0.0951	-0.0179	-0.0927	0.003837979025135531	0.002886774582798621	-0.0005794493116621174	1.04870427	54.63176727	1.00552473	0.03752374428972259	0.00762802	0.0001
-0.0932	0.0311	-0.0945	0.0038519416591514853	0.0027995081201989047	-0.0005742133239061344	1.01873302	53.07043457	0.99677795	0.05802325421858268	0.00765294	5e-05
-0.0965	0.0688	-0.069	0.0038746309394274117	0.0031119220563058892	-0.0008150687606813518	1.05218184	54.81293488	1.0084686	0.0952979326579064	0.00816381	0.00013
-0.0997	0.0677	-0.0639	0.0035674529910764093	0.0031817352263856626	-0.0008621926504851988	1.06019115	55.23017502	1.01001323	0.030605750411731136	0.0105344	0.00013
-0.0972	0.0109	-0.0919	0.0037262779530078936	0.002841396022246768	-0.0006894050545377602	1.07440996	55.97089767	1.02123326	0.12089758810089084	0.00889403	9e-05
-0.098	0.0337	-0.102	0.00399505865781502	0.0027838001569309555	-0.0006335545184739417	1.10216129	57.41659164	1.01808594	0.052811355309337865	0.00816506	9e-05
-0.0976	0.0543	-0.101	0.0040561451816348215	0.0027680921936630064	-0.000635299847725936	1.0992806	57.26652145	1.01233218	0.02592699081698725	0.00765276	4e-05
-0.0948	0.0534	-0.0974	0.0037943457938356727	0.002775073510670984	-0.0005916666164260777	1.04216874	54.29130554	0.99048128	0.022920696805349246	0.00773692	4e-05
-0.0953	0.0439	-0.1035	0.003895574890451344	0.002825688058978819	-0.0006108652381980154	1.09275937	56.92679977	1.00027433	0.024652113334772185	0.00810522	0.00014
-0.095	0.0437	-0.1042	0.003876376268679406	0.0027331856086231197	-0.0006213372137099814	1.10617507	57.62568283	1.00797748	0.007308652381980162	0.00819051	0.00012
-0.0951	0.0351	-0.1019	0.003968878719035105	0.0027925268031909274	-0.0006300638599699529	1.12573647	58.64472961	1.01243852	0.01902851455917393	0.00801653	0.00011
-0.0937	0.048	-0.0832	0.0038798669271833948	0.0028396506929947744	-0.000752236907609556	1.09184289	56.87905884	1.00517383	0.04591543646475802	0.00798529	6e-05
-0.1005	0.0948	-0.0368	0.003965388060531117	0.003014183618194207	-0.0005619960191421741	1.08325064	56.43144608	1.02675755	0.1225147473507268	0.00869781	7e-05
-0.0977	0.0664	0.0215	0.004230678106834255	0.002883283924294633	-0.00041538836197465044	1.05481553	54.95013046	1.02175012	0.11663986986851178	0.0109705	0.0003
-0.0965	-0.0342	-0.0203	0.004447098934081553	0.0029705503868943488	-0.0004677482395344803	1.0021714	52.20766449	1.00515122	0.16140235837034217	0.0106257	0.00017
-0.0998	-0.0454	-0.0666	0.004237659423842232	0.0030560715202420713	-0.0006161012259539982	1.00236559	52.21777725	1.00657874	0.08296568150032807	0.0110521	0.0002
-0.1043	-0.0504	-0.1275	0.004071853144902771	0.002665117767795341	-0.0005759586531581287	1.0888387	56.72255325	1.04644229	0.10024513020910301	0.00974643	0.00029
-0.1077	0.0199	-0.1248	0.004068362486398782	0.002665117767795341	-0.0006038839211900379	1.16483557	60.68157959	1.06047316	0.07797079632679489	0.0098899	0.00014
-0.1062	0.0579	-0.127	0.004251622057858187	0.0026808257310632897	-0.0006492624817418905	1.15223873	60.02535248	1.04192951	0.05391730476396031	0.00850528	9e-05
-0.1092	0.1164	-0.0889	0.004258603374866164	0.0031834805556376572	-0.0007557275661135446	1.08521199	56.53362274	1.02633989	0.1304050612976999	0.00912607	0.00015
-0.1119	0.0836	-0.0991	0.004279547325890096	0.0034697145529647274	-0.0007976154681614085	1.12592268	58.65442657	1.01600564	0.0631532925199433	0.0099383	0.00014
-0.1103	0.0267	-0.1229	0.004206243497306334	0.0030002209841782524	-0.0007295476273336296	1.14106977	59.44350815	1.03469128	0.1128432619099008	0.00896621	9e-05
-0.11	0.0382	-0.1223	0.0040613811693908045	0.002844886680750757	-0.000752236907609556	1.16109991	60.48697281	1.03359888	0.02854429558094756	0.00881314	0.00012
-0.1014	0.0214	-0.1143	0.003871140280923423	0.002766346864411012	-0.0007016223593017205	1.08211946	56.37252045	1.01169884	0.049369762655748085	0.0087083	4e-05
-0.0696	0.0258	-0.1319	0.003691371367968007	0.0031922072018976287	-0.00048520153205442357	1.14731956	59.76908875	1.02923189	0.09490250388446649	0.00981945	0.00015
-0.0737	0.0224	-0.1308	0.0038222710618675813	0.00301941960595019	-0.000598647933434055	1.17429352	61.17428207	1.04451342	0.029456684561332224	0.00947553	0.00018
-0.0964	0.0743	-0.0885	0.004290019301402062	0.00318871654339364	-0.0007888888219014368	1.19654655	62.3335495	1.06273539	0.15826430327226562	0.00971049	0.00018
-0.0814	-0.0215	-0.1323	0.003907792195215304	0.003145083312093782	-0.0005951572749300663	1.13770425	59.26818085	1.05395469	0.18557959422289927	0.00769186	4e-05
-0.0862	-0.0335	-0.132	0.0038501963298994907	0.002834414705238791	-0.00062482787221397	1.10207689	57.41218948	1.00486414	0.03699675347273541	0.00865746	0.00015
-0.091	0.0085	-0.1266	0.0038065630985996326	0.0027279496208671367	-0.0007086036763096977	1.10479772	57.55393219	1.01021594	0.06389370598836203	0.00839436	0.0001
-0.1047	0.0617	-0.1014	0.004153883619746505	0.0030455995447301047	-0.0007295476273336296	1.1410017	59.43996429	1.03631284	0.1263957198016886	0.00893688	0.0001
-0.1122	0.0739	-0.1086	0.004338888520457902	0.003384193419617005	-0.000783652834145454	1.09004426	56.78535843	1.01174203	0.055785199120506106	0.00823802	0.00012
-0.1097	-0.0128	-0.128	0.003937462792499207	0.002790781473938933	-0.0007155849933176752	1.1245929	58.58515167	1.04052028	0.16174527572322733	0.00790912	4e-05
-0.1128	0.0251	-0.1248	0.003947934768011174	0.002659881780039358	-0.0007766715171374765	1.02999902	53.65732956	0.99248001	0.05432290966156716	0.00896394	7e-05
-0.1244	0.064	-0.114	0.004091051766674708	0.002946115777366428	-0.0009023352232810684	1.09172583	56.87295914	1.01999135	0.08905073510670981	0.00846535	9e-05
-0.1297	0.0842	-0.0904	0.004098033083682686	0.0030944687637859463	-0.0009285151620609833	1.10328972	57.47537231	1.01987728	0.05817571211037056	0.0102623	0.00018
-0.1278	0.0018	-0.1136	0.004267330021126135	0.003106686068549906	-0.0008988445647770796	1.10552847	57.59199905	1.03533247	0.11805924197456567	0.00910246	0.0001
-0.1356	-0.0165	-0.1307	0.004356341812977846	0.002623229865747477	-0.0009704030641088471	1.08103406	56.31597519	0.99660178	0.07540132469929538	0.00802916	6e-05
-0.1351	0.0062	-0.1291	0.004251622057858187	0.0026878070480712674	-0.0009494591130849152	1.01694429	52.97724915	0.96682618	0.03431204442336909	0.00942296	5e-05
-0.1379	0.0254	-0.1332	0.004276056667386107	0.0027680921936630064	-0.0009529497715889039	1.10374606	57.49914932	0.99085795	0.03151052068118239	0.0099225	0.0001
-0.1406	0.0663	-0.1239	0.004621631859280984	0.0030962140930379405	-0.0010524335389525807	1.13398647	59.07450867	1.01540507	0.09155904293167445	0.00888324	0.0001
-0.1413	0.0788	-0.1223	0.004628613176288962	0.0034417892849328176	-0.0011641346110802177	1.12442315	58.5763092	1.00375025	0.038012879051524576	0.0104207	0.00015
-0.133	-0.0151	-0.1411	0.00426907535037813	0.003113667385557884	-0.0008988445647770796	1.128479	58.78759766	1.02714737	0.16864748857944517	0.00891012	0.0001
-0.139	0.0136	-0.183	0.004941027112395947	0.0023230332344044524	-0.0011763519158441782	1.11944795	58.31712723	1.05738276	0.16360466321191738	0.0105094	0.00052
-0.1421	0.0011	-0.2789	0.005452408583230286	0.0024190263432641405	-0.0012775810124598492	1.16863155	60.87932968	1.12348609	0.14693018381548487	0.0135282	0.00076
-0.1446	0.1401	-0.2206	0.005796238445873169	0.002958333082130389	-0.0010262536001726657	1.10829461	57.73610306	1.09421877	0.25652320068981566	0.0111733	0.00033
-0.1418	0.0511	-0.2227	0.005738642580557355	0.003120648702565861	-0.0009861110273767962	1.00515532	52.36310959	1.01489012	0.10690270292735776	0.0104182	0.00022
-0.1371	-0.0148	-0.2205	0.005715953300281429	0.0027593655474030345	-0.000947713783832921	0.99027818	51.58808899	0.9870956	0.09391848394913141	0.0101163	0.00018
-0.1385	0.0295	-0.2075	0.0055484016920899736	0.0026302111827554544	-0.0009634217471008699	0.95544702	49.77357483	0.95473804	0.07432069680534925	0.0102246	0.00019
-0.1404	0.0306	-0.2122	0.005586798935633849	0.002518510110627818	-0.0010175269539126942	1.07148552	55.81855011	0.99136324	0.017910176124166784	0.0102959	0.0002
-0.1398	0.0441	-0.2106	0.005632177496185701	0.002584832622203602	-0.0010524335389525807	1.12982917	58.85793304	1.00305489	0.023030382858376143	0.010981	0.00042
-0.1506	0.0803	-0.1843	0.005895722213236845	0.002874557278034661	-0.00119729586686811	1.11919105	58.30374527	1.01948142	0.1082065850398866	0.0106793	0.00031
-0.1646	0.0708	-0.1703	0.005827654372409066	0.003300417615521277	-0.0011693705988362008	1.05686772	55.05704117	0.99541635	0.06359267231731516	0.0108626	0.00027
-0.1628	0.0127	-0.1779	0.005951572749300664	0.0034662238944607386	-0.0012130038301360591	1.02425611	53.3581543	0.97981308	0.08416789435654586	0.00974071	6e-05
-0.1594	-0.0027	-0.1701	0.0055763269601218825	0.0032131511529215613	-0.0011606439525762293	0.98492014	51.30896378	0.9588656	0.060633920413889424	0.00941151	0.0001
-0.1609	0.0246	-0.1746	0.005323254218582705	0.0028658306317746896	-0.0011746065865921838	1.05851209	55.14270401	0.98507315	0.06401779483510019	0.00902796	0.0001
-0.1596	0.0498	-0.1749	0.005691518690753509	0.002764601535159018	-0.0012583823906879114	1.10562825	57.59719849	1.01341121	0.05446346864411012	0.0106968	0.0002
-0.1606	0.11	-0.1514	0.0060301125656404084	0.00314857397059777	-0.001281071670963838	1.13574564	59.16615295	1.03939388	0.12196277953007892	0.0114301	0.00022
-0.1597	0.0483	-0.1363	0.005770058507093254	0.003412118687648914	-0.0011152653920243766	1.06190896	55.31966019	0.99874956	0.11217025272688796	0.0107337	0.00013
-0.1533	0.0099	-0.1622	0.0055920349233898325	0.0035133477842645856	-0.001059414855960558	1.03700948	54.02253342	0.98670329	0.08745516081914563	0.00871408	6e-05
-0.1475	0.0235	-0.1564	0.0052726396702748686	0.0031363566658338103	-0.001158898623324235	1.0160836	52.93241119	0.96159677	0.06499350694547082	0.0100759	0.00012
-0.1511	0.0425	-0.1578	0.005134758659367318	0.0029914943379182805	-0.0011798425743481666	1.05183613	54.79492188	0.97947063	0.0391843644923506	0.0110306	9e-05
-0.1553	0.0709	-0.1419	0.005398303376418462	0.003077015471266003	-0.0011850785621041497	1.07553685	56.02959824	0.99140644	0.06621509190774241	0.00976175	0.00013
-0.1579	0.1043	-0.1344	0.005352924815866608	0.0033684854563490563	-0.0011990411961201044	1.07360959	55.92919922	0.99189983	0.061040558982543104	0.0107331	0.00019
-0.1552	0.0164	-0.143	0.005471607205002223	0.0034697145529647274	-0.001228711793404008	1.02816141	53.56159973	0.9899617	0.11167910415175952	0.00958961	0.00011
-0.1543	-0.0	-0.1482	0.004906120527356061	0.0032061698359135836	-0.001165879940332212	1.0175221	53.00735092	0.97286044	0.06709316238845515	0.00846905	3e-05
-0.1527	0.0293	-0.1582	0.005028293574995664	0.002993239667170275	-0.0012042771838760874	0.97792107	50.9443512	0.95967149	0.05957502299633934	0.0080238	1e-05
-0.1624	0.0618	-0.1224	0.004960225734167885	0.0033667401270970616	-0.0009756390518648303	1.09762228	57.18013382	1.00778673	0.11151032163829112	0.0100934	0.00012
-0.1601	0.0684	-0.1163	0.004434881629317591	0.003565707661824415	-0.0006056292504420323	1.08864236	56.71232605	1.00751523	0.06971607205002227	0.00999469	0.00015
-0.1534	0.0182	-0.1631	0.004885176576332128	0.003467969223712733	-0.000926769832808989	1.07912791	56.2166748	1.00460386	0.14715869837465878	0.00946063	0.00013
-0.1545	0.0257	-0.1576	0.00495848040491589	0.0032480577379614467	-0.0011379546723003027	1.05572081	54.99729156	0.98448561	0.03932000769131812	0.00883383	0.00011
-0.152	0.0286	-0.1518	0.0048467793327882525	0.0030508355324860886	-0.0011379546723003027	1.0231396	53.29999161	0.96495026	0.026646163880149783	0.0078631	4e-05
-0.1524	0.052	-0.1612	0.004956735075663896	0.0029827676916583086	-0.0011519173063162574	0.9697206	50.51715088	0.95183703	0.04279931088596892	0.00786394	3e-05
-0.1528	0.0467	-0.1633	0.0049864056729478	0.0029845130209103033	-0.001181587903600161	1.02512872	53.40361023	0.96184845	0.010854326190990112	0.00889605	0.0001
-0.1529	0.0601	-0.1664	0.004965461721923867	0.0029181905093345183	-0.001181587903600161	1.07537329	56.02108002	0.98462177	0.020963323129985906	0.00944459	0.00016
-0.154	0.0441	-0.1692	0.005166174585903216	0.0029548424236264	-0.0012269664641520136	1.12156355	58.42734146	0.99792503	0.03403716694115413	0.0100473	0.00026
-0.1538	0.0973	-0.1412	0.005227261109723017	0.003190461872645634	-0.0012671090369478833	1.09104502	56.8374939	1.00313356	0.09824242728174525	0.00967723	0.00022
-0.1621	0.0666	-0.1348	0.005167919915155209	0.003373721444105039	-0.0012514010736799342	1.02229929	53.25621414	0.97321358	0.05831543646475804	0.00910407	0.0001
-0.1644	-0.0103	-0.1396	0.005311036913818745	0.0035622170033204267	-0.0013212142437597075	1.04411244	54.39255905	0.9858902	0.10407128639793484	0.0097416	0.00013
-0.1612	-0.0535	-0.1434	0.005380850083898519	0.0034016467121369483	-0.0013264502315156904	0.99375027	51.76896667	0.97029309	0.0619809724509617	0.00963342	6e-05
-0.1642	-0.0231	-0.1372	0.0052010811709431014	0.003120648702565861	-0.001324704902263696	1.00544786	52.37834549	0.97330502	0.06272561258892495	0.00952554	5e-05
-0.1637	0.0322	-0.1521	0.005230751768227006	0.003003711642682241	-0.0013177235852557187	1.09265697	56.92146683	1.00693132	0.07837944870877513	0.00864989	9e-05
-0.1622	0.0561	-0.1524	0.005412266010434416	0.002886774582798621	-0.0013037609512397642	1.08450103	56.49658585	0.98905927	0.041320696805349215	0.00856555	5e-05
-0.1684	0.112	-0.1305	0.005358160803622591	0.0031171580440618727	-0.0012880529879718153	1.05427837	54.92214966	0.98786681	0.09900983156715128	0.00876176	7e-05
-0.1714	0.082	-0.1245	0.005199335841691108	0.0033143802495372316	-0.0012583823906879114	1.07110393	55.79866791	0.98125961	0.058285888234537314	0.0102438	0.00018
-0.1745	0.025	-0.137	0.005202826500195096	0.0033545228223331013	-0.0014154620233674013	1.1022594	57.42169952	1.00717365	0.08263564319896739	0.009395	0.00013
-0.1705	0.0287	-0.1451	0.0051173053668473745	0.0031293753488258326	-0.0012723450247038664	1.09590828	57.0908432	1.00013554	0.038489280275926234	0.00987989	7e-05
-0.1647	0.0347	-0.1583	0.005537929716578008	0.002897246558310587	-0.0012932889757277981	1.06628215	55.54748154	0.98790941	0.05868485456349056	0.00912631	3e-05
-0.1693	0.0628	-0.1502	0.0055710909723658995	0.0031084313978019013	-0.0013124875974997359	1.03105259	53.71221161	0.97867076	0.05397723585255714	0.0124577	5e-05
-0.1664	0.0344	-0.1583	0.005489060497522166	0.0032637657012293962	-0.0012740903539558604	1.01910913	53.09002686	0.96672053	0.05318810109075519	0.011149	0.0001
-0.1637	-0.0102	-0.1533	0.0048939032225921	0.0030752701420140084	-0.001186823891356144	1.06858516	55.66745758	0.99798039	0.09584596483725853	0.0104008	8e-05
-0.1633	0.0184	-0.1528	0.00476474885794452	0.002698279023583233	-0.0012164944886400475	1.06950808	55.71553802	0.98790697	0.05629080401811293	0.00941509	9e-05
-0.1648	0.0367	-0.1533	0.004874704600820162	0.0026878070480712674	-0.001244419756671957	1.0816915	56.35022354	0.9880265	0.027717649320975868	0.00972939	0.00011
-0.1659	0.0538	-0.1511	0.005146975964131278	0.0027611108766550296	-0.0013072516097437528	1.05471098	54.94468689	0.98125656	0.04082035224833365	0.00848877	0.0001
-0.1707	0.1054	-0.1255	0.004927064478379992	0.003001966313430246	-0.0012461650859239514	1.02446914	53.36925125	0.97877532	0.1080926723173152	0.0107304	8e-05
-0.1739	0.0667	-0.1521	0.0053162729015747276	0.0033231068957972035	-0.0012601277199399059	1.03674865	54.00894928	0.97298306	0.10471558197888238	0.0101615	0.00015
-0.1708	-0.0089	-0.1499	0.005092870757319453	0.0032218777991815323	-0.0012252211349000194	1.00221598	52.20998383	0.97963821	0.09887689129554161	0.00934696	9e-05
-0.1739	0.0166	-0.1395	0.004935791124639963	0.0030246555937061734	-0.0011850785621041497	0.98219407	51.16695023	0.9597816	0.0587222205475359	0.0100093	6e-05
-0.1651	0.0602	-0.1318	0.005141739976375294	0.0030316369107141502	-0.0012147491593880533	1.02983761	53.64891815	0.98087755	0.07223003830136057	0.00885367	8e-05
-0.1606	0.085	-0.1281	0.005152211951887261	0.003274237676741362	-0.0013072516097437528	1.05030715	54.715271	0.98572793	0.05027875959474393	0.00974393	0.00013
-0.16	0.0037	-0.133	0.005213298475707063	0.0032847096522533284	-0.001324704902263696	1.03930724	54.14223862	0.99409231	0.09125058959258558	0.0102708	0.00013
-0.159	0.0088	-0.129	0.005106833391335408	0.0031712632508736965	-0.0014014993893514465	1.02779162	53.54233551	0.97585065	0.02493529864195186	0.00813437	4e-05
-0.1581	0.0414	-0.1153	0.004822344723260333	0.0029722957161463434	-0.001403244718603441	0.99332893	51.74701691	0.96060687	0.07146007660272118	0.0087775	5e-05
-0.1566	0.0903	-0.1057	0.005030038904247658	0.003139847324337799	-0.001350884841043611	1.07386935	55.94273376	0.99051361	0.08138028333693056	0.0107828	0.00018
-0.1568	0.0711	-0.1203	0.0050736721355475155	0.0033108895910332428	-0.001265363707695889	1.07521379	56.01277161	0.99646307	0.04900983156715116	0.0115466	0.00023
-0.1704	-0.0028	-0.1601	0.005654866776461627	0.0028099800957108703	-0.0020751964806212577	1.15014231	59.9161377	1.08305514	0.22189684545809263	0.0138513	0.00074
-0.1503	0.006	-0.2618	0.0067212629494301625	0.00312413936106985	-0.0015062191444711063	1.14133096	59.45711517	1.1273524	0.22807663872388328	0.0131238	0.00052
-0.1393	0.0878	-0.21	0.0063948863793072235	0.0028675759610266834	-0.0010524335389525807	1.04623115	54.5029335	1.03422411	0.19643627878423156	0.0119011	0.00026
-0.1434	0.0962	-0.1785	0.0060301125656404084	0.003115412714809878	-0.0009564404300928925	0.95027089	49.50392914	0.96328634	0.07943018381548486	0.0111142	0.00012
-0.1439	0.0107	-0.1835	0.006173229564303944	0.0031730085801256907	-0.0010524335389525807	0.94318748	49.13492203	0.96281199	0.10583529864195183	0.00972396	4e-05
-0.1425	0.036	-0.1805	0.005715953300281429	0.0030002209841782524	-0.0011257373675363424	0.97001553	50.53251648	0.95912975	0.06486838442768578	0.00914657	0.0001
-0.1434	0.0397	-0.1659	0.005373868766890541	0.0028571039855147177	-0.0011030480872604163	1.02881491	53.59564209	0.96607691	0.04459454061651747	0.0118811	0.00029
-0.1475	0.0689	-0.1656	0.005731661263549379	0.0029740410453983376	-0.0011571532940722405	1.06590295	55.52772522	0.98758531	0.0600417381677141	0.00950575	0.00017
-0.1545	0.0925	-0.142	0.005403539364174444	0.0032934362985133003	-0.0010821041362364843	1.02755523	53.53001785	0.97354108	0.09032831551628272	0.0105288	0.0001
-0.1541	0.0225	-0.1483	0.0056653387519735934	0.003426081321664869	-0.0010995574287564276	1.06430423	55.44444275	0.99358624	0.09729488517353309	0.0100828	0.0003
-0.1555	0.0004	-0.1287	0.005323254218582705	0.003337069529813158	-0.0011397000015522971	1.05672288	55.0494957	0.98925188	0.06666194490192341	0.0113854	0.00024
-0.1583	0.0345	-0.1149	0.004991641660703782	0.003214896482173555	-0.0011309733552923255	1.09171236	56.87225723	0.9952542	0.07382561258892488	0.00984949	0.00014
-0.1591	0.0448	-0.105	0.004879940588576145	0.0032602750427254074	-0.0011641346110802177	1.09085524	56.8276062	0.99106579	0.030512044423369068	0.00970519	0.00015
-0.1582	0.0399	-0.1026	0.004806636759992383	0.00314857397059777	-0.0011571532940722405	1.03803968	54.07620239	0.96896286	0.017799310885968842	0.00844342	7e-05
-0.1608	0.0872	-0.1002	0.004897393881096089	0.003274237676741362	-0.0011903145498601325	1.00999153	52.61504745	0.96429792	0.06477910415175951	0.00944752	8e-05
-0.1596	0.0447	-0.1192	0.005108578720587403	0.0035377823937925057	-0.0011257373675363424	1.04922664	54.65898514	0.98634157	0.08966533694331238	0.010072	0.00026
-0.157	-0.0108	-0.1151	0.005080653452555493	0.0035150931135165793	-0.0011379546723003027	1.03284848	53.80576706	0.98512362	0.06534159265358981	0.00989658	0.00015
-0.1731	0.0165	-0.1301	0.004544837372193235	0.0035517450278084606	-0.001158898623324235	1.04617596	54.50005722	0.99797779	0.08807059728390358	0.0110666	8e-05
-0.154	0.036	-0.128	0.00447851486061745	0.003242821750205464	-0.0010576695267085637	1.04807949	54.59922028	0.98807928	0.06452374428972263	0.00958019	5e-05
-0.1561	0.0838	-0.1115	0.0048415433450322695	0.003494149162492647	-0.0010873401239924673	1.02634227	53.46683121	0.98308411	0.09860132469929529	0.00902444	7e-05
-0.1554	0.0442	-0.1202	0.0050736721355475155	0.003652974124424132	-0.0010157816246606998	0.96981448	50.52204132	0.95545246	0.07212561258892489	0.0087809	5e-05
-0.1462	0.0013	-0.1118	0.004916592502868026	0.0036163222101322505	-0.0009965830028887623	0.9695515	50.50834274	0.9562736	0.07114650843716544	0.00985402	6e-05
-0.1442	0.0202	-0.1178	0.005021312257987686	0.0034103733583969193	-0.0010053096491487337	0.94730192	49.34926224	0.9488036	0.04286976265574814	0.0085246	2e-05
-0.145	0.041	-0.1179	0.004843288674284265	0.0032026791774095948	-0.000973893722612836	0.9757598	50.83176041	0.96069893	0.04255668456133216	0.00800365	8e-05
-0.1506	0.0838	-0.0945	0.004780456821212468	0.003303908274025266	-0.0011257373675363424	1.0082618	52.52493668	0.97340995	0.08759522973054878	0.0106061	7e-05
-0.1556	0.0808	-0.1294	0.005239478414486977	0.0035499996985564664	-0.001265363707695889	0.98041576	51.0743103	0.96159876	0.0851369678982628	0.00965142	0.00012
-0.148	0.001	-0.1281	0.005061454830783556	0.0033597588100890844	-0.0012461650859239514	0.99631417	51.90253067	0.980757	0.10807315469713706	0.00943732	7e-05
-0.1492	0.0231	-0.1244	0.004892157893340105	0.003199188518905606	-0.001322959573011702	0.99526703	51.8479805	0.96378441	0.04733308578573397	0.00830895	8e-05
-0.1486	0.0461	-0.1172	0.004738568919164605	0.0030246555937061734	-0.0013334315485236678	1.03164458	53.74305344	0.97245195	0.04772969374434493	0.00980413	0.00014
-0.1501	0.0409	-0.1241	0.0049864056729478	0.003068288825006031	-0.001403244718603441	1.0223397	53.25831985	0.96757922	0.031664157758141305	0.00818139	5e-05
-0.1423	0.0417	-0.1098	0.005134758659367318	0.0031119220563058892	-0.001282817000215832	1.03772557	54.05983734	0.98485329	0.038520696805349273	0.0101327	0.00023
-0.1423	0.0556	-0.1281	0.005344198169606637	0.003145083312093782	-0.0012164944886400475	1.00785267	52.50362396	0.97647039	0.04764616388014982	0.00851399	0.00012
-0.1416	0.0341	-0.1351	0.005080653452555493	0.0030455995447301047	-0.0011030480872604163	1.01528656	52.89089203	0.97418111	0.05302374428972265	0.0103591	0.0002
-0.1487	0.0871	-0.1227	0.005241223743738971	0.0030979594222899347	-0.0011728612573401894	1.06756592	55.61436081	0.99985546	0.08663716694115403	0.00993335	0.00024
-0.1585	0.1245	-0.1417	0.00541401133968641	0.003351032163829113	-0.0013264502315156904	1.07430506	55.96543121	0.99906536	0.0951724655831059	0.010912	0.00023
-0.156	0.0936	-0.1137	0.005462880558742251	0.003954916085019151	-0.0014887658519511632	0.97919226	51.01057434	0.97872698	0.10215343803406758	0.011517	0.00036
-0.1487	-0.0467	-0.121	0.005529203070318036	0.0038449603421435077	-0.0014556045961632708	1.04387927	54.38041306	1.02750175	0.16537197551196603	0.0106068	0.00012
-0.1477	-0.0858	-0.1016	0.005366887449882563	0.003673918075448063	-0.0014852751934471744	0.94747365	49.3582077	0.9514683	0.07765142422074103	0.0108051	0.00019
-0.1477	-0.0313	-0.1032	0.005059709501531561	0.003113667385557884	-0.0013927727430914749	1.06853354	55.66476822	1.00518044	0.10409655442984408	0.00891304	0.0001
-0.1496	0.0179	-0.0995	0.004941027112395947	0.0029443704481144336	-0.001403244718603441	1.03980315	54.16807175	0.98697758	0.06972256510455152	0.00851697	8e-05
-0.1519	0.0814	-0.103	0.004904375198104066	0.002909463863074547	-0.0014172073526193955	1.00252616	52.22614288	0.97231528	0.07357605666738613	0.00820905	1e-05
-0.156	0.1186	-0.1067	0.004885176576332128	0.00294262511886244	-0.0014608405839192536	1.05696678	55.06220245	0.98275617	0.049799655442984474	0.00962472	0.00014
-0.1567	0.1159	-0.1127	0.004871213942316174	0.0028309240467348025	-0.0014957471689591403	1.08544815	56.54592514	0.99061259	0.017428514559173873	0.00988775	0.00018
-0.1563	0.1507	-0.0948	0.004595451920501069	0.003026400922958167	-0.0015777776438028737	1.11503434	58.08720779	1.00801194	0.08076346864411016	0.0111144	0.00016
-0.1602	0.0944	-0.1025	0.004858996637552213	0.0032602750427254074	-0.0015393804002589986	1.05568027	54.99518204	0.9888786	0.09469080401811299	0.0092935	0.0002
-0.1575	-0.0332	-0.135	0.00450294947014537	0.0031974431896536117	-0.0013735741213195373	1.07732773	56.1228981	1.02759399	0.19203426497090503	0.0079872	5e-05
-0.1601	-0.0266	-0.1185	0.0041835542170304075	0.003139847324337799	-0.0014067353771074296	1.02035892	53.15513229	0.96329134	0.04620761871093337	0.00989795	0.0001
-0.1617	-0.019	-0.1221	0.004234168765338243	0.003085742117525975	-0.0014119713648634124	1.02962804	53.6380043	0.96986558	0.01829778714378216	0.00867021	9e-05
-0.1633	0.0136	-0.1052	0.004574507969477138	0.0032724923474893677	-0.0015515977050229591	1.07461154	55.98139572	0.99122212	0.08443578871309168	0.00877029	0.00015
-0.1571	0.0434	-0.1088	0.004982915014443811	0.003556981015564444	-0.0015760323145508795	1.07022893	55.7530899	0.99011592	0.07546651612848349	0.0096913	0.00014
-0.1534	0.0047	-0.102	0.004436626958569585	0.003417354675404897	-0.0015481070465189703	1.00537741	52.37467957	0.97569815	0.0848919832032841	0.0101095	0.0001
-0.1531	0.0079	-0.1123	0.004591961261997081	0.0031381019950858045	-0.0015027284859671175	0.99234462	51.69573975	0.96142018	0.03779827721492206	0.00860375	6e-05
-0.1532	0.0674	-0.1103	0.00460766922526503	0.0030578168494940655	-0.0015515977050229591	0.9791429	51.00800323	0.96611051	0.06884311639577646	0.00859898	6e-05
-0.1596	0.1189	-0.0865	0.004577998627981126	0.0033056536032772606	-0.0015690509975429022	0.98128873	51.11978912	0.96685086	0.09644803217935208	0.0108891	0.00013
-0.1617	0.0727	-0.1105	0.004801400772236401	0.0035046211380046137	-0.0015289084247470327	0.9865644	51.3946228	0.96841213	0.09542561258892487	0.0103545	6e-05
-0.1563	-0.0142	-0.1275	0.0047088983218807005	0.0032969269570172887	-0.0014905111812031574	0.98536062	51.33191299	0.97572621	0.12622969374434503	0.00871432	4e-05
-0.1568	-0.0078	-0.124	0.004522148091917307	0.002946115777366428	-0.001514945790731078	1.01367486	52.80693054	0.97068017	0.03849980095710872	0.00932175	5e-05
-0.1585	0.0133	-0.1287	0.004710643651132695	0.0030421088862261168	-0.001509709802975095	1.08720124	56.63725281	0.98688908	0.041986232791553	0.00861621	0.00013
-0.1591	0.0188	-0.1324	0.004799655442984407	0.003005456971934235	-0.001509709802975095	1.0689683	55.68741608	0.97643173	0.016083185307179646	0.00787872	9e-05
-0.159	0.0214	-0.1276	0.00456752665246916	0.0028763026072866553	-0.0015306537539990272	1.01457691	52.8539238	0.96037764	0.026611355309337927	0.00812006	4e-05
-0.1606	0.0456	-0.1307	0.0045483280306972225	0.002874557278034661	-0.0014974924982111347	1.09096384	56.8332634	0.99005711	0.031605260340591225	0.00945616	0.00022
-0.1625	0.0485	-0.1262	0.004644321139556911	0.0028728119487826664	-0.0015498523757709647	1.14098048	59.43885422	1.00405337	0.016804915783575677	0.00995487	0.00031
-0.17	0.1155	-0.1251	0.004656538444320871	0.0032166418114255493	-0.0016057029118347831	1.11461461	58.06533813	1.00516318	0.09619488517353308	0.00985366	0.0003
-0.1753	0.0483	-0.146	0.004735078260660616	0.00334579617607313	-0.0016720254234105676	1.05298734	54.85489655	0.98816806	0.10710083462815552	0.00906825	9e-05
-0.1682	-0.0452	-0.14	0.00462337718853298	0.002963569069886372	-0.0014765485471872027	1.09636295	57.11452866	1.01037062	0.14107025272688795	0.0104506	0.00019
-0.1721	-0.0022	-0.1294	0.004455825580341524	0.0027192229746071652	-0.0014643312424232424	1.05825698	55.12941742	0.98584953	0.07870575041173118	0.0103711	0.00014
-0.1745	0.0201	-0.1504	0.004909611185860049	0.0027384215963791032	-0.0015690509975429022	1.07485318	55.99398422	0.99300657	0.07458519912050614	0.0117204	0.00012
-0.1723	0.055	-0.1495	0.004857251308300219	0.0028518679977587343	-0.001579522973054868	1.07054806	55.76971436	0.98623131	0.04681391272257136	0.0117186	9e-05
-0.1721	0.0412	-0.1456	0.004769984845700502	0.0028623399732707008	-0.0015550883635269475	1.02530372	53.41273117	0.96210885	0.02400865238198016	0.0109641	8e-05
-0.1696	0.0748	-0.1346	0.004475024202113462	0.0027611108766550296	-0.0015271630954950383	0.99798095	51.98936081	0.96143945	0.06830575041173108	0.00825787	5e-05
-0.1683	0.072	-0.1303	0.004386012410261751	0.0027925268031909274	-0.0015079644737231008	1.04224861	54.29546356	0.9756597	0.015381317007977319	0.0090546	9e-05
-0.1722	0.1107	-0.1498	0.00443837228782158	0.002820452071222836	-0.001562069680534925	1.06624782	55.54569626	0.99639188	0.06881951762017811	0.00947273	0.0001
-0.1747	0.0876	-0.1634	0.004452334921837535	0.003378957431861022	-0.0015306537539990272	1.04000568	54.17861938	0.98745556	0.06939419605950194	0.00998354	0.00015
-0.1672	-0.0333	-0.1599	0.004391248398017733	0.0033964107243809652	-0.0015515977050229591	1.03533065	53.93507767	1.01028727	0.13687418836818388	0.0107911	0.00012
-0.1613	-0.0385	-0.1475	0.004571017310973149	0.0030944687637859463	-0.0015341444125030156	1.00310755	52.25643158	0.97170798	0.04845820830351892	0.0094257	8e-05
-0.1696	0.0264	-0.1274	0.0046251225177849735	0.003166027263117714	-0.0015987215948268059	1.03028297	53.67212296	0.9932957	0.10281204442336908	0.00824124	7e-05
-0.1763	0.0901	-0.1296	0.004803146101488395	0.0035342917352885177	-0.0016632987771505957	1.01737118	52.99948502	0.98420805	0.10314326190990077	0.00943446	8e-05
-0.1763	0.0182	-0.138	0.004857251308300219	0.0037053340019839614	-0.0016667894356545846	1.00265419	52.23281097	0.97436649	0.0917319066005628	0.00918853	5e-05
-0.1705	-0.0137	-0.1464	0.004717624968140673	0.003598868917612307	-0.0014974924982111347	0.97504818	50.79468918	0.96084822	0.0668694180987325	0.00950819	9e-05
-0.1745	0.0038	-0.1433	0.00443837228782158	0.003312634920285238	-0.0015882496193148398	1.038221	54.0856514	0.97836313	0.057412189937493315	0.00918287	6e-05
-0.1776	0.0782	-0.1248	0.004663519761328848	0.0034330626386728466	-0.0016598081186466073	1.1025089	57.43470001	1.00918894	0.11685668456133225	0.00931442	0.0001
-0.1799	0.1275	-0.1223	0.00478918346747244	0.003712315318991939	-0.0017470745812463236	1.09362113	56.97169113	0.99846342	0.07870914245312004	0.0108635	0.0002
-0.177	0.0179	-0.1235	0.00463559449329694	0.0038030724400956446	-0.0016772614111665507	1.08328295	56.43313217	1.01928297	0.12940796326794893	0.00999254	0.0001
-0.1712	-0.0202	-0.1423	0.004574507969477138	0.003351032163829113	-0.0016196655458507376	1.04747593	54.56777954	0.98168968	0.09123613327010736	0.00851786	7e-05
-0.1672	0.0178	-0.1357	0.004455825580341524	0.003120648702565861	-0.0015690509975429022	0.99330229	51.74562836	0.95870726	0.06858401993533507	0.00904816	5e-05
-0.1733	0.0502	-0.1256	0.00451865743341332	0.0032306044454415038	-0.0016772614111665507	1.07124245	55.80588531	0.99585613	0.06264990047855436	0.010346	9e-05
-0.1754	0.0833	-0.1141	0.0044977134823893875	0.003443534614184812	-0.0016667894356545846	1.07123899	55.80570602	0.99446039	0.05891730476396032	0.00965428	0.00013
-0.1733	-0.0047	-0.1327	0.004358087142229841	0.003518583772020568	-0.001553343034274953	1.04892182	54.64310455	1.00193092	0.12510609496874672	0.0107534	0.00013
-0.1698	-0.0026	-0.13	0.0042882739721500675	0.0030927234345339517	-0.0016406094968746698	0.99726266	51.95194244	0.96144575	0.037446998508305344	0.00968987	0.00011
-0.1715	0.0244	-0.1353	0.004483750848373432	0.0030595621787460597	-0.0017418385934903407	1.01555347	52.90479279	0.96529376	0.05049336143134639	0.00897354	7e-05
-0.1724	0.026	-0.1437	0.004529129408925285	0.002975786374650332	-0.001726130630222392	1.00998139	52.61451721	0.96017176	0.01814311639577644	0.00830847	5e-05
-0.1707	0.0553	-0.135	0.004300491276914028	0.0029234264970905022	-0.0016388641676226754	1.05417311	54.91666794	0.96795233	0.058113223608540154	0.0106117	0.00024
-0.1752	0.0728	-0.139	0.004527384079673291	0.0029618237406343773	-0.0017156586547104257	1.09025335	56.79624939	1.00069218	0.04310422666954442	0.0104132	0.00028
-0.1823	0.1066	-0.1181	0.004763003528692525	0.0033597588100890844	-0.0016859880574265225	1.12632918	58.67560577	1.00983278	0.09496125578789219	0.0114865	0.00035
-0.1767	0.0341	-0.1275	0.004714134309636684	0.003637266161156183	-0.0017435839227423352	1.08729327	56.64204407	1.00718446	0.1066986217719376	0.0102247	0.00024
-0.171	-0.0436	-0.1264	0.004379031093253773	0.003225368457685521	-0.0017051866791984597	1.06944931	55.71247482	0.99846018	0.1237699081698724	0.00952399	9e-05
-0.1694	0.0119	-0.1181	0.004248131399354198	0.0031049407392979124	-0.0017348572764823637	0.99755812	51.96733475	0.9679467	0.07944990047855444	0.00896889	3e-05
-0.1691	0.0162	-0.1311	0.004516912104161324	0.0030159289474462015	-0.0017156586547104257	0.99958056	52.07269287	0.9582461	0.03644955592153874	0.00844079	8e-05
-0.1817	0.0641	-0.1097	0.004328416544945937	0.003312634920285238	-0.0016982053621904826	1.05349612	54.88140106	0.99249624	0.10703274122871832	0.0097717	0.00014
-0.1809	0.0621	-0.1068	0.0042987459476620336	0.0034732052114687163	-0.0017505652397503124	1.04417467	54.39580536	0.97889298	0.017830038301360592	0.0116583	0.00013
-0.1742	0.0004	-0.1357	0.004427900312309613	0.003239331091701475	-0.0016598081186466073	1.0246321	53.37773895	0.98777701	0.11998928027592629	0.0101341	0.00011
-0.1682	0.0153	-0.1246	0.004256858045614169	0.002921681167838507	-0.0016510814723866359	0.99115986	51.63402176	0.96454089	0.05687094184091916	0.0091418	9e-05
-0.1632	0.0427	-0.1622	0.00486946861306418	0.0027977627909469105	-0.0015463617172669759	1.0011518	52.15454483	0.98967684	0.11206243497306335	0.0101764	0.00033
-0.1608	-0.0093	-0.3619	0.006087708430956222	0.0025603980126756814	-0.0010890854532444615	1.26432073	65.86421204	1.23988758	0.3497440430092893	0.0175167	0.00259
-0.1662	0.1331	-0.2461	0.005824163713905078	0.0032882003107573173	-0.0013735741213195373	1.17642939	61.28555298	1.1549091	0.3273917841603927	0.0126327	0.0003
-0.1681	0.0582	-0.2336	0.005600761569649804	0.003530801076784529	-0.0014608405839192536	0.99412775	51.78863144	0.98790172	0.11696346864411009	0.0112647	9e-05
-0.1698	-0.0115	-0.2181	0.005393067388662479	0.003186971214141646	-0.0015166911199830724	0.94196862	49.07142639	0.96040407	0.11726872898470136	0.00975567	9e-05
-0.184	0.049	-0.1909	0.005450663253978291	0.0031555552876057474	-0.0016493361431346415	0.9495784	49.46785355	0.96303587	0.112982840750164	0.0103849	9e-05
-0.1994	0.084	-0.171	0.005804965092133139	0.0031311206780778272	-0.0017610372152622785	0.99538749	51.85425568	0.96687618	0.09482187599052024	0.0111158	0.00019
-0.1928	0.0151	-0.1495	0.005256931707006921	0.0032044245066615894	-0.001748819910498318	0.96802634	50.42889023	0.96554249	0.12867772592369703	0.01197	0.0001
-0.1858	-0.0154	-0.1656	0.005424483315198376	0.003214896482173555	-0.001790707812546182	0.99709344	51.94312668	0.9677498	0.06459557428756423	0.00928622	7e-05
-0.1878	0.0059	-0.1609	0.005197590512439113	0.0030211649352021846	-0.0018064157758141308	0.99391335	51.77746201	0.96111079	0.049816615649929126	0.00997144	4e-05
-0.1887	0.0662	-0.1453	0.005365142120630569	0.003134611336581816	-0.0018081611050661253	1.07868612	56.19366074	0.98953226	0.09093716694115409	0.0103271	0.00023
-0.1906	0.0812	-0.1513	0.005398303376418462	0.0034417892849328176	-0.0017226399717184032	1.08527637	56.53697968	0.99352448	0.04419301687433079	0.0120414	0.00035
-0.1853	0.0039	-0.1602	0.005351179486614613	0.003450515931192789	-0.0017208946424664088	1.0938077	56.98141479	1.00383493	0.09437979326579073	0.010871	0.00021
-0.1836	0.0247	-0.1598	0.005387831400906495	0.003270747018237374	-0.0017994344588061536	1.07810926	56.16361237	0.98199257	0.037648032179352045	0.0102625	8e-05
-0.1849	0.0309	-0.1618	0.005562364326105927	0.003073524812762014	-0.0017208946424664088	1.03557289	53.94769669	0.96640814	0.032014747350726847	0.00960022	7e-05
-0.1916	0.0866	-0.1305	0.005061454830783556	0.0032515483964654355	-0.0018308503853420514	1.01887119	53.07762909	0.97834639	0.13314444109507173	0.0104999	8e-05
-0.1952	0.0866	-0.1444	0.005113814708343385	0.0035622170033204267	-0.001748819910498318	1.05761671	55.09606171	0.99126529	0.03975294796292772	0.012141	0.00021
-0.192	-0.0039	-0.1701	0.005185373207675152	0.0034243359924128747	-0.0017715091907742446	1.07251513	55.87218475	1.00824094	0.13100643952576227	0.0104776	0.00015
-0.1901	0.0071	-0.1624	0.005113814708343385	0.003120648702565861	-0.0018291050560900572	1.00828099	52.52593994	0.96881903	0.042242082724729686	0.0099631	0.0001
-0.1888	0.0392	-0.1534	0.0050230575872396805	0.00308399678827398	-0.0018867009214058703	1.02951646	53.6321907	0.97416927	0.05165024503556992	0.011668	8e-05
-0.1904	0.0442	-0.1507	0.005216789134211051	0.0031852258848896514	-0.0018971728969178364	1.00932133	52.58013153	0.96564354	0.024571630954950414	0.0109466	8e-05
-0.1928	0.0944	-0.1422	0.00534943415736262	0.003478441199224699	-0.0018291050560900572	1.00590241	52.40202713	0.97410948	0.08579640891571978	0.0103032	0.00014
-0.1804	0.0479	-0.1597	0.005281366316534841	0.003872885610175417	-0.001296779634231787	1.02416611	53.35346603	1.01162014	0.12614188368183837	0.0100617	7e-05
-0.1732	-0.0066	-0.1707	0.0052010811709431014	0.0037891098060796892	-0.0009913470151327792	0.99426228	51.79563904	0.99526485	0.09617467843932374	0.0105289	8e-05
-0.1745	0.0089	-0.1645	0.004937536453891958	0.003639011490408177	-0.0010088003076527223	0.97262782	50.66860199	0.95513275	0.044554816262129926	0.0103822	4e-05
-0.1739	0.0236	-0.17	0.004867723283812185	0.0035918876006043304	-0.0009826203688728075	1.00229943	52.21432877	0.96372317	0.027955849933176725	0.0105445	8e-05
-0.1703	0.0535	-0.1557	0.00482932604026831	0.0038187804033635933	-0.0009721483933608416	1.02748728	53.52647781	0.97681378	0.0615881010907552	0.0114741	8e-05
-0.1689	0.0183	-0.1753	0.00499862297771176	0.004029965242854907	-0.0008988445647770796	0.99132693	51.64272308	0.96427837	0.0788892802759263	0.0108785	9e-05
-0.1612	-0.0125	-0.1771	0.005115560037595381	0.0037140606482439333	-0.0008848819307611251	1.03211367	53.76749039	0.97728857	0.06264021442552743	0.0110931	0.00012
-0.1588	0.0009	-0.1589	0.004920083161372014	0.003577924966588375	-0.0008988445647770796	1.02410758	53.35041809	0.96876568	0.05127875959474397	0.0118732	7e-05
-0.1602	0.014	-0.1738	0.00518013721991917	0.003560471674068432	-0.0009093165402890458	0.9980045	51.99058914	0.95737747	0.043798966328953255	0.00963938	0.0001
-0.1606	0.0594	-0.1541	0.004892157893340105	0.003785619147575701	-0.0007155849933176752	1.0751971	56.01190186	0.98963442	0.1008429173528852	0.0127748	0.0002
-0.1579	-0.009	-0.2112	0.00514348530562729	0.003914773512223281	-0.0005619960191421741	1.10192966	57.40452576	1.02463336	0.15490353755551323	0.0126057	0.00026
-0.1566	-0.0352	-0.1953	0.005044001538263612	0.003607595563872279	-0.0007539822368615504	1.0412178	54.24176407	0.98552702	0.07333239667170281	0.011815	0.00012
-0.1577	0.0152	-0.1731	0.00486597795456019	0.0035849062835963527	-0.0008569566627292158	1.03972089	54.16378403	0.98206405	0.08888436449235068	0.0121812	0.0001
-0.1614	0.0364	-0.1657	0.005136503988619312	0.0038222710618675813	-0.0009913470151327792	1.02571201	53.43400192	0.97400109	0.0644140582366957	0.0106127	6e-05
-0.1656	0.0512	-0.1303	0.004811872747748367	0.004180063558526419	-0.0010000736613927507	0.99950725	52.06887436	0.96889022	0.08895751918948772	0.0120022	8e-05
-0.1656	-0.0136	-0.1527	0.005208062487951079	0.004455825580341524	-0.0009250245035569946	0.99622101	51.89767838	0.96710391	0.12455004599267867	0.0108159	0.0001
-0.1699	-0.0016	-0.1439	0.0050789081233034985	0.004389503068765739	-0.0008587019919812101	0.95715827	49.8627243	0.94702147	0.038189969389957515	0.0112347	0.0001
-0.1716	0.0062	-0.1587	0.005166174585903216	0.004162610266006475	-0.0008831366015091308	0.97478193	50.78081894	0.95785768	0.041229693744345104	0.0111853	5e-05
-0.1778	0.0555	-0.1523	0.0051731559029111925	0.004080579791162742	-0.0009669124056048585	1.02300739	53.29310608	0.97892321	0.0705393797973719	0.0107033	7e-05
-0.1758	0.041	-0.1753	0.0053162729015747276	0.004146902302738527	-0.0009197885158010115	1.01001441	52.61624146	0.96975766	0.05232817000215838	0.0118363	0.00014
-0.1716	-0.0574	-0.1974	0.005251695719250937	0.003960152072775134	-0.0009581857593448868	1.01255369	52.7485199	0.99399181	0.13918623279155293	0.0112789	0.00012
-0.1742	-0.0052	-0.1777	0.00503876555050763	0.0036320301734002	-0.001048942880448592	1.00460482	52.33443069	0.97163956	0.10609045946109733	0.0112259	0.0001
-0.1729	0.0194	-0.1711	0.0049672070511758626	0.0035622170033204267	-0.0011205013797803594	0.98284531	51.20087814	0.953954	0.04314650843716537	0.0109066	8e-05
-0.1732	0.0244	-0.1725	0.005057964172279567	0.003576179637336381	-0.0011519173063162574	0.98267639	51.19207764	0.95723314	0.01350678408277782	0.0110974	9e-05
-0.1717	0.0399	-0.1692	0.004902629868852071	0.0035342917352885177	-0.0010995574287564276	0.9925136	51.70454407	0.95772784	0.03277910415175943	0.0105448	9e-05
-0.17	0.0793	-0.1401	0.004707152992628707	0.0038990655489553323	-0.0012112585008840647	0.99398541	51.78121567	0.96225707	0.10379758810089076	0.0125739	9e-05
-0.1695	0.0598	-0.1645	0.00499862297771176	0.004068362486398782	-0.0011414453308042916	0.98642176	51.38719177	0.965451	0.0709290046303138	0.0119984	0.00021
-0.1706	-0.0533	-0.1716	0.004769984845700502	0.0038030724400956446	-0.0010943214410004448	1.03688276	54.01593399	1.01051104	0.14835260340591208	0.0124985	0.00016
-0.1724	-0.0111	-0.1571	0.004715879638888678	0.003717551306747922	-0.0010262536001726657	0.97748756	50.92176819	0.96204395	0.06888470904936629	0.0115695	7e-05
-0.1688	0.0148	-0.1628	0.0048624872960562025	0.003565707661824415	-0.001043706892692609	1.02108264	53.19283676	0.97517302	0.050995229730548736	0.0102029	7e-05
-0.1668	0.0137	-0.1663	0.00493404579538797	0.0035133477842645856	-0.0010768681484805013	1.0472368	54.55532074	0.97580972	0.014453981633974452	0.0110435	0.00018
-0.1666	0.0281	-0.1645	0.004911356515112043	0.003577924966588375	-0.0011152653920243766	1.04735994	54.56174088	0.97694662	0.022683185307179575	0.0126017	0.0001
-0.1707	0.0465	-0.1577	0.004949753758655919	0.003783873818323706	-0.0011449359893082802	1.02896345	53.60338211	0.97094903	0.04300083462815553	0.0114824	0.00011
-0.1746	0.086	-0.1482	0.004902629868852071	0.004145156973486532	-0.0012322024519079964	1.00458431	52.33335876	0.9666462	0.07768367537831952	0.0115097	0.00011
-0.1728	-0.0203	-0.1748	0.004932300466135976	0.004141666314982544	-0.0011536626355682519	1.01990962	53.13172531	0.9964391	0.14028505360638183	0.0117878	0.00019
-0.1693	-0.0366	-0.1609	0.004735078260660616	0.003701843343479973	-0.0011327186845443199	0.9749248	50.78826141	0.95889386	0.06659945640009318	0.0118085	0.0001
-0.1735	0.0083	-0.1634	0.00482932604026831	0.003586651612848347	-0.0011833332328521555	0.99026394	51.58734894	0.96675033	0.06460270292735776	0.0108105	7e-05
-0.1744	0.0186	-0.17	0.005024802916491674	0.0035744343080843866	-0.001228711793404008	1.03950429	54.15250015	0.97883425	0.030453637076958903	0.0112208	0.00012
-0.1791	0.0907	-0.1509	0.004979424355939822	0.0040055306333269865	-0.001335176877775662	1.08249676	56.39217377	1.00687089	0.1250469985083053	0.0116418	0.00014
-0.1764	0.0316	-0.1551	0.004810127418496373	0.004141666314982544	-0.0012618730491919003	1.02011657	53.14250946	0.98177711	0.08493682238413841	0.0119155	0.00013
-0.1712	-0.0503	-0.1653	0.00486946861306418	0.0037262779530078936	-0.0011641346110802177	1.04402256	54.38787842	0.99141808	0.12592339973270705	0.0113534	9e-05
-0.1738	0.0127	-0.1644	0.004953244417159907	0.0035517450278084606	-0.00119729586686811	0.98689777	51.4119873	0.9690656	0.08107349925415262	0.0113626	5e-05
-0.1703	0.0188	-0.1644	0.0049741883681838385	0.003518583772020568	-0.0011449359893082802	0.98405004	51.26363754	0.95554367	0.01492325421858268	0.0110304	0.00014
-0.1743	0.0219	-0.1671	0.004909611185860049	0.0035499996985564664	-0.0011571532940722405	1.04329658	54.35005569	0.97756004	0.01521052068118241	0.0120341	8e-05
-0.1733	0.0264	-0.1703	0.005017821599483697	0.003605850234620285	-0.0012077678423800758	1.09721875	57.15911102	0.99360144	0.01943377489976508	0.01185	0.0001
-0.1762	0.0584	-0.1502	0.005021312257987686	0.0037367499285198597	-0.0012845623294678264	1.09393513	56.98805237	0.99886281	0.06555924197456572	0.0110253	0.00013
-0.1817	0.0794	-0.1303	0.004768239516448508	0.004085815778918725	-0.001265363707695889	1.03992105	54.17420959	0.97788562	0.07746686068549907	0.0123782	7e-05
-0.18	-0.0181	-0.1564	0.004860741966804208	0.004106759729942657	-0.0012793263417118436	1.07210135	55.85063171	1.00565108	0.1316704517697794	0.0123523	0.00017
-0.1767	-0.0367	-0.1717	0.004939281783143952	0.0037384952577718534	-0.0012479104151759456	1.02002227	53.13759232	0.97607819	0.061111010752322274	0.0113518	0.00011
-0.1712	0.002	-0.1629	0.004782202150464463	0.003597123588360313	-0.0011903145498601325	0.99565005	51.86793518	0.96640255	0.07080235837034213	0.0116484	8e-05
-0.1742	0.0541	-0.1484	0.0048467793327882525	0.0038571776469074684	-0.0013002702927357754	1.03026962	53.67142868	0.98743175	0.0913293491873294	0.0110371	9e-05
-0.1746	0.0346	-0.1625	0.004782202150464463	0.004145156973486532	-0.0012164944886400475	0.98422956	51.27299118	0.96136615	0.05581661564992908	0.0120908	0.00013
-0.1748	-0.0412	-0.1644	0.0039723693775390945	0.004064871827894794	-0.001377064779823526	1.02921271	53.61636734	1.00162854	0.13043441048502927	0.0115081	0.00021
-0.1765	0.0092	-0.1586	0.003900810878207326	0.0038781215979314006	-0.0013648474750595659	1.00817394	52.52035904	0.98081046	0.07142630170295607	0.0125767	0.00013
-0.1757	0.0149	-0.1514	0.003707079331235956	0.0036843900509600297	-0.001424188669627373	0.96711135	50.38122559	0.95280467	0.03604021442552738	0.0125357	0.00014
-0.1765	0.0575	-0.1487	0.004014257279586958	0.004054399852382828	-0.0013421581947836393	0.9848761	51.30667114	0.96577668	0.08406091123087667	0.0117224	0.00014
-0.1757	0.0593	-0.1665	0.0043266712156939426	0.0042167154728183	-0.0012601277199399059	0.96500719	50.27161026	0.95349926	0.048238001569309526	0.0122005	0.00017
-0.1642	-0.0486	-0.1923	0.004483750848373432	0.0038275070496235643	-0.0011955505376161158	1.06087279	55.26568604	1.02985332	0.17574326190990075	0.0130468	0.00027
-0.1564	-0.0359	-0.4023	0.007531095722355532	0.004527384079673291	-0.0008255407361933179	1.27611172	66.47845459	1.26146197	0.4363615852727312	0.0218912	0.00595
-0.1423	-0.0046	-0.38	0.007831292353698557	0.0036634460999360975	-0.0006894050545377602	1.17233992	61.07250977	1.16653357	0.13271351463678877	0.0191588	0.00245
-0.1464	0.0963	-0.2957	0.00661479786505851	0.0037088246604879502	-0.0008429940287132613	1.05162501	54.78392792	1.04235453	0.26007310116837007	0.014356	0.00055
-0.1555	0.1085	-0.2664	0.006632251157578452	0.003977605365295077	-0.0009546951008408983	0.97166336	50.61835861	0.96620681	0.07049675347273528	0.0141914	0.00048
-0.1659	0.0611	-0.2962	0.007009242276009227	0.004504694799397364	-0.0013805554383275148	0.99140829	51.64696121	0.97639937	0.15409704450098397	0.0169759	0.00079
-0.1648	-0.0316	-0.29	0.006276203990171609	0.004213224814314312	-0.0013124875974997359	1.01030993	52.63163757	0.99661634	0.1546288055874225	0.0144532	0.00031
-0.1625	-0.0259	-0.2665	0.006003932626860492	0.0039514254265151615	-0.0013386675362796509	0.94252264	49.10028839	0.94714638	0.05951253449450907	0.0144373	0.00021
-0.1641	-0.0052	-0.2551	0.005873032932960919	0.00393048147549123	-0.0013404128655316449	1.00689566	52.45376968	0.96446681	0.041379448708774955	0.0145574	0.00028
-0.1744	0.0336	-0.2788	0.006174974893555937	0.0041329396687225725	-0.0012775810124598492	1.07246959	55.86981201	0.99611123	0.10116160034490781	0.0144553	0.00031
-0.1805	0.0423	-0.2719	0.0065327673902147755	0.004532620067429273	-0.0012601277199399059	1.05084825	54.74345779	0.98955238	0.06044630939427413	0.015945	0.00037
-0.1752	-0.0056	-0.2741	0.006370451769779303	0.004572762640225143	-0.0012775810124598492	0.96860057	50.45880508	0.95729776	0.06639557428756432	0.0155751	0.00015
-0.1751	-0.0356	-0.2618	0.00616799357654796	0.004091051766674708	-0.001324704902263696	0.99760646	51.96985245	0.96740154	0.07896464782928127	0.013419	0.00016
-0.1768	0.0098	-0.2508	0.006089453760208215	0.003986332011555049	-0.0014049900478554352	0.99806798	51.99389648	0.96621379	0.07127723585255712	0.0131651	0.00018
-0.1798	0.0726	-0.2384	0.006133086991508073	0.0042603487041181585	-0.001350884841043611	0.9875294	51.44489288	0.97089292	0.09678775653373958	0.0137115	0.00016
-0.1822	0.0696	-0.2585	0.006239552075879728	0.004576253298729132	-0.0013753194505715315	0.93269783	48.58846664	0.94424868	0.04784021442552748	0.0130842	0.00018
-0.178	0.0073	-0.2662	0.005785766470361203	0.004319689898685966	-0.001308996938995747	0.94748694	49.35889816	0.95751606	0.1130335758568738	0.0146159	9e-05
-0.179	-0.02	-0.2636	0.005942846103040692	0.003991567999311032	-0.001420698011123384	0.9406144	49.00087738	0.94850558	0.06074513020910301	0.0134385	0.00016
-0.1798	0.0095	-0.2515	0.005804965092133139	0.003911282853719292	-0.0014049900478554352	0.9779436	50.94552612	0.95798491	0.0540937059883621	0.0128224	0.0001
-0.1802	0.0224	-0.243	0.005625196179177724	0.003841469683639519	-0.0014049900478554352	0.98278034	51.19749451	0.95715094	0.03427910415175944	0.0136956	0.00013
-0.1773	0.0192	-0.2393	0.005564109655357922	0.0037891098060796892	-0.001403244718603441	1.00543034	52.37743759	0.96505185	0.015559586531581251	0.0144407	0.00013
-0.1804	0.0202	-0.2379	0.005551892350593962	0.003954916085019151	-0.0014660765716752368	1.10066962	57.33888245	0.98714435	0.017542771838760865	0.0156037	0.00034
-0.1795	0.0214	-0.2432	0.005712462641777441	0.003871140280923423	-0.0014486232791552935	1.07748663	56.13117599	0.98385589	0.020489969389957514	0.0135955	0.00016
-0.181	0.0591	-0.231	0.005768313177841259	0.004068362486398782	-0.00152367243699105	1.03318191	53.82313919	0.97818832	0.06780609496874668	0.0120929	5e-05
-0.1871	0.0344	-0.2315	0.005536184387326013	0.004324925886441949	-0.001500983156715123	1.06213975	55.33168411	0.98435661	0.05686907354171696	0.014252	0.00032
-0.1832	-0.057	-0.2392	0.005380850083898519	0.003988077340807043	-0.0013631021458075715	1.06847465	55.6617012	1.00746729	0.13450319299849758	0.014612	0.0003
-0.1817	-0.0126	-0.2352	0.005527457741066041	0.0037995817815916558	-0.0014573499254152652	1.01240337	52.74068832	0.97089376	0.07136754979953018	0.0121837	8e-05
-0.189	0.0271	-0.2164	0.005513495107050087	0.003961897402027128	-0.0015132004614790836	1.01515722	52.88415146	0.97758754	0.07740643952576226	0.0117702	9e-05
-0.1875	0.0726	-0.1834	0.0054157566689384045	0.00437379510549779	-0.001520181778487061	1.02411938	53.35103226	0.98230852	0.10583087292951605	0.0133566	0.00014
-0.1797	0.0415	-0.1622	0.005588544264885843	0.0051836278784231585	-0.001291543646475804	0.99877495	52.03072357	0.98141644	0.1206629250442032	0.0131326	0.00015
-0.1738	-0.0046	-0.1745	0.005934119456780722	0.005293583621298802	-0.001361356816555577	0.96601868	50.32430267	0.95359677	0.0905672052425147	0.0127354	0.00016
-0.1669	-0.0358	-0.1721	0.005799729104377157	0.005146975964131278	-0.0014067353771074296	0.97548175	50.817276	0.95964372	0.05681882850614703	0.0126841	0.00016
-0.1538	0.0041	-0.1715	0.005426228644450371	0.004815363406252355	-0.0012426744274199627	0.98196989	51.15527344	0.97476131	0.0970586983746588	0.0116217	0.0001
-0.1413	-0.0042	-0.2479	0.0051452306348792835	0.004274311338134113	-0.0011885692206081383	1.11966741	58.32856369	1.03891143	0.14100776422505765	0.0154594	0.00012
-0.1481	0.0173	-0.2434	0.0052778756580308525	0.004063126498642799	-0.001254891732183923	1.12503374	58.60811996	1.00576277	0.053307618710933376	0.016578	0.00019
-0.1526	0.0475	-0.2099	0.005016076270231703	0.003914773512223281	-0.0012426744274199627	1.12530279	58.62213516	1.00947368	0.0893184839491314	0.013053	9e-05
-0.1662	0.0748	-0.1937	0.005291838292046808	0.004406956361285682	-0.0012636183784438947	1.04388285	54.38059998	0.98325391	0.09654444109507186	0.0115969	0.00012
-0.1705	0.0263	-0.1981	0.005195845183187119	0.004539601384437251	-0.0013002702927357754	1.08757341	56.65664291	0.99735958	0.07046450231515693	0.0128945	0.00024
-0.1741	-0.0398	-0.2116	0.0048939032225921	0.004050909193878839	-0.0012671090369478833	1.11972153	58.33138275	1.0148166	0.12438977034706616	0.0128303	0.00016
-0.1761	-0.0157	-0.2086	0.0049462631001519295	0.003886848244191372	-0.0013456488532876281	1.09370756	56.97619629	0.99239069	0.04384803217935209	0.0112109	0.00013
-0.1771	-0.0209	-0.2118	0.005087634769563471	0.0038013271108436495	-0.0013316862192716734	1.0365057	53.99629211	0.96788024	0.021442771838760907	0.0109138	9e-05
-0.1753	-0.0026	-0.2154	0.005085889440311476	0.0037367499285198597	-0.0013439035240356337	1.02025628	53.1497879	0.95994065	0.02762699081698725	0.0120059	0.00015
-0.1802	0.0189	-0.2184	0.005138249317871306	0.003717551306747922	-0.001335176877775662	1.10541987	57.58634567	1.00058035	0.033414257279586926	0.0125303	0.00025
-0.1923	0.0631	-0.1926	0.005267403682518886	0.004000294645571003	-0.001329940890019679	1.16442573	60.66022491	1.0269961	0.10295668456133222	0.0131717	0.00032
-0.1919	0.0283	-0.1909	0.005365142120630569	0.00426907535037813	-0.0013648474750595659	1.08159769	56.34533691	0.99693333	0.05697128639793485	0.0137628	0.00027
-0.185	-0.0242	-0.2133	0.005530948399570031	0.004197516851046362	-0.001410226035611418	1.05672777	55.04975128	0.98594635	0.09593716694115409	0.0122497	7e-05
-0.1828	-0.0507	-0.2198	0.005318018230826722	0.0037681658550557575	-0.0013020156219877698	1.07311773	55.9035759	0.99898622	0.07272457891787806	0.0128149	0.00016
-0.1835	-0.0095	-0.2155	0.005304055596810768	0.0035796702958403696	-0.0012740903539558604	1.10490417	57.55947876	1.0038149	0.0577191730631626	0.0122733	0.00013
-0.1856	0.0222	-0.2222	0.005609488215909776	0.003558726344816438	-0.0013927727430914749	1.10906136	57.77604675	1.00457945	0.06275294796292774	0.0120717	9e-05
-0.1878	0.0498	-0.2065	0.005811946409141117	0.003895574890451344	-0.0014800392056911916	1.05025327	54.71246338	0.98233541	0.0768286600732982	0.0119044	7e-05
-0.195	0.0595	-0.2047	0.005906194188748811	0.004302236606166022	-0.001514945790731078	1.06923604	55.70136642	0.98374664	0.04549080401811293	0.0130633	0.00022
-0.189	-0.0047	-0.2123	0.005447172595474302	0.004080579791162742	-0.0013840460968315032	1.10457444	57.54230118	1.01299445	0.11837890510886818	0.0143366	0.0002
-0.1832	-0.0192	-0.2176	0.005419247327442393	0.003600614246864302	-0.0012793263417118436	1.11750996	58.21617126	1.00868836	0.05623052837250044	0.012951	0.00014
-0.1836	0.0067	-0.2146	0.005380850083898519	0.0035290557475325343	-0.0013369222070276565	1.07594395	56.05081177	0.98910175	0.03767758040957272	0.0122627	9e-05
-0.1833	0.0113	-0.2225	0.0055484016920899736	0.003497639820996636	-0.001335176877775662	0.99711496	51.9442482	0.957896	0.022835643198967383	0.0118236	7e-05
-0.1899	0.0461	-0.1835	0.005335471523346666	0.0037367499285198597	-0.0013945180723434693	1.09705603	57.15063095	1.00066681	0.10596907354171696	0.0138853	0.0001
-0.1907	0.0441	-0.1938	0.00574038790980935	0.003993313328563026	-0.001446877949903299	1.10023868	57.31642914	0.99404036	0.04879198320328399	0.0131533	0.00021
-0.1877	-0.0096	-0.2221	0.005696754678509492	0.003867649622419434	-0.0013665928043115599	1.09648991	57.12114334	1.00440208	0.09747910415175944	0.0121325	0.00016
-0.1816	-0.0174	-0.2095	0.005302310267558773	0.003560471674068432	-0.0012880529879718153	1.06755316	55.61369324	0.98823701	0.06550810878207326	0.0136847	9e-05
-0.1804	0.0039	-0.1848	0.00477696616270848	0.0033615041393410786	-0.00124965574442794	1.00658536	52.437603	0.96572905	0.08533544415607609	0.0149761	0.00024
-0.1888	0.03	-0.1536	0.004689699700108763	0.003593632929856324	-0.0012880529879718153	1.10181367	57.39848328	0.99935053	0.08358962483294188	0.016339	0.0003
-0.1873	0.042	-0.1351	0.004721115626644662	0.003820525732615587	-0.0012461650859239514	1.14118457	59.44948959	1.00389117	0.047009831567151286	0.0165069	0.00048
-0.1851	0.0056	-0.1494	0.0051277773423593406	0.004021238596594935	-0.001377064779823526	1.10007572	57.30794525	0.99875724	0.08981371367968005	0.0150772	0.00028
-0.1842	-0.0498	-0.2021	0.0050736721355475155	0.00365646478292812	-0.0013456488532876281	1.101951	57.40563583	1.01124181	0.13151474735072688	0.0139375	9e-05
-0.1858	-0.0204	-0.2053	0.005042256209011618	0.003525565089028546	-0.001377064779823526	1.03843427	54.0967598	0.97214127	0.04388657734856845	0.0144902	0.00018
-0.1887	0.0021	-0.2447	0.0058416170064250214	0.0034487706019407953	-0.001452113937659282	1.08965182	56.76491165	0.99952041	0.11236022211684552	0.0162609	0.00013
-0.1872	0.0407	-0.2476	0.005927138139772744	0.003649483465920143	-0.001462585913171248	1.12929535	58.8301239	1.00728517	0.05783529864195181	0.0176923	0.00021
-0.1881	0.0644	-0.2387	0.005836381018669037	0.0036669367584400863	-0.0014416419621473165	1.07503295	56.00335312	0.99139829	0.03995771823237908	0.0140845	0.00017
-0.1956	0.1039	-0.2051	0.005504768460790115	0.004070107815650777	-0.0015481070465189703	1.0463208	54.50760651	0.98586933	0.12266243497306328	0.0140085	0.00026
-0.1958	0.0262	-0.2039	0.00544193660771832	0.004173082241518442	-0.001410226035611418	1.11297143	57.97973633	1.02054592	0.09428436449235068	0.0135868	0.00027
-0.1867	-0.0323	-0.226	0.005333726194094671	0.0038571776469074684	-0.0013439035240356337	1.10889614	57.76743698	1.01197387	0.11422187599052032	0.014327	0.0002
-0.1829	-0.0215	-0.2278	0.005394812717914472	0.003626794185644217	-0.0013578661580515882	1.07456124	55.97877502	0.99045063	0.03167163095495034	0.0123727	0.00012
-0.1831	-0.0172	-0.2213	0.005262167694762903	0.0034452799434368064	-0.001329940890019679	1.04598022	54.48986435	0.97894257	0.028104226669544447	0.0116393	8e-05
-0.1801	0.0003	-0.2318	0.005373868766890541	0.003459242577452761	-0.0012793263417118436	0.99149078	51.65126038	0.95975337	0.03981391272257138	0.0118346	9e-05
-0.1814	0.007	-0.2355	0.005340707511102648	0.003467969223712733	-0.0012723450247038664	1.10577512	57.60484695	0.99437608	0.014143460952792076	0.012846	0.00014
-0.1798	0.0175	-0.2238	0.005229006438975011	0.0035150931135165793	-0.0012671090369478833	1.15168703	59.99660873	1.0132078	0.032003047484373326	0.0138551	0.00026
-0.1803	0.0155	-0.2236	0.005190609195431136	0.0036425021489121657	-0.0013927727430914749	1.09282625	56.93028259	0.99366515	0.01727349925415266	0.0136415	0.0001
-0.1796	0.0334	-0.2311	0.005394812717914472	0.0036285395148962112	-0.0013316862192716734	1.06326067	55.3900795	0.97767599	0.04006263401595458	0.0124185	0.00013
-0.1805	0.0138	-0.224	0.005229006438975011	0.003598868917612307	-0.0013037609512397642	1.1136601	58.01561737	1.00100184	0.038770107212763694	0.0137959	0.00016
-0.1923	0.029	-0.2791	0.007077310116837006	0.0037245326237558994	-0.0016859880574265225	1.21011102	63.04018402	1.06430078	0.19990972450961728	0.0162488	0.00048
-0.1911	0.0759	-0.2356	0.006380923745291268	0.0043877577395137445	-0.0014538592669112763	1.13537991	59.14709854	1.04940118	0.1711870138909415	0.0129505	0.00023
-0.1866	-0.0153	-0.2502	0.0060580378336723174	0.0046251225177849735	-0.0013334315485236678	1.09053302	56.81082153	1.01633507	0.14433392041388937	0.0135796	0.00017
-0.1765	-0.0899	-0.2515	0.005667084081225588	0.004103269071438669	-0.001228711793404008	1.05852163	55.14319992	1.003692	0.13687634769563473	0.0150537	0.00031
-0.1756	-0.0398	-0.2335	0.005407030022678433	0.0037192966359999168	-0.001282817000215832	1.0555259	54.98714066	0.99601653	0.10390658503988652	0.0125365	0.00023
-0.1782	0.0038	-0.2356	0.005471607205002223	0.0037472219040318253	-0.0013124875974997359	1.09005535	56.78593445	1.00633916	0.05440865238198012	0.0119101	0.00012
-0.1838	0.0563	-0.2178	0.005537929716578008	0.003939208121751202	-0.0012339477811599909	1.08164716	56.34791565	0.99886783	0.09274242728174531	0.0116967	5e-05
-0.1928	0.095	-0.2037	0.005731661263549379	0.0042882739721500675	-0.0012740903539558604	1.02068424	53.17208099	0.97627998	0.09094699850830533	0.0126102	9e-05
-0.1956	0.0315	-0.2083	0.005759586531581288	0.004352851154473858	-0.0013316862192716734	1.09192383	56.88327408	1.00254488	0.07840491578357565	0.0135996	0.0001
-0.1889	0.0137	-0.2016	0.005890486225480862	0.004106759729942657	-0.0014224433403753785	1.09800529	57.20008469	0.99347366	0.05458741197672393	0.0128662	0.00015
-0.1738	0.0308	-0.2274	0.005539675045830002	0.004084070449666731	-0.0012356931104119853	1.11282635	57.97217941	1.01028947	0.08601253449450892	0.0126464	6e-05
-0.1687	0.0021	-0.2394	0.005508259119294104	0.0040334559013588955	-0.001158898623324235	1.04028463	54.19315338	0.97458745	0.05374124809657425	0.0115019	5e-05
-0.1862	0.0487	-0.2182	0.005612978874413764	0.004258603374866164	-0.0013107422682477415	1.11522925	58.0973587	1.00774247	0.10938554367752176	0.0142769	0.00012
-0.1925	0.0597	-0.1991	0.005668829410477582	0.004436626958569585	-0.001356120828799594	1.10296381	57.4583931	0.99894225	0.050362634015954574	0.0136967	0.00013
-0.1908	-0.0215	-0.2341	0.0059096848472528	0.004441862946325569	-0.0013631021458075715	1.12478435	58.59512711	1.02032323	0.13055363707695897	0.0129296	0.00011
-0.1844	-0.052	-0.2392	0.0057526052145733106	0.0038065630985996326	-0.0013543754995475996	1.08620203	56.58520126	0.99582868	0.08205530633326985	0.0130023	0.00012
-0.1829	-0.0083	-0.2373	0.005717698629533424	0.003717551306747922	-0.0013212142437597075	1.01952612	53.11174774	0.96881516	0.054953981633974434	0.0118265	8e-05
-0.1904	0.0296	-0.2274	0.005722934617289407	0.003707079331235956	-0.0013910274138394805	1.09503829	57.04552078	1.00109975	0.05957605666738613	0.01272	0.00013
-0.1987	0.0756	-0.1988	0.005555383009097951	0.004207988826558329	-0.001499237827463129	1.13809502	59.28853989	1.01200536	0.1217335758568738	0.014177	0.00027
-0.1949	0.0393	-0.2061	0.00574038790980935	0.004372049776245795	-0.0014660765716752368	1.08856893	56.70850372	0.99176965	0.06651135530933786	0.0123017	0.0002
-0.194	-0.0163	-0.2171	0.005593780252641826	0.00416435559525847	-0.0014172073526193955	1.0743686	55.96874237	0.99121906	0.08765855286053446	0.0128403	7e-05
-0.1885	-0.0062	-0.2238	0.005377359425394529	0.003783873818323706	-0.0012758356832078548	1.06261361	55.35636902	0.97925316	0.05921371367968011	0.0136384	0.00019
-0.1902	0.0124	-0.2225	0.0053162729015747276	0.0036163222101322505	-0.0013543754995475996	1.09099412	56.83484268	0.9891365	0.03695889741755008	0.0133546	0.00012
-0.1933	0.0176	-0.2252	0.005757841202329294	0.0037943457938356727	-0.0014276793281313615	1.14798546	59.8037796	1.00441647	0.04564478565208752	0.01274	0.00022
-0.196	0.0611	-0.1843	0.0055431657043339905	0.004365068459237818	-0.0014346606451393388	1.08155453	56.34309006	1.00267883	0.12671897402027127	0.0114949	0.00011
-0.1974	0.0281	-0.1959	0.005642649471697667	0.004452334921837535	-0.0013735741213195373	1.07343554	55.9201355	0.98444727	0.05839183768915973	0.0129054	0.0002
-0.1981	-0.0258	-0.1872	0.005504768460790115	0.004335397861953915	-0.001424188669627373	1.11515152	58.0933075	1.00823309	0.07857163095495033	0.0143731	0.00026
-0.1965	-0.0125	-0.2123	0.005677556056737554	0.004073598474154764	-0.0014276793281313615	1.15243065	60.03534698	1.01165983	0.06190388211252886	0.0129651	0.00015
-0.1922	-0.0139	-0.2172	0.00544193660771832	0.0036651914291880917	-0.0013805554383275148	1.06967533	55.72425079	0.98399392	0.045157519189487696	0.0122762	0.0001
-0.1928	0.0292	-0.2017	0.0055431657043339905	0.003782128489071712	-0.0013980087308474581	1.04618514	54.50053406	0.9802321	0.07098097245096172	0.0119456	0.00011
-0.2012	0.0737	-0.1812	0.005319763560078716	0.004045673206122856	-0.0014451326206513049	1.10283148	57.45150375	1.004208	0.10010353755551324	0.0133668	0.00012
-0.197	0.0139	-0.1942	0.005379104754646523	0.004171336912266447	-0.0014311699866353504	1.10835171	57.73907471	1.00651656	0.08694837673636761	0.0133672	0.00018
-0.1925	-0.0204	-0.2191	0.005431464632206353	0.0036669367584400863	-0.0014014993893514465	1.08946466	56.7551651	0.99649459	0.09302153143350467	0.0135794	0.00015
-0.1923	-0.0044	-0.2105	0.005225515780471023	0.0035290557475325343	-0.0014014993893514465	1.02417898	53.35413742	0.96723996	0.0419914931321441	0.0135431	7e-05
-0.192	0.0102	-0.2342	0.005618214862169747	0.003581415625092364	-0.001429424657383356	1.03676879	54.00999832	0.97291173	0.062249211364523147	0.0120264	9e-05
-0.192	0.009	-0.2258	0.005352924815866608	0.0034627332359567498	-0.0014154620233674013	1.06491566	55.47629547	0.98365233	0.029496753472735376	0.0124147	8e-05
-0.1941	0.033	-0.2156	0.005677556056737554	0.003673918075448063	-0.001462585913171248	1.09375215	56.97851944	0.9930511	0.06544699850830529	0.011796	0.00011
-0.1968	0.072	-0.1958	0.005480333851262195	0.004031710572106902	-0.001509709802975095	1.07284987	55.88962555	0.99034284	0.09160692959690225	0.0132927	0.00015
-0.1981	-0.0101	-0.2072	0.0056374134839416844	0.0041835542170304075	-0.0015079644737231008	1.05973744	55.20653534	0.99758353	0.11033343034274944	0.012316	0.00018
-0.1944	-0.0212	-0.2251	0.0055152404363020815	0.00398284135305106	-0.0014765485471872027	1.00996113	52.61346436	0.96808679	0.050415091907742446	0.0116433	4e-05
-0.1918	-0.0239	-0.2253	0.0052220251219670345	0.003673918075448063	-0.001403244718603441	1.01009858	52.62062454	0.96470821	0.039272121026090255	0.0122657	0.00016
-0.1911	-0.0101	-0.2307	0.005291838292046808	0.0035360370645405115	-0.0014748032179352085	1.05286491	54.84851837	0.97945575	0.03386263401595462	0.0116911	7e-05
-0.1957	0.014	-0.2194	0.005661848093469605	0.0037594392087957856	-0.0015358897417550098	1.12267256	58.48511505	0.99883916	0.07272492347489362	0.0125626	0.00034
-0.1994	0.0659	-0.1904	0.005490805826774161	0.004089306437422714	-0.0015498523757709647	1.11220729	57.93992996	1.0068942	0.11034360646691636	0.0129736	0.00012
-0.1987	0.0114	-0.192	0.005478588522010201	0.004148647631990522	-0.0015079644737231008	1.04168248	54.26597214	0.98395842	0.06247232006898154	0.0122101	9e-05
-0.2016	-0.0099	-0.2072	0.005768313177841259	0.0038781215979314006	-0.0015760323145508795	1.07671392	56.09091949	0.98397233	0.07081592653589788	0.0130052	0.00022
-0.2044	0.0005	-0.2172	0.005464625887994246	0.0036250488563922224	-0.0015306537539990272	1.1035322	57.48800659	0.99582059	0.05330692959690219	0.0123594	0.00011
-0.198	0.0077	-0.2251	0.005682792044493536	0.00364424747816416	-0.001500983156715123	1.11304772	57.98371506	0.99347801	0.034851768777756593	0.0122787	0.00012
-0.1942	-0.0063	-0.2242	0.005674065398233566	0.003637266161156183	-0.001462585913171248	1.04139435	54.2509613	0.96673064	0.021405260340591103	0.0116121	8e-05
-0.2001	0.03	-0.2002	0.005616469532917752	0.003864158963915446	-0.001499237827463129	1.0893203	56.74764633	0.99391471	0.08225702911834787	0.0127484	0.00014
