trans_x	trans_y	trans_z	rot_x	rot_y	rot_z	dvars_std	dvars_nstd	dvars_vstd	framewise_displacement	aqi	aor
0.0	-0.0	0.0	-0.0	0.0	-0.0	n/a	n/a	n/a	n/a	0.0599212	0.00137
-0.0001	0.0459	0.0035	-1.7453292519943294e-06	-5.235987755982989e-05	-8.203047484373349e-05	0.95001596	60.59310913	0.93780787	0.0563067840827779	0.0601364	0.00142
-0.0159	0.0984	0.0456	-0.00018500490071139895	-0.00020420352248333657	-0.00020594885173533088	0.95720798	61.05182266	0.94043746	0.13335107966372545	0.0567115	0.00121
-0.025	0.1643	0.0827	-0.0002844886680750757	-0.0003351032163829112	-0.0002303834612632515	0.96874988	61.78797913	0.93999312	0.12484090353955858	0.0558806	0.00102
-0.0241	0.0963	0.0456	-0.00020420352248333657	-0.0003298672286269283	-0.000153588974175501	0.98301482	62.69781113	0.95767856	0.11411578102177362	0.0577847	0.00115
-0.02	0.0204	0.0215	-1.7453292519943296e-05	-0.00030368728984701333	-3.839724354387525e-05	0.95237684	60.74368668	0.93715399	0.1205060949687467	0.0580006	0.00116
-0.0137	0.0334	0.0206	0.00014311699866353502	-0.0003961897402027128	1.7453292519943296e-05	0.941392	60.0430603	0.91358589	0.03564616388014981	0.0594005	0.00137
-0.016	0.1026	0.0782	-0.00020943951023931956	-0.0003944444109507184	9.599310885968811e-05	0.99819452	63.66599274	0.96594348	0.1507420827247297	0.0551047	0.00097
-0.0212	0.0811	0.0726	-0.0001658062789394613	-0.0002740166925631097	1.5707963267948964e-05	0.943977	60.20793533	0.93213198	0.04451730476396031	0.0541845	0.00086
-0.0141	-0.0266	0.023	6.806784082777885e-05	-0.00024609142453120044	0.00016929693744344995	1.00678515	64.21391296	0.98423609	0.18516941809873247	0.0589359	0.00125
0.0039	0.0301	-0.0394	0.0006038839211900379	-0.0004537856055185257	0.00031415926535897925	1.0810138	68.94830322	1.04426946	0.18151862946325567	0.0659887	0.00234
-0.0092	0.08	-0.0401	0.0009232791743050004	-0.00029845130209103034	0.000296705972839036	0.98069334	62.54974747	0.97786017	0.08830914245312006	0.0660774	0.00262
-0.0153	0.0643	-0.0225	0.0007714355293814937	-0.00020420352248333657	0.00016406094968746698	0.9271853	59.13694	0.92358608	0.05833682238413848	0.0635318	0.00217
-0.013	0.1582	0.0271	0.0004206243497306334	-0.00014486232791552936	0.0005218534463463045	0.95100176	60.65598297	0.95288266	0.1841972435438753	0.0609758	0.00149
-0.0099	0.1347	0.0603	0.00021467549799530252	-6.45771823237902e-05	0.0005026548245743669	0.93816739	59.8373909	0.92889825	0.07507163095495038	0.0579842	0.00112
-0.0181	0.025	0.0199	0.0004014257279586958	0.00011170107212763708	0.0004258603374866164	0.96611035	61.61962509	0.9560021	0.1802911485751285	0.0586003	0.00112
-0.018	0.0154	0.0124	0.0004799655442984406	2.792526803190927e-05	0.0003682644721708035	0.91369557	58.27655029	0.9145587	0.02819557428756428	0.0588957	0.00132
-0.0125	0.0279	0.0118	0.0006230825429619757	-0.00028623399732707005	0.00038048177693476387	0.91588765	58.41636658	0.91322048	0.04207467843932374	0.0581939	0.00132
-0.0197	0.0579	0.0096	0.00042411500823462205	-0.0002513274122871834	0.00047647488579445195	0.94891596	60.52294922	0.91800346	0.05589336143134642	0.0597314	0.00156
-0.0302	0.1067	0.0693	-0.0001186823891356144	-0.0005619960191421741	0.0003595378259108319	0.99018693	63.15525818	0.96129352	0.16752015320544236	0.0553051	0.00096
-0.0217	0.1208	0.0688	1.7453292519943296e-05	-0.00030194196059501896	0.0005358160803622592	0.9466483	60.37831497	0.93498952	0.05172339973270701	0.0551782	0.00095
-0.0227	-0.0107	0.0388	0.00017976891295541595	-5.235987755982988e-06	0.0006370451769779302	0.98455089	62.795784	0.96533038	0.19051253449450897	0.0556234	0.00084
-0.0197	0.0275	0.0526	9.075712110370512e-05	-2.6179938779914945e-05	0.0007225663103256524	0.93796688	59.82460403	0.92390561	0.06477384381116826	0.0556698	0.00092
-0.0161	0.0472	0.0352	3.490658503988659e-05	-0.00027750735106709843	0.0005899212871740833	0.94019246	59.96655273	0.9297276	0.06269114857512856	0.0575184	0.00119
-0.0277	0.0796	0.0423	8.028514559173915e-05	-0.0005305800926062762	0.00048171087355043494	0.92457366	58.97036743	0.9266185	0.07143308578573393	0.056611	0.00119
-0.0272	0.122	0.1035	-0.00039269908169872416	-0.0007155849933176752	0.0005759586531581287	0.95883352	61.15550232	0.94666607	0.1417118453804778	0.0533018	0.00072
-0.0101	0.1076	0.1002	-0.00038048177693476387	-0.000804596785169386	0.0008098327729253688	0.9481585	60.47463608	0.93431127	0.051555160819145546	0.0534531	0.00072
0.0045	0.0066	0.0605	-0.00021642082724729686	-0.0007382742735936014	0.0011780972450961724	0.97204375	61.99806595	0.95431106	0.1852323966717028	0.0549535	0.00084
0.0115	0.0049	0.0472	2.094395102393195e-05	-0.000736528944341607	0.0013020156219877698	0.92394084	58.93000793	0.91106378	0.040151424220741035	0.0568359	0.00108
0.0192	0.0393	0.0389	-1.3962634015954635e-05	-0.0007679448708775049	0.001322959573011702	0.93866837	59.86934662	0.92764439	0.05476332312998583	0.0576138	0.00109
0.0169	0.1026	0.0712	-0.000291469985083053	-0.0007138396640656808	0.0013910274138394805	0.97089982	61.92510605	0.95121616	0.11788401993533504	0.0553914	0.0008
0.0162	0.0973	0.0405	-0.000158824961931484	-0.000593411945678072	0.001408480706359424	0.91739708	58.51263809	0.91737366	0.05022630170295606	0.0576431	0.00099
0.0198	0.0458	0.0308	-6.632251157578452e-05	-0.0005148721293383271	0.001403244718603441	0.94306749	60.14992523	0.93478984	0.07361391272257135	0.057834	0.00099
0.0293	0.0633	0.0199	0.00013788101090755203	-0.0005131268000863328	0.0013910274138394805	0.93701297	59.76376343	0.9292678	0.04880830782496456	0.0589082	0.00106
0.0234	0.1084	0.0625	-0.00017104226669544429	-0.0006283185307179585	0.0013578661580515882	0.92631388	59.08135986	0.92885502	0.11646381320112573	0.0557041	0.00082
0.0271	0.1398	0.0938	-0.0002705260340591211	-0.0005969026041820607	0.0013683381335635543	0.95598096	60.97356033	0.93607708	0.07346858347057704	0.0550374	0.00059
0.0278	0.0513	0.0735	-0.00023561944901923448	-0.000445058959258554	0.0013892820845874865	0.97269106	62.03935242	0.95052599	0.11988470904936625	0.0545019	0.00067
0.0278	0.0011	0.064	-0.0001239183768915974	-0.00047822021504644627	0.0014643312424232424	0.93264455	59.48513794	0.92505445	0.07069557428756425	0.0540701	0.00063
0.0317	0.0372	0.0641	1.5707963267948964e-05	-0.0005340707511102648	0.001446877949903299	0.94569528	60.31753159	0.92700057	0.05074650843716542	0.0557918	0.0008
0.0285	0.0567	0.0921	-0.0002024581932313422	-0.0005044001538263612	0.0014172073526193955	0.96131146	61.31354904	0.93802743	0.06457536755335493	0.0534208	0.00065
0.0348	0.1174	0.1336	-0.00048171087355043494	-0.0005358160803622592	0.0015254177662430443	0.9509719	60.65407944	0.93395753	0.12944395102393197	0.0519253	0.00051
0.0354	0.0574	0.1224	-0.00042411500823462205	-0.00033335788713091696	0.001509709802975095	0.9683606	61.76314926	0.94417224	0.08558810109075522	0.0519201	0.00044
0.0316	0.0118	0.0939	-0.000158824961931484	-0.00019547687622336493	0.001473057888683214	0.95492548	60.90624237	0.93694822	0.09989114857512854	0.0524591	0.00065
0.0409	0.0346	0.0852	5.93411945678072e-05	-0.00022340214425527416	0.0015655603390389136	0.93227869	59.46180344	0.92044387	0.057729693744344994	0.0541044	0.00075
0.0446	0.0566	0.0854	2.792526803190927e-05	-0.00034557519189487725	0.0016947147036864942	0.95081651	60.64416885	0.93384463	0.04003716694115408	0.0554007	0.00076
0.045	0.1151	0.1144	-0.0001658062789394613	-0.00035604716740684323	0.0018238690683340744	0.96469563	61.52939224	0.9453838	0.1045678943565458	0.0539418	0.00055
0.0485	0.1048	0.1183	-0.00021118483949131387	-0.0003787364476827695	0.0019268434942017398	0.94402748	60.21115494	0.92040735	0.026252113334772204	0.0547177	0.00059
0.0439	0.0358	0.0746	5.93411945678072e-05	-0.00028623399732707005	0.001956514091485643	0.97251481	62.0281105	0.9518354	0.1369349540849362	0.0562733	0.00076
0.0526	0.0308	0.0602	0.00024260076602721178	-0.0003822271061867582	0.002012364627549462	0.93437022	59.5952034	0.91949525	0.044855160819145576	0.0567553	0.00087
0.0595	0.0428	0.0459	0.00031415926535897925	-0.0003473205211468716	0.002061233846605303	0.9049713	57.72010803	0.90901026	0.04096671517137474	0.0579221	0.00101
0.0581	0.0946	0.0875	-3.839724354387525e-05	-0.0004904375198104066	0.0021519909677090087	0.9481898	60.47663116	0.93967662	0.12412153143350475	0.0557776	0.0008
0.0638	0.1286	0.1035	-0.00016406094968746698	-0.0005270894341022875	0.0021327923459370708	0.93645531	59.72819519	0.9313951	0.06477571211037052	0.0550032	0.00062
0.0527	0.04	0.0714	4.886921905584123e-05	-0.0002897246558310587	0.002007128639793479	0.93833691	59.84820557	0.93542009	0.16059793265790642	0.0542228	0.00066
0.0491	0.0384	0.0683	0.00037524578917878077	-0.0003106686068549907	0.002118829711921116	0.92843878	59.21689224	0.91856233	0.03125107966372543	0.0551216	0.00081
0.0469	0.05	0.0551	0.0003630284844148205	-0.00017278759594743863	0.002064724505109292	0.94775265	60.44874954	0.92718587	0.037210176124166806	0.0559677	0.00088
0.0439	0.0679	0.0616	0.00022340214425527416	-0.00027750735106709843	0.0020315632493213996	0.92375642	58.91824341	0.9181097	0.04127536755335492	0.0550588	0.00077
0.0382	0.1205	0.1066	-9.075712110370512e-05	-0.00032812189937493397	0.0018989182261698304	0.96656078	61.64835358	0.93364173	0.1281709418409192	0.0536835	0.00057
0.037	0.0971	0.0948	2.96705972839036e-05	-9.42477796076938e-05	0.0018500490071139892	0.96582866	61.60165787	0.94008229	0.056558552860534496	0.0541343	0.00067
0.0368	0.004	0.0662	0.00016406094968746698	6.283185307179586e-05	0.0018692476288859267	0.9662596	61.62914658	0.94485368	0.13743343034274955	0.0542194	0.00065
0.0639	0.0287	0.0392	0.0003647738136668148	0.00023561944901923448	0.0020769418098732523	0.96970063	61.84861755	0.93087908	0.1078597320457056	0.0586966	0.00107
0.076	0.0291	0.0459	3.839724354387525e-05	6.9813170079773176e-06	0.002139773662945048	0.96489316	61.54199219	0.93782268	0.05009232776029962	0.0585444	0.00093
0.0717	0.0477	0.078	-0.00021467549799530252	5.759586531581287e-05	0.0019617500792416262	0.94050461	59.98646164	0.93158526	0.07908554367752174	0.0551274	0.0006
0.0507	0.0818	0.1522	-0.0004625122517784973	-1.7453292519943296e-05	0.001635373509118687	0.97493374	62.18239212	0.95530295	0.1617631240870945	0.0499439	0.00033
0.0681	0.0767	0.1686	-0.000619591884457987	9.42477796076938e-05	0.0019233528356977512	0.95789856	61.09586716	0.94092408	0.06673800156930954	0.0490437	0.00025
0.0575	-0.0057	0.1057	-0.000296705972839036	-8.901179185171081e-05	0.0020141099568014562	0.98535264	62.84692001	0.97100474	0.18574513020910305	0.0517484	0.00053
0.0567	0.0083	0.0789	0.00010297442586766544	-4.537856055185256e-05	0.0021537362969610025	0.93466145	59.61378098	0.92553113	0.0707469985083053	0.0548384	0.00068
0.0584	0.0439	0.0859	-8.901179185171081e-05	-6.108652381980153e-05	0.0022479840765686964	0.95328474	60.80159378	0.93686784	0.05939709802975096	0.0552686	0.00067
0.0597	0.0826	0.1264	-0.00046425758103049166	-1.9198621771937625e-05	0.002234021442552742	0.96608484	61.61800003	0.94903739	0.10205481626212996	0.0526415	0.00044
0.0617	0.0708	0.1195	-0.0005009094953223725	-0.0001239183768915974	0.002235766771804736	0.92996675	59.31434631	0.91800636	0.02785584993317676	0.0531982	0.00048
0.0553	-0.0091	0.0847	-0.00023561944901923448	2.96705972839036e-05	0.002230530784048753	0.97063512	61.9082222	0.95617129	0.1423057504117311	0.0540114	0.00059
0.0624	0.0076	0.0658	-1.3962634015954635e-05	-3.4906585039886588e-06	0.0022218041377887812	0.93375123	59.5557251	0.92603546	0.0558772358525572	0.0558977	0.00072
0.0671	0.039	0.0605	8.028514559173915e-05	-5.235987755982989e-05	0.0022043508452688383	0.90971816	58.02286911	0.91443125	0.0494285145591739	0.0566866	0.0008
0.0498	0.0952	0.1108	-0.0002565634000431664	6.806784082777885e-05	0.002040289895581371	0.98507673	62.82932281	0.96177144	0.15486686068549907	0.0535952	0.00054
0.0482	0.0877	0.1165	-0.0004485496177625427	0.0001937315469713706	0.0021135937241651332	0.95880949	61.15396881	0.94096991	0.034347687622336524	0.0532104	0.00046
0.0448	0.0102	0.0789	-0.00021118483949131387	0.00021467549799530252	0.0021170843826691216	0.95043039	60.61954117	0.94182117	0.13158996938995743	0.0540096	0.00052
0.0405	0.0082	0.0695	0.00012217304763960306	0.00034557519189487725	0.00200363798128949	0.95241648	60.74621582	0.9202875	0.04458519912050615	0.0559319	0.00075
0.0472	0.0415	0.066	8.552113334772214e-05	0.00017627825445142725	0.002040289895581371	0.9766261	62.29033279	0.93833728	0.05563003830136058	0.0563517	0.00081
0.0367	0.075	0.1237	-0.00028274333882308137	0.000148352986419518	0.0020001473227855013	0.97555113	62.22177124	0.94769445	0.1235166156499291	0.0509556	0.00043
0.029	0.0928	0.147	-0.00038397243543875244	0.00018151424220741024	0.0019495327744776662	0.96253496	61.39158249	0.92462781	0.058050245035569915	0.0505233	0.00043
0.0255	-0.0048	0.094	-8.901179185171081e-05	0.0002652900463031381	0.001947787445225672	1.0044806	64.06692505	0.97264497	0.17312408884673816	0.0525793	0.00063
0.0335	0.0049	0.0785	0.00015707963267948963	0.00018675022996339323	0.0020106192982974674	0.95000142	60.59217834	0.9324867	0.05257315469713704	0.0532258	0.00059
0.0394	0.0246	0.0626	0.000307177948351002	0.00016406094968746698	0.002007128639793479	0.90784198	57.90320206	0.90859942	0.05031391272257135	0.0550371	0.00075
0.0281	0.0448	0.0966	0.0001256637061435917	7.67944870877505e-05	0.001891936909161853	0.94193161	60.0774765	0.93190284	0.08469862177193763	0.0531089	0.00059
0.0235	0.1066	0.1302	-0.0002897246558310587	-1.7453292519943296e-05	0.0018779742751458986	0.9511016	60.6623497	0.94047814	0.12617993877991493	0.0519091	0.00048
0.0233	0.0512	0.1209	-0.00032637657012293966	0.00010821041362364843	0.0018936822384138475	0.91659117	58.46123505	0.91867399	0.07380117918517107	0.050913	0.00045
0.016	-0.0089	0.0972	-0.0001064650843716541	0.0001658062789394613	0.0018256143975860688	0.94298118	60.14442062	0.92652279	0.10837875959474384	0.0530545	0.00058
0.0231	0.0036	0.0878	3.141592653589793e-05	0.00018151424220741024	0.0018343410438460403	0.94575161	60.32112122	0.92631328	0.03711578102177361	0.0529116	0.00064
0.0146	0.0326	0.0994	1.2217304763960308e-05	0.00015707963267948963	0.0017418385934903407	0.94843656	60.49237061	0.93097079	0.05590678408277789	0.0516099	0.00051
0.0131	0.1012	0.1372	-0.0003682644721708035	-3.4906585039886588e-06	0.0017051866791984597	0.9327566	59.49228668	0.93176478	0.13678519912050613	0.0497313	0.00041
0.0035	0.02	0.1083	-0.000148352986419518	0.0002530727415391778	0.0016929693744344998	0.94812936	60.47277832	0.94090702	0.1441346095279206	0.0506006	0.00045
0.0203	-0.0289	0.0884	1.7453292519943294e-06	0.0003874630939427412	0.00182212373908208	0.94949228	60.55970764	0.93324331	0.10628215163613276	0.0518175	0.00052
0.0617	0.022	0.0498	0.0001256637061435917	0.0006300638599699529	0.0022602013813326567	0.96200198	61.35758972	0.94213663	0.1711298392584693	0.0560579	0.0008
0.0601	0.0529	0.0564	4.71238898038469e-05	0.0007731808586334879	0.002310815929640492	0.94664204	60.37791443	0.920783	0.05271356816555576	0.0570756	0.00089
0.0595	0.1281	0.1484	-0.0005235987755982988	0.0009564404300928925	0.002230530784048753	1.02802157	65.56839752	0.99153569	0.20951336912266447	0.0515876	0.00037
0.0935	0.1007	0.2047	-0.001439896632895322	0.001673770752662562	0.002516764781375823	0.98526788	62.84151459	0.96028942	0.2136931088596881	0.0472879	0.00017
0.0618	0.0174	0.15	-0.0008552113334772215	0.001572541656046891	0.002261946710584651	1.02471232	65.35733032	0.97770752	0.21673662334124716	0.0487451	0.00032
0.0484	0.0232	0.1311	-0.0006387905062299246	0.0009878563566287904	0.0021467549799530253	0.96138364	61.31814957	0.93566671	0.08391489286485117	0.0504705	0.00044
0.0494	0.0366	0.1289	-0.0006649704450098395	0.0007033676885537148	0.0022479840765686964	0.93889719	59.88394165	0.92225915	0.03719488517353309	0.0505669	0.00031
0.0592	0.0816	0.159	-0.0008115781021773631	0.0006387905062299246	0.0023492131731843676	0.93992418	59.94944382	0.91965564	0.10052069680534928	0.0499138	0.00035
0.0753	0.0806	0.1539	-0.0008290313946973065	0.0006771877497737998	0.0024731315500759648	0.93935663	59.91324234	0.92503676	0.03118844564777078	0.0503675	0.00035
0.0789	-0.0142	0.1119	-0.0005794493116621174	0.0006021385919380437	0.002324778563656447	0.97084022	61.9213028	0.95328533	0.16404921136452316	0.0508312	0.00041
0.087	-0.0309	0.0844	-0.0002530727415391778	0.00035604716740684323	0.0021676989309769574	0.90697622	57.84798431	0.91303849	0.0887773813666815	0.052286	0.00048
0.0932	0.0271	0.0869	-9.599310885968811e-05	0.00022340214425527416	0.0022497294058206906	0.93842965	59.85411835	0.92720935	0.0852877565337396	0.0535808	0.0005
0.0855	0.1036	0.1327	-0.00047647488579445195	0.0001675516081914556	0.002319542575900464	0.99588203	63.51849747	0.9689985	0.1553072741539178	0.0511616	0.00037
0.098	0.1092	0.1307	-0.0005881759579220891	0.00016231562043547262	0.002494075501099897	0.92030352	58.69801331	0.92097924	0.03467349925415266	0.0516144	0.00037
0.0955	0.0397	0.091	-7.853981633974481e-05	0.00035081117965086024	0.0025115287936198403	0.97947359	62.47195053	0.94299277	0.14747924966588377	0.0545398	0.00052
0.1026	0.0698	0.0976	0.0001832595714594046	0.0003961897402027128	0.002469640891571976	0.9609406	61.2898941	0.93216458	0.06125329251994332	0.0542865	0.00051
0.1126	0.0668	0.0991	0.0002897246558310587	0.000710349005561692	0.0024015730507441976	0.94542867	60.30052567	0.92442926	0.03893460952792058	0.0533869	0.00054
0.1026	0.1099	0.1767	-0.00012217304763960306	0.0005410520681182421	0.0023911010752322315	0.98831725	63.03600693	0.9472297	0.1602833308213039	0.0497161	0.00031
0.1017	0.1171	0.2084	-0.00042411500823462205	0.00040317105721069014	0.0023649211364523163	0.96625125	61.62861252	0.93824628	0.06310014551412432	0.048261	0.00028
0.0964	0.0221	0.1639	-0.00014311699866353502	0.0006684611035138282	0.0023753931119642824	0.98145097	62.59806824	0.95867215	0.17263800156930956	0.0479553	0.00022
0.1284	-0.0159	0.1588	-0.0002373647782712288	0.0008621926504851988	0.002659881780039358	0.92643261	59.08893585	0.92135969	0.10372339973270699	0.049307	0.00025
0.1689	0.0028	0.138	-0.0001064650843716541	0.0010157816246606998	0.00277332818141899	0.95039749	60.61744308	0.93220005	0.09989675347273536	0.0529211	0.00038
0.1921	0.0271	0.124	-9.075712110370512e-05	0.001450368608407288	0.002782054827678961	0.94676781	60.38593674	0.93443693	0.08445107966372542	0.054786	0.00049
0.1258	0.0129	0.3198	-0.001706932008450454	0.0026965336943312393	0.0018744836166419098	1.15685117	73.78529358	1.08331715	0.4647955592153876	0.0380814	5e-05
0.112	0.0237	0.4569	-0.0032061698359135836	0.003300417615521277	0.001710422666954443	1.04821825	66.85655975	0.99794724	0.27505913491703166	0.0312173	2e-05
0.1049	-0.0291	0.3643	-0.002408554367752175	0.0029321531433504737	0.0019303341527057286	1.00443518	64.06402588	0.97547904	0.22178957130417487	0.0334103	2e-05
0.0981	-0.0687	0.2769	-0.0013892820845874865	0.001973967384005587	0.0020594885173533086	0.98170662	62.61437607	0.95940459	0.23913062035785776	0.0378744	6e-05
0.1025	-0.0349	0.2472	-0.0008988445647770796	0.0014940018397071458	0.0022916173078685546	0.94182909	60.07093811	0.93394305	0.12802659273120465	0.0409043	8e-05
0.0948	0.0183	0.3247	-0.0012618730491919003	0.001382300767579509	0.0022916173078685546	1.0075959	64.265625	0.98174202	0.16213647782712284	0.0371243	4e-05
0.1146	0.0248	0.3986	-0.0019861846887695473	0.0019861846887695473	0.002131047016685076	0.9617911	61.3441391	0.94679216	0.1746382925975582	0.0331039	3e-05
0.1558	-0.0727	0.2631	-0.0015603243512829306	0.00243473430653209	0.0023963370629882146	1.08428276	69.15679932	1.0266696	0.33118500007761487	0.0422129	0.00016
0.2344	-0.0834	0.261	-0.002124065699677099	0.003225368457685521	0.0027471482426390747	1.04852509	66.87613678	1.00887557	0.17665933395992295	0.0460996	0.00027
0.2134	-0.0381	0.3521	-0.002581341963699613	0.0029653143991383657	0.002230530784048753	1.02910364	65.63741302	0.99350205	0.2190973890579996	0.038644	0.00011
0.1817	-0.0615	0.3045	-0.002045525883337354	0.0017976891295541592	0.00214850030920502	1.00061107	63.82012177	0.96541875	0.19197359123951	0.039875	0.00014
0.1639	0.0315	0.3268	-0.0022165681500327986	0.0015079644737231008	0.0023771384412162766	0.9907726	63.19261169	0.96116291	0.167570252726888	0.0393549	7e-05
0.1691	0.0086	0.3035	-0.0019669860669976093	0.0013404128655316449	0.002567379329683659	0.93540418	59.66115189	0.92297925	0.0817687289847014	0.0405909	7e-05
0.1648	-0.1025	0.2474	-0.0017208946424664088	0.0015812683023068625	0.0026005405854715507	0.98229426	62.65185547	0.95305082	0.1975054058547155	0.0424485	0.00014
0.1691	-0.0911	0.2116	-0.001181587903600161	0.001579522973054868	0.0027628562059070234	0.9378652	59.81811905	0.92574104	0.08666838442768572	0.0455411	0.00017
0.1753	-0.0412	0.1917	-0.000900589894029074	0.0016336281798666925	0.003005456971934235	0.95182407	60.70843124	0.93717259	0.10488519912050616	0.0479568	0.0002
0.1643	0.0061	0.2227	-0.0011571532940722405	0.0015132004614790836	0.0029129545215785357	0.93562883	59.67547989	0.92931494	0.11277467843932376	0.0461954	0.00019
0.1683	0.0678	0.2353	-0.0009896016858807848	0.001446877949903299	0.0029565877528783943	0.95912409	61.17403412	0.93436145	0.09217536755335495	0.0471087	0.00019
0.1642	-0.0097	0.2067	-0.0008325220532012951	0.0017575465567582897	0.002848377339254746	0.97696489	62.31194305	0.95378037	0.13899793265790644	0.0472974	0.00022
0.1651	-0.0512	0.1788	-0.0007400196028455958	0.0016615534478986017	0.0027872908154349444	0.93484193	59.62528992	0.92579425	0.08277910415175943	0.047923	0.00022
0.1757	-0.035	0.1604	-0.00038571776469074686	0.001668534764906579	0.002848377339254746	0.96982759	61.85671616	0.9243009	0.06631848394913137	0.051815	0.00042
0.1634	0.0146	0.203	-0.0006230825429619757	0.0016301375213627037	0.002670353755551324	0.99409533	63.40454102	0.95427277	0.12718928027592633	0.048245	0.00026
0.1627	0.0499	0.2544	-0.0009669124056048585	0.001579522973054868	0.0027384215963791032	0.95681906	61.02701569	0.93939969	0.11052561258892483	0.0448376	0.00015
0.1591	0.003	0.2389	-0.000853466004225227	0.001790707812546182	0.0027715828521669953	0.99671775	63.57180023	0.94209438	0.0838896248329419	0.0467882	0.00037
0.1517	-0.0675	0.2161	-0.0006736970912698113	0.0018936822384138475	0.0026616271092913526	0.9890008	63.0796051	0.95407015	0.1203349540849362	0.0472676	0.00029
0.1632	-0.0477	0.2059	-0.00042236967898262774	0.0017610372152622785	0.0028396506929947744	0.95523381	60.92590714	0.93001436	0.06959980095710872	0.0482063	0.00021
0.1528	-0.0062	0.219	-0.0004974188368183839	0.0016441001553786586	0.0027872908154349444	0.95566261	60.95325851	0.93021999	0.07721730476396033	0.0483917	0.00029
0.1389	0.0493	0.2895	-0.0008866272600131194	0.001635373509118687	0.0025918139392115793	0.99375468	63.3828125	0.95930291	0.16957059728390358	0.0444428	0.0001
0.1387	0.0162	0.2813	-0.000921533845053006	0.001785471824790199	0.0025324727446437724	0.92649347	59.0928154	0.92318839	0.05371730476396026	0.0431248	7e-05
0.1294	-0.0525	0.2385	-0.0006422811647339132	0.001658062789394613	0.00243473430653209	0.96922863	61.81851196	0.93922628	0.1460200076913181	0.0458649	0.0002
0.1376	-0.0265	0.2111	-0.0002740166925631097	0.0013718287920675431	0.002494075501099897	0.96482038	61.5373497	0.93412486	0.09729198320328399	0.0482488	0.00026
0.1389	0.0086	0.219	-0.00020420352248333657	0.0013700834628155487	0.002570869988187647	0.95022559	60.60647964	0.92968278	0.05171764932097586	0.0478253	0.00021
0.1268	0.0415	0.3081	-0.0008028514559173916	0.0013700834628155487	0.0024312436480281013	0.97876275	62.42660904	0.9490222	0.17101371367968005	0.0423684	0.00013
0.1243	0.059	0.2973	-0.0008464846872172499	0.0015777776438028737	0.002356194490192345	0.98071265	62.55097961	0.95349206	0.04711882850614695	0.0432702	0.00013
0.1195	-0.06	0.2666	-0.0007592182246175333	0.0018709929581379211	0.002288126649364566	1.00192249	63.90376663	0.97343682	0.17692748088812713	0.0417756	0.00011
0.1247	-0.0381	0.2374	-0.0005672320068981572	0.001839577031602023	0.0020176006153054447	0.93477571	59.62106705	0.92397618	0.08099640891571977	0.0435626	0.00015
0.1444	0.0009	0.1877	-0.00020594885173533088	0.0017645278737662671	0.002090904443889207	0.97368568	62.10279083	0.95138835	0.13388180707911723	0.0494894	0.0003
0.1247	0.0156	0.2579	-0.0005550147021341969	0.001932079481957723	0.0017296212887263805	1.01873481	64.97607422	0.98401082	0.1484950306876574	0.0431783	0.00012
0.0959	0.0932	0.3606	-0.0011397000015522971	0.001673770752662562	0.001514945790731078	1.02640462	65.46526337	0.98766805	0.26198347633542807	0.0379376	5e-05
0.0989	0.0533	0.3272	-0.001192059879112127	0.0015323990832510211	0.0017278759594743865	0.98066294	62.54780579	0.956997	0.09663308578573393	0.0382237	5e-05
0.1016	-0.0268	0.2737	-0.0008726646259971648	0.0014433872913993105	0.001853539665617978	0.98102438	62.57086182	0.96053865	0.16300353755551322	0.0395433	5e-05
0.1255	-0.039	0.2321	-0.00062482787221397	0.001298524963483781	0.0019582594207376374	0.92503798	58.99998474	0.92354828	0.1025709418409192	0.0426448	0.0001
0.1304	-0.0029	0.2316	-0.0005864306286700947	0.001254891732183923	0.0020996310901491783	0.93074393	59.36391449	0.9264917	0.052670107212763696	0.0436143	0.00017
0.1292	0.066	0.2694	-0.0011013027580084218	0.0014154620233674013	0.002124065699677099	0.98214793	62.6425209	0.96135921	0.14289385150248626	0.0422887	0.0001
0.1342	0.0794	0.2656	-0.0011623892818282235	0.001541125729510993	0.0022444934180647076	0.95525962	60.92755508	0.94067667	0.03755889741755008	0.0419129	0.00014
0.1287	-0.0444	0.2247	-0.0007993607974134029	0.0015114551322270892	0.0021851522234969008	0.97014081	61.87669373	0.96020077	0.19280201381332657	0.0422221	0.00013
0.1268	-0.0219	0.2224	-0.0006213372137099814	0.001553343034274953	0.002141518992197042	0.93224555	59.45969009	0.92257198	0.03987723585255725	0.0431213	0.00016
0.1269	-0.0157	0.2188	-0.0005515240436302081	0.001244419756671957	0.0019041542139258136	0.95344454	60.81178665	0.93465267	0.040705061297699914	0.0433324	0.00011
0.1177	0.056	0.2692	-0.0009162978572970229	0.001223475805648025	0.001895427567665842	0.9767282	62.29684448	0.95410535	0.15102222054753595	0.0404478	0.00011
0.1237	0.0354	0.2774	-0.0011379546723003027	0.001228711793404008	0.0018814649336498872	0.96389776	61.47850418	0.92374435	0.04684277183876087	0.0408332	0.00015
0.1416	-0.0417	0.2256	-0.0008779006137531476	0.0013334315485236678	0.00200363798128949	1.00506544	64.10422516	0.97104865	0.17114734306532087	0.0434914	0.00019
0.1544	-0.024	0.1754	-0.0002565634000431664	0.000973893722612836	0.0019861846887695473	0.97813326	62.38646317	0.95079962	0.1306164166070378	0.0478511	0.00022
0.1644	0.0195	0.1921	-0.0002565634000431664	0.0006492624817418905	0.002165953601724963	0.92910558	59.25941849	0.92654803	0.095420007691318	0.0479146	0.00022
0.208	0.0851	0.2496	-0.0005148721293383271	0.00030368728984701333	0.002542944720155738	1.03996956	66.33045197	1.00874239	0.21574375198104065	0.0550042	0.00047
0.2076	0.0832	0.1944	-0.00024260076602721178	0.0006213372137099814	0.0026197392072434887	0.98123544	62.58432388	0.96069054	0.09083578871309168	0.0583945	0.00047
0.1987	0.0573	0.179	-7.67944870877505e-05	0.0006911503837897545	0.00239459173373622	0.96190399	61.35134125	0.94455701	0.07323834612632515	0.0554078	0.0004
0.192	0.0677	0.179	-0.0001658062789394613	0.0006911503837897545	0.0024172810140121463	0.92723352	59.14001846	0.92470393	0.022685053606381844	0.0518819	0.00035
0.1803	0.0412	0.2023	-0.0004049163864626844	0.0006562437987498679	0.002356194490192345	0.93112618	59.38829422	0.92571601	0.0782551608191456	0.0493942	0.00024
0.1912	0.0581	0.2461	-0.0007470009198535729	0.0006702064327658224	0.00266860842629933	0.95978421	61.21613693	0.94076497	0.10502305517569142	0.0476074	0.00017
0.1822	-0.0193	0.2256	-0.0008290313946973065	0.0012199851471440364	0.002780309498426967	0.9516505	60.69736099	0.94026519	0.14407551306747926	0.0458839	0.00018
0.1765	-0.1181	0.2106	-0.0007278022980816354	0.0012112585008840647	0.0027035150113392165	0.94744247	60.42896652	0.93567575	0.12883751149816966	0.0459741	0.00017
0.1647	-0.0758	0.2195	-0.0005480333851262194	0.0010454522219446034	0.0024312436480281013	0.94461727	60.24877167	0.92564085	0.09389232776029961	0.0450671	0.00011
0.1592	-0.027	0.2278	-0.000486946861306418	0.0009354964790689606	0.00238237442897226	0.94595659	60.334198	0.93312286	0.07359557428756429	0.0452474	0.00014
0.1427	0.0553	0.2975	-0.0010454522219446034	0.0008674286382411819	0.0022916173078685546	0.96184391	61.34750748	0.95293054	0.20436651612848347	0.0406308	6e-05
0.1355	0.0725	0.2989	-0.001069886831472524	0.0008342673824532895	0.0022235494670407763	0.93628836	59.71754456	0.92689908	0.03208318530717955	0.0415359	4e-05
0.123	-0.0221	0.2405	-0.0007592182246175333	0.0010384709049366262	0.002234021442552742	0.98741663	62.97856522	0.96407537	0.19176720524251467	0.0426414	0.0001
0.1185	-0.0086	0.2683	-0.0007993607974134029	0.001377064779823526	0.0020350539078253884	0.9335705	59.54419708	0.92199182	0.07468519912050614	0.0400072	9e-05
0.147	0.0389	0.224	-8.726646259971648e-05	0.0017610372152622785	0.0021624629432209744	0.96665508	61.65436935	0.9357238	0.1814737902824012	0.0460791	0.00024
0.149	0.0717	0.2151	-0.00013264502315156904	0.001572541656046891	0.002145009650701031	0.96945333	61.83284378	0.94260856	0.05626637061435916	0.0476572	0.00026
0.1243	0.0987	0.3465	-0.0009599310885968812	0.0017837264955382047	0.0018779742751458986	1.0516057	67.07261658	1.00475673	0.24837531402458787	0.0379938	3e-05
0.1365	0.0876	0.4813	-0.0018256143975860688	0.0033440508468211352	0.001895427567665842	1.04425228	66.60360718	0.99335449	0.2802730476396031	0.0326135	7e-05
0.1158	0.0015	0.4212	-0.0015341444125030156	0.0036425021489121657	0.0016755160819145565	1.01513958	64.74676514	0.98016961	0.20739163864626847	0.0310934	5e-05
0.1066	-0.0155	0.3919	-0.0013055062804917586	0.0030421088862261168	0.001579522973054868	0.95375544	60.83161545	0.93185658	0.10175122517784968	0.0305765	2e-05
0.0996	0.0042	0.3731	-0.0012950343049797925	0.002717477645355171	0.0015166911199830724	0.91625804	58.43998718	0.91344823	0.06539675347273541	0.0319613	2e-05
0.0884	0.0368	0.3804	-0.0017156586547104257	0.0023876104167282427	0.0015079644737231008	0.94037902	59.97845459	0.93227526	0.08906091123087667	0.0318021	3e-05
0.0794	0.1479	0.4623	-0.002015855286053451	0.002036799237077382	0.0015393804002589986	1.02959657	65.66885376	0.99748189	0.2361211868764892	0.0315589	3e-05
0.0765	0.1776	0.4568	-0.002054252529597326	0.002061233846605303	0.0014748032179352085	0.92148596	58.77342987	0.92484189	0.04447045176977932	0.0327371	6e-05
0.06	0.0422	0.3867	-0.0016528268016386303	0.0019198621771937623	0.0013177235852557187	1.00993931	64.41508484	0.97960923	0.2569938515024863	0.0319774	7e-05
0.0707	0.0474	0.3703	-0.001244419756671957	0.0016249015336067207	0.0012897983172238095	0.94186234	60.07305908	0.92706694	0.06886464782928117	0.0324798	3e-05
0.0881	0.1031	0.3562	-0.0011431906600562858	0.001556833692778942	0.0014433872913993105	0.95083725	60.64549255	0.93208129	0.10334429558094754	0.0353701	3e-05
0.0782	0.1327	0.3799	-0.001429424657383356	0.001158898623324235	0.0013892820845874865	0.91184735	58.15866852	0.91178433	0.10011371367968006	0.0351158	3e-05
0.0795	0.1801	0.4333	-0.001748819910498318	0.0008918632477691023	0.001429424657383356	0.96621138	61.62606812	0.94763963	0.13342866007329815	0.0352753	6e-05
0.0758	0.1062	0.3963	-0.0014922565104551516	0.0010122909661567112	0.0013404128655316449	0.96681416	61.66451645	0.95020675	0.13790014551412438	0.0336964	4e-05
0.0863	0.0453	0.3369	-0.0009878563566287904	0.0009878563566287904	0.0016004669240788003	0.94793963	60.4606781	0.93738901	0.1702444410950719	0.0351091	4e-05
0.0983	0.0714	0.3265	-0.0007592182246175333	0.0010105456369047167	0.0016929693744344998	0.94261962	60.12136078	0.92619311	0.06569149313214409	0.0379927	5e-05
0.0883	0.0785	0.3708	-0.0010733774899765126	0.0011379546723003027	0.0016196655458507376	0.96243382	61.38513184	0.93642586	0.08714360646691638	0.0345997	4e-05
0.091	0.1348	0.4119	-0.0013753194505715315	0.0009983283321407565	0.0016859880574265225	0.93782383	59.81547928	0.93204433	0.12549454061651746	0.0338222	2e-05
0.089	0.0908	0.3975	-0.001361356816555577	0.0010995574287564276	0.001635373509118687	0.95362651	60.82339096	0.92694252	0.06869031394697302	0.0341597	4e-05
0.0881	0.0256	0.3455	-0.0009354964790689606	0.0014486232791552935	0.0018360863730980347	0.9890824	63.08480835	0.95574961	0.1668819525932415	0.0352136	6e-05
0.0978	0.0513	0.3448	-0.0007958701389094143	0.0016458454846306526	0.002007128639793479	0.94400549	60.20975113	0.92227092	0.06149454061651746	0.0357417	2e-05
0.0927	0.078	0.3547	-0.0008255407361933179	0.0015690509975429022	0.0018971728969178364	0.93973094	59.93711853	0.91205264	0.05252104136236485	0.0367657	6e-05
0.088	0.1493	0.4139	-0.0011763519158441782	0.0012880529879718153	0.0018622663118779497	0.98086339	62.56059265	0.95299189	0.16853578871309166	0.0356748	5e-05
0.0855	0.1328	0.3791	-0.0008569566627292158	0.0013927727430914749	0.001858775653373961	0.94160974	60.05694962	0.93337458	0.07518028333693051	0.036505	7e-05
0.0905	0.0443	0.3375	-0.000710349005561692	0.001244419756671957	0.0019390607989657003	0.94788802	60.45738602	0.94447457	0.15386228945893896	0.0354255	2e-05
0.0975	0.0865	0.3261	-0.0003944444109507184	0.001218239817892042	0.001963495408493621	0.92774183	59.17243958	0.91849635	0.07892595714594046	0.0382679	7e-05
0.0931	0.1159	0.3369	-0.0005270894341022875	0.0013212142437597075	0.0019774580425095754	0.93775994	59.81140518	0.92478468	0.05707910415175944	0.0384708	5e-05
0.0827	0.17	0.4179	-0.0010471975511965976	0.0011065387457644049	0.00200363798128949	0.98500711	62.82488251	0.95778629	0.1835481776934764	0.0356011	2e-05
0.064	0.1575	0.4201	-0.0009791297103688187	0.0009459684545809266	0.0018413223608540175	0.92235351	58.82876587	0.91012318	0.05294768762233648	0.0351337	6e-05
0.0655	0.0515	0.3484	-0.0004380776422505767	0.0010140362954087054	0.0017645278737662671	0.98805821	63.01948547	0.96877249	0.21349571980168852	0.0353875	4e-05
0.0957	0.0777	0.3031	9.773843811168246e-05	0.0010786134777324957	0.001853539665617978	0.95228601	60.73789215	0.93596308	0.136170252726888	0.0402266	6e-05
0.1334	0.0882	0.272	8.37758040957278e-05	0.0013718287920675431	0.001970476725501598	0.91811639	58.55851746	0.92007705	0.10050575041173104	0.04355	0.00012
0.1179	0.0906	0.4036	-0.0008412486994612669	0.0015515977050229591	0.0017697638615222502	1.07505357	68.56815338	1.01830897	0.2147753140245879	0.0367951	2e-05
0.0787	0.1631	0.5544	-0.0016807520696705393	0.001965240737745615	0.0011536626355682519	1.10614765	70.55136871	1.04341852	0.35596238144429626	0.0304754	3e-05
0.0571	0.156	0.4831	-0.001324704902263696	0.0011274826967883368	0.0012112585008840647	0.95397991	60.84593201	0.94736379	0.16257005368399674	0.0315428	4e-05
0.0509	0.0645	0.3798	-0.0005427973973702365	0.0007470009198535729	0.0013107422682477415	1.00781739	64.27974701	0.97803846	0.264093652459595	0.0340821	5e-05
0.0627	0.0509	0.3387	-0.0002303834612632515	0.0005218534463463045	0.0014259339988793671	0.95089889	60.64942169	0.9339111	0.099137657012294	0.0358615	4e-05
0.0752	0.1011	0.3225	1.7453292519943296e-05	0.00042760566673861073	0.0015899949485668342	0.9400745	59.95903015	0.93080069	0.10420727415391776	0.0386953	5e-05
0.0726	0.136	0.3615	-0.00027576202181510406	0.0005951572749300663	0.0017383479349863521	0.92262554	58.84611511	0.92401699	0.10695599544730104	0.0372915	3e-05
0.0703	0.1467	0.3695	-0.00032637657012293966	0.0006824237375297829	0.0016807520696705393	0.94035012	59.97660828	0.92641709	0.030773843811168242	0.0380188	6e-05
0.0591	0.0533	0.2918	1.9198621771937625e-05	0.0006038839211900379	0.0013927727430914749	0.99804121	63.65621185	0.97347604	0.21790471674068432	0.0381489	7e-05
0.0558	0.077	0.2771	0.000158824961931484	0.0005637413483941684	0.0012531464029319286	0.93856978	59.86305618	0.92536757	0.057669762655748094	0.0388464	0.0001
0.0501	0.1061	0.2748	0.00013264502315156904	0.0006702064327658224	0.0012897983172238095	0.93619144	59.71136475	0.92041219	0.04556484687217252	0.040684	0.00012
0.0414	0.1462	0.3358	-0.0003316125578789226	0.0006335545184739417	0.0011484266478122688	1.00189674	63.90212631	0.9686147	0.14191405823669567	0.0384519	9e-05
0.0482	0.1661	0.3361	-0.00024085543677521747	0.0005183627878423159	0.0011746065865921838	0.93982178	59.94290924	0.92965659	0.03860643952576232	0.0388782	6e-05
0.0476	0.0482	0.2672	5.759586531581287e-05	0.0007714355293814937	0.001228711793404008	1.02967572	65.67389679	0.9763794	0.21768146252210163	0.040401	0.00012
0.0586	0.0511	0.2496	0.00029496064358704166	0.0009756390518648303	0.0013124875974997359	0.96117216	61.30466461	0.93376459	0.057767205242514656	0.0415527	0.00016
0.066	0.0838	0.2483	0.0002530727415391778	0.0007941248096574199	0.0013369222070276565	0.95256495	60.7556839	0.92965601	0.05379183768915975	0.0416235	0.00016
0.0498	0.1281	0.2892	7.330382858376184e-05	0.0007225663103256524	0.001281071670963838	0.95482522	60.89984894	0.9293894	0.1167588974175501	0.0408033	8e-05
0.0479	0.1523	0.3262	-0.00013264502315156904	0.0007557275661135446	0.0011274826967883368	0.95495939	60.9084053	0.9316928	0.08273495408493618	0.039568	7e-05
0.0328	0.0713	0.2587	0.00016231562043547262	0.0008499753457212384	0.0008395033702092724	0.98434544	62.78268051	0.96351812	0.19745938748869	0.040281	0.00012
0.0411	0.0489	0.2405	0.000445058959258554	0.0008569566627292158	0.0010262536001726657	0.90672052	57.83167648	0.91448958	0.07272374428972261	0.0407927	0.0001
0.0416	0.0779	0.2463	0.00046949356878647465	0.0009372418083209549	0.0010297442586766543	0.9308967	59.37366104	0.92063996	0.040710520681182416	0.0417626	0.00014
0.0221	0.1352	0.3128	7.853981633974481e-05	0.0009686577348568529	0.0009913470151327792	0.98299915	62.69681168	0.95912516	0.16633834612632517	0.0387536	8e-05
0.0193	0.1572	0.3375	-0.00018675022996339323	0.0007661995416255106	0.0008866272600131194	0.91971844	58.66069794	0.92150843	0.07812339973270703	0.0375236	7e-05
0.0127	0.0696	0.2808	0.0001361356816555577	0.0008761552845011534	0.0008918632477691023	0.97665697	62.29230118	0.9485979	0.17280388211252884	0.0389315	0.0001
0.0288	0.0866	0.2515	0.0002548180707911721	0.0007173303225696694	0.0011711159280881952	0.95135301	60.67838669	0.9275905	0.09023800156930958	0.0416107	0.00012
0.0189	0.0992	0.2461	0.00012740903539558605	0.0009512044423369096	0.0009337511498169664	0.93249691	59.47572327	0.91875619	0.057832396671702736	0.0410283	0.00015
-0.0066	0.1049	0.3032	-7.155849933176751e-05	0.001085594794740473	0.0006108652381980154	0.96764487	61.71749878	0.93961155	0.12111218993749343	0.0382	0.00012
-0.0148	0.163	0.4812	-0.0009512044423369096	0.0018291050560900572	0.00022689280275926284	1.12566042	71.7959137	1.06032922	0.344656431989674	0.0314018	3e-05
-0.0184	0.1544	0.5293	-0.0015219271077390555	0.002553416695667704	0.00014311699866353502	0.98719913	62.96469116	0.95970796	0.129240505453776	0.0281512	5e-05
-0.04	0.0039	0.4719	-0.0017121679962064373	0.0033807027611130165	-3.665191429188092e-05	1.05583572	67.34241486	1.0031714	0.28936479334340554	0.0256547	2e-05
-0.0413	0.0597	0.4351	-0.0012775810124598492	0.0032480577379614467	2.6179938779914945e-05	0.97257513	62.03195572	0.94508847	0.12540319299849773	0.0279627	4e-05
-0.0435	0.0883	0.4312	-0.001218239817892042	0.0025028021473598684	0.0001291543646475804	0.95769954	61.08317566	0.93522255	0.0800785605518525	0.0277334	2e-05
-0.0306	0.1317	0.4582	-0.0015463617172669759	0.002186897552748895	0.0003787364476827695	0.9272396	59.14040375	0.92447207	0.1279804288510548	0.0284269	3e-05
-0.0122	0.1173	0.4345	-0.001377064779823526	0.001960004749989632	0.0005026548245743669	0.94427794	60.22713089	0.93645534	0.08250540585471552	0.029627	5e-05
-0.0123	0.0199	0.3773	-0.0009599310885968812	0.002089159114637212	0.0006038839211900379	0.97478563	62.17294693	0.9596773	0.1870758576244948	0.0298209	4e-05
-0.0108	0.04	0.3484	-0.0007068583470577034	0.002209586833024821	0.000466002910282486	0.93898606	59.88960648	0.9270348	0.07606907354171696	0.0315788	3e-05
0.0122	0.0563	0.348	-0.0010663961729685354	0.003038618227722128	0.00023911010752322313	0.92137641	58.76644516	0.92576154	0.11047310116837009	0.033293	5e-05
-0.0166	0.0749	0.4148	-0.0020472712125893483	0.004365068459237818	-0.0006736970912698113	1.04414511	66.59677124	1.0004316	0.2752066234964769	0.0314224	4e-05
-0.0799	0.1237	0.6697	-0.0042655846918741415	0.0060964350772161925	-0.0018517943363659836	1.23497105	78.76786804	1.1205107	0.623388867117967	0.0259331	0.00015
-0.0752	0.1534	0.6276	-0.003717551306747922	0.005146975964131278	-0.0015323990832510211	1.03291059	65.88021851	0.97611861	0.1673443875663047	0.0276299	0.00012
-0.0653	0.0751	0.5113	-0.002841396022246768	0.004092797095926702	-0.0009669124056048585	1.0543766	67.2493515	1.00571899	0.32929104151759475	0.0263081	6e-05
-0.055	0.0192	0.4611	-0.002150245638457014	0.0035953782591083183	-0.0005323254218582705	0.98582482	62.87703705	0.95131765	0.19755781021773627	0.0250817	4e-05
-0.0481	0.0544	0.4578	-0.0018971728969178364	0.0032567843842214186	-0.00032812189937493397	0.93662894	59.73926926	0.9203066	0.08519350694547073	0.027217	1e-05
-0.0339	0.1999	0.4619	-0.00047123889803846896	0.0023387411976724015	-0.00012740903539558605	1.0815078	68.97980499	1.02457797	0.29103450247038654	0.0333001	0.00015
-0.0038	0.2066	0.5074	-0.00038048177693476387	0.0019006635554218248	-3.665191429188092e-05	0.97296506	62.05682755	0.96274835	0.11327959422289934	0.0333118	0.00016
-0.0032	0.0267	0.5174	-0.0007644542123735164	0.001998401993533507	0.00015533430342749534	1.03436697	65.97311401	1.0011188	0.22418485456349055	0.0247806	3e-05
0.0012	-0.004	0.4602	-0.00035081117965086024	0.0023073252711365037	0.0003089232776029963	0.91145217	58.13346481	0.91656777	0.13610776422505763	0.0267286	5e-05
-0.009	0.0354	0.4509	-0.00032812189937493397	0.0024801128670839424	0.000322885911618951	0.94803578	60.46680832	0.94191412	0.06937197551196596	0.02853	6e-05
-0.0225	0.0806	0.4403	0.0004310963252425994	0.0028640853025226946	0.00011170107212763708	1.03143466	65.78608704	0.98938804	0.13701877497737996	0.0341773	9e-05
0.0548	0.1303	0.3873	0.00021642082724729686	0.0020629791758572974	0.0010629055144645468	1.1389879	72.64595795	1.08497026	0.2783493033498805	0.0416386	0.00018
0.0814	0.2894	0.3695	0.00048520153205442357	0.001656317460142619	0.00119729586686811	1.08128202	68.96540833	1.03564246	0.2439916386462684	0.0530248	0.00042
0.0777	0.3234	0.3755	0.00042760566673861073	0.0015219271077390555	0.0011850785621041497	0.90952241	58.01038361	0.91943831	0.05391017612416686	0.0548737	0.00038
0.0394	0.3955	0.4639	-2.6179938779914945e-05	0.0013369222070276565	0.0010053096491487337	1.02224946	65.20024109	0.98766186	0.239727970959267	0.0520658	0.00047
0.0326	0.3714	0.4969	-0.00022340214425527416	0.0013648474750595659	0.0009581857593448868	0.95060688	60.63079834	0.94189792	0.07751356816555581	0.0467276	0.00046
0.0226	0.14	0.4458	-0.00014660765716752367	0.0017278759594743865	0.0008290313946973065	1.08582699	69.2552948	1.04793407	0.3209488668075076	0.034408	4e-05
0.0054	0.0555	0.4325	2.96705972839036e-05	0.002008873969045473	0.0007400196028455958	0.94746828	60.43061447	0.93581613	0.14231440279371124	0.0329931	0.0001
0.0081	0.0292	0.4255	0.00021642082724729686	0.0021380283336930534	0.0008220500776893293	0.95870268	61.14715576	0.92679058	0.05589675347273535	0.0325867	8e-05
0.0173	0.0339	0.3913	0.0005340707511102648	0.002234021442552742	0.0009704030641088471	0.94043833	59.98223495	0.92640766	0.07619980095710872	0.0348108	0.0001
0.0042	0.0478	0.4041	0.0003106686068549907	0.001891936909161853	0.0009721483933608416	0.92228866	58.82462692	0.9187243	0.06816160034490791	0.0346327	7e-05
0.0001	0.1375	0.4632	-0.00022340214425527416	0.0016406094968746698	0.000879645943005142	0.99686658	63.58129501	0.97302685	0.19679503068765733	0.0361058	0.00013
0.0045	0.1196	0.4151	-2.4434609527920616e-05	0.0017645278737662671	0.0008831366015091308	0.95602316	60.97625351	0.94799238	0.08671882850614697	0.0382994	0.00017
0.0129	0.0832	0.3988	8.726646259971648e-06	0.0018657569703819383	0.000890117918517108	0.93666232	59.74139786	0.92700903	0.06816858347057707	0.0379651	0.00012
0.0222	0.1285	0.3985	2.792526803190927e-05	0.001980948701013564	0.0008656833089891874	0.9135468	58.26706314	0.90866597	0.06284124809657418	0.0399559	9e-05
0.0256	0.1328	0.3927	4.71238898038469e-05	0.0018308503853420514	0.0007661995416255106	0.93951911	59.92360687	0.92984189	0.026939035240356388	0.0404612	0.00013
0.0197	0.1712	0.3918	0.00014660765716752367	0.0017872171540421933	0.0008150687606813518	0.94605994	60.34078979	0.93299208	0.05479931088596881	0.0418583	0.00012
0.0038	0.1869	0.4137	1.0471975511965975e-05	0.001673770752662562	0.0006387905062299246	0.92856312	59.22481918	0.92269857	0.07479301687433085	0.0409697	0.00017
0.0081	0.1808	0.3914	0.00011170107212763708	0.0014800392056911916	0.0007068583470577034	0.94309103	60.15142822	0.92423128	0.05085142422074102	0.0421113	0.00014
0.0083	0.0596	0.2966	0.0005026548245743669	0.0015603243512829306	0.0007592182246175333	1.01934838	65.01520538	0.99140273	0.242379938779915	0.0414248	0.0001
0.0098	0.0457	0.271	0.0007539822368615504	0.0015655603390389136	0.0007417649320975902	0.93382162	59.560215	0.92743574	0.05470083462815545	0.043204	0.00018
0.011	0.0845	0.2755	0.0007243116395776468	0.001541125729510993	0.0006597344572538566	0.93699151	59.76239395	0.92418742	0.05130678408277791	0.0423895	0.00013
0.0035	0.1067	0.2941	0.000705113017805709	0.0012426744274199627	0.0005044001538263612	0.92286384	58.86131287	0.91853387	0.07194921136452312	0.0420093	0.0002
-0.0094	0.1682	0.3569	0.0002652900463031381	0.0012304571226560022	0.00040666171571467877	0.9830541	62.70031738	0.96545361	0.1646889357189107	0.0398884	8e-05
0.0074	0.1239	0.3162	0.0002443460952792061	0.001387536755335492	0.0005916666164260777	0.95519871	60.92366791	0.94512188	0.11995142422074104	0.039995	0.00014
0.0263	0.0696	0.2786	0.0004188790204786391	0.0015917402778188286	0.0007330382858376184	0.94379121	60.19608688	0.93272921	0.13680540585471548	0.0395608	0.0001
0.0285	0.0977	0.2776	0.0005166174585903216	0.0014154620233674013	0.0005742133239061344	0.90266526	57.57302475	0.91073756	0.052942082724729694	0.0402104	0.00012
0.0289	0.1334	0.2723	0.0006876597252857658	0.0013194689145077131	0.0006579891280018621	0.93653083	59.73300934	0.9287551	0.05894055898254302	0.0419968	0.00017
-0.0018	0.1659	0.3574	0.0003211405823669566	0.001335176877775662	0.0005358160803622592	0.9929738	63.33300781	0.96906049	0.17352000769131806	0.0379145	7e-05
0.0102	0.1891	0.4153	3.4906585039886588e-06	0.0016179202165987434	0.0003944444109507184	0.96001184	61.23065567	0.95043476	0.13018824660487952	0.0363436	5e-05
0.0215	0.0902	0.3496	0.00015184364492350666	0.0019861846887695473	0.0005724679946541401	1.00302684	63.9742012	0.96248879	0.2106320521146872	0.0367589	7e-05
0.0372	0.0961	0.3283	0.0004310963252425994	0.002057743188101315	0.0003944444109507184	0.96295816	61.41857529	0.93684473	0.06934173816771413	0.0385805	9e-05
0.0323	0.1074	0.3337	0.000640535835481919	0.0021327923459370708	0.00011693705988362007	0.94277954	60.13156128	0.92464767	0.04969980095710871	0.0380937	7e-05
0.0239	0.1214	0.328	0.000635299847725936	0.0020106192982974674	4.363323129985824e-05	0.94522142	60.28730774	0.92167335	0.038135643198967395	0.0393494	0.0001
-0.0053	0.1561	0.3967	0.0002199114857512855	0.0017819811662862105	-0.00012042771838760874	0.98729259	62.97065353	0.9590293	0.1730043721836687	0.0361764	6e-05
-0.0071	0.2016	0.4816	-0.00039793506945470715	0.0018570303241219666	-8.726646259971648e-05	0.98862368	63.05555344	0.96308647	0.16850284844148203	0.0338275	3e-05
0.0379	0.0969	0.5387	-0.0018814649336498872	0.0035360370645405115	0.00035604716740684323	1.07861853	68.7955246	1.01940402	0.3870925117310142	0.0277979	4e-05
0.0954	-0.0223	0.5659	-0.002649409804527392	0.005122541354603357	0.0006789330790257941	1.06764925	68.09589386	1.02233146	0.33776675362796504	0.0256675	2e-05
0.167	-0.0195	0.6352	-0.003412118687648914	0.006045820528908357	0.001499237827463129	1.03043413	65.72226715	0.99422726	0.26901464029319294	0.0261388	6e-05
0.1528	-0.0145	0.5564	-0.0026878070480712674	0.004389503068765739	0.001520181778487061	1.02148092	65.15122223	0.98062334	0.2180786525372098	0.0269456	4e-05
0.1361	0.0074	0.5024	-0.0022636920398366456	0.0037384952577718534	0.001637118838370681	0.98103726	62.57168198	0.95553225	0.1522029939556064	0.0285444	3e-05
0.1135	0.0612	0.5083	-0.0022933626371205488	0.0033231068957972035	0.0016720254234105676	0.96323037	61.43593979	0.94757069	0.106298277214922	0.0283188	4e-05
0.095	0.0448	0.5325	-0.0024870941840919192	0.002820452071222836	0.0013421581947836393	0.95889825	61.15962982	0.93851747	0.11041268000863332	0.0276275	6e-05
0.1042	0.0901	0.572	-0.0018413223608540175	0.00209614043164519	0.0013578661580515882	1.00361788	64.01190186	0.98725915	0.1632895713041748	0.0287769	8e-05
0.1689	0.2116	0.7438	-0.0011571532940722405	0.0013456488532876281	0.0016406094968746698	1.22124279	77.89226532	1.16861597	0.44387019919812104	0.0412534	0.00281
0.2372	0.1904	0.987	-0.002078687139125246	0.0003001966313430247	0.0018849555921538759	1.30650496	83.3303833	1.21847699	0.4432666081138408	0.051096	0.00763
0.2368	-0.1067	0.9349	-0.0027558748888990466	0.0001972222054753592	0.0017732545200262388	1.2274009	78.28503418	1.15748568	0.3941931623884552	0.0404863	0.00277
0.242	-0.2158	0.8806	-0.0034033920413889425	0.00037524578917878077	0.0017697638615222502	0.97823519	62.39296341	0.97342773	0.2100515697348652	0.0385249	0.00201
0.2223	-0.2223	0.7789	-0.003438298626428829	0.0007871434926494425	0.001609193570338772	1.06109798	67.67804718	1.0126886	0.15826872898470135	0.0346895	0.00081
0.2034	-0.1707	0.7671	-0.0032498030672134413	0.0015603243512829306	0.001462585913171248	0.9972477	63.60560226	0.96765815	0.13771420375082002	0.0306506	0.00044
0.189	-0.0844	0.7686	-0.0034033920413889425	0.0018099064343181197	0.0013473941825396225	0.97702032	62.31547546	0.95527342	0.12811813939211572	0.0298244	0.00024
0.1828	0.0193	0.7748	-0.0034574972482007667	0.0017243853009703976	0.001281071670963838	1.01342988	64.6377182	0.97946013	0.12639744258676663	0.0312363	0.00024
0.1807	0.1143	0.7804	-0.0038100537571036214	0.0017208946424664088	0.0015132004614790836	1.00331402	63.99251556	0.97232287	0.13210879789610439	0.0324424	0.00026
0.1761	0.158	0.7852	-0.003703588672731967	0.0021799162357409173	0.0016196655458507376	0.98179227	62.61983871	0.94351204	0.08669758810089086	0.0336884	0.00038
0.173	0.1355	0.7929	-0.003939208121751202	0.0027192229746071652	0.0016458454846306526	0.99804312	63.65633392	0.95952251	0.07335530633326992	0.0327863	0.0004
0.1661	0.0812	0.7905	-0.003876376268679406	0.002450442269800039	0.001500983156715123	0.97047967	61.8983078	0.94211064	0.08742374428972265	0.0288385	0.00014
0.1641	-0.0108	0.7895	-0.0037297686115118824	0.002324778563656447	0.0013543754995475996	0.99857312	63.69013977	0.94789988	0.11594395102393192	0.0280524	0.00031
0.1506	-0.0168	0.8312	-0.004068362486398782	0.0026808257310632897	0.0014782938764391971	1.00714111	64.23661804	0.96234394	0.10212797095926704	0.0274688	0.00032
0.1487	-0.0598	0.8482	-0.004349360495969869	0.0027890361446869386	0.0014870205226991688	0.96780509	61.72771835	0.94408161	0.0817967534727353	0.0254942	0.00027
0.1447	-0.1706	0.8154	-0.003895574890451344	0.0028710666195306722	0.0014538592669112763	1.01769435	64.90971375	0.96231251	0.1760488668075075	0.0270765	0.00058
0.1433	-0.1269	0.8274	-0.0038030724400956446	0.002825688058978819	0.0013212142437597075	0.9968943	63.58306122	0.95404288	0.07062630170295604	0.0281002	0.00057
0.142	-0.0751	0.8344	-0.0037437312455278365	0.002712241657599188	0.0011903145498601325	0.97844821	62.40654755	0.94684267	0.07528436449235075	0.0287242	0.00062
0.1397	-0.0337	0.8434	-0.003855432317655474	0.0027401669256310974	0.0011571532940722405	0.95694894	61.03530121	0.92584797	0.061339379797371966	0.0310892	0.00083
0.1293	0.0335	0.8442	-0.0037594392087957856	0.0026040312439755396	0.0010175269539126942	0.9746905	62.16687775	0.94485897	0.09698775653373953	0.0329753	0.00097
0.1221	0.089	0.8628	-0.004071853144902771	0.002541199390903744	0.0009756390518648303	0.9483847	60.48906326	0.93177434	0.10215668456133226	0.0344644	0.0013
0.113	0.1055	0.876	-0.004199262180298357	0.0022270401255447643	0.0009616764178488756	0.92178154	58.7922821	0.91625558	0.061576546738526	0.0356981	0.00119
0.1075	0.0416	0.8642	-0.0042324234360862495	0.0023439771854283846	0.0008255407361933179	0.95320374	60.79642868	0.94122888	0.09551169986635356	0.0336002	0.001
0.1001	0.0305	0.869	-0.004185299546282402	0.0023265238929084412	0.0007731808586334879	0.9268077	59.11285782	0.92407322	0.029146852994181068	0.0327392	0.00092
0.0936	-0.0146	0.8613	-0.004167846253762459	0.002234021442552742	0.0006073745796940267	0.91729438	58.50608826	0.9211033	0.07308810109075521	0.0310175	0.00078
0.0903	-0.0344	0.8456	-0.004017747938090946	0.002169444260228951	0.0005689773361501514	0.93713826	59.7717514	0.92957985	0.05145363707695887	0.0300909	0.00064
0.0941	-0.0411	0.8414	-0.003984586682303054	0.0021048670779051613	0.0006387905062299246	0.95013875	60.6009407	0.93761086	0.023077580409572727	0.0298585	0.00054
0.1032	-0.0287	0.8614	-0.004169591583014453	0.001595230936322817	0.0008883725892651138	0.94532335	60.29380798	0.93128495	0.08871115626644659	0.0294574	0.0004
0.0744	0.0341	0.78	-0.0033021629447732717	0.0008185594191853405	0.0008848819307611251	1.03398705	65.94888306	1.00019854	0.2553795406941324	0.0313441	0.00032
0.0705	0.0165	0.6903	-0.0026162485487395003	0.00035430183815484887	0.0006213372137099814	1.04442	66.61430359	1.00939795	0.18188583470577033	0.0298477	0.0002
0.0905	0.0505	0.7681	-0.003745476574779831	0.000307177948351002	0.0006527531402458793	0.97514528	62.1958847	0.96832249	0.19218839211900376	0.0283949	0.00013
0.0768	0.0979	0.7847	-0.004485496177625427	0.0001361356816555577	0.0005427973973702365	0.96457058	61.52141953	0.95709212	0.12875088062083406	0.0284606	0.00013
0.061	-0.0001	0.7439	-0.0043877577395137445	0.0006335545184739417	0.0002670353755551324	0.95395303	60.84421921	0.95416366	0.1981459648372585	0.0231711	5e-05
0.048	0.0481	0.7227	-0.004309217923174	0.0007923794804054256	0.00018151424220741024	0.92983001	59.30562592	0.92662288	0.09854429558094753	0.0237179	7e-05
0.0393	0.0548	0.6825	-0.004059635840138811	0.0008220500776893293	0.00012042771838760874	0.94729269	60.41941452	0.93441203	0.07261696020694473	0.023037	3e-05
0.034	0.0668	0.6847	-0.004146902302738527	0.0009250245035569946	0.0001605702911834783	0.94148868	60.04922867	0.93369973	0.031019173063162528	0.0225002	5e-05
0.0182	0.0607	0.7233	-0.0049672070511758626	0.0005672320068981572	0.00029321531433504735	0.93169624	59.42465591	0.9288997	0.1260371134123872	0.0206124	5e-05
0.0082	0.0671	0.7474	-0.005468116546498235	0.0006073745796940267	0.0003612831551628262	0.95702517	61.04016495	0.93402819	0.07095599544730095	0.021777	0.0001
0.0095	0.0222	0.7209	-0.005054473513775579	0.0004188790204786391	0.0005637413483941684	0.95558745	60.94846344	0.94575903	0.11292983925846926	0.0206419	4e-05
0.039	0.0083	0.6103	-0.003824016391119576	0.00020769418098732522	-0.0005410520681182421	1.05248153	67.128479	1.01501369	0.28132176893298644	0.0230441	4e-05
0.0159	0.0329	0.5938	-0.004073598474154764	-0.00035430183815484887	-0.0006178465552059926	0.97471541	62.16846848	0.96432404	0.1086186294632556	0.0239063	4e-05
0.0318	0.0102	0.5524	-0.004848524662040247	0.0008237954069413235	-0.0008709192967451704	1.03162122	65.79798126	1.0121683	0.19030480872604164	0.0263732	9e-05
0.0175	0.1212	0.5908	-0.004995132319207771	0.0010524335389525807	-0.0008028514559173916	1.01693797	64.86147308	0.9899598	0.185865681500328	0.0276662	6e-05
0.0171	0.1266	0.6101	-0.005537929716578008	0.0009896016858807848	-0.000804596785169386	0.93500459	59.63566589	0.93779618	0.05546872898470136	0.0270641	0.0001
-0.012	0.0695	0.6007	-0.005295328950550796	0.0012601277199399059	-0.0011013027580084218	0.95579779	60.96187973	0.94915632	0.1360916386462684	0.0248535	9e-05
-0.0266	0.0828	0.5866	-0.004892157893340105	0.0010332349171806431	-0.001446877949903299	0.92488241	58.99006271	0.93027389	0.09078195259324154	0.0252027	6e-05
-0.0301	0.0923	0.5909	-0.004831071369520303	0.0008203047484373349	-0.0014695672301792255	0.9517141	60.70141602	0.93046283	0.03213529864195179	0.0259489	0.0001
-0.0299	0.1232	0.6631	-0.005464625887994246	0.00039793506945470715	-0.001356120828799594	0.9924494	63.29956055	0.960857	0.16176852994181012	0.0244889	8e-05
-0.0278	0.1072	0.6889	-0.005728170605045389	4.886921905584123e-05	-0.0013369222070276565	0.95440334	60.87294006	0.94090152	0.07549045946109728	0.0226221	4e-05
-0.041	-0.0239	0.6701	-0.005532693728822024	0.000783652834145454	-0.0014782938764391971	1.00077987	63.83089066	0.98420371	0.21668160803622585	0.0199588	4e-05
-0.045	-0.0326	0.6912	-0.005311036913818745	0.0010890854532444615	-0.0014765485471872027	0.95623165	60.98955154	0.94819923	0.06024173816771405	0.0193448	5e-05
-0.0435	0.0064	0.6852	-0.005225515780471023	0.0009180431865490173	-0.0015690509975429022	0.96091402	61.28819656	0.94676913	0.06395329251994332	0.0202963	5e-05
-0.072	0.1064	0.6902	-0.005085889440311476	-0.0008150687606813518	-0.000619591884457987	1.09050238	69.55348969	1.05396287	0.27460987002374154	0.0226927	5e-05
-0.1069	0.1277	0.8011	-0.00620813614934383	-0.0020210912738094335	-0.0003385938748868999	1.06506264	67.93091583	1.01132646	0.29756336158657615	0.0248437	0.0001
-0.1198	0.0353	0.7973	-0.006021385919380436	-0.0016755160819145565	-0.000661479786505851	0.99796802	63.65154648	0.98074499	0.1518605666738611	0.0205705	7e-05
-0.1364	-0.0398	0.7901	-0.005890486225480862	-0.000726056968829641	-0.0009442231253289323	0.99092418	63.20228195	0.98543372	0.1670551072903785	0.0175042	4e-05
-0.1202	0.0135	0.7381	-0.005208062487951079	-0.0006178465552059926	-0.0008813912722571365	0.96649766	61.64432907	0.95618129	0.1641733002112614	0.0186452	4e-05
-0.1027	0.059	0.7368	-0.005096361415823441	-0.0011065387457644049	-0.00032463124087094524	0.93732315	59.78354645	0.94574391	0.12215766470361202	0.0203846	7e-05
-0.1044	0.1307	0.7695	-0.005160938598147233	-0.002015855286053451	-0.00030194196059501896	0.96550179	61.58081055	0.96651892	0.15592915014443817	0.0249095	0.00012
-0.1168	0.0655	0.7472	-0.004904375198104066	-0.0016632987771505957	-0.00039269908169872416	0.96294451	61.41770554	0.96329735	0.1348938515024863	0.0215839	8e-05
-0.1233	-0.0424	0.7446	-0.005190609195431136	-0.0015585790220309364	-0.00042935099599060504	0.97457075	62.15924072	0.97309802	0.13838028333693045	0.0189739	8e-05
-0.1231	-0.0141	0.7361	-0.0051277773423593406	-0.0015306537539990272	-0.0003438298626428829	0.93454748	59.60651016	0.93988967	0.04581391272257142	0.0196645	0.00013
-0.1318	0.0251	0.754	-0.005330235535590682	-0.001593485607070823	-0.00017104226669544429	0.94377452	60.19502258	0.93890976	0.08770388211252883	0.0205175	0.0001
-0.1322	0.0999	0.7901	-0.005489060497522166	-0.0018657569703819383	-0.00016231562043547262	1.00106204	63.84888458	0.96906083	0.13329114857512858	0.0249376	0.00012
-0.1339	0.0915	0.7552	-0.005321508889330711	-0.0018744836166419098	-0.0002181661564992912	1.00143576	63.87271881	0.97997223	0.05660643952576231	0.0240696	0.00016
-0.1423	-0.0025	0.7234	-0.005009094953223725	-0.0016179202165987434	-0.0002617993877991494	1.00227129	63.92601013	0.98293078	0.16483052837250048	0.0204358	5e-05
-0.1575	0.0299	0.7127	-0.004752531553180559	-0.0015707963267948967	-0.00030194196059501896	0.92310381	58.87662125	0.92998526	0.07549149313214418	0.0216059	5e-05
-0.1718	0.0694	0.7804	-0.005103342732831419	-0.0021223203704251047	-0.0001972222054753592	0.98824877	63.0316391	0.96831655	0.17185274892003644	0.0241395	7e-05
-0.1449	0.1344	0.822	-0.005265658353266893	-0.0025237460983838006	2.4434609527920616e-05	0.99367559	63.37776947	0.97428875	0.17276990816987242	0.026241	0.00016
-0.1359	0.0348	0.7823	-0.005138249317871306	-0.0022898719786165604	0.00012740903539558605	0.97549629	62.21827316	0.96931569	0.1715128790515246	0.0216022	4e-05
-0.1428	-0.0254	0.7868	-0.005103342732831419	-0.0021223203704251047	0.00034208453339088857	0.97257143	62.03172302	0.94588388	0.09245668456133233	0.0212607	0.00012
-0.1483	0.0283	0.7798	-0.005054473513775579	-0.0025987952562195565	0.00040840704496667313	0.98611552	62.89558029	0.95191697	0.0957833308213038	0.0228468	8e-05
-0.1322	0.0614	0.8868	-0.006012659273120465	-0.0026005405854715507	0.000635299847725936	1.0058465	64.1540451	0.97783331	0.21554119456780707	0.0239675	9e-05
-0.1101	0.1075	1.0039	-0.00693768377667746	-0.002933898472602468	0.0007173303225696694	0.9975183	63.62285995	0.98230409	0.2523206432765823	0.0277611	0.00013
-0.1135	-0.0132	1.0074	-0.00740543201621194	-0.0014154620233674013	0.0006422811647339132	1.02839506	65.59221649	1.00142688	0.23066169233026515	0.0235325	5e-05
-0.1177	-0.0029	1.0017	-0.007059856824317063	-0.002363175807200322	0.0007086036763096977	0.97599697	62.25020599	0.95573767	0.08818057436517913	0.0225056	4e-05
-0.121	-0.0059	0.9581	-0.006773622826989993	-0.0026127578902355115	0.0007557275661135446	0.93640089	59.72472382	0.93598153	0.0790469985083054	0.0203937	7e-05
-0.117	0.0448	0.9677	-0.006894050545377602	-0.0027279496208671367	0.0007382742735936014	0.94045448	59.98326492	0.93559354	0.07695363707695893	0.0226684	5e-05
-0.1142	0.0298	0.938	-0.0066374871453344355	-0.002637192499763432	0.0007400196028455958	0.95631593	60.99492645	0.94669488	0.06495329251994336	0.0219058	4e-05
-0.1153	-0.0531	0.866	-0.006140068308516051	-0.0025080381351158514	0.0007138396640656808	0.97780532	62.36554337	0.96064476	0.188637657012294	0.0177506	2e-05
-0.1124	-0.0506	0.8322	-0.005677556056737554	-0.002064724505109292	0.0007853981633974483	0.92647439	59.09159851	0.92827603	0.0880692190558411	0.018253	4e-05
-0.1207	0.008	0.8523	-0.005501277802286126	-0.0021153390534171274	0.0007749261878854823	0.95564681	60.95225143	0.94992694	0.09886823891356136	0.0202876	5e-05
-0.1343	0.072	1.0045	-0.006574655292262638	-0.0018360863730980347	0.0006562437987498679	1.04927588	66.92401886	1.00981411	0.303365627971561	0.0238372	6e-05
-0.0837	0.1057	1.1002	-0.007763224512870777	-0.0008377580409572782	0.0007853981633974483	0.99703926	63.59230804	0.98100741	0.2958025958698239	0.0263508	0.00011
-0.1104	0.0265	0.99	-0.0072850042978243315	-0.0011047934165124105	0.000598647933434055	1.04566967	66.69400787	1.00195794	0.26270029102824866	0.0212192	6e-05
-0.1184	-0.0229	0.9141	-0.006504842122182866	-0.0013997540600994523	0.0006283185307179585	0.98738849	62.97677231	0.96245635	0.18853967082562048	0.0182164	4e-05
-0.1082	-0.0109	0.8459	-0.00602662190713642	-0.0015376350710070042	0.0007417649320975902	0.95566821	60.95361328	0.94119497	0.1268773813666815	0.0174171	3e-05
-0.1158	0.0368	0.9003	-0.006304129258203518	-0.0015550883635269475	0.0007330382858376184	0.97181952	61.98376465	0.94914158	0.12488436449235064	0.0201148	3e-05
-0.1028	0.0692	0.9692	-0.006370451769779303	-0.0020350539078253884	0.0009023352232810684	0.98166257	62.61156464	0.95774322	0.1500792496658837	0.0230195	5e-05
-0.094	0.0155	1.0005	-0.006630505828326458	-0.0012461650859239514	0.0010890854532444615	0.9603532	61.25242996	0.94683656	0.15558465552059927	0.0208369	6e-05
-0.0972	-0.0364	1.0703	-0.00738099740668402	-0.00021467549799530252	0.0013037609512397642	0.96107745	61.29862213	0.94900877	0.22473283321407575	0.0224776	5e-05
-0.0715	-0.0471	1.1129	-0.00803025988842591	0.001614429558094755	0.0013718287920675431	1.00281298	63.96055984	0.97856378	0.20632176893298632	0.024148	5e-05
-0.0656	-0.0299	1.0902	-0.008229227423153265	0.002570869988187647	0.0012601277199399059	0.98035765	62.52833557	0.96330225	0.10915545184739411	0.0211678	4e-05
-0.0908	-0.0212	1.055	-0.007319910882864217	0.0005811946409141118	0.0011222467090323538	1.02605796	65.44315338	0.98051217	0.2209436449235068	0.0211542	6e-05
-0.0735	0.0711	1.0605	-0.006990043654237291	-0.0004956735075663896	0.001186823891356144	1.00486577	64.0914917	0.97108657	0.18866562797156097	0.0235517	5e-05
-0.0623	0.051	1.0353	-0.0067648961807300215	-0.0006841690667817771	0.001129228026040331	0.95083195	60.64515305	0.93399267	0.0800619449019234	0.0212238	2e-05
-0.0686	-0.0716	0.9886	-0.006503096792930871	-0.0005515240436302081	0.0012164944886400475	0.96408039	61.49015427	0.95398273	0.19968554367752184	0.0171008	3e-05
-0.0691	-0.0765	0.9601	-0.0061959188445798695	-0.00038397243543875244	0.001282817000215832	0.92460889	58.97261429	0.92499204	0.060952603405912166	0.017036	3e-05
-0.0801	-0.0478	0.923	-0.006161012259539982	-0.0005358160803622592	0.0010960667702524388	0.95271063	60.7649765	0.94054276	0.09547502299633928	0.0167227	3e-05
-0.0892	0.0063	0.9688	-0.006319837221471467	-0.0007557275661135446	0.0010803588069844899	0.98304939	62.70001602	0.96252387	0.12872222054753593	0.0187647	4e-05
-0.0787	0.0607	1.0306	-0.006729989595690135	-0.0007906341511534313	0.0010349802464326373	0.95786518	61.09373856	0.9427243	0.1512218759905203	0.0228763	5e-05
-0.0636	0.0027	1.1102	-0.007236135078768491	0.0004415683007545654	0.001129228026040331	1.01264417	64.58760834	0.97984986	0.24432978572970243	0.0238576	7e-05
-0.049	0.0166	1.1116	-0.007024950239277177	0.0007417649320975902	0.0013142329267517303	0.96645039	61.64131546	0.94833102	0.06471931857728673	0.023496	4e-05
-0.0416	-0.0078	1.038	-0.006452482244623035	0.0006283185307179585	0.001192059879112127	0.94163322	60.05844879	0.93164852	0.1458043721836687	0.0214714	3e-05
-0.0469	-0.0376	1.0049	-0.006719517620178169	0.001658062789394613	0.0008482300164692441	0.98405415	62.76410294	0.96326217	0.15023047484373364	0.0202901	2e-05
-0.0715	0.0034	1.0393	-0.006834709350809794	0.0016842427281745281	0.0006754424205218055	0.97455871	62.15847397	0.95590297	0.11570796326794892	0.0193077	4e-05
-0.0639	0.0546	1.0926	-0.007127924665144842	0.00022165681500327985	0.0008325220532012951	1.00006008	63.78497696	0.95513937	0.20774404300928936	0.023948	7e-05
-0.0547	0.0369	1.0876	-0.007194247176720626	-0.000158824961931484	0.0007661995416255106	0.95979506	61.21683121	0.93706734	0.05755634000431674	0.0230347	7e-05
-0.0532	-0.0794	0.9832	-0.006731734924942128	-6.981317007977319e-05	0.0008709192967451704	1.02363026	65.28831482	0.99427918	0.2550121899374934	0.0167692	2e-05
-0.0566	-0.1344	0.9265	-0.006440264939859076	-0.00020769418098732522	0.0009197885158010115	0.93067366	59.35943222	0.93535791	0.13901101075232217	0.0150993	2e-05
-0.0525	-0.0795	0.9194	-0.0063896503915512395	-0.0006527531402458793	0.0012147491593880533	0.92600352	59.0615654	0.92469127	0.1056317075576716	0.0172687	4e-05
-0.0396	0.0034	0.9446	-0.005860815628196958	-0.0010297442586766543	0.0014765485471872027	0.97231758	62.01552963	0.95824459	0.17938126347921027	0.0194439	2e-05
-0.0156	0.05	0.9455	-0.005572836301617893	-0.0011571532940722405	0.001637118838370681	0.93882453	59.87930679	0.93325305	0.10029793265790649	0.0210346	5e-05
-0.0279	-0.0399	0.8978	-0.005396558047166466	-0.0008848819307611251	0.0014573499254152652	0.94963461	60.56878662	0.94330005	0.18131592653589787	0.0170441	2e-05
-0.0359	-0.0687	0.8446	-0.005122541354603357	-0.0006422811647339132	0.0011903145498601325	0.92881995	59.24120331	0.92354499	0.12918264170727273	0.0166999	4e-05
-0.0486	-0.072	0.8113	-0.0049462631001519295	-0.0007068583470577034	0.001069886831472524	0.95029956	60.61119461	0.93034888	0.06736415775814128	0.0159955	3e-05
-0.0588	-0.0347	0.8514	-0.0053389621818506535	-0.0006003932626860494	0.0012199851471440364	0.94033229	59.9754715	0.93259033	0.12006312408709453	0.0162663	4e-05
-0.0569	0.0303	0.9166	-0.005763077190085277	-0.001059414855960558	0.0013212142437597075	0.93063015	59.35665894	0.934078	0.18131828490624008	0.0186393	3e-05
-0.0577	-0.0067	0.907	-0.005567600313861911	-0.0006894050545377602	0.0011885692206081383	0.95239294	60.74471283	0.94081945	0.08230658503988654	0.018334	1e-05
-0.0658	-0.0916	0.8928	-0.005426228644450371	-0.0007208209810736582	0.001270599695451872	0.97425187	62.13890076	0.95236695	0.1199409035395586	0.0171154	4e-05
-0.0697	-0.0578	0.8951	-0.00506320016003555	-0.0009756390518648303	0.001254891732183923	0.94005841	59.958004	0.92669462	0.07167772592369703	0.0176034	3e-05
-0.0722	-0.0521	0.902	-0.005110324049839397	-0.0010419615634406148	0.0013212142437597075	0.94734257	60.42259598	0.91595001	0.024088445647770792	0.0187725	3e-05
-0.0691	0.012	0.9743	-0.0058538343111889804	-0.001462585913171248	0.001322959573011702	0.98771	62.99727631	0.95464616	0.1977939970166106	0.0218545	7e-05
-0.0735	-0.0122	0.964	-0.005705481324769463	-0.0013439035240356337	0.0012095131716320703	0.93537229	59.65911865	0.92974651	0.057924088846738254	0.0199982	6e-05
-0.0843	-0.0626	0.9878	-0.0055431657043339905	-0.0014608405839192536	0.001350884841043611	0.9222526	58.82232666	0.92751552	0.10603121748653171	0.0206934	3e-05
-0.0721	-0.0354	0.9478	-0.005735151922053367	-0.0006754424205218055	0.0015393804002589986	0.95081186	60.64387131	0.93855704	0.13769399701661064	0.0206033	3e-05
-0.0949	-0.0291	0.9603	-0.005906194188748811	-0.0004537856055185257	0.0014049900478554352	0.93395305	59.56859589	0.92845979	0.06795447170511443	0.020897	3e-05
-0.0834	-0.041	1.1847	-0.007752752537358812	0.001282817000215832	0.0012025318546240932	1.16036427	74.00936127	1.08135966	0.43708095737878505	0.0286326	5e-05
-0.0791	0.0208	1.1728	-0.007853981633974483	0.0015446163880149814	0.0010088003076527223	1.04007924	66.33744812	1.00328862	0.1058380015693096	0.0273072	9e-05
-0.0865	-0.0021	1.1186	-0.007246607054280456	0.00020420352248333657	0.0008831366015091308	0.98337245	62.72062302	0.96460391	0.1881725575684632	0.0238161	4e-05
-0.0854	-0.0805	1.0651	-0.00688532389911763	0.0002600540585471551	0.0009093165402890458	0.95114785	60.66530228	0.94066131	0.15516568150032808	0.0196753	4e-05
-0.0982	-0.0977	1.0466	-0.006581636609270616	0.00033684854563490564	0.0008185594191853405	0.91712183	58.49508286	0.91829567	0.07206194490192343	0.0192696	4e-05
-0.0812	-0.0689	1.0579	-0.005864306286700947	0.0011833332328521555	0.000736528944341607	0.94722247	60.41493607	0.94298065	0.13939227423153266	0.0198302	3e-05
-0.0464	-0.0463	1.0546	-0.006138322979264057	0.0033597588100890844	0.0008848819307611251	0.99969894	63.76194382	0.98278254	0.19063976281097791	0.0193939	3e-05
-0.0522	-0.0318	1.0506	-0.006550220682734718	0.0028379053637427798	0.0009232791743050004	0.94959724	60.56640244	0.9419771	0.07290741966804208	0.018454	1e-05
-0.0441	0.0261	1.0616	-0.006620033852814493	0.0011013027580084218	0.0011082840750163993	0.97457808	62.15970612	0.95301891	0.17657103382627667	0.0204926	1e-05
-0.0303	0.0549	1.0856	-0.006538003377970758	0.0003892084231947355	0.0011955505376161158	0.94032758	59.97517014	0.92936023	0.1106695636128567	0.0228001	4e-05
-0.0144	0.0625	1.0912	-0.006014404602372459	0.0003612831551628262	0.0011693705988362008	0.92500836	58.99809265	0.92066865	0.057985199120506176	0.0238484	5e-05
-0.0226	-0.0749	1.0091	-0.0057246799465414016	0.0005410520681182421	0.0011100294042683937	0.99700922	63.59039307	0.97958879	0.2541417381677139	0.017779	5e-05
-0.0443	-0.1097	1.0162	-0.0057526052145733106	0.0006230825429619757	0.0009948376736367678	0.92019773	58.69126511	0.92747529	0.07485737367536331	0.018443	6e-05
-0.0571	-0.059	1.0125	-0.005653121447209634	0.0007906341511534313	0.0009285151620609833	0.96961325	61.84304428	0.95657506	0.08386789435654589	0.0210273	9e-05
-0.0838	-0.0447	0.9195	-0.004389503068765739	0.0016720254234105676	0.0006562437987498679	1.0967288	69.95062256	1.04466337	0.2548640507006073	0.0231256	0.00016
-0.0911	-0.0067	0.7419	-0.0028763026072866553	0.0015358897417550098	0.0006056292504420323	1.21343541	77.39430237	1.12860647	0.3078975345721239	0.0227166	8e-05
-0.0569	0.1079	0.7491	-0.0031974431896536117	0.0010349802464326373	0.0011065387457644049	1.03515911	66.02363586	0.99102081	0.22214797865058503	0.0271137	6e-05
-0.0412	0.1408	0.7751	-0.0033196162372932147	0.0006719517620178169	0.0012775810124598492	0.94208592	60.08732224	0.93447826	0.1074121899374934	0.0294065	0.00011
-0.0522	0.2164	0.8643	-0.004073598474154764	0.0002583087292951608	0.0012077678423800758	1.00741959	64.25437927	0.97514946	0.2376719219831989	0.0304957	0.00018
-0.0589	0.0882	0.8606	-0.004417428336797647	0.00026878070480712676	0.0011327186845443199	0.98743021	62.97943115	0.96406583	0.16006754979953017	0.0220422	7e-05
-0.0696	-0.0572	0.8544	-0.004544837372193235	0.00041713369122664475	0.0009808750396208131	1.02284253	65.23806763	0.97376482	0.18368028333693057	0.0180578	0.00016
-0.074	-0.0937	0.8584	-0.004417428336797647	0.00039793506945470715	0.0009581857593448868	0.96410012	61.49141312	0.93121559	0.05336484687217258	0.0174438	4e-05
-0.0814	-0.0741	0.8566	-0.004248131399354198	0.000460766922526503	0.0009721483933608416	0.94798332	60.46346283	0.9315082	0.041104571226560034	0.0173667	4e-05
-0.095	-0.0592	0.9002	-0.004523893421169302	0.00013264502315156904	0.0010419615634406148	0.9219014	58.79993057	0.91981354	0.10578485456349054	0.0182633	3e-05
-0.1021	0.0311	1.0045	-0.005242969072990966	-0.00014137166941154068	0.0009616764178488756	1.0030278	63.97426605	0.9744791	0.2553688744988256	0.0231183	7e-05
-0.1033	0.0075	0.9726	-0.004878195259324152	0.00024609142453120044	0.000905825881785057	0.94437927	60.23359299	0.93583159	0.0971043721836686	0.0221883	0.00011
-0.1045	-0.035	0.9591	-0.004562290664713178	0.000307177948351002	0.0009337511498169664	0.92224795	58.82203293	0.91845876	0.07744581932313428	0.0212862	9e-05
-0.1101	0.0055	0.9543	-0.004235914094590238	0.00029845130209103034	0.0009128071987930344	0.94020396	59.96728897	0.92000418	0.06870235837034211	0.0234647	0.0001
-0.0989	0.0157	0.9645	-0.00467224640758882	0.0010925761117484504	0.0008970992355250854	0.94848764	60.49562836	0.93227012	0.09390825429619756	0.0233518	6e-05
-0.1293	0.0149	1.0463	-0.005482079180514189	0.0014643312424232424	0.0007923794804054256	0.98398995	62.76000977	0.95347424	0.177315382935991	0.0256549	6e-05
-0.1893	0.0577	1.1946	-0.006330309196983434	0.00021467549799530252	0.0004014257279586958	1.06188428	67.72819519	1.00574276	0.37554197566719594	0.0349584	0.00024
-0.2012	0.0157	1.2407	-0.006846926655573755	0.0006073745796940267	-7.330382858376184e-05	0.99300456	63.33496857	0.96338458	0.16920230484157492	0.0364235	0.00025
-0.2158	-0.0971	1.1751	-0.006606071218798537	0.0011327186845443199	3.665191429188092e-05	1.00274396	63.95615768	0.97572815	0.23680776422505756	0.029844	8e-05
-0.224	-0.1005	1.1322	-0.006202900161587847	0.0010629055144645468	7.504915783575618e-05	0.94879919	60.51549911	0.92603741	0.08006907354171687	0.0273151	4e-05
-0.2312	-0.0983	1.0967	-0.006028367236388414	0.0011152653920243766	-3.665191429188092e-05	0.94223833	60.09704208	0.92649757	0.06182969374434509	0.0258526	5e-05
-0.2472	-0.0889	1.1979	-0.006510078109938849	0.00047822021504644627	-0.0001972222054753592	1.00329614	63.99137497	0.97140771	0.19056631708559207	0.0310667	8e-05
-0.2243	-0.1317	1.4318	-0.010257300013970674	0.0035046211380046137	-0.0008342673824532895	1.3660028	87.12522888	1.23384889	0.6701334001983962	0.0488444	0.00104
-0.2399	-0.1627	1.443	-0.009969320687391611	0.002410299697004169	-0.0009162978572970229	1.09115481	69.59510803	1.04037464	0.13101656212116217	0.0487124	0.00103
-0.2589	-0.2208	1.3104	-0.008566075968788169	0.002082177797629235	-0.0008342673824532895	1.05584395	67.34294128	1.01682513	0.30036985464110555	0.0384278	9e-05
-0.2114	-0.1762	1.2557	-0.00826762466669714	0.004103269071438669	-0.000614355896702004	1.02869141	65.6111145	0.99613581	0.2737727030825874	0.033878	4e-05
-0.1768	-0.1528	1.1797	-0.007915068157794284	0.0055710909723658995	-0.000445058959258554	1.05055332	67.00549316	1.00690221	0.23348376736367688	0.0281634	3e-05
-0.1939	-0.1398	1.3507	-0.008991936306274786	0.0044820055191214375	-0.0007400196028455958	1.08082116	68.93601227	1.03244661	0.3241457122656003	0.0395797	0.00025
-0.1694	-0.1422	1.5364	-0.010768681484805013	0.005475097863506211	-0.001420698011123384	1.14266729	72.88063049	1.08830467	0.38512579655963936	0.0567758	0.00285
-0.1901	-0.1557	1.5692	-0.010623819156889484	0.004569271981721155	-0.0017139133254584315	0.99000126	63.14341736	0.97529689	0.1341951762017816	0.0584356	0.00306
-0.199	-0.2279	1.4748	-0.009878563566287904	0.0031677725923697077	-0.0011309733552923255	1.01913309	65.0014801	1.00586841	0.3119847475059565	0.0483523	0.00083
-0.194	-0.2335	1.3971	-0.009426523290021374	0.0029269171555944902	-0.0008691739674931761	0.96172208	61.33973694	0.94711258	0.13603475504204496	0.0427552	0.00039
-0.1806	-0.2254	1.3266	-0.009241518389309976	0.002713986986851182	-0.000609119908946021	0.96627861	61.63035965	0.94939674	0.1248994564000931	0.0371997	0.00021
-0.1801	-0.1737	1.3688	-0.009506808435613112	0.0023492131731843676	-0.0005235987755982988	0.9667533	61.66063309	0.95029687	0.13017924966588368	0.0397601	0.00035
-0.1736	-0.1192	1.3538	-0.009253735694073935	0.0017662732030182616	-0.00042935099599060504	0.92164791	58.78376007	0.92678739	0.12251302456564898	0.0387344	0.00041
-0.1814	-0.2	1.2817	-0.009009389598794729	0.002190388211252884	-0.0005881759579220891	0.97117466	61.94263458	0.9598831	0.20206430327226543	0.0351465	0.0002
-0.1782	-0.2255	1.2344	-0.008688249016427773	0.002230530784048753	-0.000466002910282486	0.95960104	61.20445633	0.94023724	0.10017281014012155	0.032325	0.00015
-0.1692	-0.1954	1.1836	-0.008435176274888594	0.0023352505391684127	-0.0003001966313430247	0.96198148	61.35628128	0.9399609	0.11607993877991496	0.0281985	9e-05
-0.1807	-0.1589	1.207	-0.008422958970124635	0.0025324727446437724	-0.0001937315469713706	0.93564981	59.67681885	0.92121562	0.0871952297305487	0.0303861	0.00012
-0.1994	-0.0824	1.2759	-0.008761552845011535	0.00249931148885588	-0.00038571776469074686	1.01298344	64.6092453	0.97872948	0.19228706741970844	0.0348913	0.0002
-0.2153	-0.1187	1.2237	-0.008621926504851989	0.0024591689160600103	-0.0006719517620178169	0.971623	61.97122955	0.95618231	0.12770014551412434	0.0308526	0.0001
-0.2298	-0.1891	1.1449	-0.007948229413582178	0.002256710722828668	-0.0007696902001294993	0.97401571	62.12384033	0.95425271	0.21239468613064172	0.0281042	9e-05
-0.2333	-0.1662	1.0736	-0.0072570790297924225	0.002139773662945048	-0.0008028514559173916	0.97730386	62.33356094	0.95008767	0.13976243497306334	0.0245564	6e-05
-0.2379	-0.124	1.1418	-0.007674212721019067	0.0017924531417981763	-0.0006911503837897545	0.97588164	62.24285126	0.95141749	0.15880776422505746	0.0262009	5e-05
-0.223	-0.0635	1.1697	-0.007677703379523056	0.0019861846887695473	-0.0005358160803622592	0.93836039	59.84970093	0.9353276	0.1209278254451428	0.0265425	3e-05
-0.2184	-0.1494	1.1167	-0.0074839718325516846	0.00231779724664847	-0.0006161012259539982	0.99238253	63.29529572	0.95522973	0.1737814625221016	0.0253174	0.00019
-0.2211	-0.1783	1.1135	-0.007367034772668065	0.0021956241990088664	-0.0007452555906015787	0.96164852	61.33504486	0.93090287	0.05321322360854024	0.023985	3e-05
-0.219	-0.148	1.0997	-0.007089527421600967	0.0022636920398366456	-0.000635299847725936	0.94518691	60.28510666	0.92401621	0.06897654673852602	0.0221478	4e-05
-0.2212	-0.1035	1.1424	-0.007429866625739861	0.0023125612588924867	-0.0004747295565424576	0.91832232	58.57165146	0.92092485	0.11688893571891087	0.0245339	3e-05
-0.219	-0.0679	1.1799	-0.0074508105767637925	0.002057743188101315	-0.0005009094953223725	0.9388867	59.88327026	0.9323461	0.09039709802975075	0.0273461	3e-05
-0.2273	-0.1652	1.1441	-0.007265805676052394	0.002251474735072685	-0.000635299847725936	0.97137135	61.95517731	0.95425666	0.16705634000431668	0.0254788	4e-05
-0.2296	-0.1779	1.1323	-0.007066838141325039	0.0023387411976724015	-0.0006056292504420323	0.92384905	58.92415237	0.91218733	0.04259522973054855	0.0243375	2e-05
-0.2362	-0.1529	1.1103	-0.006677629718130304	0.0021746802479849347	-0.00047822021504644627	0.91783524	58.54058456	0.9053824	0.08763392041388937	0.0237504	2e-05
-0.2362	-0.0997	1.1933	-0.007138396640656808	0.0019250981649497454	-0.00033684854563490564	0.98552078	62.85764694	0.95879138	0.17878603374866167	0.0279069	3e-05
-0.2272	-0.0168	1.2102	-0.007148868616168773	0.0016057029118347831	-0.00033335788713091696	0.96182358	61.34621048	0.94708312	0.1254678943565457	0.0287924	6e-05
-0.2249	-0.1145	1.16	-0.007126179335892847	0.0016598081186466073	-0.0003438298626428829	0.94982201	60.58073807	0.94240678	0.15456332312998583	0.0250337	2e-05
-0.2431	-0.1364	1.1452	-0.006656685767106373	0.001265363707695889	-0.00040317105721069014	0.92974633	59.30028915	0.92633207	0.10106395871524992	0.0257573	3e-05
-0.25	-0.1061	1.1323	-0.006370451769779303	0.000783652834145454	-0.0003316125578789226	0.93847865	59.8572464	0.92553789	0.09207516851046352	0.0257219	3e-05
-0.2652	-0.0609	1.2537	-0.006911503837897546	0.00048345620280242926	-0.0003316125578789226	1.012609	64.5853653	0.97700388	0.22386243497306327	0.032479	0.0001
-0.2468	0.0152	1.3281	-0.007485717161803679	0.0013473941825396225	-0.00029845130209103034	1.0054549	64.12906647	0.9689712	0.24246562797156093	0.0385827	0.00025
-0.2336	-0.112	1.2738	-0.00773180858633488	0.0027576202181510408	-0.0003089232776029963	1.0221411	65.19332886	0.99252923	0.27803947178272925	0.0332336	6e-05
-0.2288	-0.1741	1.2893	-0.008780751466783471	0.005064945489287545	-0.0008098327729253688	1.01278901	64.59684753	0.9834337	0.27525888234537327	0.0353173	5e-05
-0.2195	-0.2421	1.2723	-0.009885544883295882	0.007164576579436722	-0.0017540558982543013	1.035007	66.01393127	0.99217969	0.301732381599526	0.0393404	0.00021
-0.2457	-0.2184	1.2613	-0.009730210579868387	0.007187265859712648	-0.002124065699677099	0.97979414	62.49239349	0.95282047	0.08830166925631083	0.0377424	0.00018
-0.2637	-0.1807	1.2862	-0.00957836693494488	0.005684537373745532	-0.0018448130193580064	0.95872742	61.14873505	0.94874474	0.17729124056048576	0.0368993	0.0001
-0.2434	-0.1179	1.2902	-0.00933227551041368	0.004673991736840814	-0.0014852751934471744	0.95094454	60.65233231	0.94123809	0.1679087443673375	0.0355251	8e-05
-0.2333	-0.1836	1.2383	-0.00890117918517108	0.0044820055191214375	-0.0012740903539558604	0.97032887	61.88868713	0.95402387	0.16941336912266455	0.0316749	5e-05
-0.2359	-0.1972	1.1545	-0.008180358204097423	0.004396484385773717	-0.0009302604913129776	1.02636266	65.46258545	0.98896514	0.15750859885321286	0.0264433	3e-05
-0.2415	-0.1886	1.1097	-0.0077824231346427155	0.004312708581677988	-0.0005550147021341969	0.97126281	61.94825745	0.95770475	0.10184783313646104	0.024651	3e-05
-0.2465	-0.1775	1.1107	-0.007822565707438583	0.00415213829049451	-0.0004747295565424576	0.91595703	58.42079163	0.91748013	0.031149900478554374	0.0256264	5e-05
-0.2506	-0.1067	1.1858	-0.00822399143539728	0.00386590429316744	-0.00047647488579445195	0.9957599	63.51070786	0.97137229	0.184470252726888	0.028595	4e-05
-0.2287	-0.0667	1.1733	-0.00819955682586936	0.0037245326237558994	-0.0003089232776029963	0.95162797	60.69592285	0.93629308	0.09106789435654584	0.026112	3e-05
-0.2349	-0.1724	1.1093	-0.00801455192515796	0.004092797095926702	-0.0002513274122871834	0.96284509	61.41136551	0.94730611	0.20644326190990075	0.0252594	2e-05
-0.2381	-0.1732	1.0676	-0.0077213366108229145	0.004125958351714595	-0.00017104226669544429	0.93543005	59.66279984	0.92548638	0.06603308578573376	0.024179	2e-05
-0.2383	-0.152	1.0486	-0.007466518540031742	0.0041556289489984985	-0.00010471975511965978	0.93682933	59.75204849	0.92470368	0.05794055898254317	0.0233654	3e-05
-0.247	-0.0939	1.1063	-0.007698647330546988	0.003913028182971286	-2.094395102393195e-05	0.94158047	60.05508423	0.9353511	0.15242526803190937	0.0247128	1e-05
-0.2373	-0.0228	1.1377	-0.007862708280234455	0.003918264170727269	-5.061454830783555e-05	0.98288471	62.68951416	0.94482596	0.12214837673636755	0.0272465	5e-05
-0.2355	-0.1161	1.0978	-0.007747516549602829	0.0039898226700590365	-5.061454830783555e-05	0.99609631	63.53216553	0.96419579	0.1443375114981695	0.0252913	9e-05
-0.2454	-0.1546	1.0966	-0.007559020990387442	0.003906046865963309	-0.0001308996938995747	0.9616341	61.33412552	0.93503615	0.06722782544514277	0.0242949	2e-05
-0.2595	-0.1492	1.1016	-0.007253588371288434	0.003300417615521277	-0.00019198621771937622	0.93404716	59.57460022	0.91706856	0.07310741966804195	0.0257241	3e-05
-0.2622	-0.1246	1.1146	-0.007185520530460655	0.003029891581462156	-6.45771823237902e-05	0.96542394	61.57584763	0.9388199	0.06360014551412439	0.0266768	3e-05
-0.2413	-0.0708	1.3571	-0.008237954069413234	0.003375466773357033	5.759586531581287e-05	1.2019974	76.66477203	1.11646795	0.39320908892435286	0.0399005	0.00022
-0.2196	-0.0316	1.392	-0.008337437836776913	0.003958406743523139	8.37758040957278e-05	1.03563082	66.05371857	0.99959044	0.1312301838154849	0.0410914	0.00014
-0.2313	-0.1815	1.2974	-0.008051203839449843	0.00408756110817072	1.7453292519943296e-05	1.05608797	67.35850525	1.0216521	0.2802855436775215	0.0356349	3e-05
-0.227	-0.1661	1.2448	-0.007529350393103537	0.004073598474154764	7.155849933176751e-05	0.95819175	61.11457062	0.93988631	0.10179606435870445	0.0316816	4e-05
-0.2279	-0.1388	1.2229	-0.006857398631085722	0.0036651914291880917	8.028514559173915e-05	0.92220396	58.81922531	0.91772132	0.10455427266222278	0.0300381	1e-05
-0.2451	-0.0997	1.3163	-0.007471754527787724	0.0035883969421003415	1.7453292519943296e-05	0.99566925	63.50492477	0.96553617	0.18739911184307737	0.0373289	7e-05
-0.1936	-0.0835	1.4461	-0.008468337530676487	0.004143411644234539	0.00014137166941154068	1.06174767	67.71948242	1.01678859	0.2812758040957278	0.0457035	0.00035
-0.1909	-0.1994	1.4047	-0.00936543676620157	0.00533721685259866	-0.00022165681500327985	1.00805366	64.29481506	0.9828892	0.28269664641520115	0.043548	0.00025
-0.1528	-0.3103	1.4928	-0.01062207382763749	0.008407251006856685	-0.0006981317007977319	1.1471734	73.16803741	1.09279632	0.47725730507441966	0.0563009	0.00246
-0.1969	-0.247	1.4285	-0.009848892969004002	0.008674286382411817	-0.0009843656981248017	1.07213175	68.38179016	1.02827455	0.2380225115757844	0.0490851	0.00127
-0.2282	-0.2515	1.3696	-0.009536479032897015	0.007199483164476609	-0.0008464846872172499	1.00866485	64.33380127	0.98279884	0.19095490824748748	0.0430281	0.00025
-0.2151	-0.1737	1.3725	-0.009491100472345164	0.006113888369736136	-0.0005619960191421741	0.94634688	60.3590889	0.93991991	0.16457310116837012	0.0401781	0.00017
-0.1884	-0.1857	1.3226	-0.009306095571633765	0.005914920835008782	-0.0002583087292951608	0.94779092	60.45119095	0.94036314	0.12298298626428836	0.0360966	8e-05
-0.1967	-0.2763	1.2394	-0.008716174284459682	0.005778785153353225	-0.00011693705988362007	0.98390478	62.75457382	0.9711601	0.225471431912059	0.0321291	3e-05
-0.204	-0.2367	1.2217	-0.008395033702092724	0.005567600313861911	-3.4906585039886588e-06	0.9335891	59.54538345	0.92720645	0.09688859116189517	0.030234	1e-05
-0.2219	-0.1821	1.2038	-0.0078487456462185	0.005019566928735692	-4.363323129985824e-05	0.91335243	58.25466537	0.9218954	0.14712320068981563	0.0291347	5e-05
-0.2074	-0.1511	1.2153	-0.007993607974134028	0.005553637679845957	6.108652381980153e-05	0.95005047	60.59531021	0.93454843	0.09618264170727273	0.0301296	7e-05
-0.1945	-0.1348	1.3681	-0.009133307975686325	0.00605105651666434	1.9198621771937625e-05	1.08383381	69.1281662	1.03326724	0.26595033702092724	0.040561	0.00037
-0.1627	-0.1216	1.418	-0.009859364944515966	0.005839871677173027	0.00028274333882308137	0.96789271	61.73330688	0.95706105	0.15493932626860468	0.0433772	0.00059
-0.179	-0.233	1.3123	-0.00938114472946952	0.005963790054064624	0.00021118483949131387	1.05457842	67.26222229	1.00067594	0.2670848545634904	0.0392674	0.00017
-0.1861	-0.2174	1.2661	-0.008902924514423075	0.005829399701661061	0.00019547687622336493	0.98470283	62.80547714	0.95211847	0.10031592653589792	0.0349815	5e-05
-0.1832	-0.1802	1.2817	-0.008677777040915805	0.004513421445657336	0.0003001966313430247	0.98100883	62.56987	0.95483793	0.1379922742315328	0.0328539	7e-05
-0.1509	-0.0795	1.3188	-0.007963937376850125	0.0032498030672134413	0.000439822971502571	0.99622571	63.54042053	0.96684633	0.275954219133456	0.0341099	8e-05
-0.1048	-0.0621	1.2663	-0.0063407811724954	0.003164281933865719	0.0004974188368183839	0.99349058	63.3659668	0.96414768	0.20431366015091296	0.0307625	3e-05
-0.1062	-0.1451	1.2898	-0.00669159235214626	0.0027925268031909274	0.0005550147021341969	0.96277839	61.40710831	0.95275531	0.14690810878207328	0.0306442	3e-05
-0.1135	-0.2299	1.2396	-0.006578145950766627	0.0035482543693044722	0.000322885911618951	0.97250926	62.02775574	0.95844244	0.19736513790042115	0.0283035	3e-05
-0.1239	-0.225	1.1806	-0.0063721970990312975	0.0034051373706409367	0.0004485496177625427	0.91818005	58.56257629	0.92221584	0.09803647782712278	0.0252476	4e-05
-0.1013	-0.1846	1.0973	-0.006134832320760068	0.0034766958699727043	0.0006684611035138282	0.97261018	62.03419113	0.94919074	0.17274173816771432	0.0218976	3e-05
-0.1031	-0.0456	1.141	-0.006517059426946826	0.003363249468593073	0.000804596785169386	1.01977134	65.04218292	0.98408255	0.21609045946109745	0.0227921	3e-05
-0.0946	0.0307	1.1724	-0.006513568768442837	0.0030752701420140084	0.0009686577348568529	0.95350039	60.81534958	0.94369071	0.1389765467385261	0.0244085	3e-05
-0.1022	-0.0415	1.1165	-0.006237806746627734	0.0029024825460665696	0.0008866272600131194	0.935754	59.68346405	0.93541085	0.1622290046303138	0.0201343	3e-05
-0.1129	-0.1032	1.0893	-0.006099925735720181	0.003312634920285238	0.000890117918517108	0.94620353	60.34994507	0.92536123	0.12717620218151057	0.0203455	5e-05
-0.1277	-0.096	1.0938	-0.006148794954776023	0.0033248522250491977	0.0007976154681614085	0.96242267	61.3844223	0.9290044	0.03417944870877525	0.0205411	5e-05
-0.1391	-0.0834	1.1534	-0.006321582550723462	0.0026581364507873638	0.0007661995416255106	0.95993733	61.22590256	0.93733337	0.1271459648372584	0.0223476	1e-05
-0.1462	-0.0511	1.2191	-0.006513568768442837	0.0024434609527920616	0.0006387905062299246	0.97408134	62.12802505	0.93598051	0.13180353755551327	0.0277449	4e-05
-0.1653	-0.1179	1.2086	-0.006239552075879728	0.0026563911215353696	0.00047123889803846896	0.98674864	62.93595886	0.95349185	0.12912492347489382	0.0281425	8e-05
-0.1495	-0.2002	1.2443	-0.006525786073206799	0.004434881629317591	0.0004049163864626844	1.01723838	64.88063049	0.98253254	0.24035235083425396	0.0305932	2e-05
-0.1069	-0.1784	1.2684	-0.0072413710665244725	0.006517059426946826	0.0005218534463463045	1.01475322	64.72212219	0.97961428	0.2342349925415265	0.0343401	0.0001
-0.115	-0.1314	1.2321	-0.0067771134854939805	0.006536258048718765	0.0005532693728822024	0.98917699	63.0908432	0.96010031	0.11714360646691643	0.0305831	0.0001
-0.1161	-0.0859	1.2602	-0.006848671984825749	0.004848524662040247	0.0006632251157578452	0.9611094	61.30065918	0.94815855	0.16816238144429646	0.0302344	5e-05
-0.116	-0.0443	1.2567	-0.006625269840570476	0.0041381756564785556	0.0005497787143782138	0.934111	59.5786705	0.92531284	0.0975598775598299	0.0301365	5e-05
-0.1271	-0.1143	1.1962	-0.006440264939859076	0.004571017310973149	0.0003525565089028545	0.96028793	61.24826431	0.94556577	0.1823534380340676	0.0266324	4e-05
-0.1369	-0.1329	1.1707	-0.006335545184739415	0.0045483280306972225	0.0002722713633111154	0.92297828	58.8686142	0.91923216	0.06428470904936619	0.0249989	2e-05
-0.1247	-0.1382	1.2223	-0.007021459580773188	0.004621631859280984	0.0003385938748868999	0.94928157	60.54626846	0.9393648	0.1103770368096658	0.0274208	1e-05
-0.1291	-0.0999	1.2777	-0.007255333700540428	0.003968878719035105	0.0004258603374866164	0.96246541	61.387146	0.94113582	0.14679468613064187	0.0312542	5e-05
-0.1565	-0.0871	1.3375	-0.007189011188964644	0.0037891098060796892	0.00030194196059501896	0.97240829	62.02131653	0.95070809	0.11850049007113975	0.0346907	5e-05
-0.1578	-0.0578	1.3476	-0.00765152344074314	0.0033999013828849537	0.00014660765716752367	0.9397915	59.940979	0.93113678	0.09105274892003636	0.0336041	5e-05
-0.161	-0.1391	1.2976	-0.007595672904679321	0.0038048177693476384	-5.585053606381854e-05	0.93629694	59.71809387	0.93161632	0.16766125578789215	0.0305219	3e-05
-0.1683	-0.2095	1.2785	-0.0072570790297924225	0.004305727264670011	1.9198621771937625e-05	0.93071419	59.36201859	0.93117519	0.1425276264022515	0.0314277	3e-05
-0.1184	-0.2142	1.3084	-0.007827801695194567	0.005993460651348527	0.00035604716740684323	0.99977219	63.76661682	0.97810008	0.2142652298857784	0.0340624	0.0001
-0.0977	-0.1975	1.3904	-0.008646361114379908	0.007780677805390721	0.0001832595714594046	1.01605952	64.80544281	0.99283312	0.2583282084587488	0.0413514	0.00052
-0.101	-0.2351	1.4744	-0.009726719921364398	0.0087109382967037	-0.0001256637061435917	1.048123	66.85048676	0.99942381	0.24087712879502307	0.0523056	0.0023
-0.0747	-0.2343	1.606	-0.011992157290453038	0.010780898789568973	-0.0003351032163829112	1.18893695	75.83176422	1.13364473	0.38594186860966184	0.0663582	0.00889
-0.0984	-0.1625	1.4871	-0.010147344271095031	0.0076340701482231965	-0.0002024581932313422	1.14132416	72.79496765	1.10806627	0.47061433419276766	0.0492907	0.0016
-0.1096	-0.2198	1.3857	-0.00916297857297023	0.007293730944084303	-0.00018675022996339323	1.00531399	64.12007904	0.98158009	0.23692064327658233	0.0414857	0.00034
-0.1175	-0.2841	1.336	-0.008796459430051421	0.007452555906015787	-0.00022863813201125715	0.9662537	61.62876892	0.94398627	0.15026160034490776	0.0384752	0.00013
-0.1246	-0.2692	1.2639	-0.008234463410909247	0.007307693578100258	-0.00018675022996339323	0.95574462	60.95848846	0.93817807	0.13153731245527844	0.0329006	4e-05
-0.1366	-0.2504	1.2643	-0.008319984544256968	0.006904522520889568	-0.00014660765716752367	0.9136101	58.27109909	0.91856351	0.05764173816771399	0.0326602	3e-05
-0.1449	-0.1551	1.3352	-0.008546877347016231	0.006384414403795257	-0.00016406094968746698	0.98244548	62.66149902	0.96891769	0.21272271061867584	0.0356259	0.00014
-0.1472	-0.18	1.3009	-0.008323475202760958	0.006401867696315201	-0.000312413936106985	0.94858396	60.50177383	0.9383235	0.08096042115973677	0.0330708	3e-05
-0.1635	-0.2492	1.2504	-0.007934266779566223	0.006564183316750673	-0.00046425758103049166	0.95549834	60.94277954	0.94527181	0.17116838442768567	0.0306149	3e-05
-0.1701	-0.2282	1.2136	-0.0074385932719998335	0.00661479786505851	-0.00038048177693476387	0.93313634	59.5165062	0.91331075	0.09590319299849763	0.0303566	4e-05
-0.1728	-0.1832	1.2184	-0.007302457590344275	0.006578145950766627	-0.00035430183815484887	0.9512822	60.67387009	0.93143098	0.06244837673636768	0.0296794	2e-05
-0.1661	-0.1088	1.2967	-0.007738789903342857	0.006037093882648386	-0.0002129301687433082	0.97562736	62.22663116	0.95983303	0.21533780252641824	0.0336181	5e-05
-0.1583	-0.0994	1.2994	-0.007880161572754398	0.006028367236388414	-0.00012042771838760874	0.90815854	57.92339325	0.91703834	0.03203003830136075	0.0341433	8e-05
-0.1716	-0.1962	1.2844	-0.00788888821901437	0.006141813637768045	-0.0002722713633111154	0.97221625	62.00906754	0.95657013	0.13880083462815565	0.0338688	7e-05
-0.1714	-0.2068	1.2653	-0.007585200929167356	0.006023131248632432	-0.00022689280275926284	0.96218801	61.36945343	0.93674901	0.053287411976723854	0.0323314	4e-05
-0.1874	-0.1791	1.3059	-0.007220427115500541	0.005721189288037411	-0.0003438298626428829	0.97213042	62.00359344	0.95232617	0.12348264170727274	0.0341538	3e-05
-0.1898	-0.0979	1.5037	-0.007426375967235872	0.005433209961458348	-0.00045553093477052	1.13177764	72.1860733	1.06937377	0.3116814625221015	0.0503727	0.00052
-0.1738	-0.1194	1.5173	-0.007403686686959946	0.006181956210563915	-0.0004415683007545654	0.9744218	62.14973831	0.95194354	0.0903699081698724	0.0524212	0.00089
-0.1629	-0.2469	1.5319	-0.007838273670706533	0.0075991635631833115	-0.0004310963252425994	1.02457619	65.34864807	0.99577928	0.24611331559389743	0.0558063	0.00139
-0.1567	-0.3001	1.6139	-0.009262462340333906	0.006745697558958083	-0.0003961897402027128	1.03175581	65.80657196	0.98318171	0.2570280629446242	0.0654415	0.00308
-0.1519	-0.3305	1.6513	-0.009988519309163548	0.0068591439603377154	-0.0005794493116621174	0.99960965	63.75624847	0.96700085	0.12373814708343411	0.0702723	0.00497
-0.1666	-0.3052	1.6917	-0.009546951008408983	0.00617148423505195	-0.000460766922526503	0.95949143	61.19746399	0.94777682	0.14279552075879723	0.071783	0.00521
-0.1847	-0.2218	1.6943	-0.00897797367225883	0.005541420375081997	-0.000445058959258554	0.97455657	62.15833664	0.95672963	0.16483745796940272	0.0695158	0.0045
-0.1703	-0.2343	1.6689	-0.00893783109946296	0.005087634769563471	-0.0003106686068549907	0.93964881	59.93187714	0.93042158	0.08371592653589782	0.0663759	0.00331
-0.1618	-0.3061	1.6063	-0.008765043503515523	0.005033529562751646	-0.0002844886680750757	0.95706624	61.04278183	0.94978455	0.15555363707695888	0.0611453	0.00173
-0.1498	-0.369	1.5619	-0.008623671834103981	0.005215043804959057	-9.42477796076938e-05	0.92433423	58.9550972	0.92939919	0.14495634000431673	0.0580717	0.00119
-0.1463	-0.3204	1.5025	-0.008518952078984322	0.005344198169606637	-2.4434609527920616e-05	0.92012113	58.68638229	0.9266551	0.1266843644923507	0.0513501	0.00068
-0.1404	-0.2617	1.5013	-0.008319984544256968	0.00529707427980279	0.00014137166941154068	0.93752831	59.79663086	0.93957463	0.08639488517353304	0.0495895	0.00056
-0.1422	-0.1795	1.5918	-0.008395033702092724	0.004831071369520303	3.665191429188092e-05	1.00206053	63.91256714	0.98847626	0.20678859116189513	0.0560326	0.00155
-0.1333	-0.1362	1.6224	-0.008506734774220362	0.005529203070318036	-1.9198621771937625e-05	0.96112996	61.30197144	0.95158191	0.12608416544945938	0.058482	0.00236
-0.1681	-0.2606	1.5784	-0.008915141819187036	0.007983135998622064	-0.0008988445647770796	1.03262889	65.86225891	1.0083251	0.39029929581379214	0.0591485	0.00291
-0.2025	-0.2467	1.4968	-0.008714428955207687	0.007494443808063651	-0.0009372418083209549	1.03289592	65.87928772	1.00166615	0.166290114904082	0.0521631	0.00119
-0.2086	-0.212	1.4404	-0.00830776723949301	0.006359979794267337	-0.0008115781021773631	0.99738216	63.6141777	0.97298635	0.1805394717827292	0.0454369	0.00032
-0.2062	-0.1857	1.453	-0.008379325738824776	0.005937610115284709	-0.0008552113334772215	0.93609697	59.70533752	0.93181482	0.06817807048071278	0.0464445	0.00025
-0.2063	-0.2256	0.972	-0.006550220682734718	0.007707373976806959	-0.0012793263417118436	1.73934436	110.93737793	1.49995241	0.7221491962923465	0.0268217	0.00011
-0.1607	-0.3405	0.7865	-0.004471533543609472	0.005558873667601939	-0.0008220500776893293	1.25422835	79.99612427	1.15230042	0.5802231856176391	0.0212061	0.00013
-0.1239	-0.347	0.7426	-0.00420449816805434	0.004871213942316174	-0.0006649704450098395	0.95767313	61.08148956	0.93508385	0.14278873667601927	0.0190476	6e-05
-0.1291	-0.2848	0.8364	-0.0050509828552715895	0.005166174585903216	-0.0006702064327658224	1.00220859	63.92201233	0.95276249	0.2185340659280137	0.0178639	7e-05
-0.13	-0.2953	0.9196	-0.005920156822764766	0.005557128338349946	-0.0008499753457212384	0.98909181	63.08541107	0.94805919	0.16659483164476607	0.0184717	4e-05
-0.141	-0.4001	0.8716	-0.005333726194094671	0.00554665636283798	-0.0008691739674931761	0.95643926	61.00279236	0.95501153	0.19460506129769983	0.021879	4e-05
-0.1655	-0.361	0.8566	-0.0049462631001519295	0.005525712411814047	-0.0010995574287564276	0.92997509	59.31487656	0.92325398	0.11053952531149638	0.0208087	4e-05
-0.1827	-0.3341	0.8538	-0.004979424355939822	0.005202826500195096	-0.001129228026040331	0.91114539	58.11389923	0.91192826	0.06618588823453735	0.0205151	3e-05
-0.1866	-0.2504	0.9509	-0.005782275811857213	0.005513495107050087	-0.001090830782496456	0.99275625	63.31913376	0.96787287	0.2422958653158128	0.0201201	2e-05
-0.1837	-0.2755	0.97	-0.005895722213236845	0.005408775351930427	-0.0010925761117484504	0.93769377	59.80718613	0.92611884	0.058095574287564296	0.0202065	7e-05
-0.1963	-0.3877	0.9515	-0.005831145030913055	0.005609488215909776	-0.0012461650859239514	0.96210837	61.36437607	0.94472313	0.1642439510239319	0.0229425	2e-05
-0.2127	-0.3787	0.945	-0.005525712411814047	0.005810201079889122	-0.001473057888683214	0.94867593	60.50764084	0.91222982	0.06855191429188093	0.0253627	9e-05
-0.225	-0.3396	0.9506	-0.0054768431927582064	0.005773549165597242	-0.001658062789394613	0.97126991	61.94870758	0.93352659	0.070526301702956	0.0247219	9e-05
-0.2436	-0.2695	1.0774	-0.006361725123519331	0.005510004448546098	-0.0017243853009703976	1.02399325	65.3114624	0.98086175	0.27623745796940263	0.025533	3e-05
-0.2385	-0.3039	1.0558	-0.006311110575211495	0.005340707511102648	-0.0017470745812463236	0.93942946	59.91788864	0.91966454	0.07323003830136045	0.0261107	3e-05
-0.2423	-0.4175	1.0024	-0.005839871677173027	0.0057368972513053606	-0.0018099064343181197	0.98224688	62.64883423	0.96273896	0.21731302456564888	0.0293683	5e-05
-0.2405	-0.3914	0.9662	-0.005359906132874586	0.005640904142445672	-0.0017610372152622785	0.94013667	59.96299362	0.92768616	0.09534139361069853	0.028082	4e-05
-0.244	-0.3347	0.9786	-0.005344198169606637	0.005153957281139256	-0.001658062789394613	0.93168449	59.42390442	0.92560967	0.1028814625221016	0.0257155	2e-05
-0.2483	-0.2515	1.0308	-0.005445427266222308	0.004778711491960474	-0.0015655603390389136	0.96230382	61.3768425	0.94270829	0.1681488668075075	0.0250725	3e-05
-0.237	-0.2896	0.992	-0.0052220251219670345	0.0046041785667610404	-0.0015027284859671175	0.95264703	60.76092148	0.93344399	0.11123834612632512	0.0244181	3e-05
-0.2394	-0.363	0.9318	-0.004803146101488395	0.004569271981721155	-0.0014556045961632708	0.96184754	61.34774017	0.94234866	0.1610454747661186	0.0246537	4e-05
-0.2402	-0.36	0.8995	-0.0043929937272697275	0.004661774432076854	-0.001541125729510993	0.8981173	57.28295135	0.90467403	0.06550879789610446	0.024043	4e-05
-0.2397	-0.3111	0.9187	-0.0046478117980608994	0.0045483280306972225	-0.0014364059743913332	0.93531048	59.65517426	0.92788031	0.09224921136452319	0.0234973	4e-05
-0.2524	-0.2395	1.0152	-0.0053389621818506535	0.004394739056521722	-0.0014765485471872027	0.9931882	63.3466835	0.96917392	0.22504409653805635	0.0234998	3e-05
-0.2718	-0.3122	0.9908	-0.005171410573659199	0.004349360495969869	-0.0016406094968746698	0.94088084	60.0104599	0.93217287	0.1353495559215388	0.0243883	3e-05
-0.2811	-0.3893	0.9684	-0.004715879638888678	0.004553564018453206	-0.001785471824790199	0.92857021	59.22527313	0.92085017	0.14902983925846935	0.0280364	6e-05
-0.2879	-0.3508	0.9376	-0.004036946559862884	0.004747295565424576	-0.0018797196043978928	0.94457644	60.24617004	0.92908785	0.1244456202802429	0.0268487	4e-05
-0.2765	-0.3208	0.8935	-0.0036843900509600297	0.004787438138220445	-0.0017470745812463236	0.94813764	60.47330475	0.93095438	0.11176720524251461	0.0247442	5e-05
-0.2744	-0.2949	1.0238	-0.004469788214357478	0.006045820528908357	-0.0016441001553786586	1.01839733	64.9545517	0.9857732	0.2656377489976513	0.0266764	3e-05
-0.2849	-0.2489	1.1508	-0.0057142079710294355	0.007234389749516495	-0.0019530234329816546	1.05002594	66.97185516	0.99982686	0.3205956127441546	0.0328436	5e-05
-0.2967	-0.352	1.0374	-0.005057964172279567	0.007370525431172054	-0.0017872171540421933	1.03452575	65.98323822	1.00072196	0.2762092879672444	0.0314313	5e-05
-0.3036	-0.3661	1.0026	-0.004584979944989103	0.007311184236604247	-0.0018797196043978928	0.9378944	59.81998062	0.92518914	0.0870413936106987	0.0311695	5e-05
-0.3017	-0.3578	0.9375	-0.004344124508213886	0.00796568270610212	-0.0020176006153054447	0.95896518	61.16389847	0.93244508	0.12696174585903194	0.031381	6e-05
-0.2793	-0.3923	0.9417	-0.005448917924726297	0.00932878485190969	-0.0020751964806212577	1.01874518	64.97673798	0.98027601	0.18737457138178967	0.0340004	0.00012
-0.3022	-0.3652	1.2031	-0.00721170046924057	0.00976860782341226	-0.0027942721324429216	1.22607791	78.20065308	1.12849265	0.45748405839192546	0.0436665	0.00016
-0.2841	-0.3211	1.3202	-0.008058185156457818	0.009101892049150427	-0.002700024352835228	1.07762182	68.73195648	1.02457959	0.2596724120543388	0.0470505	0.00051
-0.2899	-0.3993	1.2065	-0.006827728033801816	0.007737044574090863	-0.0022916173078685546	1.12221587	71.57621765	1.0736603	0.347885582134112	0.0420542	0.00016
-0.2643	-0.3999	1.0275	-0.005098106745075437	0.0062238441126117785	-0.0019722220547535923	1.2151984	77.50674438	1.13095603	0.3833108501660211	0.0342704	0.00015
-0.2552	-0.3049	0.9902	-0.004825835381764321	0.005492551156026155	-0.0015707963267948967	1.03645229	66.10611725	1.00677049	0.21164950239277183	0.0255908	7e-05
-0.245	-0.3026	1.0925	-0.005429719302954359	0.004591961261997081	-0.0014800392056911916	1.00320697	63.98569489	0.98628232	0.19456154681614088	0.0281589	0.00012
-0.2324	-0.289	1.0923	-0.005597270911145814	0.004431390970813603	-0.0013927727430914749	0.94674724	60.38462448	0.94628539	0.04716941809873246	0.0264319	8e-05
-0.2385	-0.4302	1.0667	-0.005499532473034132	0.004333652532701919	-0.0013212142437597075	0.96329039	61.43976593	0.96387521	0.18625176877775673	0.0299615	0.00011
-0.2426	-0.4577	1.0544	-0.005276130328778859	0.004621631859280984	-0.0012671090369478833	0.92046618	58.70838928	0.92256641	0.0721743338823081	0.0315342	0.00012
-0.2442	-0.4288	1.0296	-0.005307546255314756	0.004792674125976429	-0.0012618730491919003	0.90768421	57.89313889	0.91091503	0.06568470904936617	0.0296788	5e-05
-0.2567	-0.3736	1.0367	-0.005291838292046808	0.004920083161372014	-0.0013683381335635543	0.97234845	62.01749802	0.93823159	0.08727910415175927	0.0293185	7e-05
-0.2723	-0.276	1.1294	-0.0059358647860327145	0.004675737066092809	-0.001504473815219112	1.03463745	65.99036407	0.98966311	0.25712541354603347	0.03035	8e-05
-0.2721	-0.2695	1.1362	-0.00601091394386847	0.004522148091917307	-0.0016057029118347831	0.9339934	59.57117081	0.93039811	0.02999336143134656	0.0294839	6e-05
-0.2762	-0.3651	1.0831	-0.005646140130201657	0.005066690818539539	-0.001637118838370681	0.99688053	63.58218384	0.96020456	0.1998366233412472	0.0318555	0.00022
-0.2657	-0.3636	1.0711	-0.005393067388662479	0.0049741883681838385	-0.0014748032179352085	0.97590572	62.24438477	0.94025411	0.04939454061651755	0.0308658	9e-05
-0.268	-0.3717	1.0963	-0.005513495107050087	0.004948008429403923	-0.001499237827463129	0.95784926	61.09272385	0.93436926	0.044152113334772335	0.0305378	4e-05
-0.2799	-0.3136	1.1827	-0.0059358647860327145	0.004745550236172582	-0.0015690509975429022	1.01733267	64.88664246	0.96616914	0.1911320521146871	0.0342266	0.00014
-0.2858	-0.3593	1.1791	-0.005951572749300664	0.00481710873550435	-0.0016842427281745281	0.98902571	63.08119583	0.95646898	0.06532290966156723	0.0355517	0.00013
-0.3017	-0.4712	1.1549	-0.0057264252757933945	0.005146975964131278	-0.001839577031602023	0.98386961	62.75233078	0.95883918	0.18751745027808464	0.0390447	7e-05
-0.3101	-0.4459	1.1328	-0.005286602304290824	0.005344198169606637	-0.001895427567665842	0.95734555	61.06059647	0.92282079	0.0904447856520874	0.0390689	0.00012
-0.3206	-0.3983	1.1726	-0.005267403682518886	0.005241223743738971	-0.0019146261894377795	0.97682309	62.30289841	0.94625417	0.10496858347057716	0.0398486	9e-05
-0.3082	-0.2601	1.227	-0.005918411493512772	0.0046251225177849735	-0.001748819910498318	1.02821028	65.58042908	0.99990183	0.2766457657943672	0.0363714	5e-05
-0.2799	-0.3132	1.2006	-0.005677556056737554	0.003946189438759179	-0.0017366026057343581	0.99329811	63.3536911	0.9515606	0.15440029102824876	0.036227	0.0001
-0.2329	-0.3249	1.288	-0.005859070298944964	0.0028885199120506156	-0.0015917402778188286	1.00664079	64.20470428	0.98000493	0.2153023048415753	0.0397154	0.00016
-0.1716	-0.3137	1.4523	-0.005640904142445672	0.0018744836166419098	-0.0011571532940722405	1.107041	70.60834503	1.06630132	0.3201394717827292	0.0518488	0.00164
-0.0808	-0.3088	1.5934	-0.00451516677490933	0.0006073745796940267	-0.0007173303225696694	1.1784749	75.16448212	1.1521833	0.37843346879933976	0.0704108	0.01017
-0.0509	-0.5487	1.5742	-0.004995132319207771	0.0003473205211468716	-0.0008517206749732328	1.15882468	73.91117096	1.12031796	0.3327204977624578	0.0744953	0.00962
-0.0622	-0.756	1.4641	-0.005159193268895238	0.0009808750396208131	-0.0007347836150896127	1.0897764	69.50718689	1.07133729	0.3744276264022515	0.0723926	0.00672
-0.0845	-0.761	1.4157	-0.005595525581893821	0.0016999506914424768	-0.0006579891280018621	1.00320423	63.98551559	0.98266652	0.1373101225953999	0.0671592	0.00417
-0.1041	-0.7355	1.3728	-0.006017895260876448	0.0021170843826691216	-0.0007120943348136865	0.9788956	62.4350853	0.96361564	0.1326804288510547	0.0610769	0.00191
-0.1226	-0.6434	1.2828	-0.006077236455444256	0.0028187067419708422	-0.0008133234314293575	1.01049089	64.45027161	0.98516132	0.24370963252426012	0.0490601	0.0004
-0.1419	-0.5118	1.174	-0.005471607205002223	0.003193952531149623	-0.00102799892942466	1.07430005	68.5200882	1.02648022	0.31947752688080566	0.0365633	7e-05
-0.1458	-0.3513	1.121	-0.005164429256651221	0.003347541505325124	-0.0011431906600562858	1.05701149	67.41740417	1.00916343	0.24619793265790643	0.0264324	5e-05
-0.1419	-0.2883	1.1141	-0.004771730174952496	0.00364424747816416	-0.0011222467090323538	0.95720357	61.05154037	0.9303604	0.10931745027808457	0.0249025	2e-05
-0.1525	-0.2864	1.1254	-0.00493404579538797	0.004330161874197931	-0.0011746065865921838	0.95963311	61.20650101	0.93394114	0.06882949470145361	0.0261092	2e-05
-0.1758	-0.3027	1.1576	-0.005356415474370597	0.004207988826558329	-0.0011798425743481666	0.94801068	60.46520996	0.93087431	0.0992889357189107	0.0275253	2e-05
-0.1807	-0.4312	1.1172	-0.005194099853935124	0.00422893277758226	-0.0013177235852557187	0.95181936	60.70812988	0.94565135	0.18985702911834784	0.0301308	2e-05
-0.1978	-0.5536	1.1149	-0.005068436147791533	0.004471533543609472	-0.00152367243699105	0.96810496	61.74684525	0.9580935	0.17051066619530664	0.0381108	0.00012
-0.2105	-0.612	1.1147	-0.004886921905584123	0.004668755749084832	-0.001668534764906579	0.93611389	59.70641708	0.92927711	0.09747993877991488	0.0422177	0.00028
-0.2124	-0.6384	1.1084	-0.004942772441647941	0.005005604294719737	-0.0017121679962064373	0.90949166	58.00842285	0.91422968	0.05641661564992904	0.0441498	0.00038
-0.2154	-0.6241	1.0831	-0.004701917004872723	0.005024802916491674	-0.0016772614111665507	0.95731229	61.05847549	0.92360515	0.05734803217935221	0.0449029	0.00064
-0.2172	-0.5712	1.0867	-0.004796164784480418	0.0049462631001519295	-0.0016667894356545846	0.9627437	61.40489578	0.93627421	0.06746297857297028	0.0432235	0.00058
-0.2226	-0.5191	1.0913	-0.004843288674284265	0.004782202150464463	-0.0016842427281745281	0.94086981	60.00975418	0.92849983	0.07353190660056283	0.0410509	0.0006
-0.2165	-0.4675	1.0837	-0.004778711491960474	0.0054052846934264384	-0.001609193570338772	0.96170354	61.33855438	0.92988487	0.10343544415607592	0.0408044	0.00075
-0.2063	-0.4353	1.083	-0.005080653452555493	0.005815437067645105	-0.001509709802975095	0.96199214	61.35696411	0.93643977	0.0836789051088683	0.0403569	0.00087
-0.1963	-0.4469	1.0708	-0.005475097863506211	0.006670648401122327	-0.0015899949485668342	0.95269394	60.7639122	0.93657141	0.1002970445009839	0.0405498	0.00092
-0.1772	-0.4712	1.064	-0.005998696639104511	0.007827801695194567	-0.0016702800941585732	0.96891141	61.79828262	0.94370529	0.1382518607631139	0.0432431	0.00104
-0.1729	-0.5114	1.1142	-0.006726498937186146	0.008679522370167801	-0.0017435839227423352	0.9868328	62.94132614	0.96069057	0.1773413400819315	0.0477237	0.00117
-0.1823	-0.5253	1.1315	-0.007194247176720626	0.009004153611038746	-0.0017366026057343581	0.96728241	61.69438171	0.95279536	0.08056803987066999	0.0472984	0.0011
-0.1969	-0.581	1.081	-0.006302383928951523	0.007871434926494426	-0.001837831702350029	0.98678404	62.93821716	0.96559153	0.22709055144645465	0.0464082	0.0009
-0.2017	-0.5897	1.0694	-0.006159266930287989	0.007410668003967923	-0.0017959438003021652	0.94891417	60.52283478	0.93706038	0.05738859116189519	0.0440287	0.00064
-0.2185	-0.5863	1.0703	-0.005871287603708924	0.006782349473249965	-0.001932079481957723	0.9419511	60.07872009	0.93095285	0.0737216769476291	0.0424076	0.00049
-0.2271	-0.5581	1.0957	-0.005984734005088556	0.00701447826376521	-0.0018971728969178364	0.94302911	60.1474762	0.93045821	0.08122408884673805	0.0418059	0.00031
-0.212	-0.5501	1.056	-0.005679301385989549	0.007024950239277177	-0.0019390607989657003	0.948874	60.5202713	0.93797481	0.08068962483294174	0.0386496	0.00017
-0.198	-0.5297	1.0178	-0.005539675045830002	0.006976081020221335	-0.0018692476288859267	0.94776297	60.44940948	0.93684493	0.08551543646475819	0.0349249	9e-05
-0.1641	-0.5325	1.0414	-0.007082546104592989	0.0075450583563714865	-0.0018064157758141308	0.96424824	61.50085831	0.95352258	0.1690340123992468	0.0360446	0.00013
-0.1566	-0.5314	1.0972	-0.00847706417693646	0.008272860654453122	-0.0019303341527057286	0.98854756	63.05069733	0.96184915	0.17671193736583504	0.0398499	0.00013
-0.1604	-0.5449	1.1138	-0.008808676734815382	0.00832522053201295	-0.002106612407157156	0.954781	60.89702606	0.93986726	0.061912534494508925	0.04102	0.0001
-0.1864	-0.5148	1.0607	-0.007571238295151402	0.007391469382195986	-0.002186897552748895	0.97030514	61.88717651	0.95647558	0.22177373675363413	0.0352011	0.00012
-0.2025	-0.5057	1.053	-0.007084291433844983	0.0068975412038815905	-0.0021589722847169856	0.94313639	60.15431976	0.93449439	0.08334001538263622	0.0339295	7e-05
-0.208	-0.4977	1.0577	-0.007113962031128888	0.0065886179262785935	-0.0021170843826691216	0.94327116	60.16291809	0.93117693	0.0372240888467385	0.0330813	6e-05
-0.207	-0.5932	1.0255	-0.0065554566704907015	0.006323327879975456	-0.0021223203704251047	0.95220435	60.73268509	0.94126646	0.1701515697348653	0.0366538	0.00016
-0.2043	-0.6293	1.0303	-0.0062116268078478195	0.006255260039147678	-0.0021101030656611444	0.92687064	59.11687469	0.9212187	0.06480575041173096	0.0397664	0.00025
-0.1953	-0.5937	1.0372	-0.0065327673902147755	0.006775368156241988	-0.0021013764194011725	0.9518795	60.71196747	0.93916912	0.09399876728606178	0.0378245	0.00019
-0.2107	-0.558	1.1506	-0.00715584993317675	0.007503170454323623	-0.002054252529597326	1.02610373	65.44607544	0.9912997	0.23440043654237291	0.0413066	0.00019
-0.1641	-0.5576	1.2263	-0.008779006137531478	0.008662069077647858	-0.0016336281798666925	1.02332079	65.26857758	0.99881076	0.28283395887047974	0.0466017	0.00036
-0.1264	-0.6656	1.2297	-0.009697049324080494	0.009817477042468103	-0.0015062191444711063	1.01404309	64.67683411	0.99295035	0.2591430093382424	0.0552245	0.0012
-0.1019	-0.6396	1.2239	-0.010159561575858992	0.009295623596121799	-0.001473057888683214	0.96189022	61.35046005	0.94323689	0.10717634769563476	0.0528922	0.00093
-0.098	-0.6632	1.1996	-0.010414379646650164	0.00891688714843903	-0.0014800392056911916	0.95029825	60.61111069	0.92920466	0.08382679177409597	0.0538595	0.00093
-0.1094	-0.6802	1.2214	-0.010487683475233926	0.008356636458548849	-0.0017313666179783749	0.98541653	62.85099792	0.95198857	0.0944440965380564	0.0550715	0.00103
-0.1433	-0.6421	1.269	-0.010527826048029794	0.007942993425826193	-0.002169444260228951	0.97011256	61.87489319	0.94825831	0.1641931623884549	0.0545862	0.00097
-0.1625	-0.6577	1.2324	-0.00975988117715229	0.007243116395776467	-0.002183406894244906	0.99592912	63.52150345	0.96004221	0.14548922674715908	0.0516946	0.00067
-0.1771	-0.6232	1.2487	-0.009595820227464823	0.006757914863722044	-0.0020298179200694054	0.96751308	61.709095	0.94259274	0.10554257279586957	0.0496746	0.00044
-0.1826	-0.6185	1.2602	-0.009503317777109124	0.006070255138436278	-0.0020420352248333657	0.93618125	59.71071243	0.9277984	0.06131897402027121	0.0488309	0.00033
-0.1828	-0.682	1.195	-0.008714428955207687	0.006126105674500097	-0.002007128639793479	0.96072954	61.27643204	0.94243467	0.17288229715025705	0.0489491	0.00046
-0.1838	-0.746	1.1793	-0.008196066167365372	0.006173229564303944	-0.0020734511513692635	0.93995655	59.95150757	0.93616435	0.11229045946109736	0.0520414	0.00075
-0.1791	-0.6812	1.1712	-0.008145451619057536	0.006101671064972177	-0.0020106192982974674	0.93209738	59.45024109	0.93384937	0.0868502450355699	0.0472891	0.00052
-0.1839	-0.6038	1.1617	-0.007967428035354114	0.005862560957448953	-0.0018936822384138475	0.9591611	61.17639542	0.94697877	0.11840353755551337	0.0422229	0.00034
-0.1964	-0.52	1.17	-0.008058185156457818	0.0057526052145733106	-0.001891936909161853	0.92593181	59.05699158	0.92613674	0.11472290966156697	0.0393903	0.00026
-0.2	-0.5467	1.1479	-0.007859217621730466	0.005956808737056647	-0.0019617500792416262	0.95271993	60.76557159	0.93958522	0.07604921136452304	0.0397671	0.00021
-0.2008	-0.6467	1.1295	-0.007609635538695277	0.006398377037811212	-0.001932079481957723	0.97250468	62.02746201	0.95954532	0.1552410490536829	0.0450274	0.00033
-0.2079	-0.6248	1.1508	-0.007946484084330182	0.006309365245959501	-0.00214850030920502	0.91977346	58.66420746	0.92004736	0.08241405823669574	0.0444279	0.0003
-0.213	-0.5926	1.1227	-0.0075276050638515436	0.006222098783359784	-0.0021519909677090087	0.98168385	62.61292267	0.93468023	0.09088180707911722	0.0417086	0.00027
-0.2335	-0.5524	1.1867	-0.007840018999958528	0.006194173515327876	-0.00214850030920502	0.98632562	62.90898132	0.95220998	0.14189149313214416	0.0425042	0.00019
-0.235	-0.5184	1.1996	-0.007962192047598132	0.005972516700324595	-0.002082177797629235	0.95059633	60.63012314	0.93577518	0.06890761871093339	0.0401152	5e-05
-0.2433	-0.6706	1.1393	-0.0072640603468004	0.00633729051399141	-0.002228785454796759	1.03733206	66.16223145	0.98658035	0.2812756585816036	0.047397	0.0005
-0.2396	-0.6501	1.1284	-0.0067212629494301625	0.00610341639422417	-0.0022479840765686964	0.97153574	61.96566391	0.9365246	0.07489350694547059	0.0451761	0.00023
-0.2274	-0.6099	1.1026	-0.0066165431943105025	0.00603883921190038	-0.0021886428820008896	0.94908559	60.5337677	0.92916346	0.08963190660056293	0.04074	0.00014
-0.231	-0.6222	1.1434	-0.00700226095900125	0.006572909963010645	-0.0022130774915288098	0.95592964	60.97028732	0.92633559	0.1039111562664466	0.0446976	0.00025
-0.2254	-0.5865	1.2873	-0.0081873395211054	0.0071191980188848696	-0.0021101030656611444	1.07671452	68.67408752	1.01854389	0.27691705219230206	0.0515665	0.0003
-0.2006	-0.6089	1.2943	-0.00921533845053006	0.007351326809400116	-0.002064724505109292	0.9964025	63.55169296	0.97156161	0.11947531402458776	0.0533438	0.0005
-0.189	-0.7743	1.2035	-0.009611528190732771	0.00830427658098902	-0.00217293491873294	1.06639612	68.01596832	1.02477662	0.34066749627076315	0.060437	0.00118
-0.1743	-0.7217	1.1686	-0.009595820227464823	0.008229227423153265	-0.0022043508452688383	0.98148531	62.60025787	0.94759332	0.10830865238198	0.0555308	0.00079
-0.1716	-0.7075	1.157	-0.009407324668249437	0.008086110424489729	-0.002197369528260861	0.94025475	59.97052765	0.92207036	0.04542969374434502	0.0530264	0.00047
-0.1943	-0.6943	1.2031	-0.009279915632853849	0.008227482093901268	-0.0022444934180647076	0.95379758	60.83430481	0.92873947	0.0977952297305487	0.054742	0.00067
-0.2078	-0.62	1.2184	-0.009047786842338604	0.007468263869283736	-0.0021327923459370708	0.96873587	61.78708649	0.94778509	0.15825240436302063	0.0487425	0.00031
-0.2112	-0.6439	1.2098	-0.008852309966115239	0.007141887299160796	-0.0022148228207808044	0.93778521	59.81301498	0.92873698	0.06609419605950187	0.0479689	0.00024
-0.2163	-0.7571	1.1628	-0.008166395570081468	0.007340854833888149	-0.0022898719786165604	0.95218796	60.73163986	0.95140718	0.21329655442984383	0.0531481	0.00054
-0.209	-0.7174	1.1501	-0.007991862644882034	0.006935938447425466	-0.002186897552748895	0.92901218	59.25346375	0.92642012	0.09382118687648924	0.0494506	0.00035
-0.212	-0.6904	1.1336	-0.007723081940074907	0.006951646410693414	-0.002106612407157156	0.93243563	59.4718132	0.92599446	0.06473869068334065	0.0464694	0.00032
-0.2093	-0.6302	1.1588	-0.008255407361933179	0.006544984694978735	-0.002001892652037496	0.93965214	59.93209076	0.93085587	0.1402853446346306	0.0431663	0.00018
-0.2066	-0.6298	1.134	-0.008147196948309529	0.006408849013323179	-0.0019722220547535923	0.93449801	59.60335541	0.91455972	0.04160083462815564	0.042485	0.00018
-0.2202	-0.6953	1.1115	-0.007717845952318924	0.006785840131753953	-0.0022008601867648495	0.95905966	61.16992569	0.94304786	0.15334901232163176	0.045664	0.00036
-0.2197	-0.6556	1.1098	-0.007426375967235872	0.0065327673902147755	-0.0023160519173964756	0.94651371	60.3697319	0.92534448	0.07488672286269289	0.0424871	0.00024
-0.2172	-0.637	1.0774	-0.007112216701876892	0.006602580560294549	-0.0023422318561763904	0.90562111	57.76155472	0.90705246	0.07400761871093332	0.0405145	0.00019
-0.2293	-0.6333	1.1557	-0.007618362184955248	0.007061602153569058	-0.002373647782712288	0.98385978	62.75170517	0.96070934	0.1439291501444382	0.0448556	0.00025
-0.1881	-0.5665	1.2602	-0.008625417163355976	0.007326892199872195	-0.0020472712125893483	1.01973796	65.04005432	0.99241161	0.2924360797413403	0.0461442	0.00022
-0.1654	-0.7108	1.0902	-0.008658578419143869	0.008192575508861382	-0.002106612407157156	1.12290525	71.62018585	1.07029365	0.38490928796724433	0.0485535	0.00048
-0.1173	-0.8173	1.0138	-0.009210102462774076	0.007745771220350834	-0.0018256143975860688	1.05953085	67.57809448	1.02052504	0.29496631708559207	0.0536433	0.00116
-0.1146	-0.7174	1.0554	-0.00914727060970228	0.007470009198535731	-0.001790707812546182	1.00573695	64.14705658	0.97147268	0.16287502299633907	0.0465958	0.00052
-0.1284	-0.7487	1.0406	-0.00845786555516452	0.007089527421600967	-0.0017435839227423352	0.98618174	62.89980316	0.94489153	0.11575053606381847	0.0479453	0.00074
-0.1334	-0.6868	1.0689	-0.00854164135926025	0.0067038096569102205	-0.0016336281798666925	0.98424989	62.77658844	0.94766313	0.12417246558310592	0.0435961	0.00039
-0.128	-0.6745	1.0712	-0.00840899633610868	0.0060964350772161925	-0.0015899949485668342	0.95396149	60.84475708	0.93054042	0.059182641707272735	0.0406388	0.00022
-0.1345	-0.7815	1.0137	-0.007881906902006392	0.006143558967020039	-0.0018308503853420514	0.97216016	62.00548935	0.95058421	0.21175343803406743	0.0460475	0.00069
-0.1419	-0.7891	0.9992	-0.0074839718325516846	0.006147049625524028	-0.00209614043164519	0.93634999	59.72147751	0.92800981	0.0628357887130919	0.046077	0.00081
-0.1459	-0.7312	0.9857	-0.007215191127744558	0.005824163713905078	-0.0022933626371205488	0.9432739	60.16308975	0.93684764	0.1148444410950718	0.0420526	0.00059
-0.1579	-0.6806	0.9928	-0.007162831250184728	0.005813691738393112	-0.002366666465704311	0.93634087	59.72089386	0.93061953	0.07650678408277793	0.0380137	0.00044
-0.1629	-0.6076	1.0319	-0.0076724673917670716	0.0052726396702748686	-0.002256710722828668	0.95213956	60.72855377	0.93015344	0.17513219762881146	0.0356149	0.00027
-0.163	-0.6257	1.0184	-0.00753458638085952	0.005445427266222308	-0.0023404865269243957	0.94027668	59.97192383	0.9280575	0.051422220547536014	0.0367404	0.00028
-0.1685	-0.6959	1.008	-0.007168067237940712	0.005560618996853934	-0.002464404903815993	0.9455995	60.31142044	0.93691434	0.11638146252210148	0.0394166	0.00046
-0.1537	-0.6906	1.0146	-0.006984807666481306	0.005677556056737554	-0.0025028021473598684	0.89620894	57.16123581	0.9067216	0.043629693744344965	0.0403087	0.0004
-0.158	-0.6789	1.02	-0.006836454680061789	0.005534439058074019	-0.0026406831582674204	0.94048554	59.98524475	0.9263996	0.042867549799530336	0.0400975	0.00042
-0.1722	-0.6649	1.0915	-0.007244861725028462	0.005682792044493536	-0.0026110125609835172	0.96183151	61.34671783	0.93948704	0.12902153143350448	0.0417789	0.00035
-0.1459	-0.6205	1.1475	-0.007686430025783027	0.005319763560078716	-0.0023230332344044524	0.95558786	60.94849014	0.94308778	0.1813288055874225	0.041914	0.00028
-0.1069	-0.7665	0.9901	-0.007475245186291714	0.00623257075887175	-0.0021938788697568722	1.11295331	70.98543549	1.06318394	0.40505732014659623	0.0466576	0.00083
-0.0562	-0.8025	0.9131	-0.007867944267990437	0.005722934617289407	-0.0019896753472735357	1.00747013	64.25759888	0.97123881	0.2190269372882201	0.0467454	0.00129
-0.0652	-0.8156	0.7463	-0.007059856824317063	0.005855579640440977	-0.002303834612632515	1.08992779	69.5168457	1.02011976	0.25164458660919614	0.047232	0.00226
-0.1027	-0.7652	0.7583	-0.006658431096358368	0.005834635689417044	-0.002453932928304027	1.01094532	64.47925568	0.9685983	0.12852339973270707	0.0427766	0.0016
-0.129	-0.6855	0.8393	-0.007271041663808378	0.005670574739729577	-0.0025394540616517493	0.99008542	63.14878464	0.95912511	0.23010963252426	0.0372369	0.00066
-0.1393	-0.6898	0.8527	-0.0070808007753409945	0.0056985000077614855	-0.0025918139392115793	0.92946666	59.28245163	0.91435737	0.041526301702956014	0.0384026	0.00068
-0.1336	-0.7843	0.8295	-0.0068329640215578	0.00647866218340295	-0.002570869988187647	0.9661119	61.61972427	0.94912117	0.17584714402242962	0.0441681	0.00136
-0.0474	-0.75	0.7465	-0.0063407811724954	0.0054873151682701725	-0.0020193459445574393	1.01395273	64.67106628	0.98042384	0.30525269539126926	0.040809	0.00115
0.0417	-0.777	0.5926	-0.005379104754646523	0.0038222710618675813	-0.0014957471689591403	1.0671196	68.0621109	1.01951644	0.4275159649924885	0.043968	0.00184
-0.0247	-0.7308	0.7795	-0.006194173515327876	0.005321508889330711	-0.0020106192982974674	1.14324749	72.91763306	1.07514833	0.4409589358741404	0.0400435	0.00097
-0.0574	-0.6492	1.0941	-0.008377580409572781	0.006625269840570476	-0.0021589722847169856	1.3048296	83.223526	1.1846356	0.6106760415952095	0.0429573	0.00043
-0.0731	-0.7289	1.138	-0.009599310885968814	0.007930776121062234	-0.0024277529895241124	1.03335822	65.90877533	1.0046089	0.2791008730847457	0.0526373	0.00123
-0.0812	-0.828	1.0097	-0.008429940287132611	0.007958701389094143	-0.002366666465704311	1.0703063	68.2653656	1.03489643	0.2984191195343954	0.0524028	0.00203
-0.0864	-0.7829	0.9577	-0.007840018999958528	0.007346090821644133	-0.0024591689160600103	0.9770503	62.31739044	0.95306838	0.16705171524898957	0.0462649	0.00139
-0.1023	-0.7792	0.9676	-0.007175048554948689	0.007609635538695277	-0.002513274122871834	0.92214322	58.81535339	0.92493282	0.07863101844364036	0.0473865	0.00148
-0.0739	-0.7203	1.0764	-0.008225736764649274	0.007410668003967923	-0.002118829711921116	1.02462161	65.35153961	0.99646158	0.2783050077689328	0.0478454	0.00085
-0.0493	-0.7522	1.055	-0.008716174284459682	0.007278022980816354	-0.001839577031602023	0.99778599	63.63993454	0.9772774	0.1230167611640535	0.0494025	0.00125
-0.0954	-0.884	0.9711	-0.008726646259971648	0.008360127117052838	-0.002237512101056731	1.03479815	66.00061035	1.01388726	0.336325559060158	0.058049	0.00309
-0.0728	-0.8458	0.8574	-0.008499753457212385	0.007571238295151402	-0.002303834612632515	1.03445041	65.9784317	0.99910622	0.2286052068118241	0.0530308	0.00287
-0.0689	-0.8512	0.8194	-0.00825191670342919	0.007367034772668065	-0.0022968532956245376	0.95631993	60.99518204	0.93868938	0.07025107966372546	0.0524817	0.00274
-0.0322	-0.8663	0.7564	-0.007866198938738442	0.0066374871453344355	-0.0019303341527057286	0.98978204	63.12943268	0.95416678	0.18888922674715933	0.053275	0.00343
-0.0456	-0.8093	0.9705	-0.009269443657341885	0.007150613945420769	-0.0019512781037296606	1.17152822	74.72141266	1.09012618	0.3813657734856853	0.0536436	0.00216
-0.0251	-0.7205	1.0632	-0.009897762188059843	0.0067980574365179135	-0.0017348572764823637	1.02196217	65.18192291	0.99846363	0.26186479334340534	0.0509744	0.00139
-0.0146	-0.8635	0.9499	-0.009262462340333906	0.006663667084114349	-0.0016598081186466073	1.05889738	67.53768921	1.02698265	0.3090369678982629	0.0563836	0.00278
-0.0025	-0.8636	0.9362	-0.009128071987930345	0.00649786080517489	-0.0015498523757709647	0.96149659	61.32535553	0.94214794	0.046407618710933074	0.0556546	0.00288
0.0034	-0.8691	0.899	-0.008819148710327346	0.0062238441126117785	-0.0015498523757709647	0.97562104	62.22623062	0.94045372	0.07774699850830545	0.055412	0.00294
-0.022	-0.8849	0.9197	-0.009039060196078634	0.006155776271784001	-0.0016004669240788003	0.97772318	62.36030579	0.9478437	0.07882969374434502	0.0550274	0.00322
-0.038	-0.8541	0.9666	-0.009236282401553992	0.005852088981936987	-0.001668534764906579	0.94859892	60.50272751	0.93766328	0.1221488668075076	0.0526242	0.00244
-0.045	-0.8231	0.9799	-0.009199630487262111	0.005593780252641826	-0.0016982053621904826	0.93093902	59.37635803	0.91985762	0.06753156204354711	0.0508565	0.002
-0.0487	-0.8616	0.955	-0.008974483013754843	0.0055920349233898325	-0.0017575465567582897	0.96836329	61.76332092	0.947341	0.08141169986635349	0.0525467	0.00264
-0.0598	-0.9251	0.8886	-0.008143706289805541	0.0057037359955174685	-0.0019285888234537342	0.97594172	62.24668121	0.95475517	0.19667600313861913	0.0546482	0.00346
-0.0694	-0.886	0.842	-0.007566002307395418	0.005420992656694387	-0.0021327923459370708	0.92660153	59.09970856	0.92419766	0.1485325421858271	0.0515622	0.00313
-0.0822	-0.8238	0.8873	-0.007883652231258387	0.005286602304290824	-0.002150245638457014	0.96176374	61.34239578	0.95280978	0.1437746784393238	0.048285	0.00214
-0.0843	-0.7344	0.9351	-0.008218755447641298	0.004857251308300219	-0.0020751964806212577	0.98322457	62.71118927	0.96356376	0.18127516851046363	0.0428531	0.00123
-0.0782	-0.7832	0.9054	-0.007803367085666647	0.0047856928089684515	-0.00209614043164519	0.92640579	59.08722305	0.92997881	0.10999454061651756	0.0451312	0.00135
-0.0949	-0.8344	0.8499	-0.007194247176720626	0.005061454830783556	-0.0021676989309769574	0.97493559	62.18251038	0.95363575	0.17122202150464463	0.0478347	0.00211
-0.0994	-0.7795	0.829	-0.006914994496401533	0.005080653452555493	-0.0022479840765686964	0.9668864	61.6691246	0.94202548	0.09923682238413854	0.0433124	0.00157
-0.112	-0.7351	0.9039	-0.007859217621730466	0.005017821599483697	-0.002371902453460294	0.97670835	62.295578	0.9535085	0.1884486677646164	0.0419018	0.00101
-0.1105	-0.7112	0.9346	-0.008114035692521638	0.005000368306963754	-0.0022654373690886398	0.9389118	59.88487244	0.9195649	0.07503682238413831	0.041505	0.00091
-0.1187	-0.8369	0.8885	-0.007433357284243849	0.005386086071654501	-0.002441715623540067	0.99955904	63.75302124	0.98062383	0.2421337213709981	0.0490617	0.00195
-0.1237	-0.8595	0.8703	-0.006976081020221335	0.005424483315198376	-0.002490584842595908	0.95268154	60.76312256	0.93727616	0.07302713633111153	0.0492718	0.00236
-0.1285	-0.8268	0.8626	-0.006869615935849681	0.005270894341022875	-0.0026057765732275338	0.93234861	59.46626282	0.92570466	0.06396228945893907	0.0464956	0.00178
-0.1443	-0.7509	0.8975	-0.007185520530460655	0.005394812717914472	-0.0025918139392115793	0.97752774	62.34783936	0.9365809	0.14928928027592622	0.0431701	0.00124
-0.1459	-0.7091	0.9161	-0.007140141969908803	0.005431464632206353	-0.0026930430358272505	0.96881628	61.79221344	0.93761885	0.07116297857297034	0.0417432	0.00087
-0.1784	-0.7649	0.8691	-0.006848671984825749	0.005852088981936987	-0.003078760800517997	1.00447679	64.06668091	0.98495266	0.1901906049752218	0.0477928	0.00187
-0.1949	-0.7812	0.8226	-0.005365142120630569	0.005719443958785417	-0.002958333082130389	0.96991909	61.86255264	0.96702461	0.1661301302867179	0.0461777	0.00188
-0.1576	-0.7366	0.7288	-0.004202752838802345	0.00602662190713642	-0.002457423586808016	1.13675988	72.50384521	1.09605605	0.27422383627507996	0.0511969	0.0022
-0.1077	-0.5893	0.6629	-0.003569198320328404	0.004487241506877421	-0.0019268434942017398	1.13378453	72.31407928	1.07474235	0.3982757505669608	0.0404021	0.00106
-0.1315	-0.5049	0.6708	-0.003300417615521277	0.004036946559862884	-0.0019024088846738192	0.99459028	63.43610764	0.97700814	0.1532755130674792	0.036455	0.00079
-0.2575	-0.4344	0.7608	-0.003490658503988659	0.004626867847036967	-0.0026267205242514655	1.11220336	70.93760681	1.06020177	0.3617236907609557	0.0330746	0.00027
-0.2311	-0.5848	0.7605	-0.0035831609543443585	0.004000294645571003	-0.002518510110627818	1.00667369	64.20680237	0.98741114	0.21846430327226565	0.0331638	0.00041
-0.244	-0.7437	0.7252	-0.0029548424236264	0.0042882739721500675	-0.0027855454861829498	1.01257491	64.58319092	0.98818479	0.26626666164260776	0.0427092	0.00165
-0.2462	-0.7217	0.7088	-0.0027890361446869386	0.004167846253762459	-0.002892010570554604	0.94957024	60.56467819	0.92538614	0.06023495408493621	0.0407886	0.00149
-0.2527	-0.7138	0.7252	-0.0031293753488258326	0.004085815778918725	-0.0028902652413026098	0.94246632	60.11158371	0.9258374	0.05200575041173108	0.0405661	0.00139
-0.2572	-0.6362	0.7857	-0.003892084231947355	0.003871140280923423	-0.0029618237406343773	0.95348775	60.81454086	0.94876239	0.1950471440224296	0.0369401	0.00077
-0.2493	-0.735	0.7294	-0.003342305517569141	0.004103269071438669	-0.002904227875318564	0.97984123	62.49539948	0.96359839	0.2049751685104636	0.0429593	0.00171
-0.2497	-0.7704	0.7222	-0.0031049407392979124	0.0041329396687225725	-0.002925171826342496	0.93763971	59.80373764	0.92992977	0.05739896632895331	0.0447699	0.00201
-0.2563	-0.6866	0.7237	-0.003008947630438224	0.0039723693775390945	-0.002925171826342496	0.94569337	60.31740952	0.93668294	0.10472817000215832	0.0405992	0.00139
-0.2819	-0.645	0.7712	-0.003267256359733385	0.004207988826558329	-0.0031415926535897933	0.93438631	59.59622955	0.92814614	0.1502174502780846	0.0391967	0.00089
-0.2841	-0.5444	0.8986	-0.004066617157146788	0.0039671333897831115	-0.0031834805556376572	1.02936363	65.6539917	0.98890975	0.28430520681182414	0.035936	0.00037
-0.2783	-0.623	0.8517	-0.004117231705454623	0.004948008429403923	-0.0032463124087094525	1.00542629	64.12724304	0.97388945	0.18601607205002207	0.0394089	0.00073
-0.2538	-0.7319	0.837	-0.004626867847036967	0.005427973973702364	-0.0032306044454415038	0.98716885	62.96276093	0.96477063	0.19836548245743668	0.0434564	0.00102
-0.1795	-0.759	0.7092	-0.004799655442984407	0.00574038790980935	-0.0029705503868943488	1.08779347	69.38071442	1.02182083	0.26646277953007885	0.0450261	0.00162
-0.1578	-0.8184	0.5459	-0.003991567999311032	0.005279620987282846	-0.0030525808617380824	1.11533618	71.13742065	1.04642058	0.3119442420521806	0.0502204	0.0031
-0.1748	-0.7998	0.6384	-0.004796164784480418	0.006222098783359784	-0.0031956978604016175	0.97968847	62.48565292	0.96095029	0.22260957899549288	0.0480086	0.00256
-0.2039	-0.7127	0.7756	-0.0055710909723658995	0.006150540284028017	-0.003159045946109736	1.04826045	66.85925293	1.00794991	0.29755683007545647	0.042294	0.00111
-0.217	-0.6854	0.7963	-0.005482079180514189	0.005429719302954359	-0.0031468286413457764	0.96185899	61.34846878	0.94335487	0.10220250388446644	0.0401178	0.00086
-0.2168	-0.8056	0.7207	-0.0045867252742410975	0.005298819609054784	-0.0031468286413457764	0.96216005	61.36767197	0.95667829	0.24731268000863327	0.0460716	0.00214
-0.2314	-0.8197	0.6894	-0.004085815778918725	0.005148721293383272	-0.0032218777991815323	0.93040866	59.34253311	0.92692057	0.096302848441482	0.047821	0.00253
-0.2353	-0.7569	0.6862	-0.004031710572106902	0.004970697709679851	-0.0031712632508736965	0.9443562	60.23212051	0.93967622	0.08403716694115396	0.0435352	0.0017
-0.2545	-0.6876	0.7697	-0.004778711491960474	0.005033529562751646	-0.0031956978604016175	0.97876042	62.42646408	0.96828109	0.2137133691226644	0.0400603	0.00101
-0.2531	-0.6001	0.8201	-0.005445427266222308	0.004839798015780276	-0.00314857397059777	0.96413463	61.4936142	0.9560456	0.18467856055185264	0.035844	0.00055
-0.2541	-0.6952	0.7474	-0.0048415433450322695	0.0051399946471233	-0.003166027263117714	0.98531967	62.84481812	0.95664618	0.21487669225265052	0.041187	0.00117
-0.2548	-0.7441	0.7259	-0.004131194339470578	0.005115560037595381	-0.0032463124087094525	0.96927214	61.82128906	0.95062291	0.11185343803406744	0.0432827	0.00189
-0.2353	-0.6774	0.7182	-0.003920009499979264	0.005286602304290824	-0.003239331091701475	0.97013164	61.87611008	0.9489115	0.11336042115973675	0.0390279	0.00119
-0.2105	-0.7094	0.6844	-0.0038938295611993493	0.005407030022678433	-0.003110176727053895	0.96820408	61.7531662	0.94019846	0.1043881010907552	0.0417794	0.00141
-0.2099	-0.7072	0.9696	-0.007070328799829028	0.0066217791820664855	-0.003043854215478111	1.32644475	84.60216522	1.1766347	0.5108785454796758	0.0469254	0.00103
-0.1867	-0.6373	1.0913	-0.008002334620394002	0.005972516700324595	-0.0029129545215785357	1.0887872	69.44409943	1.03345553	0.3004083998103219	0.0446411	0.00049
-0.2063	-0.7196	0.9772	-0.006709045644666203	0.005501277802286126	-0.0030211649352021846	1.06597805	67.98930359	1.01190146	0.3096369143694958	0.0463261	0.00099
-0.2096	-0.8053	0.898	-0.00564788545945365	0.005503023131538122	-0.0030124382889422127	1.0185287	64.96292877	0.98097264	0.22178160803622596	0.0481758	0.00173
-0.2063	-0.7857	0.8122	-0.004888667234836118	0.005218534463463045	-0.0029967303256742636	0.98082244	62.55797958	0.95618864	0.16167074279802793	0.0444135	0.00151
-0.2026	-0.7586	0.7573	-0.004323180557189954	0.004988151002199794	-0.0029618237406343773	0.96279347	61.40807343	0.92939965	0.12723883619746504	0.042929	0.00152
-0.2208	-0.6917	0.8449	-0.005345943498858631	0.004937536453891958	-0.0029321531433504737	1.00271595	63.95437241	0.96703587	0.22785240436302087	0.0389908	0.00086
-0.2153	-0.6465	0.8883	-0.005689773361501514	0.004803146101488395	-0.0028571039855147177	0.95136034	60.6788559	0.93855915	0.12176346864411008	0.0359989	0.00044
-0.2244	-0.7369	0.8531	-0.005324999547834699	0.005265658353266893	-0.0030176742766981957	0.9288187	59.2411232	0.92983954	0.18409281783143955	0.0417398	0.00097
-0.234	-0.745	0.8436	-0.0049741883681838385	0.005483824509766183	-0.003157300616857742	0.92298609	58.86911011	0.91889668	0.06263018381548484	0.042724	0.00118
-0.222	-0.7079	0.844	-0.004379031093253773	0.005094616086571448	-0.0031503192998497648	0.95659626	61.01280594	0.93321534	0.0990673507566389	0.0394875	0.00088
-0.1848	-0.715	0.7799	-0.00451865743341332	0.005461135229490257	-0.0029845130209103033	0.95731896	61.05890274	0.94541646	0.14199758810089083	0.0388665	0.00097
