trans_x	trans_y	trans_z	rot_x	rot_y	rot_z	dvars_std	dvars_nstd	dvars_vstd	framewise_displacement	aqi	aor
0.0	-0.0	0.0	-0.0	0.0	-0.0	n/a	n/a	n/a	n/a	0.0194349	0.00572
-0.007	0.0438	-0.0272	-9.250245035569947e-05	-0.0003874630939427412	-0.00041713369122664475	1.0648632	54.17750931	1.02276909	0.12285496177625425	0.0235686	0.0096
0.0062	0.0484	0.0085	-0.00017802358370342162	-0.0005707226654021458	0.00015184364492350666	1.07394445	54.63953781	1.02912831	0.09538790204786388	0.021042	0.00662
0.03	0.0687	0.0758	-0.00011519173063162575	-0.0004468042885105483	0.0007941248096574199	1.06776488	54.32513809	1.06119484	0.15285156973486533	0.0181462	0.00402
0.0371	-0.0573	0.0685	-1.7453292519943294e-06	-0.000460766922526503	0.0012130038301360591	1.11064625	56.50683212	1.07266632	0.16771440279371128	0.0152274	0.00154
0.0238	-0.1408	0.0277	0.00010471975511965978	-3.839724354387525e-05	0.0010314895879286487	1.06772637	54.32317734	1.04304462	0.17311745027808464	0.0151667	0.00173
0.0079	-0.0794	0.0054	-0.00031415926535897925	0.0002373647782712288	0.0005375614096142535	1.04044437	52.93514252	1.02062029	0.1590284610304069	0.0164396	0.00197
0.0086	-0.041	0.0397	-0.0006963863715457374	-0.00010821041362364843	0.000460766922526503	1.07420242	54.65266418	1.01889527	0.11362983925846928	0.0164167	0.0015
0.0142	0.0204	0.089	-0.000726056968829641	-0.0002373647782712288	0.0005497787143782138	1.08430374	55.16659164	1.02572643	0.12869183768915973	0.015833	0.00135
0.0138	-0.026	0.115	-0.0005794493116621174	-0.00023911010752322313	0.0005567600313861911	1.00622952	51.19437408	1.01194321	0.08056671517137473	0.0140543	0.00073
0.0134	-0.121	0.1093	-0.00038397243543875244	-5.235987755982988e-06	0.0007068583470577034	1.04911757	53.37640762	1.01080114	0.13007246558310587	0.0129306	0.00067
0.0097	-0.1579	0.0903	-0.0003630284844148205	8.37758040957278e-05	0.000804596785169386	1.02518237	52.15864944	0.98770379	0.06998470904936627	0.0129163	0.00062
0.0027	-0.1092	0.0435	-0.00041015237421866745	0.00034208453339088857	0.0005375614096142535	1.05853009	53.85529327	1.02499475	0.13112339973270704	0.014355	0.00097
-0.0074	-0.0665	0.0204	-0.0003298672286269283	0.000460766922526503	0.00026354471705114377	1.04101086	52.96395874	1.01966334	0.09954921136452317	0.0166598	0.00157
0.0037	0.0234	0.0399	-0.0002897246558310587	0.0003717551306747922	0.000645771823237902	1.07899749	54.89662552	1.04403088	0.14606907354171692	0.0168772	0.00206
0.0068	-0.0108	0.0561	-0.0004747295565424576	0.00029321531433504735	0.000900589894029074	1.03104806	52.45708084	1.02889557	0.0794181393921158	0.0153503	0.00184
0.0093	-0.0946	0.0226	-0.00027576202181510406	0.0003054326190990077	0.0008779006137531476	1.07840943	54.86670303	1.02703492	0.131493705988362	0.0153352	0.00137
0.0038	-0.0487	-0.0169	-0.0001972222054753592	0.0006544984694978735	0.000726056968829641	1.05678928	53.76672745	1.05485843	0.11987246558310587	0.0173679	0.00282
0.0044	-0.0068	-0.0139	-0.00032812189937493397	0.000710349005561692	0.0007609635538695277	1.01207483	51.4917717	0.99152876	0.056582840750164	0.0177957	0.00308
0.0132	0.0254	0.0271	-0.0004729842272904633	0.0005811946409141118	0.0007906341511534313	1.0264703	52.2241745	0.99218668	0.09718436449235064	0.0169804	0.00211
0.011	-0.0132	0.0857	-0.0006003932626860494	0.00038571776469074686	0.0008674286382411819	1.05406535	53.6281395	1.04925248	0.11938401993533508	0.0137498	0.00061
0.0113	-0.0762	0.0816	-0.0003577924966588376	0.0003892084231947355	0.0009564404300928925	1.02284372	52.03966141	0.98836462	0.08415516081914554	0.0125749	0.00039
0.0111	-0.1501	0.0558	-0.00014137166941154068	0.0006422811647339132	0.0010105456369047167	1.0367614	52.74776077	1.00420113	0.12607993877991494	0.0132543	0.00065
0.0032	-0.1064	0.0247	-0.0002181661564992912	0.0006998770300497262	0.0006946410422937432	1.05913138	53.88588715	1.00548535	0.10521474735072686	0.0146497	0.00116
0.0031	-0.0407	0.0045	-0.0003316125578789226	0.0007871434926494425	0.0005288347633542819	1.03044605	52.42645264	1.01071971	0.10432595714594044	0.0161358	0.00185
0.0069	-0.0196	0.0121	-0.00034208453339088857	0.000635299847725936	0.0004363323129985824	1.00918937	51.34496307	0.97554336	0.0452409035395586	0.0170313	0.00211
0.0133	0.0312	0.0565	-0.00045553093477052	0.0005026548245743669	0.0005375614096142535	1.06037426	53.94911957	1.00487706	0.11896602605734356	0.0162821	0.00179
0.0043	0.024	0.0931	-0.0007138396640656808	0.0003525565089028545	0.0005235987755982988	1.02630281	52.21565628	0.98134946	0.07391848394913139	0.0149497	0.00092
0.0011	-0.0731	0.082	-0.0005916666164260777	0.0002478367537831948	0.0005183627878423159	1.01468647	51.62464142	1.02145501	0.12300643952576226	0.0131747	0.00044
0.0019	-0.1433	0.0719	-0.0005724679946541401	0.0005270894341022875	0.0007452555906015787	1.03530872	52.67385101	1.00321148	0.10736720524251465	0.0127665	0.00053
0.0093	-0.1281	0.0466	-7.155849933176751e-05	0.00045553093477052	0.000778416846389471	1.0485847	53.34929657	1.0413418	0.07818146252210163	0.0140818	0.00099
0.0181	-0.0684	0.061	-0.0006649704450098395	0.0010786134777324957	0.0008918632477691023	1.07905185	54.89939117	1.03855265	0.14939704450098396	0.013405	0.00076
0.0169	0.0194	0.043	-0.0004433136300065597	0.0007539822368615504	0.0005742133239061344	1.12507629	57.24099731	1.16810086	0.15019689898685967	0.0176362	0.00272
0.0002	-0.0148	0.0231	-0.00040840704496667313	0.0001361356816555577	9.42477796076938e-05	1.10356534	56.14657211	1.10017891	0.127435934227216	0.0185612	0.00345
0.0013	0.0419	0.0532	-0.00035081117965086024	3.665191429188092e-05	0.00023387411976724014	1.06213951	54.0389328	1.06719442	0.10273529864195179	0.0186183	0.00334
0.0072	0.0323	0.1065	-0.0005497787143782138	0.0	0.000322885911618951	1.00104845	50.93077469	0.99301184	0.08503156204354727	0.0162952	0.00166
0.0087	-0.0747	0.0898	-0.000153588974175501	0.00016929693744344995	0.0006283185307179585	1.0486995	53.35513687	1.04281655	0.1687459648372585	0.0140601	0.00094
0.0124	-0.1223	0.044	0.00034906585039886593	0.0003961897402027128	0.0007417649320975902	1.07209718	54.5455513	1.01896691	0.1392497014356631	0.015053	0.00171
0.0113	-0.0802	0.0059	0.0003787364476827695	0.0005480333851262194	0.0005445427266222308	1.03408098	52.61138535	1.01602954	0.1002368223841385	0.01642	0.0024
0.0135	-0.0537	0.0203	0.00026878070480712676	0.00042411500823462205	0.0005218534463463045	1.03047979	52.42816925	0.98851087	0.05592817000215832	0.0175205	0.00229
0.013	0.0023	0.084	-0.00012042771838760874	0.00017278759594743863	0.0004485496177625427	1.07773447	54.83236313	1.0404173	0.15589198320328404	0.0164889	0.00151
0.02	-0.0455	0.1068	-0.000312413936106985	8.028514559173915e-05	0.0006335545184739417	1.03832316	52.82722092	0.99958143	0.10107467843932375	0.0139613	0.00073
0.0307	-0.1543	0.0709	-0.00010995574287564276	0.00011344640137963142	0.000874409955249159	1.07066274	54.47257233	1.03976058	0.1792237442897226	0.013676	0.00092
0.0255	-0.0994	0.0374	0.00013788101090755203	0.00027576202181510406	0.000609119908946021	1.02066875	51.92900848	1.05165171	0.12737212102609027	0.0155735	0.00173
0.0218	-0.0414	0.0314	0.0001012290966156711	0.00020594885173533088	0.0006265732014659643	1.07011497	54.44470596	1.01223825	0.07389591884457987	0.0162691	0.00221
0.0263	0.0163	0.1054	-0.00038571776469074686	0.00012217304763960306	0.0009546951008408983	1.06891215	54.38350677	1.04633044	0.18114222823885395	0.014407	0.00104
0.0228	-0.0551	0.0973	-0.0004939281783143952	0.00015533430342749534	0.0011641346110802177	1.03598285	52.70814896	1.01399236	0.100540558982543	0.0129072	0.00049
0.0176	-0.1239	0.0611	-0.0003630284844148205	0.0002897246558310587	0.0011903145498601325	1.03934908	52.8794136	1.00388048	0.12477349925415263	0.0131168	0.00077
0.0094	-0.0672	0.0202	-0.0001675516081914556	0.00048171087355043494	0.0008517206749732328	1.0537703	53.61312866	1.01692668	0.14210284844148202	0.0152252	0.00172
0.0183	-0.0419	0.0556	-0.0002513274122871834	0.00032812189937493397	0.0009442231253289323	1.0237633	52.08644867	1.00193967	0.08609336143134641	0.0148291	0.00103
0.0203	-0.0057	0.0931	-0.0005323254218582705	0.0001832595714594046	0.0010611601852125523	1.08074021	54.98528671	1.03769906	0.1028398698685118	0.0147598	0.00161
0.015	-0.1076	0.0526	-0.0005689773361501514	0.00031415926535897925	0.0011780972450961724	1.1135304	56.65357208	1.05890146	0.1619244334037538	0.0127247	0.00056
0.0062	-0.0984	0.0226	-0.00033684854563490564	0.0006213372137099814	0.0008395033702092724	1.00980282	51.37617874	0.973881	0.0918950306876574	0.014705	0.00128
-0.005	-0.0507	0.0159	-0.00017278759594743863	0.0008726646259971648	0.0008133234314293575	1.07108581	54.49409485	1.01737407	0.08767841503772826	0.0157983	0.00178
0.0012	0.0009	0.064	-0.00032812189937493397	0.0006841690667817771	0.0010314895879286487	1.05728221	53.79180527	1.01551262	0.1339998009571087	0.0142741	0.00103
0.0007	-0.006	0.113	-0.00039269908169872416	0.00047647488579445195	0.001048942880448592	1.02551115	52.17537689	0.99401053	0.07088623279155293	0.0137393	0.00055
-0.0037	-0.1029	0.084	-0.0003769911184307752	0.0004136430327226561	0.0013281955607676848	1.07189584	54.53530884	1.04749301	0.14818962483294187	0.0120838	0.00038
-0.0134	-0.1544	0.0698	-0.00038397243543875244	0.000778416846389471	0.0015132004614790836	1.04119015	52.9730835	0.98942475	0.10323800156930955	0.0116838	0.00036
-0.0171	-0.0693	0.0489	-0.00029496064358704166	0.0011239920382843482	0.0013037609512397642	1.01515698	51.64858246	1.03644141	0.14190132469929537	0.0130495	0.00071
-0.0116	-0.0189	0.0963	-0.0005201081170943102	0.0010245082709206715	0.0013753194505715315	1.07928944	54.91147614	1.01825331	0.1231094870101356	0.0127737	0.00047
-0.0172	-0.0244	0.083	-0.0007539822368615504	0.0010175269539126942	0.0014433872913993105	1.03807044	52.81435776	0.99279656	0.03984616388014982	0.0128274	0.00042
-0.0197	-0.1298	0.057	-0.0005864306286700947	0.0013159782560037243	0.001408480706359424	1.05218947	53.53269958	1.02756675	0.1589454747661186	0.0121677	0.0004
-0.0237	-0.0667	0.0363	-0.0003787364476827695	0.0015498523757709647	0.0010873401239924673	1.06552219	54.21103287	1.02528085	0.1259354441560761	0.0142927	0.001
-0.0271	-0.0308	0.0455	-0.0004485496177625427	0.00152367243699105	0.001129228026040331	1.03637516	52.72811127	0.98745247	0.05539405054537758	0.0143058	0.00098
-0.0188	0.0148	0.1034	-0.000726056968829641	0.0014695672301792255	0.001322959573011702	1.02792454	52.29816437	1.01784796	0.13806720524251467	0.0128059	0.00055
-0.0101	-0.0372	0.0905	-0.000757472895365539	0.0015306537539990272	0.0015184364492350666	1.01168072	51.47172165	0.99376356	0.08799896632895321	0.0118675	0.0003
-0.0168	-0.1176	0.0842	-0.000609119908946021	0.0016126842288427606	0.0013020156219877698	1.08499837	55.20193481	1.05039456	0.1157402144255274	0.0118873	0.00049
-0.0126	-0.0405	0.0701	-0.00015184364492350666	0.0011222467090323538	0.0009372418083209549	1.06235945	54.05012131	1.12216338	0.1610243798749868	0.0140442	0.00101
-0.0176	-0.0705	0.071	-0.0002513274122871834	0.0007888888219014368	0.0006387905062299246	1.05843115	53.85026169	1.05251291	0.07246464782928118	0.0146987	0.00113
-0.0243	-0.0249	0.0669	-0.0001308996938995747	0.0007173303225696694	0.0004328416544945937	1.05717707	53.78645706	1.0555417	0.07629675347273533	0.0165427	0.00214
-0.0059	0.0397	0.1128	-0.0002251474735072685	0.0005811946409141118	0.0006387905062299246	1.06470072	54.16923904	1.04803441	0.1507166156499291	0.0162971	0.00153
-0.0041	-0.0484	0.1106	-0.0004188790204786391	0.0006789330790257941	0.0008779006137531476	0.99529529	50.63806915	1.04642053	0.1186290046303138	0.0127722	0.00047
-0.0026	-0.1504	0.0728	1.7453292519943296e-05	0.0007906341511534313	0.0009861110273767962	1.03065336	52.43699646	1.01375179	0.1741121899374934	0.0129485	0.00071
-0.0053	-0.0853	0.0434	2.792526803190927e-05	0.0009372418083209549	0.0008709192967451704	1.09453273	55.68701935	1.01633667	0.11081356816555576	0.0147581	0.00124
-0.0007	-0.0486	0.0813	-0.00041538836197465044	0.0004991641660703782	0.0009093165402890458	1.05308998	53.5785141	1.0114492	0.12518942579005057	0.013291	0.00055
0.0042	-0.0024	0.1404	-0.0005881759579220891	0.0003159045946109737	0.0009599310885968812	1.06209767	54.0368042	1.03413136	0.13053308578573392	0.0143032	0.00058
-0.0019	-0.0977	0.111	-0.0004433136300065597	0.00040666171571467877	0.0011955505376161158	1.1046114	56.19979095	1.09044298	0.15436194490192343	0.0134398	0.00116
-0.0076	-0.092	0.0873	-0.00042236967898262774	0.0006073745796940267	0.0009634217471008699	1.06611311	54.24110031	1.0363999	0.05778928027592628	0.0126168	0.00063
-0.0022	-0.0505	0.0745	-0.00039968039870670147	0.0005811946409141118	0.0008342673824532895	1.01325536	51.55183029	0.98679645	0.06860117918517109	0.0141788	0.00085
0.0052	-0.0115	0.1433	-0.0006667157742618339	0.00026354471705114377	0.0008936085770210966	1.06249988	54.05726624	1.01626157	0.14740132469929543	0.0134109	0.00052
-0.0084	-0.0435	0.1419	-0.0008447393579652555	0.0002844886680750757	0.0010122909661567112	1.02009797	51.89996719	1.00246472	0.06288249619314841	0.0121439	0.00032
-0.0182	-0.1358	0.1087	-0.0005672320068981572	0.0006667157742618339	0.0009669124056048585	1.03842473	52.83238602	1.00345689	0.17055565089028543	0.0115512	0.0004
-0.0218	-0.0835	0.0811	-0.0004258603374866164	0.0007871434926494425	0.0007557275661135446	1.05380964	53.61513138	1.00866836	0.10714921136452316	0.0132918	0.00065
-0.027	-0.0497	0.0818	-0.0005044001538263612	0.0005497787143782138	0.0009197885158010115	1.02532947	52.16613007	0.98272616	0.06369827721492202	0.0132728	0.00064
-0.0219	-0.0258	0.0937	-0.0005288347633542819	0.0001256637061435917	0.0009424777960769379	1.00804877	51.28693771	0.98068368	0.06446194490192346	0.0143753	0.00075
-0.0217	-0.0726	0.089	-0.0003787364476827695	0.0003385938748868999	0.0009512044423369096	1.03228474	52.51999664	0.99173049	0.07028775653373961	0.0137394	0.00073
-0.0246	-0.0571	0.0734	-0.0005375614096142535	0.0005253441048502931	0.0008342673824532895	1.04965436	53.40372086	1.0094593	0.05712561258892485	0.0140581	0.00104
-0.0165	-0.0431	0.0789	-0.0007644542123735164	0.0005201081170943102	0.0008552113334772215	1.03314638	52.56383896	1.02695514	0.04025363707695887	0.0137003	0.00061
-0.0187	0.0125	0.1326	-0.0011257373675363424	0.00028274333882308137	0.0008691739674931761	1.07449853	54.66772842	1.0244818	0.14213052837250048	0.0137289	0.00052
-0.0233	-0.0278	0.1262	-0.0011065387457644049	0.0003822271061867582	0.0008569566627292158	1.01653802	51.71884537	0.99261227	0.05784498469497872	0.0123913	0.00025
-0.0283	-0.1048	0.1002	-0.0008150687606813518	0.0007592182246175333	0.0006859143960337716	1.03775251	52.79818726	1.00264319	0.14997516851046364	0.012236	0.00035
-0.0256	-0.0641	0.0889	-0.0008237954069413235	0.0008813912722571365	0.000577703982410123	1.06062722	53.96199036	0.99700904	0.06665550537616115	0.0131214	0.00042
-0.0124	-0.0132	0.119	-0.0011344640137963143	0.0005846852994181004	0.0006021385919380437	1.06515563	54.19238281	1.00512825	0.12579045946109735	0.0127866	0.00034
-0.0102	-0.0118	0.1778	-0.0013735741213195373	0.000445058959258554	0.0006161012259539982	1.02753651	52.27841949	0.99455623	0.0820349540849362	0.012474	0.00027
-0.0126	-0.0994	0.1671	-0.0013124875974997359	0.00042411500823462205	0.0008779006137531476	1.07069385	54.47415543	1.02772763	0.11789149313214416	0.010972	0.00022
-0.0142	-0.153	0.1315	-0.001186823891356144	0.0005166174585903216	0.0009564404300928925	1.0724932	54.56570053	1.05062544	0.1056352986419518	0.0111319	0.00045
-0.0062	-0.0797	0.1086	-0.001350884841043611	0.000661479786505851	0.0008691739674931761	1.05235744	53.54124451	1.03091164	0.12400948701013564	0.011586	0.00025
-0.0052	-0.0525	0.1105	-0.0010192722831646884	0.00041015237421866745	0.0010838494654884787	1.06580508	54.22542572	1.03718612	0.06998077340807043	0.0124084	0.00029
0.0016	-0.007	0.1399	-0.0012269664641520136	0.00037350045992678646	0.0011484266478122688	1.0450772	53.17084503	1.00416299	0.0971461638801498	0.0119073	0.00025
-0.0062	-0.0596	0.1379	-0.0012880529879718153	0.0005550147021341969	0.0011327186845443199	1.0118804	51.48187637	0.98059019	0.07531543646475805	0.0105125	8e-05
-0.0098	-0.1277	0.114	-0.001043706892692609	0.0007766715171374765	0.0010629055144645468	1.04280531	53.05525589	1.00561845	0.12239080401811293	0.0107883	0.00023
-0.0164	-0.0692	0.0801	-0.0007470009198535729	0.0010402162341886204	0.0008325220532012951	1.09091532	55.50297165	1.02149906	0.1385317075576716	0.0123901	0.00039
-0.0155	-0.0372	0.0705	-0.0007749261878854823	0.0010925761117484504	0.0007557275661135446	1.03297281	52.55500412	0.98806972	0.0503539816339745	0.0129545	0.00043
-0.0049	-0.0262	0.062	-0.0007487462491055673	0.0012217304763960308	0.0008447393579652555	1.02649224	52.22529221	0.97723847	0.0423173047639603	0.0137136	0.00061
-0.0037	-0.0117	0.0657	-0.0007173303225696694	0.0011798425743481666	0.0008813912722571365	1.04552448	53.19360352	0.9922978	0.024897787143782147	0.0136381	0.00068
0.0028	0.0181	0.1311	-0.0010367255756846318	0.0008569566627292158	0.0008517206749732328	1.03616142	52.71723175	1.01105648	0.13529758810089085	0.0125837	0.0004
0.006	-0.021	0.1522	-0.0015184364492350666	0.000640535835481919	0.001054178868204575	1.04311764	53.07115173	1.0030278	0.10842949470145372	0.0113723	0.00017
0.0094	-0.1403	0.0947	-0.0011833332328521555	0.0008063421144213803	0.00124965574442794	1.12887263	57.43414307	1.08622903	0.21501931857728684	0.0109811	0.0007
0.0202	-0.1111	0.0782	-0.0009756390518648303	0.0007278022980816354	0.0011728612573401894	1.03841543	52.83191299	1.01506316	0.07465142422074104	0.0115107	0.00025
0.0284	-0.0692	0.0785	-0.0008220500776893293	0.0007853981633974483	0.0014224433403753785	1.08950377	55.43115616	1.01047103	0.07343834612632513	0.0120988	0.00027
0.0126	-0.013	0.1281	-0.0010349802464326373	0.0007679448708775049	0.0012374384396639797	1.07715595	54.80292892	1.0160028	0.1423694180987325	0.0114815	0.00021
0.0054	-0.0619	0.15	-0.0009686577348568529	0.0007120943348136865	0.0011117747335203881	1.02371132	52.08380508	0.991294	0.09039183768915969	0.0111741	0.00018
0.01	-0.1536	0.11	-0.0007801621756414653	0.0010210176124166828	0.0014416419621473165	1.09013331	55.46318817	1.05665986	0.1776643032722656	0.0104758	0.0002
-0.0003	-0.0849	0.0902	-0.0008726646259971648	0.001244419756671957	0.00119729586686811	1.06917286	54.39677429	1.01751522	0.126812534494509	0.0107586	0.00021
0.0032	-0.0443	0.0994	-0.0010297442586766543	0.0011187560505283654	0.0010524335389525807	1.01113033	51.44371796	1.00583266	0.07468028333693053	0.0120374	0.00025
0.0105	-0.0055	0.1517	-0.0012793263417118436	0.0009197885158010115	0.001181587903600161	1.06536973	54.20327759	1.01345618	0.12728519912050615	0.0114765	0.00025
0.0099	-0.041	0.133	-0.0013473941825396225	0.0009669124056048585	0.001377064779823526	1.02243435	52.01883316	1.04676132	0.07033343034274954	0.0102178	0.00017
0.0135	-0.1361	0.0996	-0.0010506882097005862	0.0011030480872604163	0.001377064779823526	1.0670892	54.29076004	1.02806416	0.15374208272472967	0.0107685	0.00042
0.0098	-0.0919	0.075	-0.0009285151620609833	0.0012618730491919003	0.0011571532940722405	1.069839	54.43066406	1.01125066	0.09754547476611863	0.0115592	0.00033
0.0122	-0.0429	0.1035	-0.0009756390518648303	0.0010314895879286487	0.00124965574442794	1.03363872	52.58888626	1.02959522	0.0984004900711399	0.0112611	0.00014
0.0199	-0.0464	0.1511	-0.00091106186954104	0.0009616764178488756	0.0016022122533307947	1.03325248	52.56923294	1.00323552	0.08314734306532093	0.0108685	0.00022
0.0206	-0.1394	0.1136	-0.0010210176124166828	0.0009389871375729493	0.0017610372152622785	1.08199036	55.04889297	1.02037363	0.14577349925415267	0.00995338	0.00019
0.0151	-0.108	0.0852	-0.00102799892942466	0.0010681415022205296	0.001335176877775662	1.03939521	52.88176346	0.98685476	0.0933998009571087	0.0108978	0.00027
0.0141	-0.0731	0.0739	-0.0008325220532012951	0.0011344640137963143	0.0011309733552923255	1.01645362	51.71455002	0.98306354	0.07050014551412431	0.012338	0.00031
0.0072	-0.0371	0.1143	-0.0010629055144645468	0.0009686577348568529	0.0011501719770642632	1.05835891	53.84658813	1.00274358	0.10406941809873252	0.0115505	0.00022
0.0085	-0.0192	0.1662	-0.0013945180723434693	0.0009075712110370514	0.0014608405839192536	1.02842486	52.32361603	1.00322219	0.10626838442768571	0.0103474	9e-05
0.0164	-0.1211	0.1435	-0.0010943214410004448	0.0012374384396639797	0.00200363798128949	1.07573783	54.73078156	1.03211804	0.19114306286700944	0.00924498	0.00011
0.0134	-0.1263	0.1103	-0.0007347836150896127	0.001377064779823526	0.0019163715186897737	1.04157937	52.99288559	0.99401932	0.07072153143350474	0.0096665	0.00011
0.0106	-0.0889	0.1158	-0.0007190756518216638	0.001408480706359424	0.0017139133254584315	1.0185467	51.82104492	0.97819678	0.05817910415175945	0.00986731	0.00013
0.0156	-0.0659	0.1716	-0.0008848819307611251	0.0012025318546240932	0.0017435839227423352	1.07436967	54.66117096	1.01993507	0.1038712863979348	0.0103773	0.0002
0.0133	-0.0917	0.156	-0.0011938052083641214	0.0011379546723003027	0.0018989182261698304	1.04902923	53.37191772	1.00311295	0.0701417381677141	0.00877547	6e-05
0.0033	-0.1538	0.1268	-0.0011501719770642632	0.0014486232791552935	0.0017383479349863521	1.02794623	52.29926682	0.98428201	0.12704360646691634	0.00881845	8e-05
-0.0003	-0.1036	0.1008	-0.0010245082709206715	0.0015184364492350666	0.001424188669627373	1.04721415	53.27957153	0.99311203	0.10528180707911716	0.0104258	0.00021
-0.0027	-0.0712	0.0847	-0.0009023352232810684	0.0013997540600994523	0.0012863076587198209	1.04370832	53.1012001	0.999665	0.06983682238413846	0.0112177	0.0003
-0.0226	-0.0245	0.0956	-0.0011623892818282235	0.0012618730491919003	0.0008604473212332044	1.03833044	52.82758713	1.00065009	0.11868977034706618	0.0128814	0.00056
-0.0143	0.0049	0.1135	-0.0008429940287132613	0.0009145525280450286	0.0009093165402890458	1.06323755	54.09479523	1.04703505	0.09137924966588376	0.0138545	0.00063
-0.0116	0.0025	0.182	-0.0018168877513260971	0.0006998770300497262	0.0008447393579652555	1.03462827	52.63923264	1.08423674	0.1362573201465964	0.0120246	0.00033
-0.0144	-0.1375	0.1552	-0.0016231562043547262	0.000973893722612836	0.0010140362954087054	1.09875083	55.90162277	1.06604398	0.20145225884889653	0.00984317	0.00014
0.0002	-0.1947	0.0999	-0.0012269664641520136	0.0016755160819145565	0.0011763519158441782	1.07356572	54.62026978	1.01826913	0.19010638599699528	0.0102291	0.00024
0.0098	-0.1369	0.0408	-0.001158898623324235	0.0020856684561332234	0.0008011061266653974	1.09495783	55.70864487	1.04271433	0.1691733002112613	0.013408	0.00052
0.0117	-0.0774	0.0684	-0.0014660765716752368	0.0019373154697137059	0.0010035643198967395	1.07603943	54.74612427	1.02904384	0.12189945640009309	0.0123057	0.00025
0.0178	-0.0224	0.1224	-0.001439896632895322	0.0016231562043547262	0.001158898623324235	1.07013214	54.44557571	1.01543034	0.13988367537831947	0.0108237	0.00012
0.016	-0.0688	0.1585	-0.0014433872913993105	0.0014782938764391971	0.0015515977050229591	1.03954613	52.88944244	1.00167291	0.11135260340591208	0.0098924	0.00013
0.0142	-0.1686	0.1349	-0.0014137166941154068	0.0012636183784438947	0.002155481626212997	1.08743501	55.32590485	1.0465163	0.1676115008234622	0.00872618	0.0001
0.0157	-0.1117	0.1094	-0.0012880529879718153	0.0015393804002589986	0.00182212373908208	1.0378058	52.80089569	1.00833342	0.12063918075448062	0.00934261	7e-05
0.0176	-0.0796	0.0975	-0.0012112585008840647	0.0017540558982543013	0.0017034413499464657	1.03984225	52.90450287	0.98778139	0.06640761871093336	0.0104834	0.0002
0.0173	-0.0447	0.1367	-0.0014329153158873448	0.0015027284859671175	0.001647590813882647	1.05825102	53.84109497	1.00471804	0.10084173816771412	0.00995302	0.00015
0.0168	-0.0073	0.1865	-0.0018325957145940458	0.0011187560505283654	0.001473057888683214	1.02638793	52.21998215	0.99598952	0.1356092879672443	0.00997049	8e-05
0.0127	-0.122	0.1556	-0.0019024088846738192	0.0009861110273767962	0.0015114551322270892	1.09491813	55.70662308	1.054089	0.16174277183876087	0.00892389	5e-05
0.0091	-0.1459	0.1094	-0.0016022122533307947	0.0011065387457644049	0.001281071670963838	1.04863381	53.3517952	1.00164606	0.1062503905496942	0.00973785	0.0001
0.0079	-0.0941	0.0789	-0.0015376350710070042	0.0013055062804917586	0.0010053096491487337	1.01569879	51.67614746	0.98810994	0.11046533694331243	0.0109716	0.00015
0.0109	-0.0736	0.0854	-0.001500983156715123	0.001377064779823526	0.0010402162341886204	1.02787375	52.295578	0.97699181	0.03715584993317676	0.0113392	0.00016
0.014	-0.0232	0.1417	-0.0017226399717184032	0.0012130038301360591	0.0011780972450961724	1.07745385	54.81808853	1.03063251	0.13597993877991493	0.0104929	0.00013
0.0157	-0.0123	0.1942	-0.001820378409830086	0.0011693705988362008	0.0013107422682477415	1.01863241	51.82540131	1.02778216	0.07880083462815551	0.00987118	0.00017
0.0299	-0.0749	0.2104	-0.0016301375213627037	0.0012060225131280816	0.001520181778487061	1.02499199	52.14896011	0.9979222	0.11481661564992912	0.00952333	0.00039
0.08	-0.1706	0.2974	-0.000598647933434055	0.00027750735106709843	0.0020420352248333657	1.22052276	62.09706879	1.17717724	0.35689290981679683	0.0145071	0.00956
0.0581	-0.3176	0.3261	-0.0015603243512829306	0.0007173303225696694	0.0015882496193148398	1.15400732	58.71293259	1.12773929	0.29036424974349867	0.0143902	0.00593
0.0426	-0.4289	0.3481	-0.001403244718603441	0.0011047934165124105	0.0023509585024363614	1.15986347	59.01087952	1.10364112	0.21416258048718767	0.0163708	0.01026
0.0103	-0.3701	0.3008	-0.001361356816555577	0.001244419756671957	0.002197369528260861	1.08098471	54.99773026	1.048879	0.15515516081914557	0.0132656	0.00514
0.0147	-0.2729	0.2284	-0.0012042771838760874	0.001218239817892042	0.0021607176139689798	1.18099713	60.08610535	1.09533253	0.18499557428756436	0.0110941	0.00154
0.0267	-0.114	0.213	-0.0016231562043547262	0.0012723450247038664	0.0023911010752322315	1.17404997	59.73265076	1.10883543	0.22146838442768568	0.00832134	0.00012
0.0269	-0.0303	0.1817	-0.002150245638457014	0.0011955505376161158	0.0023527038316883565	1.08082747	54.98972702	1.04123935	0.1473140582366957	0.010411	0.00013
0.0222	0.0127	0.202	-0.002045525883337354	0.0011850785621041497	0.002155481626212997	1.07198679	54.53993988	1.00690865	0.08362069680534928	0.0113238	0.0002
0.0213	0.022	0.21	-0.00217293491873294	0.0011990411961201044	0.0021642082724729686	1.02885151	52.34532547	0.98994112	0.025704915783575588	0.0103793	0.0002
0.0232	-0.1164	0.1762	-0.0018762289458939042	0.001621410875102732	0.0023212879051524586	1.10068262	55.99990463	1.07353031	0.21790776422505764	0.00832844	7e-05
0.0218	-0.1285	0.1459	-0.0017278759594743865	0.0022898719786165604	0.002331759880664424	1.06956387	54.41666412	0.99590256	0.08516430327226557	0.00837344	6e-05
0.0194	-0.1211	0.1324	-0.0017837264955382047	0.00233001455141243	0.0022776546738526	1.00926721	51.34892654	0.97274957	0.0308049157835756	0.00823158	0.00011
0.0231	-0.151	0.1744	-0.001947787445225672	0.0022479840765686964	0.0024678955623199817	1.0318445	52.49760056	0.99441641	0.09741661564992912	0.00874329	0.00012
0.0307	-0.1377	0.2336	-0.0022078415037728267	0.0020996310901491783	0.002595304597715568	1.07709146	54.7996521	1.01712971	0.10689080401811296	0.00992894	0.00037
0.0208	-0.2036	0.2073	-0.0021101030656611444	0.00209614043164519	0.002659881780039358	1.03097832	52.45353317	1.00043197	0.11039031394697305	0.00889128	0.00022
0.0057	-0.2246	0.1789	-0.0020263272615654165	0.0023788837704682713	0.002134537675189065	1.04269302	53.04954529	0.99955044	0.1090931623884551	0.0109314	0.00073
0.0018	-0.1538	0.1603	-0.002064724505109292	0.002366666465704311	0.0018099064343181197	1.06827581	54.35113144	1.02040575	0.11206228945893908	0.0113271	0.00109
0.0062	-0.0867	0.1681	-0.0021118483949131386	0.0022968532956245376	0.0019216075064457567	1.02155113	51.97389984	0.99020343	0.09073190660056285	0.0112324	0.00104
0.016	-0.058	0.2145	-0.0022235494670407763	0.002092649773141201	0.0020525072003453313	1.02168655	51.98078918	0.98962407	0.10724021442552743	0.0117964	0.00151
0.0127	-0.0951	0.2029	-0.002267182698340634	0.0021118483949131386	0.00214850030920502	1.01578319	51.680439	0.98517367	0.0599412480965742	0.0114958	0.00157
0.0096	-0.1135	0.1926	-0.002228785454796759	0.002129301687433082	0.0019879300180215415	0.98418689	50.07290268	0.96411488	0.042621041362364845	0.0109523	0.00104
0.0185	-0.125	0.1729	-0.0016039575825827887	0.002251474735072685	0.002129301687433082	1.03841174	52.83172226	0.99956287	0.08451862946325567	0.0121586	0.00187
0.0263	-0.1241	0.1833	-0.002239257430308725	0.002008873969045473	0.0022898719786165604	1.0501231	53.42757034	1.00734711	0.0710235452468313	0.0110513	0.00134
0.0318	-0.0956	0.1956	-0.002494075501099897	0.0018465583486100008	0.0022444934180647076	0.98361713	50.04391479	0.96547592	0.06942561258892486	0.0101761	0.00087
0.0346	-0.1799	0.1594	-0.0021223203704251047	0.002087413785385218	0.0023439771854283846	1.02875447	52.34038925	0.99744222	0.15890471674068435	0.0103486	0.00096
0.0179	-0.1743	0.1383	-0.002049016541841343	0.0020839231268812296	0.0018797196043978928	1.01112723	51.44355774	0.97879309	0.07045260340591207	0.0106802	0.00081
0.0216	-0.1151	0.147	-0.0018448130193580064	0.0020193459445574393	0.001891936909161853	1.00507188	51.13547897	0.98744746	0.08564990047855436	0.0101133	0.00044
0.0396	-0.0816	0.2099	-0.0019792033717615696	0.0017540558982543013	0.0022724186860966175	1.03452158	52.63380051	1.02000373	0.1534081087820733	0.00948101	0.00033
0.0407	-0.1097	0.2265	-0.0022759093446006054	0.001837831702350029	0.002574360646691636	1.01653218	51.71854782	0.99084339	0.07992118687648912	0.00849771	0.00021
0.0367	-0.1695	0.193	-0.0023474678439323734	0.0018657569703819383	0.002466150233067988	1.02090979	51.94127274	0.98856986	0.10768470904936626	0.00771016	0.00014
0.0261	-0.138	0.1653	-0.0021938788697568722	0.0019774580425095754	0.0019844393595175526	0.99054098	50.39618301	0.97005138	0.10715004599267867	0.0080964	9e-05
0.0235	-0.1152	0.1581	-0.0019669860669976093	0.0020664698343612863	0.00200363798128949	1.03548622	52.68288422	0.98878312	0.049355160819145594	0.00828195	0.0001
0.0301	-0.0629	0.2179	-0.0018622663118779497	0.0019896753472735357	0.0024207716725161347	1.06975615	54.42644882	1.02844608	0.14863239667170275	0.00796801	5e-05
0.0384	-0.0968	0.2284	-0.0014905111812031574	0.0019163715186897737	0.002782054827678961	1.01521826	51.65169907	0.98971747	0.093017105721069	0.00792497	8e-05
0.0347	-0.2005	0.2086	-0.0016004669240788003	0.001963495408493621	0.0029059732045705585	1.06938577	54.40760422	1.01857183	0.14124990047855435	0.00728595	6e-05
0.0282	-0.1513	0.1977	-0.0019861846887695473	0.00209614043164519	0.002581341963699613	1.05180097	53.51293564	1.00067056	0.10874970143566312	0.00755835	0.00037
0.0283	-0.1534	0.1845	-0.00209614043164519	0.002106612407157156	0.002464404903815993	1.03042388	52.42531967	0.99010462	0.027268238913561456	0.0074833	5e-05
0.0329	-0.0886	0.2006	-0.002253220064324679	0.0019163715186897737	0.002408554367752175	1.04226267	53.02764893	0.98775776	0.10565855286053448	0.00730789	4e-05
0.0193	-0.0947	0.1982	-0.002637192499763432	0.0018186330805780916	0.0020751964806212577	1.01255429	51.51616669	0.97210412	0.06285343803406762	0.00728714	7e-05
0.0109	-0.1829	0.1777	-0.0026511551337793865	0.0020699604928652747	0.0019844393595175526	1.05745375	53.80053329	1.00121925	0.13490235837034215	0.00797355	7e-05
0.0083	-0.1094	0.1548	-0.0025918139392115793	0.0020699604928652747	0.0016441001553786586	1.07165015	54.52281189	1.01070139	0.11898401993533506	0.00844955	0.00013
0.0108	-0.0552	0.1467	-0.002595304597715568	0.0018744836166419098	0.0015865042900628454	1.02486312	52.14240646	0.98285279	0.07762817000215835	0.00918353	7e-05
0.0183	-0.0408	0.1999	-0.0027942721324429216	0.0018046704465621369	0.0017435839227423352	1.03042471	52.42536545	0.99059551	0.0963930168743308	0.00938118	0.00016
0.0252	-0.0834	0.1965	-0.002858849314766712	0.0017453292519943296	0.0020734511513692635	1.04509497	53.17174911	0.98970556	0.07558928027592629	0.0079385	0.0001
0.0253	-0.1355	0.1507	-0.002722713633111154	0.0018099064343181197	0.001895427567665842	1.06266761	54.06579971	1.00254561	0.11693682238413848	0.00814569	8e-05
0.0227	-0.1133	0.1264	-0.0025551620249196984	0.001891936909161853	0.0015777776438028737	0.99832767	50.79235077	0.96771096	0.07746160034490786	0.00898892	0.00018
0.015	-0.0762	0.1456	-0.0025115287936198403	0.0019285888234537342	0.0015882496193148398	1.05372536	53.61084366	0.99496465	0.06853785605518525	0.00909531	0.00011
0.0221	-0.021	0.2019	-0.0025761059759436306	0.0017086773377024485	0.0020141099568014562	1.08560276	55.23268127	1.03358159	0.1541174502780846	0.00860798	8e-05
0.0319	-0.0837	0.2381	-0.002647664475275398	0.0016790067404185449	0.0024486969405480446	1.04323554	53.07714844	1.01133985	0.13549080401811295	0.00772095	0.00011
0.0304	-0.1825	0.2109	-0.002712241657599188	0.0016999506914424768	0.0024277529895241124	1.0965482	55.78955841	1.03999167	0.1328232542185827	0.00824499	0.00031
0.0319	-0.1509	0.1954	-0.0028571039855147177	0.001762782544514273	0.0023527038316883565	1.0875411	55.33130264	1.01727657	0.0627371669411541	0.00815004	0.0005
0.0357	-0.104	0.1912	-0.002855358656262723	0.0017121679962064373	0.002303834612632515	1.0326649	52.53933716	0.99837608	0.05996145483078359	0.00759745	9e-05
0.0402	-0.0528	0.2141	-0.002846632010002751	0.0016929693744344998	0.0024713862208239705	1.07477808	54.68195343	1.00302905	0.08837384381116825	0.00862151	0.00018
0.0459	-0.1136	0.1898	-0.002886774582798621	0.0016039575825827887	0.002717477645355171	1.06474698	54.17159653	1.00472323	0.10956228945893907	0.00756299	9e-05
0.0426	-0.1302	0.1623	-0.002802998778702893	0.0018238690683340744	0.0023492131731843676	1.02718043	52.2603035	0.97514901	0.08099758810089086	0.00806874	0.00021
0.0291	-0.0915	0.1366	-0.0027192229746071652	0.0020298179200694054	0.001965240737745615	1.06464577	54.16644287	0.99880196	0.11158485456349056	0.0092864	0.00018
0.0205	-0.0345	0.1198	-0.0027715828521669953	0.0020699604928652747	0.001858775653373961	1.06671047	54.271492	1.00109054	0.09234837673636764	0.0103926	0.00025
0.0235	-0.0266	0.1386	-0.002673844414055313	0.0019896753472735357	0.0018570303241219666	1.0064882	51.2075386	0.96875857	0.03868844564777078	0.00993872	0.00021
0.023	-0.0175	0.2033	-0.002879793265790644	0.0019181168479417679	0.0019041542139258136	1.08038104	54.96701431	1.01259336	0.0905315620435473	0.00956982	0.00022
0.0214	-0.0514	0.2309	-0.0029705503868943488	0.0017662732030182616	0.002082177797629235	1.04966331	53.4041748	0.99553182	0.08413121748653161	0.00825024	8e-05
0.0166	-0.1767	0.2095	-0.002853613327010729	0.0019373154697137059	0.0022794000031045943	1.07611442	54.74993896	1.03001691	0.17576007660272117	0.00729936	0.00019
0.0145	-0.1768	0.1508	-0.0026808257310632897	0.0022898719786165604	0.001932079481957723	1.03844285	52.83330917	0.99641669	0.10453323129985824	0.00859994	0.00026
0.0034	-0.1222	0.108	-0.002823942729726825	0.0024609142453120045	0.001609193570338772	1.1079489	56.36959457	1.03392737	0.14035225884889652	0.0100654	0.00025
0.0122	-0.0366	0.1832	-0.0031031954100459182	0.002261946710584651	0.0019879300180215415	1.11468184	56.71215057	1.04927834	0.2124478331364608	0.00880414	0.00016
0.0197	-0.0763	0.1976	-0.003120648702565861	0.0021572269554649913	0.002368411794956305	1.03798497	52.810009	0.9885547	0.08673274122871831	0.00841469	7e-05
0.0109	-0.1278	0.1448	-0.0028518679977587343	0.0022479840765686964	0.002165953601724963	1.06705296	54.28891754	1.01096829	0.14119980095710868	0.00855446	0.00019
0.0011	-0.0586	0.1012	-0.0027157323161031764	0.0024731315500759648	0.0016650441064025902	1.08352423	55.12693024	1.02863904	0.16570963252425996	0.0105172	0.00032
0.0091	-0.0186	0.1288	-0.0028396506929947744	0.0022462387473167022	0.0017959438003021652	1.04733729	53.28583527	1.00033099	0.09968554367752176	0.0110855	0.00023
0.0112	0.0222	0.1966	-0.003269001688985379	0.0020350539078253884	0.0020769418098732523	1.09003353	55.45810699	1.02338392	0.15677669225265028	0.0103889	0.00025
0.0059	-0.0756	0.1849	-0.0033056536032772606	0.0021589722847169856	0.002516764781375823	1.06099844	53.98088074	1.01714605	0.14481966313430245	0.00796849	0.00014
0.0093	-0.1036	0.1705	-0.002981022362406315	0.0022689280275926286	0.002281145332356589	0.98847765	50.29120636	0.95871577	0.07931032163829113	0.00795519	8e-05
0.0161	-0.0941	0.1577	-0.0027890361446869386	0.0021589722847169856	0.0023753931119642824	1.09348917	55.63392258	1.00981755	0.04890948701013564	0.00883299	0.00018
0.0293	-0.059	0.1747	-0.0028326693759867967	0.0018762289458939042	0.002754129559647052	1.04638159	53.23720932	0.99859968	0.10055565089028544	0.00783193	3e-05
0.0311	-0.0595	0.2196	-0.002960078411382383	0.0020245819323134223	0.00272096830385916	1.0353173	52.67428589	0.99068757	0.06264616388014983	0.00832248	8e-05
0.0242	-0.1244	0.2285	-0.003077015471266003	0.0019076448724298022	0.0027960174616949163	1.04217339	53.02310944	0.99453961	0.09614616388014986	0.00703764	4e-05
0.0088	-0.1919	0.2232	-0.0026354471705114374	0.001947787445225672	0.0026668630970473357	1.05023968	53.4335022	1.0016088	0.11874326190990078	0.0067296	2e-05
0.0135	-0.1554	0.2125	-0.0025464353786597265	0.002022836603061428	0.0024137903555081575	0.99914569	50.83396912	0.97154303	0.07275668456133225	0.0066846	8e-05
0.0116	-0.0958	0.1931	-0.0022706733568446224	0.00205599785884932	0.0021467549799530253	1.07900417	54.89696121	1.00678376	0.10969793265790644	0.00771838	9e-05
0.0142	-0.0614	0.1818	-0.0021956241990088664	0.001673770752662562	0.0017924531417981763	1.0308516	52.44708633	0.99760267	0.08887890510886814	0.00831753	0.00011
0.0109	-0.0365	0.1929	-0.002186897552748895	0.0016423548261266642	0.0013718287920675431	1.05982912	53.9213829	1.03160839	0.06233834612632512	0.010533	0.00033
0.0207	0.0021	0.216	-0.0023509585024363614	0.001970476725501598	0.001853539665617978	1.04013991	52.91965103	1.02842169	0.12019468613064176	0.010126	0.00037
0.0239	-0.0351	0.2503	-0.0024068090385001802	0.001790707812546182	0.001858775653373961	0.98866099	50.30053329	0.99437832	0.08674277183876093	0.00942671	0.00049
0.0223	-0.1875	0.2207	-0.0024294983187761066	0.0020699604928652747	0.0022654373690886398	1.11789489	56.8756218	1.07259001	0.2190301838154849	0.00808203	0.00045
0.0265	-0.1681	0.1598	-0.0022724186860966175	0.00238237442897226	0.0020943951023931952	1.05184615	53.51523209	0.99913044	0.11652679177409596	0.00851536	0.0004
0.016	-0.1508	0.1285	-0.0022130774915288098	0.0028099800957108703	0.0018325957145940458	1.08299112	55.09981155	1.01718604	0.09653731245527837	0.0105175	0.00051
0.0068	-0.0715	0.2006	-0.0025761059759436306	0.0027523842303950577	0.0019024088846738192	1.13881803	57.94013596	1.05959964	0.18512187599052032	0.0096662	0.00028
0.0021	-0.0772	0.2322	-0.0027890361446869386	0.002595304597715568	0.0020176006153054447	1.0326618	52.53918457	0.99226354	0.06626007660272115	0.00862604	0.00015
0.0016	-0.1778	0.2062	-0.0024556782575560214	0.0027331856086231197	0.002239257430308725	1.09965968	55.94786072	1.02524138	0.16174478565208747	0.00816303	9e-05
-0.0005	-0.1531	0.1696	-0.0022636920398366456	0.0028623399732707008	0.002015855286053451	1.06340933	54.10353851	0.996086	0.09062713633111152	0.00754571	6e-05
0.0038	-0.1011	0.1716	-0.0021258110289290935	0.002963569069886372	0.0018971728969178364	1.02521503	52.16030884	0.97968774	0.07618962483294191	0.00827944	0.00011
0.0013	-0.0449	0.2163	-0.0022794000031045943	0.002892010570554604	0.001820378409830086	1.06365347	54.11595917	1.00677297	0.11849709802975096	0.00876611	4e-05
-0.0024	-0.0371	0.2505	-0.0026162485487395003	0.0027523842303950577	0.0018552849948699724	1.02884889	52.34519196	0.98605253	0.07126907354171694	0.00834227	9e-05
-0.003	-0.1715	0.2268	-0.002530727415391778	0.0026668630970473357	0.0019390607989657003	1.08251667	55.07566833	1.03185104	0.1714409035395586	0.00728011	4e-05
-0.006	-0.1649	0.1971	-0.0024033183799961914	0.0027942721324429216	0.0017924531417981763	1.02400279	52.09863281	0.9806591	0.05937128639793485	0.00787145	0.00011
0.0004	-0.105	0.1872	-0.0026110125609835172	0.0027611108766550296	0.001843067690106012	1.06096864	53.97935867	1.00265134	0.09077349925415265	0.00789756	4e-05
0.0164	-0.0746	0.2503	-0.002949606435870417	0.002886774582798621	0.0020245819323134223	1.07252216	54.567173	1.03101546	0.1417885911618951	0.00903416	0.00041
0.0136	-0.1054	0.2491	-0.0029705503868943488	0.002535963403147761	0.0019425514574696887	1.09463644	55.69229126	1.02855767	0.05748928027592631	0.00839347	0.00013
0.012	-0.1843	0.2193	-0.0025464353786597265	0.0023230332344044524	0.0020350539078253884	1.08577168	55.2412796	1.02665299	0.1467773813666815	0.00736654	0.00011
-0.0088	-0.1188	0.1521	-0.0021048670779051613	0.0019041542139258136	0.0015306537539990272	1.10553169	56.24661255	1.07190269	0.22174237375297823	0.00974262	0.00027
-0.0049	-0.1016	0.1848	-0.0024975661596038853	0.002015855286053451	0.0015166911199830724	1.08873904	55.39225006	1.04363089	0.07971813939211579	0.00917137	0.00019
0.0136	-0.0956	0.1791	-0.0027838001569309555	0.002001892652037496	0.0016877333866785165	0.99894077	50.82354355	0.9779161	0.05376194490192343	0.00856918	0.00018
0.0037	-0.1085	0.1884	-0.002834414705238791	0.002033308578573394	0.0015166911199830724	1.04771829	53.30521774	0.99182869	0.04475363707695885	0.00841981	0.00013
0.005	-0.0579	0.2509	-0.003134611336581816	0.0020839231268812296	0.001424188669627373	1.0351249	52.66450119	1.00349148	0.136565681500328	0.0086661	0.00014
0.0052	-0.1583	0.2428	-0.0032759830059933565	0.002038544566329377	0.0015812683023068625	1.07332182	54.60785675	1.02119841	0.12589149313214415	0.00851423	0.00011
-0.0003	-0.2462	0.2217	-0.003080506129769991	0.0023212879051524586	0.001780235837034216	1.06336153	54.10110474	1.01365755	0.14835938748869	0.00866091	0.00016
-0.005	-0.1808	0.211	-0.0031468286413457764	0.002436479635784084	0.0015271630954950383	1.03935325	52.87962341	0.9883832	0.10252934918732944	0.00773531	7e-05
-0.0065	-0.1537	0.244	-0.0033807027611130165	0.002466150233067988	0.0016022122533307947	1.02179539	51.98632812	0.97827437	0.07852969374434501	0.00841558	6e-05
-0.001	-0.12	0.3008	-0.0037350045992678655	0.0024260076602721182	0.0016632987771505957	1.06447554	54.15778351	1.0042806	0.11877654673852601	0.00858289	0.00018
0.0001	-0.1505	0.3153	-0.003900810878207326	0.0024260076602721182	0.0018186330805780916	1.00877082	51.32367325	0.97196143	0.062157029118347834	0.00840896	7e-05
0.0031	-0.2732	0.2778	-0.0037367499285198597	0.0026563911215353696	0.0021799162357409173	1.06904435	54.39023209	1.02527597	0.2009863783056772	0.00871444	0.0001
0.0101	-0.2253	0.2542	-0.0033353242005611634	0.002886774582798621	0.002033308578573394	1.03032458	52.42027283	0.99289406	0.11742084231947356	0.00791281	0.00015
0.0143	-0.1337	0.2789	-0.00364424747816416	0.0030979594222899347	0.0019757127132575807	1.12134552	57.05118179	1.04629615	0.14938519912050618	0.00873041	0.00025
0.0067	-0.0639	0.2252	-0.0025324727446437724	0.0022968532956245376	0.0018814649336498872	1.13209546	57.59811401	1.0895158	0.23145643198967392	0.00871891	0.00027
-0.0075	-0.091	0.2154	-0.002645919146023404	0.002701769682087222	0.002150245638457014	1.12026465	56.99619293	1.07693943	0.09045717463247215	0.0101397	0.0009
0.0031	-0.0201	0.2818	-0.0035098571257605967	0.0026092672317315226	0.0020804324683772408	1.09619868	55.77177429	1.069011	0.19921268000863324	0.0092212	0.00021
-0.0049	-0.1193	0.293	-0.0036093408931242737	0.002897246558310587	0.00217293491873294	1.03027809	52.4179039	1.01972697	0.14239827721492204	0.00785226	0.00014
-0.0022	-0.2367	0.253	-0.0036285395148962112	0.002993239667170275	0.002256710722828668	1.08166718	55.03245163	1.03898818	0.17004837673636763	0.00815707	7e-05
-0.0036	-0.2164	0.2179	-0.00324107642095347	0.0031834805556376572	0.0020664698343612863	1.04771924	53.30526733	0.99523459	0.09519724354387524	0.00863862	0.00017
-0.0005	-0.1709	0.2067	-0.0030316369107141502	0.0031468286413457764	0.002082177797629235	1.05757403	53.80665207	0.99612111	0.07288996938995748	0.00820953	9e-05
0.0106	-0.1278	0.2464	-0.0032916909692613052	0.0027855454861829498	0.0024015730507441976	1.06293142	54.07922363	1.02383457	0.14093662334124724	0.00771469	0.00018
0.0012	-0.0918	0.2965	-0.003960152072775134	0.0027838001569309555	0.002134537675189065	1.08642232	55.27437973	1.02236865	0.14236209041604775	0.00881523	8e-05
-0.0035	-0.1801	0.2747	-0.004101523742186674	0.0031817352263856626	0.00244695161129605	1.07567573	54.72762299	1.02230251	0.1573860337486616	0.00805366	9e-05
0.0031	-0.1745	0.2667	-0.004026474584350918	0.0033911747366249826	0.0025254914276357948	1.02721238	52.26192856	0.97467853	0.03835142422074109	0.00782156	0.00011
0.0056	-0.1209	0.2535	-0.0037734018428117405	0.003586651612848347	0.002490584842595908	1.01937175	51.86301804	0.98248179	0.0934728101401214	0.00793606	0.00012
0.0168	-0.0878	0.2664	-0.0037367499285198597	0.0032934362985133003	0.0027314402793711255	1.04487407	53.16051102	0.9885321	0.08573613327010726	0.00741714	0.00011
0.0155	-0.0454	0.2943	-0.00411199571769864	0.0031433379828417875	0.002567379329683659	1.00699055	51.23309708	0.97587234	0.10607025272688796	0.00801402	7e-05
0.0287	-0.1869	0.2655	-0.0038100537571036214	0.0028693212902786776	0.003186971214141646	1.10445094	56.1916275	1.04816059	0.24327752688080576	0.00749272	9e-05
0.0355	-0.2034	0.2447	-0.003581415625092364	0.0025516713664157096	0.0032114058236695662	1.02713287	52.25788498	0.97925323	0.07263613327010729	0.00708508	9e-05
0.0275	-0.1583	0.237	-0.0035918876006043304	0.002579596634447619	0.0028902652413026098	1.02012539	51.90136337	0.97213744	0.07877689129554162	0.00651956	8e-05
0.0294	-0.1267	0.2659	-0.003577924966588375	0.002553416695667704	0.002848377339254746	1.0126946	51.52330017	0.97397418	0.06650152374218672	0.00712025	3e-05
0.0247	-0.1125	0.2994	-0.003834488366631542	0.0027279496208671367	0.0029548424236264	1.04149354	52.98851776	0.98364734	0.07927807048071267	0.0076037	0.00015
0.0234	-0.1646	0.2746	-0.0038362336958835358	0.0027331856086231197	0.003043854215478111	1.0176053	51.77314758	0.97867699	0.08299965544298435	0.00676209	4e-05
0.0271	-0.2117	0.2367	-0.003572688978832392	0.002825688058978819	0.0029722957161463434	1.01036966	51.40501404	0.9717746	0.11008028333693054	0.00707948	6e-05
0.0253	-0.182	0.2245	-0.0034487706019407953	0.003014183618194207	0.0028012534494508993	1.04193592	53.01102829	0.98088337	0.06787281014012142	0.00714159	0.00015
0.0349	-0.0926	0.2593	-0.003495894491744642	0.0027995081201989047	0.0030560715202420713	1.07185042	54.53299713	1.01319056	0.159630872929516	0.00689197	4e-05
0.0405	-0.0705	0.2813	-0.003792600464583678	0.0026511551337793865	0.0029478611066184224	1.01803565	51.79504395	0.97964295	0.07736346864411021	0.00804466	6e-05
0.0273	-0.1677	0.2553	-0.003858922976159462	0.002665117767795341	0.0029164451800825246	1.07344437	54.61409378	1.01980243	0.14198505360638175	0.00727046	9e-05
0.0085	-0.1392	0.2428	-0.003834488366631542	0.002939134460358451	0.002441715623540067	1.03571606	52.69457245	0.98154222	0.09845904293167443	0.00702268	3e-05
0.008	-0.1198	0.2414	-0.003637266161156183	0.002921681167838507	0.002336995868420407	1.00856555	51.31322861	0.97154276	0.03726976265574811	0.00756103	8e-05
0.0117	-0.0851	0.2942	-0.003974114706791089	0.002617993877991494	0.002494075501099897	1.08833325	55.3716011	1.02623894	0.13108077340807048	0.0088008	0.00063
0.0128	-0.1329	0.269	-0.004120722363958612	0.0025918139392115793	0.002686061718819273	1.04920793	53.38100815	1.01148255	0.09233869068334068	0.00717372	9e-05
0.0019	-0.2196	0.2218	-0.003937462792499207	0.003113667385557884	0.0023387411976724015	1.07331645	54.60758972	1.01737206	0.19742167694762908	0.00855345	0.00014
0.0	-0.1588	0.1925	-0.003895574890451344	0.0033265975543011915	0.002155481626212997	1.05690849	53.77279282	1.0028156	0.11390388211252872	0.00864482	0.00016
0.0225	-0.0995	0.2513	-0.00398284135305106	0.003113667385557884	0.0025987952562195565	1.05683577	53.76909256	1.01666921	0.17777551306747916	0.0077225	6e-05
0.0337	-0.0842	0.308	-0.004082325120414737	0.003073524812762014	0.0029199358385865134	1.03020144	52.41400528	0.99066257	0.10623834612632516	0.00830501	8e-05
0.0262	-0.1849	0.2674	-0.003876376268679406	0.0031503192998497648	0.0030246555937061734	1.07202852	54.54206085	1.02340577	0.16817315469713706	0.00761759	0.0001
0.0335	-0.1744	0.2091	-0.002885029253546627	0.0033964107243809652	0.0030647981665020423	1.04408813	53.12052536	0.998643	0.13997905062299243	0.00687778	6e-05
0.0551	-0.1423	0.2161	-0.002806489437206882	0.0033545228223331013	0.00342259066316088	1.03083062	52.44601822	0.99478447	0.0846110107523223	0.00753278	8e-05
0.0769	-0.0851	0.29	-0.002909463863074547	0.0027576202181510408	0.0039706240482871	1.1368351	57.83925247	1.06620359	0.2152955207587973	0.00840521	0.00028
0.0723	-0.1462	0.279	-0.002780309498426967	0.0026878070480712674	0.0038519416591514853	1.02341592	52.06877518	0.99089847	0.09258249619314832	0.00713336	0.00013
0.0818	-0.2443	0.2733	-0.003162536604613725	0.0027052603405912107	0.003946189438759179	1.07199049	54.5401268	1.01735113	0.1379964089157198	0.00854313	0.00023
0.0641	-0.2173	0.2567	-0.002775073510670984	0.0025464353786597265	0.003530801076784529	1.09510398	55.71607971	1.03422472	0.10938382089244376	0.00851411	0.00064
0.0836	-0.1655	0.1897	-0.001864011641129944	0.002879793265790644	0.003492403833240653	1.17934299	60.00194168	1.11913161	0.20244085001079165	0.00902194	0.0008
0.0574	-0.1128	0.2168	-0.002712241657599188	0.0022636920398366456	0.0030368728984701333	1.10427713	56.18278503	1.06705499	0.20199310885968808	0.00772333	0.00018
0.0468	-0.1073	0.1759	-0.0027401669256310974	0.0020769418098732523	0.0027104963283471934	0.99198586	50.46969604	0.98171534	0.08405260340591211	0.00743514	0.00013
0.032	-0.0935	0.2049	-0.0030124382889422127	0.0018413223608540175	0.002686061718819273	1.06666899	54.26937866	1.00305076	0.08421627109291352	0.00754488	0.00013
0.0288	-0.0584	0.2258	-0.0031171580440618727	0.0020420352248333657	0.0027977627909469105	1.0226531	52.02996826	0.99282619	0.08005668456133228	0.00812566	0.00016
0.0364	-0.1925	0.1936	-0.002816961412718848	0.0023422318561763904	0.0030874874467779687	1.14951491	58.48437119	1.0783432	0.2184058959258554	0.00904095	0.00025
0.0341	-0.1775	0.1779	-0.0028309240467348025	0.0025464353786597265	0.002829178717482808	1.06666994	54.26943207	0.99710136	0.056823744289722575	0.0082491	0.00012
0.0423	-0.1518	0.2013	-0.0031817352263856626	0.002464404903815993	0.002823942729726825	1.01996183	51.89304352	0.98030635	0.07920388211252884	0.00713277	8e-05
0.0468	-0.1349	0.2611	-0.003309144261781249	0.0023544491609403502	0.002808234766458876	1.03592813	52.70536423	0.99563325	0.09385363707695887	0.00758022	6e-05
0.0488	-0.1505	0.2865	-0.0034365532971768345	0.0022706733568446224	0.0029199358385865134	1.02707911	52.25514984	0.98332253	0.05914429558094751	0.00729275	9e-05
0.0498	-0.2354	0.2683	-0.0034330626386728466	0.002281145332356589	0.0033265975543011915	1.02920365	52.3632431	0.98937477	0.1251312174865316	0.00722378	4e-05
0.0554	-0.2253	0.2401	-0.0032061698359135836	0.0024225170017681294	0.0033143802495372316	0.9972899	50.73955154	0.96463728	0.06292408884673814	0.00724429	8e-05
0.0465	-0.1696	0.2231	-0.0031555552876057474	0.0026319565120074486	0.0029775317039023265	1.05800247	53.82845306	1.00055103	0.11144513020910304	0.00701463	0.00015
0.0388	-0.0957	0.2583	-0.0034295719801688577	0.0025028021473598684	0.0028326693759867967	1.04029918	52.92775345	0.99960636	0.144201669256311	0.00694913	5e-05
0.0377	-0.0893	0.298	-0.0036093408931242737	0.0023753931119642824	0.0027977627909469105	1.00481498	51.12240601	0.9760574	0.06430422666954443	0.00778466	6e-05
0.0335	-0.1787	0.2507	-0.0033894294073729884	0.0023509585024363614	0.00301941960595019	1.06509197	54.18914795	1.01534599	0.16420014551412426	0.00700831	0.0001
0.0254	-0.1723	0.2321	-0.003455751918948773	0.002450442269800039	0.0028379053637427798	1.03623223	52.72083664	0.97739547	0.05046602605734358	0.00666934	9e-05
0.0217	-0.1448	0.23	-0.0035098571257605967	0.0024801128670839424	0.0026720990848033187	0.9802261	49.87138748	0.95482329	0.0457791041517594	0.00679541	9e-05
0.0207	-0.1008	0.2925	-0.0038449603421435077	0.0023911010752322315	0.0026005405854715507	1.08006763	54.95106888	1.00966944	0.13228367537831948	0.00768077	0.00011
0.0127	-0.1326	0.2762	-0.00393048147549123	0.002356194490192345	0.0027157323161031764	1.03371656	52.59284592	0.99037241	0.06788097245096172	0.00740248	8e-05
0.0025	-0.2299	0.2374	-0.003766420525803763	0.0026546457922833754	0.0027192229746071652	1.04434264	53.13347244	1.0043764	0.1696001455141243	0.00788355	0.00016
-0.0097	-0.1582	0.2121	-0.003687880709464018	0.0030316369107141502	0.0023771384412162766	1.0415597	52.99188232	0.99497119	0.14908077340807038	0.00801015	0.00014
-0.0035	-0.1072	0.2615	-0.004078834461910747	0.0026581364507873638	0.002371902453460294	1.07062089	54.47044373	1.01145271	0.14508451000647493	0.00800377	0.00011
-0.0001	-0.0798	0.2897	-0.004394739056521722	0.002389355745980237	0.0024434609527920616	1.0130794	51.54288101	0.98201729	0.09181218993749347	0.00821137	0.00016
-0.0101	-0.1963	0.2369	-0.00411548637620263	0.0024713862208239705	0.0023701571242082994	1.09532881	55.72751617	1.03625871	0.20102934918732945	0.00858814	0.00017
-0.023	-0.1431	0.1987	-0.004070107815650777	0.0027558748888990466	0.0019792033717615696	1.07117546	54.49865723	1.00292186	0.14034104905368294	0.00887948	0.00018
-0.0232	-0.0984	0.2168	-0.004035201230610889	0.0025551620249196984	0.001960004749989632	1.02376175	52.08637238	0.98143275	0.07574090353955867	0.00862408	0.00014
-0.0229	-0.0601	0.2644	-0.004117231705454623	0.0023544491609403502	0.0019687313962496035	1.06863356	54.36933136	1.00322791	0.1007734992541527	0.0095036	0.00013
-0.0305	-0.1596	0.2222	-0.0039339721339952186	0.002441715623540067	0.002134537675189065	1.08103669	55.00037384	1.02932351	0.1711166156499291	0.00844383	9e-05
-0.0388	-0.1467	0.1922	-0.003841469683639519	0.0027104963283471934	0.0017715091907742446	1.02398407	52.09767914	0.97944642	0.08741558197888234	0.00898403	0.00014
-0.0414	-0.1151	0.1796	-0.0038135444156076103	0.0026930430358272505	0.0015393804002589986	1.06065965	53.96364212	0.99396498	0.06067536755335487	0.0100197	0.00018
-0.0456	-0.0532	0.2513	-0.0041329396687225725	0.0023404865269243957	0.0017523105690023068	1.08956325	55.43418503	1.0310495	0.18204409653805628	0.00942904	7e-05
-0.0413	-0.0818	0.2446	-0.004084070449666731	0.0023073252711365037	0.0019093902016817967	1.01517951	51.64973068	0.97804978	0.05155550537616116	0.00940233	9e-05
-0.0366	-0.1866	0.2261	-0.004000294645571003	0.002453932928304027	0.0020193459445574393	1.07879257	54.88619995	1.02129591	0.1450169602069447	0.00904351	0.00013
-0.043	-0.1076	0.2098	-0.004002039974822997	0.0025446900494077327	0.0017278759594743865	1.0643245	54.15010071	1.00360475	0.12089862177193764	0.0089764	0.00016
-0.0296	-0.0784	0.2392	-0.003977605365295077	0.0023596851486963333	0.0017697638615222502	1.02557516	52.17863083	0.98362618	0.08456637061435919	0.00924987	0.00015
-0.0274	-0.0682	0.2832	-0.004181808887778414	0.002183406894244906	0.0019233528356977512	1.03695667	52.75769424	0.98683132	0.08310353755551327	0.00910866	9e-05
-0.0294	-0.1434	0.277	-0.004314453910929983	0.0020943951023931952	0.002087413785385218	1.05361032	53.60499191	1.00017482	0.10268588823453732	0.0082438	7e-05
-0.0375	-0.2319	0.2221	-0.004029965242854907	0.002363175807200322	0.001960004749989632	1.06187427	54.02544022	1.01307235	0.18553392041388944	0.00947392	0.00025
-0.0523	-0.1516	0.2014	-0.003904301536711315	0.002569124658935653	0.0015289084247470327	1.09153402	55.53444672	1.02315063	0.1539354441560761	0.00951874	0.00022
-0.038	-0.0834	0.2477	-0.004173082241518442	0.0022479840765686964	0.001673770752662562	1.06002128	53.93115997	1.01481199	0.16553918075448068	0.00900269	9e-05
-0.0308	-0.0713	0.2882	-0.004506440128649358	0.0022235494670407763	0.0017941984710501708	1.03720748	52.77045441	0.99038671	0.08371101075232223	0.00973785	0.00012
-0.0299	-0.1911	0.3129	-0.00467224640758882	0.0025918139392115793	0.0023596851486963333	1.1061672	56.27894592	1.04841115	0.20037787143782132	0.00969535	0.00015
-0.0181	-0.166	0.2865	-0.004419173666049642	0.0025481807079117207	0.0023265238929084412	1.02536702	52.16804504	0.9782828	0.07979336143134647	0.00828093	0.00013
-0.018	-0.1527	0.2614	-0.004199262180298357	0.0027768188399229783	0.0022654373690886398	1.04659402	53.24801636	0.98458069	0.06398180707911717	0.00878322	0.0001
-0.0145	-0.0822	0.3113	-0.004412192349041665	0.002804744107954888	0.002462659574563999	1.09295905	55.60694885	1.02436706	0.14580388211252887	0.00946903	0.00019
-0.0127	-0.1128	0.3111	-0.004197516851046362	0.0022985986248765322	0.0021572269554649913	1.04150391	52.98904419	1.00104984	0.08391268000863338	0.00851297	0.00013
-0.0101	-0.2358	0.2819	-0.004040437218366873	0.0024155356847601517	0.0022235494670407763	1.09832358	55.87988281	1.04767347	0.17181696020694467	0.00874275	0.0002
-0.019	-0.1594	0.2046	-0.003637266161156183	0.0021921335405048776	0.0019442967867216831	1.18457818	60.26829529	1.11530927	0.2078912940892529	0.00968105	0.00058
-0.0134	-0.1275	0.2227	-0.0032847096522533284	0.002090904443889207	0.0018884462506578647	1.06412041	54.13971329	1.036199	0.08108180707911716	0.00788975	0.00016
-0.0041	-0.1436	0.2083	-0.0032759830059933565	0.002118829711921116	0.0018570303241219666	0.9645437	49.07350922	0.95822409	0.043203392041388955	0.00763851	9e-05
-0.004	-0.1371	0.23	-0.003427826650916863	0.002136283004441059	0.00204378055408536	1.04908979	53.37499619	0.99553499	0.04610235837034216	0.00776207	0.00011
-0.0028	-0.0721	0.2899	-0.0036896260387160127	0.0017453292519943296	0.0020245819323134223	1.09507453	55.71458435	1.02133074	0.15969758810089082	0.00838578	0.00013
-0.0067	-0.1597	0.2729	-0.0038100537571036214	0.0018099064343181197	0.0022060961745208325	1.04260981	53.04531097	1.00382599	0.12682595714594047	0.00811088	9e-05
-0.0058	-0.218	0.2451	-0.003605850234620285	0.002129301687433082	0.0022794000031045943	1.0476948	53.30402374	0.99266901	0.11684513020910296	0.0082885	0.00011
-0.006	-0.1586	0.2134	-0.0035395277230445004	0.002281145332356589	0.001932079481957723	1.0583868	53.8480072	1.0008588	0.11957433388230813	0.0072273	6e-05
0.0042	-0.1494	0.2182	-0.0034644785652087444	0.002131047016685076	0.0019722220547535923	1.01721525	51.75330353	0.97833469	0.03746450231515688	0.0079686	6e-05
0.0111	-0.1038	0.3074	-0.0037088246604879502	0.0019530234329816546	0.0020350539078253884	1.10231471	56.08294296	1.03816163	0.16596007660272116	0.00832665	8e-05
0.0116	-0.1492	0.3289	-0.0036931166972200015	0.0019250981649497454	0.002309070600388498	1.03350592	52.58213043	0.99426441	0.08328249619314838	0.00791663	9e-05
0.0047	-0.2819	0.28	-0.0034644785652087444	0.0020699604928652747	0.0024452062820440558	1.09885979	55.90716553	1.03879038	0.2139818070791172	0.00852597	0.00013
0.0008	-0.2258	0.2313	-0.002998475654926258	0.0023265238929084412	0.0021258110289290935	1.05812132	53.83449936	1.00724447	0.16079807817203076	0.00746989	8e-05
0.0032	-0.1633	0.2137	-0.0029775317039023265	0.002288126649364566	0.0021589722847169856	1.04288816	53.05947113	0.99154901	0.08712512251778494	0.00664037	6e-05
0.0154	-0.1219	0.2687	-0.003214896482173555	0.002155481626212997	0.0024486969405480446	1.0374521	52.78290176	0.99706926	0.14158672286269283	0.0073902	0.00013
0.012	-0.1439	0.3115	-0.003420845333908886	0.002197369528260861	0.002595304597715568	1.0418793	53.00814438	0.98753208	0.0879222205475359	0.00786191	5e-05
0.0112	-0.2296	0.2665	-0.0033143802495372316	0.002230530784048753	0.0027419122548830916	1.04771137	53.30486679	1.00893362	0.14581169986635345	0.00724685	8e-05
0.0117	-0.227	0.2344	-0.003068288825006031	0.002357939819444339	0.0024225170017681294	0.99590993	50.66934204	0.9670043	0.06984478565208743	0.0073151	0.00013
0.0075	-0.1845	0.2099	-0.0030072023011862297	0.0025062928058638572	0.002183406894244906	1.09464371	55.6926651	1.01172933	0.09362748088812717	0.00760907	0.00013
0.0091	-0.1354	0.2564	-0.0034243359924128747	0.002366666465704311	0.002366666465704311	1.0778414	54.83780289	1.01557615	0.13420098014227982	0.00703019	5e-05
0.0127	-0.1272	0.2932	-0.0035883969421003415	0.00222529479629277	0.0023073252711365037	1.03389049	52.60169601	0.99015478	0.06683869068334072	0.00807208	0.00015
0.012	-0.2373	0.2567	-0.003450515931192789	0.0023527038316883565	0.002541199390903744	1.10552907	56.24648285	1.0361559	0.17225820830351898	0.00785214	0.00013
0.0039	-0.1808	0.234	-0.003351032163829113	0.002522000769131806	0.002309070600388498	1.06987476	54.43247986	0.99626903	0.11234547476611856	0.0067665	3e-05
0.0078	-0.1549	0.2541	-0.003501130479500625	0.002501056818107874	0.002356194490192345	1.00558853	51.16176605	0.9726756	0.060808307824964485	0.00708872	0.00011
0.0217	-0.1223	0.326	-0.003703588672731967	0.00238237442897226	0.0025272367568877894	1.08372486	55.13713837	1.01687235	0.1430091424531201	0.00811702	5e-05
0.0203	-0.1834	0.3002	-0.003703588672731967	0.002186897552748895	0.002804744107954888	1.05193353	53.51968002	1.00069324	0.11194921136452318	0.00747383	0.00013
0.0186	-0.2294	0.2703	-0.0036983526849759846	0.0023352505391684127	0.0026668630970473357	1.0189656	51.84235382	0.9787704	0.09217349925415268	0.00739217	9e-05
0.0129	-0.1979	0.249	-0.0033946653951289706	0.002522000769131806	0.00239459173373622	1.05361998	53.60548019	0.98824525	0.09663544415607613	0.00734311	0.00012
0.0105	-0.1594	0.2791	-0.003593632929856324	0.0024033183799961914	0.0024836035255879313	1.03655624	52.73732376	0.98783924	0.091333085785734	0.0070253	8e-05
0.017	-0.1381	0.3454	-0.0038746309394274117	0.0022462387473167022	0.0024731315500759648	1.03546464	52.68178558	0.99666701	0.11652748088812712	0.00920874	0.00011
0.0153	-0.2339	0.3124	-0.003750712562535814	0.002237512101056731	0.0027558748888990466	1.07601058	54.74465942	1.02042575	0.1512694180987325	0.00861853	8e-05
0.0141	-0.2235	0.3117	-0.0036302848441482054	0.002509783464367846	0.0025516713664157096	1.08011866	54.95366287	1.01980792	0.04214513020910308	0.00876307	0.00037
0.0069	-0.185	0.2967	-0.0032061698359135836	0.0022113321622768156	0.002251474735072685	1.03749049	52.78485489	0.9980856	0.1118381470834338	0.00758511	0.0001
0.0095	-0.181	0.2756	-0.002790781473938933	0.0016929693744344998	0.0025499260371637153	1.0640111	54.13415146	1.00996989	0.08931012259539986	0.00857854	0.00036
0.0241	-0.1216	0.2929	-0.002898991887562581	0.001706932008450454	0.002928662484846485	1.06412101	54.1397438	1.03517925	0.11634547476611856	0.00832933	0.00022
0.0333	-0.1298	0.3208	-0.0036512287951721376	0.0017749998492782332	0.0030211649352021846	1.01590025	51.68639755	1.00258411	0.09094035993965176	0.00816947	9e-05
0.0436	-0.2431	0.2548	-0.003269001688985379	0.0018483036778619948	0.003127630019573839	1.04830432	53.33503342	1.02891843	0.21769980095710867	0.00747144	9e-05
0.03	-0.205	0.2397	-0.0029129545215785357	0.00217293491873294	0.0026825710603152844	1.03975558	52.90009689	0.9899796	0.1230868683768172	0.00705922	9e-05
0.0173	-0.1749	0.2356	-0.003089232776029963	0.0022916173078685546	0.0024207716725161347	1.04084015	52.95527649	0.98424656	0.07473800156930954	0.00719923	0.00011
0.0219	-0.1385	0.2743	-0.003239331091701475	0.0022183134792847924	0.0024050637092481865	1.02644777	52.22303009	0.99112222	0.09165550537616111	0.00700814	5e-05
0.0229	-0.1399	0.3408	-0.003755948550291797	0.0020263272615654165	0.0025569073541716926	1.0475105	53.29464722	0.99924617	0.1119223660616602	0.00893283	0.00012
0.0178	-0.205	0.3497	-0.0038501963298994907	0.0018622663118779497	0.002933898472602468	1.04054904	52.94046402	1.00016859	0.11086499238629678	0.00906789	0.0002
0.0169	-0.2916	0.3298	-0.0036198128686362394	0.0022444934180647076	0.003080506129769991	1.04161501	52.99469757	0.99692783	0.14536091123087666	0.00934523	6e-05
0.0227	-0.2561	0.2988	-0.0031712632508736965	0.002494075501099897	0.002893755899806598	0.99334168	50.53867722	0.97413622	0.11654409653805624	0.00801945	0.00011
0.0199	-0.2227	0.2794	-0.003078760800517997	0.002673844414055313	0.0027366762671271086	1.05043852	53.44361877	0.99067276	0.07706754979953025	0.00709677	6e-05
0.0198	-0.1662	0.2787	-0.003159045946109736	0.0026145032194875057	0.002701769682087222	1.01197612	51.48674774	0.97476221	0.06602664625997165	0.00641817	4e-05
0.0258	-0.1407	0.3162	-0.0033545228223331013	0.00249931148885588	0.0026511551337793865	1.0079571	51.28227234	0.97478538	0.08706415775814128	0.00764906	0.00011
0.023	-0.1488	0.3576	-0.0035953782591083183	0.00243473430653209	0.0027349309378751144	1.03845239	52.83378983	0.98514242	0.07176042115973671	0.00878716	4e-05
0.0239	-0.22	0.3491	-0.003443534614184812	0.0023876104167282427	0.0028902652413026098	1.01283026	51.53020477	0.97922766	0.0983150919077424	0.00848645	0.00011
0.023	-0.3334	0.335	-0.0033946653951289706	0.0025638886711796703	0.0031695179216217023	1.0325619	52.53409958	1.00277834	0.15362000769131803	0.0101024	0.00021
0.0373	-0.344	0.3085	-0.0029478611066184224	0.0027401669256310974	0.0032916909692613052	0.99741971	50.74615479	0.96785442	0.08866277953007892	0.00981808	0.00025
0.0396	-0.2698	0.2937	-0.0030368728984701333	0.002717477645355171	0.003157300616857742	1.08585274	55.24540329	1.01372884	0.10360457122655999	0.00797343	9e-05
0.0413	-0.1976	0.2793	-0.003029891581462156	0.0027715828521669953	0.0029618237406343773	1.0340215	52.60836029	0.9923683	0.10112817000215832	0.00649309	5e-05
0.0452	-0.1691	0.2736	-0.002694788365079245	0.0028221974004748306	0.0030874874467779687	1.03251386	52.53165817	0.98945211	0.06366907354171686	0.0073036	0.0001
0.0403	-0.0847	0.3071	-0.0027401669256310974	0.0023282692221604354	0.0028326693759867967	1.11113095	56.53149033	1.04497038	0.1625062404828709	0.00865304	0.00011
0.0473	-0.1409	0.2873	-0.0023998277214922034	0.0022218041377887812	0.002935643801854462	1.03875279	52.84907532	0.99912004	0.11048893571891066	0.00702637	4e-05
0.0568	-0.1966	0.2723	-0.002453932928304027	0.0026197392072434887	0.0032794736644973454	1.05705976	53.78048706	1.01232496	0.11999350694547076	0.00794649	0.00013
0.041	-0.1998	0.2535	-0.0026302111827554544	0.0021642082724729686	0.0028309240467348025	1.06957483	54.41722107	1.02866691	0.09181794034922448	0.00755668	0.00023
0.0496	-0.1776	0.2417	-0.002450442269800039	0.00233001455141243	0.0029513517651224112	1.01965213	51.877285	0.99099503	0.06590014551412429	0.00658208	9e-05
0.0498	-0.2026	0.2132	-0.0027192229746071652	0.0025202554398798117	0.0027925268031909274	1.0077467	51.27156448	0.97753004	0.08459232776029958	0.00670463	0.00015
0.0474	-0.1735	0.2412	-0.0030909781052819575	0.0024975661596038853	0.002949606435870417	1.06532836	54.20117569	1.00267627	0.08707620218151041	0.00720859	7e-05
0.0464	-0.1546	0.3035	-0.003640756819660172	0.0024713862208239705	0.0030578168494940655	1.08363008	55.13231659	1.02022455	0.11640845333908888	0.00807399	6e-05
0.0546	-0.2545	0.3042	-0.0037227872945039047	0.0027384215963791032	0.0035377823937925057	1.06146526	54.00463104	1.01430674	0.1502515697348653	0.00782222	7e-05
0.0633	-0.2965	0.3082	-0.0034993851502486306	0.002958333082130389	0.003733259270015871	1.02547157	52.17335892	0.98127697	0.08663952531149614	0.00934184	0.00012
0.063	-0.2258	0.2852	-0.0033545228223331013	0.0030229102644541784	0.0036285395148962112	1.08331048	55.11605453	1.01550795	0.10970796326794886	0.00720644	5e-05
0.0689	-0.2022	0.3101	-0.003680899392456041	0.002921681167838507	0.0037088246604879502	1.02246082	52.02018356	0.98408751	0.07979454061651747	0.00713056	3e-05
0.088	-0.1474	0.3589	-0.004075343803406759	0.0025586526834236872	0.003569198320328404	1.07299805	54.59138489	1.01102227	0.1675549617762542	0.00894946	0.00015
0.079	-0.2597	0.3066	-0.003830997708127553	0.0026162485487395003	0.0038833575856873836	1.10348034	56.14225006	1.04513788	0.20440506129769992	0.00821036	9e-05
0.0725	-0.257	0.2786	-0.003649483465920143	0.002722713633111154	0.0036320301734002	1.0535295	53.60087585	1.00184177	0.06416533694331233	0.00810075	0.00037
0.0698	-0.2275	0.2817	-0.0036634460999360975	0.0029408797896104456	0.0036634460999360975	1.0740155	54.64315033	1.00392703	0.04847723585255715	0.00757545	9e-05
0.0715	-0.1696	0.3333	-0.003900810878207326	0.0028361600344907856	0.003755948550291797	1.07620788	54.75469208	1.01102319	0.1329293491873294	0.00778228	0.00011
0.0701	-0.1714	0.3482	-0.003998549316319009	0.002708750999095199	0.003755948550291797	1.00483179	51.1232605	0.9740067	0.02935737367536348	0.00830019	0.00012
0.0778	-0.2814	0.2928	-0.003635520831904189	0.0027838001569309555	0.003920009499979264	1.10359609	56.14813614	1.03878098	0.20320692959690212	0.00872332	0.00018
0.075	-0.2347	0.2316	-0.003239331091701475	0.0028152160834668534	0.00342259066316088	1.11304307	56.62877274	1.04363228	0.15695122517784976	0.00762337	0.00035
0.0816	-0.2113	0.2675	-0.003497639820996636	0.002778564169174973	0.003707079331235956	1.06091332	53.97654724	1.0142717	0.0948724655831059	0.00735271	5e-05
0.0915	-0.1472	0.3207	-0.003593632929856324	0.0025918139392115793	0.0036651914291880917	1.0585767	53.85766602	1.00954535	0.1434315620435473	0.00847656	0.00011
0.0808	-0.2471	0.292	-0.003673918075448063	0.002665117767795341	0.0038746309394274117	1.08662772	55.28482819	1.02207634	0.157451424220741	0.00847757	0.00021
0.075	-0.243	0.265	-0.0035150931135165793	0.0027855454861829498	0.0036599554414321086	1.03809631	52.81567764	0.97603471	0.06159640891571974	0.0077433	0.00013
0.0668	-0.2144	0.2457	-0.003387684078120994	0.002935643801854462	0.003494149162492647	1.08826113	55.36793518	1.0169861	0.07826568150032796	0.00881499	0.0004
0.0741	-0.1687	0.3037	-0.003715805977495928	0.0027454029133870805	0.0036459928074161546	1.11557424	56.7575531	1.03985771	0.1445103216382912	0.00821662	0.00013
0.0767	-0.1569	0.3266	-0.004105014400690663	0.0026895523773232616	0.0036843900509600297	1.02886987	52.34626007	0.98448071	0.06147281014012138	0.00826418	0.00011
0.0791	-0.2878	0.2725	-0.0037053340019839614	0.0028326693759867967	0.003820525732615587	1.11942041	56.95323944	1.05149937	0.22134665395128963	0.0091359	0.00021
0.0759	-0.2159	0.2425	-0.0033807027611130165	0.002811725424962865	0.0035238197597765512	1.09227979	55.57239532	1.01895305	0.13721405823669564	0.00707626	0.00011
0.0764	-0.1932	0.255	-0.003611086222376268	0.002670353755551324	0.003455751918948773	1.0213623	51.96429443	0.97751574	0.057691148575128526	0.00694275	8e-05
0.0804	-0.1516	0.3286	-0.0038449603421435077	0.0024399702942880727	0.003501130479500625	1.09829283	55.8783226	1.02644568	0.14468180707911715	0.00868529	0.00013
0.0807	-0.201	0.2894	-0.0036599554414321086	0.002373647782712288	0.0036843900509600297	1.06981146	54.42926025	1.0095159	0.11062934918732945	0.00758356	9e-05
0.0732	-0.2287	0.2409	-0.003127630019573839	0.002469640891571976	0.0031974431896536117	1.04159749	52.99380875	0.9902121	0.13946326960121874	0.00670022	8e-05
0.0703	-0.1847	0.2298	-0.002981022362406315	0.0025394540616517493	0.0031311206780778272	1.06826639	54.3506546	0.99276996	0.07213716694115406	0.0067451	0.00011
0.0738	-0.1648	0.2843	-0.0034871678454846703	0.0023544491609403502	0.003337069529813158	1.08114481	55.00587082	1.0189139	0.12275496177625426	0.00716913	0.00028
0.08	-0.1529	0.3227	-0.0038938295611993493	0.0023457225146803788	0.0034313173094208515	1.05284607	53.56610489	1.00551633	0.08198180707911717	0.0085445	9e-05
0.079	-0.2745	0.2694	-0.0036093408931242737	0.0024591689160600103	0.003673918075448063	1.11719799	56.84016418	1.04886826	0.207926791774096	0.00800866	9e-05
0.0648	-0.2351	0.2521	-0.003576179637336381	0.002569124658935653	0.003157300616857742	1.04340899	53.08597183	0.98286701	0.10388672286269283	0.00653267	6e-05
0.064	-0.2103	0.2678	-0.003581415625092364	0.0026406831582674204	0.003089232776029963	0.99676406	50.71279907	0.96400566	0.048543116395776485	0.00689435	8e-05
0.0739	-0.1509	0.3418	-0.0037419859162758423	0.0025394540616517493	0.0033527774930811067	1.0753361	54.71034241	1.02019311	0.16956720524251465	0.00803959	6e-05
0.0771	-0.1822	0.3464	-0.004139920985730549	0.0024312436480281013	0.0035133477842645856	1.02128553	51.96038437	0.98409303	0.0724357887130917	0.00819844	5e-05
0.072	-0.2952	0.3153	-0.003991567999311032	0.0024486969405480446	0.0035360370645405115	1.03496361	52.65629196	1.00332803	0.15862477796076932	0.00890994	8e-05
0.0688	-0.2487	0.2929	-0.0036686820876920805	0.002659881780039358	0.003419100004656891	1.06777453	54.32563019	0.99360559	0.10465039054969431	0.00824153	0.0001
0.0829	-0.2079	0.3215	-0.003977605365295077	0.0026965336943312393	0.0039706240482871	1.04003382	52.91424942	0.99684019	0.12835496177625433	0.00805897	9e-05
0.0897	-0.1647	0.3539	-0.00411199571769864	0.00249931148885588	0.0039671333897831115	1.01524723	51.65317154	0.97904573	0.09915516081914555	0.00949216	0.00011
0.0874	-0.2772	0.3202	-0.004003785304074992	0.0025115287936198403	0.004106759729942657	1.07582259	54.73509216	1.02189149	0.16150270292735772	0.00923097	0.00012
0.0799	-0.2613	0.3026	-0.003858922976159462	0.002562143341927676	0.0038170350741115982	1.02999854	52.40368271	0.97708213	0.06526007660272126	0.00802141	7e-05
0.0762	-0.2269	0.281	-0.0036948620264719957	0.0026022859147235454	0.0034086280291449255	0.98691887	50.2118988	0.95971055	0.09033052837250036	0.00707376	9e-05
0.0734	-0.204	0.3094	-0.0037315139407638766	0.002583087292951608	0.003455751918948773	1.04268146	53.04895782	0.9846323	0.05924872129338327	0.00771934	6e-05
0.0747	-0.1444	0.3592	-0.004049163864626845	0.002509783464367846	0.0035465090400524776	1.05381715	53.61551285	1.00097498	0.1347855436775217	0.00859392	0.00014
0.0707	-0.2594	0.342	-0.003975860036043083	0.0024748768793279594	0.0037803831598197174	1.0368669	52.75312805	1.00563991	0.1533042266695444	0.00912017	0.00016
0.0747	-0.2739	0.3158	-0.003841469683639519	0.0025446900494077327	0.0036651914291880917	1.02409172	52.10315704	0.98881799	0.06066976265574812	0.00911915	0.00039
0.0789	-0.2321	0.3048	-0.004084070449666731	0.0026249751949994717	0.003755948550291797	1.03771818	52.79643631	0.99339078	0.07768215163613283	0.0080018	0.00011
0.0796	-0.1786	0.3274	-0.004068362486398782	0.002569124658935653	0.0036215581978882336	0.9941116	50.57784653	0.97160283	0.08709744258676659	0.00751561	6e-05
0.0845	-0.1958	0.3305	-0.0039235001584832525	0.0025516713664157096	0.0037768925013157294	0.99401921	50.57314682	0.96710073	0.04108249619314843	0.00826663	7e-05
0.0775	-0.2803	0.2964	-0.003914773512223281	0.0025324727446437724	0.0036843900509600297	1.04533112	53.18376541	1.00444169	0.13162138591938044	0.00839716	0.00013
0.0748	-0.2218	0.2852	-0.003977605365295077	0.0026127578902355115	0.0035290557475325343	1.0094763	51.35956192	0.96943256	0.08732256510455147	0.00712162	6e-05
0.0803	-0.2086	0.289	-0.003600614246864302	0.0026878070480712674	0.0036651914291880917	0.99806547	50.77901077	0.96629883	0.05190879789610436	0.00745541	9e-05
0.0912	-0.1601	0.3475	-0.0036547194536761256	0.0026808257310632897	0.00382576172037157	1.05849075	53.85329056	1.00747207	0.12898284075016403	0.00832099	0.0001
0.087	-0.199	0.3416	-0.0038990655489553323	0.002541199390903744	0.0039514254265151615	1.01501083	51.64114761	0.97824522	0.07448180707911718	0.00801933	4e-05
0.0886	-0.284	0.3166	-0.0038187804033635933	0.002713986986851182	0.004024729255098924	1.05492747	53.67200089	1.00960614	0.127918828506147	0.00941437	0.00066
0.0866	-0.2545	0.2966	-0.003778637830567723	0.002708750999095199	0.0038048177693476384	1.05283153	53.56536484	1.00234648	0.06476450231515693	0.00795478	8e-05
0.0841	-0.189	0.3083	-0.0039514254265151615	0.0027558748888990466	0.0038100537571036214	1.04464543	53.14887619	0.98893023	0.09095737367536348	0.00727469	9e-05
0.0832	-0.1643	0.342	-0.004173082241518442	0.002713986986851182	0.0038135444156076103	0.97795492	49.75583649	0.96017731	0.07265176877775668	0.00784904	3e-05
0.0787	-0.2276	0.3494	-0.0042935099599060505	0.0027611108766550296	0.004026474584350918	1.01746702	51.76611328	0.9825601	0.0942240888467381	0.00881296	0.00013
0.0696	-0.3321	0.3155	-0.003918264170727269	0.0028099800957108703	0.0040055306333269865	1.06101668	53.98180389	1.01798172	0.16975294796292767	0.00991154	0.00016
0.0675	-0.2549	0.305	-0.0037472219040318253	0.0028763026072866553	0.003771656513559746	1.04093015	52.95985413	0.9931663	0.11336194490192349	0.00776869	6e-05
0.0821	-0.2155	0.3133	-0.003598868917612307	0.002949606435870417	0.004009021291830974	0.98990911	50.36403656	0.96783821	0.08525107966372546	0.00789648	0.00015
0.0872	-0.173	0.3604	-0.004078834461910747	0.002900737216814576	0.004059635840138811	1.08787799	55.34844208	1.0090546	0.12367246558310588	0.00900483	0.00012
0.0847	-0.218	0.3443	-0.004295255289158045	0.0027558748888990466	0.004070107815650777	1.07306778	54.59493256	1.04107569	0.08218775653373968	0.00919038	0.0007
0.0856	-0.2901	0.3173	-0.004194026192542374	0.002698279023583233	0.004043927876870862	1.05774546	53.81537247	1.00982824	0.10925024503556996	0.00913775	0.00012
0.0872	-0.2383	0.3154	-0.00415213829049451	0.002790781473938933	0.004019493267342941	1.04011989	52.91862869	0.98681909	0.06324124809657426	0.00827134	9e-05
0.0851	-0.1716	0.3434	-0.004312708581677988	0.0026930430358272505	0.004043927876870862	1.05790043	53.82325745	1.00247134	0.11093716694115403	0.00815719	7e-05
0.0866	-0.1642	0.3862	-0.004642575810304917	0.002637192499763432	0.00399505865781502	0.97997755	49.85874176	0.96197321	0.07342934918732948	0.00954735	0.00014
0.0966	-0.2334	0.4051	-0.00451865743341332	0.002665117767795341	0.004178318229274424	1.03191614	52.50124741	0.99338176	0.11485516081914558	0.0111418	0.0002
0.093	-0.3705	0.3683	-0.004096287754430691	0.002698279023583233	0.004433136300065597	1.08653152	55.27993393	1.05071009	0.21301745027808464	0.0124131	0.00035
0.0882	-0.3206	0.3295	-0.0038135444156076103	0.002713986986851182	0.004201007509550351	1.04152858	52.99030304	1.00469788	0.1200290046303138	0.00980008	0.00013
0.0807	-0.2412	0.3158	-0.003152064629101759	0.0027471482426390747	0.0038885935734433662	1.04604137	53.21990204	1.01634687	0.15095274892003643	0.00846434	0.00025
0.0665	-0.1668	0.3101	-0.0028902652413026098	0.0029408797896104456	0.003886848244191372	1.11327732	56.64069366	1.04584208	0.11716381320112575	0.00877088	0.00038
0.082	-0.0947	0.3473	-0.0029688050576423546	0.0027244589623631483	0.004129449010218584	1.05906224	53.88237	1.02366634	0.15167807048071272	0.00895971	0.00021
0.0936	-0.169	0.3307	-0.0027960174616949163	0.002707005669843205	0.004710643651132695	1.00935161	51.35321808	0.99477596	0.14107177646907465	0.00869167	0.00013
0.0894	-0.2896	0.3005	-0.0028675759610266834	0.002820452071222836	0.004670501078336825	1.05138302	53.49167252	1.0211238	0.1662573736753634	0.00915271	0.00013
0.0794	-0.2405	0.2877	-0.0027436575841350863	0.003068288825006031	0.004206243497306334	1.06295991	54.0806694	0.99096867	0.11370063558526416	0.00849485	0.00014
0.0752	-0.2186	0.2775	-0.0029653143991383657	0.0032061698359135836	0.004002039974822997	1.03624642	52.72155762	0.9832956	0.06448706741970843	0.00785917	6e-05
0.0864	-0.1917	0.2926	-0.003157300616857742	0.0028815385950426383	0.004059635840138811	1.00302339	51.03125381	0.97257857	0.08191066619530674	0.00765389	8e-05
0.1061	-0.1642	0.3488	-0.0034697145529647274	0.0024818581963359366	0.003906046865963309	1.04294729	53.06248093	0.99956551	0.1466841654494594	0.00941235	8e-05
0.1056	-0.229	0.3416	-0.0035796702958403696	0.0021938788697568722	0.003977605365295077	1.0202961	51.91004562	0.9946775	0.09597467843932368	0.00905943	0.0001
0.0987	-0.3058	0.2894	-0.0031381019950858045	0.0022235494670407763	0.0039235001584832525	1.04406202	53.11919785	1.0090083	0.16216720524251468	0.00896502	9e-05
0.0803	-0.241	0.2306	-0.002820452071222836	0.002501056818107874	0.003274237676741362	1.01671064	51.7276268	0.99716438	0.20422098783359785	0.00648028	9e-05
0.0691	-0.1977	0.2348	-0.002930407814098479	0.002522000769131806	0.0032306044454415038	1.06210446	54.03714752	1.00037001	0.06742664625997166	0.00729454	7e-05
0.0816	-0.1307	0.3117	-0.00322885911618951	0.002181661564992912	0.0033964107243809652	1.09027493	55.47039032	1.03268275	0.19662983925846927	0.00770724	9e-05
0.0905	-0.1843	0.3048	-0.003106686068549906	0.002103121748653167	0.0037297686115118824	0.99410343	50.57743073	0.97380888	0.09610353755551325	0.00739056	4e-05
0.0928	-0.2529	0.2586	-0.0028623399732707008	0.002324778563656447	0.0035918876006043304	1.03282344	52.54740906	0.99926991	0.1472941960595019	0.00742871	7e-05
0.083	-0.196	0.2058	-0.002823942729726825	0.002368411794956305	0.0030630528372500485	1.05534327	53.6931572	1.00840308	0.15004326190990075	0.00685745	5e-05
0.0712	-0.1693	0.2414	-0.0031328660073298214	0.0022235494670407763	0.0032026791774095948	1.00340545	51.05069351	0.98194755	0.10377059728390357	0.00627387	6e-05
0.0711	-0.1346	0.3008	-0.003118903373313867	0.002008873969045473	0.0031712632508736965	1.04228461	53.02876663	0.99976484	0.1072027029273578	0.00764519	8e-05
0.0638	-0.2394	0.2629	-0.002846632010002751	0.001996656664281513	0.0033196162372932147	1.06130993	53.99672699	1.01887433	0.17164208272472967	0.00709075	0.0001
0.0622	-0.2165	0.213	-0.0026790804018112955	0.0022916173078685546	0.002904227875318564	1.02632248	52.21665192	0.98428786	0.11829503068765743	0.00636441	6e-05
0.0732	-0.1955	0.2091	-0.0026616271092913526	0.0022200588085367874	0.0029827676916583086	0.98931783	50.33395386	0.96787253	0.04427758040957272	0.00653899	3e-05
0.081	-0.1444	0.2771	-0.0029513517651224112	0.0020594885173533086	0.003373721444105039	1.07489085	54.68768692	1.01949493	0.1689624349730634	0.00690269	4e-05
0.0698	-0.191	0.2379	-0.0028431413514987624	0.0021013764194011725	0.0036145768808802567	1.04444242	53.1385498	1.001463	0.11654768762233655	0.00649297	6e-05
0.0674	-0.2385	0.2176	-0.002722713633111154	0.0023998277214922034	0.003502875808752619	0.99780959	50.76599121	0.96885059	0.09672900463031384	0.00662327	6e-05
0.0642	-0.1785	0.2108	-0.0028675759610266834	0.0025865779514555962	0.0034714598822167216	1.08748579	55.32848358	1.01764249	0.08815142422074097	0.00718033	0.00029
0.0733	-0.1392	0.2643	-0.003267256359733385	0.0023753931119642824	0.003757693879543791	1.07433951	54.65963745	1.01974185	0.14675496177625427	0.00649142	3e-05
0.0807	-0.1602	0.271	-0.003438298626428829	0.0022776546738526	0.004002039974822997	1.01182902	51.47926331	0.97514489	0.06075634000431668	0.00756454	8e-05
0.0696	-0.2673	0.2277	-0.0030944687637859463	0.0024609142453120045	0.0036721727461960694	1.09636545	55.78026199	1.03483404	0.2043478331364607	0.00734979	7e-05
0.0636	-0.176	0.1892	-0.0028710666195306722	0.0024836035255879313	0.003134611336581816	1.08298373	55.0994339	1.0213621	0.17498264170727268	0.00640333	3e-05
0.0666	-0.1465	0.219	-0.0029914943379182805	0.002319542575900464	0.0032882003107573173	1.00219429	50.98907089	0.98101321	0.08420388211252881	0.0059154	5e-05
0.0738	-0.1014	0.289	-0.003220132469929538	0.0022497294058206906	0.0036041049053682902	1.07110846	54.4952507	1.01970661	0.15301779483510014	0.00733179	5e-05
0.0695	-0.2229	0.2506	-0.0031223940318178558	0.002398082392240209	0.003956661414271145	1.09533143	55.72764969	1.04708286	0.19413239667170276	0.0065943	6e-05
0.0676	-0.1899	0.2291	-0.0029234264970905022	0.0025883232807075904	0.003570943649580398	1.01207662	51.49185944	0.97150831	0.09514630939427408	0.00590193	8e-05
0.0728	-0.1695	0.2312	-0.002834414705238791	0.0025516713664157096	0.0035465090400524776	0.99737442	50.74385071	0.96685184	0.035204915783575645	0.00654119	3e-05
0.0795	-0.1195	0.286	-0.0030578168494940655	0.0024068090385001802	0.003691371367968007	1.07398295	54.64149475	1.00946995	0.13715634000431665	0.00738418	9e-05
0.0758	-0.1898	0.2713	-0.0032777283352453507	0.0024068090385001802	0.003904301536711315	1.03024101	52.41601944	0.99394084	0.11034208272472965	0.00664067	7e-05
0.0661	-0.2688	0.2311	-0.002846632010002751	0.002769837522915001	0.0035849062835963527	1.05094492	53.46937943	1.00350073	0.18457600313861908	0.00750494	6e-05
0.0689	-0.2076	0.2272	-0.002766346864411012	0.00277332818141899	0.0035098571257605967	1.05006254	53.42448807	0.99521928	0.07584124809657412	0.00658357	6e-05
0.0889	-0.131	0.2966	-0.003134611336581816	0.002258456052080662	0.003593632929856324	1.08495247	55.19960022	1.02974111	0.21434562028024293	0.00702864	6e-05
0.0873	-0.1815	0.3042	-0.0031712632508736965	0.0021153390534171274	0.003785619147575701	1.01431656	51.60582352	0.97952438	0.07828775653373964	0.00773704	8e-05
0.0724	-0.2624	0.239	-0.002928662484846485	0.0024242623310201236	0.0035499996985564664	1.07087886	54.4835701	1.0236746	0.20035717463247213	0.00732249	6e-05
0.0644	-0.1885	0.2104	-0.0028012534494508993	0.002522000769131806	0.0032899456400093115	1.07091355	54.4853363	1.017457	0.13476007660272116	0.00676745	0.0003
0.0756	-0.1604	0.2526	-0.0028780479365386495	0.002509783464367846	0.0036163222101322505	1.02694631	52.24839401	0.9942706	0.10226941809873244	0.00671417	0.00011
0.0792	-0.1343	0.2903	-0.003199188518905606	0.0023282692221604354	0.0036093408931242737	1.013569	51.56778717	0.98231054	0.0928818070791172	0.00704497	6e-05
0.0685	-0.2307	0.2309	-0.0030455995447301047	0.002450442269800039	0.0037297686115118824	1.06888902	54.38232803	1.02916524	0.18630948701013564	0.00670779	7e-05
0.0594	-0.1929	0.2009	-0.002897246558310587	0.002665117767795341	0.0032515483964654355	1.00458646	51.11077881	0.97196241	0.11896243497306332	0.00625712	5e-05
0.0599	-0.1639	0.1923	-0.0028658306317746896	0.0027419122548830916	0.003134611336581816	1.05003774	53.4232254	0.98696893	0.049357373675363365	0.00704753	0.00011
0.0696	-0.1097	0.2452	-0.003178244567881674	0.0025028021473598684	0.0032812189937493396	1.06130743	53.9966011	1.01029353	0.15170658503988654	0.00699037	3e-05
0.0672	-0.1436	0.2446	-0.0034016467121369483	0.002537708732399755	0.003419100004656891	0.99294108	50.51829529	0.97076841	0.05670948701013561	0.00644761	7e-05
0.0617	-0.2158	0.2033	-0.0030421088862261168	0.002806489437206882	0.0033143802495372316	1.03697991	52.7588768	0.99597449	0.15565191429188088	0.00723302	6e-05
0.0611	-0.1624	0.1803	-0.0027523842303950577	0.002949606435870417	0.003235840433197487	1.05073643	53.45877075	1.00344503	0.10256907354171696	0.00738364	0.00013
0.0731	-0.1319	0.2332	-0.0029077185338225527	0.0027960174616949163	0.003611086222376268	1.04161084	52.99448776	1.00581424	0.12960845333908882	0.00659746	8e-05
0.0873	-0.1141	0.2627	-0.003157300616857742	0.002593559268463574	0.00393048147549123	1.0247916	52.13876724	0.98830579	0.10007177646907468	0.00726759	7e-05
0.0705	-0.2346	0.2426	-0.003232349774693498	0.0028431413514987624	0.003687880709464018	1.07886732	54.8900032	1.03222939	0.18576160034490785	0.00687855	5e-05
0.0569	-0.1772	0.2257	-0.003118903373313867	0.003110176727053895	0.0032131511529215613	1.02795875	52.29990387	0.98824998	0.13066056667386103	0.00625199	4e-05
0.0635	-0.1669	0.2313	-0.002949606435870417	0.0033283428835531865	0.0034732052114687163	1.03827465	52.82474899	0.99452363	0.05487585762449482	0.00679928	0.00011
0.0879	-0.1261	0.2807	-0.0031834805556376572	0.0029443704481144336	0.004019493267342941	1.06073821	53.96763992	1.02163549	0.1728067305540109	0.00706249	8e-05
0.0885	-0.1538	0.2977	-0.003455751918948773	0.002855358656262723	0.0041835542170304075	0.99764049	50.75738907	0.97419213	0.07156720524251464	0.00683427	3e-05
0.0824	-0.2727	0.2694	-0.0031433379828417875	0.003014183618194207	0.004194026192542374	1.06307089	54.08631897	1.01663283	0.17738554367752188	0.00770319	7e-05
0.0656	-0.2395	0.2436	-0.002949606435870417	0.0032445670794574587	0.003680899392456041	1.04175508	53.00182724	0.98915933	0.12266209041604775	0.00670052	9e-05
0.0677	-0.1784	0.2238	-0.0027314402793711255	0.0033894294073729884	0.0035342917352885177	1.0142628	51.60308838	0.97659952	0.1084818070791172	0.00603926	6e-05
0.0679	-0.1686	0.2295	-0.002766346864411012	0.003492403833240653	0.0036180675393842456	1.00283015	51.02142715	0.96498142	0.026782840750163968	0.00661033	6e-05
0.0706	-0.1318	0.2657	-0.0030909781052819575	0.0033527774930811067	0.0038484510006474965	1.03736556	52.7784996	0.98813896	0.11043205211468708	0.00671679	8e-05
0.0696	-0.1277	0.302	-0.003530801076784529	0.0030246555937061734	0.0038606683054114572	0.99422461	50.58359528	0.96675756	0.08040810878207326	0.00688469	4e-05
0.0741	-0.2385	0.2863	-0.0034086280291449255	0.0030665434957540365	0.004075343803406759	1.04919565	53.38038254	1.00397419	0.14993682238413839	0.00752318	0.0001
0.0734	-0.2992	0.2723	-0.0031695179216217023	0.0031677725923697077	0.004249876728606192	1.0302608	52.41702652	0.9842253	0.10114360646691643	0.0081867	0.00011
0.0706	-0.2511	0.2577	-0.003008947630438224	0.0032847096522533284	0.004012511950334963	1.0193702	51.86293793	0.97829214	0.09124360646691648	0.00672078	5e-05
0.0673	-0.2212	0.2432	-0.0027628562059070234	0.0034330626386728466	0.003680899392456041	1.0221051	52.00208282	0.97988036	0.08400284844148202	0.00684887	9e-05
0.0746	-0.186	0.253	-0.0028379053637427798	0.003337069529813158	0.0037437312455278365	1.02424061	52.11073685	0.97964883	0.06399370598836204	0.00636947	4e-05
0.0826	-0.1441	0.3044	-0.0032096604944175725	0.0031119220563058892	0.0038100537571036214	1.04820657	53.33006287	1.00901397	0.1344612557878923	0.00750345	0.00034
0.081	-0.2304	0.2859	-0.0032934362985133003	0.003026400922958167	0.003895574890451344	1.06477749	54.17314911	1.01683851	0.11914090353955863	0.00718337	0.00012
0.0721	-0.233	0.2576	-0.0031293753488258326	0.0031171580440618727	0.0037472219040318253	1.01853991	51.82069778	0.97430637	0.05995855286053461	0.006679	6e-05
0.0746	-0.1818	0.2314	-0.002963569069886372	0.0032061698359135836	0.0034836771869806815	1.01703441	51.74409866	0.97792454	0.10581813939211578	0.00596547	6e-05
0.0791	-0.1777	0.2145	-0.0027925268031909274	0.0033772121026090277	0.0035238197597765512	1.00470972	51.11705017	0.96497234	0.044611355309337915	0.00658286	6e-05
0.0789	-0.153	0.2395	-0.003043854215478111	0.003270747018237374	0.0036337755026521943	1.03523004	52.66984558	0.98166993	0.07328741197672402	0.00635654	6e-05
0.0855	-0.1322	0.3105	-0.003525565089028546	0.0029775317039023265	0.0037227872945039047	1.02810967	52.30757904	0.99682239	0.14159689898685965	0.00702727	4e-05
0.0862	-0.2228	0.3013	-0.0035046211380046137	0.0029321531433504737	0.003841469683639519	1.03611064	52.71465302	0.99302292	0.1097502450355699	0.0076158	8e-05
0.0792	-0.2692	0.2624	-0.00322885911618951	0.003078760800517997	0.0037489672332838195	1.03050649	52.42952728	0.98140471	0.1180436064669163	0.00741482	6e-05
0.0696	-0.2157	0.2163	-0.0029112091923265415	0.00322885911618951	0.003312634920285238	1.05079019	53.46150589	0.99645883	0.1544040276266532	0.00617737	4e-05
0.0703	-0.1943	0.2175	-0.0029234264970905022	0.0033056536032772606	0.0034086280291449255	1.01887155	51.83757019	0.97897903	0.03255024503556997	0.00698227	9e-05
0.0835	-0.1404	0.3012	-0.003220132469929538	0.0028274333882308137	0.0036198128686362394	1.09635818	55.77988815	1.03678736	0.20010555136883987	0.00717592	4e-05
0.0843	-0.1552	0.2831	-0.0030665434957540365	0.0027942721324429216	0.003904301536711315	1.00528181	51.14616013	0.97690637	0.057261944901923455	0.00677061	5e-05
0.0812	-0.2299	0.2358	-0.002935643801854462	0.003068288825006031	0.0038222710618675813	1.01800835	51.79365158	0.99135227	0.14944734306532084	0.00684631	5e-05
0.0762	-0.168	0.2095	-0.002813470754214859	0.0032166418114255493	0.003506366467256608	1.09339666	55.62921524	1.01046709	0.12252153143350472	0.00679219	7e-05
0.0886	-0.1233	0.2566	-0.003225368457685521	0.002960078411382383	0.0035622170033204267	1.0577668	53.81645966	1.00614252	0.14041558197888235	0.00662565	6e-05
0.1025	-0.123	0.2872	-0.003312634920285238	0.0028361600344907856	0.0038135444156076103	1.01683009	51.73370361	0.98123534	0.06792561258892492	0.00784409	8e-05
0.0957	-0.2733	0.2496	-0.0030752701420140084	0.003106686068549906	0.00400727596257898	1.1580584	58.91903687	1.08644765	0.229781117965086	0.00835478	0.00044
0.0832	-0.2118	0.2148	-0.0029949849964222694	0.003267256359733385	0.0036215581978882336	1.09312701	55.61549759	1.0297528	0.1401286600732982	0.00644284	3e-05
0.0809	-0.181	0.2164	-0.0029722957161463434	0.0032724923474893677	0.003611086222376268	1.00450993	51.10688782	0.97326439	0.03661986217719372	0.00656879	8e-05
0.0989	-0.1362	0.2732	-0.003166027263117714	0.0030647981665020423	0.003778637830567723	1.07435465	54.66040802	1.01012358	0.14804886680750756	0.0071407	2e-05
0.1048	-0.192	0.2183	-0.0030909781052819575	0.002883283924294633	0.003820525732615587	1.05158842	53.50211716	1.00393109	0.13152256510455151	0.00650305	7e-05
0.0969	-0.1962	0.1739	-0.0028605946440187057	0.0031223940318178558	0.0033265975543011915	1.00085628	50.92100143	0.97501716	0.10467108735504352	0.00702983	4e-05
0.0886	-0.1385	0.157	-0.0027419122548830916	0.003387684078120994	0.0033283428835531865	1.06801546	54.337883	1.00650358	0.10218588823453736	0.00748074	9e-05
0.103	-0.0793	0.2433	-0.0030508355324860886	0.0031311206780778272	0.0037803831598197174	1.10967958	56.45764923	1.05221567	0.21077634769563472	0.00726748	6e-05
0.1044	-0.1208	0.242	-0.0030159289474462015	0.0029513517651224112	0.003932226804743224	1.02301431	52.04833984	0.98694964	0.0625259571459405	0.00726765	8e-05
0.1005	-0.2366	0.1979	-0.0028780479365386495	0.0030927234345339517	0.003755948550291797	1.08566463	55.2358284	1.03197636	0.186576546738526	0.00715363	9e-05
0.1074	-0.1536	0.1495	-0.0027576202181510408	0.0029722957161463434	0.0031817352263856626	1.07825792	54.85899353	1.02266042	0.1790534380340676	0.00769621	0.0001
0.1187	-0.1312	0.1884	-0.0029478611066184224	0.0028361600344907856	0.0034365532971768345	1.01055098	51.41423798	0.98441569	0.10165973204570558	0.00685734	8e-05
0.1213	-0.0987	0.2421	-0.003145083312093782	0.0027454029133870805	0.0037053340019839614	1.06942368	54.40953445	1.00566755	0.1166380015693096	0.00753719	9e-05
0.1125	-0.193	0.1747	-0.0029705503868943488	0.0029548424236264	0.003864158963915446	1.08599126	55.25244904	1.03866699	0.19763986986851192	0.00716662	8e-05
0.1052	-0.1855	0.1622	-0.0026965336943312393	0.0031433379828417875	0.003623303527140228	0.99384624	50.56434631	0.96224328	0.06246838442768573	0.0071137	7e-05
0.098	-0.1476	0.184	-0.0027331856086231197	0.003199188518905606	0.003675663404700058	1.05023682	53.43335724	0.98558419	0.07414311639577642	0.00708848	0.0001
0.0986	-0.0912	0.2365	-0.003038618227722128	0.0028012534494508993	0.00365646478292812	1.0629108	54.07817078	1.00375333	0.14562831551628266	0.00715566	5e-05
0.0991	-0.1666	0.1948	-0.002939134460358451	0.0027366762671271086	0.003829252378875559	1.02134144	51.96323395	0.98992328	0.13444242728174532	0.00630468	8e-05
0.0963	-0.1755	0.1658	-0.0026930430358272505	0.0029653143991383657	0.003495894491744642	0.99875957	50.81432343	0.96939478	0.08110437218366871	0.00708586	4e-05
0.0818	-0.149	0.1747	-0.0028710666195306722	0.0030543261909900766	0.0033248522250491977	1.02350938	52.07352829	0.97833961	0.07180388211252883	0.00681621	9e-05
0.0793	-0.1024	0.2585	-0.003134611336581816	0.003035127569218139	0.003525565089028546	1.05190301	53.51812363	1.01940767	0.1570728101401215	0.0066511	8e-05
0.0862	-0.1459	0.2697	-0.0030630528372500485	0.00294262511886244	0.0038816122564353885	1.01033616	51.40330887	0.97638209	0.08760540585471546	0.00706083	7e-05
0.0859	-0.239	0.2207	-0.002858849314766712	0.0030927234345339517	0.003757693879543791	1.06551754	54.21080017	1.01672834	0.16631101075232227	0.00701654	6e-05
0.0868	-0.1761	0.1745	-0.002782054827678961	0.003120648702565861	0.003214896482173555	1.03496122	52.65617371	0.99689996	0.1423758576244948	0.00663114	6e-05
0.0846	-0.1812	0.1788	-0.0027244589623631483	0.0032550390549694243	0.0032463124087094525	1.02377915	52.08725739	0.98318692	0.022770107212763655	0.00734985	0.00011
0.093	-0.1291	0.2657	-0.0030473448739821	0.0030613075079980543	0.003569198320328404	1.08839142	55.37456512	1.04184326	0.18937516851046368	0.0069887	0.0001
0.103	-0.1574	0.2438	-0.00308399678827398	0.0029862583501622975	0.0037995817815916558	1.01059377	51.41641617	0.98310876	0.07730422666954445	0.00652629	4e-05
0.1166	-0.2372	0.1981	-0.002621484536495483	0.0033300882128051803	0.0038222710618675813	1.05129719	53.48730469	1.00740989	0.1805515697348652	0.00743371	8e-05
0.1113	-0.1659	0.1552	-0.002385865087476248	0.0033702307856010505	0.0034662238944607386	1.06907976	54.39203262	1.01382754	0.1510904594610974	0.00766397	9e-05
0.1085	-0.1555	0.2025	-0.002764601535159018	0.0032602750427254074	0.0036477381366681488	1.03131068	52.47043991	0.99170719	0.09401032163829115	0.00668305	3e-05
0.12	-0.1232	0.2633	-0.0027366762671271086	0.0031555552876057474	0.003977605365295077	1.0632714	54.09652328	1.0200296	0.1277256125889248	0.00810939	0.00025
0.1024	-0.2361	0.2205	-0.0028396506929947744	0.0032218777991815323	0.004078834461910747	1.10791802	56.36802673	1.05519084	0.18682630170295603	0.00712907	8e-05
0.0898	-0.1788	0.1839	-0.002790781473938933	0.0033527774930811067	0.0035133477842645856	1.03723502	52.77185822	0.99218432	0.1437627795300789	0.00665003	4e-05
0.0888	-0.169	0.1958	-0.0028379053637427798	0.0033597588100890844	0.0033999013828849537	0.98411101	50.06904221	0.96308686	0.0310775804095728	0.00667131	0.00011
0.0985	-0.1162	0.2621	-0.0030211649352021846	0.003160791275361731	0.003640756819660172	1.08167887	55.03304291	1.02231815	0.15995412714809887	0.00707245	9e-05
0.0957	-0.1716	0.2324	-0.0029897490086662863	0.0031119220563058892	0.003963642731279122	1.04734254	53.28610229	1.00287499	0.10805855286053452	0.00674671	8e-05
0.0946	-0.2374	0.1962	-0.00249931148885588	0.0034103733583969193	0.003867649622419434	1.03150952	52.48055649	0.99036569	0.1473440965380562	0.00716823	8e-05
0.0886	-0.1736	0.1914	-0.002617993877991494	0.0035744343080843866	0.003745476574779831	1.04932249	53.38683319	0.99186735	0.09484581932313425	0.00682521	9e-05
0.0873	-0.1248	0.2287	-0.0030368728984701333	0.003371976114853045	0.0037437312455278365	1.03660572	52.73983765	0.99136292	0.11855412714809876	0.00649303	4e-05
0.0925	-0.1202	0.2975	-0.003384193419617005	0.003190461872645634	0.0038135444156076103	1.04781818	53.31030273	1.00342598	0.1085323966717028	0.00809908	9e-05
0.0914	-0.2251	0.2748	-0.0032340951039454926	0.0032044245066615894	0.00420449816805434	1.07287586	54.58517075	1.02051672	0.15645073510670984	0.00778216	8e-05
0.0852	-0.2454	0.2261	-0.0029548424236264	0.003427826650916863	0.00400727596257898	1.05281162	53.56435394	0.99355317	0.11019385150248628	0.0069567	4e-05
0.088	-0.2027	0.2247	-0.0029478611066184224	0.0034487706019407953	0.003864158963915446	1.00992942	51.38261795	0.97443089	0.05545211333477221	0.00686866	5e-05
0.1062	-0.1393	0.2896	-0.0032794736644973454	0.003316125578789226	0.004057890510886817	1.09937871	55.93356705	1.02769032	0.1793994564000932	0.00764716	9e-05
0.1083	-0.1901	0.2644	-0.003262020371977402	0.003157300616857742	0.004255112716362175	1.04249609	53.03952408	0.99230025	0.0967750229963392	0.0069226	6e-05
0.108	-0.2396	0.2234	-0.002909463863074547	0.0032724923474893677	0.0041329396687225725	1.01972771	51.88113022	0.97594971	0.1202960643587042	0.00728709	8e-05
0.096	-0.1781	0.2068	-0.002806489437206882	0.003443534614184812	0.0039706240482871	1.07201374	54.54130936	0.99997593	0.11191661564992907	0.00703233	5e-05
0.0941	-0.1205	0.254	-0.003008947630438224	0.003298672286269283	0.003949680097263168	1.05918729	53.88873291	1.00286305	0.12511322360854016	0.00691909	6e-05
0.0974	-0.1379	0.267	-0.003193952531149623	0.0032306044454415038	0.0040334559013588955	1.02277994	52.03641891	0.98089695	0.05054242728174532	0.00764066	8e-05
0.0961	-0.243	0.2191	-0.0029705503868943488	0.00318871654339364	0.00401076662108297	1.09454393	55.68758392	1.03293628	0.16869896632895323	0.00746059	6e-05
0.0879	-0.1818	0.1806	-0.002898991887562581	0.0032218777991815323	0.0034313173094208515	1.05854583	53.85609436	1.00343263	0.14210845333908892	0.00676882	8e-05
0.0886	-0.1693	0.2019	-0.003026400922958167	0.0031974431896536117	0.003492403833240653	1.01452351	51.61635208	0.97881921	0.04514650843716538	0.00712389	4e-05
0.0939	-0.1106	0.2742	-0.0032114058236695662	0.0029740410453983376	0.003623303527140228	1.08344197	55.12274933	1.02804642	0.16326533694331244	0.00732589	0.00011
0.0862	-0.1833	0.243	-0.0032916909692613052	0.003145083312093782	0.004101523742186674	1.06544054	54.20688248	1.01014329	0.14807738136668147	0.00671852	5e-05
0.0852	-0.2223	0.2146	-0.003008947630438224	0.00334579617607313	0.0037000980142279784	1.02719176	52.26087952	0.98231166	0.11264409653805622	0.00698185	8e-05
0.0752	-0.1862	0.1947	-0.0027995081201989047	0.0034749505407207105	0.003495894491744642	1.04232574	53.03085709	0.98517616	0.0931398698685118	0.00696629	5e-05
0.073	-0.1381	0.2632	-0.003333578871309169	0.0034086280291449255	0.0036686820876920805	1.07967317	54.93099976	1.01933403	0.1574590429316744	0.00678962	2e-05
0.0846	-0.1461	0.2781	-0.003419100004656891	0.00325329372571743	0.0038222710618675813	1.00694811	51.23093796	0.9768249	0.054222220547535935	0.00738978	8e-05
0.0852	-0.252	0.2223	-0.003159045946109736	0.0034732052114687163	0.0038048177693476384	1.10748315	56.34589767	1.04201661	0.1871709418409192	0.00771695	9e-05
0.0828	-0.1785	0.2038	-0.0030630528372500485	0.0035482543693044722	0.0033859387488689996	1.06774688	54.32422256	1.00740129	0.12389606435870412	0.00652248	7e-05
0.0874	-0.1575	0.2141	-0.002900737216814576	0.0034574972482007667	0.0037088246604879502	0.99298894	50.52072906	0.96431114	0.06469793265790644	0.00703007	8e-05
0.0873	-0.1292	0.2678	-0.003082251459021986	0.0033248522250491977	0.0038885935734433662	1.07646656	54.7678566	1.00742419	0.10679640891571972	0.00748378	3e-05
0.0782	-0.1781	0.2478	-0.0033231068957972035	0.003190461872645634	0.003956661414271145	1.04280448	53.05521774	0.99241836	0.100165681500328	0.00666595	3e-05
0.0735	-0.2257	0.2308	-0.0031119220563058892	0.003267256359733385	0.0036337755026521943	1.01576447	51.67948914	0.97308992	0.09984326190990081	0.00684041	8e-05
0.0666	-0.1896	0.2325	-0.003085742117525975	0.0033911747366249826	0.0034068826998929313	1.07954895	54.92468262	1.01154552	0.06354955592153877	0.00738657	0.00035
0.0727	-0.1502	0.2652	-0.0033265975543011915	0.003307398932529255	0.0035901422713523357	1.06509125	54.1891098	1.00910056	0.1035945406165174	0.00655907	4e-05
0.08	-0.1214	0.3072	-0.003543018381548489	0.0031956978604016175	0.0036320301734002	1.01353014	51.56581116	0.97682518	0.09660049007113997	0.00783467	8e-05
0.0809	-0.2038	0.3109	-0.0035465090400524776	0.0031555552876057474	0.003886848244191372	1.04602349	53.21899033	1.00114552	0.10192256510455158	0.00785512	0.0001
0.0792	-0.2725	0.2679	-0.00322885911618951	0.003258529713473413	0.00408756110817072	1.05216837	53.53162384	1.00299806	0.14446686068549902	0.00762963	8e-05
0.0811	-0.2299	0.2445	-0.0030229102644541784	0.0033667401270970616	0.0038135444156076103	0.98693943	50.21294403	0.96472767	0.09730879789610451	0.00697947	5e-05
0.0783	-0.1789	0.2401	-0.002925171826342496	0.003450515931192789	0.003778637830567723	1.06195939	54.02976608	0.99493509	0.06902104136236481	0.00695425	0.00011
0.0784	-0.1247	0.2781	-0.00325329372571743	0.0032637657012293962	0.0037297686115118824	1.0787034	54.88166046	1.01803358	0.12048706741970838	0.00722659	0.0002
0.087	-0.1531	0.2918	-0.003298672286269283	0.00324107642095347	0.0038117990863556156	1.03836668	52.82942963	0.99367717	0.05820491578357562	0.00794244	0.00011
0.0799	-0.2539	0.2552	-0.00318871654339364	0.003577924966588375	0.00382576172037157	1.0882144	55.36555862	1.02645241	0.16753834612632515	0.00787622	0.0001
0.0791	-0.1889	0.2435	-0.003115412714809878	0.0036041049053682902	0.0036337755026521943	1.06640828	54.25611496	0.99581558	0.0920734992541526	0.0067718	5e-05
0.0844	-0.1661	0.2438	-0.0030630528372500485	0.0035116024550125905	0.0035360370645405115	1.00433445	51.09795761	0.96924203	0.04053003830136061	0.00746089	9e-05
0.0862	-0.1725	0.2386	-0.002930407814098479	0.0033929200658769764	0.0035465090400524776	1.038463	52.83433533	0.97994301	0.026489969389957447	0.00758308	6e-05
0.0777	-0.1261	0.2173	-0.002230530784048753	0.002642428487519415	0.0033440508468211352	1.11651099	56.80521393	1.04335991	0.1588413400819315	0.00777376	0.00025
0.0863	-0.1113	0.2377	-0.0027960174616949163	0.002565634000431664	0.0035918876006043304	1.08450007	55.17658234	1.05286412	0.08830589592585546	0.00815022	0.00028
0.09	-0.1291	0.2889	-0.002981022362406315	0.002806489437206882	0.003501130479500625	1.02760184	52.2817421	1.01885539	0.09853087292951608	0.00754756	0.00014
0.0905	-0.2463	0.2523	-0.0027611108766550296	0.0028605946440187057	0.0034993851502486306	1.05750525	53.80315399	1.02471438	0.16808810109075512	0.00761509	0.00018
0.0907	-0.281	0.1996	-0.00239459173373622	0.003120648702565861	0.003454006589696778	1.07290554	54.58668137	1.00690279	0.12119758810089096	0.00820082	0.00023
0.0888	-0.2118	0.175	-0.002537708732399755	0.003333578871309169	0.003223623128433527	1.01649737	51.7167778	0.98766423	0.12502153143350475	0.00732791	0.00016
0.0887	-0.188	0.1878	-0.0025586526834236872	0.0032096604944175725	0.0034051373706409367	1.07934344	54.91422272	1.00008647	0.05301882850614693	0.00810838	7e-05
0.0869	-0.1249	0.2712	-0.0028099800957108703	0.002897246558310587	0.0035290557475325343	1.11799598	56.88076401	1.04940866	0.18268298626428833	0.00779974	8e-05
0.0928	-0.1672	0.2978	-0.002766346864411012	0.0028326693759867967	0.003745476574779831	1.02861524	52.33330154	0.98738352	0.09103156204354725	0.00876749	0.00013
0.1001	-0.2733	0.253	-0.0024713862208239705	0.003113667385557884	0.00400727596257898	1.09902823	55.91573715	1.03574193	0.20008790204786392	0.00838912	0.00017
0.1019	-0.1995	0.1953	-0.002356194490192345	0.0033231068957972035	0.003733259270015871	1.11078537	56.51390839	1.0498102	0.16323239667170272	0.0075559	0.00013
0.1044	-0.1719	0.2159	-0.002665117767795341	0.0032724923474893677	0.00386590429316744	1.00813723	51.29143524	0.98662494	0.07530914245312006	0.00663686	7e-05
0.1119	-0.1364	0.2947	-0.0028326693759867967	0.003232349774693498	0.004012511950334963	1.07515478	54.70111465	1.02261797	0.13951509190774244	0.00806504	6e-05
0.1153	-0.2017	0.2909	-0.00272096830385916	0.0031799898971336684	0.004337143191205909	1.03475845	52.64585495	1.00085203	0.09693460952792061	0.00795853	9e-05
0.1137	-0.3074	0.2515	-0.002368411794956305	0.0034348079679248403	0.004399975044277705	1.06106925	53.984478	1.01292717	0.18021032163829115	0.00876433	0.00015
0.1077	-0.2576	0.2288	-0.002324778563656447	0.003522074430524557	0.004136430327226561	1.01705801	51.74530029	0.97661756	0.09822222054753593	0.00796252	7e-05
0.1031	-0.2153	0.2288	-0.002462659574563999	0.0035238197597765512	0.004134684997974567	1.05781269	53.81879425	0.99284817	0.053968583470577015	0.00715536	6e-05
0.0997	-0.1657	0.282	-0.0029478611066184224	0.0033300882128051803	0.003916518841475275	1.04671526	53.25418854	0.99984127	0.15105496177625427	0.0072208	6e-05
0.0994	-0.2165	0.2779	-0.0030246555937061734	0.003270747018237374	0.0040561451816348215	1.01446605	51.61342621	0.97232312	0.0689881010907552	0.00759369	7e-05
0.0824	-0.2795	0.2484	-0.002848377339254746	0.003516838442768574	0.0039514254265151615	1.04637277	53.236763	0.99098291	0.1358544717051144	0.00784755	0.00011
0.0721	-0.2053	0.2215	-0.0026930430358272505	0.0037646751965517687	0.003558726344816438	1.0510813	53.47631836	0.99681946	0.1511935069454707	0.0066101	6e-05
0.0871	-0.1795	0.249	-0.0027960174616949163	0.0035377823937925057	0.0037891098060796892	1.02671707	52.23673248	0.99170102	0.096312534494509	0.00781322	0.00033
0.1034	-0.1403	0.2775	-0.0030525808617380824	0.0032847096522533284	0.0040229839258469294	1.08139861	55.01878738	1.01344882	0.1211755130674792	0.00745463	4e-05
0.1088	-0.238	0.2305	-0.0028693212902786776	0.0035342917352885177	0.004591961261997081	1.07809603	54.8507576	1.02596816	0.20019094953223723	0.00731754	8e-05
0.1153	-0.2473	0.2072	-0.0026319565120074486	0.003712315318991939	0.004473278872861466	0.99987561	50.87110519	0.96571952	0.06580353755551327	0.00776267	7e-05
0.1119	-0.2087	0.1886	-0.0023928464044842257	0.0038065630985996326	0.004150392961242515	1.04875171	53.35779572	0.98561536	0.09341218993749333	0.00748283	8e-05
0.1118	-0.1673	0.2049	-0.002384119758224254	0.00365646478292812	0.004169591583014453	1.0297693	52.39201736	0.97784252	0.06670117918517111	0.00692749	8e-05
0.1185	-0.133	0.2738	-0.0024033183799961914	0.003338814859065152	0.004057890510886817	1.03887773	52.8554306	1.00423806	0.132327480888127	0.00790852	6e-05
0.1193	-0.2047	0.3046	-0.0024818581963359366	0.0033999013828849537	0.004309217923174	1.03920889	52.87228394	0.99400798	0.12284768762233644	0.00857347	9e-05
0.117	-0.3153	0.286	-0.002237512101056731	0.003581415625092364	0.0046041785667610404	1.05579293	53.71603775	1.01187634	0.16754104905368286	0.00950533	9e-05
0.1161	-0.2976	0.2492	-0.0020664698343612863	0.0036966073557239895	0.004513421445657336	1.01910627	51.84951019	0.97632249	0.07424955592153878	0.00830287	5e-05
0.1163	-0.2751	0.2121	-0.0019757127132575807	0.0037891098060796892	0.004157374278250492	1.00542951	51.15367126	0.97355707	0.08676533694331241	0.00813448	7e-05
0.1122	-0.216	0.1765	-0.0018779742751458986	0.003834488366631542	0.003778637830567723	1.05931067	53.89500809	1.00280852	0.12489267231731524	0.00756675	0.0001
0.1078	-0.1644	0.1674	-0.002008873969045473	0.0037192966359999168	0.003611086222376268	1.00756669	51.26240921	0.97259447	0.08578215163613273	0.00692093	2e-05
0.1034	-0.165	0.1901	-0.0021938788697568722	0.0036302848441482054	0.003635520831904189	1.01230621	51.50354004	0.97998486	0.04262256510455159	0.0080409	0.00033
0.0978	-0.1263	0.2499	-0.0025272367568877894	0.003490658503988659	0.0036843900509600297	1.08281922	55.09106445	1.01916108	0.13019267231731524	0.00712836	6e-05
0.0954	-0.1519	0.2753	-0.0027419122548830916	0.003427826650916863	0.0037437312455278365	1.00842535	51.30609131	0.97232283	0.07024242728174525	0.00702739	6e-05
0.0976	-0.2794	0.2489	-0.002673844414055313	0.003494149162492647	0.003965388060531117	1.06043816	53.95236969	1.01456422	0.17390235837034212	0.00766528	5e-05
0.0945	-0.298	0.2324	-0.002488839513343914	0.0038065630985996326	0.004157374278250492	1.01593745	51.68828964	0.96950436	0.07267025272688801	0.00815767	0.00014
0.093	-0.2241	0.2076	-0.0024452062820440558	0.0038013271108436495	0.003921754829231259	1.04898059	53.36943817	0.99197923	0.1144244334037537	0.00699896	3e-05
0.0962	-0.1961	0.2354	-0.002530727415391778	0.0036948620264719957	0.003921754829231259	1.00576878	51.17093277	0.97294191	0.06859931088596878	0.0075928	9e-05
0.0967	-0.1722	0.2954	-0.0027157323161031764	0.0036843900509600297	0.003956661414271145	1.05751562	53.80368042	1.0006925	0.09591917306316255	0.00832844	9e-05
0.0962	-0.2222	0.263	-0.0027192229746071652	0.0035046211380046137	0.0040613811693908045	1.03547072	52.68209076	0.99490735	0.09729896632895321	0.00747967	6e-05
0.1005	-0.2921	0.2229	-0.002574360646691636	0.003639011490408177	0.004017747938090946	1.02106106	51.94896698	0.98718392	0.13044429558094758	0.00807953	9e-05
0.1023	-0.2221	0.2278	-0.00249931148885588	0.0037192966359999168	0.00404741853537485	1.01180542	51.47806168	0.98067284	0.08595024503557001	0.00730729	8e-05
0.1043	-0.1648	0.2832	-0.0028815385950426383	0.003649483465920143	0.004141666314982544	1.06133878	53.99819565	1.00836384	0.1420144027937113	0.00751454	4e-05
0.1118	-0.1899	0.2856	-0.0031049407392979124	0.0036041049053682902	0.00449073216538141	0.98749775	50.24135208	0.96673292	0.06589232776029966	0.00753886	6e-05
0.1166	-0.2945	0.2531	-0.0028379053637427798	0.003703588672731967	0.004848524662040247	1.05828154	53.84265137	1.01495362	0.17811558197888233	0.00884986	9e-05
0.1123	-0.2473	0.2389	-0.00272096830385916	0.0036896260387160127	0.004782202150464463	1.02883327	52.34439468	0.98233386	0.0755611102737679	0.00779927	9e-05
0.1176	-0.1968	0.2751	-0.00285012266850674	0.003577924966588375	0.004771730174952496	1.0109812	51.43613052	0.97474987	0.10456637061435924	0.00760972	8e-05
0.125	-0.2177	0.3003	-0.002967059728390361	0.0034993851502486306	0.0048467793327882525	1.00386024	51.07382965	0.96989875	0.06702630170295608	0.00861657	0.0001
0.1163	-0.3115	0.2602	-0.0027523842303950577	0.0035290557475325343	0.004843288674284265	1.05829132	53.84314728	1.01168528	0.15499183768915967	0.00881439	9e-05
0.1078	-0.2711	0.2642	-0.002766346864411012	0.003829252378875559	0.004605923896013036	1.01857245	51.82235336	0.97281687	0.0804762021815104	0.00784016	3e-05
0.1208	-0.2167	0.2647	-0.0024486969405480446	0.003572688978832392	0.00474904089467657	1.00162804	50.9602623	0.97160222	0.10376651612848344	0.0078342	6e-05
0.1231	-0.1889	0.2955	-0.002570869988187647	0.0036477381366681488	0.004838052686528281	1.03116405	52.46297836	0.98287692	0.07521169986635347	0.00875729	0.00013
0.1234	-0.257	0.2563	-0.00266860842629933	0.003556981015564444	0.005085889440311476	1.05436647	53.64346313	1.01169579	0.12941661564992912	0.00856566	0.00037
0.1345	-0.2722	0.2497	-0.0027035150113392165	0.0034627332359567498	0.005045746867515607	1.00160396	50.9590416	0.97273682	0.04136484687217246	0.00843722	6e-05
0.1307	-0.22	0.2416	-0.0026249751949994717	0.003555235686312449	0.004886921905584123	1.06054938	53.9580307	0.99052664	0.0805933614313464	0.00798541	9e-05
0.1214	-0.1552	0.266	-0.0028728119487826664	0.003417354675404897	0.0045867252742410975	1.03598988	52.70850372	0.98760844	0.13279571980168864	0.00755739	4e-05
0.1209	-0.1959	0.2645	-0.0029478611066184224	0.00326551103048139	0.004445353604829557	1.00658	51.21220779	0.9674498	0.06111322360854016	0.00833219	8e-05
0.112	-0.3013	0.2299	-0.002717477645355171	0.0034086280291449255	0.004501204140893376	1.07785845	54.83867264	1.01990489	0.1703675497995303	0.00878102	8e-05
0.104	-0.227	0.2043	-0.002595304597715568	0.0035046211380046137	0.004153883619746505	1.05749786	53.80278015	0.9975997	0.13617433388230812	0.00709265	7e-05
0.0998	-0.2065	0.2264	-0.0026040312439755396	0.003530801076784529	0.004136430327226561	1.03104568	52.45695877	0.99451097	0.04941799387799151	0.00826454	0.00034
0.1074	-0.17	0.2897	-0.002855358656262723	0.0034627332359567498	0.0042167154728183	1.08215117	55.0570755	1.02504428	0.1273840199353351	0.00785178	8e-05
0.1106	-0.2267	0.2614	-0.002874557278034661	0.0033248522250491977	0.004358087142229841	1.02358651	52.07745743	0.98734049	0.10312256510455152	0.00735068	5e-05
0.1164	-0.2759	0.2196	-0.0026563911215353696	0.003307398932529255	0.004206243497306334	1.00447917	51.10531998	0.97647242	0.11617315469713704	0.00772738	4e-05
0.1154	-0.2364	0.2109	-0.0024277529895241124	0.003556981015564444	0.004185299546282402	1.00784898	51.27677155	0.97173675	0.0741582083035189	0.00721163	4e-05
0.1075	-0.1834	0.2694	-0.002441715623540067	0.003680899392456041	0.004452334921837535	1.07081807	54.48047256	1.01453485	0.13964581932313416	0.00746626	4e-05
0.108	-0.165	0.2828	-0.0024731315500759648	0.0035290557475325343	0.004427900312309613	0.9927814	50.51016998	0.97197727	0.04268470904936631	0.00744295	8e-05
0.1124	-0.2852	0.2456	-0.0023387411976724015	0.0036651914291880917	0.004644321139556911	1.07086933	54.48308563	1.02167008	0.1861473430653209	0.00845498	9e-05
0.1115	-0.2465	0.2213	-0.0022427480888127134	0.0037053340019839614	0.0044261549830576195	1.04008043	52.91662598	0.98445789	0.08161509190774249	0.0074293	3e-05
0.1112	-0.2007	0.2419	-0.002314306588144481	0.003652974124424132	0.004473278872861466	1.00630677	51.19830704	0.9720634	0.07525211333477219	0.0071463	9e-05
0.1099	-0.1724	0.2814	-0.002309070600388498	0.003710569989739945	0.004543092042941239	1.02573073	52.18654633	0.98184308	0.07573225115757844	0.00853485	9e-05
0.1109	-0.2758	0.24	-0.0023911010752322315	0.0036302848441482054	0.00471238898038469	1.10056877	55.99411392	1.04641437	0.1623806278939461	0.00923908	0.00052
0.1166	-0.2659	0.2272	-0.0024556782575560214	0.0035395277230445004	0.004504694799397364	1.04042912	52.93436432	0.99310846	0.04655142422074096	0.00758129	8e-05
0.1175	-0.2284	0.2351	-0.002574360646691636	0.0035046211380046137	0.0044540802510895285	1.02598476	52.19947052	0.9789767	0.05651017612416687	0.00750458	6e-05
0.1153	-0.177	0.2664	-0.0028571039855147177	0.003555235686312449	0.004591961261997081	1.03522801	52.66974258	0.9870649	0.10846194490192348	0.00754058	9e-05
0.1097	-0.2349	0.2499	-0.002928662484846485	0.003717551306747922	0.004715879638888678	0.99430311	50.58758926	0.97039759	0.0978896248329419	0.00748557	5e-05
0.1119	-0.2804	0.2169	-0.0024766222085799536	0.003876376268679406	0.004495968153137393	1.02199078	51.99626923	0.98177825	0.122238836197465	0.00839591	7e-05
0.1068	-0.2235	0.1936	-0.0023596851486963333	0.003993313328563026	0.004206243497306334	1.04828465	53.33403397	0.99363032	0.11147993877991492	0.00767219	6e-05
0.1105	-0.1783	0.2316	-0.0024870941840919192	0.0038693949516714287	0.004277801996638102	1.02303994	52.04964828	0.9833064	0.10304429558094756	0.00720215	7e-05
0.1205	-0.1558	0.2689	-0.002516764781375823	0.003682644721708035	0.004401720373529699	1.01944411	51.86669922	0.98056111	0.08681696020694465	0.00828153	5e-05
0.1194	-0.2427	0.2448	-0.002457423586808016	0.003677408733952052	0.004644321139556911	1.04711211	53.27437592	1.00495307	0.12745889741755007	0.00794047	4e-05
0.1151	-0.2457	0.2071	-0.0023073252711365037	0.003715805977495928	0.0043929937272697275	1.02001953	51.89597702	0.97230781	0.06699114857512857	0.00737697	3e-05
0.1136	-0.2247	0.1931	-0.002118829711921116	0.0038030724400956446	0.0040945424251786966	0.98591602	50.16087723	0.9582951	0.06521066619530677	0.00746173	5e-05
0.1125	-0.2058	0.2192	-0.0020734511513692635	0.0038484510006474965	0.004249876728606192	1.04468358	53.15082169	0.99017665	0.058404571226560016	0.00743562	9e-05
0.1267	-0.1388	0.2787	-0.0024452062820440558	0.0035534903570604553	0.004431390970813603	1.07165682	54.52314758	1.02668795	0.18311150082346217	0.00883579	0.00029
0.1332	-0.2454	0.2423	-0.002469640891571976	0.0034016467121369483	0.004677482395344803	1.07781029	54.83621979	1.03271915	0.17061848394913143	0.00814152	7e-05
0.1317	-0.2575	0.1979	-0.002165953601724963	0.0036320301734002	0.004536110725933263	1.02025163	51.90778732	0.98461426	0.09177212102609025	0.00804752	6e-05
0.1278	-0.1968	0.189	-0.0021537362969610025	0.0036459928074161546	0.004469788214357478	1.037094	52.76467896	0.98414863	0.07812512251778499	0.00759757	9e-05
0.1278	-0.1343	0.2398	-0.002190388211252884	0.003576179637336381	0.0045640359939651725	1.02281404	52.03815079	0.99451553	0.12333564319896752	0.0075416	6e-05
0.1274	-0.1801	0.248	-0.002357939819444339	0.003707079331235956	0.004834562028024293	1.01650882	51.71736145	0.97532662	0.08284886680750748	0.00791061	4e-05
0.1294	-0.2801	0.2115	-0.00209614043164519	0.0037803831598197174	0.005030038904247658	1.0549314	53.67220306	1.01563543	0.16502900463031378	0.00847208	0.0001
0.1276	-0.2245	0.1965	-0.002038544566329377	0.003790855135331684	0.004735078260660616	1.01056647	51.41503143	0.97712006	0.09055142422074108	0.00761962	5e-05
0.1286	-0.2052	0.2174	-0.0020699604928652747	0.003829252378875559	0.00462337718853298	0.99167246	50.45375061	0.96297836	0.050275712110370456	0.00786805	9e-05
0.1406	-0.1573	0.2731	-0.0024748768793279594	0.0037367499285198597	0.0049183378321200205	1.05307436	53.57772064	0.99929516	0.15521897402027124	0.00844401	0.00011
0.1373	-0.2181	0.2397	-0.0026267205242514655	0.003558726344816438	0.005171410573659199	1.04964578	53.40328598	0.99957483	0.12664699850830527	0.00785327	6e-05
0.1407	-0.2647	0.2044	-0.0022444934180647076	0.0035412730522964946	0.004878195259324152	1.02275133	52.03496552	0.97973838	0.1199447856520874	0.00872207	0.00013
0.1342	-0.2253	0.2006	-0.0021746802479849347	0.0036704274169440743	0.004670501078336825	1.02674079	52.23793793	0.98100194	0.0700330857857339	0.00795841	7e-05
0.1326	-0.1507	0.2609	-0.002452187599052033	0.003600614246864302	0.004703662334124718	1.08267057	55.08349991	1.01918334	0.15552408884673824	0.00814205	9e-05
0.1384	-0.1812	0.2776	-0.0026022859147235454	0.0035674529910764093	0.004810127418496373	0.9824788	49.98600006	0.9636152	0.06748623279155296	0.00817722	9e-05
0.1397	-0.2991	0.237	-0.002281145332356589	0.003586651612848347	0.0049131018443640375	1.06152999	54.00791931	1.02450897	0.18196568150032796	0.00907767	9e-05
0.142	-0.2511	0.1817	-0.0020193459445574393	0.0036041049053682902	0.004352851154473858	1.0546149	53.65610123	1.01075262	0.1475751685104636	0.00813723	0.0001
0.1411	-0.1991	0.2084	-0.002237512101056731	0.0035150931135165793	0.004389503068765739	1.03436959	52.62606812	0.99476348	0.09679149313214416	0.00741506	4e-05
0.1425	-0.1434	0.2618	-0.0022706733568446224	0.0034313173094208515	0.0045588000062091886	1.05198848	53.5224762	1.00891187	0.1248116998663534	0.00873113	9e-05
0.1259	-0.2523	0.2035	-0.002150245638457014	0.003415609346152903	0.004537856055185257	1.10028291	55.97956848	1.04408969	0.1916539816339744	0.00830674	9e-05
0.1131	-0.204	0.1465	-0.0020472712125893483	0.0036721727461960694	0.0038693949516714287	1.07369602	54.62689972	1.01240461	0.16949994647123307	0.00783247	8e-05
0.1183	-0.1883	0.1862	-0.002036799237077382	0.003597123588360313	0.004181808887778414	1.01916957	51.85273361	0.98687832	0.08049675347273538	0.00777709	7e-05
0.1259	-0.1334	0.2549	-0.002049016541841343	0.0034487706019407953	0.004427900312309613	1.09962595	55.9461441	1.03101121	0.1515330857857339	0.00851047	9e-05
0.1228	-0.2149	0.2117	-0.0019163715186897737	0.003363249468593073	0.0046041785667610404	1.06203532	54.03363037	1.01486443	0.14752222054753594	0.00791037	6e-05
0.1192	-0.2527	0.1612	-0.0016947147036864942	0.0034749505407207105	0.004202752838802345	1.01250422	51.51361465	0.98097207	0.12863918075448058	0.00832403	9e-05
0.1142	-0.2061	0.1417	-0.001616174887346749	0.0036320301734002	0.004016002608838952	1.02620077	52.21046448	0.98606166	0.09221848394913139	0.00851816	0.00013
0.118	-0.1507	0.2081	-0.0018971728969178364	0.0034243359924128747	0.004263839362622147	1.08804095	55.35673141	1.0271645	0.1624264472170804	0.00782996	6e-05
0.119	-0.1642	0.1959	-0.001998401993533507	0.003262020371977402	0.004359832471481835	0.9934482	50.54409409	0.97379533	0.044676891295541594	0.00744206	4e-05
0.1115	-0.2681	0.1505	-0.001778490507782222	0.0033999013828849537	0.00420449816805434	1.0637995	54.12338638	1.01972684	0.18245634000431657	0.00868636	0.0001
0.1002	-0.185	0.1155	-0.0016982053621904826	0.003502875808752619	0.0037681658550557575	1.07726347	54.8083992	1.0187568	0.16037959422289935	0.00868964	0.00018
0.1087	-0.1484	0.1848	-0.0019146261894377795	0.003316125578789226	0.003913028182971286	1.04696107	53.26669312	1.01314446	0.1418016692563109	0.00748402	6e-05
0.1116	-0.1413	0.2296	-0.0020734511513692635	0.0032829643230013338	0.00411199571769864	1.01431036	51.60551071	0.98347661	0.07434768762233651	0.0082286	8e-05
0.1028	-0.2367	0.1742	-0.001932079481957723	0.003349286834577118	0.004176572900022431	1.06810045	54.34220886	1.02328746	0.17321356816555572	0.00808662	0.00017
0.0971	-0.2084	0.1283	-0.0017872171540421933	0.003478441199224699	0.0038083084278516272	1.04397023	53.11452484	0.99395378	0.11201405823669568	0.00827044	0.00012
0.104	-0.169	0.1491	-0.0017400932642383465	0.0033929200658769764	0.0038501963298994907	0.99774224	50.76256561	0.97179791	0.07582664625997161	0.00806272	0.0001
0.1165	-0.1239	0.219	-0.0019949113350295183	0.0032812189937493396	0.004101523742186674	1.08701503	55.30453491	1.02016274	0.1583923277602996	0.0084787	0.00017
0.1196	-0.181	0.2014	-0.0020263272615654165	0.0032131511529215613	0.004447098934081553	1.04276097	53.0530014	1.00080344	0.10005294796292774	0.00799799	7e-05
0.1177	-0.2675	0.1489	-0.0017435839227423352	0.0033702307856010505	0.004319689898685966	1.05344367	53.59651184	1.00730156	0.16926160034490792	0.00865334	0.00011
0.1135	-0.2087	0.1541	-0.0016842427281745281	0.003525565089028546	0.004358087142229841	1.03223443	52.5174408	0.98352026	0.08085363707695886	0.00845325	7e-05
0.1152	-0.149	0.2067	-0.002054252529597326	0.0034819318577286873	0.004452334921837535	1.06503129	54.18606186	1.00650445	0.13939454061651751	0.00792855	6e-05
0.1201	-0.1434	0.2462	-0.002209586833024821	0.0034348079679248403	0.004527384079673291	1.00210249	50.98440552	0.97520518	0.06387536755335492	0.00787669	0.0001
0.1211	-0.2697	0.2182	-0.0020839231268812296	0.003576179637336381	0.0049235738198760036	1.06863081	54.36919403	1.02869477	0.18846125578789216	0.00862336	8e-05
0.1161	-0.2705	0.1838	-0.0017994344588061536	0.003796091123087667	0.004745550236172582	1.01790631	51.78846359	0.98131213	0.07432118687648921	0.00859553	4e-05
0.1198	-0.1986	0.151	-0.0017924531417981763	0.0037594392087957856	0.004290019301402062	1.02734852	52.26885605	0.99304269	0.1333582083035189	0.0080477	6e-05
0.1228	-0.1806	0.1751	-0.001858775653373961	0.003593632929856324	0.004333652532701919	1.02104521	51.94815826	0.98650369	0.058888101090755166	0.00800645	4e-05
0.1255	-0.1292	0.2346	-0.0019826940302655584	0.0033196162372932147	0.004365068459237818	1.05991066	53.92553711	1.0208409	0.13506754979953023	0.00782716	0.00014
0.1221	-0.1896	0.1829	-0.0015638150097869194	0.003159045946109736	0.004187044875534397	1.04434085	53.13338089	1.01973017	0.1533736447682769	0.00771827	0.00014
0.1298	-0.2232	0.1621	-0.0015027284859671175	0.0033615041393410786	0.004246386070102203	1.02223539	52.00871277	0.98895437	0.07824429558094757	0.00813544	8e-05
0.1356	-0.1864	0.1595	-0.0015306537539990272	0.0035465090400524776	0.004541346713689245	1.04854047	53.34704971	0.98798309	0.0705945406165175	0.0082435	7e-05
0.1472	-0.132	0.2002	-0.001912880860185785	0.003274237676741362	0.004534365396681268	1.03224957	52.51821136	0.99508787	0.1397739893252925	0.00798631	8e-05
0.1533	-0.1716	0.2092	-0.002007128639793479	0.003193952531149623	0.004808382089244378	1.0146929	51.6249733	0.97794891	0.07712748088812717	0.00872588	9e-05
0.156	-0.2789	0.203	-0.0018570303241219666	0.003258529713473413	0.005171410573659199	1.06155658	54.00927353	1.0151181	0.1450851991205061	0.0092808	0.00011
0.1523	-0.222	0.1878	-0.0017400932642383465	0.0033859387488689996	0.004991641660703782	1.04877651	53.35905838	0.99991121	0.09700575041173116	0.00882477	0.00033
0.1493	-0.2131	0.1892	-0.001801179788058148	0.003494149162492647	0.004921828490624009	1.04485726	53.15965652	0.99334737	0.025255505376161124	0.00869966	0.00012
0.1471	-0.1592	0.2484	-0.0020751964806212577	0.003412118687648914	0.004953244417159907	1.06668735	54.27031708	1.01308104	0.13467315469713703	0.00849521	0.00013
0.1425	-0.1782	0.2448	-0.0022776546738526	0.0034348079679248403	0.005187118536927148	0.99875033	50.81385422	0.97140661	0.0501510796637255	0.00823891	8e-05
0.1454	-0.2929	0.2054	-0.002008873969045473	0.0036163222101322505	0.005365142120630569	1.07477212	54.68164825	1.02654899	0.1884159265358979	0.00953275	9e-05
0.1495	-0.2261	0.1922	-0.0019442967867216831	0.0036163222101322505	0.005138249317871306	1.04612422	53.22411346	0.99308993	0.09867349925415263	0.00840348	0.00011
0.1468	-0.176	0.2113	-0.002103121748653167	0.0035499996985564664	0.005037020221255636	1.00901902	51.3362999	0.97321797	0.08821882850614686	0.00802153	3e-05
0.148	-0.1449	0.2564	-0.002310815929640492	0.003516838442768574	0.004879940588576145	1.00942922	51.3571701	0.97540458	0.09729675347273539	0.00874805	9e-05
0.1425	-0.2409	0.225	-0.0022165681500327986	0.0034714598822167216	0.005092870757319453	1.0813545	55.01654434	1.01846696	0.1505278254451427	0.00859892	5e-05
0.1412	-0.2527	0.1962	-0.002090904443889207	0.0035150931135165793	0.005124286683855352	1.01472878	51.62679672	0.96639587	0.0519356431989674	0.00815719	9e-05
0.1442	-0.2204	0.1895	-0.002038544566329377	0.0036896260387160127	0.005103342732831419	0.9932363	50.53331375	0.96233513	0.0543918376891598	0.00850093	8e-05
0.1372	-0.1646	0.2321	-0.002234021442552742	0.0036093408931242737	0.0050073496239717305	1.05751932	53.80386734	0.99856169	0.12398775653373964	0.00810403	7e-05
0.1379	-0.1756	0.249	-0.002516764781375823	0.0034452799434368064	0.004977679026687828	0.99423885	50.58432007	0.9714211	0.05242374428972257	0.00796324	7e-05
0.1403	-0.2922	0.2014	-0.002134537675189065	0.003556981015564444	0.005157447939643243	1.08372962	55.13738251	1.02911295	0.20028485456349057	0.00936639	9e-05
0.1393	-0.2322	0.1805	-0.0019495327744776662	0.003733259270015871	0.0050509828552715895	1.04674351	53.25562668	0.98965296	0.105287411976724	0.00850445	0.00011
0.1387	-0.1872	0.2073	-0.002181661564992912	0.003783873818323706	0.0050789081233034985	1.01413846	51.59676361	0.97664721	0.08793343034274953	0.00798291	7e-05
0.1538	-0.15	0.2569	-0.0023125612588924867	0.003649483465920143	0.005019566928735692	1.03525901	52.67132187	0.99355332	0.11813156204354724	0.00925636	9e-05
0.1607	-0.2606	0.2218	-0.002057743188101315	0.003635520831904189	0.005160938598147233	1.07799804	54.84577179	1.02597465	0.17310761871093336	0.00925207	0.00012
0.1643	-0.2197	0.1739	-0.0019373154697137059	0.003623303527140228	0.005000368306963754	1.04040933	52.93335724	0.99210366	0.1070607657167524	0.00871521	4e-05
0.1613	-0.2109	0.1697	-0.0018867009214058703	0.003796091123087667	0.005009094953223725	0.9914006	50.43991852	0.9611409	0.0276064395257623	0.00912422	0.00011
0.1686	-0.1746	0.2316	-0.001932079481957723	0.0038170350741115982	0.0054384459492143305	1.07785332	54.83840942	1.0183648	0.13028367537831947	0.00931722	9e-05
0.1683	-0.1874	0.2521	-0.0022933626371205488	0.003581415625092364	0.005544911033585984	1.02897072	52.35138702	0.99874978	0.0687683844276857	0.00982457	0.00054
0.1672	-0.3098	0.2021	-0.0020996310901491783	0.003565707661824415	0.005490805826774161	1.11659503	56.8094902	1.05899138	0.18667723585255716	0.010274	0.00011
0.1539	-0.2425	0.1826	-0.0019722220547535923	0.0036651914291880917	0.005171410573659199	1.04781723	53.31025314	0.99606303	0.1274144027937112	0.00879729	9e-05
0.1469	-0.1871	0.2266	-0.0022427480888127134	0.00376118453804778	0.005176646561415181	1.03670883	52.74508286	0.99277613	0.12498775653373956	0.00825131	3e-05
0.1459	-0.1811	0.2962	-0.0024242623310201236	0.003717551306747922	0.005269149011770881	1.0355612	52.6866951	0.99642108	0.0924824961931484	0.00957155	0.00012
0.1542	-0.2597	0.297	-0.002410299697004169	0.0037699111843077517	0.005733406592801372	1.03117645	52.4636116	0.99204651	0.11422900463031373	0.0102665	0.0001
0.1547	-0.3288	0.2659	-0.0021572269554649913	0.003921754829231259	0.006070255138436278	1.01886964	51.83747101	0.98730879	0.13778824660487948	0.0111387	0.00011
0.1515	-0.289	0.2159	-0.0019355701404617114	0.004105014400690663	0.005630432166933707	1.02319348	52.05746078	0.98877702	0.13523696789826278	0.00984871	0.00012
0.1499	-0.2483	0.204	-0.001960004749989632	0.004171336912266447	0.005431464632206353	1.04726732	53.28227234	0.99307972	0.06868623279155293	0.00953472	8e-05
0.151	-0.1873	0.2443	-0.002253220064324679	0.003937462792499207	0.005380850083898519	1.05752361	53.80408859	1.00257626	0.13128519912050604	0.0089063	1e-05
0.1527	-0.1716	0.2919	-0.002535963403147761	0.0038065630985996326	0.005471607205002223	1.00908113	51.33945847	0.97828857	0.09022000769131806	0.00939786	6e-05
0.1547	-0.286	0.2696	-0.002371902453460294	0.004003785304074992	0.0058416170064250214	1.05560374	53.70640945	1.00850292	0.17526464782928117	0.0105842	9e-05
0.1546	-0.2908	0.2225	-0.002092649773141201	0.004021238596594935	0.005710717312525446	1.03873944	52.84840012	0.98899369	0.07338028333693061	0.00976408	0.00011
0.156	-0.2296	0.1774	-0.0019949113350295183	0.004029965242854907	0.0053162729015747276	1.05222392	53.53445053	1.00056883	0.13274547476611867	0.00871652	9e-05
0.1531	-0.2079	0.1993	-0.0019826940302655584	0.004101523742186674	0.005391322059410484	1.01688588	51.73654556	0.97867193	0.05444124809657415	0.00940889	8e-05
0.1573	-0.1606	0.2626	-0.0021886428820008896	0.003968878719035105	0.005586798935633849	1.06838644	54.35676193	1.00755399	0.14150353755551323	0.0100637	0.00015
0.1606	-0.2255	0.2484	-0.0022200588085367874	0.0038903389026953604	0.005927138139772744	1.03559315	52.68832397	0.99036995	0.10491474735072688	0.00956631	9e-05
0.1675	-0.2905	0.2248	-0.0019285888234537342	0.004117231705454623	0.005963790054064624	1.01447868	51.61407089	0.97681234	0.12325073510670984	0.0104082	0.00014
0.1674	-0.2539	0.2073	-0.0017872171540421933	0.004211479485062317	0.005710717312525446	1.02712786	52.25762939	0.97803979	0.0786346095279206	0.00981671	7e-05
0.1631	-0.2069	0.2337	-0.0019879300180215415	0.0041329396687225725	0.0056374134839416844	1.0352571	52.6712265	0.98674964	0.09532782544514272	0.00917488	6e-05
0.1642	-0.1765	0.274	-0.002145009650701031	0.004019493267342941	0.005511749777798093	1.01126266	51.4504509	0.98041033	0.09160948701013567	0.0103004	0.0002
0.1603	-0.2756	0.2585	-0.0021799162357409173	0.0040229839258469294	0.0057142079710294355	1.06376135	54.12144852	1.01178187	0.13054277183876087	0.0102428	0.00014
0.1599	-0.2807	0.2268	-0.0019058995431778078	0.004134684997974567	0.005824163713905078	1.01631069	51.70727921	0.97850498	0.06198367537831948	0.00996935	0.00014
0.1634	-0.2475	0.211	-0.0018989182261698304	0.004106759729942657	0.005616469532917752	0.97315091	49.5114212	0.95727959	0.06463003830136066	0.00939786	0.00011
0.1636	-0.2119	0.2552	-0.0019495327744776662	0.00409977841293468	0.005504768460790115	1.07253802	54.56798172	1.0028304	0.0884648468721725	0.0102003	0.00017
0.1551	-0.2019	0.2649	-0.0022322761133007477	0.003956661414271145	0.0055658549846099165	1.03803849	52.81273651	0.99505447	0.0525473430653209	0.010209	0.00028
0.1596	-0.2964	0.2384	-0.0020996310901491783	0.003958406743523139	0.005845107664929009	1.07101071	54.49027634	1.0191893	0.14618215163613282	0.0105702	0.00016
0.167	-0.2551	0.2189	-0.0019146261894377795	0.003953170755767157	0.005818927726149094	1.02893746	52.34969711	0.9814331	0.07902104136236483	0.0102225	0.00016
0.181	-0.221	0.249	-0.0020839231268812296	0.0039706240482871	0.006462954220135002	1.03578234	52.69794464	0.99218072	0.119738836197465	0.0107561	0.00017
0.1851	-0.1857	0.2907	-0.001947787445225672	0.0038065630985996326	0.006705554986162213	1.00654757	51.21055603	0.98218433	0.1082398698685118	0.0123956	0.00037
0.1712	-0.2839	0.2703	-0.0020769418098732523	0.003501130479500625	0.006269222673163632	1.06185472	54.02444077	1.01912183	0.17604596483725843	0.0113995	0.00016
0.1677	-0.2956	0.2394	-0.001954768762233649	0.003637266161156183	0.006173229564303944	1.02487099	52.14280701	0.97785811	0.06381509190774244	0.010697	0.00016
0.1715	-0.258	0.2179	-0.001912880860185785	0.0037768925013157294	0.005829399701661061	0.98294061	50.00949478	0.9593849	0.08916720524251467	0.00964457	0.00012
0.1712	-0.2218	0.203	-0.0019216075064457567	0.0038432150128915135	0.0056042522281537915	1.04330206	53.08053207	0.98827548	0.06640983156715127	0.0093134	0.00013
0.1836	-0.1706	0.2689	-0.0022654373690886398	0.0037088246604879502	0.005799729104377157	1.05300319	53.57410049	1.01055031	0.16318485456349055	0.00965744	8e-05
0.1937	-0.1833	0.3236	-0.0023265238929084412	0.0036948620264719957	0.005972516700324595	1.02488041	52.14328766	0.98806499	0.08989183768915969	0.0120019	0.00023
0.1862	-0.3097	0.2941	-0.0022078415037728267	0.0038536869884034796	0.006349507818755371	1.08380568	55.14125061	1.03376254	0.1961249234748937	0.0121698	0.00023
0.1776	-0.3252	0.25	-0.0019861846887695473	0.0039514254265151615	0.0064228116473391324	1.03221512	52.5164566	0.98895259	0.08783495408493613	0.0114386	0.0002
0.1821	-0.2576	0.1987	-0.0018814649336498872	0.003918264170727269	0.005794493116621174	1.01956093	51.87264633	0.99789352	0.16170997708127552	0.00981724	0.00013
0.1895	-0.2165	0.2428	-0.0020001473227855013	0.0037734018428117405	0.005768313177841259	1.07111645	54.49565887	1.00915229	0.10708623279155288	0.0100216	0.0002
0.1942	-0.175	0.2802	-0.002012364627549462	0.003914773512223281	0.006134832320760068	1.04779124	53.30892944	1.00407216	0.10960540585471552	0.010918	0.00015
0.1889	-0.2817	0.2361	-0.0017732545200262388	0.00386590429316744	0.006386159733047251	1.05761719	53.80884552	1.01730152	0.1830653369433124	0.0110332	0.00011
0.1693	-0.2655	0.2063	-0.0017366026057343581	0.004197516851046362	0.005735151922053367	0.97883159	49.80043793	0.9688271	0.11656361415823437	0.0102097	0.00015
0.1606	-0.2167	0.2136	-0.001811651763570114	0.0041608649367544815	0.005806710421385134	1.07843328	54.86791611	1.00621123	0.0739629785729702	0.00963593	9e-05
0.1722	-0.1485	0.2684	-0.002139773662945048	0.003872885610175417	0.005951572749300664	1.04648149	53.24229431	1.01301174	0.17264817769347643	0.0100805	0.00021
0.1691	-0.261	0.2339	-0.0019687313962496035	0.0038536869884034796	0.00618370153981591	1.07625377	54.75703049	1.02413664	0.17121848394913144	0.0108437	0.00011
0.1598	-0.2802	0.2011	-0.0017889624832941875	0.003965388060531117	0.005873032932960919	1.01019216	51.39598465	0.97823788	0.0914069295969022	0.0100764	0.0001
0.1584	-0.2233	0.186	-0.0018901915799098587	0.0039706240482871	0.005633922825437696	1.02012289	51.90123367	0.9805428	0.09067875959474384	0.00914615	5e-05
0.1623	-0.188	0.2351	-0.0020280725908174107	0.003949680097263168	0.005717698629533424	1.05937636	53.89834976	1.01017447	0.10043003830136057	0.0101535	0.00012
0.1633	-0.1954	0.2645	-0.002178170906488923	0.003895574890451344	0.0058869955669768725	1.02113056	51.9525032	0.98685149	0.05647502299633923	0.0106133	0.00011
