trans_x	trans_y	trans_z	rot_x	rot_y	rot_z	dvars_std	dvars_nstd	dvars_vstd	framewise_displacement	aqi	aor
0.0	-0.0	0.0	-0.0	0.0	-0.0	n/a	n/a	n/a	n/a	0.0371629	0.00088
0.0046	-0.049	-0.0006	0.0002565634000431664	0.00011344640137963142	-0.00010821041362364843	0.93525583	48.77433777	0.94991923	0.07811101075232231	0.0351422	0.00049
0.0185	0.0416	0.0043	0.0003717551306747922	0.0005375614096142535	0.00020420352248333657	0.95039463	49.56383896	0.96162068	0.15198603374866165	0.0372095	0.00045
0.0161	0.0849	0.0112	0.00022689280275926284	0.000307177948351002	0.0002181661564992912	0.90804082	47.35505295	0.93172357	0.07206042115973676	0.0384507	0.00053
0.0131	0.0001	0.0178	3.490658503988659e-05	0.00014486232791552936	0.00017453292519943296	0.92297781	48.13402939	0.93924365	0.11429675347273537	0.0361624	0.00043
0.0109	-0.0406	0.0067	0.0003961897402027128	0.00013439035240356338	6.632251157578452e-05	0.88613677	46.21274185	0.9159832	0.07799827721492202	0.0351377	0.00031
0.0084	-0.0325	0.0082	0.00039793506945470715	9.250245035569947e-05	-0.00013439035240356338	0.86748773	45.24017715	0.90461503	0.024317304763960303	0.0347041	0.00033
0.004	0.0276	0.0187	0.00027925268031909274	0.00011519173063162575	-0.00031415926535897925	0.88971853	46.39953232	0.91941291	0.09105702911834784	0.0345402	0.0003
0.0029	0.0673	0.0323	8.726646259971648e-06	0.00014311699866353502	-0.0004939281783143952	0.89871204	46.86854935	0.92642677	0.0783110107523223	0.0353724	0.00046
0.0053	-0.0192	0.0234	4.18879020478639e-05	0.0001256637061435917	-0.0004677482395344803	0.93150753	48.57886124	0.9474095	0.10163972435438752	0.0341622	0.00032
0.0044	-0.0473	0.0112	0.0006213372137099814	0.00015533430342749534	-0.0005794493116621174	0.91904593	47.92897797	0.94218626	0.07724104905368291	0.0339786	0.00035
0.0075	-0.0851	0.0083	0.0008970992355250854	0.00023911010752322313	-0.0006649704450098395	0.98284829	51.25632477	0.99092201	0.06605294796292768	0.0320546	0.00035
0.0103	-0.0251	-0.0098	0.0014660765716752368	0.00020420352248333657	-0.0007941248096574199	1.0397861	54.22567368	1.02934813	0.11755191429188092	0.033227	0.00035
0.011	-0.0145	-0.0041	0.0011850785621041497	1.2217304763960308e-05	-0.0007993607974134029	0.95653987	49.88431931	0.96802963	0.04091101075232232	0.0330556	0.00022
0.002	0.0207	0.0057	0.0009651670763528643	-0.00013264502315156904	-0.0009023352232810684	0.95688415	49.90227127	0.96209479	0.07738741197672401	0.0329893	0.00031
-0.0054	0.1344	0.0179	0.0007504915783575615	-0.0001972222054753592	-0.0010000736613927507	0.99896657	52.09690475	0.99683349	0.15214955592153878	0.0361205	0.00038
-0.0081	0.0255	0.004	0.0008447393579652555	-0.0003001966313430247	-0.0009040805525330626	0.9763934	50.91969681	0.97468395	0.1401607657167524	0.0342788	0.00027
-0.0114	-0.096	-0.0022	0.0008883725892651138	-0.00022340214425527416	-0.0008674286382411819	0.95367545	49.73493576	0.96239595	0.13885398163397447	0.0318606	0.0002
-0.0085	-0.1022	-0.0082	0.0009773843811168245	-0.0002024581932313422	-0.0009023352232810684	0.87746918	45.7607193	0.90905692	0.022343116395776456	0.0320629	0.00019
-0.0049	-0.0547	0.0029	0.0006684611035138282	-0.00020420352248333657	-0.00091106186954104	0.88472193	46.13895416	0.91431127	0.07816976265574811	0.0319217	0.0002
-0.0067	0.0497	0.0169	0.0005061454830783556	-0.00022340214425527416	-0.0009302604913129776	0.94188702	49.12015915	0.95787604	0.13023564319896738	0.0336933	0.00024
-0.0022	0.0195	0.0051	0.0007609635538695277	-0.0002443460952792061	-0.0007679448708775049	0.91113418	47.5163765	0.9336492	0.06840388211252883	0.0348908	0.00027
0.0004	-0.083	-0.0032	0.0008290313946973065	-0.0002478367537831948	-0.0006510078109938849	0.93642753	48.8354454	0.95110103	0.1228247779607694	0.0334713	0.00027
0.0059	-0.0763	-0.0061	0.0009250245035569946	-0.00023561944901923448	-0.0006510078109938849	0.88105983	45.94797516	0.9108325	0.02051052068118242	0.0332047	0.00023
0.0042	0.0035	-0.0046	0.0008726646259971648	-0.0002548180707911721	-0.0006963863715457374	0.92647719	48.31652451	0.94152217	0.08884685299418099	0.0342918	0.0002
0.004	0.1244	0.0137	0.0005131268000863328	-0.00024609142453120044	-0.0007120943348136865	0.99126244	51.69512939	0.99352812	0.15859862177193765	0.0364196	0.00041
0.0075	0.073	0.0037	0.00039269908169872416	-0.00032637657012293966	-0.0006859143960337716	0.95650333	49.88241196	0.96514101	0.07624464013796313	0.0377859	0.00044
0.0004	-0.1025	-0.0033	0.00048171087355043494	-0.00030194196059501896	-0.0007749261878854823	1.05094802	54.8077774	1.02907718	0.1997229096615671	0.0343975	0.00033
-0.0041	-0.1765	0.0014	0.0006038839211900379	-0.00027750735106709843	-0.0009093165402890458	0.94172508	49.11171341	0.961983	0.09724990047855432	0.032069	0.00031
-0.0028	-0.1345	-0.0074	0.0008813912722571365	-0.0002722713633111154	-0.0010000736613927507	0.91307706	47.61769867	0.94169211	0.0707750229963393	0.0322466	0.00024
-0.002	0.015	0.004	0.0006510078109938849	-0.00032812189937493397	-0.0009651670763528643	1.01378584	52.86973953	1.00627243	0.1777570291183478	0.0333511	0.00024
-0.0016	0.1072	0.0046	0.0005183627878423159	-0.00042236967898262774	-0.0009669124056048585	0.96880549	50.52397919	0.97857636	0.10463190660056286	0.0366952	0.00047
-0.0017	0.0207	-0.0041	0.0005375614096142535	-0.0005026548245743669	-0.000895353906273091	0.96134394	50.13485336	0.96640005	0.1038521133347722	0.0357723	0.00031
-0.004	-0.0916	-0.0049	0.0005340707511102648	-0.00048171087355043494	-0.000890117918517108	0.97352058	50.76987457	0.97578143	0.11688352986419516	0.0325512	0.00022
-0.0041	-0.1046	-0.0044	0.0006789330790257941	-0.0003473205211468716	-0.0009616764178488756	0.90132922	47.00503922	0.9260578	0.031140558982543007	0.0316102	0.0002
-0.0009	-0.04	-0.0086	0.0008307767239493009	-0.0003473205211468716	-0.0009442231253289323	0.90756565	47.33027267	0.92823743	0.08046484687217248	0.0332124	0.00019
-0.0015	0.0691	-0.0004	0.000736528944341607	-0.0004049163864626844	-0.0009704030641088471	0.95467341	49.78697968	0.95933257	0.1268011791851711	0.0353287	0.00027
0.0001	0.03	0.0031	0.000640535835481919	-0.00039968039870670147	-0.000879645943005142	0.89672834	46.76509857	0.91850052	0.0537993108859688	0.0348969	0.00029
0.0005	-0.0633	0.0035	0.0005881759579220891	-0.00028797932657906436	-0.0008726646259971648	0.92377269	48.1754837	0.94224303	0.1026521133347722	0.0319804	0.00023
0.0008	-0.0647	0.0031	0.0007679448708775049	-0.00020420352248333657	-0.0009128071987930344	0.91992116	47.97462463	0.93114888	0.017284364492350657	0.0326996	0.00031
0.0032	-0.0318	0.0142	0.0005462880558742252	-0.00013962634015954637	-0.0010105456369047167	0.9075461	47.32925415	0.92896576	0.06559862177193759	0.0317615	0.00022
0.0042	-0.0103	0.0104	0.0008255407361933179	-8.37758040957278e-05	-0.001001818990644745	0.89319235	46.58069611	0.92175672	0.04349149313214415	0.032708	0.00024
0.0047	0.0819	0.0264	0.000710349005561692	-0.00012740903539558605	-0.0009302604913129776	0.94161415	49.10593033	0.9522506	0.12021917306316258	0.0347865	0.00029
0.0087	0.0821	0.0372	0.0003647738136668148	-0.00022863813201125715	-0.000895353906273091	0.93270022	48.64105988	0.93910509	0.03908554367752176	0.0350807	0.00036
0.003	-0.0672	0.0362	0.00026878070480712676	-0.00023387411976724014	-0.0009389871375729493	1.01919305	53.1517334	1.00731846	0.1632431163957765	0.0312393	0.00025
0.0026	-0.1519	0.0293	0.0007609635538695277	-0.00011519173063162575	-0.0009407324668249436	0.94002044	49.0228157	0.9537385	0.1226305283725005	0.029674	0.00021
-0.002	-0.1072	0.041	0.0005340707511102648	-9.773843811168246e-05	-0.0010943214410004448	0.90174317	47.02662659	0.92790501	0.08089675347273538	0.0285472	0.00014
-0.005	-0.0293	0.0424	0.0005550147021341969	-8.028514559173915e-05	-0.001192059879112127	0.9125483	47.59012222	0.93290067	0.08910678408277788	0.0285695	0.0001
0.0006	0.057	0.0455	0.000593411945678072	-7.330382858376184e-05	-0.0010419615634406148	0.93036497	48.51927567	0.94617797	0.10477384381116824	0.0310192	0.00015
0.0003	0.0373	0.0514	0.0004747295565424576	-9.599310885968811e-05	-0.0010122909661567112	0.88876081	46.34958649	0.91608257	0.03445211333477223	0.0304191	0.00015
-0.0028	-0.0499	0.043	0.0006038839211900379	-5.585053606381854e-05	-0.0011047934165124105	0.92226386	48.09679794	0.94093697	0.11178996938995749	0.0285023	0.00014
-0.0089	-0.0471	0.0282	0.0008726646259971648	-4.71238898038469e-05	-0.0010611601852125523	0.89972043	46.92113876	0.92281836	0.039757029118347824	0.029152	9e-05
-0.0049	0.0155	0.0242	0.000895353906273091	-0.0001605702911834783	-0.0010611601852125523	0.91426754	47.67978287	0.93434774	0.07740678408277789	0.0302299	9e-05
-0.0013	0.1001	0.0384	0.00048345620280242926	-0.0002548180707911721	-0.0011065387457644049	0.92604291	48.29387665	0.94529886	0.1299762021815104	0.0325547	0.00019
-0.0037	0.0281	0.0332	0.00037524578917878077	-0.00035430183815484887	-0.0011938052083641214	0.92914969	48.45589828	0.94251478	0.09434803217935205	0.0316007	0.00017
-0.0066	-0.1333	0.0246	0.0005393067388662478	-0.0004206243497306334	-0.0011798425743481666	1.00700223	52.51596832	0.99783742	0.18511730476396032	0.028456	0.00016
-0.0099	-0.1816	0.0161	0.0009546951008408983	-0.00035430183815484887	-0.0011519173063162574	0.93745047	48.88879013	0.94811054	0.08558180707911722	0.0289421	0.00015
-0.0101	-0.0997	0.0067	0.0012339477811599909	-0.00032637657012293966	-0.0013316862192716734	0.92287856	48.12885284	0.93896319	0.11584734306532088	0.0289693	0.0001
-0.0085	0.0725	0.0261	0.0008377580409572782	-0.0004520402762665313	-0.0014364059743913332	1.03541791	53.9978714	1.02116555	0.22452866007329816	0.030952	0.00015
-0.0058	0.1102	0.0406	0.000577703982410123	-0.0007068583470577034	-0.0016196655458507376	0.92399961	48.18731689	0.94364323	0.08980658503988659	0.0321777	0.00017
-0.007	0.0259	0.034	0.0006283185307179585	-0.0008848819307611251	-0.0017156586547104257	0.93638098	48.83301544	0.95197644	0.10833156204354728	0.0299445	0.00015
-0.0083	-0.0893	0.0275	0.0008115781021773631	-0.0008325220532012951	-0.0015323990832510211	0.9547022	49.78848267	0.96224662	0.14394395102393198	0.0283331	0.00014
-0.0096	-0.1243	0.0335	0.0008377580409572782	-0.0007749261878854823	-0.0016231562043547262	0.93460852	48.74058151	0.94441941	0.05102664625997164	0.0269211	0.0001
-0.0076	-0.0739	0.0295	0.0010681415022205296	-0.0007592182246175333	-0.001801179788058148	0.90745401	47.32445145	0.92866774	0.07760575041173112	0.0263273	9e-05
-0.0065	0.063	0.0354	0.0008970992355250854	-0.0007749261878854823	-0.0018709929581379211	0.98564875	51.40237045	0.9845094	0.1567281700021583	0.0299391	0.00011
-0.0019	0.0508	0.0474	0.0004363323129985824	-0.0007993607974134029	-0.0018605209826259553	0.91960406	47.95808792	0.93522968	0.05358367537831948	0.0299934	0.00017
-0.0104	-0.0739	0.032	0.0007400196028455958	-0.0007068583470577034	-0.001801179788058148	0.97263104	50.72348404	0.97555117	0.17137654673852598	0.0275659	0.00011
-0.0091	-0.1085	0.0251	0.0010716321607245184	-0.0007347836150896127	-0.0017243853009703976	0.91241449	47.58314514	0.93211428	0.06461661564992913	0.0271176	9e-05
-0.0086	-0.0752	0.0281	0.001228711793404008	-0.0007225663103256524	-0.0016947147036864942	0.87652445	45.71144867	0.90926234	0.04674837673636766	0.0267431	7e-05
-0.0118	0.0039	0.0412	0.0009930923443847736	-0.0007400196028455958	-0.0017610372152622785	0.91770929	47.859272	0.93454973	0.1113697626557481	0.0275556	0.00014
-0.0083	0.0777	0.0368	0.001090830782496456	-0.0007557275661135446	-0.0016999506914424768	0.95029163	49.55846786	0.95689133	0.09042664625997165	0.0313844	0.00028
-0.0033	0.0609	0.0356	0.0007906341511534313	-0.0007906341511534313	-0.0016650441064025902	0.92973584	48.48646545	0.94351629	0.04150049007113991	0.0319589	0.00037
-0.008	-0.0922	0.0359	0.0006579891280018621	-0.0008604473212332044	-0.0016406094968746698	1.00463784	52.39266586	0.99646941	0.16944464013796315	0.0288644	0.00037
-0.0088	-0.1748	0.0487	0.0007470009198535729	-0.0008133234314293575	-0.0017016960206944712	0.9351871	48.77075577	0.94789526	0.10606111027376797	0.0267823	0.00019
-0.0079	-0.143	0.0447	0.0010943214410004448	-0.0007714355293814937	-0.0018046704465621369	0.89831418	46.84780121	0.92313657	0.06130914245312009	0.0257897	9e-05
-0.0078	-0.0586	0.0422	0.001308996938995747	-0.0007504915783575615	-0.0016807520696705393	0.94274777	49.16505051	0.95048103	0.10497689129554158	0.0269192	9e-05
-0.0082	0.0721	0.0596	0.0009023352232810684	-0.0007749261878854823	-0.0016999506914424768	0.99462265	51.87036514	0.98497363	0.17101474735072683	0.029314	0.00012
-0.0106	0.0634	0.0667	0.000609119908946021	-0.0008290313946973065	-0.0018273597268380628	0.90341908	47.11402512	0.92760241	0.04193647782712287	0.0289819	0.00017
-0.0122	-0.0625	0.0612	0.0008237954069413235	-0.0008098327729253688	-0.0017994344588061536	0.97257644	50.72063828	0.97225769	0.14608996938995747	0.0259197	6e-05
-0.0088	-0.1164	0.0582	0.0011100294042683937	-0.0006510078109938849	-0.0017540558982543013	0.91754228	47.85056305	0.93738181	0.08482187599052032	0.0249305	4e-05
-0.0109	-0.0801	0.0604	0.001155407964820246	-0.0005602506898901797	-0.0018692476288859267	0.90287179	47.08548355	0.92529923	0.05316637061435915	0.0241092	8e-05
-0.0111	-0.0162	0.0707	0.001129228026040331	-0.0005445427266222308	-0.0019198621771937623	0.91090894	47.50462723	0.93185624	0.07902512251778497	0.0249141	8e-05
-0.0082	0.0545	0.0656	0.0011152653920243766	-0.000614355896702004	-0.0018448130193580064	0.92594832	48.28894424	0.94395717	0.08664124809657417	0.0278707	8e-05
-0.0098	0.05	0.0668	0.0008569566627292158	-0.0006771877497737998	-0.0019198621771937623	0.93590683	48.80828857	0.94045625	0.02710948701013561	0.0280381	0.00012
-0.0069	-0.0966	0.0718	0.0006649704450098395	-0.0007452555906015787	-0.0018675022996339327	1.00042665	52.17304611	0.99215122	0.17012069680534928	0.0257294	0.00014
-0.0101	-0.2047	0.0693	0.0010559241974565693	-0.0005637413483941684	-0.002012364627549462	0.96036482	50.08379364	0.96599934	0.14966651612848345	0.0236594	7e-05
-0.0101	-0.1613	0.0657	0.0014346606451393388	-0.0004433136300065597	-0.0018867009214058703	0.8996526	46.91760254	0.92485879	0.0782413936106985	0.0228932	2e-05
-0.012	-0.0487	0.0762	0.001403244718603441	-0.0004991641660703782	-0.0018744836166419098	0.93214917	48.61232376	0.94484254	0.12997418836818384	0.0234591	3e-05
-0.0132	0.0582	0.0851	0.001308996938995747	-0.00045902159327450867	-0.0019111355309337906	0.9426142	49.15808487	0.95434458	0.12555211333477223	0.0253377	3e-05
-0.0098	0.0724	0.0778	0.0013857914260834976	-0.0004991641660703782	-0.001778490507782222	0.90448868	47.16980743	0.92820367	0.03737910415175944	0.0276126	8e-05
-0.015	0.0025	0.0662	0.001467821900927231	-0.0005026548245743669	-0.0018186330805780916	0.91171628	47.54673386	0.93211441	0.09298318530717958	0.0263263	7e-05
-0.018	-0.0571	0.0637	0.0015062191444711063	-0.0005619960191421741	-0.0017732545200262388	0.90548289	47.2216568	0.92696367	0.07225584993317676	0.0247386	3e-05
-0.0219	-0.0431	0.0537	0.0017767451785302276	-0.0005462880558742252	-0.0017959438003021652	0.88984835	46.40630341	0.91601574	0.04334616388014984	0.0252368	5e-05
-0.0194	0.0268	0.0569	0.0016004669240788003	-0.0006056292504420323	-0.001858775653373961	0.90895712	47.40283966	0.92883897	0.09052256510455153	0.0259181	4e-05
-0.0175	0.0198	0.0647	0.0013124875974997359	-0.0006754424205218055	-0.0017418385934903407	0.87534767	45.65008163	0.90811529	0.04043647782712288	0.0264216	7e-05
-0.018	-0.0991	0.0543	0.0014957471689591403	-0.0006108652381980154	-0.0016824973989225337	0.93561202	48.79291534	0.9472122	0.14515889741755003	0.0252289	4e-05
-0.0184	-0.1157	0.0493	0.0017121679962064373	-0.0005585053606381855	-0.001635373509118687	0.88542062	46.17539215	0.91332357	0.0377952297305487	0.0249704	5e-05
-0.0192	-0.0516	0.0614	0.0014608405839192536	-0.0005846852994181004	-0.0016720254234105676	0.90039778	46.95646286	0.92333976	0.09270796326794895	0.0246328	5e-05
-0.0184	0.0522	0.0726	0.0010716321607245184	-0.0005672320068981572	-0.0017121679962064373	0.94108075	49.07811356	0.95466099	0.1381402144255274	0.0269455	9e-05
-0.0168	0.0343	0.0748	0.0009128071987930344	-0.0006003932626860494	-0.0017139133254584315	0.90594673	47.24584579	0.92908378	0.03138657734856854	0.0267835	7e-05
-0.0162	-0.0806	0.0685	0.001085594794740473	-0.0005916666164260777	-0.0015777776438028737	0.95265341	49.68163681	0.95922224	0.13768249619314843	0.0249057	7e-05
-0.0165	-0.1239	0.0667	0.0013927727430914749	-0.0005201081170943102	-0.0015481070465189703	0.9026587	47.07437134	0.92813944	0.06582035224833364	0.0240082	7e-05
-0.0189	-0.0891	0.066	0.001499237827463129	-0.0005026548245743669	-0.001553343034274953	0.87868249	45.82399368	0.91065016	0.04435771823237901	0.0240684	6e-05
-0.0166	-0.0035	0.0537	0.0015969762655748114	-0.0005323254218582705	-0.001567305668290908	0.92567378	48.27462769	0.94143586	0.10726858347057704	0.0261019	6e-05
-0.0168	0.1151	0.0539	0.001298524963483781	-0.0005497787143782138	-0.0016022122533307947	0.98230398	51.22793579	0.98218823	0.13654055898254303	0.0292265	0.00014
-0.0153	0.056	0.0452	0.001192059879112127	-0.0006161012259539982	-0.001541125729510993	0.94479716	49.27192688	0.95161546	0.080993705988362	0.0297341	0.00013
-0.0239	-0.1336	0.0404	0.0013631021458075715	-0.0005689773361501514	-0.001593485607070823	1.06795859	55.6948967	1.04132556	0.21652630170295603	0.0249355	8e-05
-0.0254	-0.1607	0.0347	0.0016807520696705393	-0.0005672320068981572	-0.001637118838370681	0.90967661	47.44036102	0.93182936	0.052451424220741005	0.0237381	7e-05
-0.0267	-0.072	0.0301	0.0017924531417981763	-0.000577703982410123	-0.001668534764906579	0.93112123	48.55871582	0.94549476	0.10227944870877508	0.0250846	4e-05
-0.0282	0.0647	0.046	0.0011903145498601325	-0.0006422811647339132	-0.0018465583486100008	0.98109609	51.1649437	0.98110205	0.1963369678982628	0.027733	0.00011
-0.0265	0.0483	0.0476	0.0010053096491487337	-0.000710349005561692	-0.0018046704465621369	0.90840203	47.37388992	0.92784594	0.03444803217935207	0.0277613	0.0001
-0.0266	-0.0837	0.0416	0.0011746065865921838	-0.0007592182246175333	-0.0017383479349863521	0.95774001	49.94690704	0.9628987	0.1523244334037538	0.0250683	4e-05
-0.0293	-0.0917	0.0364	0.001420698011123384	-0.0006789330790257941	-0.001673770752662562	0.88124752	45.95776367	0.91120753	0.03544768762233648	0.0247954	5e-05
-0.0336	-0.0531	0.0422	0.0013386675362796509	-0.0007278022980816354	-0.0017941984710501708	0.90642297	47.27068329	0.92614114	0.06126637061435916	0.0244465	6e-05
-0.0279	0.0217	0.0543	0.001165879940332212	-0.0007173303225696694	-0.001801179788058148	0.91253191	47.58926773	0.9328958	0.1021120444233691	0.0260223	4e-05
-0.0238	0.0582	0.0653	0.001022762941668677	-0.0006998770300497262	-0.0017697638615222502	0.90544796	47.21983337	0.928906	0.06119931088596879	0.0270021	0.00011
-0.0223	-0.011	0.0666	0.0008656833089891874	-0.000752236907609556	-0.0017470745812463236	0.93164319	48.5859375	0.94463624	0.0836064395257623	0.0262275	0.0001
-0.0228	-0.1263	0.0499	0.0010925761117484504	-0.0007819075048934597	-0.0016615534478986017	0.95315522	49.70780563	0.96195985	0.14960422666954443	0.0250576	0.00017
-0.026	-0.1471	0.0464	0.0012758356832078548	-0.0007033676885537148	-0.0016039575825827887	0.95233357	49.66495514	0.95370091	0.043469762655748125	0.024871	0.00011
-0.0275	-0.1017	0.048	0.001403244718603441	-0.000705113017805709	-0.0016877333866785165	0.99416482	51.84648895	0.9771713	0.05914650843716543	0.0250281	0.00028
-0.0238	0.0119	0.0551	0.001420698011123384	-0.0006702064327658224	-0.0016702800941585732	0.99455279	51.86672211	0.97967293	0.12789065850398867	0.026661	0.0001
-0.022	0.0611	0.0665	0.0012601277199399059	-0.0006754424205218055	-0.0016720254234105676	0.90921408	47.41624069	0.92829706	0.07077758040957279	0.0273525	8e-05
-0.0207	-0.0069	0.0663	0.0012339477811599909	-0.0007208209810736582	-0.0015917402778188286	0.91057462	47.48719406	0.93113745	0.07709218224617534	0.0262231	8e-05
-0.0236	-0.0713	0.0657	0.0014119713648634124	-0.0006300638599699529	-0.0016545721308906245	0.90387398	47.13774872	0.92677607	0.08448062789394614	0.0242411	5e-05
-0.0243	-0.0558	0.0689	0.0014887658519511632	-0.0005811946409141118	-0.0017156586547104257	0.87606096	45.68727875	0.90723236	0.02873751149816967	0.0229162	2e-05
-0.0239	0.0359	0.068	0.0014590952546672592	-0.0006213372137099814	-0.001762782544514273	0.93224406	48.61727142	0.94485629	0.09884685299418104	0.0255716	4e-05
-0.0219	0.0795	0.066	0.001256637061435917	-0.0006562437987498679	-0.0016999506914424768	0.91086644	47.50241089	0.93095236	0.06260983156715123	0.0275133	7e-05
-0.0189	0.0172	0.0653	0.0010140362954087054	-0.000726056968829641	-0.0016283921921107093	0.92227572	48.09741592	0.93652219	0.08519862177193761	0.0264335	8e-05
-0.021	-0.1341	0.0583	0.0011222467090323538	-0.000731292956585624	-0.001609193570338772	0.99720311	52.00494003	0.98789268	0.16703225115757844	0.0244356	5e-05
-0.0218	-0.1959	0.0567	0.0013962634015954637	-0.0006544984694978735	-0.0016249015336067207	0.91141617	47.53108215	0.93191593	0.08252595714594044	0.023397	4e-05
-0.0236	-0.1561	0.0581	0.001481784534943186	-0.0005916666164260777	-0.0016615534478986017	0.8845582	46.13041687	0.91365456	0.05225024503556995	0.0225976	2e-05
-0.028	-0.0318	0.0593	0.001387536755335492	-0.000593411945678072	-0.001759291886010284	0.97882915	51.04672241	0.9740686	0.13958657734856852	0.0232577	5e-05
-0.0256	0.0667	0.0637	0.001239183768915974	-0.0005969026041820607	-0.0017680185322702558	0.94092482	49.06998062	0.95302013	0.11332851455917392	0.026358	7e-05
-0.0265	0.0109	0.066	0.0011746065865921838	-0.0005811946409141118	-0.0017994344588061536	0.89128375	46.48115921	0.91673194	0.06458505360638184	0.0242583	8e-05
-0.0286	-0.0727	0.0678	0.001424188669627373	-0.0005131268000863328	-0.0017575465567582897	0.92412031	48.19361115	0.94121637	0.1054768912955416	0.0219337	3e-05
-0.0286	-0.0391	0.0681	0.0015166911199830724	-0.00046425758103049166	-0.0017994344588061536	0.88899052	46.36156464	0.91592999	0.04306297857297022	0.022001	4e-05
-0.0259	0.0405	0.0617	0.0016283921921107093	-0.0003647738136668148	-0.0017872171540421933	0.92814326	48.40341187	0.94405094	0.09987010721276371	0.0252137	5e-05
-0.0219	0.0498	0.0545	0.001324704902263696	-0.000445058959258554	-0.0016650441064025902	0.91318935	47.62355423	0.93375378	0.04580727415391777	0.0267099	9e-05
-0.0204	-0.078	0.0453	0.0012426744274199627	-0.0005550147021341969	-0.001553343034274953	0.97928667	51.07058334	0.97624087	0.15368436449235068	0.0255974	0.00022
-0.021	-0.2058	0.0408	0.0015446163880149814	-0.0005689773361501514	-0.0014800392056911916	0.99049181	51.65493774	0.98631873	0.15236042115973675	0.0233519	0.00011
-0.0234	-0.1832	0.0418	0.0017383479349863521	-0.000486946861306418	-0.001462585913171248	0.90343928	47.11508179	0.92253436	0.040660765716752395	0.0228317	4e-05
-0.0226	-0.0598	0.0598	0.0014067353771074296	-0.0005462880558742252	-0.0015550883635269475	0.96212786	50.17573547	0.96579701	0.16637281014012145	0.023122	4e-05
-0.019	0.0447	0.0741	0.0012042771838760874	-0.0004956735075663896	-0.0016022122533307947	0.96669459	50.41389465	0.96457449	0.13740983156715128	0.0248086	7e-05
-0.0161	-0.0032	0.0787	0.0011676252695842063	-0.0004956735075663896	-0.0016441001553786586	0.90800452	47.35316086	0.92532166	0.05932699081698726	0.0236483	6e-05
-0.0194	-0.1024	0.0737	0.001567305668290908	-0.0004485496177625427	-0.0017505652397503124	0.95446759	49.77624893	0.96036962	0.1351634686441101	0.0214105	5e-05
-0.0206	-0.0407	0.0687	0.0017645278737662671	-0.00047647488579445195	-0.0017523105690023068	0.89530611	46.69092941	0.92068232	0.07924464013796317	0.0221608	5e-05
-0.0223	0.0805	0.078	0.0014346606451393388	-0.0004939281783143952	-0.0018308503853420514	0.94985151	49.53551483	0.95891105	0.1534930168743308	0.02508	8e-05
-0.0211	0.0798	0.0777	0.0012077678423800758	-0.0005078908123303499	-0.001853539665617978	0.91581047	47.76024628	0.93774749	0.015377235852557212	0.025801	8e-05
-0.0226	-0.0635	0.0733	0.0012723450247038664	-0.0005794493116621174	-0.0018238690683340744	0.9919402	51.73047256	0.98544518	0.15749031394697308	0.0226481	3e-05
-0.0203	-0.1511	0.0616	0.0017872171540421933	-0.0005166174585903216	-0.0017174039839624202	0.93838578	48.93756866	0.94998521	0.13580845333908886	0.0226017	3e-05
-0.0226	-0.1266	0.0567	0.0019617500792416262	-0.0004747295565424576	-0.001689478715930511	0.88078111	45.93343735	0.91246733	0.04391730476396032	0.0214758	4e-05
-0.0204	-0.0137	0.0573	0.0018465583486100008	-0.0005427973973702365	-0.0017016960206944712	0.94893938	49.48794556	0.95676133	0.1254738438111682	0.0239474	4e-05
-0.016	0.0506	0.0591	0.00152367243699105	-0.000609119908946021	-0.001579522973054868	0.92838126	48.41582489	0.94315238	0.09606907354171694	0.0262473	4e-05
-0.0148	-0.0079	0.0577	0.0012077678423800758	-0.0006754424205218055	-0.001452113937659282	0.92954677	48.47660828	0.93944214	0.08658180707911724	0.0257091	0.00011
-0.0195	-0.1282	0.0435	0.0013892820845874865	-0.000752236907609556	-0.001481784534943186	0.95455831	49.78097916	0.96226737	0.15359896632895323	0.0241438	7e-05
-0.0228	-0.1704	0.0353	0.0017348572764823637	-0.0006719517620178169	-0.0014782938764391971	0.90451342	47.1710968	0.92646819	0.07516754979953022	0.0236316	8e-05
-0.0241	-0.1263	0.0441	0.0017331119472303693	-0.0006649704450098395	-0.0015219271077390555	0.89856696	46.8609848	0.92351566	0.056817993877991496	0.0226904	4e-05
-0.0206	0.0202	0.0535	0.0015393804002589986	-0.0005846852994181004	-0.0015865042900628454	0.98114502	51.16749573	0.97798613	0.17632969374434498	0.0247328	9e-05
-0.0174	0.0386	0.0477	0.001574286985298885	-0.0005602506898901797	-0.0015777776438028737	0.91007513	47.46114349	0.93253475	0.030803392041388943	0.0264376	7e-05
-0.0127	-0.0705	0.024	0.0032096604944175725	-0.0004415683007545654	-0.0014486232791552935	1.09814453	57.26911545	1.06754776	0.2316605131450941	0.0232838	0.0001
-0.0134	-0.0559	0.0152	0.003003711642682241	-0.0007243116395776468	-0.0014224433403753785	1.00179136	52.24421692	0.99872459	0.04984360646691639	0.023486	9e-05
-0.0166	-0.0879	0.0306	0.003003711642682241	-0.0007592182246175333	-0.0014660765716752368	0.94833642	49.45650101	0.95777738	0.054526990816987246	0.0222872	4e-05
-0.0156	-0.1117	0.0411	0.0029827676916583086	-0.0007208209810736582	-0.001473057888683214	0.94491655	49.27815247	0.95311911	0.038616125578789205	0.0213645	4e-05
-0.0147	-0.0424	0.0524	0.002895501229058593	-0.0007068583470577034	-0.0015027284859671175	0.93377632	48.6971817	0.9482957	0.0880449846949787	0.0214539	2e-05
-0.0146	0.0513	0.0639	0.0026162485487395003	-0.0007958701389094143	-0.001499237827463129	0.96413505	50.28041458	0.96871103	0.1238877565337396	0.0238023	2e-05
-0.0136	-0.0184	0.0675	0.0023509585024363614	-0.0008429940287132613	-0.0014852751934471744	0.95167512	49.63061905	0.95314677	0.09061882850614703	0.0228014	0.00016
-0.0144	-0.1591	0.0506	0.002892010570554604	-0.0007347836150896127	-0.001420698011123384	1.00400019	52.35940933	0.9963262	0.194091983203284	0.0218187	0.00015
-0.0163	-0.1443	0.0518	0.0029548424236264	-0.000661479786505851	-0.0013631021458075715	0.90339953	47.11300659	0.92207294	0.0275865773485685	0.0211203	4e-05
-0.0165	-0.0571	0.0581	0.002722713633111154	-0.0006597344572538566	-0.001410226035611418	0.92942625	48.47032166	0.94330224	0.10774990047855436	0.0212798	3e-05
-0.0106	0.0601	0.059	0.0025551620249196984	-0.000736528944341607	-0.0013386675362796509	0.98983806	51.62084579	0.98565336	0.13979522973054867	0.024859	3e-05
-0.0081	-0.0026	0.0516	0.0025254914276357948	-0.0006928957130417488	-0.0012636183784438947	0.94004256	49.02397156	0.94899705	0.08001764932097591	0.0252652	1e-05
-0.0098	-0.1659	0.0641	0.0023265238929084412	-0.0007330382858376184	-0.0012601277199399059	1.03189242	53.81401443	1.01564196	0.18963003830136063	0.0208713	4e-05
-0.0156	-0.1776	0.0656	0.002595304597715568	-0.0006981317007977319	-0.0015481070465189703	0.9134739	47.6383934	0.9352585	0.048583330821303915	0.019593	3e-05
-0.0168	-0.1079	0.0626	0.0026825710603152844	-0.0006632251157578452	-0.0016039575825827887	0.91590011	47.7649231	0.9302312	0.08280117918517109	0.0197135	1e-05
-0.0132	0.0079	0.0616	0.002553416695667704	-0.0006475171524898963	-0.0016022122533307947	0.96735293	50.44822693	0.96815936	0.12773038285837615	0.0217502	3e-05
-0.0049	0.057	0.0594	0.0024818581963359366	-0.0006562437987498679	-0.0014782938764391971	0.92353415	48.16304398	0.94292264	0.06981017612416685	0.0243574	4e-05
-0.0033	0.0293	0.0535	0.002457423586808016	-0.0007766715171374765	-0.0015166911199830724	0.91873419	47.91272354	0.93716562	0.04436297857297024	0.024548	5e-05
-0.0079	-0.09	0.0541	0.0022235494670407763	-0.0009459684545809266	-0.0015184364492350666	0.96870798	50.5188942	0.97052337	0.1447458193231342	0.021946	3e-05
-0.0112	-0.2392	0.0361	0.002590068609959585	-0.0010070549784007281	-0.0015777776438028737	1.00165737	52.23723221	0.99449908	0.19484734306532084	0.0217315	2e-05
-0.0182	-0.2095	0.0252	0.002963569069886372	-0.0009407324668249436	-0.001689478715930511	0.95352989	49.72734451	0.95541019	0.07517620218151043	0.02132	1e-05
-0.0235	-0.086	0.0118	0.002883283924294633	-0.0009093165402890458	-0.0018797196043978928	1.09134996	56.91477203	1.03432186	0.15729709802975092	0.0225596	9e-05
-0.0194	0.0455	0.0185	0.002562143341927676	-0.0010210176124166828	-0.0018971728969178364	1.01359975	52.86003494	1.00098309	0.16481474735072688	0.0252324	6e-05
0.0023	0.0388	-0.038	0.0027401669256310974	-0.002057743188101315	-0.0026546457922833754	1.01660109	53.0165596	1.02460655	0.1835111027376796	0.0283508	9e-05
0.0283	-0.0059	-0.1368	0.002665117767795341	-0.0021938788697568722	-0.0042987459476620336	1.14740181	59.83792114	1.13613958	0.2622642497434986	0.0342472	0.00083
0.0135	0.0126	-0.3735	0.005167919915155209	-0.0022200588085367874	-0.005094616086571448	1.35868526	70.85652161	1.30369345	0.43624261125245994	0.0523721	0.00518
-0.0035	-0.2631	-0.3552	0.004120722363958612	-0.0020769418098732523	-0.0049846603436958055	1.31366599	68.50872803	1.2355896	0.3760135146367888	0.0469903	0.00301
0.0001	-0.2167	-0.3363	0.0038990655489553323	-0.0020420352248333657	-0.004935791124639963	0.95712215	49.9146843	0.96761469	0.08417163095495042	0.0452058	0.00205
0.0007	-0.0977	-0.3186	0.003968878719035105	-0.001853539665617978	-0.004878195259324152	0.97904211	51.057827	0.98048242	0.1530952297305486	0.0438337	0.00139
-0.0006	0.0661	-0.2983	0.003492403833240653	-0.0019233528356977512	-0.0049898963314517885	1.00686634	52.50888062	0.99967562	0.21829945640009313	0.0447635	0.00168
-0.0008	0.2104	-0.2872	0.0031852258848896514	-0.0018186330805780916	-0.004965461721923867	0.98806649	51.52845764	0.98873566	0.1774166156499291	0.0484031	0.0023
0.0046	0.2863	-0.2793	0.0028221974004748306	-0.0017610372152622785	-0.00467224640758882	0.95565987	49.83842468	0.96609378	0.12489198320328405	0.0522694	0.00358
0.0065	0.1635	-0.2839	0.002925171826342496	-0.0018709929581379211	-0.0044261549830576195	0.99016935	51.63812256	0.98638342	0.1522510796637254	0.0494161	0.00247
0.0044	0.0107	-0.2865	0.003110176727053895	-0.0018779742751458986	-0.004487241506877421	1.01649988	53.01128006	1.0026294	0.1701536370769589	0.0457915	0.0022
-0.002	-0.0617	-0.2736	0.003145083312093782	-0.0018744836166419098	-0.004694935687864747	0.95566863	49.83888245	0.96530195	0.10400457122656002	0.0437856	0.00232
-0.0003	-0.0629	-0.254	0.0032009338481576006	-0.001762782544514273	-0.00467224640758882	0.91564351	47.75154114	0.94080227	0.03201204442336911	0.0440162	0.00237
0.0015	-0.0027	-0.2275	0.00277332818141899	-0.0017453292519943296	-0.004522148091917307	0.93844873	48.9408493	0.95437782	0.11825786374650332	0.044129	0.0027
0.0131	0.0537	-0.208	0.0024172810140121463	-0.001759291886010284	-0.004084070449666731	0.95417911	49.76120377	0.96513661	0.1279043721836687	0.0459553	0.00333
0.0239	0.0084	-0.2052	0.0025342180738957666	-0.0017156586547104257	-0.0037297686115118824	0.94272941	49.16409302	0.95592228	0.08464360646691636	0.047403	0.0036
0.0192	-0.0715	-0.2013	0.0026267205242514655	-0.001726130630222392	-0.003787364476827695	0.94366562	49.21291733	0.9555697	0.09652851455917388	0.0453843	0.00329
0.0131	-0.1106	-0.1836	0.0026267205242514655	-0.0016964600329384882	-0.004043927876870862	0.93458372	48.73928833	0.94423672	0.07721169986635353	0.0423904	0.00243
0.009	-0.0352	-0.1717	0.0027576202181510408	-0.001668534764906579	-0.00428129265514209	0.92905492	48.45095444	0.94873124	0.11120948701013564	0.0415342	0.00219
0.0075	0.0513	-0.1642	0.002946115777366428	-0.0016510814723866359	-0.004417428336797647	0.91428101	47.68048477	0.93554783	0.11260422666954437	0.0416917	0.00208
0.0075	0.1396	-0.1548	0.0029478611066184224	-0.001626646862858715	-0.004338888520457902	0.9164263	47.79236221	0.9380027	0.102935987755983	0.0432169	0.00227
0.0108	0.1852	-0.1518	0.0026075219024795284	-0.0016598081186466073	-0.004162610266006475	0.91799939	47.87440109	0.94277333	0.07938893571891066	0.0450727	0.00279
0.0161	0.1267	-0.1802	0.002960078411382383	-0.0016859880574265225	-0.004017747938090946	0.91549188	47.74363327	0.93614626	0.11837993877991496	0.0460399	0.00246
0.0138	0.0037	-0.1912	0.002909463863074547	-0.0017749998492782332	-0.0040055306333269865	0.95736712	49.92745972	0.96622776	0.1438921822461754	0.0427854	0.00199
0.0083	-0.1373	-0.2062	0.0032079151651655774	-0.0018779742751458986	-0.004103269071438669	0.97969037	51.09163666	0.97898738	0.1864582083035189	0.0413477	0.00183
0.0028	-0.1605	-0.197	0.00325329372571743	-0.0018413223608540175	-0.004262094033370152	0.9126367	47.59473419	0.93359764	0.04994277183876085	0.0391441	0.00142
0.0018	-0.0892	-0.183	0.0030944687637859463	-0.0018692476288859267	-0.004323180557189954	0.92289615	48.12977219	0.94107941	0.09869183768915976	0.0373966	0.00105
0.002	-0.0229	-0.1726	0.0031171580440618727	-0.0017976891295541592	-0.004380776422505768	0.90748924	47.32629013	0.93244943	0.08449218224617534	0.0374352	0.001
0.0018	0.0418	-0.1588	0.003118903373313867	-0.0017889624832941875	-0.00446629755585349	0.89253026	46.54616547	0.92083171	0.08349965544298443	0.0370154	0.00092
0.0033	0.0998	-0.1503	0.0030944687637859463	-0.0017941984710501708	-0.004509930787153347	0.89012182	46.42056274	0.9189507	0.07166519142918805	0.0378152	0.00103
0.0042	0.1215	-0.1543	0.003235840433197487	-0.0017680185322702558	-0.004488986836129415	0.89490563	46.67004395	0.92227978	0.03602477796076938	0.0384708	0.00105
0.0015	0.162	-0.1423	0.0028518679977587343	-0.0017366026057343581	-0.004431390970813603	0.90317458	47.1012764	0.93054453	0.07884921136452314	0.0396112	0.00106
0.0012	0.1038	-0.1375	0.0027925268031909274	-0.0016650441064025902	-0.004480260189869444	0.90109199	46.99266815	0.9254858	0.0722884456477708	0.0377712	0.00083
-0.0008	-0.0313	-0.1546	0.0033562681515850955	-0.001635373509118687	-0.0045971972497530645	0.96934664	50.55220032	0.97516712	0.18971745027808457	0.035232	0.00051
-0.0012	-0.054	-0.1636	0.0034365532971768345	-0.001647590813882647	-0.004468042885105484	0.89763886	46.81258392	0.92276126	0.043182840750163994	0.0349887	0.00049
-0.0023	-0.0474	-0.1764	0.003501130479500625	-0.0017662732030182616	-0.004532620067429273	0.89548832	46.70043182	0.92112094	0.03289183768915972	0.0354998	0.00052
-0.0032	-0.0315	-0.1857	0.003494149162492647	-0.0017767451785302276	-0.0044820055191214375	0.88267994	46.03246307	0.91211019	0.029503392041388975	0.0361822	0.00051
-0.0008	0.0424	-0.1832	0.003145083312093782	-0.0018325957145940458	-0.004384267081009755	0.90913045	47.41188049	0.93185039	0.10393274122871826	0.0373519	0.00064
0.0057	0.0888	-0.1965	0.003080506129769991	-0.0018762289458939042	-0.004220206131322289	0.9133504	47.63195419	0.93574518	0.0798135681655558	0.0391011	0.00074
0.0074	-0.0587	-0.2177	0.003480186528476693	-0.0018989182261698304	-0.004117231705454623	0.98404181	51.31856537	0.98705436	0.1966672052425147	0.0373672	0.00054
0.0029	-0.0454	-0.2179	0.0035342917352885177	-0.0019373154697137059	-0.004199262180298357	0.87894452	45.83765793	0.91049145	0.026726646259971676	0.0364124	0.0005
-0.0025	0.0089	-0.2193	0.003661700770684103	-0.0019460421159736775	-0.004349360495969869	0.88748384	46.2829895	0.91743859	0.07541169986635347	0.0374422	0.00056
-0.0002	0.1214	-0.2191	0.003563962332572421	-0.0019949113350295183	-0.004375540434749784	0.94242668	49.14830399	0.95593365	0.12363937979737184	0.0403179	0.00076
0.0064	0.1608	-0.2084	0.0030455995447301047	-0.0020245819323134223	-0.003918264170727269	0.9220804	48.08723068	0.94247359	0.10696548245743671	0.0413767	0.00093
0.0105	0.0144	-0.2042	0.0029792770331543207	-0.002061233846605303	-0.003635520831904189	1.01020396	52.68294144	0.9998331	0.17398588823453728	0.0374743	0.00049
0.0059	-0.1234	-0.2027	0.0032637657012293962	-0.0021275563581810873	-0.003754203221039803	0.9944039	51.8589592	0.99181806	0.16737467843932372	0.0344865	0.00039
0.0052	-0.0853	-0.2049	0.003675663404700058	-0.002134537675189065	-0.0037524578917878084	0.89150846	46.49287796	0.92041539	0.06203121748653172	0.0348211	0.00037
0.0016	0.003	-0.1974	0.0033615041393410786	-0.002103121748653167	-0.0039339721339952186	0.90414977	47.15213394	0.92632448	0.1257544717051144	0.0353474	0.00035
0.0036	0.1051	-0.1918	0.0029513517651224112	-0.002171189589480946	-0.003960152072775134	0.94397241	49.22891617	0.95818484	0.13492000769131804	0.038019	0.00055
0.0099	0.0948	-0.175	0.0026878070480712674	-0.002097885760897184	-0.0037699111843077517	0.90122914	46.99982071	0.92557197	0.059754471705114394	0.0370554	0.00046
0.0124	-0.0456	-0.1655	0.002939134460358451	-0.0020682151636132805	-0.003790855135331684	0.97988385	51.10172653	0.97802569	0.1674970980297509	0.0329323	0.00031
0.012	-0.1091	-0.1713	0.003494149162492647	-0.0020804324683772408	-0.0038798669271833948	0.92066324	48.01332474	0.93845317	0.10251218993749336	0.0318063	0.00027
0.0105	-0.0059	-0.1703	0.003572688978832392	-0.002087413785385218	-0.0038397243543875246	0.93533415	48.77842331	0.94672633	0.1119831853071796	0.0331688	0.00031
0.0116	0.0922	-0.1521	0.0028902652413026098	-0.0020769418098732523	-0.003754203221039803	0.96380842	50.26337814	0.97007734	0.1563208423194735	0.0350177	0.00035
0.0172	0.0666	-0.1624	0.002806489437206882	-0.0021642082724729686	-0.0036896260387160127	0.9246335	48.22037506	0.93866814	0.053280972450961694	0.0361429	0.00062
0.0124	-0.1277	-0.1935	0.003570943649580398	-0.002190388211252884	-0.003855432317655474	1.08071089	56.35993576	1.05126226	0.27802202150464467	0.0345626	0.00046
0.0085	-0.0816	-0.1913	0.0037088246604879502	-0.0022026055160168437	-0.0039723693775390945	0.91165078	47.54331589	0.927054	0.06555176877775662	0.0339253	0.00032
0.0067	-0.0198	-0.1957	0.003855432317655474	-0.002165953601724963	-0.004054399852382828	0.89832926	46.84858704	0.92393593	0.08126450231515692	0.0348964	0.00038
0.0069	0.0854	-0.1935	0.003611086222376268	-0.0022113321622768156	-0.004105014400690663	0.94086057	49.06663132	0.95363095	0.12461696020694472	0.0367179	0.00046
0.007	0.1425	-0.1828	0.0030665434957540365	-0.0022549653935766737	-0.0040945424251786966	0.91699129	47.82182693	0.93694524	0.09783239667170275	0.0383006	0.00081
0.0088	0.0706	-0.1809	0.00294262511886244	-0.002261946710584651	-0.003909537524467298	0.91431868	47.68244934	0.93417732	0.09139522973054857	0.0364732	0.00053
0.0064	-0.0673	-0.1832	0.003157300616857742	-0.002183406894244906	-0.003958406743523139	0.98367244	51.29930496	0.98253038	0.15970422666954442	0.0339471	0.00036
0.0053	-0.0936	-0.1859	0.003530801076784529	-0.002150245638457014	-0.004016002608838952	0.90324998	47.10520935	0.92746047	0.05331287905152459	0.0331028	0.00029
0.0051	-0.0627	-0.1791	0.0035901422713523357	-0.0021048670779051613	-0.004002039974822997	0.89011765	46.42034531	0.92011473	0.0438341194567807	0.0325327	0.00033
0.0025	-0.0091	-0.1542	0.0035447637108004834	-0.0019757127132575807	-0.004248131399354198	0.88726497	46.27157593	0.91643093	0.10213121748653169	0.0316801	0.00029
0.0014	0.0617	-0.1337	0.0036215581978882336	-0.0019076448724298022	-0.0043214352279379595	0.89960784	46.91526794	0.92479673	0.10330830782496452	0.0315229	0.00019
0.0049	0.1053	-0.1048	0.003480186528476693	-0.0018081611050661253	-0.004218460802070294	0.89300013	46.57067108	0.92011582	0.09319149313214416	0.0315893	0.00015
0.0046	0.0532	-0.0764	0.004019493267342941	-0.0015515977050229591	-0.004429645641561609	0.93165213	48.58640289	0.94621326	0.13115274892003645	0.0274004	0.00011
0.003	-0.0943	-0.0802	0.004553564018453206	-0.0015638150097869194	-0.0044977134823893875	1.00992942	52.66862869	0.99715265	0.18361779483510016	0.0251913	8e-05
0.0015	-0.0295	-0.0448	0.004365068459237818	-0.0015585790220309364	-0.004682718383100785	0.92183048	48.07419586	0.94132555	0.12063682238413843	0.0237936	4e-05
-0.0015	0.0589	-0.0159	0.00441393767829366	-0.001504473815219112	-0.004860741966804208	0.93270516	48.64131927	0.94797226	0.13434990047855447	0.0235491	7e-05
0.0031	0.0672	-0.0236	0.004302236606166022	-0.0014765485471872027	-0.004420918995301637	0.91339219	47.63413239	0.93633036	0.049572465583105865	0.0247353	4e-05
0.0077	0.0406	-0.027	0.0037367499285198597	-0.001668534764906579	-0.004190535534038385	0.9337222	48.69435883	0.94239546	0.08399281783143955	0.0245145	4e-05
0.0058	-0.1363	-0.004	0.0037000980142279784	-0.0015289084247470327	-0.004375540434749784	1.0646261	55.52109909	1.03718107	0.21986415775814128	0.019596	1e-05
-0.0025	-0.2062	0.014	0.004078834461910747	-0.001429424657383356	-0.004759512870188536	0.95537746	49.82369614	0.96649014	0.1393096325242599	0.0177667	2e-05
-0.0079	-0.1874	0.0266	0.004211479485062317	-0.0014119713648634124	-0.004820599394008338	0.91706705	47.82577896	0.93916546	0.04735924197456576	0.0167607	3e-05
-0.0089	-0.0695	0.12	0.004026474584350918	-0.001228711793404008	-0.005019566928735692	1.03735137	54.09870148	1.02650285	0.24066160034490788	0.0133773	2e-05
-0.0116	-0.0232	0.1067	0.004272566008882118	-0.0012845623294678264	-0.004996877648459765	0.91992307	47.97472382	0.94038515	0.07853156204354729	0.0144226	4e-05
-0.0107	0.0753	0.1599	0.004141666314982544	-0.0011239920382843482	-0.004811872747748367	0.95967537	50.0478363	0.96339738	0.17642374428972254	0.0153642	4e-05
-0.0101	0.0721	0.1758	0.004632103834792951	-0.0010035643198967395	-0.004424409653805625	0.93935865	48.98830414	0.94859025	0.06961641660703792	0.0160117	4e-05
-0.0134	-0.0616	0.1264	0.0049462631001519295	-0.0011449359893082802	-0.004436626958569585	0.99311256	51.79161453	0.98974455	0.20978741197672396	0.0146806	6e-05
-0.0172	-0.0983	0.0941	0.004860741966804208	-0.0013456488532876281	-0.0045640359939651725	0.91128021	47.52399063	0.93226506	0.09348215163613283	0.0143067	3e-05
-0.0206	-0.1237	0.0611	0.004850269991292241	-0.0015114551322270892	-0.004525638750421296	0.9139713	47.66433334	0.93293463	0.07253377489976524	0.0160596	8e-05
-0.0169	-0.0762	0.0511	0.004546582701445229	-0.0016249015336067207	-0.004473278872861466	0.922162	48.09148407	0.93933851	0.08467467843932366	0.016731	4e-05
-0.0131	-0.0743	0.0113	0.004522148091917307	-0.001593485607070823	-0.004283037984394084	0.90039802	46.9564743	0.92358839	0.057804571226560034	0.0191932	2e-05
-0.0095	-0.1068	-0.0005	0.004302236606166022	-0.0016441001553786586	-0.004092797095926702	0.89259398	46.54948807	0.91706984	0.07093834612632517	0.0194579	0.0
-0.0112	-0.2029	-0.0028	0.004338888520457902	-0.0017348572764823637	-0.004167846253762459	0.93087798	48.54603195	0.94439413	0.11022290966156711	0.0186466	3e-05
-0.0117	-0.2021	-0.0023	0.00467224640758882	-0.001656317460142619	-0.004143411644234539	0.89049298	46.43991852	0.91718628	0.023616615649929142	0.0184733	3e-05
-0.0152	-0.1385	0.0065	0.0047856928089684515	-0.0016877333866785165	-0.0041661009245104645	0.90742123	47.32274246	0.92929618	0.08427758040957276	0.017552	3e-05
-0.0154	-0.0583	0.0157	0.00485376064979623	-0.001616174887346749	-0.004255112716362175	0.89970416	46.9202919	0.92346398	0.10103190660056284	0.0176312	2e-05
-0.0159	0.0408	0.0196	0.004677482395344803	-0.0016807520696705393	-0.004253367387110181	0.91332656	47.6307106	0.93250544	0.11563003830136057	0.019209	2e-05
-0.0137	0.0611	0.0094	0.0046530477858168825	-0.0017208946424664088	-0.004202752838802345	0.89000565	46.414505	0.92067241	0.0384595865315813	0.0206065	1e-05
-0.0118	0.0005	0.0001	0.004639085151800928	-0.0016842427281745281	-0.004108505059194652	0.90819377	47.36302948	0.92915532	0.07904311639577642	0.0198939	3e-05
-0.0125	-0.1249	-0.007	0.004876449930072156	-0.0016877333866785165	-0.004084070449666731	0.95719111	49.91828156	0.96103929	0.14646450231515684	0.0183991	3e-05
-0.0155	-0.1302	0.0026	0.004883431247080134	-0.0017278759594743865	-0.0042271874483302664	0.87465447	45.61392975	0.90704752	0.02741204442336915	0.0176027	2e-05
-0.0197	-0.1016	0.009	0.005021312257987686	-0.001647590813882647	-0.004427900312309613	0.88894975	46.35943985	0.91748878	0.06014395102393193	0.017198	3e-05
-0.016	-0.0473	0.0072	0.004907865856608054	-0.0015690509975429022	-0.004305727264670011	0.89086539	46.45934296	0.91801087	0.07550796326794892	0.0180361	1e-05
-0.0136	-0.0183	0.0015	0.00467224640758882	-0.0016493361431346415	-0.004234168765338243	0.89667571	46.7623558	0.92200527	0.056473154697137096	0.0187761	2e-05
-0.0128	-0.0983	-0.0057	0.004654793115068877	-0.0017051866791984597	-0.004246386070102203	0.94930774	49.50715637	0.95492986	0.09227605666738604	0.0179103	1e-05
-0.0115	-0.1831	-0.0111	0.005003858965467743	-0.0016999506914424768	-0.004274311338134113	0.94716114	49.39521027	0.95466779	0.11061135530933792	0.0174118	4e-05
-0.0104	-0.1388	-0.0025	0.0052220251219670345	-0.0016650441064025902	-0.004312708581677988	0.92542565	48.26168823	0.94019576	0.06857349925415267	0.0170519	3e-05
-0.01	-0.0786	0.0061	0.005190609195431136	-0.0016598081186466073	-0.004363323129985824	0.92154366	48.05923843	0.93419145	0.07356332312998584	0.0170527	2e-05
-0.0041	0.0122	0.0021	0.005311036913818745	-0.0016318828506146981	-0.004124213022462601	0.95195985	49.64546585	0.96081001	0.12007315469713704	0.0192879	4e-05
0.0041	0.0743	-0.0132	0.005136503988619312	-0.001556833692778942	-0.0039235001584832525	0.96274507	50.20792389	0.97265077	0.1081147473507269	0.0228495	4e-05
0.0022	0.021	-0.0377	0.005016076270231703	-0.0016301375213627037	-0.0038275070496235643	0.95372218	49.73737335	0.95911349	0.09418623279155294	0.0233777	2e-05
-0.0025	-0.1805	-0.0644	0.00534943415736262	-0.0017296212887263805	-0.0038798669271833948	1.10792565	57.77920914	1.06320763	0.2571600766027212	0.0221031	1e-05
-0.0102	-0.2513	-0.0689	0.005719443958785417	-0.0018029251173101424	-0.004026474584350918	0.94853342	49.46677399	0.95815133	0.11249606435870416	0.0213279	3e-05
-0.011	-0.1907	-0.0723	0.005949827420048669	-0.0018465583486100008	-0.004017747938090946	0.94553953	49.31064224	0.951344	0.0789371669411541	0.0221059	2e-05
-0.01	-0.0713	-0.0657	0.005670574739729577	-0.0017994344588061536	-0.00400727596257898	0.98162287	51.19241714	0.97717898	0.14384242728174523	0.0224564	2e-05
-0.0078	0.0127	-0.0652	0.005241223743738971	-0.0018675022996339327	-0.0039235001584832525	0.95159006	49.62618256	0.96145903	0.11575973204570564	0.0237719	3e-05
-0.0096	-0.0977	-0.0733	0.005307546255314756	-0.0018675022996339327	-0.0038990655489553323	0.97805512	51.00635529	0.97400449	0.12483785605518524	0.0225189	3e-05
-0.0107	-0.1302	-0.0767	0.005701990666265475	-0.0018797196043978928	-0.003886848244191372	0.92032552	47.99571228	0.93762206	0.05794395102393197	0.0225223	5e-05
-0.0119	-0.0577	-0.0778	0.0058974675424888386	-0.0018448130193580064	-0.003958406743523139	0.9470194	49.38781738	0.9517287	0.08989709802975086	0.0228247	5e-05
-0.0078	0.0439	-0.0787	0.005560618996853934	-0.0018657569703819383	-0.003926990816987242	0.97327471	50.75705338	0.97340521	0.1260604211597367	0.0254279	5e-05
-0.0046	0.0361	-0.0904	0.005436700619962336	-0.0018779742751458986	-0.0037297686115118824	0.93773633	48.90369797	0.94830647	0.03936789435654589	0.0268288	0.0001
-0.0045	-0.0887	-0.0866	0.0051277773423593406	-0.001954768762233649	-0.0037437312455278365	0.99381757	51.82838058	0.98239526	0.14868401993533495	0.0238757	0.00017
-0.0098	-0.2448	-0.0872	0.005626941508429718	-0.0018238690683340744	-0.0037315139407638766	1.0369122	54.07579803	1.013761	0.1941140582366956	0.022796	7e-05
-0.0089	-0.2154	-0.0787	0.005881759579220891	-0.0017208946424664088	-0.003679154063204046	0.93406379	48.71217346	0.94499708	0.059307618710933416	0.0220897	8e-05
-0.0044	-0.0992	-0.0497	0.005628686837681713	-0.0016947147036864942	-0.0035918876006043304	0.97953844	51.08371353	0.97752316	0.16802595714594043	0.0206862	2e-05
0.0021	-0.0021	-0.0378	0.005609488215909776	-0.001626646862858715	-0.003438298626428829	0.97703183	50.95299149	0.97055784	0.12754277183876084	0.0220287	2e-05
0.0127	-0.0826	-0.0806	0.007279768310068348	-0.0016790067404185449	-0.002883283924294633	1.05015588	54.76646805	1.03893412	0.24778273369262996	0.0239249	0.00017
0.0077	-0.0617	-0.0663	0.006166248247295967	-0.0016231562043547262	-0.0029181905093345183	1.0122031	52.78719711	1.00560836	0.1004138591938043	0.0234272	5e-05
0.0019	-0.1082	-0.0617	0.006101671064972177	-0.001609193570338772	-0.003038618227722128	0.96457243	50.30322266	0.96404893	0.06684837673636768	0.0223938	2e-05
0.0001	-0.0989	-0.0519	0.005843362335677014	-0.0016318828506146981	-0.003035127569218139	0.93701112	48.86587906	0.94556301	0.035124433403753895	0.0211052	2e-05
0.0133	0.0265	-0.038	0.005539675045830002	-0.0015655603390389136	-0.0028571039855147177	1.01788795	53.08366776	1.00578117	0.1799016692563109	0.022566	2e-05
0.0159	-0.0066	-0.0241	0.005309291584566751	-0.001520181778487061	-0.002775073510670984	0.95991045	50.06009674	0.96355529	0.06748962483294187	0.0213472	3e-05
0.0171	-0.2026	-0.0094	0.005595525581893821	-0.0013648474750595659	-0.0027593655474030345	1.09842277	57.28362274	1.05269014	0.23476381320112572	0.0185576	9e-05
0.0185	-0.3018	0.0105	0.006825982704549823	-0.001239183768915974	-0.0028326693759867967	1.02941871	53.68500519	1.01376433	0.19197123286916784	0.0181246	8e-05
0.0169	-0.2445	0.0193	0.00728849495632832	-0.0012042771838760874	-0.002879793265790644	0.92355257	48.16400528	0.93917079	0.09492713633111152	0.0174321	7e-05
0.0152	-0.1585	0.03	0.007356562797156099	-0.0011955505376161158	-0.002975786374650332	0.91518706	47.72773743	0.93524463	0.10703937979737188	0.0167779	3e-05
0.0132	-0.1018	0.0398	0.007456046564519776	-0.0011798425743481666	-0.0031119220563058892	0.8968901	46.77353668	0.92186886	0.08106637061435917	0.0168358	5e-05
0.0103	-0.0338	0.0555	0.007297221602588292	-0.001158898623324235	-0.0034068826998929313	0.888246	46.32273865	0.91534848	0.11033647782712284	0.016847	4e-05
0.0128	0.0143	0.0441	0.0072623150175484055	-0.0011501719770642632	-0.0033248522250491977	0.92234224	48.10088348	0.94213161	0.0682831853071796	0.0191825	3e-05
0.0151	0.0739	0.0282	0.006421066318087138	-0.0013386675362796509	-0.003220132469929538	0.97119892	50.6487999	0.97595324	0.13452320068981574	0.0209044	5e-05
0.0098	-0.0953	0.0069	0.0062570053683996705	-0.0014346606451393388	-0.0031381019950858045	1.07848513	56.24385834	1.03695568	0.2129042266695444	0.0184501	2e-05
-0.001	-0.3308	-0.0005	0.006630505828326458	-0.0017418385934903407	-0.002930407814098479	1.16032875	60.5120697	1.10688447	0.29811862946325574	0.0190124	0.00014
-0.0059	-0.299	0.0028	0.006681120376634293	-0.0019495327744776662	-0.003227113786937515	0.94581324	49.32491684	0.9541197	0.0677507351067098	0.0184396	6e-05
-0.0072	-0.1793	0.0121	0.00645422757387503	-0.0020350539078253884	-0.0033562681515850955	0.97742969	50.97373962	0.97730229	0.1523784150377283	0.0170588	3e-05
-0.0033	-0.0573	0.0097	0.006143558967020039	-0.0019495327744776662	-0.0032916909692613052	0.98057169	51.13759613	0.98073986	0.15133834612632513	0.0188106	3e-05
-0.0035	-0.0879	0.0012	0.005970771371072602	-0.0018901915799098587	-0.0031223940318178558	0.92505723	48.2424736	0.94234084	0.059371286397934715	0.0194457	4e-05
-0.0097	-0.2493	0.0087	0.0061453042962720346	-0.0017941984710501708	-0.0032131511529215613	1.04198754	54.34048462	1.02326493	0.19316415775814127	0.0182183	9e-05
-0.0129	-0.2283	0.0114	0.006539748707222752	-0.001895427567665842	-0.003262020371977402	0.92293316	48.13170242	0.93686372	0.05412713633111148	0.0182235	5e-05
-0.015	-0.1368	-0.0001	0.0068329640215578	-0.0019408061282176943	-0.003270747018237374	0.94026303	49.03546906	0.95097236	0.1224660260573436	0.0188811	3e-05
-0.0214	-0.042	-0.0031	0.006696828339902243	-0.0019303341527057286	-0.0034103733583969193	1.01589775	52.97987747	0.99032278	0.1185116998663534	0.0203807	5e-05
-0.0283	-0.0081	-0.0241	0.006963863715457375	-0.002190388211252884	-0.0038117990863556156	0.97568345	50.88267136	0.97088186	0.10822575810304919	0.0225281	0.00019
-0.0173	-0.056	-0.0003	0.006436774281355088	-0.002143264321449037	-0.0035831609543443585	0.93377155	48.69693375	0.94780703	0.12284257279586953	0.0204132	0.00027
-0.0185	-0.1612	0.0201	0.006633996486830446	-0.002090904443889207	-0.0036477381366681488	0.96403521	50.27520752	0.96334395	0.14250796326794896	0.0176353	9e-05
-0.0216	-0.1787	0.0415	0.006888814557621618	-0.002134537675189065	-0.0037978364523396607	0.92129582	48.04631424	0.93529675	0.06442748088812708	0.0173906	0.00017
-0.0196	-0.0899	0.0456	0.00715584993317675	-0.002103121748653167	-0.0038798669271833948	0.93771261	48.90246201	0.95235483	0.1139240888467382	0.0179585	0.00014
-0.0154	-0.0675	0.0362	0.006993534312741278	-0.002078687139125246	-0.0036425021489121657	0.91234577	47.57955933	0.93168562	0.05720575041173108	0.0197747	0.00028
-0.0099	-0.0968	0.039	0.00645771823237902	-0.0021101030656611444	-0.003525565089028546	0.92761225	48.37572098	0.94151372	0.0718084533390888	0.0186558	0.00028
-0.007	-0.2487	0.0431	0.006515314097694833	-0.002181661564992912	-0.003581415625092364	1.00353575	52.33518982	0.99250968	0.1681502450355699	0.0184099	0.00025
-0.0092	-0.3028	0.0524	0.00713141532364883	-0.00217293491873294	-0.003728023282259888	0.94757438	49.41675949	0.95164683	0.1041717764690747	0.0180402	9e-05
-0.0112	-0.2225	0.0766	0.007112216701876892	-0.0021746802479849347	-0.003782128489071712	0.91922963	47.93856049	0.93769842	0.11025245789178786	0.0163954	3e-05
-0.0062	-0.1163	0.1038	0.007354817467904104	-0.001895427567665842	-0.0038397243543875246	0.95359927	49.73096466	0.96327738	0.16737246558310587	0.0150341	1e-05
-0.0039	-0.0636	0.1105	0.007525859734599549	-0.0019268434942017398	-0.003637266161156183	0.89676732	46.76713181	0.92408356	0.0819458193231342	0.0157802	4e-05
-0.0018	0.0081	0.1045	0.007586946258419349	-0.0018762289458939042	-0.0033929200658769764	0.94021928	49.03318787	0.95519836	0.09760235837034212	0.0180594	9e-05
-0.0032	-0.0012	0.102	0.007012732934513216	-0.0019442967867216831	-0.0032340951039454926	0.92031509	47.99516678	0.94045421	0.0532553063332698	0.0171742	8e-05
-0.007	-0.1188	0.1102	0.0067648961807300215	-0.001960004749989632	-0.0032829643230013338	0.98191774	51.20779419	0.97283561	0.1452206968053492	0.0145414	4e-05
-0.0116	-0.3042	0.1207	0.007815584390430608	-0.001843067690106012	-0.0034766958699727043	1.08261919	56.4594574	1.05032627	0.2685678408277789	0.0151771	3e-05
-0.0121	-0.3218	0.112	0.008244935386421213	-0.0018360863730980347	-0.003558726344816438	0.91374362	47.65245819	0.93444804	0.05271813939211572	0.0155467	7e-05
-0.015	-0.2297	0.1137	0.00817163155783745	-0.001954768762233649	-0.0037192966359999168	0.91741294	47.84381866	0.93441279	0.11432782544514276	0.0136496	2e-05
-0.0176	-0.1392	0.1266	0.00788888821901437	-0.0019216075064457567	-0.0039287361462392355	0.91298264	47.6127739	0.93314546	0.1322672052425146	0.0124964	1e-05
-0.0262	-0.0786	0.1445	0.007660250087003113	-0.0017174039839624202	-0.00409977841293468	0.89469504	46.65906143	0.92052677	0.11729419605950187	0.0122446	2e-05
-0.0277	-0.0903	0.1363	0.007956956059842148	-0.0016441001553786586	-0.004145156973486532	0.88878435	46.35081482	0.91601374	0.042169418098732474	0.0129921	2e-05
-0.031	-0.0893	0.1278	0.007939502767322205	-0.0017226399717184032	-0.004103269071438669	0.88743252	46.2803154	0.91498178	0.01969405054537756	0.0130763	2e-05
-0.0321	-0.0797	0.1139	0.008016297254409955	-0.0018256143975860688	-0.003975860036043083	0.88243276	46.01957321	0.91376829	0.03995889741755008	0.0136749	2e-05
-0.0324	-0.0439	0.1215	0.007497934466567639	-0.0018238690683340744	-0.003916518841475275	0.91162193	47.5418129	0.93503249	0.07267246558310593	0.0138508	2e-05
-0.018	-0.0729	0.1517	0.0070685834705770355	-0.001567305668290908	-0.0035465090400524776	0.93372679	48.69459915	0.94554411	0.12639620987282835	0.0128676	2e-05
-0.0181	-0.2227	0.1475	0.007979645340118073	-0.0014486232791552935	-0.0036093408931242737	1.02116823	53.25473785	1.00758464	0.2087288055874224	0.0129784	2e-05
-0.0262	-0.2456	0.1431	0.008065166473465796	-0.0015550883635269475	-0.0038851029149393774	0.8954851	46.70026398	0.92233821	0.05878741197672404	0.0123759	4e-05
-0.0288	-0.1909	0.1404	0.00788539756051038	-0.0016039575825827887	-0.004002039974822997	0.89687216	46.77259827	0.92366381	0.07727875959474388	0.0115671	1e-05
-0.0292	-0.1009	0.1375	0.007333873516880173	-0.0015585790220309364	-0.0039235001584832525	0.93010098	48.50550842	0.94673177	0.1270721210260902	0.011753	1e-05
-0.0311	-0.1121	0.1472	0.007215191127744558	-0.0014887658519511632	-0.003841469683639519	0.91088307	47.50328064	0.92970781	0.036326301702956046	0.0114526	2e-05
-0.0324	-0.2631	0.1501	0.007679448708775049	-0.001439896632895322	-0.00401076662108297	1.00761354	52.54785156	0.99467573	0.18932118687648916	0.0115646	2e-05
-0.0356	-0.2838	0.1607	0.008237954069413234	-0.0014224433403753785	-0.004359832471481835	0.92333561	48.15269089	0.93970328	0.08075122517784966	0.0122102	2e-05
-0.0336	-0.1714	0.1808	0.009262462340333906	-0.0014556045961632708	-0.004337143191205909	0.95479006	49.79306412	0.96093265	0.18851794034922448	0.0124056	4e-05
-0.0328	-0.0947	0.1686	0.009351474132185619	-0.0014311699866353504	-0.0042935099599060505	0.92641991	48.3135376	0.94266996	0.09755398163397452	0.0135151	2e-05
-0.0305	0.0119	0.1686	0.008681267699419794	-0.0014486232791552935	-0.004251622057858187	0.96573526	50.3638649	0.97038837	0.14537738136668155	0.0143789	3e-05
-0.0306	-0.0261	0.1693	0.008452629567408538	-0.0014451326206513049	-0.004206243497306334	0.92535532	48.25801849	0.94101871	0.05267536755335488	0.0135201	4e-05
-0.0429	-0.182	0.2123	0.007798131097910665	-0.0018133970928221085	-0.0046914450293607576	1.05007839	54.76242447	1.02401466	0.286598223686155	0.0105874	4e-05
-0.0467	-0.1791	0.2185	0.00826762466669714	-0.002141518992197042	-0.005042256209011618	0.93215334	48.6125412	0.94850762	0.07032133239061344	0.0113459	2e-05
-0.047	-0.2279	0.1976	0.008646361114379908	-0.00209614043164519	-0.005153957281139256	0.9038378	47.13586426	0.92715677	0.0967908040181129	0.0116654	4e-05
-0.0516	-0.1631	0.1783	0.008595746566072072	-0.002106612407157156	-0.005152211951887261	0.90474647	47.18325043	0.92717872	0.09184159265358982	0.0127241	2e-05
-0.0502	-0.0766	0.1592	0.00789761486527434	-0.0020856684561332234	-0.00503527489200364	0.95215124	49.65544891	0.95742503	0.14880063558526424	0.0124476	6e-05
-0.048	-0.1177	0.1529	0.007503170454323623	-0.002139773662945048	-0.004790928796724435	0.92350733	48.16164398	0.93761954	0.08424478565208737	0.0116026	0.00011
-0.0516	-0.269	0.1551	0.008272860654453122	-0.002124065699677099	-0.00493055513688398	1.02266169	53.33262253	1.0044014	0.2033512251778496	0.0120552	2e-05
-0.049	-0.2599	0.1368	0.008829620685839314	-0.0021676989309769574	-0.005037020221255636	0.92303455	48.13698959	0.93484679	0.06534291735288529	0.0135001	4e-05
-0.0486	-0.1717	0.1337	0.008756316857255551	-0.002258456052080662	-0.005016076270231703	0.93392909	48.70514679	0.9424897	0.10095024503557004	0.0130224	2e-05
-0.0537	-0.0986	0.1268	0.008375835080320788	-0.0023649211364523163	-0.00503527489200364	0.90320504	47.10286331	0.92828692	0.11040727415391775	0.0130213	2e-05
-0.0579	-0.0217	0.1272	0.007707373976806959	-0.0024137903555081575	-0.005021312257987686	0.94958651	49.52169418	0.95484484	0.11806464782928124	0.0141029	0.00021
-0.0574	-0.0703	0.1167	0.007642796794483169	-0.002408554367752175	-0.004972443038931845	0.94160962	49.10569382	0.94349395	0.06553411945678073	0.0137714	3e-05
-0.0612	-0.1964	0.1151	0.007581710270663368	-0.0025342180738957666	-0.005021312257987686	0.95640433	49.87725067	0.95901978	0.1432809724509617	0.0123679	2e-05
-0.0631	-0.2151	0.1195	0.007812093731926618	-0.0026825710603152844	-0.005113814708343385	0.90427399	47.1586113	0.92243334	0.0485619449019234	0.0124427	4e-05
-0.0667	-0.191	0.1242	0.007862708280234455	-0.002694788365079245	-0.005082398781807488	0.90230596	47.05597687	0.92181778	0.03711238898038476	0.0121317	3e-05
-0.0681	-0.1518	0.1353	0.007452555906015787	-0.0027680921936630064	-0.005049237526019596	0.91988045	47.97249985	0.93357618	0.07753087292951606	0.0114901	2e-05
-0.0654	-0.0898	0.1442	0.0070354222147891434	-0.0027454029133870805	-0.004939281783143952	0.92759001	48.37456131	0.94066394	0.10108893571891064	0.0116017	1e-05
-0.0642	-0.1238	0.1434	0.006813765399785863	-0.0027593655474030345	-0.004825835381764321	0.90496027	47.19440079	0.92538681	0.05345329251994326	0.0114986	4e-05
-0.068	-0.2369	0.1422	0.00732863752912419	-0.002748893571891069	-0.005033529562751646	0.95514631	49.81164169	0.96004625	0.15475191429188087	0.0113235	2e-05
-0.067	-0.2093	0.1559	0.007377506748180031	-0.0027454029133870805	-0.004991641660703782	0.88705164	46.26045227	0.91616138	0.04701238898038466	0.0116482	1e-05
-0.0658	-0.1324	0.1694	0.0071802845427046715	-0.0027157323161031764	-0.004963716392671873	0.90073621	46.97411346	0.92444127	0.1043409035395586	0.0113688	1e-05
-0.061	-0.0551	0.1929	0.006934193118173471	-0.0025603980126756814	-0.005019566928735692	0.91856998	47.90415955	0.93744291	0.12846381320112568	0.0119056	3e-05
-0.0535	-0.0854	0.2042	0.007204719152232592	-0.002537708732399755	-0.005064945489287545	0.87933499	45.85802078	0.90898819	0.06602969374434502	0.0114846	6e-05
-0.0509	-0.1486	0.2111	0.0074019413577079505	-0.00244695161129605	-0.005052728184523583	0.89686209	46.77207565	0.91978337	0.08770983156715126	0.0110362	2e-05
-0.0521	-0.1629	0.214	0.007597418233931317	-0.0024242623310201236	-0.005094616086571448	0.8772493	45.74925232	0.90747175	0.03140270292735782	0.0112406	2e-05
-0.054	-0.1229	0.1999	0.007972664023110098	-0.0024713862208239705	-0.005115560037595381	0.89748901	46.80476761	0.92356882	0.07816568150032804	0.0121934	3e-05
-0.0499	-0.042	0.1935	0.007335618846132167	-0.0023911010752322315	-0.004972443038931845	0.96006727	50.06827545	0.95995227	0.13442236606166028	0.0120012	4e-05
-0.0507	-0.0747	0.1786	0.007061602153569058	-0.002305579941884509	-0.004806636759992383	0.93153709	48.58040237	0.94202708	0.0746672052425147	0.0116012	8e-05
-0.053	-0.2558	0.1755	0.006970845032465352	-0.0024207716725161347	-0.004834562028024293	1.05852985	55.20317459	1.02524486	0.19819370598836208	0.0106081	3e-05
-0.0536	-0.3251	0.1789	0.007576474282907384	-0.002331759880664424	-0.004921828490624009	0.95281827	49.69023514	0.96036619	0.11239537524467293	0.0114501	3e-05
-0.0564	-0.2785	0.2068	0.007668976733263084	-0.002366666465704311	-0.0049462631001519295	0.91332436	47.63059616	0.93624737	0.08489218224617535	0.0108414	3e-05
-0.0634	-0.1686	0.2276	0.0076270888312152205	-0.0023492131731843676	-0.005133013330115323	1.07749534	56.19224548	1.02021735	0.15000457122656002	0.00979751	2e-05
-0.065	-0.0722	0.235	0.007464773210779748	-0.0023701571242082994	-0.005288347633542819	0.99100804	51.68186188	0.97787224	0.122329693744345	0.010129	2e-05
-0.0732	-0.0506	0.2616	0.007576474282907384	-0.0025569073541716926	-0.005523967082562053	0.90539646	47.21714783	0.92456015	0.08310353755551318	0.0104785	3e-05
-0.0702	-0.1241	0.2774	0.008065166473465796	-0.002569124658935653	-0.005773549165597242	0.90898913	47.4045105	0.92873568	0.12982457891787808	0.00989431	2e-05
-0.0638	-0.1169	0.2936	0.008138470302049559	-0.0025918139392115793	-0.005916666164260778	0.89634562	46.74514008	0.91894399	0.041755505376161295	0.0101131	2e-05
-0.062	-0.114	0.307	0.008100073058505684	-0.0026668630970473357	-0.006024876577884425	0.89957958	46.91379547	0.92056297	0.02918284075016391	0.0102305	3e-05
-0.062	-0.0896	0.316	0.008306021910241015	-0.0026912977065752563	-0.006253514709895682	0.90072817	46.97369385	0.92102691	0.05635107966372543	0.0112185	5e-05
-0.0598	-0.0986	0.2571	0.007915068157794284	-0.0026441738167714093	-0.006072000467688272	0.95731729	49.92486191	0.961044	0.1010795942228994	0.0107961	2e-05
-0.0584	-0.0956	0.24	0.007447319918259804	-0.002501056818107874	-0.005839871677173027	0.90942699	47.42734528	0.93445693	0.06364970143566298	0.0107157	3e-05
-0.0612	-0.227	0.2345	0.007227408432508519	-0.002490584842595908	-0.005859070298944964	0.97239107	50.71097183	0.96809434	0.15217910415175945	0.00992769	3e-05
-0.0692	-0.3848	0.2193	0.007709119306058954	-0.0025342180738957666	-0.006199409503083859	1.02478051	53.44312286	1.00553372	0.2242841654494593	0.0122252	4e-05
-0.0768	-0.3428	0.2237	0.00786096295098246	-0.002647664475275398	-0.006152285613280011	0.92013234	47.98563766	0.93765769	0.06962069680534926	0.011999	4e-05
-0.0797	-0.2191	0.2117	0.007646287452987157	-0.002670353755551324	-0.006188937527571893	0.9595421	50.04088593	0.96344122	0.15230083462815552	0.0106164	2e-05
-0.0717	-0.0534	0.1856	0.006853907972581732	-0.0026441738167714093	-0.0060580378336723174	1.02732015	53.57556915	1.01238343	0.24727295565424573	0.0117195	4e-05
-0.0634	-0.0852	0.156	0.00644201026911107	-0.0024853488548399255	-0.005939355444536703	0.92009169	47.98351669	0.93693328	0.104170252726888	0.011443	4e-05
-0.0632	-0.1733	0.1554	0.006293657282691553	-0.0024312436480281013	-0.005906194188748811	0.93049616	48.52611923	0.94201854	0.10068097245096168	0.011269	3e-05
-0.062	-0.1337	0.1554	0.006646213791594407	-0.0024434609527920616	-0.00588525023772488	0.90976781	47.44511795	0.92813101	0.060085888234537296	0.0111699	2e-05
-0.0598	-0.1121	0.161	0.006625269840570476	-0.0024609142453120045	-0.005635668154689691	0.90379179	47.13346481	0.92122956	0.04379896632895316	0.0116069	3e-05
-0.05	-0.0354	0.1651	0.006492624817418905	-0.0022968532956245376	-0.00541401133968641	0.93056166	48.52953339	0.94383099	0.1165181393921159	0.0126447	9e-05
-0.0481	-0.0889	0.1633	0.006581636609270616	-0.0021938788697568722	-0.005208062487951079	0.92551655	48.26642609	0.94149994	0.07709675347273535	0.0127062	0.00021
-0.0478	-0.1713	0.1847	0.0062290801003677615	-0.002176425577236929	-0.00514348530562729	0.9383148	48.93386459	0.94957608	0.12582934918732935	0.0115887	0.00036
-0.0477	-0.3169	0.1935	0.00637743308678728	-0.0022078415037728267	-0.005426228644450371	1.01326263	52.842453	0.99666284	0.17762561258892484	0.012653	0.00023
-0.0523	-0.3483	0.193	0.006979571678725324	-0.0022270401255447643	-0.005710717312525446	0.94656175	49.36395264	0.94899879	0.08179129408925283	0.0132301	8e-05
-0.0532	-0.2586	0.1861	0.007454301235267781	-0.0021101030656611444	-0.005600761569649804	0.92412519	48.19386673	0.93926464	0.13258111796508598	0.0120162	2e-05
-0.0474	-0.1288	0.196	0.007086036763096978	-0.0022497294058206906	-0.005331980864842677	0.97049314	50.61199188	0.96814144	0.18433357585687385	0.0111284	2e-05
-0.0492	-0.0823	0.17	0.007513642429835589	-0.002256710722828668	-0.0053162729015747276	0.97689599	50.94590759	0.97344473	0.09681474735072684	0.0132967	7e-05
-0.0461	-0.0884	0.1529	0.007541567697867498	-0.002357939819444339	-0.005225515780471023	0.95212054	49.65384674	0.96524523	0.03729557428756425	0.0136051	7e-05
-0.0519	-0.1257	0.1641	0.007274532322312366	-0.002450442269800039	-0.005216789134211051	0.93557674	48.79107285	0.94757084	0.07271322360854017	0.0115716	2e-05
-0.0543	-0.1327	0.1595	0.007520623746843567	-0.0024015730507441976	-0.005194099853935124	0.93021172	48.51128387	0.94353683	0.029882496193148422	0.0118702	1e-05
-0.0539	-0.0304	0.1735	0.006955137069197403	-0.002450442269800039	-0.005157447939643243	0.99315047	51.79359055	0.99051246	0.14925039054969425	0.0121245	2e-05
-0.0476	-0.1386	0.172	0.00705462083656108	-0.002384119758224254	-0.005105088062083414	0.99041843	51.6511116	0.98083943	0.12690830782496457	0.0108192	2e-05
-0.0615	-0.335	0.1578	0.007408922674715928	-0.0026895523773232616	-0.00519235452468313	1.0974921	57.23509216	1.0583694	0.26185004599267864	0.0115988	5e-05
-0.0612	-0.3302	0.1832	0.0074176493209759005	-0.0028396506929947744	-0.005047492196767601	0.93281132	48.6468544	0.94674175	0.045684364492350735	0.0115951	2e-05
-0.0534	-0.1332	0.2337	0.006974335690969341	-0.0029408797896104456	-0.004867723283812185	1.07631958	56.13092804	1.04570949	0.2915155819788824	0.00982201	1e-05
-0.0487	-0.0657	0.2541	0.006529276731710787	-0.003113667385557884	-0.004827580711016315	0.94736147	49.40565872	0.95468076	0.1254994564000931	0.0101263	3e-05
-0.0509	-0.1649	0.2444	0.006518804756198821	-0.0031381019950858045	-0.0050125856117277144	0.97582573	50.89009094	0.96687944	0.12209557428756428	0.00990957	0.00015
-0.057	-0.3531	0.2334	0.006869615935849681	-0.003153809958353753	-0.005091125428067459	1.08208644	56.43167496	1.04121135	0.2275529479629277	0.0115833	0.00018
-0.0601	-0.3889	0.2351	0.00753807703936351	-0.00318871654339364	-0.005126032013107346	0.94468993	49.26633453	0.95399658	0.07751371367968012	0.0126306	0.0001
-0.0627	-0.2693	0.2355	0.007602654221687299	-0.0032079151651655774	-0.005119050696099368	0.94562441	49.31506729	0.95054626	0.12713785605518524	0.0105345	2e-05
-0.0608	-0.124	0.2484	0.007332128187628178	-0.003139847324337799	-0.005164429256651221	0.98159444	51.19093323	0.97447314	0.1792986217719376	0.00932652	2e-05
-0.0518	-0.0166	0.2349	0.007070328799829028	-0.0030490902032340936	-0.00507541746479951	0.9680171	50.48286438	0.97009545	0.15197841503772833	0.0113202	2e-05
-0.0489	-0.0669	0.2243	0.00684518132632176	-0.003080506129769991	-0.004954989746411901	0.928922	48.44402313	0.94251448	0.08264955592153873	0.0105664	2e-05
-0.0539	-0.2455	0.2223	0.007073819458333017	-0.0030543261909900766	-0.004937536453891958	1.04996037	54.75627136	1.02067327	0.1992135681655557	0.00915152	3e-05
-0.0528	-0.2955	0.2394	0.007374016089676042	-0.0029530970943744054	-0.005044001538263612	0.92900008	48.44809723	0.94181578	0.09359454061651752	0.0100337	4e-05
-0.0541	-0.2277	0.2549	0.007635815477475192	-0.002928662484846485	-0.005061454830783556	0.91332126	47.63043213	0.93264571	0.09978436449235069	0.00945199	1e-05
-0.0522	-0.1624	0.2477	0.0075450583563714865	-0.002853613327010729	-0.004944517770899936	0.92649472	48.31744003	0.94130442	0.08853716694115411	0.01017	1e-05
-0.0497	-0.1163	0.2327	0.007101744726364926	-0.002879793265790644	-0.004836307357276287	0.92965829	48.48242188	0.94098529	0.09248519912050622	0.0109508	5e-05
-0.0518	-0.228	0.2378	0.006660176425610361	-0.0029199358385865134	-0.0048188540647563435	0.96179473	50.15836334	0.9591239	0.14385820830351895	0.0100387	0.00014
-0.057	-0.3645	0.2365	0.007120943348136864	-0.0029234264970905022	-0.004993386989955777	0.99326885	51.79976273	0.98457633	0.1749395253114963	0.0118768	0.0001
-0.0605	-0.3252	0.2457	0.007513642429835589	-0.0029234264970905022	-0.005098106745075437	0.90042323	46.95779037	0.92418761	0.07687094184091925	0.0115233	4e-05
-0.0635	-0.2311	0.2614	0.007370525431172054	-0.002967059728390361	-0.005160938598147233	0.91383535	47.65724182	0.93040256	0.12527910415175947	0.0100325	2e-05
-0.0681	-0.1268	0.2764	0.007138396640656808	-0.0030159289474462015	-0.0052499503899989435	0.92786902	48.38911057	0.93905852	0.14240049007113983	0.00999087	1e-05
-0.0705	-0.0455	0.2846	0.006684611035138282	-0.00318871654339364	-0.005408775351930427	0.9231782	48.14448166	0.93970216	0.13116990816987242	0.010996	2e-05
-0.0855	-0.1311	0.3	0.00665144977935039	-0.003506366467256608	-0.005866051615952942	0.92790985	48.39123917	0.93699732	0.15640437218366876	0.0105969	3e-05
-0.0979	-0.1893	0.3227	0.006846926655573755	-0.0036599554414321086	-0.0061453042962720346	0.90147924	47.01286316	0.91992416	0.1247159265358979	0.0109586	2e-05
-0.1019	-0.1797	0.3333	0.007024950239277177	-0.0037681658550557575	-0.006309365245959501	0.91040212	47.47819901	0.92644356	0.046714747350726886	0.0114893	4e-05
-0.1021	-0.1896	0.3382	0.007010987605261222	-0.003661700770684103	-0.006424556976591126	0.89930999	46.8997345	0.9208507	0.02678097245096176	0.0112687	2e-05
-0.0946	-0.1577	0.3321	0.007464773210779748	-0.003454006589696778	-0.006326818538479445	0.91440082	47.68673325	0.93607331	0.0834609112308766	0.0119107	2e-05
-0.0853	-0.0676	0.3299	0.006665412413366345	-0.0033196162372932147	-0.006194173515327876	0.98001015	51.1083107	0.97378392	0.15491980864842675	0.0112248	3e-05
-0.0819	-0.134	0.3128	0.006447246256867054	-0.00324107642095347	-0.005958554066308641	0.950293	49.55854034	0.95491425	0.11351627109291353	0.010297	1e-05
-0.0867	-0.3516	0.2994	0.006597344572538566	-0.0033527774930811067	-0.006164502918043972	1.10136068	57.43683624	1.05789094	0.259187411976724	0.0113064	4e-05
-0.0924	-0.3952	0.2995	0.007148868616168773	-0.003387684078120994	-0.006304129258203518	0.93854839	48.94604874	0.9491397	0.08570284844148197	0.0120391	3e-05
-0.0965	-0.3408	0.313	0.007464773210779748	-0.003413864016900908	-0.006426302305843123	0.93690908	48.86055756	0.94694484	0.09521287905152472	0.0109904	1e-05
-0.0932	-0.1836	0.3055	0.007644542123735163	-0.003415609346152903	-0.00631285590446349	1.02060997	53.2256279	1.00066384	0.1827480321793521	0.00983632	2e-05
-0.0976	-0.0413	0.2926	0.007063347482821051	-0.0033300882128051803	-0.0062290801003677615	1.02236998	53.31741333	1.00026395	0.19712457891787807	0.0104026	3e-05
-0.0935	-0.0538	0.2989	0.006538003377970758	-0.003387684078120994	-0.006162757588791978	0.91187882	47.55521011	0.93388365	0.055363124087094456	0.0100844	2e-05
-0.0977	-0.1809	0.3148	0.00705462083656108	-0.0035203291012725624	-0.006572909963010645	0.9880864	51.52949524	0.97548433	0.2001707427980279	0.00924218	1e-05
-0.0995	-0.2923	0.3608	0.007934266779566223	-0.0036180675393842456	-0.006787585461005948	0.98503482	51.3703537	0.97939181	0.21880299395560643	0.0104107	1e-05
-0.0996	-0.2294	0.5151	0.008276351312957111	-0.0036215581978882336	-0.006311110575211495	1.26869011	66.16320038	1.1716025	0.2584025038844665	0.0153399	0.0001
-0.1103	-0.2628	0.4164	0.0083409284952809	-0.0036634460999360975	-0.00645422757387503	1.13088596	58.97660446	1.07474706	0.1552791041517594	0.012357	8e-05
-0.1128	-0.2074	0.4151	0.008103563717009672	-0.0037227872945039047	-0.006558947328994691	1.00348639	52.33261871	0.98527678	0.07927128639793482	0.0116602	1e-05
-0.1075	-0.108	0.4175	0.007738789903342857	-0.0037646751965517687	-0.006628760499074463	0.97588462	50.89316177	0.97188662	0.1309237442897225	0.0121476	1e-05
-0.1036	-0.2155	0.4004	0.007464773210779748	-0.0038013271108436495	-0.006544984694978735	0.9713636	50.65738678	0.96214187	0.1482222205475359	0.0111413	1e-05
-0.1075	-0.3983	0.3841	0.007689920684287015	-0.00394269878025519	-0.006693337681398254	1.04074442	54.27565002	1.0179462	0.22874360646691627	0.0129315	4e-05
-0.1097	-0.3888	0.3762	0.007819075048934596	-0.004040437218366873	-0.006613052535806515	0.93244725	48.62786865	0.94330691	0.0349588974175502	0.012902	3e-05
-0.1109	-0.3007	0.3823	0.007586946258419349	-0.0041277036809665895	-0.0066165431943105025	0.95623451	49.86839294	0.95849715	0.11154429558094749	0.0108383	1e-05
-0.108	-0.1821	0.3916	0.007218681786248547	-0.004131194339470578	-0.006627015169822469	1.07672107	56.1518631	1.01702015	0.14991135530933783	0.0106601	4e-05
-0.1038	-0.1074	0.3815	0.007344345492392139	-0.0039235001584832525	-0.006611307206554521	1.01574326	52.97182083	0.99287236	0.1064532925199432	0.0108396	3e-05
-0.1045	-0.209	0.3795	0.007471754527787724	-0.00393048147549123	-0.006705554986162213	0.98259199	51.24295807	0.97417369	0.11573190660056272	0.0109519	3e-05
-0.1038	-0.222	0.3862	0.007806857744170635	-0.00400727596257898	-0.006857398631085722	1.00916064	52.62853241	0.97968105	0.04858706741970848	0.0120843	0.00014
-0.1065	-0.2243	0.4163	0.007951720072086166	-0.004043927876870862	-0.007154104603924756	0.9714449	50.66162872	0.95892052	0.059011010752322325	0.0129422	0.0001
-0.1004	-0.1951	0.4627	0.00854164135926025	-0.0038798669271833948	-0.007237880408020484	0.97129804	50.65396881	0.96122048	0.12358790204786388	0.0145	4e-05
-0.0933	-0.1693	0.5132	0.009061749476354559	-0.0037053340019839614	-0.007042403531797119	1.09728479	57.22428131	1.03423361	0.12790589592585538	0.0183793	0.00052
-0.0914	-0.2069	0.5692	0.009395107363485476	-0.003701843343479973	-0.007237880408020484	1.05035532	54.77687073	1.00702011	0.12211627109291352	0.0211552	0.00031
-0.0959	-0.2902	0.5792	0.009862855603019957	-0.003750712562535814	-0.00757472895365539	1.01611078	52.99098587	0.99160643	0.14047330021126145	0.0240179	0.00018
-0.1052	-0.2842	0.5967	0.009855874286011979	-0.003858922976159462	-0.008100073058505684	0.97500962	50.84753036	0.96062821	0.06482679177409599	0.0251395	0.00021
-0.1065	-0.2605	0.5888	0.009934414102351725	-0.003998549316319009	-0.008065166473465796	0.99958402	52.12910461	0.97301437	0.04555363707695906	0.0248829	0.00031
-0.109	-0.2166	0.5475	0.00980002374994816	-0.004092797095926702	-0.007827801695194567	1.01079655	52.7138443	0.98839029	0.11100014551412433	0.0229132	0.0002
-0.1081	-0.2022	0.51	0.009325294193405703	-0.004146902302738527	-0.007684684696531034	0.94977808	49.53168488	0.95367188	0.08639758810089078	0.0202203	6e-05
-0.1092	-0.2676	0.4716	0.009300859583877783	-0.004197516851046362	-0.0077213366108229145	0.92400396	48.18754578	0.94110007	0.11048505360638176	0.0195069	4e-05
-0.1146	-0.333	0.4615	0.009334020839665676	-0.0041381756564785556	-0.007918558816298273	0.92266273	48.11759949	0.94276631	0.09538623279155288	0.0189661	1e-05
-0.1174	-0.3014	0.4678	0.009314822217893735	-0.004242895411598215	-0.008044222522441864	0.94754863	49.41541672	0.95459586	0.05317910415175958	0.0167874	1e-05
-0.1225	-0.2563	0.4944	0.009431759277777356	-0.004286528642898074	-0.008148942277561523	0.99048638	51.65465546	0.97784951	0.090064502315157	0.0156872	2e-05
-0.1207	-0.2085	0.4867	0.009567894959432915	-0.0040282199136029125	-0.008038986534685882	0.99049246	51.65497208	0.97343043	0.08252000769131806	0.0145318	3e-05
-0.1349	-0.1757	0.5082	0.00896226570899088	-0.004822344723260333	-0.008414232323864661	1.04067016	54.27177811	1.00610607	0.1572499924639117	0.0157701	3e-05
-0.144	-0.0854	0.5603	0.008836602002847289	-0.006209881478595825	-0.00893259511170698	1.11590481	58.19532776	1.0536337	0.25307816246607007	0.01883	4e-05
-0.1406	-0.098	0.5061	0.00891688714843903	-0.005705481324769463	-0.00903731486682664	0.97314841	50.75046539	0.97257379	0.10467025272688812	0.0171161	3e-05
-0.1357	-0.1356	0.4803	0.008740608893987603	-0.005555383009097951	-0.008970992355250854	0.91240507	47.58265305	0.93056924	0.08793495408493622	0.0160827	4e-05
-0.1416	-0.3234	0.4669	0.00882438469808333	-0.005688028032249521	-0.009232791743050004	1.05887532	55.22119141	1.02730849	0.2310110107523224	0.0158773	0.0
-0.1517	-0.4155	0.4638	0.009011134928046723	-0.005719443958785417	-0.009552186996164965	0.94336325	49.19714737	0.95580487	0.13217807048071248	0.018261	4e-05
-0.1581	-0.3485	0.4601	0.009159487914466241	-0.005761331860833282	-0.00951728041112508	1.0099107	52.66764832	0.9873663	0.08835737367536342	0.0171804	4e-05
-0.1605	-0.2923	0.4446	0.009281660962105845	-0.005728170605045389	-0.009546951008408983	0.99790603	52.04159546	0.97765738	0.08335024503557002	0.0165071	2e-05
-0.1601	-0.1508	0.4458	0.008866272600131194	-0.005696754678509492	-0.009393362034233481	1.12723446	58.78617859	1.05460084	0.17311966313430252	0.0161068	4e-05
-0.1492	-0.1334	0.4708	0.008845328649107262	-0.005661848093469605	-0.009108873366158406	0.98408246	51.32068634	0.96273822	0.07031696020694474	0.0153345	2e-05
-0.1435	-0.2416	0.5077	0.009496336460101147	-0.005639158813193679	-0.008983209660014814	0.98496193	51.36655045	0.97493066	0.19076803987067015	0.0167325	1e-05
-0.147	-0.2559	0.5432	0.00988379955404389	-0.0056635934227216	-0.009269443657341885	0.97626001	50.9127388	0.95618295	0.08820658503988661	0.0185103	5e-05
-0.1599	-0.2494	0.5962	0.00980002374994816	-0.005860815628196958	-0.00968657734856853	0.99558884	51.92075348	0.97559004	0.10730658503988656	0.0211477	8e-05
-0.1517	-0.1999	0.6117	0.009979792662903577	-0.005672320068981571	-0.009599310885968814	1.07577968	56.10276794	1.00921975	0.09597654673852604	0.0223978	0.00037
-0.1612	-0.2107	0.6152	0.00973544656762437	-0.005473352534254217	-0.009909979492823802	1.02358031	53.38053131	0.98900139	0.06149911184307745	0.0233195	0.00021
-0.158	-0.1953	0.6609	0.009752899860144312	-0.005319763560078716	-0.009995500626171525	1.03048968	53.74085999	0.99134167	0.07712817000215844	0.0254809	6e-05
-0.1507	-0.1847	0.6863	0.010197958819402868	-0.005024802916491674	-0.009974556675147593	0.96851265	50.50870895	0.9584414	0.08134817769347649	0.0271822	8e-05
-0.1541	-0.2294	0.6665	0.010604620535117546	-0.005064945489287545	-0.01011418301530714	0.97613406	50.90616989	0.96479009	0.09722153143350479	0.0267389	0.0001
-0.16	-0.2891	0.617	0.010677924363701307	-0.005092870757319453	-0.010074040442511272	0.98548514	51.39383698	0.97234005	0.12216858347057688	0.0250559	4e-05
-0.1539	-0.2399	0.5997	0.010487683475233926	-0.00529707427980279	-0.009971066016643606	0.92622596	48.30342484	0.93613331	0.09747094184091919	0.0230455	2e-05
-0.1499	-0.1634	0.5734	0.010011208589439474	-0.005373868766890541	-0.009939650090107706	0.93521512	48.7722168	0.95075492	0.1360342649709052	0.0211296	3e-05
-0.1444	-0.233	0.5461	0.009909979492823802	-0.005335471523346666	-0.009843656981248018	0.91961914	47.95887375	0.93714189	0.11418097245096172	0.0197031	1e-05
-0.1446	-0.3525	0.5311	0.010101965710543179	-0.005373868766890541	-0.00992045146833577	0.96475595	50.31279373	0.96522906	0.15005889741755019	0.0200644	4e-05
-0.1464	-0.4041	0.5323	0.010540043352793757	-0.005445427266222308	-0.010039133857471384	0.91875887	47.91400909	0.94073564	0.08601592653589799	0.0215876	3e-05
-0.1494	-0.3315	0.5547	0.010669197717441336	-0.005246459731494954	-0.00995710338262765	0.92230791	48.09909439	0.94047274	0.11850761871093332	0.0206742	3e-05
-0.1514	-0.2515	0.5533	0.010451031560942046	-0.005195845183187119	-0.009946631407115682	0.94176131	49.1136055	0.94867118	0.09736263401595459	0.019424	1e-05
-0.1493	-0.1319	0.5429	0.00990474350506782	-0.005003858965467743	-0.009831439676484059	1.0177021	53.07397461	0.99440439	0.1747733002112613	0.0183007	4e-05
-0.1539	-0.1276	0.5057	0.009334020839665676	-0.004914847173616032	-0.009878563566287904	0.91369629	47.64999008	0.93525042	0.081442917352885	0.0170966	3e-05
-0.1485	-0.2683	0.4998	0.009721483933608416	-0.004824090052512327	-0.009676105373056562	0.97747737	50.97622681	0.97598869	0.18603392041388936	0.0168188	3e-05
-0.1437	-0.3047	0.5213	0.009770353152664255	-0.004855505979048225	-0.009815731713216109	0.89551634	46.70189285	0.9217946	0.0736955742875642	0.0182297	2e-05
-0.143	-0.2835	0.5257	0.009885544883295882	-0.004848524662040247	-0.009937904760855713	0.8952049	46.68564987	0.91871359	0.03851730476396044	0.018819	3e-05
-0.1338	-0.2615	0.542	0.010040879186723379	-0.005141739976375294	-0.010290461269758567	0.91451085	47.69247055	0.92953061	0.08755530633326995	0.0198756	3e-05
-0.1203	-0.1992	0.5867	0.010196213490150874	-0.005859070298944964	-0.010562732633069682	0.95002633	49.54463196	0.95418499	0.177746799465414	0.021995	3e-05
-0.1039	-0.1794	0.6347	0.010831513337876809	-0.006522295414702809	-0.010875146569176668	0.92612028	48.2979126	0.9445701	0.16474694497953835	0.0254558	2e-05
-0.1088	-0.3095	0.6235	0.011376056064499042	-0.006487388829662923	-0.011051424823628093	0.97046053	50.61029053	0.97503406	0.1839863783056772	0.0261445	3e-05
-0.119	-0.2993	0.6239	0.011421434625050892	-0.00654673002423073	-0.011241665712095476	0.88384759	46.09335709	0.91157582	0.03554803217935194	0.0260328	3e-05
-0.1126	-0.2663	0.6402	0.010257300013970674	-0.00650658745143486	-0.011032226201856158	0.91703427	47.82406998	0.94193258	0.1263858347057703	0.0251086	2e-05
-0.0946	-0.1645	0.6895	0.009419541973013396	-0.006166248247295967	-0.01015083492959902	0.97224832	50.70352554	0.98127749	0.27207442586766545	0.0250309	2e-05
-0.1	-0.1655	0.6799	0.009770353152664255	-0.005967280712568612	-0.010206685465662838	0.87481356	45.62222672	0.90887329	0.04628146252210168	0.0246704	4e-05
-0.1073	-0.268	0.7076	0.009833185005736052	-0.0059079395180008055	-0.010316641208538481	0.94730753	49.40284348	0.95462484	0.14910643952576236	0.0271069	3e-05
-0.1185	-0.2653	0.7893	0.009639453458764682	-0.006023131248632432	-0.010576695267085637	0.93952149	48.99679565	0.95874805	0.12404886680750762	0.0319789	4e-05
-0.1257	-0.1947	1.0156	0.008923868465447005	-0.005956808737056647	-0.010662216400433359	1.162238	60.61164093	1.1374517	0.34747143191205915	0.0464471	0.00027
-0.1415	-0.2086	1.0849	0.008648106443631903	-0.00598647933434055	-0.01091703447122453	0.94173968	49.11247635	0.95891675	0.1270125344945088	0.0519054	0.00062
-0.1554	-0.1905	1.1726	0.008738863564735608	-0.006075491126192261	-0.010957177044020402	1.00175309	52.24222565	1.01529924	0.1306955742875645	0.0595165	0.00172
-0.1576	-0.3002	0.9841	0.009665633397544596	-0.006150540284028017	-0.010798352082088918	1.10499573	57.62640762	1.09872844	0.3584321976288115	0.0458799	0.00023
-0.1549	-0.2927	0.923	0.0093567101199416	-0.00610341639422417	-0.010585421913345609	0.95620281	49.86674118	0.96466243	0.09974886680750748	0.0412775	0.00017
-0.1501	-0.3983	0.8674	0.009651670763528642	-0.006147049625524028	-0.010632545803149455	0.99682021	51.98497009	0.98649572	0.18528588823453737	0.0400116	0.00025
-0.1624	-0.6169	0.7823	0.010252064026214692	-0.006304129258203518	-0.011091567396423963	1.13358629	59.11743164	1.09054138	0.3768247244320023	0.0421609	0.00055
-0.1765	-0.646	0.7321	0.010730284241261137	-0.006462954220135002	-0.011239920382843481	0.96305686	50.22418594	0.97050771	0.13266990816987245	0.0405973	0.00056
-0.1885	-0.522	0.6896	0.010817550703860854	-0.006330309196983434	-0.011075859433156017	0.99532282	51.90687943	0.99304185	0.19769862177193745	0.0340931	0.00023
-0.1867	-0.3742	0.5964	0.010660471071181364	-0.006174974893555937	-0.010723302924253159	1.04471946	54.48295212	1.02858776	0.2760485222504922	0.0252928	7e-05
-0.175	-0.1767	0.5773	0.010513863414013842	-0.006138322979264057	-0.010573204608581648	1.06854439	55.72544098	1.044724	0.24496789435654565	0.0223865	7e-05
-0.1659	-0.1214	0.5646	0.010225884087434776	-0.006157521601035994	-0.010398671683382215	0.93618685	48.82289124	0.95231664	0.10118554367752187	0.0218647	7e-05
-0.1634	-0.2283	0.5322	0.010616837839881505	-0.005988224663592545	-0.010314895879286487	0.99520189	51.90057373	0.98335825	0.17400132469929536	0.0213802	7e-05
-0.1644	-0.2816	0.5222	0.011056660811384077	-0.005818927726149094	-0.010332349171806431	0.94478977	49.2715416	0.94948557	0.09562866007329841	0.0219476	0.00017
-0.1625	-0.2818	0.5284	0.011039207518864133	-0.005768313177841259	-0.010358529110586347	0.91533911	47.73566437	0.93412376	0.013012388980384728	0.0217172	0.00016
-0.1587	-0.2578	0.5548	0.010899581178704588	-0.0058538343111889804	-0.010365510427594322	0.91378528	47.65463257	0.93317001	0.06580643952576207	0.0224723	0.00019
-0.1563	-0.2962	0.6018	0.010709340290237207	-0.006110397711232148	-0.010337585159562415	0.94168454	49.10960007	0.95359307	0.11153647782712287	0.0244073	0.0002
-0.1564	-0.4354	0.6368	0.011149163261739778	-0.006023131248632432	-0.010442304914682074	1.01815033	53.09735107	1.00369611	0.20589045946109727	0.029541	0.00026
-0.1578	-0.4277	0.6534	0.011412707978790921	-0.0059690260418206065	-0.010681415022205296	0.92684394	48.3356514	0.93921259	0.05353800156930944	0.0300828	0.0001
-0.1668	-0.3775	0.6481	0.013386675362796509	-0.005686282702997525	-0.011089822067171969	1.0383532	54.15095139	1.02619244	0.19775588838976707	0.0330029	0.00043
-0.1668	-0.299	0.6113	0.013884094199614892	-0.005253441048502931	-0.010712830948741195	1.11921299	58.36785126	1.08629352	0.1806625804871876	0.0307312	0.00021
-0.1754	-0.2125	0.5899	0.01204975315576885	-0.005625196179177724	-0.01048070215822595	1.04461694	54.47760773	1.0220393	0.23841124825180393	0.0262423	7e-05
-0.1751	-0.1109	0.5821	0.011088076737919976	-0.005988224663592545	-0.010597639218109568	1.0213083	53.26204681	1.00957309	0.18178209810736573	0.0251766	8e-05
-0.1713	-0.2315	0.5559	0.01077566280181299	-0.006197664173831864	-0.010709340290237207	1.04135847	54.30767441	1.01643735	0.18227772592369723	0.0237812	0.00014
-0.1732	-0.4452	0.5537	0.011211995114811572	-0.00618370153981591	-0.010819296033112848	1.11204457	57.99401093	1.0699311	0.24581253449450888	0.0260323	0.00011
-0.1756	-0.4457	0.558	0.011484266478122689	-0.00610341639422417	-0.010946705068508434	0.93428487	48.72370148	0.94496546	0.031198277214922195	0.026287	0.0001
-0.1811	-0.4077	0.538	0.011718140597889929	-0.006044075199656362	-0.010962413031776383	0.91682851	47.81333923	0.93504671	0.07894616388014981	0.0244039	3e-05
-0.1808	-0.2993	0.5265	0.011287044272647331	-0.006243042734383717	-0.010927506446736497	0.93535995	48.7797699	0.94748418	0.153448522250492	0.021838	1e-05
-0.1775	-0.1937	0.5048	0.010911798483468547	-0.0062482787221397	-0.010852457288900741	0.9687711	50.52218628	0.9720096	0.1533765467385261	0.0200921	1e-05
-0.1797	-0.3174	0.49	0.01098510231205231	-0.006293657282691553	-0.010812314716104872	0.96809727	50.48704529	0.96589275	0.1486412480965743	0.0209948	2e-05
-0.1835	-0.3761	0.4971	0.011206759127055588	-0.006370451769779303	-0.01088387321543664	0.9243173	48.20388412	0.93806322	0.08810049007113982	0.0224119	4e-05
-0.1794	-0.3231	0.4996	0.011330677503947187	-0.006265732014659643	-0.010805333399096893	0.89807075	46.8351059	0.9226863	0.07495889741755024	0.0215265	4e-05
-0.1699	-0.244	0.5091	0.011046188835872113	-0.006138322979264057	-0.010679669692953302	0.92255813	48.11214447	0.93925486	0.12497807048071256	0.0200307	2e-05
-0.1556	-0.1561	0.5008	0.010578440596337632	-0.006017895260876448	-0.010548769999053728	0.97196281	50.68863678	0.97433185	0.14645378259108316	0.0190652	2e-05
-0.1497	-0.288	0.4824	0.010173524209874947	-0.006089453760208215	-0.010707594960985212	1.00640261	52.48469925	0.99149232	0.1879649923862968	0.0195561	4e-05
-0.1623	-0.501	0.4622	0.010857693276656723	-0.005949827420048669	-0.010941469080752452	1.10136139	57.4368782	1.06301273	0.29868347633542813	0.024252	0.00021
-0.1643	-0.4906	0.4669	0.01132369618693921	-0.005984734005088556	-0.01090830782496456	0.932082	48.60882187	0.94520222	0.04380353755551332	0.0246385	0.00014
-0.1637	-0.3914	0.4698	0.011383037381507017	-0.005860815628196958	-0.010793116094332932	0.93208057	48.60874557	0.94397026	0.11762256510455155	0.022028	0.0
-0.1397	-0.207	0.5085	0.01037598240310629	-0.005766567848589266	-0.010063568466999304	1.07554078	56.09031296	1.04901253	0.3386425192671024	0.0180819	4e-05
-0.1221	-0.1861	0.5122	0.009737191896876364	-0.005806710421385134	-0.009028588220566666	0.97592878	50.89546585	0.97328966	0.12789566627292162	0.0172493	8e-05
-0.1341	-0.4236	0.5246	0.009524261728133056	-0.006222098783359784	-0.009040805525330627	1.1684438	60.93527603	1.09672583	0.29392679177409586	0.0212226	0.00021
-0.1409	-0.4853	0.5363	0.009827949017980071	-0.00649786080517489	-0.009072221451866525	0.95258611	49.67812729	0.95792402	0.11074326190990103	0.0232492	0.00011
-0.1432	-0.4097	0.5465	0.00956614963018092	-0.006548475353482724	-0.009124581329426356	0.91260576	47.59312057	0.92767767	0.10633869068334072	0.0211477	7e-05
-0.1434	-0.3042	0.548	0.009325294193405703	-0.006543239365726741	-0.009222319767538036	0.93228185	48.61924362	0.94506773	0.12439149313214412	0.0190957	4e-05
-0.133	-0.2076	0.5534	0.008866272600131194	-0.00647866218340295	-0.009101892049150427	0.93951672	48.9965477	0.95082237	0.14460132469929532	0.0178949	2e-05
-0.1279	-0.3029	0.5559	0.00890466984367507	-0.0064943701466709	-0.009133307975686325	0.97652042	50.92631912	0.967986	0.10717605666738608	0.0192616	4e-05
-0.1327	-0.4649	0.523	0.010868165252168691	-0.006421066318087138	-0.009342747485925645	1.09293091	56.9972229	1.06126755	0.31201193736583516	0.024111	0.00013
-0.1332	-0.4209	0.469	0.010660471071181364	-0.006841690667817772	-0.009258971681829917	1.0115298	52.75208664	1.01101941	0.13410471674068453	0.0216759	8e-05
-0.14	-0.3586	0.4906	0.010409143658894181	-0.006827728033801816	-0.009625490824748726	0.97131819	50.65501785	0.96912509	0.12229045946109741	0.0196673	6e-05
-0.134	-0.3919	0.4999	0.010356783781334351	-0.0067648961807300215	-0.009443976582541317	0.93626195	48.82680893	0.944805	0.06343529864195181	0.020451	5e-05
-0.1315	-0.3331	0.498	0.010053096491487336	-0.0065886179262785935	-0.00933227551041368	0.93101358	48.55310059	0.9421793	0.09278333082130406	0.0186782	2e-05
-0.1232	-0.2297	0.5015	0.009808750396208132	-0.006520550085450815	-0.00937241808320955	0.9690389	50.53615189	0.97348554	0.13282782544514268	0.0174814	2e-05
-0.1223	-0.2585	0.4966	0.00952949771588904	-0.006585127267774605	-0.009389871375729494	0.95190781	49.6427536	0.94592726	0.052664157758141227	0.0179799	8e-05
-0.1276	-0.4236	0.4782	0.009908234163571809	-0.0065886179262785935	-0.009608037532228783	1.03893495	54.18128586	1.01356712	0.21881966313430223	0.0212988	0.00035
-0.1415	-0.5468	0.4818	0.010636036461653444	-0.006640977803838424	-0.010019935235699447	0.99745828	52.0182457	0.98971686	0.2003029939556064	0.0259645	0.00033
-0.148	-0.4502	0.5055	0.010643017778661421	-0.006686356364390277	-0.010250318696962697	0.93337321	48.67615891	0.94398979	0.1409371669411539	0.0237448	8e-05
-0.1504	-0.3432	0.5278	0.010623819156889484	-0.0066165431943105025	-0.010372491744602301	0.94118792	49.08370209	0.94876021	0.14225924197456588	0.0220143	3e-05
-0.1466	-0.2543	0.5423	0.010417870305154151	-0.006536258048718765	-0.010417870305154151	0.92192858	48.07931137	0.93669892	0.12378062789394594	0.0214218	4e-05
-0.1508	-0.2769	0.5599	0.010379473061610278	-0.006606071218798537	-0.010770426814057007	0.88708842	46.26237106	0.91253941	0.06743834612632497	0.0226761	1e-05
-0.1428	-0.3302	0.5885	0.010367255756846317	-0.006448991586119048	-0.010761700167797037	0.9080497	47.35551834	0.93129409	0.09880117918517106	0.02424	2e-05
-0.138	-0.3027	0.5965	0.01088387321543664	-0.006291911953439557	-0.010770426814057007	0.88490373	46.1484375	0.91375707	0.0744211868764891	0.0244963	4e-05
-0.1443	-0.2822	0.581	0.011035716860360145	-0.006347762489503377	-0.010897835849452593	0.88040555	45.91385269	0.91175715	0.05905516081914565	0.0248438	1e-05
-0.1453	-0.2293	0.5657	0.010161306905110986	-0.006503096792930871	-0.010831513337876809	0.91687936	47.81599045	0.93768406	0.12400333851262182	0.0221962	1e-05
-0.1435	-0.235	0.5452	0.009742427884632348	-0.006627015169822469	-0.010718066936497177	0.92499793	48.23937988	0.93798755	0.06081218993749338	0.0213492	2e-05
-0.1505	-0.3985	0.5323	0.009478883167581205	-0.006876597252857658	-0.0108035880698449	1.02842164	53.63300705	1.00540753	0.21333239667170287	0.0224472	4e-05
-0.1599	-0.5611	0.5273	0.009897762188059843	-0.006853907972581732	-0.01107411410390402	1.02126086	53.25956726	1.00999003	0.21260471674068424	0.0268691	0.00025
-0.1611	-0.5122	0.5303	0.010204940136410845	-0.006656685767106373	-0.011028735543352168	0.90817368	47.36198425	0.92966748	0.08058893571891074	0.0251235	0.00016
-0.1611	-0.4078	0.528	0.010295697257514549	-0.006520550085450815	-0.01096939434878436	0.92205536	48.08592224	0.93635735	0.12101169986635352	0.0221152	3e-05
-0.1495	-0.29	0.5384	0.010253809355466686	-0.00644201026911107	-0.010798352082088918	0.93818933	48.92732239	0.94956735	0.1543734992541524	0.020098	2e-05
-0.136	-0.1817	0.5455	0.009986773979911554	-0.00628493063643158	-0.010543534011297744	0.9413901	49.09424591	0.95485755	0.16284665395128975	0.0190892	3e-05
-0.1322	-0.2506	0.5307	0.01048070215822595	-0.0061295963330040846	-0.010503391438501875	0.92122358	48.04254532	0.93882857	0.12197025272688808	0.0196679	4e-05
-0.1378	-0.3239	0.53	0.01064650843716541	-0.006024876577884425	-0.010683160351457291	0.92267174	48.1180687	0.9394873	0.10211474735072676	0.0204564	4e-05
-0.1451	-0.3352	0.5339	0.010655235083425382	-0.005970771371072602	-0.010782644118820968	0.88037652	45.91233826	0.91086063	0.03061578102177358	0.0210986	2e-05
-0.137	-0.2923	0.5357	0.010595893888857573	-0.005984734005088556	-0.010702358973229227	0.90799999	47.35292435	0.93009797	0.0604794487087751	0.0203429	3e-05
-0.1223	-0.2518	0.5489	0.010391690366374239	-0.0059027035302448225	-0.010386454378618255	0.91770685	47.85914612	0.93590279	0.09850692959690206	0.0198914	1e-05
-0.1093	-0.3382	0.5849	0.010667452388189343	-0.005824163713905078	-0.010194468160898877	0.94916964	49.49995422	0.9545727	0.1627144027937112	0.0225052	8e-05
-0.1134	-0.514	0.6014	0.01141619863729491	-0.005773549165597242	-0.010590657901101592	1.04568374	54.53324509	1.02390703	0.256177526880806	0.0285918	0.00014
-0.1266	-0.465	0.6009	0.011376056064499042	-0.006003932626860492	-0.011014772909336213	0.90277684	47.08053207	0.92656315	0.09743205211468696	0.0276191	9e-05
-0.1279	-0.4232	0.5999	0.011341149479459155	-0.005815437067645105	-0.010927506446736497	0.89222407	46.53019714	0.91820864	0.059633430342749566	0.0262927	4e-05
-0.1207	-0.3396	0.6341	0.010889109203192622	-0.005888740896228867	-0.010974630336540345	0.91779423	47.86370087	0.93728573	0.1536233997327072	0.0256685	5e-05
-0.1126	-0.2172	0.6982	0.010854202618152736	-0.006590363255530588	-0.01124690169985146	0.97277963	50.7312355	0.9775456	0.24504001538263612	0.028385	5e-05
-0.1118	-0.1902	0.6778	0.010791370765080938	-0.006558947328994691	-0.01123119373658351	0.90123582	47.00016785	0.92946225	0.053697787143782365	0.0269289	5e-05
-0.1068	-0.2147	0.6533	0.010599384547361562	-0.0065659286460026675	-0.011116002005951886	0.91703588	47.8241539	0.93666523	0.06970796326794873	0.0258372	4e-05
-0.1112	-0.4065	0.647	0.010862929264412706	-0.00654673002423073	-0.011232939065835505	1.05975902	55.26727676	1.03188425	0.22248401993533487	0.0277873	5e-05
-0.1271	-0.4604	0.733	0.010320131867042472	-0.006511823439190843	-0.011287044272647331	0.97660697	50.93083191	0.98625945	0.18739045946109728	0.0329467	9e-05
-0.1286	-0.3794	0.7736	0.009847147639752007	-0.0058974675424888386	-0.011264354992371403	0.93640882	48.83446884	0.95313562	0.17860147021341985	0.0327824	6e-05
-0.1336	-0.3797	0.7671	0.009988519309163548	-0.005562364326105927	-0.011465067856350753	0.96078569	50.10573959	0.95446407	0.04565938748869007	0.0329936	0.0001
-0.1336	-0.3244	0.795	0.00965865208053662	-0.005523967082562053	-0.011517427733910582	0.95706165	49.91152954	0.95249675	0.1042312174865316	0.0332832	5e-05
-0.1333	-0.2474	0.9034	0.009035569537574645	-0.0058416170064250214	-0.011637855452298188	0.98190171	51.20695877	0.9875853	0.2387580092606274	0.0392923	8e-05
-0.1383	-0.2623	0.9582	0.00913854396344231	-0.005684537373745532	-0.01177573646320574	0.90076154	46.97543335	0.9312804	0.09459675347273536	0.0433589	0.00011
-0.1437	-0.2934	1.0622	0.008833111344343302	-0.005164429256651221	-0.011695451317614004	0.97870058	51.04001617	0.98509325	0.18579129408925268	0.0510307	0.0004
-0.1449	-0.3077	1.0734	0.008922123136195012	-0.005045746867515607	-0.011875220230569418	0.89259505	46.54954529	0.91817311	0.046073154697136826	0.0519948	0.00053
-0.1645	-0.3345	1.1946	0.007716100623066931	-0.004588470603493092	-0.01259255055313909	1.06937802	55.76891708	1.05858469	0.2866314549860136	0.0621943	0.00232
-0.1501	-0.2779	0.978	0.010210176124166827	-0.004628613176288962	-0.012123056984352612	1.33583033	69.66461945	1.2808209	0.43778558213411234	0.0461739	0.00055
-0.1472	-0.383	0.8835	0.009402088680493453	-0.005133013330115323	-0.011702432634621979	1.11387515	58.08948135	1.07907272	0.28915559736151847	0.0408579	0.00014
-0.1485	-0.3582	0.8428	0.009009389598794729	-0.005290092962794812	-0.011435397259066848	0.94347888	49.20317841	0.9518664	0.10764070449666718	0.0378826	9e-05
-0.1593	-0.5769	0.8115	0.00878424212528746	-0.005635668154689691	-0.011805407060489645	1.11749077	58.27803421	1.07268387	0.30783662334124706	0.0413702	0.00032
-0.1675	-0.6124	0.8025	0.009260717011081911	-0.005522221753310059	-0.011871729572065429	0.94660199	49.36605072	0.96055431	0.08551218993749342	0.042754	0.00042
-0.1757	-0.5095	0.8028	0.008946557745722932	-0.0056758107274855595	-0.011800171072733663	0.94449711	49.25627899	0.95799376	0.13836533694331235	0.0388243	0.00028
-0.1757	-0.3704	0.7776	0.008969247025998859	-0.005614724203665758	-0.011606439525762293	1.06102324	55.33320618	1.02522283	0.17817536755335492	0.0342257	0.0002
-0.1715	-0.2081	0.7716	0.008475318847684463	-0.005654866776461627	-0.011397000015522971	1.04510152	54.5028801	1.02283066	0.2096755130674793	0.0315726	9e-05
-0.1646	-0.205	0.7724	0.008351400470792867	-0.005696754678509492	-0.011178833859023681	0.90665525	47.28279495	0.93220192	0.0299986217719376	0.0312805	0.00013
-0.1627	-0.3497	0.7711	0.008688249016427773	-0.005625196179177724	-0.011264354992371403	0.97308218	50.74701309	0.97797231	0.17259640891571976	0.0327832	9e-05
-0.1683	-0.4023	0.7787	0.009087929415134475	-0.005609488215909776	-0.011409217320286932	1.06139886	55.35279846	0.99863507	0.09381253449450887	0.0347125	0.00018
-0.1695	-0.3759	0.788	0.009155997255962252	-0.0055920349233898325	-0.011522663721666564	1.02252185	53.32532883	0.98511212	0.04684837673636773	0.0354156	0.00028
-0.1677	-0.3675	0.791	0.00915076126820627	-0.005611233545161769	-0.011585495574738359	0.99212551	51.74013901	0.97241481	0.01756332312998573	0.0352632	0.00021
-0.159	-0.3545	0.7979	0.009115854683166382	-0.005551892350593962	-0.011468558514854739	1.11509335	58.15300751	1.03133182	0.03915924197456575	0.0369457	0.00068
-0.1522	-0.3503	0.8249	0.009290387608365815	-0.005501277802286126	-0.011623892818282234	1.0673852	55.66499329	1.01171707	0.05702408884673806	0.0383324	0.00046
-0.1529	-0.3827	0.8512	0.009761626506404286	-0.005307546255314756	-0.011852530950293493	1.05789888	55.17027283	1.01096349	0.10408042885105497	0.0417712	0.00041
-0.1496	-0.3494	0.8798	0.00974766387238833	-0.005340707511102648	-0.01196423202242113	1.02373588	53.38864136	0.98583917	0.07314124809657424	0.0424153	0.00027
-0.1553	-0.3442	0.8767	0.009695303994828501	-0.005298819609054784	-0.011992157290453038	1.02219081	53.30806732	0.98235073	0.020108652381980056	0.0429755	0.00043
-0.133	-0.3178	0.9388	0.009108873366158406	-0.005759586531581288	-0.011391764027766987	1.05153048	54.83815384	1.02083841	0.19317954069413243	0.046587	0.00047
-0.1403	-0.2508	1.0073	0.008721410272215664	-0.006031857894892403	-0.011290534931151317	1.00805569	52.57091141	1.0016201	0.18084817769347647	0.0501223	0.00057
-0.1444	-0.3732	0.9781	0.009253735694073935	-0.005588544264885843	-0.011505210429146621	0.98576653	51.40851212	0.98204721	0.2152157274930068	0.0497459	0.00055
-0.1477	-0.3813	0.9575	0.009412560656005419	-0.005499532473034132	-0.011758283170685798	0.96008563	50.06923294	0.9527972	0.05704547476611857	0.048147	0.0004
-0.16	-0.3807	0.9443	0.009189158511750145	-0.005574581630869889	-0.012042771838760872	0.96503824	50.32751465	0.95351389	0.05524699850830517	0.0464212	0.00032
-0.1621	-0.3824	0.916	0.009224065096790031	-0.005728170605045389	-0.012590805223887095	0.94813776	49.44614029	0.95013157	0.06892644721708044	0.0445977	0.00021
-0.1594	-0.351	0.9199	0.009121090670922365	-0.005735151922053367	-0.012641419772194929	1.01302981	52.83031464	0.97827862	0.04602851455917396	0.0445383	0.00024
-0.1351	-0.3149	0.9607	0.009105382707654418	-0.005761331860833282	-0.012444197566719568	1.01521146	52.94408798	0.98730634	0.11315550537616104	0.0457427	0.00017
-0.129	-0.2773	0.9448	0.009409069997501431	-0.005651376117957638	-0.012245230031992217	0.99472642	51.8757782	0.97701291	0.09023052837250041	0.0435483	0.00017
-0.1249	-0.3046	0.942	0.008803440747059398	-0.005640904142445672	-0.011768755146197764	0.93051386	48.52704239	0.9463634	0.08882880558742262	0.0427449	0.00014
-0.1197	-0.3042	0.9345	0.008471828189180476	-0.005763077190085277	-0.01137256540599505	0.90025198	46.94886017	0.92409841	0.055598767286061994	0.041428	0.00014
-0.1203	-0.455	0.9054	0.008482300164692442	-0.005984734005088556	-0.011561060965210439	0.99416	51.84623718	0.98592037	0.2015312174865317	0.0426453	0.00022
-0.1306	-0.6044	0.8833	0.008641125126623924	-0.006127851003752092	-0.011965977351673122	0.99602944	51.9437294	0.99462714	0.21714291735288513	0.0466598	0.00044
-0.1362	-0.5989	0.8741	0.008878489904895155	-0.006180210881311922	-0.012198106142188367	0.97226322	50.70430374	0.97230555	0.04639267231731536	0.046168	0.00043
-0.1363	-0.4485	0.8571	0.009314822217893735	-0.00602662190713642	-0.012110839679588651	1.05282593	54.90571594	1.02405452	0.20135938748868987	0.0407302	0.00019
-0.1394	-0.3217	0.8657	0.008789478113043444	-0.00617148423505195	-0.011988666631949049	1.0413276	54.30606842	1.01159654	0.1781189740202712	0.0383713	0.00021
-0.1392	-0.2031	0.8705	0.00828856861772107	-0.006222098783359784	-0.011721631256393916	0.97043586	50.60900497	0.97562433	0.16452797095926705	0.0372546	0.0002
-0.1357	-0.2378	0.8648	0.008166395570081468	-0.006174974893555937	-0.011707668622377961	0.89328748	46.58565521	0.92369317	0.05306297857297025	0.0376503	0.00022
-0.1377	-0.408	0.8443	0.008714428955207687	-0.006072000467688272	-0.012006119924468994	1.01966441	53.17631531	1.01101403	0.24017295565424576	0.0394956	0.00018
-0.1386	-0.4305	0.8514	0.00901462558655071	-0.005946336761544681	-0.01234820445785988	0.89760697	46.81092072	0.92448197	0.06889724354387511	0.0409083	0.00019
-0.1386	-0.3917	0.8735	0.008791223442295439	-0.005750859885321316	-0.012252211349000194	1.03661394	54.06024551	0.99238295	0.08664360646691614	0.0421612	0.00025
-0.1354	-0.3618	0.8659	0.009342747485925645	-0.005731661263549379	-0.012089895728564719	1.09808373	57.26594543	1.02007223	0.07735191429188097	0.0415461	0.00053
-0.1337	-0.3311	0.8848	0.008773770149775494	-0.00597426202957659	-0.011871729572065429	1.00357461	52.33721924	0.98993904	0.10278721293383256	0.0415487	0.00037
-0.1261	-0.3391	0.892	0.008815658051823359	-0.006017895260876448	-0.011582004916234371	0.92851728	48.42291641	0.94584475	0.041562289458939035	0.0421357	0.00028
-0.1318	-0.4701	0.8849	0.009290387608365815	-0.005958554066308641	-0.011875220230569418	0.9852789	51.38308334	0.98512532	0.1851643032722655	0.0458961	0.00029
-0.1374	-0.4733	0.8815	0.009375908741713538	-0.006127851003752092	-0.012044517168012869	0.90288097	47.0859642	0.92198346	0.033405750411731244	0.0450852	0.00022
-0.1395	-0.44	0.8972	0.009049532171590598	-0.006295402611943547	-0.012061970460532812	0.90547115	47.22104263	0.92827675	0.07666907354171698	0.0438827	0.00019
-0.136	-0.3673	0.9017	0.008902924514423075	-0.006241297405131722	-0.011913617474113293	0.9120428	47.56375885	0.9328787	0.09815329251994329	0.041819	0.00013
-0.1321	-0.2941	0.911	0.008569566627292158	-0.006267477343911637	-0.011810643048245627	0.90997684	47.45602036	0.92945934	0.109525612588925	0.0407815	0.0001
-0.1331	-0.3791	0.8874	0.008964011038242875	-0.006269222673163632	-0.011861257596553463	0.91459942	47.69709015	0.93154187	0.13194021442552747	0.0416891	0.00015
-0.1413	-0.4301	0.8807	0.009007644269542734	-0.00642979296434711	-0.011990411961201045	0.92433906	48.2050209	0.93721592	0.08256789435654589	0.04256	0.00017
-0.1478	-0.3966	0.8877	0.008834856673595294	-0.00642979296434711	-0.012063715789784806	0.94538397	49.30252838	0.94335459	0.05930457122655997	0.0422234	0.00018
-0.1467	-0.3581	0.8809	0.008836602002847289	-0.0064071036840711824	-0.011927580108129249	0.93477327	48.74917221	0.94142233	0.05442851455917404	0.0414019	0.00023
-0.143	-0.2799	0.9025	0.008285077959217083	-0.006342526501747393	-0.011712904610133945	0.92925566	48.46142578	0.9447044	0.14503883619746497	0.0415546	0.00013
-0.1414	-0.3242	0.9034	0.008065166473465796	-0.0063407811724954	-0.011639600781550184	0.88407367	46.10514832	0.91339809	0.06154803217935201	0.0421911	0.00015
-0.143	-0.4669	0.8934	0.00838107106807677	-0.006387905062299246	-0.011829841670017565	0.96725708	50.44322968	0.97083632	0.18196346864411	0.0445256	0.00022
-0.147	-0.5182	0.8997	0.008606218541584039	-0.0064228116473391324	-0.012044517168012869	0.89221311	46.52962494	0.9194485	0.08533647782712304	0.046465	0.00032
-0.1514	-0.4556	0.9019	0.008712683625955692	-0.006290166624187564	-0.01197644932718509	0.90624219	47.26125336	0.92651869	0.08455889741755003	0.0445725	0.00019
-0.1585	-0.3989	0.8935	0.008791223442295439	-0.00610341639422417	-0.012063715789784806	0.9111678	47.51812744	0.92979445	0.08982782544514295	0.0428573	0.00018
-0.1552	-0.3333	0.9075	0.00874409955249159	-0.006157521601035994	-0.012070697106792783	0.93424153	48.72144318	0.94410897	0.08831052068118246	0.0424888	0.00014
-0.1467	-0.2663	0.9325	0.008969247025998859	-0.006250024051391693	-0.012098622374824694	0.92990077	48.4950676	0.94171827	0.1177787595947439	0.0436888	0.00016
-0.1414	-0.2616	0.9477	0.009449212570297301	-0.006108652381980153	-0.01235169511636387	0.89809722	46.83648682	0.9208405	0.06892049776245783	0.0454771	0.00023
-0.1441	-0.3067	0.9469	0.00974417321388434	-0.006108652381980153	-0.01251750139530333	0.9378286	48.90851212	0.94150528	0.07163834612632505	0.0463485	0.00028
-0.1501	-0.3265	0.9523	0.009693558665576505	-0.006281439977927592	-0.012833405989914306	0.94858593	49.46951294	0.94810732	0.05816533694331263	0.0472429	0.00033
-0.153	-0.3296	0.9479	0.009869836920027934	-0.0062290801003677615	-0.012903219159994076	0.94400197	49.23045731	0.94628396	0.025322565104551508	0.0466135	0.00028
-0.1521	-0.3462	0.962	0.009611528190732771	-0.006239552075879728	-0.012882275208970145	0.9252739	48.25377274	0.93458899	0.04608623279155297	0.0479356	0.00034
-0.1512	-0.3494	0.9732	0.00928340629135784	-0.0062116268078478195	-0.012918927123262026	0.90257019	47.06975555	0.92371114	0.03493495408493596	0.0486462	0.00031
-0.1505	-0.4372	0.9766	0.009466665862817244	-0.0062290801003677615	-0.01300444825660975	0.91741174	47.84375381	0.93705527	0.10621169986635362	0.0509	0.00041
-0.1515	-0.4261	0.9702	0.009616764178488757	-0.006202900161587847	-0.013021901549129692	0.93527299	48.77523422	0.94093598	0.028186577348568487	0.049917	0.00038
-0.1627	-0.4033	0.9514	0.00956614963018092	-0.0061295963330040846	-0.013060298792673565	0.98409271	51.3212204	0.96559874	0.06091578102177352	0.0473847	0.00028
-0.161	-0.3593	0.9614	0.009189158511750145	-0.006037093882648386	-0.01291543646475804	0.99585056	51.93440247	0.97094851	0.08641779483509997	0.0464974	0.00025
-0.1548	-0.2636	0.9709	0.009154251926710258	-0.005946336761544681	-0.012796754075622424	0.98897243	51.57570267	0.97329118	0.12361730476396043	0.045819	0.00015
-0.1556	-0.2313	0.9407	0.00918741318249815	-0.005939355444536703	-0.01267109036947883	0.93014544	48.50782776	0.94809191	0.07159031394697318	0.0434877	0.0002
-0.1518	-0.2625	0.9233	0.00874759021099558	-0.0061295963330040846	-0.012411036310931675	0.90991783	47.45294189	0.93332884	0.09690589592585537	0.041746	0.0002
-0.1518	-0.4624	0.914	0.008927359123950995	-0.006225589441863773	-0.012454669542231536	1.06491709	55.53627396	1.03921174	0.22516976265574812	0.0448611	0.00034
-0.1529	-0.5539	0.9036	0.009293878266869804	-0.006185446869067903	-0.012630947796682963	0.94913125	49.49795151	0.963432	0.1321469985083054	0.0477068	0.0006
-0.1573	-0.4727	0.8933	0.009388126046477499	-0.0060685098091842835	-0.01265887306471487	0.94581759	49.32514191	0.95835892	0.107855505376161	0.0450365	0.0005
-0.1521	-0.3467	0.8843	0.008991936306274786	-0.00613134166225608	-0.012500048102783386	0.99404967	51.84048462	0.99155445	0.17109232776029967	0.0426685	0.00049
-0.1501	-0.2486	0.861	0.009129817317182338	-0.005963790054064624	-0.012287117934040078	0.95498121	49.80303192	0.97037628	0.1493181393921158	0.0402497	0.00055
-0.1511	-0.2984	0.861	0.008557349322528197	-0.006052801845916334	-0.012163199557148483	0.91796011	47.8723526	0.94010683	0.09006990816987229	0.0399144	0.00066
-0.1524	-0.4568	0.844	0.008749335540247573	-0.005998696639104511	-0.012226031410220278	1.00461853	52.39165878	0.99666844	0.19214616388014968	0.0424262	0.00088
-0.1558	-0.5108	0.8445	0.009068730793362536	-0.005921902152016759	-0.012356931104119851	0.96563387	50.35857773	0.96882988	0.08425447170511449	0.0443554	0.00098
-0.152	-0.4598	0.8361	0.00927118898659388	-0.005927138139772744	-0.012412781640183673	1.11811721	58.31070328	1.04280864	0.07637723585255758	0.0434553	0.00087
-0.1481	-0.3502	0.8316	0.009306095571633765	-0.0058259090431570714	-0.012212068776204323	1.15859187	60.42148972	1.07150421	0.1348424272817453	0.0407061	0.0006
-0.1456	-0.2583	0.8281	0.00911934534167037	-0.005899212871740834	-0.012068951777540788	1.00209439	52.26002502	0.99243027	0.11805855286053468	0.0391532	0.00044
-0.1434	-0.3406	0.8449	0.008826130027335325	-0.006056292504420323	-0.012002629265965004	0.95914036	50.01993561	0.96618405	0.127130872929516	0.0393965	0.00028
-0.1441	-0.4662	0.8497	0.00914727060970228	-0.006092944418712205	-0.012121311655100619	0.98010099	51.11304855	0.98218762	0.15492374428972266	0.0417401	0.00028
-0.1485	-0.467	0.8687	0.009293878266869804	-0.00601091394386847	-0.012269664641520135	0.96981078	50.57640839	0.95971675	0.043049555921538765	0.0431036	0.00042
-0.1494	-0.4142	0.8913	0.00957836693494488	-0.005928883469024737	-0.012306316555812017	0.97966874	51.09050751	0.96683561	0.09645855286053452	0.0433703	0.0004
-0.148	-0.3611	0.8903	0.009559168313172942	-0.005989969992844539	-0.012161454227896489	0.98525679	51.38192749	0.97680926	0.06675737367536347	0.0422406	0.00028
-0.1457	-0.2436	0.9025	0.008951793733478916	-0.006126105674500097	-0.011999138607461015	1.02362275	53.38274384	1.00116113	0.17729129408925284	0.0417279	0.00032
-0.1437	-0.3328	0.9131	0.009075712110370514	-0.0060405845411523745	-0.012006119924468994	0.94203418	49.12783432	0.95413752	0.112621041362365	0.0442424	0.00039
-0.134	-0.4347	0.96	0.009105382707654418	-0.006192428186075881	-0.011856021608797479	0.98322278	51.2758522	0.98374618	0.17508062789394616	0.0495815	0.00051
-0.1408	-0.3961	0.9485	0.009393362034233481	-0.006077236455444256	-0.011958996034665145	1.02018201	53.20330811	0.99147203	0.08220727415391765	0.0484555	0.00058
-0.1416	-0.4084	0.9486	0.009318312876397726	-0.0061453042962720346	-0.012072442436044778	0.95208675	49.65208435	0.94775262	0.026028170002158287	0.0483226	0.00044
-0.1429	-0.3503	0.9619	0.009060004147102564	-0.006075491126192261	-0.012042771838760872	0.97098505	50.63764572	0.960849	0.09058962483294197	0.0488719	0.00055
-0.1271	-0.3096	0.9991	0.008829620685839314	-0.00603883921190038	-0.012079423753052756	0.93344474	48.67988968	0.94414431	0.10888436449235082	0.0507651	0.00066
-0.1198	-0.3092	1.0165	0.00894132175796695	-0.006087708430956222	-0.012252211349000194	0.89942616	46.90579224	0.92166809	0.04176789435654576	0.0523911	0.00075
-0.1227	-0.3666	1.0368	0.00888023523414715	-0.006150540284028017	-0.012508774749043359	0.94162768	49.10663605	0.9494099	0.09962408884673798	0.0548422	0.00098
-0.1295	-0.3564	1.0216	0.00911410935391439	-0.006070255138436278	-0.012618730491919002	0.93184561	48.59649277	0.9400782	0.05340575041173094	0.0530112	0.0008
-0.1303	-0.363	1.0157	0.00890466984367507	-0.00631285590446349	-0.012749630185818579	0.96637857	50.39741516	0.9548642	0.04244699850830545	0.0527836	0.00071
-0.1326	-0.32	1.0284	0.00882089403957934	-0.00641757565958315	-0.012891001855230119	0.95771813	49.94576645	0.95761198	0.07449336143134631	0.0530822	0.00064
-0.135	-0.3157	1.0309	0.008635889138867942	-0.006473426195646968	-0.012990485622593795	0.93096638	48.55064011	0.93813026	0.026216960206944664	0.0528231	0.00059
-0.1357	-0.3617	1.0286	0.008616690517096005	-0.006483898171158934	-0.013187707828069155	0.92181063	48.07316208	0.93634952	0.06034464013796314	0.0532939	0.00064
-0.1368	-0.3603	1.0155	0.008543386688512244	-0.006562437987498679	-0.013627530799571725	0.93652213	48.84037781	0.94427638	0.04518333082130373	0.0526771	0.00066
-0.1454	-0.3701	1.0057	0.008356636458548849	-0.006670648401122327	-0.01402895652753042	0.94998115	49.54227448	0.94735132	0.06301931857728689	0.0520819	0.00064
-0.1294	-0.3417	1.0613	0.008206538142877338	-0.006901031862385578	-0.013997540600994523	0.95776254	49.94808197	0.96362446	0.12059488517353288	0.0554664	0.00093
-0.132	-0.236	1.0669	0.008412486994612669	-0.0069202304841575165	-0.01417032819694196	0.96474719	50.31233597	0.97068578	0.13379675347273545	0.054619	0.00084
-0.1359	-0.2811	1.0458	0.008023278571417934	-0.007112216701876892	-0.01392772743091475	0.91317236	47.62266922	0.93630255	0.11128977034706596	0.0524491	0.0008
-0.1265	-0.3937	1.032	0.008065166473465796	-0.006796312107265919	-0.013463469849884255	0.9493978	49.51185226	0.96084718	0.17690250388446646	0.0524558	0.00081
-0.1291	-0.5426	1.0275	0.008777260808279484	-0.006538003377970758	-0.013580406909767877	1.02674162	53.54539871	1.01901823	0.21036700619962345	0.0566801	0.00121
-0.1337	-0.5597	1.0331	0.009353219461437613	-0.006508332780686855	-0.013836970309811044	0.98132706	51.17699051	0.99386071	0.0704096325242598	0.0590286	0.00203
-0.097	-0.4178	1.1173	0.005918411493512772	-0.00641757565958315	-0.013079497414445505	1.132846	59.07882309	1.12708666	0.4769518992197044	0.0591674	0.00259
-0.0796	-0.299	1.1985	0.006330309196983434	-0.006942919764433443	-0.013468705837640243	1.15642929	60.30871201	1.10430747	0.28372251157578454	0.0643364	0.00348
-0.1028	-0.2319	1.1147	0.007293730944084303	-0.007086036763096978	-0.013411109972324427	1.03715336	54.08837509	1.03648769	0.23230673055401083	0.0570424	0.00166
-0.1025	-0.2685	1.1019	0.006810274741281873	-0.007166321908688717	-0.013297663570944798	0.9226231	48.11553192	0.94528302	0.0835593874886898	0.0563932	0.00147
-0.1053	-0.3854	1.0899	0.007251843042036439	-0.007038912873293131	-0.013306390217204766	0.94348729	49.2036171	0.95724568	0.16058519912050595	0.0567873	0.0015
-0.1107	-0.4987	1.0843	0.0076166168557032544	-0.007030186227033159	-0.013432053923348359	0.9308399	48.54404449	0.94987613	0.14925820830351905	0.0592203	0.00204
-0.116	-0.4837	1.0739	0.007707373976806959	-0.007051130178057092	-0.013370967399528559	0.94253385	49.15389252	0.94604904	0.039339379797371815	0.0581281	0.00171
-0.1146	-0.4322	1.0752	0.007689920684287015	-0.007010987605261222	-0.01328719159543283	1.06799817	55.69696045	1.00086862	0.06126858347057702	0.0571355	0.00143
-0.1103	-0.322	1.0929	0.007394960040699974	-0.006904522520889568	-0.013171999864801205	1.02137887	53.26572418	0.99427791	0.15803087292951604	0.0560316	0.00124
-0.1086	-0.3616	1.097	0.007360053455660089	-0.006829473363053811	-0.013240067705628985	0.91703123	47.82390976	0.93782141	0.054301179185171085	0.0573645	0.00153
-0.1172	-0.4575	1.0976	0.0075502943441274695	-0.007045894190301109	-0.013571680263507906	0.95656705	49.88573456	0.96233384	0.1420137136796799	0.0593353	0.00166
-0.1225	-0.4169	1.0777	0.007829547024446562	-0.007220427115500541	-0.013735741213195376	0.96805942	50.48507309	0.95808507	0.09669232776029958	0.0577222	0.00144
-0.12	-0.3859	1.0756	0.007812093731926618	-0.007276277651564359	-0.0137270145669354	1.04970574	54.7429924	0.99530803	0.03970152374218702	0.0577285	0.00137
-0.1179	-0.3499	1.0884	0.007637560806727187	-0.007216936456996553	-0.013664182713863606	1.0241344	53.40942764	0.98293815	0.06573529864195181	0.0571749	0.00124
-0.115	-0.2931	1.0834	0.007780677805390721	-0.00713141532364883	-0.013432053923348359	1.02326584	53.36413193	0.98768436	0.08773834612632525	0.0552911	0.00102
-0.1165	-0.2787	1.0625	0.007447319918259804	-0.0072623150175484055	-0.013301154229448785	0.95327336	49.71396637	0.95755684	0.06655786374650322	0.0535061	0.00093
-0.1136	-0.2985	1.0517	0.006867870606597688	-0.007485717161803679	-0.01292067245251402	0.9228999	48.12996674	0.94010489	0.09266666164260765	0.0523552	0.00082
-0.1114	-0.5058	1.0213	0.007204719152232592	-0.007375761418928036	-0.012826424672906329	1.08396602	56.5296936	1.05401606	0.2669526034059119	0.0536283	0.00105
-0.1203	-0.6507	1.0078	0.007368780101920059	-0.007326892199872195	-0.013035864183145647	1.01433206	52.89822388	1.0062586	0.18841848394913127	0.0576636	0.00167
-0.1248	-0.6106	0.9971	0.007410668003967923	-0.007342600163140145	-0.01299746693960177	0.92838216	48.41587067	0.94358029	0.060099655442984456	0.0550466	0.00132
-0.1256	-0.4885	0.9753	0.007805112414918642	-0.007202973822980598	-0.01288402053822214	1.00948417	52.64540482	0.99599471	0.1770758576244949	0.0492575	0.0007
-0.1243	-0.3174	0.9712	0.007386233394440003	-0.007227408432508519	-0.012623966479674986	1.04884923	54.69832611	1.02312387	0.21166838442768565	0.0462022	0.00044
-0.1167	-0.2679	0.9906	0.007023204910025181	-0.007250097712784445	-0.012152727581636517	0.92389041	48.18162155	0.94015117	0.11934783313646093	0.0462082	0.00051
-0.1133	-0.3645	0.9753	0.007506661112827611	-0.0071802845427046715	-0.012154472910888512	0.94449359	49.25609589	0.95528756	0.14305073510671	0.047015	0.00053
-0.1159	-0.4786	0.9717	0.007864453609486448	-0.007152359274672762	-0.012390092359907744	0.99629223	51.95743561	0.98636796	0.15136686068549893	0.0491582	0.00065
-0.1148	-0.4484	0.9751	0.008075638448977763	-0.006988298324985294	-0.012402309664671707	0.93247133	48.62912369	0.94024355	0.054073154697137193	0.0485337	0.00066
-0.1177	-0.4113	0.9712	0.008108799704765655	-0.006813765399785863	-0.012308061885064012	1.11307943	58.04798126	1.03137592	0.058997098029751005	0.0490892	0.00108
-0.1198	-0.3367	0.9723	0.007970918693858103	-0.007028440897781166	-0.012294099251048057	1.11615932	58.20859909	1.03942852	0.09612595714594065	0.0485719	0.00106
-0.1173	-0.2914	0.9844	0.0074839718325516846	-0.007073819458333017	-0.012110839679588651	1.02896976	53.66159439	1.00256966	0.09567924966588377	0.0487506	0.00071
-0.1197	-0.4139	0.9972	0.007463027881527753	-0.007061602153569058	-0.012304571226560023	0.99880201	52.08832169	0.98869517	0.14904464013796304	0.0523732	0.00086
-0.1199	-0.4803	1.0007	0.0077876591223986985	-0.006991788983489284	-0.01236740307963182	0.95128936	49.61050034	0.95772511	0.09296381320112576	0.053903	0.00108
-0.1213	-0.4539	0.999	0.00802153324216594	-0.0069202304841575165	-0.01232376984833196	0.92648119	48.31673431	0.93966623	0.046953292519943235	0.0526553	0.001
-0.1204	-0.3904	1.0034	0.007792895110154682	-0.00696211838620538	-0.01226268332451216	0.92443454	48.20999908	0.93036219	0.08538062789394614	0.0514342	0.00077
-0.1194	-0.2994	1.0176	0.007283258968572337	-0.006949901081441421	-0.012096877045572699	0.92502564	48.24082565	0.94296595	0.14058298626428825	0.0509891	0.00088
-0.1165	-0.3828	1.0364	0.007330382858376183	-0.006934193118173471	-0.01227140997077213	0.92488921	48.23371124	0.94240015	0.11696823891356124	0.0546916	0.00123
-0.1145	-0.4465	1.0492	0.007646287452987157	-0.006843435997069766	-0.012411036310931675	0.94361359	49.21020126	0.95036167	0.10581440279371114	0.0575904	0.00173
-0.1149	-0.4063	1.0649	0.007656759428499123	-0.006881833240613641	-0.012538445346327264	0.98914856	51.58488846	0.97638201	0.0651139127225716	0.0583603	0.00179
-0.123	-0.3527	1.0932	0.007344345492392139	-0.007089527421600967	-0.012712978271526697	1.04463065	54.47832489	1.00219524	0.12473205211468708	0.0599967	0.00221
-0.1238	-0.3393	1.1084	0.007496189137315645	-0.0068923052161256075	-0.012768828807590515	0.98821431	51.53616714	0.96966061	0.04964581932313431	0.0607167	0.00213
-0.1165	-0.3139	1.1287	0.007593927575427327	-0.006862634618841703	-0.012737412881054618	0.97532481	50.8639679	0.9599171	0.06094124809657408	0.0628111	0.0025
-0.1161	-0.2941	1.1262	0.0074019413577079505	-0.006771877497737999	-0.012623966479674986	0.95888478	50.00660706	0.95211578	0.042509487010135606	0.062333	0.00255
-0.1144	-0.3721	1.1243	0.007435102613495844	-0.006731734924942128	-0.012486085468767434	0.91533315	47.73535538	0.93529609	0.0921592419745659	0.062534	0.00229
-0.1156	-0.4527	1.1448	0.007400196028455957	-0.006921975813409511	-0.012489576127271423	0.92456704	48.21691132	0.94480658	0.11373190660056295	0.0653973	0.00271
-0.1259	-0.416	1.1379	0.007293730944084303	-0.006976081020221335	-0.01266236372321886	0.98489636	51.36313248	0.96684845	0.07056789435654587	0.0629138	0.0022
-0.1294	-0.4312	1.1212	0.007278022980816354	-0.00696211838620538	-0.012761847490582536	0.94874954	49.47804642	0.94884925	0.04185771823237904	0.061123	0.00182
-0.1301	-0.3978	1.1091	0.0074124133332199174	-0.006754424205218055	-0.01281944335589835	0.93667847	48.84852982	0.94225124	0.06618401993533517	0.0588797	0.00145
-0.1314	-0.3334	1.1535	0.007072074129081023	-0.006742206900454094	-0.013055062804917585	0.95082986	49.58653641	0.9577574	0.13950879789610454	0.0610485	0.00165
-0.1299	-0.2973	1.181	0.006843435997069766	-0.006763150851478027	-0.013039354841649635	0.92113936	48.0381546	0.94185372	0.07836450231515704	0.0623338	0.0019
-0.1309	-0.3887	1.1644	0.007197737835224614	-0.006702064327658226	-0.013107422682477414	0.93454057	48.73703766	0.94852606	0.1331728101401213	0.0624154	0.00189
-0.1324	-0.3898	1.1389	0.007354817467904104	-0.006796312107265919	-0.013473941825396225	0.88895553	46.35974121	0.9168294	0.058992327760299765	0.0606763	0.00176
-0.1291	-0.3773	1.1149	0.007253588371288434	-0.007059856824317063	-0.013711306603667452	1.04550159	54.52374268	1.00646195	0.06990692959690205	0.0590508	0.00154
-0.1283	-0.3045	1.1357	0.006871361265101675	-0.0070528755073090855	-0.013524556373704059	1.07997549	56.32158661	1.0087461	0.12319793265790643	0.0588917	0.00146
-0.128	-0.2872	1.1285	0.00649786080517489	-0.007038912873293131	-0.01329068225393682	0.93677706	48.85367203	0.94317922	0.05586686068549884	0.0577558	0.00138
-0.1252	-0.3931	1.1237	0.006754424205218055	-0.006813765399785863	-0.013217378425353057	0.94825131	49.45206451	0.95731381	0.14125073510670996	0.0590286	0.00155
-0.1032	-0.5275	1.1508	0.006349507818755371	-0.005972516700324595	-0.012407545652427689	1.0129354	52.82538986	1.01616101	0.2862998929424661	0.0626695	0.00259
-0.094	-0.448	1.1632	0.005478588522010201	-0.005412266010434416	-0.01203229986324891	0.9560045	49.85639954	0.97580178	0.1914207887907063	0.0605742	0.00231
-0.0994	-0.4238	1.1517	0.005633922825437696	-0.0060405845411523745	-0.01267109036947883	0.98341924	51.28609848	0.9770441	0.11222216701876876	0.0602576	0.00243
-0.1011	-0.3388	1.168	0.005642649471697667	-0.005956808737056647	-0.012461650859239512	1.06449533	55.51427841	1.02025372	0.11809709802975082	0.0604192	0.00242
-0.0574	-0.3033	1.2608	0.00654673002423073	-0.0057648225193372695	-0.011941542742145204	1.1074667	57.75527573	1.06610075	0.2528087443673374	0.0676929	0.00469
-0.0373	-0.2731	1.3016	0.008684758357923783	-0.005386086071654501	-0.011845549633285515	1.04354978	54.42195511	1.03764639	0.22173789451177572	0.0728008	0.00698
-0.0435	-0.4295	1.2883	0.009309586230137754	-0.005166174585903216	-0.011985175973445061	1.1192354	58.36902237	1.06210843	0.22511828490624017	0.0739828	0.00664
-0.0493	-0.4054	1.299	0.009201375816514106	-0.005412266010434416	-0.012383111042899768	1.01520574	52.94379044	0.98354761	0.0782118453804777	0.0748268	0.00701
-0.0521	-0.3883	1.5085	0.007398450699203962	-0.004171336912266447	-0.0126501464184549	1.22499156	63.88428879	1.20379819	0.39494447955166234	0.0919362	0.01914
-0.0763	-0.3475	1.3973	0.008150687606813518	-0.005059709501531561	-0.012611749174911025	1.24133098	64.73640442	1.18851029	0.2601503370209272	0.0815244	0.01103
-0.0871	-0.3814	1.3811	0.006551966011986713	-0.005290092962794812	-0.012276645958528114	1.04437745	54.46511841	1.03251641	0.16911041362364843	0.0782557	0.00821
-0.0891	-0.4282	1.3571	0.006592108584782582	-0.005314527572322734	-0.011925834778877254	0.93778276	48.9061203	0.95255352	0.09356941809873251	0.0773215	0.00808
-0.1066	-0.6594	1.3099	0.006628760499074463	-0.005976007358828583	-0.012239994044236233	1.15934598	60.46081924	1.11101679	0.34651454830783535	0.0802255	0.00983
-0.1166	-0.6951	1.3153	0.006052801845916334	-0.006346017160251381	-0.012269664641520135	0.96813744	50.48913956	0.9800101	0.09988195259324134	0.0812399	0.0112
-0.1272	-0.5995	1.2754	0.0059306287982767315	-0.006209881478595825	-0.01220683278844834	1.00508118	52.41578674	1.00391857	0.1621570291183475	0.0751777	0.00812
-0.1295	-0.4376	1.2113	0.0053546701451186035	-0.0065275314024587925	-0.011990411961201045	1.20647764	62.91876984	1.13829275	0.28380147021341967	0.0652567	0.00445
-0.1255	-0.3022	1.1995	0.004824090052512327	-0.0066217791820664855	-0.011716395268637934	1.03293705	53.86849213	1.02367099	0.19614222823885405	0.0625169	0.00383
-0.123	-0.3506	1.1853	0.00485376064979623	-0.006558947328994691	-0.011671016708086082	0.91836619	47.8935318	0.94120543	0.07199405054537751	0.061985	0.00365
-0.121	-0.4824	1.1792	0.005113814708343385	-0.006379178416039275	-0.011704177963873973	0.97306329	50.7460289	0.98235408	0.16354921136452305	0.0644044	0.00378
-0.1246	-0.4694	1.1784	0.005407030022678433	-0.0061453042962720346	-0.011836822987025543	1.02664542	53.54037857	0.99345396	0.05038672286269306	0.0646387	0.00366
-0.1162	-0.4093	1.1726	0.005433209961458348	-0.006133086991508073	-0.011747811195173832	1.11047924	57.91238022	1.04177809	0.08067045176977916	0.0640033	0.00378
-0.1155	-0.3376	1.1577	0.0056758107274855595	-0.006108652381980153	-0.011548843660446477	1.16307735	60.65541458	1.08184122	0.11060014551412443	0.0624016	0.00384
-0.1133	-0.3572	1.1746	0.005071926806295522	-0.00629714794119554	-0.011419689295798898	1.00785446	52.56041336	0.99789123	0.08477669225265033	0.0632474	0.00376
-0.1154	-0.4858	1.1837	0.005199335841691108	-0.006368706440527309	-0.011622147489030243	1.02328587	53.36517715	1.01435007	0.15987128639793485	0.0666164	0.00415
-0.1157	-0.6318	1.1915	0.0052778756580308525	-0.006319837221471467	-0.011674507366590071	1.01547348	52.95775604	1.01463264	0.16308844564777084	0.0708687	0.00521
-0.1146	-0.5966	1.1949	0.005061454830783556	-0.00623257075887175	-0.011575023599226393	0.92103845	48.03289032	0.93830266	0.05985855286053472	0.0700205	0.00457
-0.1138	-0.4794	1.1932	0.004838052686528281	-0.006265732014659643	-0.011281808284891344	1.01362133	52.86116028	0.99160666	0.14718893571891087	0.0672292	0.0041
-0.1084	-0.3364	1.2081	0.004024729255098924	-0.006351253148007365	-0.010732029570513132	1.01720381	53.04798889	1.00626372	0.23573116395776447	0.0653513	0.0039
-0.1084	-0.3348	1.2212	0.003316125578789226	-0.006431538293599104	-0.010522590060273812	0.90873951	47.39149094	0.93341531	0.06461641660703793	0.0667623	0.00488
-0.1114	-0.4407	1.2208	0.0035482543693044722	-0.006276203990171609	-0.010609856522873528	0.93676049	48.85280609	0.95273109	0.13303647782712283	0.0692765	0.00557
-0.1167	-0.4663	1.213	0.004084070449666731	-0.006080727113948244	-0.010595893888857573	0.9171645	47.83086014	0.93729798	0.075962779530079	0.0693462	0.00583
-0.1207	-0.4196	1.215	0.003979350694547071	-0.0060964350772161925	-0.01059414855960558	0.90606129	47.25181961	0.92892703	0.05880865238198009	0.0686285	0.0057
-0.121	-0.3458	1.2156	0.0037297686115118824	-0.006143558967020039	-0.010388199707870248	0.90766811	47.33561707	0.93132865	0.09983274122871827	0.0673432	0.00545
-0.0965	-0.3409	1.2252	0.002537708732399755	-0.005693264020005502	-0.00851022543272435	1.0028373	52.29876709	1.013936	0.21501645506362815	0.0669308	0.00655
-0.107	-0.5333	1.257	-0.0024312436480281013	-0.0010925761117484504	0.002441715623540067	2.20272923	114.8740921	2.09282893	1.260779067247466	0.0821553	0.03196
-0.1626	-0.6427	1.2107	-0.0043877577395137445	-0.00041538836197465044	0.0032445670794574587	1.20017612	62.59014511	1.17690911	0.3831276648588416	0.0848831	0.03625
-0.172	-0.6142	1.1754	-0.004717624968140673	-0.001085594794740473	0.0019442967867216831	0.93639874	48.83394241	0.96488005	0.18821719770642648	0.0794072	0.02947
-0.1729	-0.5135	1.1655	-0.005319763560078716	-0.001324704902263696	0.0017819811662862105	0.94061863	49.0540123	0.95909412	0.16167821599483695	0.0746652	0.02566
-0.1648	-0.423	1.1435	-0.005731661263549379	-0.001553343034274953	0.0017191493132144146	0.94082355	49.06470108	0.96007083	0.1557683844276858	0.0704291	0.0223
-0.169	-0.498	1.1211	-0.005824163713905078	-0.0018325957145940458	0.0014765485471872027	0.9299466	48.49745941	0.94695012	0.13231779483510014	0.0706583	0.02218
-0.1797	-0.5786	1.121	-0.0059131755057567886	-0.0018814649336498872	0.001218239817892042	0.92893589	48.44474792	0.94683358	0.11120948701013564	0.0722353	0.02392
-0.183	-0.5079	1.1217	-0.00597775268808058	-0.0017575465567582897	0.0009529497715889039	0.8923834	46.53850555	0.92164347	0.09738928027592623	0.0700659	0.02164
-0.1828	-0.4137	1.1211	-0.005892231554732856	-0.0017191493132144146	0.000783652834145454	0.93567848	48.79637909	0.95425819	0.10966076571675236	0.0668244	0.01947
-0.179	-0.3423	1.1212	-0.00649786080517489	-0.0018867009214058703	0.0007400196028455958	0.9407413	49.06040955	0.96018454	0.11614070449666736	0.0652453	0.01861
-0.1823	-0.4286	1.0983	-0.006639232474586429	-0.0020996310901491783	0.0004991641660703782	0.9691965	50.54437256	0.97207543	0.14225786374650315	0.0663236	0.01838
-0.1833	-0.6323	1.0888	-0.006342526501747393	-0.0020717058221172693	0.00039095375244672985	1.07419682	56.02022171	1.05558709	0.23584208272472973	0.0704412	0.02265
-0.1826	-0.5945	1.0851	-0.005836381018669037	-0.0018291050560900572	0.000307177948351002	0.92049259	48.00442505	0.94006904	0.08382610266006477	0.068559	0.02161
-0.185	-0.4942	1.0975	-0.006049311187412347	-0.0019285888234537342	0.00023387411976724014	0.9513607	49.61421967	0.96037572	0.13438588823453743	0.0652338	0.01935
-0.1863	-0.3769	1.0868	-0.006386159733047251	-0.0023457225146803788	0.00010821041362364843	0.99529862	51.90561676	1.00211142	0.1732822971502569	0.0619132	0.0168
-0.1821	-0.4198	1.0815	-0.006867870606597688	-0.002452187599052033	0.00012740903539558605	0.94923997	49.50362396	0.96333084	0.08276872898470147	0.0632132	0.01708
-0.1886	-0.5397	1.0749	-0.00649786080517489	-0.002513274122871834	-0.00015533430342749534	0.98334557	51.28225708	0.98869957	0.1686919832032839	0.0645217	0.01855
-0.193	-0.5111	1.0866	-0.006438519610607082	-0.0024713862208239705	-0.0002617993877991494	0.91676289	47.80991745	0.93602577	0.0550847090493663	0.0642573	0.01832
-0.1975	-0.4176	1.0961	-0.006574655292262638	-0.002579596634447619	-0.0003822271061867582	0.9543758	49.77146149	0.96662124	0.12573869068334073	0.0625681	0.01654
-0.1899	-0.3488	1.099	-0.006839945338565778	-0.0025761059759436306	-0.0003787364476827695	0.94911659	49.49718857	0.96062619	0.09291356816555578	0.061536	0.0162
-0.1951	-0.547	1.0913	-0.006492624817418905	-0.0023771384412162766	-0.0007086036763096977	1.08867931	56.77549744	1.06083323	0.25490776422505784	0.0650158	0.01833
-0.2087	-0.5966	1.1099	-0.0064053583548191895	-0.0024120450262561633	-0.0014311699866353504	0.93823195	48.92954636	0.95279236	0.12403696789826288	0.0669805	0.01903
-0.2144	-0.5185	1.1158	-0.006440264939859076	-0.0026110125609835172	-0.0017034413499464657	0.92158449	48.06136703	0.93923871	0.11500727415391764	0.0645543	0.01725
-0.2206	-0.4856	1.1099	-0.006396631708559217	-0.0022706733568446224	-0.002015855286053451	0.89964855	46.91738892	0.92561872	0.07981931857728672	0.0633679	0.01612
-0.2435	-0.4126	1.1324	-0.007038912873293131	-0.002537708732399755	-0.0032306044454415038	0.964742	50.31206512	0.9771263	0.22460328498385487	0.0627766	0.0152
-0.2542	-0.288	1.1729	-0.007031931556285153	-0.003038618227722128	-0.004834562028024293	1.02151227	53.27267838	1.02813715	0.281392419745657	0.0623236	0.01371
-0.2399	-0.2757	1.1777	-0.006586872597026601	-0.002808234766458876	-0.0046914450293607576	0.88692337	46.25376129	0.9194281	0.07232797095926685	0.0613398	0.01316
-0.2593	-0.3716	1.177	-0.007340854833888149	-0.0027454029133870805	-0.004801400772236401	0.94032925	49.03892136	0.95587516	0.16233849164044922	0.0645128	0.01512
-0.2708	-0.4161	1.1665	-0.00732863752912419	-0.002659881780039358	-0.004948008429403923	0.88543099	46.17593384	0.91797905	0.07871730476396019	0.0651239	0.01541
-0.2731	-0.4099	1.1172	-0.007333873516880173	-0.003113667385557884	-0.005619960191421741	0.89714181	46.78666306	0.93065838	0.11434866776461648	0.0618798	0.01324
-0.2437	-0.3962	1.1626	-0.0072902402855803145	-0.0027523842303950577	-0.004965461721923867	0.92035854	47.99743271	0.94463879	0.141470742798028	0.0632946	0.0145
-0.2202	-0.3341	1.284	-0.0065606926582466845	-0.003110176727053895	-0.005031784233499652	1.00693274	52.51234436	1.00560068	0.26468313177841246	0.0684886	0.01754
-0.2318	-0.3096	1.3002	-0.004778711491960474	-0.003295181627765294	-0.0059079395180008055	0.97362787	50.77547073	0.98799456	0.19445706757493816	0.0678381	0.01475
-0.235	-0.4328	1.2413	-0.004557054676957195	-0.0032794736644973454	-0.005953318078552658	0.96012253	50.07115555	0.97606712	0.19943716694115396	0.0654272	0.01383
-0.2316	-0.37	1.2653	-0.004405211032033687	-0.0033143802495372316	-0.0056985000077614855	0.93715113	48.87318039	0.95364046	0.11227841503772835	0.0661008	0.01399
-0.226	-0.2858	1.295	-0.0051399946471233	-0.0037227872945039047	-0.005298819609054784	0.9745152	50.82174683	0.99035658	0.1966435529381492	0.0672559	0.01599
-0.2157	-0.306	1.2564	-0.005351179486614613	-0.004302236606166022	-0.004532620067429273	0.9751209	50.85333252	0.98624212	0.146941684638947	0.0660355	0.01603
-0.2083	-0.4393	0.9929	-0.0045553093477052	-0.004572762640225143	-0.004904375198104066	1.30218375	67.90991974	1.25164134	0.4761075651821664	0.0535339	0.00929
-0.2179	-0.8442	0.983	-0.005152211951887261	-0.00533721685259866	-0.005396558047166466	1.4705447	76.69007874	1.37623291	0.5170769832808988	0.0689812	0.01807
-0.2273	-0.8063	1.0055	-0.004902629868852071	-0.005560618996853934	-0.005412266010434416	0.96571183	50.3626442	0.98211985	0.0942346095279207	0.0676133	0.01639
-0.2313	-0.6883	1.0116	-0.004562290664713178	-0.005391322059410484	-0.005494296485278149	0.97111869	50.64461517	0.98462159	0.15768333082130387	0.0630835	0.01318
-0.2367	-0.4777	1.0168	-0.004857251308300219	-0.005080653452555493	-0.005366887449882563	1.06950796	55.77569199	1.0541874	0.25785191429188076	0.0561253	0.00921
-0.2333	-0.2365	1.0297	-0.005729915934297383	-0.004948008429403923	-0.0049741883681838385	1.14047086	59.47646713	1.10603232	0.3274004365423731	0.053057	0.00954
