trans_x	trans_y	trans_z	rot_x	rot_y	rot_z	dvars_std	dvars_nstd	dvars_vstd	framewise_displacement	aqi	aor
0.0	-0.0	0.0	-0.0	0.0	-0.0	n/a	n/a	n/a	n/a	0.0149049	0.00031
0.0017	0.0177	0.0059	0.00011693705988362007	-1.3962634015954635e-05	3.4906585039886588e-06	0.97756046	49.34111404	0.97752792	0.03201951762017817	0.0155352	0.00014
-0.0026	0.0543	0.0146	-0.00028099800957108706	-3.665191429188092e-05	-6.9813170079773176e-06	1.01484108	51.22280502	0.99591994	0.07115481626212997	0.0161869	7e-05
-0.0027	0.0186	0.0048	-0.00021118483949131387	3.665191429188092e-05	-6.283185307179586e-05	0.9747107	49.19727707	0.97910321	0.05554837673636768	0.0152436	6e-05
0.0002	0.0005	0.0097	6.806784082777885e-05	-2.268928027592628e-05	-4.537856055185256e-05	0.94828314	47.86337662	0.96229837	0.04370235837034216	0.0151282	0.00011
-0.0034	0.0385	0.0201	-0.00019024088846738194	-5.061454830783555e-05	-4.71238898038469e-05	1.00295174	50.62270355	0.98899102	0.0663989663289532	0.0165817	9e-05
-0.0034	0.0217	0.0186	-0.00041189770347066176	-3.316125578789226e-05	-8.726646259971648e-05	0.9863776	49.78614807	0.9843222	0.03226263401595464	0.0153317	4e-05
0.0008	-0.0162	0.0194	-0.00011170107212763708	-4.886921905584123e-05	-1.0471975511965975e-05	0.97318053	49.12004089	0.98098327	0.06253495408493621	0.0145632	4e-05
-0.0004	0.0274	0.0227	-0.00019198621771937622	-2.4434609527920616e-05	-3.665191429188092e-05	0.9538638	48.14505386	0.97066401	0.054644984694978735	0.0150002	7e-05
-0.0009	0.0344	0.0216	-0.00041189770347066176	-4.18879020478639e-05	-2.792526803190927e-05	0.96832418	48.87492371	0.97112403	0.020904571226560024	0.0153998	6e-05
-0.0002	-0.0074	0.0166	-0.0001658062789394613	-9.075712110370512e-05	-3.4906585039886588e-06	0.96230215	48.57096863	0.96969774	0.06346976265574811	0.0145472	3e-05
-0.0031	0.0261	0.0212	-0.00022165681500327985	-9.773843811168246e-05	5.235987755982988e-06	0.98182482	49.55635071	0.9755891	0.04457792496658838	0.0149888	7e-05
-0.0048	0.0357	0.0208	-0.0004886921905584122	-1.0471975511965975e-05	4.886921905584123e-05	0.94605321	47.75082397	0.96270676	0.03159675347273536	0.0149891	4e-05
-0.0011	-0.0074	0.0128	-0.0001658062789394613	-4.886921905584123e-05	3.839724354387525e-05	0.96198261	48.55484009	0.96930349	0.07338775653373962	0.0153021	7e-05
-0.005	0.01	0.0177	-0.00026354471705114377	-6.283185307179586e-05	3.490658503988659e-05	1.03869617	52.42686081	1.00280322	0.03195958653158129	0.0161965	7e-05
-0.0042	0.0417	0.0166	-0.0006126105674500097	-1.5707963267948964e-05	9.948376736367679e-05	1.00786436	50.87066269	0.99632978	0.05663834612632515	0.0155321	5e-05
-0.0069	0.0038	0.0141	-0.00042236967898262774	5.759586531581287e-05	-1.3962634015954635e-05	0.95798367	48.35300064	0.96835951	0.061949555921538765	0.0148724	5e-05
-0.0064	0.0081	0.0152	-0.0001064650843716541	7.67944870877505e-05	3.4906585039886588e-06	0.99637592	50.29079819	0.9877175	0.023527825445142727	0.0164631	4e-05
-0.0108	0.0556	0.0219	-0.0004380776422505767	7.155849933176751e-05	-0.0	1.00500846	50.72651672	0.9911226	0.07561696020694471	0.0167676	7e-05
-0.0079	0.0869	0.0345	-0.0012042771838760874	0.00013962634015954637	0.00014486232791552936	0.96911925	48.91505432	0.98354457	0.09575648551844097	0.016335	6e-05
-0.0061	0.033	0.0252	-0.0012025318546240932	0.00010471975511965978	0.00015533430342749534	0.93398231	47.14156342	0.96213388	0.06735619449019234	0.015469	3e-05
-0.0047	-0.0391	0.0134	-0.0007888888219014368	8.726646259971648e-06	-1.2217304763960308e-05	0.97460777	49.19208145	0.99054625	0.11915938748869002	0.0151145	6e-05
-0.0009	-0.0078	0.0132	-0.000635299847725936	2.6179938779914945e-05	3.4906585039886588e-06	1.05778086	53.3901329	1.01979064	0.044637511498169656	0.0166052	6e-05
-0.0004	0.0559	0.0198	-0.0009302604913129776	7.155849933176751e-05	1.3962634015954635e-05	1.035689	52.27507782	1.01415058	0.088340558982543	0.018235	4e-05
-0.0025	0.042	0.014	-0.0009128071987930344	9.42477796076938e-05	-8.552113334772214e-05	1.00986075	50.97143173	0.99213752	0.028781317007977317	0.0172104	6e-05
-0.0041	0.0128	0.0132	-0.0005026548245743669	7.155849933176751e-05	-0.0001239183768915974	0.9979564	50.37057114	0.99098027	0.05516194490192345	0.0153245	4e-05
-0.0073	0.0677	0.0225	-0.0008080874436733745	0.0001361356816555577	-0.00014486232791552936	1.01242256	51.1007309	0.99524106	0.08694768762233648	0.0160217	8e-05
-0.0011	0.0609	0.0086	-0.0006963863715457374	0.00012042771838760874	-0.0001256637061435917	0.94659823	47.77833557	0.96567247	0.03423038285837618	0.0157372	2e-05
0.0017	0.0346	0.0095	-0.00046949356878647465	0.00010821041362364843	-4.363323129985824e-05	0.97057861	48.98871231	0.97377705	0.04605702911834783	0.0150481	5e-05
-0.0018	0.0706	0.0193	-0.0007888888219014368	9.075712110370512e-05	-5.235987755982989e-05	0.99712652	50.32868576	0.987155	0.06657875959474385	0.0157406	4e-05
-0.0076	0.0645	0.0125	-0.0009372418083209549	0.00017278759594743863	-0.00018675022996339323	0.97875595	49.40145493	0.97764996	0.036938690683340734	0.0156673	5e-05
-0.0017	0.0057	0.002	-0.0005532693728822024	0.00015707963267948963	-0.0001291543646475804	0.96955264	48.9369278	0.97732359	0.09806381320112573	0.0148685	6e-05
-0.0037	0.0321	0.0021	-0.00048171087355043494	0.00011344640137963142	-0.0001012290966156711	1.03130472	52.05378723	1.00276666	0.03565584993317675	0.0153221	9e-05
-0.0041	0.0563	0.0074	-0.0008237954069413235	0.0001605702911834783	-4.886921905584123e-05	1.02314281	51.64182281	0.99878234	0.05197841503772827	0.015632	4e-05
-0.0012	0.0091	-0.0005	-0.000466002910282486	0.000148352986419518	-8.901179185171081e-05	0.96920884	48.91957474	0.97749717	0.07850761871093338	0.01471	6e-05
-0.004	0.0378	0.0023	-0.00038571776469074686	8.203047484373349e-05	-0.00016929693744344995	1.000453	50.49658585	0.98393054	0.045644640137963134	0.0156612	9e-05
-0.0118	0.0614	0.0078	-0.0007731808586334879	0.00013788101090755203	-0.00023212879051524583	1.02505708	51.73844147	0.99431968	0.062207274153917774	0.0161391	2e-05
-0.0096	0.0215	0.0011	-0.0004572762640225143	0.0001012290966156711	-0.00023911010752322313	0.98192745	49.56153107	0.98544346	0.0667768912955416	0.015128	3e-05
-0.0099	0.0562	0.0041	-0.00037524578917878077	0.0001064650843716541	-0.0002251474735072685	1.01760495	51.3623085	0.99596845	0.04306145483078356	0.0162403	6e-05
-0.0134	0.0735	0.0142	-0.0008150687606813518	0.0001256637061435917	-0.0002373647782712288	1.02189291	51.57873917	0.99557797	0.05446194490192344	0.0164335	2e-05
-0.0118	0.0293	0.0062	-0.0005672320068981572	9.773843811168246e-05	-0.0002303834612632515	0.97063005	48.99131012	0.97499191	0.06793716694115406	0.0153646	1e-05
-0.0076	0.0308	0.0071	-0.00019896753472735358	8.726646259971648e-06	-0.000153588974175501	0.98692572	49.81381226	0.97912117	0.03330353755551325	0.0157356	5e-05
-0.0313	0.0675	0.0169	-0.00041189770347066176	9.250245035569947e-05	-0.0001884955592153876	1.03877974	52.43107605	1.01123693	0.08678062789394614	0.0175714	8e-05
-0.028	0.0227	0.0066	-0.00037350045992678646	0.00012740903539558605	-0.0002600540585471551	1.00095963	50.52215576	0.99695303	0.06564311639577647	0.0152858	5e-05
-0.0283	-0.0004	0.0097	-0.00011693705988362007	3.4906585039886588e-06	-0.0004014257279586958	0.97273016	49.09730911	0.97842845	0.05259267231731522	0.0154704	6e-05
-0.0306	0.0397	0.0207	-0.0003769911184307752	-2.094395102393195e-05	-0.00035081117965086024	1.01134741	51.04646683	0.99912881	0.07015516081914554	0.0158361	4e-05
-0.0353	0.0367	0.0147	-0.0005340707511102648	1.0471975511965975e-05	-0.00038397243543875244	0.98289371	49.61030197	0.97583502	0.024782840750163983	0.0155607	4e-05
-0.0346	-0.0052	0.0123	-0.000148352986419518	-3.490658503988659e-05	-0.00041189770347066176	0.96573526	48.74425125	0.97267235	0.06795107966372543	0.0150615	2e-05
-0.0327	0.0381	0.019	-0.00023911010752322313	-7.853981633974481e-05	-0.00038397243543875244	0.99462336	50.20234299	0.98632348	0.06001578102177364	0.0156934	7e-05
-0.0332	0.0485	0.0194	-0.0005619960191421741	-9.075712110370512e-05	-0.0003630284844148205	0.99247879	50.09409714	0.98572934	0.029102358370342165	0.0157399	4e-05
-0.0327	0.0058	0.0108	-0.0002443460952792061	-0.0001012290966156711	-0.0004310963252425994	0.99262887	50.10167313	0.9859894	0.07160948701013564	0.0147904	3e-05
-0.0303	0.0354	0.0132	-0.00015009831567151235	-0.00010297442586766544	-0.0003211405823669566	0.96063906	48.48702621	0.96759681	0.04469744258676654	0.0149539	4e-05
-0.0303	0.0495	0.0144	-0.0004468042885105483	-0.00015707963267948963	-0.0003351032163829112	0.99646157	50.29512405	0.98244024	0.03353869068334074	0.0155544	1e-05
-0.0308	0.0024	0.0052	-0.00027750735106709843	-0.00018675022996339323	-0.00040840704496667313	1.00394559	50.67287064	0.98981469	0.07041356816555579	0.014636	2e-05
-0.0314	0.0343	0.0129	-0.0002530727415391778	-0.00017104226669544429	-0.0003874630939427412	0.98014647	49.47163773	0.97805885	0.043254326190990074	0.014913	2e-05
-0.0326	0.0444	0.0114	-0.00042935099599060504	-0.00015009831567151235	-0.00035081117965086024	0.99343872	50.14254761	0.98099023	0.024493705988362008	0.0156375	2e-05
-0.0371	0.0064	0.0032	-0.0002495820830351891	-6.632251157578452e-05	-0.00040317105721069014	0.99647802	50.29595184	0.9867357	0.0664952297305487	0.0152047	4e-05
-0.0389	0.032	0.0139	-0.0004188790204786391	2.268928027592628e-05	-0.0003769911184307752	1.00046229	50.49705505	0.98784403	0.05232443340375378	0.0154991	4e-05
-0.0373	0.0469	0.0147	-0.0007016223593017205	1.7453292519943294e-06	-0.000296705972839036	0.97290283	49.1060257	0.97430661	0.036498621771937606	0.0164176	5e-05
-0.0345	0.0007	0.0111	-0.0005061454830783556	-3.490658503988659e-05	-0.00031415926535897925	0.98936415	49.93688965	0.98663795	0.06507910415175945	0.0148751	6e-05
-0.0367	0.0237	0.0151	-0.00037524578917878077	-3.141592653589793e-05	-0.0003106686068549907	0.99208772	50.07435989	0.97787812	0.03609405054537761	0.0150028	3e-05
-0.0346	0.0408	0.0147	-0.0007225663103256524	-5.93411945678072e-05	-0.000307177948351002	0.95649731	48.27797699	0.9661157	0.0385368223841385	0.0151428	1e-05
-0.0323	0.0053	0.007	-0.00040840704496667313	-0.00013788101090755203	-0.0003612831551628262	0.94704694	47.80098343	0.9638839	0.06784021442552741	0.0146871	3e-05
-0.0308	0.0354	0.0104	-0.0003595378259108319	-0.00020769418098732522	-0.000317649923862968	0.99031991	49.98513031	0.98528969	0.04311578102177363	0.0150733	2e-05
-0.0352	0.0449	0.013	-0.0007906341511534313	-0.00018500490071139895	-0.00039269908169872416	0.99655586	50.29988098	0.98269265	0.042941738167714086	0.0153852	3e-05
-0.0337	0.0135	0.0015	-0.0005078908123303499	-0.00011519173063162575	-0.00042760566673861073	0.97589427	49.25701523	0.97755642	0.06377315469713705	0.0145955	2e-05
-0.0321	0.0245	0.0013	-0.0003159045946109737	-0.00014486232791552936	-0.0003193952531149623	0.95679331	48.29291916	0.96531602	0.02929336143134642	0.0146577	5e-05
-0.0365	0.0547	0.0105	-0.0007976154681614085	-0.000158824961931484	-0.00041015237421866745	1.01541793	51.25191879	0.99709833	0.07312153143350472	0.0156298	5e-05
-0.037	0.0213	0.0014	-0.0006981317007977319	-0.00014311699866353502	-0.00046425758103049166	0.9887076	49.90375137	0.98051963	0.05146484687217249	0.0146775	2e-05
-0.0333	0.0196	0.0079	-0.0005044001538263612	-0.00014137166941154068	-0.00038571776469074686	0.96026689	48.46824265	0.96619403	0.02560083462815549	0.0142983	2e-05
-0.0357	0.0518	0.01	-0.0007068583470577034	-0.00011693705988362007	-0.00034033920413889426	1.02133751	51.55070496	0.99793129	0.050313568165555766	0.0155312	1e-05
-0.0391	0.0422	0.0112	-0.001059414855960558	-8.203047484373349e-05	-0.0003525565089028545	0.97650331	49.28775406	0.97521509	0.03418401993533506	0.0159394	3e-05
-0.0391	-0.0123	0.0013	-0.0007731808586334879	-5.061454830783555e-05	-0.0004433136300065597	0.99489635	50.21612167	0.9922978	0.08482035224833366	0.0149913	2e-05
-0.0326	-0.0065	0.0064	-0.0005393067388662478	-9.250245035569947e-05	-0.0003944444109507184	0.96740478	48.82851791	0.97409881	0.03363156204354727	0.0144861	5e-05
-0.0306	0.0399	0.0109	-0.0007382742735936014	-0.0001308996938995747	-0.00034557519189487725	1.0511061	53.0532341	1.01768076	0.0672116998663535	0.0154715	4e-05
-0.0287	0.0609	0.0125	-0.001117010721276371	-0.00013788101090755203	-0.000317649923862968	0.99809772	50.37770462	0.98931144	0.04518215163613281	0.0150587	2e-05
-0.0262	0.0178	0.0065	-0.000736528944341607	-9.948376736367679e-05	-0.0003473205211468716	0.9677785	48.84738159	0.97744721	0.07402748088812713	0.0139809	1e-05
-0.0257	0.0215	0.0082	-0.00062482787221397	-0.0001012290966156711	-0.0003473205211468716	0.95982575	48.44597626	0.96253379	0.011572320068981568	0.0143582	6e-05
-0.0264	0.047	0.0108	-0.0008220500776893293	-0.00013788101090755203	-0.000317649923862968	0.99293119	50.11693192	0.98337072	0.04197723585255719	0.0144594	4e-05
-0.0277	0.0439	0.002	-0.0008569566627292158	-0.0001012290966156711	-0.00033684854563490564	0.97930247	49.429039	0.97293641	0.017737856055185252	0.0141044	4e-05
-0.0237	0.0132	0.0023	-0.0007504915783575615	-7.67944870877505e-05	-0.0002670353755551324	0.95075321	47.98805237	0.96155787	0.045035643198967405	0.0136672	1e-05
-0.0268	0.041	0.0078	-0.0009599310885968812	-6.806784082777885e-05	-0.0002548180707911721	0.95047587	47.97405243	0.96467082	0.047919173063162575	0.0149474	4e-05
-0.0164	0.0396	-0.0462	0.0008726646259971648	-0.0009913470151327792	0.00039095375244672985	1.16298521	58.7001915	1.1082776	0.2358823356068474	0.0131721	7e-05
0.0473	-0.1087	-0.217	0.008702211650443726	-0.004932300466135976	0.0028518679977587343	1.93220842	97.52574921	1.71060774	1.094370736038088	0.0226623	0.00118
0.0893	-0.1459	-0.2124	0.010327113184050447	-0.006344271830999388	0.004235914094590238	1.14957345	58.02324677	1.14023803	0.3048459497650818	0.0260789	0.00126
0.0927	-0.0955	-0.1807	0.009684832019316534	-0.0054105206811824215	0.004098033083682686	0.95626748	48.2663765	0.98975739	0.1711956662729216	0.02522	0.00084
0.0892	-0.1221	-0.2401	0.009035569537574645	-0.0049183378321200205	0.0036425021489121657	1.03452611	52.21638107	1.03249082	0.1693488132787405	0.0223523	0.00042
0.08	-0.0867	-0.2401	0.007553785002631459	-0.0036896260387160127	0.002898991887562581	1.19798625	60.46682358	1.13916903	0.21730032948483893	0.0207623	0.00034
0.0915	-0.0403	-0.1001	0.004644321139556911	-0.0030072023011862297	0.0028728119487826664	1.27312648	64.25942993	1.19308552	0.3788033769692122	0.0129316	4e-05
0.0977	0.003	-0.0827	0.004368559117741807	-0.0028396506929947744	0.002967059728390361	1.05058932	53.02715302	1.02217214	0.09377807048071267	0.0136768	4e-05
0.0934	0.0196	-0.0781	0.004003785304074992	-0.0026581364507873638	0.0028710666195306722	1.03724551	52.35364151	1.00927966	0.057614058236695694	0.0130102	4e-05
0.087	-0.0128	-0.076	0.004195771521794368	-0.002541199390903744	0.00266860842629933	0.9976691	50.35607147	0.98821993	0.06646907354171692	0.0133458	1e-05
0.0815	0.0201	-0.0699	0.003935717463247213	-0.002478367537831948	0.0026092672317315226	1.00569475	50.76115417	0.99301608	0.0636113553093379	0.0123112	3e-05
0.0775	-0.0436	-0.0707	0.003916518841475275	-0.002522000769131806	0.002494075501099897	0.99648809	50.29646301	0.99304524	0.0774011791851711	0.0113671	3e-05
0.0739	-0.061	-0.0667	0.0038938295611993493	-0.0024294983187761066	0.0024068090385001802	0.98879904	49.90836716	0.98011749	0.03512290966156709	0.0110124	3e-05
0.0702	-0.0538	-0.0648	0.0034487706019407953	-0.002366666465704311	0.002309070600388498	0.96615326	48.76535034	0.96968338	0.0430814625221016	0.010493	1e-05
0.0737	-0.1095	-0.0695	0.003687880709464018	-0.002432988977280095	0.0023701571242082994	0.99565768	50.25454712	0.98852022	0.08222595714594041	0.0108618	4e-05
0.0733	-0.0815	-0.0665	0.003673918075448063	-0.0024033183799961914	0.002331759880664424	1.00588048	50.7705307	0.99045069	0.0355015237421867	0.0107458	4e-05
0.0687	-0.0372	-0.0617	0.0032096604944175725	-0.0022218041377887812	0.0022741640153486112	0.96679813	48.79789734	0.97930249	0.08886838442768567	0.0103124	2e-05
0.0711	-0.0798	-0.074	0.003733259270015871	-0.002258456052080662	0.0022444934180647076	0.98134184	49.53197479	0.98126686	0.08679606435870414	0.0117534	2e-05
0.0701	-0.0438	-0.0666	0.00364424747816416	-0.0022479840765686964	0.0022218041377887812	1.00801396	50.87821579	0.99131612	0.050508652381980136	0.0126517	5e-05
0.0666	0.0046	-0.0573	0.00314857397059777	-0.0020298179200694054	0.0022846359908605773	1.00616002	50.78463745	0.99767721	0.10003357585687384	0.011802	5e-05
0.0657	-0.0407	-0.058	0.00322885911618951	-0.0019896753472735357	0.0022479840765686964	0.95968705	48.43897629	0.97258329	0.05475398163397453	0.0123653	4e-05
0.0706	-0.0412	-0.05	0.003186971214141646	-0.001996656664281513	0.0023352505391684127	1.01386547	51.1735611	0.99423906	0.020206784082777877	0.0127261	7e-05
0.0642	-0.0021	-0.0381	0.0025865779514555962	-0.0018029251173101424	0.0023439771854283846	1.01525533	51.24371338	0.9996293	0.0975425727958696	0.0122783	6e-05
0.0618	-0.0158	-0.044	0.002319542575900464	-0.0017435839227423352	0.0022794000031045943	0.94027418	47.45913696	0.96224603	0.04154768762233648	0.0114163	2e-05
0.0623	-0.0895	-0.0431	0.0026197392072434887	-0.0018273597268380628	0.0022008601867648495	1.00070095	50.50910187	0.99761534	0.09822561258892483	0.0123173	3e-05
0.0603	-0.0792	-0.0381	0.0028099800957108703	-0.0017941984710501708	0.002183406894244906	1.00602913	50.77803421	0.98934971	0.029342771838760835	0.0118008	5e-05
0.0587	-0.0402	-0.0324	0.0023928464044842257	-0.0017051866791984597	0.0022148228207808044	0.98619783	49.77707291	0.98303281	0.0731780704807127	0.0110611	4e-05
0.0592	-0.0489	-0.0412	0.0024207716725161347	-0.001635373509118687	0.002282890661608583	0.95084655	47.99276352	0.96121008	0.026290313946973023	0.0114665	1e-05
0.061	-0.0911	-0.0428	0.0027454029133870805	-0.0017121679962064373	0.0023387411976724015	0.98762119	49.8489151	0.98373086	0.06846381320112573	0.0116069	6e-05
0.0618	-0.0385	-0.0347	0.0026075219024795284	-0.001780235837034216	0.002176425577236929	1.00557506	50.75511169	0.9896843	0.07991322360854015	0.0114777	4e-05
0.0553	-0.0218	-0.0384	0.0025446900494077327	-0.0017400932642383465	0.00200363798128949	0.99074113	50.00638962	0.98273098	0.04068810109075519	0.0121945	2e-05
0.0559	-0.0452	-0.0389	0.0026825710603152844	-0.0018046704465621369	0.0019512781037296606	0.97576094	49.2502861	0.976178	0.03724090353955857	0.0123209	3e-05
0.0561	-0.019	-0.0297	0.0024207716725161347	-0.0016947147036864942	0.0019931660057775245	0.99348187	50.1447258	0.98377889	0.0562821516361328	0.011341	2e-05
0.0564	0.0045	-0.0302	0.0020943951023931952	-0.001637118838370681	0.002038544566329377	0.9477331	47.83561707	0.96546431	0.045767549799530266	0.0103726	1e-05
0.0606	-0.0603	-0.0383	0.0024155356847601517	-0.0016947147036864942	0.002078687139125246	0.97555345	49.23981094	0.98171001	0.09804395102393193	0.00997537	2e-05
0.0615	-0.061	-0.0418	0.00266860842629933	-0.0017470745812463236	0.0020996310901491783	1.01662099	51.31264114	0.99595865	0.021418828506146972	0.00996697	2e-05
0.0572	-0.0147	-0.0425	0.0022479840765686964	-0.0015463617172669759	0.002090904443889207	1.00192463	50.57086563	0.99414384	0.08280319299849763	0.00966692	4e-05
0.0573	-0.0336	-0.0493	0.0021380283336930534	-0.001567305668290908	0.002022836603061428	0.95837826	48.37291718	0.96536038	0.03574837673636769	0.00911593	1e-05
0.0556	-0.0759	-0.0509	0.0024678955623199817	-0.0016824973989225337	0.0019250981649497454	0.97519743	49.22184372	0.9796512	0.07273986986851184	0.00945669	4e-05
0.0494	-0.0393	-0.0467	0.0024225170017681294	-0.001609193570338772	0.0018273597268380628	1.01327658	51.14383698	0.99026607	0.057821041362364815	0.00985163	1e-05
0.0489	-0.0004	-0.0464	0.0019826940302655584	-0.001514945790731078	0.0019024088846738192	0.97361159	49.14179993	0.98056396	0.07015599544730108	0.00970089	1e-05
0.0519	-0.0376	-0.0521	0.002141518992197042	-0.0015655603390389136	0.0019024088846738192	0.94361269	47.62764359	0.95987179	0.05637197551196598	0.00897282	2e-05
0.0516	-0.0355	-0.0492	0.0022724186860966175	-0.0015690509975429022	0.0019303341527057286	0.96443307	48.67852402	0.97079989	0.013415781021773671	0.00950062	2e-05
0.0464	-0.001	-0.0463	0.0019146261894377795	-0.0014905111812031574	0.0018797196043978928	0.9996838	50.45775986	0.988585	0.06694734306532094	0.00998443	4e-05
0.0487	-0.0236	-0.0571	0.0020769418098732523	-0.0014433872913993105	0.001891936909161853	0.94832391	47.86543655	0.96252229	0.046782840750164	0.00965464	2e-05
0.0525	-0.0474	-0.0556	0.0022741640153486112	-0.0015132004614790836	0.0019006635554218248	0.9286052	46.87015915	0.95279212	0.04288810109075519	0.00912482	0.0
0.0513	-0.016	-0.0562	0.0023422318561763904	-0.0014765485471872027	0.0019617500792416262	0.99004036	49.97101974	0.98004851	0.04149031394697308	0.0100957	3e-05
0.0483	0.0042	-0.0497	0.0018605209826259553	-0.0014276793281313615	0.0020280725908174107	0.97905535	49.41656494	0.97567496	0.05954513020910304	0.00977641	4e-05
0.0479	-0.0283	-0.0622	0.001858775653373961	-0.001361356816555577	0.0020263272615654165	0.96430153	48.67188644	0.96985795	0.048890658503988646	0.00965971	1e-05
0.0502	-0.0639	-0.0626	0.0022026055160168437	-0.0013927727430914749	0.0020350539078253884	0.96289784	48.60103607	0.97051951	0.05749862177193762	0.00890046	3e-05
0.051	-0.0315	-0.0637	0.002288126649364566	-0.0014189526818713899	0.002045525883337354	0.96614528	48.76494598	0.97231908	0.04040865238198015	0.0100935	4e-05
0.0493	-0.0012	-0.0548	0.0017418385934903407	-0.0013159782560037243	0.0021380283336930534	0.97826529	49.37668991	0.98319173	0.07798824660487952	0.0104437	2e-05
0.0494	-0.0283	-0.067	0.0018186330805780916	-0.0013177235852557187	0.0021048670779051613	0.95427191	48.16565323	0.96882451	0.044985053606381865	0.00908881	2e-05
0.0513	-0.0556	-0.0683	0.002181661564992912	-0.0013578661580515882	0.002092649773141201	0.98814291	49.87524796	0.97936741	0.051269418098732485	0.00916481	2e-05
0.0517	-0.0086	-0.0664	0.0021275563581810873	-0.0013945180723434693	0.0021118483949131386	0.97325504	49.12380219	0.9758585	0.05479778714378217	0.00965977	2e-05
0.0483	-0.0031	-0.0654	0.0019617500792416262	-0.0013334315485236678	0.002050761871093337	0.96580201	48.74761963	0.97032364	0.024298966328953203	0.00989735	4e-05
0.0432	-0.0441	-0.0705	0.0022794000031045943	-0.0013072516097437528	0.001837831702350029	1.03894722	52.43953323	1.0005011	0.07903800156930955	0.0101308	1e-05
0.0471	-0.0333	-0.0732	0.0023928464044842257	-0.0013683381335635543	0.0019076448724298022	1.00157416	50.55317307	0.98880845	0.02961730476396031	0.0100433	3e-05
0.0471	-0.0267	-0.0643	0.0023282692221604354	-0.0013264502315156904	0.0020298179200694054	1.00659549	50.80661774	0.98859591	0.026931906600562876	0.0106013	4e-05
0.0475	-0.0401	-0.0608	0.002356194490192345	-0.0013124875974997359	0.002061233846605303	1.00916064	50.93609238	0.98571126	0.02096519142918808	0.00999129	1e-05
0.0507	-0.019	-0.0641	0.002441715623540067	-0.001324704902263696	0.0021275563581810873	0.96777767	48.84733963	0.9690615	0.03580304748437331	0.0106947	2e-05
0.0467	-0.0023	-0.0491	0.0019268434942017398	-0.0013316862192716734	0.0021135937241651332	0.99281186	50.11090851	0.98356045	0.06249080401811294	0.0103869	1e-05
0.0446	-0.022	-0.0437	0.0014905111812031574	-0.001382300767579509	0.00204378055408536	0.96940726	48.92959213	0.9743111	0.05503800156930956	0.00959873	6e-05
0.0506	-0.0682	-0.0653	0.0018901915799098587	-0.0014887658519511632	0.0018884462506578647	0.97588408	49.25650024	0.98090663	0.10687398932529252	0.00938749	0.0
0.0531	-0.0737	-0.0636	0.0023527038316883565	-0.001462585913171248	0.0018483036778619948	0.97695893	49.31075287	0.98087772	0.036141738167714155	0.00966233	4e-05
0.0527	-0.0174	-0.0634	0.0022148228207808044	-0.0015184364492350666	0.0018605209826259553	1.05252814	53.12501144	1.02357915	0.06719744258676658	0.0107465	2e-05
0.0483	-0.0102	-0.0622	0.0018291050560900572	-0.0014154620233674013	0.0019198621771937623	1.00359917	50.65538406	0.99041282	0.040201669256310975	0.00943977	2e-05
0.0474	-0.0366	-0.0695	0.0022933626371205488	-0.0013177235852557187	0.001891936909161853	0.97448701	49.18598557	0.97675774	0.06409606435870417	0.0100062	1e-05
0.0464	0.0061	-0.0661	0.0021676989309769574	-0.0013020156219877698	0.0019303341527057286	0.95350677	48.12703323	0.96904309	0.0560884456477708	0.0102285	4e-05
0.0438	0.0199	-0.0679	0.0019216075064457567	-0.0012793263417118436	0.0019512781037296606	0.99590248	50.26690292	0.9856885	0.03268623279155293	0.0105153	2e-05
0.0418	-0.0442	-0.0787	0.0022165681500327986	-0.0013857914260834976	0.0017662732030182616	1.02574837	51.7733345	1.0016533	0.10622153143350475	0.00972122	1e-05
0.044	-0.017	-0.0706	0.002237512101056731	-0.0013020156219877698	0.0018971728969178364	0.98270369	49.60071182	0.97849634	0.04928097245096175	0.0106551	1e-05
0.0412	0.0096	-0.0683	0.0017889624832941875	-0.0013037609512397642	0.0019146261894377795	1.0355078	52.26593018	1.00653959	0.05508741197672404	0.010374	6e-05
-0.062	-0.0396	-0.0766	0.0016231562043547262	-0.000450294947014537	-0.001583013631558857	1.34216976	67.74430084	1.22840152	0.38654560520806625	0.0156397	0.00028
-0.2715	-0.0764	-0.0702	0.0016388641676226754	0.0015707963267948967	-0.008854055295367234	1.830006	92.36721039	1.60794878	0.718092045044288	0.0375328	0.00695
-0.2029	-0.0216	-0.0569	0.00018151424220741024	-0.0009494591130849152	-0.006574655292262638	1.26110244	63.65253448	1.19848339	0.4495502684199836	0.0265144	0.00142
-0.18	0.0629	-0.0375	-0.0007190756518216638	-0.0007033676885537148	-0.005927138139772744	1.06068325	53.53663254	1.04412074	0.2165099235525084	0.0259911	0.00067
-0.17	-0.008	-0.05	-0.0007627088831215222	-0.0007086036763096977	-0.005536184387326013	0.97791046	49.35877991	0.99040127	0.1153911485751286	0.0245456	0.00054
-0.178	-0.0163	-0.0425	-0.0005497787143782138	-0.0005044001538263612	-0.005712462641777441	1.0225805	51.61344147	1.00112037	0.05347059728390362	0.0251465	0.00064
-0.1812	0.0458	-0.0394	-0.0008482300164692441	-0.00038397243543875244	-0.005756095873077299	1.02963889	51.96970367	1.01661303	0.09152561258892487	0.0275611	0.00064
-0.1793	0.0318	-0.0365	-0.0012217304763960308	-0.0004258603374866164	-0.005679301385989549	1.00164747	50.55687332	0.99448912	0.043409142453120046	0.0259072	0.00053
-0.177	-0.0292	-0.044	-0.0008639379797371932	-0.0004188790204786391	-0.0056374134839416844	1.01452649	51.20692444	1.0004351	0.09113308578573395	0.02581	0.0006
-0.1752	-0.0108	-0.0373	-0.0005916666164260777	-0.0004729842272904633	-0.005609488215909776	0.97066844	48.99324799	0.97501309	0.044615091907742384	0.0240741	0.0006
-0.1754	0.0329	-0.0355	-0.0008674286382411819	-0.0004921828490624009	-0.005590289594137836	1.01871765	51.41847229	1.00097449	0.0614079632679491	0.0251996	0.00046
-0.1752	0.0199	-0.0381	-0.001165879940332212	-0.0004625122517784973	-0.005560618996853934	0.9613145	48.52111816	0.97233409	0.033689624832941786	0.0247647	0.00046
-0.1744	-0.0319	-0.0453	-0.000752236907609556	-0.0004206243497306334	-0.005564109655357922	1.01743531	51.35374832	0.99865173	0.08275107966372534	0.0248279	0.00053
-0.1706	-0.0339	-0.0467	-0.0006021385919380437	-0.00042760566673861073	-0.005461135229490257	0.99955899	50.45146179	0.9932465	0.0202027029273577	0.0247117	0.00062
-0.1742	-0.0088	-0.0391	-0.0006056292504420323	-0.0004468042885105483	-0.005434955290710342	1.0397042	52.47773743	1.00713875	0.03874346095279205	0.0251351	0.00052
-0.1713	0.0262	-0.0373	-0.0008918632477691023	-0.0003316125578789226	-0.0052726396702748686	1.00443363	50.69750214	0.99263018	0.06788706741970846	0.0242164	0.00043
-0.1696	-0.0194	-0.0475	-0.0006597344572538566	-0.0003159045946109737	-0.005242969072990966	0.99163467	50.05149078	0.98382553	0.07137536755335488	0.0244244	0.00052
-0.168	-0.0284	-0.0404	-0.00047822021504644627	-0.00037524578917878077	-0.005185373207675152	0.99294943	50.11785126	0.98711389	0.03262256510455154	0.0235192	0.00056
-0.1693	0.0041	-0.0326	-0.0005358160803622592	-0.00035081117965086024	-0.005131268000863328	0.99966216	50.45666885	0.98622065	0.04840678408277788	0.0230379	0.00039
-0.1669	0.0278	-0.03	-0.0010524335389525807	-0.00032637657012293966	-0.004979424355939822	0.94668466	47.78269577	0.96749501	0.0633447856520874	0.0230855	0.00027
-0.164	-0.0283	-0.039	-0.0009564404300928925	-0.00032463124087094524	-0.004968952380427856	0.94839525	47.86903763	0.96633346	0.07341052068118242	0.0227535	0.00036
-0.1589	-0.0639	-0.0407	-0.0005393067388662478	-0.0004537856055185257	-0.004867723283812185	0.9713046	49.02535629	0.98227457	0.07477585762449482	0.0221337	0.00041
-0.1597	-0.023	-0.0377	-0.00047123889803846896	-0.00038397243543875244	-0.004871213942316174	1.04910243	52.95210266	1.01249414	0.05176858347057707	0.0222101	0.00032
-0.1595	0.0186	-0.0377	-0.00102799892942466	-0.00037350045992678646	-0.004855505979048225	1.0226047	51.61466599	1.01068026	0.0709469985083053	0.0229851	0.00025
-0.1601	-0.012	-0.0403	-0.0011501719770642632	-0.00039095375244672985	-0.004864232625308196	0.96725744	48.82108307	0.97708323	0.04121764932097589	0.0229042	0.00029
-0.1609	-0.0493	-0.0458	-0.0006806784082777885	-0.00038048177693476387	-0.004857251308300219	0.9476555	47.83169937	0.97093236	0.06794734306532091	0.0241581	0.00043
-0.1579	-0.0218	-0.041	-0.0004799655442984406	-0.000439822971502571	-0.004848524662040247	0.9716177	49.04116058	0.97465025	0.04873903524035629	0.0217321	0.00033
-0.1615	0.0426	-0.0351	-0.0007487462491055673	-0.0003700098014227979	-0.004831071369520303	0.9763388	49.27945328	0.98348289	0.09170235837034216	0.0229543	0.00019
-0.1582	0.0466	-0.0365	-0.0011850785621041497	-0.000322885911618951	-0.004588470603493092	0.92938495	46.90951538	0.95791244	0.04500284844148202	0.0231034	0.00018
-0.1648	-0.0076	-0.0494	-0.0008866272600131194	-0.00026354471705114377	-0.00473682358991261	0.95165312	48.03347397	0.96920448	0.09900727415391777	0.02257	0.00026
-0.1648	-0.0346	-0.0501	-0.00046949356878647465	-0.00035081117965086024	-0.004815363406252355	0.97970343	49.44927597	0.97923735	0.056846998508305296	0.0222056	0.00028
-0.1684	-0.0105	-0.0455	-0.00039095375244672985	-0.000322885911618951	-0.004834562028024293	1.01354122	51.15719604	0.98787772	0.038583185307179566	0.0221299	0.00042
-0.1683	0.0227	-0.0452	-0.0007504915783575615	-0.00029845130209103034	-0.004874704600820162	1.02670789	51.82176971	1.00428094	0.05480575041173109	0.0243977	0.00029
-0.1674	-0.0383	-0.0519	-0.000486946861306418	-0.00034557519189487725	-0.004874704600820162	1.0045917	50.70548248	1.00514697	0.08413343034274953	0.0234498	0.00039
-0.1644	-0.0284	-0.0399	-0.0003595378259108319	-0.0003700098014227979	-0.00478918346747244	0.986646	49.79969406	0.98004538	0.03676823891356146	0.0225201	0.00031
-0.1659	0.0195	-0.0295	-0.000804596785169386	-0.0002617993877991494	-0.004766494187196514	0.98073745	49.50146866	0.98527933	0.08859793265790641	0.0231064	0.00027
-0.1654	-0.0138	-0.049	-0.0005846852994181004	-0.00021118483949131387	-0.00485376064979623	0.9447332	47.68420029	0.96626043	0.07118962483294186	0.0226653	0.00031
-0.1631	-0.0157	-0.0418	-0.00032637657012293966	-0.0003595378259108319	-0.0048136180770003605	0.98562509	49.74816513	0.98268143	0.03374021442552742	0.022384	0.00024
-0.1691	0.0122	-0.0334	-0.0006789330790257941	-0.0002844886680750757	-0.004825835381764321	0.9931702	50.12899399	0.98131077	0.06429114857512858	0.0230939	0.00032
-0.1702	0.0098	-0.0411	-0.0008621926504851988	-0.00020594885173533088	-0.004867723283812185	0.95920563	48.41467667	0.96986148	0.02638436449235064	0.024109	0.00031
-0.1657	-0.0381	-0.0496	-0.0004468042885105483	-0.00030368728984701333	-0.00482932604026831	0.95144492	48.02296448	0.96837959	0.0884762021815104	0.0223661	0.00044
-0.1609	-0.0303	-0.0456	-0.00020943951023931956	-0.00038048177693476387	-0.0046809730538487915	0.98825067	49.88068771	0.97946412	0.03972561258892488	0.0221799	0.00038
-0.1672	0.001	-0.0358	-0.0005689773361501514	-0.00031415926535897925	-0.004775220833456485	1.00324547	50.63753128	0.98638156	0.07340540585471551	0.0236687	0.00036
-0.1683	0.0075	-0.0397	-0.0007487462491055673	-0.0002600540585471551	-0.004763003528692525	0.95421129	48.16259384	0.9684971	0.023804571226560062	0.0228239	0.00031
-0.1648	-0.0472	-0.0479	-0.00029321531433504735	-0.00030368728984701333	-0.004794419455228423	0.94677949	47.78748322	0.97068654	0.09292900463031382	0.0222357	0.00046
-0.1642	-0.0178	-0.0462	-0.00023387411976724014	-0.0003595378259108319	-0.0047856928089684515	1.01381826	51.17118073	0.99484731	0.03789591884457985	0.0225432	0.00036
-0.1642	0.0081	-0.0332	-0.000783652834145454	-0.0003595378259108319	-0.0047193702973926666	0.97144789	49.03258896	0.97843739	0.06970506129769993	0.0224549	0.0003
-0.1648	-0.0237	-0.045	-0.0005846852994181004	-0.00033684854563490564	-0.004783947479716458	0.93718821	47.30337524	0.95992982	0.05851169986635354	0.0223387	0.00034
-0.1586	-0.047	-0.0496	-8.901179185171081e-05	-0.00035081117965086024	-0.0046914450293607576	0.96367955	48.64049149	0.97482803	0.06420692959690223	0.0223559	0.00033
-0.1589	-0.0068	-0.0434	-0.0003211405823669566	-0.0003700098014227979	-0.0046198865300289904	0.98384106	49.6581192	0.98249453	0.06284429558094755	0.0219424	0.0003
-0.1597	0.022	-0.0369	-0.0008674286382411819	-0.00030368728984701333	-0.004584979944989103	0.95026559	47.96343994	0.9696964	0.06847585762449485	0.0224565	0.00024
-0.1605	-0.0249	-0.0463	-0.000804596785169386	-0.00028623399732707005	-0.004584979944989103	0.93604934	47.24589157	0.96432593	0.06111425727958695	0.0222956	0.0003
-0.1587	-0.0493	-0.0475	-0.00039269908169872416	-0.00035081117965086024	-0.0045640359939651725	1.00112891	50.53070068	0.98737536	0.05227094184091911	0.0224923	0.00033
-0.1579	-0.0027	-0.0502	-0.0004799655442984406	-0.0004014257279586958	-0.004532620067429273	1.01776469	51.37037277	1.00238949	0.05856484687217255	0.0227514	0.00028
-0.1601	0.0169	-0.0394	-0.000973893722612836	-0.000317649923862968	-0.00451865743341332	0.99193048	50.06642151	0.98904272	0.06218333082130383	0.0229	0.00021
-0.16	-0.0214	-0.0486	-0.0007173303225696694	-0.00032637657012293966	-0.004550073359949217	0.96266216	48.58914185	0.97454756	0.06243529864195177	0.0219545	0.00031
-0.1621	-0.0325	-0.0445	-0.000296705972839036	-0.00034033920413889426	-0.004611159883769018	0.96741027	48.82879639	0.97150846	0.042083675378319446	0.0215306	0.00029
-0.1615	0.0025	-0.0368	-0.0006911503837897545	-0.0003298672286269283	-0.004522148091917307	1.00307298	50.62882614	0.99030607	0.06799640891571976	0.0234367	0.00025
-0.1582	-0.0188	-0.0436	-0.0005846852994181004	-0.0004014257279586958	-0.00449073216538141	0.94628805	47.76268005	0.96512436	0.04187197551196594	0.0216529	0.00025
-0.1584	-0.0463	-0.0399	-0.0003787364476827695	-0.00043458698374658803	-0.004457570909593518	0.99029505	49.98387527	0.98147257	0.04501356816555577	0.0218787	0.00031
-0.1556	-0.013	-0.035	-0.0004729842272904633	-0.000307177948351002	-0.004403465702781694	0.97431719	49.17741394	0.97852586	0.054788101090755215	0.0218533	0.00025
-0.1548	-0.0002	-0.0292	-0.0010332349171806431	-0.00018675022996339323	-0.0043877577395137445	0.97275722	49.09867477	0.97499487	0.05421931857728689	0.0237159	0.00022
-0.1489	-0.0359	-0.0398	-0.0007190756518216638	-0.00015707963267948963	-0.004251622057858187	0.9763065	49.27782059	0.98247385	0.076198277214922	0.0230213	0.00026
-0.1468	-0.0267	-0.0387	-0.0005044001538263612	-0.00017278759594743863	-0.004134684997974567	1.00381839	50.66644669	0.98757103	0.02976602605734357	0.0209564	0.00018
-0.1471	0.0242	-0.0402	-0.0007853981633974483	-0.0001291543646475804	-0.004071853144902771	0.97200394	49.06065369	0.97902293	0.07207315469713708	0.0218619	0.00011
-0.1481	-0.013	-0.0478	-0.0009023352232810684	-0.00013788101090755203	-0.004146902302738527	0.98975283	49.95650864	0.98189622	0.05583564319896741	0.0218226	0.00017
-0.1444	-0.0596	-0.0428	-0.0006475171524898963	-0.00023212879051524583	-0.004108505059194652	1.01114786	51.03639603	0.99472941	0.07467315469713706	0.0208007	0.00022
-0.1383	-0.0089	-0.0373	-0.0007190756518216638	-0.00014137166941154068	-0.0039723693775390945	0.99567246	50.2552948	0.99188744	0.0772225651045515	0.0209225	0.0001
-0.1377	-0.0008	-0.0367	-0.001001818990644745	-5.4105206811824215e-05	-0.003920009499979264	0.97893178	49.41032791	0.97690836	0.030418483949131415	0.0215796	0.0001
-0.1339	-0.0384	-0.0438	-0.0007609635538695277	-4.537856055185256e-05	-0.003886848244191372	0.97542614	49.23338699	0.9760469	0.06263716694115404	0.0220811	0.0001
-0.1306	-0.0342	-0.0421	-0.0004799655442984406	7.504915783575618e-05	-0.0038117990863556156	0.9866643	49.80061722	0.98232292	0.03302374428972261	0.0212427	0.0001
-0.1318	-0.0132	-0.0465	-0.00039793506945470715	6.108652381980153e-05	-0.0038467056713955023	0.99673641	50.30899429	0.98529231	0.033144984694978744	0.0218497	9e-05
-0.1307	-0.0087	-0.0432	-0.000661479786505851	-2.094395102393195e-05	-0.003790855135331684	0.99770856	50.35806274	0.99156275	0.02897128639793477	0.0246961	0.00014
-0.1284	-0.0253	-0.0471	-0.0004433136300065597	5.235987755982988e-06	-0.0038100537571036214	0.98800987	49.86853409	0.98253549	0.03597723585255721	0.021121	0.00013
-0.1262	-0.0235	-0.0475	-0.0003316125578789226	-3.665191429188092e-05	-0.0037768925013157294	0.97554088	49.2391777	0.97338428	0.013737511498169628	0.0216373	0.00017
-0.1239	-0.0021	-0.0306	-0.0011379546723003027	-7.853981633974481e-05	-0.0036704274169440743	1.00341749	50.64621353	0.99588812	0.08833475504204497	0.0246251	0.00011
-0.1248	0.0019	-0.0211	-0.0019285888234537342	-9.773843811168246e-05	-0.003841469683639519	0.99297339	50.11906052	0.98700367	0.06344375198104069	0.0270252	0.00014
-0.1209	-0.0146	-0.0214	-0.0015376350710070042	3.4906585039886588e-06	-0.0037646751965517687	0.96888059	48.90300751	0.97864208	0.04914886680750756	0.0213707	0.00011
-0.1232	0.0163	-0.0233	-0.0015882496193148398	2.792526803190927e-05	-0.0037594392087957856	0.98768985	49.85238266	0.98208896	0.03911425727958697	0.0217496	0.0001
-0.1243	0.0207	-0.0263	-0.001843067690106012	8.901179185171081e-05	-0.0037384952577718534	0.95528328	48.21670151	0.96884965	0.025342427281745284	0.0218216	0.00016
-0.127	-0.0383	-0.0429	-0.0014014993893514465	4.0142572795869576e-05	-0.00386590429316744	0.98859441	49.89803696	0.9905174	0.10919232776029966	0.0218369	0.0002
-0.1229	-0.0295	-0.0366	-0.0012356931104119853	6.283185307179586e-05	-0.0037681658550557575	0.97512484	49.2181778	0.97901579	0.0335116998663535	0.0215605	0.0002
-0.123	-0.0025	-0.0364	-0.001556833692778942	1.9198621771937625e-05	-0.0037472219040318253	1.00656581	50.80512238	0.99522629	0.04658588823453736	0.0220477	0.0002
-0.1203	0.0222	-0.0372	-0.00182212373908208	0.00011344640137963142	-0.0036686820876920805	0.95697546	48.30211258	0.97514022	0.050103882112528815	0.0224334	0.00017
-0.1192	-0.0278	-0.0499	-0.001609193570338772	0.00016406094968746698	-0.0037297686115118824	0.99794114	50.36980057	0.99363419	0.08003156204354726	0.0228293	0.00025
-0.1153	-0.0129	-0.0476	-0.0014695672301792255	1.5707963267948964e-05	-0.0036337755026521943	0.98912477	49.9248085	0.98976675	0.04029862177193762	0.0282299	0.00022
-0.1162	0.0195	-0.047	-0.0015289084247470327	0.0001186823891356144	-0.0036547194536761256	1.02949059	51.96222305	1.00862351	0.0430629785729702	0.0345846	0.00022
-0.1174	0.0539	-0.0415	-0.0018046704465621369	0.000158824961931484	-0.0035918876006043304	0.99221623	50.08084488	0.99645016	0.06003682238413845	0.0222946	0.00017
-0.1218	-0.043	-0.1398	0.002087413785385218	-0.00029845130209103034	-0.003384193419617005	1.4784919	74.62498474	1.36811163	0.42745273384785976	0.0230933	0.00111
-0.1268	-0.1802	-0.5697	0.016203636775515357	-0.0051173053668473745	-0.002015855286053451	2.68740606	135.64338684	2.40313997	1.5872707594225015	0.0534425	0.02985
-0.1317	-0.082	-0.344	0.0087109382967037	-0.002251474735072685	-0.0032044245066615894	1.79442453	90.57128143	1.68785522	0.9061549165597245	0.0311647	0.00713
-0.1395	-0.1122	-0.394	0.01324704902263696	-0.003190461872645634	-0.0033562681515850955	1.33072996	67.16689301	1.30482698	0.36934707542148576	0.041719	0.01628
-0.1182	-0.0382	-0.2208	0.004689699700108763	-0.0010768681484805013	-0.0030927234345339517	1.74358761	88.00535583	1.6368761	0.8152243881872236	0.0236748	0.00127
-0.0699	0.1042	-0.1231	-0.0025237460983838006	-0.00010995574287564276	-0.0024190263432641405	2.28487611	115.32620239	2.20208893	0.7311027647683616	0.0376214	0.02157
0.1308	1.2491	0.6931	-0.06815510729037856	0.004633849164044945	-0.0003298672286269283	5.99627304	302.65420532	5.84471853	5.7850162606776285	0.188941	0.26983
0.1027	1.266	0.6577	-0.06637312612409237	0.005120796025351363	-0.001329940890019679	2.50098944	126.23423767	2.44639611	0.2438500844492682	0.181124	0.25289
0.0224	0.6112	0.1182	-0.029855602184614995	0.0028012534494508993	-0.0019216075064457567	4.54489708	229.39785767	4.35571548	3.2460366565901952	0.104776	0.12181
-0.0163	0.5104	0.0381	-0.02326000294132843	0.0026302111827554544	-0.0026529004630313807	1.65610468	83.58976746	1.60639328	0.5944967233283817	0.0833398	0.0732
0.0156	0.72	0.2802	-0.04033630434284095	0.0035482543693044722	-0.002975786374650332	2.92530155	147.65084839	2.80996626	1.3994615249840248	0.129403	0.1621
-0.0059	0.6607	0.2329	-0.036833428534088324	0.003068288825006031	-0.0038362336958835358	2.38282084	120.2698288	2.26179162	0.37026443371421375	0.12182	0.14973
-0.0308	0.3687	0.0392	-0.022078415037728265	0.002453932928304027	-0.0036145768808802567	2.76622272	139.62155151	2.7057262	1.2901513104032671	0.0817261	0.07997
-0.0409	0.0645	-0.1798	-0.0007819075048934597	-0.0003717551306747922	-0.002319542575900464	3.6042645	181.92063904	3.45376974	1.8041614948396711	0.0225875	0.00175
-0.0333	0.0735	-0.1051	-0.005420992656694387	-2.96705972839036e-05	-0.0024155356847601517	1.49809718	75.6145401	1.40912804	0.34515813970257514	0.0273551	0.00066
-0.0379	0.1444	-0.096	-0.007049384848805097	0.0001884955592153876	-0.0024242623310201236	1.11757696	56.40826797	1.08545882	0.17736424974349865	0.0314344	0.00179
-0.0264	0.173	-0.0896	-0.0084334309456366	0.0003822271061867582	-0.0018186330805780916	1.05267787	53.13256836	1.040309	0.1556703447122453	0.0343679	0.00355
-0.0231	0.1214	-0.0899	-0.008415977653116658	0.0005550147021341969	-0.001932079481957723	0.97091436	49.00566101	0.98490768	0.07038436449235064	0.0334934	0.00302
-0.0202	0.1363	-0.0712	-0.00870744763819971	0.0004014257279586958	-0.0019722220547535923	0.95755196	48.33121109	0.97359146	0.06076007660272115	0.0341997	0.00313
-0.0245	0.2	-0.0639	-0.009608037532228783	0.0004974188368183839	-0.0020141099568014562	1.02179873	51.57398224	1.01673912	0.12722354524683127	0.0385148	0.00495
-0.0286	0.2043	-0.0682	-0.010229374745938765	0.0007714355293814937	-0.0020996310901491783	0.97708982	49.31735992	0.98541455	0.06174375198104067	0.0400802	0.00659
-0.0312	0.1429	-0.0719	-0.00991696080983178	0.000736528944341607	-0.0022654373690886398	1.00932229	50.9442482	1.00824441	0.09335634000431664	0.0383345	0.00496
-0.0284	0.1732	-0.0625	-0.009717993275104427	0.0005305800926062762	-0.002282890661608583	0.98395419	49.6638298	0.98941439	0.0636184839491314	0.0390636	0.00493
-0.0276	0.2113	-0.0557	-0.010403907671138198	0.0006911503837897545	-0.0022043508452688383	1.05153203	53.07473373	1.0266798	0.09195122517784969	0.040621	0.00659
-0.0232	0.1593	-0.0709	-0.009941395419359702	0.0007016223593017205	-0.002134537675189065	1.02327681	51.64858627	1.01232661	0.09873986986851174	0.0388317	0.00532
-0.0209	0.1464	-0.058	-0.00971101195809645	0.0006475171524898963	-0.00209614043164519	0.97944528	49.43624878	0.98429253	0.04424429558094757	0.0383313	0.00467
-0.0273	0.1985	-0.052	-0.010222393428930788	0.0007016223593017205	-0.002234021442552742	1.02505863	51.73852158	1.01118697	0.09966838442768576	0.0398219	0.00609
-0.038	0.204	-0.0473	-0.011116002005951886	0.0008080874436733745	-0.0025080381351158514	1.02047265	51.50704956	1.00423678	0.08460451769779302	0.0423928	0.00829
-0.042	0.1392	-0.0636	-0.010335839830310419	0.0007400196028455958	-0.00277332818141899	1.0007875	50.5134697	1.00524608	0.14077600313861924	0.0399868	0.00595
-0.0351	0.1419	-0.0584	-0.009962339370383632	0.0006562437987498679	-0.002649409804527392	1.00923085	50.93963623	0.99734196	0.04385973204570563	0.0400909	0.00529
-0.0389	0.2087	-0.0443	-0.010686651009961278	0.0007016223593017205	-0.002542944720155738	1.04826045	52.90960693	1.02522566	0.1285077642250576	0.0413576	0.00718
-0.0403	0.2205	-0.0443	-0.011262609663119408	0.0008185594191853405	-0.0025987952562195565	0.9809432	49.51185226	0.98435763	0.050637312455278416	0.0430433	0.00896
-0.0388	0.1629	-0.054	-0.010793116094332932	0.0007592182246175333	-0.0026843163895672786	0.9603219	48.47101974	0.98176462	0.09951779483510029	0.0414398	0.00718
-0.0435	0.1805	-0.0468	-0.010643017778661421	0.0007731808586334879	-0.0027244589623631483	1.03306794	52.14278412	1.00914469	0.03971017612416677	0.0410835	0.00654
-0.0475	0.2295	-0.0294	-0.011430161271310866	0.0008220500776893293	-0.0027419122548830916	1.03476429	52.22840118	1.0133798	0.11307330021126148	0.0437983	0.00926
-0.0481	0.2108	-0.043	-0.011587240903990355	0.0009093165402890458	-0.002853613327010729	0.95109868	48.00548935	0.97126545	0.050702358370342177	0.0450523	0.00947
-0.0416	0.1511	-0.0514	-0.011056660811384077	0.0007627088831215222	-0.0027838001569309555	1.01652443	51.30776978	1.00994608	0.11195004599267872	0.0421766	0.00744
-0.0411	0.1759	-0.0396	-0.010967649019532366	0.0007749261878854823	-0.002700024352835228	1.02148652	51.55822372	1.00409361	0.04635024503556992	0.0433387	0.00699
-0.0403	0.2321	-0.0278	-0.011749556524425827	0.00091106186954104	-0.0026145032194875057	0.98996234	49.96708298	1.0006875	0.118978215994837	0.045231	0.01032
-0.04	0.2015	-0.0296	-0.01220683278844834	0.0009930923443847736	-0.002565634000431664	0.97488356	49.20600128	0.97746859	0.06210879789610443	0.0468652	0.01069
-0.0376	0.136	-0.0452	-0.011644836769306166	0.0008395033702092724	-0.002642428487519415	0.9805671	49.49287033	0.99235093	0.12311897402027132	0.0439041	0.00854
-0.0384	0.1412	-0.0428	-0.011133455298471828	0.0007557275661135446	-0.0027331856086231197	1.01388919	51.17476273	0.99797418	0.04269571980168853	0.0415135	0.00731
-0.0388	0.1915	-0.0337	-0.011444123905326817	0.0008290313946973065	-0.00266860842629933	1.02445138	51.70787048	1.01291634	0.08222748088812708	0.0446038	0.00844
-0.0423	0.2146	-0.0206	-0.01236740307963182	0.0008761552845011534	-0.002659881780039358	1.03336859	52.15795898	1.01472794	0.08865648551844103	0.0469443	0.01136
-0.041	0.1813	-0.0305	-0.012079423753052756	0.0009983283321407565	-0.0026773350725593018	0.98683065	49.80901337	0.98678493	0.06588028333693052	0.0451155	0.0106
-0.0369	0.1518	-0.0335	-0.01156978761147041	0.0008604473212332044	-0.002698279023583233	0.97464973	49.19419861	0.98141385	0.07002305517569145	0.0451134	0.00885
-0.0381	0.1622	-0.0291	-0.011383037381507017	0.0007993607974134029	-0.0027680921936630064	1.03339767	52.15942383	1.00762741	0.031882496193148424	0.0448594	0.00866
-0.0409	0.2144	-0.0206	-0.011761773829189788	0.0009354964790689606	-0.002750638901143063	1.0048244	50.71722794	0.99995064	0.09011627109291356	0.0459096	0.01023
-0.0422	0.2217	-0.0199	-0.012414526969435668	0.0009197885158010115	-0.0027872908154349444	0.98745286	49.84041977	0.98596329	0.044555650890285514	0.0487291	0.01221
-0.0445	0.1893	-0.0102	-0.012856095270190231	0.0008639379797371932	-0.002712241657599188	0.97582507	49.25352097	0.98339147	0.07302339973270691	0.0478541	0.01268
-0.0302	0.1619	0.0078	-0.013484413800908188	0.00016231562043547262	-0.002008873969045473	1.02422369	51.69638062	1.02647013	0.1613654289286696	0.0485686	0.01369
-0.0544	-0.0287	-0.0761	-0.00318871654339364	-0.0033056536032772606	-0.0012426744274199627	2.17865086	109.96461487	2.05445422	1.0251933011426395	0.0165601	0.00012
-0.058	-0.0023	-0.1803	-0.0015515977050229591	-0.0026389378290154262	-0.0014940018397071458	1.12265062	56.66435242	1.10444412	0.2619581012459849	0.0165889	0.00012
-0.0359	-0.0131	-0.1371	-0.003371976114853045	-0.0020245819323134223	-0.001514945790731078	1.09564543	55.30130005	1.0756738	0.19888391287780113	0.0185968	9e-05
-0.0244	0.0418	-0.1023	-0.004239404753094226	-0.0016406094968746698	-0.0013840460968315032	1.11515558	56.28604889	1.06196449	0.17031503837897544	0.0207405	0.00015
-0.0239	0.115	-0.0905	-0.005473352534254217	-0.0012042771838760874	-0.0014451326206513049	1.07868516	54.44525528	1.05834916	0.17206833089891876	0.0231208	0.00034
-0.0264	0.1362	-0.085	-0.006384414403795257	-0.0011047934165124105	-0.001567305668290908	1.06122625	53.56403732	1.02818188	0.085835934227216	0.0280702	0.00092
-0.0216	0.0887	-0.0852	-0.005984734005088556	-0.0010088003076527223	-0.0015655603390389136	1.02451718	51.71119308	1.00690768	0.0773709418409192	0.0274342	0.00067
-0.0192	0.1138	-0.0722	-0.006373942428283292	-0.0010105456369047167	-0.001520181778487061	1.01175511	51.0670433	1.00099173	0.062316615649929165	0.027724	0.00115
-0.0212	0.1265	-0.0582	-0.0070528755073090855	-0.001059414855960558	-0.0014887658519511632	1.02337229	51.65340424	1.00560338	0.06666091123087663	0.0294667	0.00184
-0.0202	0.0596	-0.0599	-0.006944665093685436	-0.0010506882097005862	-0.0016004669240788003	1.00025713	50.48670197	0.99894373	0.08103190660056289	0.0291113	0.00124
-0.0159	0.0707	-0.0562	-0.006970845032465352	-0.0011536626355682519	-0.0015062191444711063	0.99843121	50.39453888	0.98758554	0.030270107212763776	0.0284327	0.00157
-0.0215	0.083	-0.0368	-0.007623598172711231	-0.0011606439525762293	-0.0015481070465189703	0.99051809	49.99513245	0.98769282	0.07238111796508603	0.0312496	0.00198
-0.0205	0.0866	-0.0299	-0.008147196948309529	-0.0011397000015522971	-0.0014311699866353504	0.96236765	48.57427597	0.97520983	0.044573989325292475	0.0323783	0.00243
-0.0196	0.0446	-0.0473	-0.00789761486527434	-0.0010262536001726657	-0.001450368608407288	0.94663614	47.78024673	0.96780004	0.07941135530933785	0.0312064	0.0019
-0.0192	0.0245	-0.0558	-0.007339109504636156	-0.001059414855960558	-0.0014416419621473165	1.00598979	50.77604675	0.99431929	0.05901966313430245	0.0283482	0.00134
-0.0212	0.0566	-0.0482	-0.007250097712784445	-0.001022762941668677	-0.0014922565104551516	1.01996672	51.48151779	1.00056798	0.050513912722571344	0.0286817	0.00129
-0.0198	0.1283	-0.042	-0.007819075048934596	-0.0010297442586766543	-0.001450368608407288	0.99543488	50.24330139	1.0060118	0.1101923277602996	0.0308954	0.00236
-0.0221	0.1372	-0.0409	-0.00832522053201295	-0.0009564404300928925	-0.0014433872913993105	0.97096515	49.00822449	0.97956866	0.04162153143350468	0.0329828	0.00308
-0.0224	0.0878	-0.0491	-0.007881906902006392	-0.0009599310885968812	-0.0015358897417550098	0.97184324	49.05254364	0.98430608	0.08486533694331229	0.0311098	0.00217
-0.0211	0.0923	-0.0455	-0.0075782196121593785	-0.000895353906273091	-0.0014835298641951804	1.000826	50.51541138	0.98890056	0.030431217486531666	0.0306517	0.00183
-0.0199	0.1138	-0.0427	-0.00773180858633488	-0.0008325220532012951	-0.001424188669627373	0.97925556	49.42667007	0.98212752	0.03928810109075522	0.0323111	0.00175
-0.0204	0.103	-0.0413	-0.008173376887089445	-0.000874409955249159	-0.0014573499254152652	0.99785912	50.36566162	0.98733425	0.03853087292951607	0.0341609	0.00222
-0.0189	0.0712	-0.0471	-0.007930776121062234	-0.0008569566627292158	-0.001499237827463129	0.99620485	50.28216553	0.98999896	0.0541970980297509	0.0305636	0.0019
-0.0124	0.0704	-0.0479	-0.00761487152645126	-0.0009354964790689606	-0.0014137166941154068	0.95891637	48.40007782	0.9690151	0.03209827721492203	0.0310686	0.00163
-0.0144	0.0895	-0.0358	-0.007967428035354114	-0.0009756390518648303	-0.001450368608407288	0.97511804	49.21783447	0.97754869	0.05466754979953025	0.0324986	0.00207
-0.0205	0.1144	-0.0241	-0.008616690517096005	-0.0009721483933608416	-0.0015376350710070042	0.97997743	49.46310806	0.98344684	0.07970098014227978	0.032698	0.00281
-0.0095	0.1035	0.0004	-0.009690068007072518	-0.0011362093430483087	-0.0010786134777324957	0.9745754	49.19044495	0.98801017	0.13122300164692444	0.0361533	0.00347
0.0052	0.0752	-0.0007	-0.010370746415350305	-0.001593485607070823	-0.0007086036763096977	0.95284176	48.09346771	0.98154378	0.11949822368615493	0.0347627	0.00401
-0.0047	0.0391	-0.0436	-0.009176941206986184	-0.0009581857593448868	-0.0011414453308042916	0.98236531	49.58363342	0.99772389	0.20199733552923252	0.0317829	0.00263
-0.022	0.0324	-0.0533	-0.005359906132874586	-0.0009756390518648303	-0.0012479104151759456	1.27748322	64.47933197	1.23843094	0.23074767255015985	0.0237423	0.00057
-0.0548	0.0532	-0.1573	-0.0018133970928221085	-0.000582939970166106	-0.0016964600329384882	1.4648875	73.93832397	1.33519048	0.3769878869756872	0.0226569	0.00106
-0.0312	0.0741	-0.5396	0.002848377339254746	-0.0013072516097437528	-0.001282817000215832	1.82300818	92.01400757	1.6427424	0.7167864552188579	0.0368156	0.01382
-0.0399	0.1666	-0.3715	0.0031415926535897933	-0.0021013764194011725	-0.0016842427281745281	1.44596636	72.98329926	1.42967064	0.34373829259755806	0.0274478	0.00525
0.0075	0.2426	-0.112	-0.0030490902032340936	-0.002478367537831948	-0.000921533845053006	1.74370432	88.01124573	1.60076971	0.7494191429188093	0.0220866	0.00047
0.0043	0.1851	-0.0659	-0.006274458660919614	-0.0024713862208239705	-0.0007470009198535729	1.19904315	60.5201683	1.16744781	0.2771441349946466	0.0247608	0.00073
0.0186	0.0568	-0.0658	-0.00632507320922745	-0.0023544491609403502	-0.00047123889803846896	1.00692105	50.82305145	1.01947122	0.164865681500328	0.0220896	0.00031
0.0253	-0.0198	-0.0591	-0.00597426202957659	-0.0024172810140121463	-0.00042760566673861073	1.00976515	50.96660233	1.00673193	0.11286381320112573	0.0214845	0.0002
0.022	-0.0327	-0.0516	-0.006024876577884425	-0.002336995868420407	-0.0003961897402027128	1.03008842	51.99239731	1.00568309	0.03181578102177366	0.0221146	0.0003
0.0182	0.006	-0.033	-0.007169812567192705	-0.0022200588085367874	-0.0003665191429188092	1.03583634	52.28251648	1.02363571	0.12567718232379013	0.0253386	0.00062
0.0194	0.0024	-0.0019	-0.009494591130849153	-0.0022462387473167022	-0.0006178465552059926	1.09046555	55.03985596	1.07418895	0.1660142957361773	0.0324455	0.00291
0.0197	-0.0093	0.0078	-0.00907396678111852	-0.0022078415037728267	-0.0005951572749300663	0.999897	50.46852112	0.99396179	0.04578554367752175	0.0312021	0.0025
0.0235	0.0479	0.0159	-0.00878424212528746	-0.002129301687433082	-0.00048520153205442357	0.98420399	49.67643738	0.98889464	0.09301101075232233	0.0302004	0.00244
0.0236	0.082	0.0113	-0.008752826198751562	-0.0021205750411731105	-0.0005427973973702365	0.96660316	48.78805923	0.97462289	0.04368692190558414	0.0314013	0.00242
0.0225	0.0929	0.008	-0.00859400123682008	-0.0021956241990088664	-0.0005654866776461627	0.9725095	49.08617401	0.97815877	0.028128170002158222	0.02995	0.00237
0.0214	0.1328	0.012	-0.008899433855919086	-0.0021223203704251047	-0.0004939281783143952	0.9690758	48.91286087	0.97624291	0.06751474735072678	0.0311702	0.00284
0.0241	0.1332	0.0218	-0.0093567101199416	-0.0020717058221172693	-0.0003700098014227979	0.94548875	47.72233582	0.96769204	0.044490459461097406	0.0349086	0.00336
0.0412	0.0966	0.038	-0.010723302924253159	-0.0024853488548399255	0.00021467549799530252	0.99981028	50.46414566	1.01830331	0.18814605682261573	0.0353178	0.00512
0.0422	0.0458	0.0217	-0.010791370765080938	-0.0024870941840919192	0.0002513274122871834	0.96212971	48.5622673	0.99525592	0.07342325421858267	0.035885	0.00453
0.0316	-0.0093	-0.0018	-0.00986111027376796	-0.002258456052080662	-0.0003001966313430247	0.98916191	49.92668152	1.00741655	0.17472113334772213	0.034219	0.00291
0.0284	-0.0019	0.0043	-0.009660397409788614	-0.0022759093446006054	-0.0005096361415823442	1.05113113	53.05449677	1.02091679	0.03808028333693048	0.0325689	0.0025
0.0299	0.0416	0.0021	-0.00930784090088576	-0.002176425577236929	-0.0004537856055185257	1.01075721	51.01667404	1.00302345	0.07259454061651743	0.0317092	0.00199
0.025	0.0886	0.0065	-0.009656906751284626	-0.002097885760897184	-0.000466002910282486	1.02495492	51.73328781	1.00672046	0.0782911485751286	0.0323699	0.00289
0.0232	0.0939	0.0003	-0.009466665862817244	-0.0021170843826691216	-0.0004991641660703782	0.99596715	50.2701683	0.99014083	0.025430038301360616	0.0339807	0.00273
0.0244	0.0704	0.0041	-0.0092031211457661	-0.0020525072003453313	-0.0005305800926062762	0.95590806	48.24823761	0.9740781	0.046476891295541584	0.0341271	0.00213
0.0252	0.0848	-0.0056	-0.008929104453202991	-0.0020629791758572974	-0.0005131268000863328	0.99830735	50.38828659	0.9947211	0.03999709802975095	0.0361628	0.00211
0.0223	0.0899	-0.0033	-0.00893259511170698	-0.002092649773141201	-0.0005201081170943102	1.00351107	50.65093994	0.99182517	0.012307128639793505	0.0363529	0.00225
0.023	0.1244	0.0116	-0.009545205679156989	-0.002022836603061428	-0.0004799655442984406	0.98518205	49.72580338	0.99304841	0.08622831551628256	0.0327022	0.0031
0.0229	0.1089	0.0225	-0.010320131867042472	-0.0019250981649497454	-0.00028099800957108706	0.96631163	48.77334213	0.972604	0.08008160803622598	0.0348815	0.00396
0.0261	0.0194	0.0044	-0.00978431578668021	-0.0019408061282176943	-0.0003473205211468716	0.98328483	49.63004303	0.99964469	0.14169232776029975	0.0329396	0.00298
0.0247	-0.0002	0.0109	-0.009313076888641742	-0.0019425514574696887	-0.0003892084231947355	1.00032139	50.48994446	0.99322224	0.05324360646691635	0.0309017	0.00204
0.0272	0.0209	0.0094	-0.009124581329426356	-0.0019303341527057286	-0.0003961897402027128	0.96968865	48.94379425	0.97535183	0.035484709049366174	0.0309314	0.00169
0.0252	0.0569	0.0041	-0.009480628496833197	-0.001956514091485643	-0.0004310963252425994	1.01099837	51.02884674	0.99842477	0.06415668456133215	0.0328458	0.0024
0.0235	0.0584	-0.0003	-0.009683086690064539	-0.0019373154697137059	-0.0004677482395344803	0.99529934	50.23646164	0.99034682	0.020515436464757987	0.0325955	0.00267
0.0271	0.0564	0.0008	-0.009299114254625788	-0.0019442967867216831	-0.00046949356878647465	0.95933896	48.42140579	0.97217894	0.02633495408493612	0.0311265	0.00241
0.0244	0.074	-0.0021	-0.009149015938954275	-0.00200363798128949	-0.00048171087355043494	1.00315225	50.63282776	0.99119413	0.034282840750163995	0.0315732	0.0027
0.024	0.0728	0.0006	-0.009180431865490174	-0.001956514091485643	-0.0005305800926062762	1.00211453	50.58044815	0.98808528	0.010670451769779316	0.0318934	0.00297
-0.0657	-0.0404	-0.1119	-0.0010314895879286487	-0.003371976114853045	-0.0022654373690886398	2.14574265	108.30361938	1.95262674	0.8803630788705646	0.0246641	0.00465
-0.2355	-0.2683	-0.2717	0.011175343200519692	-0.00867079572390783	-0.006295402611943547	2.77847052	140.23974609	2.51069384	1.6342808820179016	0.0465819	0.02491
-0.177	-0.2792	-0.2691	0.01007753110101526	-0.007660250087003113	-0.0044924774946334045	1.12378764	56.72174072	1.10002404	0.2675641426859646	0.037932	0.01421
-0.1609	-0.2417	-0.2516	0.009405579338997442	-0.007304202919596269	-0.0040945424251786966	0.97603589	49.26416397	0.98110832	0.14239669994396847	0.0348232	0.01055
-0.1544	-0.2279	-0.228	0.00842121364087264	-0.006887069228369624	-0.0038327430373795474	1.02508223	51.73971176	1.01081452	0.12706493885752976	0.0324865	0.00733
-0.1267	-0.2094	-0.1892	0.007194247176720626	-0.006635741816082441	-0.0028221974004748306	1.03313744	52.14628983	1.02211424	0.2094419756671957	0.0267969	0.00332
-0.0637	-0.2058	-0.0282	0.0024399702942880727	-0.005619960191421741	-0.0010088003076527223	1.38670146	69.99198151	1.30439006	0.6067727799957682	0.0158088	0.00028
-0.0495	-0.2344	0.0271	0.002450442269800039	-0.005946336761544681	-0.0005270894341022875	0.98115033	49.52230835	1.00277152	0.13902797095926703	0.0165937	0.00049
-0.0546	-0.3581	0.106	0.003220132469929538	-0.006806784082777885	-0.0003159045946109737	1.0808742	54.55574036	1.09319806	0.29976611804270087	0.0243095	0.00355
-0.0504	-0.3184	-0.0219	0.002267182698340634	-0.0057648225193372695	-0.0010629055144645468	1.16465008	58.78422546	1.15807853	0.3088956127441545	0.0202683	0.00085
-0.0691	-0.272	-0.1007	0.001609193570338772	-0.005279620987282846	-0.0017191493132144146	1.17987144	59.55250168	1.12143388	0.23387172294030767	0.0173435	0.00028
-0.045	-0.138	-0.1688	0.00046949356878647465	-0.004696681017116741	-0.0014433872913993105	1.25164306	63.17508316	1.1876602	0.32612009967667527	0.0136814	6e-05
-0.0247	-0.0936	-0.1148	6.45771823237902e-05	-0.004792674125976429	-0.0010663961729685354	1.08375835	54.70131683	1.04584324	0.16259503068765743	0.0111523	3e-05
-0.0267	-0.058	-0.0901	1.3962634015954635e-05	-0.004743804906920588	-0.0011047934165124105	1.04288423	52.63824463	1.01036786	0.0691940505453776	0.0113555	2e-05
-0.033	-0.0207	-0.087	2.6179938779914945e-05	-0.00474904089467657	-0.0012461650859239514	1.01391244	51.17593384	0.99737736	0.054641248096574176	0.0117633	2e-05
-0.0433	-0.0385	-0.0864	0.00017976891295541595	-0.004733332931408622	-0.0013334315485236678	1.02007544	51.48700333	0.99912569	0.04152817000215826	0.0129688	4e-05
-0.0458	-0.0501	-0.0844	-2.268928027592628e-05	-0.004618141200776996	-0.0013369222070276565	0.98507321	49.72031021	0.97998578	0.03215702911834785	0.0110726	4e-05
-0.0454	-0.0924	-0.0798	-0.00011519173063162575	-0.004602433237509047	-0.0012740903539558604	0.9794668	49.43733215	0.97411087	0.05585211333477223	0.0113266	1e-05
-0.0398	-0.1163	-0.0775	-0.00014660765716752367	-0.004612905213021013	-0.001048942880448592	1.01026297	50.99173355	0.98859134	0.04515176877775662	0.0115015	2e-05
-0.0398	-0.1301	-0.079	-0.0002617993877991494	-0.004598942579005058	-0.0010402162341886204	0.97507215	49.21551895	0.97629944	0.022194050545377594	0.0123971	3e-05
-0.0363	-0.1623	-0.0785	-0.00034906585039886593	-0.004633849164044945	-0.0009512044423369096	1.00594127	50.77360153	0.99169247	0.04675924197456571	0.0131391	8e-05
-0.0347	-0.1487	-0.0761	-0.0003438298626428829	-0.004642575810304917	-0.000905825881785057	1.00287485	50.61882782	0.98787888	0.020567059728390395	0.0145139	0.00012
-0.0305	-0.1295	-0.0748	-0.0003961897402027128	-0.004598942579005058	-0.0008168140899333463	0.98270452	49.60075378	0.98365004	0.033950245035569974	0.013246	9e-05
-0.024	-0.1057	-0.0674	-0.0005009094953223725	-0.004569271981721155	-0.0006911503837897545	0.97073305	48.99650955	0.97493201	0.05070270292735777	0.0136739	0.00014
-0.0225	-0.1033	-0.0643	-0.0006335545184739417	-0.0045640359939651725	-0.0006300638599699529	0.98330557	49.63109207	0.98299483	0.01694837673636765	0.015182	0.00022
-0.019	-0.0952	-0.0549	-0.0006911503837897545	-0.0046041785667610404	-0.0005445427266222308	0.97996992	49.46272659	0.98188411	0.030162978572970144	0.0144873	0.00021
-0.0186	-0.082	-0.0397	-0.0010524335389525807	-0.0045483280306972225	-0.0005305800926062762	0.95540988	48.22309113	0.96613704	0.05035481626212994	0.0152688	0.00014
-0.0195	-0.0981	-0.0319	-0.0011903145498601325	-0.004522148091917307	-0.0005393067388662478	0.95622808	48.26438904	0.96616599	0.033439379797371944	0.0173838	0.00019
-0.0189	-0.101	-0.028	-0.0013124875974997359	-0.004593706591249075	-0.0005375614096142535	0.97460908	49.1921463	0.97730264	0.01717384381116828	0.0180799	0.00021
-0.0176	-0.1001	-0.027	-0.0015376350710070042	-0.0046251225177849735	-0.0005305800926062762	0.98213303	49.57190704	0.97965391	0.01637723585255721	0.0158547	0.00023
-0.0179	-0.1186	-0.0308	-0.0016423548261266642	-0.004616395871525002	-0.0005131268000863328	0.93996561	47.44356155	0.95905744	0.029144984694978743	0.0160196	9e-05
-0.0187	-0.1309	-0.0259	-0.001583013631558857	-0.0046198865300289904	-0.0005009094953223725	0.97413188	49.1680603	0.97609818	0.021752457891787796	0.0165922	0.00029
-0.0228	-0.1474	-0.0211	-0.0016720254234105676	-0.004557054676957195	-0.0004625122517784973	0.99033147	49.98571396	0.98527319	0.034912044423369086	0.0186636	0.0004
-0.0188	-0.1385	-0.0145	-0.0018151424220741027	-0.004499458811641381	-0.0004415683007545654	0.97109932	49.01499557	0.97513272	0.03058284075016401	0.0173512	0.00019
-0.0156	-0.1093	-0.0154	-0.0020001473227855013	-0.004475024202113462	-0.0003892084231947355	0.96530855	48.72271347	0.9726336	0.04638996938995743	0.0168393	0.00022
-0.0146	-0.0819	0.0021	-0.0026563911215353696	-0.0044540802510895285	-0.0001884955592153876	0.96972704	48.94573212	0.97938083	0.08979503068765746	0.0159324	0.00012
-0.0122	-0.1224	-0.0143	-0.0026092672317315226	-0.0044156830075456534	-0.00014486232791552936	0.95901644	48.40512848	0.97318651	0.06575771823237901	0.0151765	9e-05
-0.0105	-0.1387	-0.0166	-0.0022602013813326567	-0.004429645641561609	-0.000158824961931484	0.96750212	48.83343124	0.97541137	0.03914955592153879	0.0139205	4e-05
-0.0063	-0.0986	-0.0169	-0.002139773662945048	-0.004366813788489812	-0.00014137166941154068	0.95626473	48.26623917	0.9706943	0.05463564319896743	0.0132732	4e-05
-0.0017	-0.0687	-0.0213	-0.0024853488548399255	-0.004424409653805625	-4.0142572795869576e-05	0.98052841	49.49091721	0.9818506	0.06412000769131806	0.0136157	3e-05
-0.0007	-0.1009	-0.0317	-0.002235766771804736	-0.004399975044277705	7.330382858376184e-05	0.944637	47.67934418	0.96647277	0.06297315469713702	0.0112697	2e-05
-0.0029	-0.1083	-0.032	-0.002005383310541485	-0.004417428336797647	2.268928027592628e-05	0.98000687	49.46459198	0.97588844	0.02482256510455144	0.0107025	4e-05
-0.0017	-0.0789	-0.0347	-0.00214850030920502	-0.004310963252425994	5.235987755982989e-05	0.97118938	49.01954269	0.97348347	0.047262634015954576	0.0119541	1e-05
0.0036	-0.0994	-0.0378	-0.0020193459445574393	-0.004394739056521722	0.00014486232791552936	0.96981525	48.95018387	0.97029324	0.0441716309549504	0.0102525	1e-05
0.0063	-0.0942	-0.0353	-0.002118829711921116	-0.004394739056521722	0.0002181661564992912	0.96396989	48.65514755	0.9698796	0.01903937979737192	0.0102261	2e-05
0.0037	-0.0922	-0.0405	-0.002129301687433082	-0.0043703044469938016	0.00019198621771937622	0.97641087	49.28308868	0.9714718	0.012854326190990088	0.011389	1e-05
0.005	-0.0938	-0.0384	-0.0020769418098732523	-0.004352851154473858	0.00024609142453120044	0.95259911	48.08122253	0.96440111	0.011195918844579872	0.0118256	2e-05
0.0066	-0.0704	-0.0393	-0.0023544491609403502	-0.004354596483725852	0.000317649923862968	0.96920043	48.91915131	0.97208816	0.043440558982543	0.010834	2e-05
0.0097	-0.0725	-0.0341	-0.002790781473938933	-0.004379031093253773	0.00046425758103049166	0.9747842	49.20098495	0.97581454	0.04076872898470134	0.01102	1e-05
0.0079	-0.1265	-0.0412	-0.002501056818107874	-0.004405211032033687	0.00041713369122664475	0.98968035	49.95285034	0.98413711	0.08105142422074102	0.0117026	2e-05
0.01	-0.1046	-0.0354	-0.0023404865269243957	-0.004349360495969869	0.0004677482395344803	0.97719258	49.3225441	0.97777778	0.0431517687777566	0.0102918	1e-05
0.0116	-0.0656	-0.029	-0.0026790804018112955	-0.004351105825221863	0.0005096361415823442	0.94120091	47.50591278	0.96309169	0.06611135530933786	0.0107768	4e-05
0.0137	-0.0741	-0.0302	-0.0030211649352021846	-0.0043877577395137445	0.0005811946409141118	0.96445429	48.67959595	0.97022466	0.034314747350726885	0.0124477	2e-05
0.0125	-0.1251	-0.039	-0.0025481807079117207	-0.004251622057858187	0.0005969026041820607	0.97695285	49.31044388	0.98348088	0.09224139361069848	0.0107024	6e-05
0.0109	-0.0912	-0.0432	-0.0023492131731843676	-0.0041661009245104645	0.0005410520681182421	0.99676782	50.31058121	0.98228966	0.0567169602069447	0.010806	1e-05
0.0136	-0.0699	-0.0426	-0.002438224965036078	-0.004251622057858187	0.0005654866776461627	0.95870417	48.38936615	0.96517176	0.03454837673636768	0.0113796	1e-05
0.0174	-0.0506	-0.046	-0.002886774582798621	-0.00434586983746588	0.0006859143960337716	0.99192578	50.066185	0.98522634	0.05966125578789224	0.0122728	2e-05
0.0197	-0.0921	-0.0504	-0.00249931148885588	-0.0043214352279379595	0.0008220500776893293	0.9863137	49.78292084	0.98609306	0.07560166925631098	0.0108851	0.0
0.0201	-0.0683	-0.0433	-0.002436479635784084	-0.004337143191205909	0.0008255407361933179	0.99785405	50.36540604	0.98401542	0.0354015237421867	0.009812	2e-05
0.0259	-0.0333	-0.0283	-0.0032026791774095948	-0.004248131399354198	0.0010332349171806431	0.97529292	49.22666168	0.98283984	0.10894527572322733	0.0108908	2e-05
0.0275	-0.0728	-0.039	-0.0033964107243809652	-0.004255112716362175	0.0010838494654884787	0.9517166	48.03667831	0.96792405	0.06436637061435914	0.0114279	5e-05
0.0227	-0.1344	-0.0507	-0.0027872908154349444	-0.0042882739721500675	0.0009407324668249436	0.99038398	49.98836517	0.99454689	0.11736990816987244	0.0110219	4e-05
0.0229	-0.0983	-0.0458	-0.002633701841259443	-0.004307472593922005	0.0009302604913129776	0.99784726	50.36506271	0.98581258	0.05036297857297023	0.0112157	4e-05
0.0269	-0.0396	-0.0337	-0.0033108895910332428	-0.004249876728606192	0.001048942880448592	0.99719298	50.33203888	0.99834956	0.11747330021126132	0.0116764	4e-05
0.0264	-0.0755	-0.0468	-0.003190461872645634	-0.00419228086329038	0.0010262536001726657	0.94378877	47.63653183	0.96746434	0.059535643198967376	0.011371	4e-05
0.0276	-0.0928	-0.0521	-0.0027768188399229783	-0.00426907535037813	0.0009686577348568529	0.95293915	48.09838486	0.96883159	0.05120166925631093	0.0122882	3e-05
0.0293	-0.0509	-0.0507	-0.002883283924294633	-0.004324925886441949	0.0010402162341886204	1.04351974	52.67032623	1.01363555	0.05669370598836204	0.0110617	1e-05
0.0345	-0.0267	-0.047	-0.0032480577379614467	-0.0041887902047863905	0.0011850785621041497	1.01587033	51.27475739	0.99920754	0.06538859116189506	0.0119909	1e-05
0.0364	-0.0622	-0.0535	-0.0029530970943744054	-0.004174827570770436	0.0011885692206081383	0.95042944	47.97171021	0.96524678	0.05952069680534921	0.0108486	3e-05
0.0337	-0.0571	-0.0506	-0.0030490902032340936	-0.004244640740850209	0.0011519173063162574	1.02546322	51.75894165	0.99562506	0.02082290966156712	0.0114351	3e-05
0.0327	-0.046	-0.0466	-0.003190461872645634	-0.004199262180298357	0.0011484266478122688	1.02692473	51.83271408	0.99532073	0.025612044423369094	0.0112516	1e-05
0.0348	-0.0757	-0.0523	-0.003005456971934235	-0.004159119607502487	0.0012042771838760874	0.99232399	50.08628464	0.98574744	0.051549900478554365	0.0119663	4e-05
0.0346	-0.0615	-0.0418	-0.003298672286269283	-0.004310963252425994	0.0012130038301360591	1.00889027	50.9224472	0.99247651	0.04758928027592634	0.0136778	6e-05
0.0391	-0.0369	-0.0324	-0.003710569989739945	-0.004211479485062317	0.0013857914260834976	0.99676323	50.31034851	0.98495323	0.07270845333908886	0.0136207	3e-05
0.0425	-0.082	-0.0347	-0.0037262779530078936	-0.004120722363958612	0.001481784534943186	0.96766818	48.84181213	0.97394679	0.06092290966156714	0.0122355	2e-05
0.0385	-0.1201	-0.04	-0.003235840433197487	-0.004171336912266447	0.0013177235852557187	0.96879756	48.89881897	0.97685804	0.08265565089028544	0.0129967	2e-05
0.0368	-0.1027	-0.0345	-0.00308399678827398	-0.004302236606166022	0.0012601277199399059	0.9894824	49.94285965	0.98702978	0.04161696020694474	0.0127811	2e-05
0.0364	-0.0526	-0.0267	-0.0034086280291449255	-0.004241150082346221	0.0012758356832078548	1.01596034	51.27930069	0.99501692	0.07837128639793478	0.0143077	2e-05
0.0382	-0.0481	-0.0316	-0.003576179637336381	-0.004190535534038385	0.0012723450247038664	0.96169031	48.54008865	0.97173872	0.022282840750163974	0.0130295	6e-05
0.0395	-0.0724	-0.039	-0.00322885911618951	-0.004221951460574283	0.0012042771838760874	0.94508225	47.70181656	0.96355924	0.05534021442552741	0.0143726	1e-05
0.0398	-0.051	-0.0381	-0.003262020371977402	-0.0043039819354180175	0.0012130038301360591	1.04052377	52.519104	1.00807029	0.028795918844579892	0.0120831	3e-05
0.0459	-0.0219	-0.0337	-0.0036966073557239895	-0.004180063558526419	0.0013962634015954637	1.01524782	51.24333572	0.99820411	0.07668824660487952	0.0119678	2e-05
0.0492	-0.0686	-0.0456	-0.0036320301734002	-0.004125958351714595	0.0014695672301792255	0.97016299	48.96773529	0.97687193	0.07149931088596875	0.0137328	2e-05
0.0467	-0.109	-0.0463	-0.0032829643230013338	-0.004218460802070294	0.0013753194505715315	1.00581598	50.76727295	0.99259025	0.07039080401811297	0.0123497	2e-05
0.0424	-0.072	-0.0354	-0.00324107642095347	-0.00415213829049451	0.001308996938995747	1.02387953	51.67900848	0.99717709	0.06092664625997162	0.0127941	2e-05
0.042	-0.0376	-0.0328	-0.0036547194536761256	-0.004089306437422714	0.0013631021458075715	0.96308339	48.61040115	0.97522092	0.06392900463031377	0.0140918	2e-05
0.0418	-0.089	-0.0384	-0.003497639820996636	-0.004159119607502487	0.0013543754995475996	0.98013693	49.47115707	0.97934772	0.06898097245096169	0.0128747	2e-05
0.04	-0.0856	-0.0351	-0.0032445670794574587	-0.004181808887778414	0.0013421581947836393	0.9856236	49.74808884	0.97574215	0.02289896632895321	0.0112076	5e-05
0.0421	-0.0549	-0.0263	-0.0035395277230445004	-0.004071853144902771	0.0014660765716752368	0.98098493	49.51395798	0.97665257	0.06804173816771411	0.0124825	1e-05
0.0435	-0.0754	-0.036	-0.0033946653951289706	-0.004012511950334963	0.001462585913171248	0.92928398	46.90441895	0.9540873	0.04198470904936628	0.0130725	1e-05
0.0419	-0.0861	-0.0383	-0.00324107642095347	-0.004145156973486532	0.0013962634015954637	0.99228644	50.08438873	0.98133357	0.0322278254451427	0.0122266	4e-05
0.0408	-0.0658	-0.0361	-0.0032480577379614467	-0.004178318229274424	0.0013997540600994523	1.01272917	51.11621094	0.98752576	0.025781661564992873	0.0120393	2e-05
0.0411	-0.0414	-0.0331	-0.003560471674068432	-0.004106759729942657	0.0014364059743913332	0.97264779	49.09315109	0.97474888	0.04873121748653166	0.0120522	2e-05
0.0428	-0.0673	-0.042	-0.003518583772020568	-0.004080579791162742	0.0014556045961632708	0.97459859	49.19161606	0.97036657	0.04086332312998584	0.013245	2e-05
0.0412	-0.0855	-0.0465	-0.003218387140677544	-0.004148647631990522	0.0013735741213195373	1.01003361	50.98015594	0.98987455	0.046814747350726875	0.0120338	4e-05
0.0425	-0.0794	-0.0418	-0.0031311206780778272	-0.004084070449666731	0.0014119713648634124	0.98424906	49.67871094	0.98054738	0.021612044423369114	0.0122907	1e-05
0.042	-0.0668	-0.043	-0.0032759830059933565	-0.004106759729942657	0.0014329153158873448	1.01768053	51.3661232	0.99593715	0.023724777960769376	0.0151048	4e-05
0.0423	-0.0596	-0.0315	-0.003733259270015871	-0.004080579791162742	0.0014940018397071458	1.0127331	51.11640549	0.99455546	0.04622713633111152	0.0157595	4e-05
0.0442	-0.098	-0.0338	-0.0035674529910764093	-0.003984586682303054	0.0015027284859671175	0.97905082	49.41633606	0.97834179	0.05612630170295605	0.0157198	4e-05
0.0447	-0.0987	-0.0255	-0.003412118687648914	-0.004049163864626845	0.0015393804002589986	0.96410406	48.66191864	0.96778844	0.02232817000215832	0.0149133	6e-05
0.0457	-0.0794	-0.0193	-0.0036669367584400863	-0.004101523742186674	0.0015463617172669759	0.99258274	50.09934235	0.98630373	0.04220796326794896	0.0159291	1e-05
0.0468	-0.0376	-0.0194	-0.004080579791162742	-0.004042182547618867	0.0016196655458507376	1.00002444	50.4749527	0.99135169	0.07031440279371123	0.0153718	4e-05
0.0467	-0.0687	-0.0186	-0.004209734155810323	-0.00401076662108297	0.0016318828506146981	0.96084267	48.49730301	0.97110808	0.04063937979737193	0.0134678	4e-05
0.0471	-0.1211	-0.0314	-0.0038048177693476384	-0.004036946559862884	0.0015166911199830724	0.96908224	48.91318512	0.98040214	0.09291440279371123	0.0154479	6e-05
0.0453	-0.1032	-0.021	-0.003787364476827695	-0.004139920985730549	0.001424188669627373	0.98522127	49.7277832	0.9894435	0.04074650843716541	0.0210006	7e-05
0.0464	-0.072	-0.0322	-0.0036599554414321086	-0.004150392961242515	0.0014172073526193955	1.05905855	53.45462418	1.02271622	0.05074311639577649	0.0192795	6e-05
0.0478	-0.0116	-0.0373	-0.003703588672731967	-0.004035201230610889	0.0015603243512829306	1.0108788	51.0228157	1.0105719	0.08199709802975097	0.0181522	3e-05
0.0609	-0.0603	-0.0753	-0.0013631021458075715	-0.00481710873550435	0.002380629099720265	1.25776911	63.48428726	1.17860489	0.2969349390127596	0.0131376	2e-05
0.1055	-0.2757	-0.1884	0.007454301235267781	-0.008058185156457818	0.0052115531464550675	2.05538011	103.74267578	1.84549401	1.1175701924381811	0.0229885	0.00058
0.1141	-0.302	-0.3082	0.010609856522873528	-0.0077876591223986985	0.005626941508429718	1.18990326	60.05884552	1.17956521	0.34677348418197584	0.0307245	0.00168
0.1068	-0.2747	-0.2525	0.0072413710665244725	-0.006379178416039275	0.004471533543609472	1.21199155	61.17372513	1.17404194	0.3869187063764362	0.019924	0.00015
0.1134	-0.1958	-0.2209	0.005658357434965616	-0.006202900161587847	0.004169591583014453	1.12326539	56.69538116	1.07850797	0.2201616923302652	0.0163575	4e-05
0.117	-0.1429	-0.1972	0.0046530477858168825	-0.005965535383316617	0.004235914094590238	1.06858146	53.93527985	1.03150406	0.14564984694978744	0.013561	2e-05
0.1117	-0.098	-0.1806	0.004016002608838952	-0.005602506898901799	0.004136430327226561	1.0093317	50.94472885	0.99715959	0.1217778714378213	0.011983	1e-05
0.1091	-0.1395	-0.1803	0.004082325120414737	-0.005691518690753509	0.00393048147549123	0.93850398	47.36978912	0.95831359	0.062464157758141306	0.0122413	5e-05
0.105	-0.1276	-0.1677	0.003782128489071712	-0.005618214862169747	0.0038606683054114572	0.99278247	50.10942459	0.98464709	0.050765681500328	0.0117119	0.0
0.0998	-0.1325	-0.1624	0.0032812189937493396	-0.005508259119294104	0.0038100537571036214	1.01740646	51.35229111	0.99315087	0.04847398932529257	0.0109075	2e-05
0.1007	-0.1762	-0.1597	0.003262020371977402	-0.0054157566689384045	0.0037978364523396607	0.96946889	48.93270111	0.97500152	0.05349591884457984	0.010386	3e-05
0.1002	-0.1627	-0.1571	0.0030543261909900766	-0.00540179403492245	0.0037524578917878084	1.00415099	50.68323517	0.98581462	0.029951768777756616	0.0111669	4e-05
0.0997	-0.1385	-0.144	0.002368411794956305	-0.005342452840354642	0.003680899392456041	1.02399421	51.68479919	0.99843651	0.07864070449666737	0.0100375	3e-05
0.1073	-0.1607	-0.1547	0.0023457225146803788	-0.005513495107050087	0.003378957431861022	0.99026453	49.98233414	0.99095728	0.06528367537831953	0.00948405	1e-05
0.1068	-0.196	-0.1615	0.002804744107954888	-0.005630432166933707	0.0032340951039454926	0.98983502	49.96065521	0.98488614	0.07864104905368292	0.0113124	4e-05
0.0983	-0.1687	-0.149	0.0027244589623631483	-0.00545415391248228	0.003455751918948773	1.03110254	52.0435791	1.0083308	0.0722110107523224	0.011472	4e-05
0.0947	-0.1321	-0.1399	0.0023230332344044524	-0.0052499503899989435	0.0035953782591083183	1.02235615	51.60211945	0.99879349	0.08656277953007885	0.0096553	2e-05
0.0961	-0.1482	-0.1483	0.0026511551337793865	-0.005326744877086694	0.003563962332572421	0.95856857	48.38252258	0.96564611	0.04771661564992907	0.010713	2e-05
0.0941	-0.1313	-0.1417	0.002562143341927676	-0.005352924815866608	0.003502875808752619	1.01767886	51.36603546	0.99822647	0.03431391272257133	0.0118035	1e-05
0.0941	-0.0961	-0.1288	0.0020751964806212577	-0.005242969072990966	0.0035290557475325343	1.01472533	51.21696091	0.9982048	0.07925412714809879	0.0106566	1e-05
0.0952	-0.1315	-0.1335	0.0021013764194011725	-0.005276130328778859	0.0034714598822167216	0.95841396	48.37471771	0.97244809	0.04704685299418103	0.0111774	2e-05
0.0948	-0.1597	-0.1227	0.0021153390534171274	-0.005384340742402506	0.0034330626386728466	0.99865496	50.40583038	0.98684784	0.047428514559173886	0.00989223	1e-05
0.0917	-0.1532	-0.1109	0.0016807520696705393	-0.005227261109723017	0.003450515931192789	1.0186919	51.41717148	1.00116493	0.05185599544730102	0.00990474	4e-05
0.0901	-0.1429	-0.112	0.0014014993893514465	-0.005087634769563471	0.003427826650916863	0.97128499	49.02436829	0.9775993	0.03507841503772824	0.00884813	1e-05
0.0894	-0.1808	-0.119	0.0017121679962064373	-0.0051173053668473745	0.003427826650916863	0.96888113	48.90303421	0.97328958	0.06261696020694471	0.0101867	2e-05
0.0883	-0.1637	-0.1137	0.0016632987771505957	-0.00514348530562729	0.003378957431861022	0.98333997	49.63282776	0.97773622	0.029695918844579863	0.0109213	1e-05
0.0893	-0.1575	-0.112	0.0015289084247470327	-0.005077162794051505	0.003459242577452761	0.99385214	50.163414	0.98170921	0.02294990047855435	0.00872034	0.0
0.0906	-0.1681	-0.1171	0.0017575465567582897	-0.0050073496239717305	0.0034400439556808234	0.95359832	48.13165665	0.96367464	0.032882496193148425	0.00996768	1e-05
0.0904	-0.1558	-0.1161	0.0017139133254584315	-0.0050509828552715895	0.0034295719801688577	0.99884391	50.41536713	0.98120414	0.018386921905584157	0.0110229	0.0
0.0901	-0.1455	-0.1148	0.0015323990832510211	-0.005000368306963754	0.0034068826998929313	0.99378616	50.16008377	0.97999615	0.024640903539558626	0.0108337	3e-05
0.0948	-0.1597	-0.1162	0.001621410875102732	-0.005028293574995664	0.003443534614184812	0.96538842	48.72674561	0.96851815	0.027979448708775088	0.0124272	3e-05
0.0912	-0.1631	-0.12	0.0017139133254584315	-0.005085889440311476	0.0034068826998929313	1.00189161	50.56919479	0.99064963	0.020137511498169627	0.0154574	4e-05
0.0925	-0.1403	-0.1177	0.001647590813882647	-0.005115560037595381	0.0033894294073729884	0.99629235	50.28658295	0.98447918	0.032072320068981565	0.0154784	2e-05
0.0941	-0.1066	-0.1049	0.0013212142437597075	-0.005162683927399226	0.0033702307856010505	0.96196157	48.5537796	0.97346155	0.06773495408493617	0.0110452	2e-05
0.0929	-0.1099	-0.1094	0.0011676252695842063	-0.00506320016003555	0.0035744343080843866	1.0282948	51.9018631	1.01211365	0.03186381320112568	0.0109231	2e-05
0.095	-0.1453	-0.2909	0.006923721142661505	-0.005511749777798093	0.0038327430373795474	1.50143123	75.78282166	1.37175256	0.5421477110067502	0.0185438	0.00018
0.0943	-0.2438	-0.3499	0.010047860503731356	-0.00654673002423073	0.003862413634663451	1.14089108	57.58501434	1.13538101	0.3676395102393196	0.0273671	0.00132
0.0945	-0.2704	-0.2933	0.008360127117052838	-0.006359979794267337	0.0037227872945039047	1.0649581	53.75239944	1.05815016	0.1841054978400728	0.0220168	0.00028
0.0947	-0.1851	-0.2515	0.006665412413366345	-0.006019640590128442	0.0036145768808802567	1.12492347	56.77907181	1.08090898	0.23446321607245169	0.0172469	4e-05
0.0921	-0.115	-0.2205	0.005256931707006921	-0.005560618996853934	0.0035883969421003415	1.0798043	54.5017395	1.0513889	0.19838411192069236	0.0156204	1e-05
0.0942	-0.1251	-0.2179	0.00507541746479951	-0.005557128338349946	0.003488913174736664	0.95283502	48.0931282	0.96655881	0.029024433403753824	0.0131332	2e-05
0.0956	-0.153	-0.2097	0.00503527489200364	-0.00562345084992573	0.003427826650916863	0.98270261	49.60065842	0.973963	0.045877580409572766	0.0134966	3e-05
0.0897	-0.1207	-0.1961	0.004687954370856769	-0.005455899241734273	0.0033911747366249826	1.01304436	51.13211823	0.99345166	0.07937620218151041	0.0142388	2e-05
0.0901	-0.1221	-0.1939	0.004246386070102203	-0.005351179486614613	0.003342305517569141	0.97539765	49.23194885	0.97531149	0.03375786374650339	0.0128721	2e-05
0.0906	-0.1754	-0.1944	0.004251622057858187	-0.0054105206811824215	0.0033405601883171464	0.95231307	48.06678391	0.9687627	0.057616125578789326	0.011669	1e-05
0.0868	-0.1536	-0.1854	0.0039514254265151615	-0.005311036913818745	0.0033231068957972035	0.9968648	50.31547546	0.9854683	0.05545668456133222	0.0122055	2e-05
0.0838	-0.1499	-0.1781	0.003312634920285238	-0.0051399946471233	0.003333578871309169	1.01533401	51.24768448	0.99353971	0.05501523742186669	0.0114965	2e-05
0.0839	-0.1829	-0.1848	0.003387684078120994	-0.005126032013107346	0.0033178709080412204	0.97260427	49.09095764	0.97612792	0.04503598775598294	0.010121	1e-05
0.0842	-0.2078	-0.1827	0.003639011490408177	-0.005202826500195096	0.003262020371977402	0.96989679	48.95429993	0.97152268	0.046498621771937566	0.0118952	3e-05
0.0841	-0.1519	-0.1751	0.0033248522250491977	-0.005176646561415181	0.003300417615521277	1.00949097	50.9527626	1.00013626	0.08253682238413848	0.0101333	1e-05
0.0859	-0.1117	-0.1644	0.0026581364507873638	-0.005120796025351363	0.0033649947978450674	0.99917907	50.43228531	0.98777386	0.09205717463247212	0.00928944	4e-05
0.0875	-0.1506	-0.1768	0.0027925268031909274	-0.005082398781807488	0.003309144261781249	0.95668101	48.28725052	0.96910156	0.06433190660056289	0.00931823	2e-05
0.0907	-0.1547	-0.1789	0.003127630019573839	-0.0051731559029111925	0.003239331091701475	0.94603801	47.75005722	0.964126	0.034183675378319484	0.0100927	1e-05
0.0883	-0.1075	-0.1747	0.0028309240467348025	-0.0051557026103912496	0.003262020371977402	1.00300395	50.62533951	0.99212742	0.07064242728174532	0.0124007	2e-05
0.0849	-0.1298	-0.1821	0.0025603980126756814	-0.00506320016003555	0.0032934362985133003	0.98316634	49.62406158	0.98470683	0.05282222054753595	0.0142865	2e-05
0.0847	-0.142	-0.1857	0.0028379053637427798	-0.004965461721923867	0.003220132469929538	0.99519074	50.23097992	0.98652978	0.03842748088812717	0.0156374	0.0
0.0857	-0.1295	-0.1872	0.003321361566545209	-0.0049898963314517885	0.0032114058236695662	0.97839552	49.38326263	0.98073833	0.040830872929516114	0.0150007	1e-05
0.0849	-0.1133	-0.174	0.002778564169174973	-0.005042256209011618	0.003220132469929538	1.02298522	51.63386917	0.99970901	0.06039419605950189	0.0106457	1e-05
0.0838	-0.1084	-0.165	0.002258456052080662	-0.004921828490624009	0.003274237676741362	1.00432467	50.69200516	0.98835713	0.049732052114687175	0.00896293	2e-05
0.0846	-0.1638	-0.1708	0.0024050637092481865	-0.004916592502868026	0.0032306044454415038	0.96236312	48.57404709	0.97052654	0.07177384381116826	0.00880098	1e-05
0.0874	-0.1815	-0.1738	0.002820452071222836	-0.005017821599483697	0.0032096604944175725	1.00988555	50.97268295	0.98794779	0.05037807048071259	0.00994205	1e-05
0.0836	-0.1491	-0.1541	0.0024050637092481865	-0.004900884539600078	0.003295181627765294	1.02472138	51.7215004	0.99963153	0.08679232776029952	0.00899619	2e-05
0.0832	-0.153	-0.1565	0.0022497294058206906	-0.0048188540647563435	0.003307398932529255	0.97336084	49.12914276	0.97760142	0.019179104151759527	0.00990433	1e-05
0.0845	-0.1725	-0.1606	0.002570869988187647	-0.004949753758655919	0.0032602750427254074	0.9772436	49.32511902	0.97225056	0.04985820830351895	0.00934744	2e-05
0.0835	-0.145	-0.1524	0.0025202554398798117	-0.004982915014443811	0.003223623128433527	0.96672159	48.79403687	0.97192078	0.04272138591938037	0.00990158	1e-05
0.0794	-0.1027	-0.1406	0.00204378055408536	-0.0049131018443640375	0.003239331091701475	0.97935426	49.43165207	0.97690216	0.08629980095710865	0.00872868	1e-05
0.0795	-0.1261	-0.1549	0.002310815929640492	-0.004810127418496373	0.0032812189937493396	0.96043378	48.4766655	0.96865149	0.058394885173533057	0.00927126	0.0
0.0808	-0.1615	-0.1615	0.0025254914276357948	-0.004815363406252355	0.0032847096522533284	0.95507652	48.2062645	0.96730066	0.054470107212763685	0.0117005	2e-05
0.0797	-0.1421	-0.1609	0.002579596634447619	-0.0049864056729478	0.00325329372571743	1.01343834	51.15200424	0.99228794	0.03392817000215839	0.0104629	1e-05
0.0796	-0.1132	-0.1517	0.0021572269554649913	-0.004885176576332128	0.0033318335420571745	1.00221694	50.58561707	0.98800563	0.06830692959690221	0.00899863	2e-05
0.0807	-0.141	-0.1572	0.0022479840765686964	-0.004811872747748367	0.0033265975543011915	0.94309068	47.60129547	0.95990589	0.04286484687217244	0.00878519	2e-05
0.082	-0.1679	-0.163	0.0025586526834236872	-0.004939281783143952	0.0032899456400093115	0.99008524	49.97328568	0.9796874	0.05773647782712281	0.0100436	1e-05
0.0791	-0.1444	-0.1596	0.0025918139392115793	-0.005005604294719737	0.003242821750205464	1.01380253	51.17038727	0.99064452	0.037130382858376235	0.00979662	2e-05
0.077	-0.105	-0.1443	0.0018692476288859267	-0.00474904089467657	0.0032724923474893677	1.00446546	50.69911194	0.99600864	0.10724001538263613	0.0106344	2e-05
0.0779	-0.1376	-0.152	0.0018325957145940458	-0.004639085151800928	0.0032777283352453507	0.93703371	47.295578	0.96271454	0.048792182246175285	0.00925016	1e-05
0.0799	-0.1754	-0.1543	0.002230530784048753	-0.004838052686528281	0.003113667385557884	0.97018111	48.96865082	0.97697083	0.08014817769347635	0.0114849	3e-05
0.0778	-0.1479	-0.1515	0.0024120450262561633	-0.004804891430740389	0.003225368457685521	1.02398872	51.68452072	1.00556375	0.04871882850614697	0.0107176	1e-05
0.0692	-0.3191	-0.2845	0.015261158979438418	-0.005068436147791533	0.004267330021126135	2.34004498	118.11077881	2.2134933	1.0205310116837003	0.0419861	0.01151
0.0733	-0.3509	-0.3038	0.013925982101662756	-0.005717698629533424	0.004251622057858187	1.17451823	59.28230286	1.19317898	0.15520736613927505	0.0366877	0.00509
0.077	-0.2491	-0.189	0.006681120376634293	-0.004797910113732411	0.0035098571257605967	1.56945848	79.21640778	1.50876284	0.6656207586463533	0.0180948	0.00044
0.0706	-0.2021	-0.148	0.003986332011555049	-0.004598942579005058	0.003127630019573839	1.29197633	65.21085358	1.23239471	0.25819915029966767	0.011227	2e-05
0.0709	-0.1704	-0.157	0.004117231705454623	-0.004508185457901353	0.0031712632508736965	1.00307465	50.62891006	0.99037984	0.05426450231515691	0.0107751	3e-05
0.075	-0.1962	-0.165	0.004075343803406759	-0.004637339822548933	0.0030072023011862297	0.98329335	49.63047409	0.97744598	0.05465516081914561	0.0113924	2e-05
0.0785	-0.1988	-0.1688	0.0044436082755775624	-0.004731587602156627	0.0032114058236695662	0.99464613	50.20349121	0.98832658	0.04323578871309168	0.0139695	1e-05
0.0903	-0.2328	-0.2527	0.009913470151327791	-0.004876449930072156	0.0037943457938356727	1.40703797	71.01844025	1.33268183	0.4395832086915932	0.0244328	0.00087
0.092	-0.2943	-0.2696	0.009766862494160268	-0.004717624968140673	0.003916518841475275	1.03563464	52.27233505	1.0402875	0.10148028333693046	0.0242731	0.00047
0.0859	-0.2554	-0.1769	0.006347762489503377	-0.005541420375081997	0.003309144261781249	1.25969017	63.58124924	1.2012861	0.380213499564612	0.018869	0.00014
0.0986	-0.1468	-0.1048	0.0026563911215353696	-0.005227261109723017	0.0034313173094208515	1.31247449	66.24546814	1.24339739	0.39978518404832947	0.00996125	2e-05
0.1116	-0.1641	-0.1109	0.0013055062804917586	-0.005298819609054784	0.003635520831904189	1.04778159	52.8854332	1.0413626	0.11773234314293576	0.0100645	1e-05
0.1145	-0.2267	-0.0987	0.0035081117965086025	-0.006916739825653527	0.0032724923474893677	1.14829457	57.95870209	1.12863851	0.2868777108515204	0.014128	9e-05
0.1282	-0.1342	-0.1126	0.0018936822384138475	-0.006075491126192261	0.003900810878207326	1.15106356	58.09846115	1.12134778	0.2742998394136989	0.0129181	2e-05
0.1225	-0.1679	-0.1378	0.001403244718603441	-0.005892231554732856	0.0037768925013157294	1.02885401	51.93009186	1.01872887	0.1044807734080704	0.0121136	3e-05
0.1218	-0.1839	-0.1227	0.0014590952546672592	-0.0058747782622129135	0.0037751471720637348	0.96821481	48.86940384	0.97443358	0.0355524578917878	0.0129863	4e-05
0.1196	-0.1183	-0.1186	0.0010367255756846318	-0.005731661263549379	0.0038327430373795474	1.03100038	52.03842545	1.00921548	0.10305412714809872	0.0103925	4e-05
0.1155	-0.1041	-0.1184	0.0005672320068981572	-0.005518731094806069	0.003907792195215304	0.97545946	49.23506927	0.98087922	0.05637364476827706	0.0098592	2e-05
0.1071	-0.1804	-0.1273	0.0009372418083209549	-0.005482079180514189	0.003680899392456041	1.00346255	50.64849091	0.99868851	0.12527772592369707	0.00963181	1e-05
0.1054	-0.1768	-0.1198	0.0013334315485236678	-0.005567600313861911	0.003570943649580398	0.98600572	49.76737595	0.98273591	0.04238333082130389	0.0112332	4e-05
0.1011	-0.1342	-0.1147	0.001048942880448592	-0.005420992656694387	0.0035674529910764093	0.99920803	50.43374634	0.99110293	0.07372934918732944	0.0109658	4e-05
0.1007	-0.1193	-0.1106	0.00045902159327450867	-0.00533721685259866	0.0036512287951721376	0.98514688	49.72402954	0.98536478	0.05727364476827693	0.0114806	3e-05
0.0948	-0.1757	-0.1223	0.0007470009198535729	-0.005314527572322734	0.003530801076784529	0.98990077	49.963974	0.98454425	0.09555481626212993	0.0110615	4e-05
0.0911	-0.1619	-0.1188	0.0011780972450961724	-0.0052220251219670345	0.0034313173094208515	0.98666805	49.80080795	0.98379699	0.052154127148098806	0.0103232	2e-05
0.0907	-0.1592	-0.1157	0.0011850785621041497	-0.005279620987282846	0.0034871678454846703	0.97335613	49.12890625	0.97529332	0.012221385919380375	0.0098787	3e-05
0.0939	-0.1167	-0.1104	0.0007976154681614085	-0.005265658353266893	0.0035901422713523357	1.01337218	51.14866638	1.00062246	0.07622000769131801	0.0092991	2e-05
0.091	-0.1147	-0.109	0.0004415683007545654	-0.005159193268895238	0.003675663404700058	0.98325336	49.62845612	0.9792242	0.03370166925631102	0.0103891	4e-05
0.0895	-0.1744	-0.1159	0.0008674286382411819	-0.005091125428067459	0.0035744343080843866	0.98760575	49.8481369	0.98690025	0.09785786374650336	0.0101935	1e-05
0.0876	-0.1548	-0.1114	0.0010262536001726657	-0.0050405108797596234	0.0035116024550125905	0.95987493	48.44845963	0.96914882	0.03961356816555579	0.0102807	1e-05
0.0895	-0.1222	-0.1035	0.000439822971502571	-0.005157447939643243	0.003597123588360313	1.0091449	50.93529892	0.99735785	0.08184444109507184	0.00899959	3e-05
0.0897	-0.1659	-0.1121	0.000460766922526503	-0.0051731559029111925	0.003581415625092364	0.97613674	49.26925278	0.97972052	0.05511799387799151	0.00966871	3e-05
0.0877	-0.1911	-0.1063	0.000874409955249159	-0.005195845183187119	0.003450515931192789	0.97404391	49.16362	0.97699355	0.06136160034490788	0.00888687	2e-05
0.0908	-0.1526	-0.1004	0.0008395033702092724	-0.005146975964131278	0.0034644785652087444	0.95516264	48.21061325	0.96653677	0.05238692190558414	0.00864214	2e-05
0.0981	-0.1432	-0.1109	0.000635299847725936	-0.0052010811709431014	0.003586651612848347	0.99562532	50.25291443	0.98332071	0.04622408884673813	0.00958043	2e-05
0.0955	-0.1668	-0.1101	0.0009599310885968812	-0.005246459731494954	0.003572688978832392	0.98773032	49.85442352	0.98217835	0.04619862177193765	0.00950837	1e-05
0.093	-0.1422	-0.103	0.0009459684545809266	-0.0051173053668473745	0.0035918876006043304	1.00184715	50.56695557	0.98819239	0.042315781021773656	0.0100874	1e-05
0.093	-0.1366	-0.1072	0.0008761552845011534	-0.005160938598147233	0.0035622170033204267	0.98340869	49.63629532	0.97943933	0.016955849933176746	0.00976986	4e-05
0.0896	-0.1812	-0.1116	0.0011850785621041497	-0.0051452306348792835	0.0034766958699727043	0.9980126	50.37340927	0.9898475	0.07290761871093338	0.0106478	1e-05
0.0895	-0.1251	-0.0928	0.0006562437987498679	-0.005091125428067459	0.0035534903570604553	1.03146636	52.06194305	1.00616489	0.10798672286269285	0.00890958	1e-05
0.0899	-0.1534	-0.0993	0.0007190756518216638	-0.0050736721355475155	0.003558726344816438	0.95080024	47.99042511	0.96175056	0.03947605666738613	0.00826454	1e-05
0.0897	-0.1791	-0.0994	0.0009948376736367678	-0.005122541354603357	0.003560471674068432	0.98104203	49.51684189	0.97426951	0.04231882850614696	0.00927442	2e-05
0.0913	-0.1406	-0.0828	0.0005305800926062762	-0.005099852074327431	0.003649483465920143	0.99366856	50.1541481	0.98609429	0.08549793265790644	0.00912058	2e-05
0.0907	-0.1595	-0.0914	0.0006108652381980154	-0.005082398781807488	0.0036651914291880917	0.97616756	49.27080917	0.9777	0.03377232006898154	0.00835663	1e-05
0.0905	-0.1809	-0.0891	0.0008325220532012951	-0.005000368306963754	0.0037262779530078936	0.95354044	48.12873459	0.96480107	0.04213869068334079	0.00954449	2e-05
0.0927	-0.1463	-0.0883	0.0005078908123303499	-0.004991641660703782	0.0038117990863556156	0.99383831	50.16271591	0.98480187	0.05854395102393192	0.00909227	2e-05
0.093	-0.1776	-0.0972	0.0008133234314293575	-0.005021312257987686	0.0038187804033635933	0.96466708	48.69033813	0.97324266	0.05760422666954442	0.00881904	2e-05
0.0912	-0.1605	-0.092	0.0007504915783575615	-0.004953244417159907	0.0038362336958835358	0.99680477	50.31244659	0.98546233	0.031517649320975845	0.00934321	1e-05
0.096	-0.1279	-0.0803	5.4105206811824215e-05	-0.004759512870188536	0.004091051766674708	0.98607355	49.77080154	0.98923798	0.106346799465414	0.00878793	1e-05
0.101	-0.1654	-0.0959	0.0002251474735072685	-0.004707152992628707	0.004139920985730549	0.94097936	47.49472809	0.96350845	0.07171356816555574	0.0100183	2e-05
0.1002	-0.1829	-0.0945	0.0005969026041820607	-0.0048904125640881115	0.0041329396687225725	0.97704917	49.31530762	0.97963836	0.04779980095710872	0.00957739	1e-05
0.0997	-0.1468	-0.0912	0.00045553093477052	-0.004925319149127998	0.004084070449666731	0.98415726	49.6740799	0.98104215	0.05115737367536341	0.00947386	3e-05
0.0987	-0.1188	-0.0882	-2.268928027592628e-05	-0.004836307357276287	0.0040945424251786966	0.96865678	48.89171219	0.97643198	0.06088519912050613	0.00959623	5e-05
0.099	-0.1646	-0.099	0.0003682644721708035	-0.004858996637552213	0.0040945424251786966	0.95716071	48.3114624	0.97250661	0.0775821516361328	0.00931025	2e-05
0.0964	-0.134	-0.0957	0.0003577924966588376	-0.004794419455228423	0.0041381756564785556	0.95333076	48.1181488	0.96943654	0.042434119456780765	0.0104309	2e-05
0.1004	-0.1137	-0.0936	-0.00011170107212763708	-0.004797910113732411	0.004284783313646079	0.94602877	47.74959183	0.97115428	0.057379594222899344	0.0113014	4e-05
0.1064	-0.1796	-0.1051	0.00022863813201125715	-0.004965461721923867	0.004242895411598215	0.96622169	48.76880264	0.98651888	0.11088893571891072	0.0102109	5e-05
0.1037	-0.1498	-0.1034	0.0002722713633111154	-0.0049672070511758626	0.004187044875534397	1.01537681	51.24984741	1.00069732	0.0392614548307836	0.0109527	1e-05
0.1069	-0.1078	-0.0954	-0.00034208453339088857	-0.004799655442984407	0.004412192349041665	0.99548578	50.2458725	0.99513708	0.10355274892003638	0.01034	1e-05
0.1075	-0.1699	-0.1101	-3.665191429188092e-05	-0.004654793115068877	0.004372049776245795	0.96021718	48.46573257	0.9783641	0.10192187599052036	0.0123731	3e-05
0.1089	-0.1723	-0.1119	0.00035081117965086024	-0.004766494187196514	0.004419173666049642	0.99448442	50.19532776	0.98822836	0.03291440279371123	0.0138104	8e-05
0.1097	-0.1508	-0.1024	9.599310885968811e-05	-0.004754276882432553	0.00450294947014537	1.07027531	54.02077866	1.02063013	0.04934055898254305	0.0126536	1e-05
0.1122	-0.1341	-0.1038	-7.853981633974481e-05	-0.0045867252742410975	0.0046809730538487915	1.01216817	51.08789062	1.00150017	0.0466054058547155	0.0123231	4e-05
0.1161	-0.1847	-0.1091	0.00046949356878647465	-0.004583234615737109	0.004738568919164605	0.97634149	49.27958679	0.97849742	0.09025599544730109	0.0127748	3e-05
0.1208	-0.1649	-0.102	0.0005340707511102648	-0.004745550236172582	0.00473682358991261	1.01125383	51.04174042	0.99342359	0.04303190660056291	0.01149	2e-05
0.1176	-0.1003	-0.0894	-0.00023561944901923448	-0.004590215932745087	0.004892157893340105	1.02347803	51.65874481	1.00774876	0.13441794034922447	0.00999212	1e-05
0.1327	-0.098	-0.0942	-0.000804596785169386	-0.00460766922526503	0.005242969072990966	0.94537413	47.71654892	0.97036225	0.06906209041604777	0.0108237	1e-05
0.1375	-0.1872	-0.1046	-0.0003630284844148205	-0.00482932604026831	0.0050562188430275734	0.98063606	49.49634933	0.99771371	0.14689876728606188	0.0120155	2e-05
0.142	-0.1618	-0.0935	-0.0001308996938995747	-0.004954989746411901	0.00514348530562729	0.94490921	47.69308472	0.96953373	0.06325294796292766	0.0108231	6e-05
0.1485	-0.1135	-0.0783	-0.0006841690667817771	-0.004911356515112043	0.005321508889330711	0.94380933	47.63756943	0.97183439	0.10874630939427408	0.012042	4e-05
0.1398	-0.1567	-0.0892	-0.00038397243543875244	-0.004722860955896656	0.005242969072990966	0.96678364	48.79716873	0.97983589	0.0911616003449078	0.0132032	4e-05
0.1371	-0.1429	-0.0937	-0.00010821041362364843	-0.004756022211684548	0.005195845183187119	1.05805528	53.40398407	1.01589439	0.03880235837034214	0.0116827	6e-05
0.1386	-0.1133	-0.0865	-0.0006702064327658224	-0.00466002910282486	0.005298819609054784	1.02298439	51.63382721	1.00886845	0.07634817769347632	0.0116046	4e-05
0.1381	-0.156	-0.0957	-0.0004485496177625427	-0.004682718383100785	0.005260422365510909	0.98698139	49.81662369	0.98271819	0.066537166941154	0.0129007	4e-05
0.1345	-0.163	-0.0911	-0.00017627825445142725	-0.004693190358612751	0.005153957281139256	1.00771546	50.86315155	0.99340727	0.034660421159736714	0.0136163	3e-05
0.1367	-0.1231	-0.0784	-0.0007225663103256524	-0.004529129408925285	0.005344198169606637	1.0076499	50.85984039	0.99307027	0.09982949470145365	0.0129521	4e-05
0.141	-0.1801	-0.0854	-0.0005550147021341969	-0.004440117617073575	0.0054384459492143305	0.95665979	48.28617859	0.96988247	0.08584055898254295	0.0134536	4e-05
0.1425	-0.1705	-0.0763	-0.00034906585039886593	-0.004551818689201211	0.00544193660771832	0.95433658	48.16891861	0.96735426	0.03625702911834781	0.013881	4e-05
0.1435	-0.1216	-0.0732	-0.0007993607974134029	-0.004602433237509047	0.005468116546498235	1.00925362	50.94078445	0.99922215	0.07935447170511442	0.0114146	1e-05
0.1453	-0.1654	-0.0893	-0.0008325220532012951	-0.004733332931408622	0.005387831400906495	0.95257932	48.08022308	0.96778105	0.07391730476396038	0.0112473	3e-05
0.1521	-0.1598	-0.0919	-0.0008307767239493009	-0.005059709501531561	0.005270894341022875	0.92872846	46.87638092	0.95153048	0.03725294796292764	0.0112272	3e-05
0.1695	-0.1343	-0.0886	-0.0007068583470577034	-0.005068436147791533	0.005633922825437696	0.95923251	48.4160347	0.97165299	0.07098367537831954	0.012209	5e-05
0.1794	-0.0862	-0.0796	-0.0013718287920675431	-0.004838052686528281	0.006065019150680294	0.97010756	48.96493912	0.98996663	0.13332251157578448	0.0141969	5e-05
0.1649	-0.1376	-0.092	-0.0010663961729685354	-0.00476125819944053	0.005719443958785417	0.9740386	49.16335297	0.98248229	0.1146901149040818	0.0141147	7e-05
0.1554	-0.1538	-0.085	-0.000731292956585624	-0.004769984845700502	0.0055431657043339905	1.00157857	50.55339432	0.98706262	0.05870540585471547	0.0133957	5e-05
0.1583	-0.1086	-0.0715	-0.0012217304763960308	-0.004572762640225143	0.005684537373745532	1.02306807	51.63805389	1.00489538	0.10305156973486534	0.0155686	3e-05
0.1565	-0.1337	-0.0815	-0.0012077678423800758	-0.00460766922526503	0.005585053606381855	0.95710647	48.30872345	0.9723606	0.044317649320975934	0.0141256	1e-05
0.1529	-0.1709	-0.078	-0.0008691739674931761	-0.004743804906920588	0.005518731094806069	1.00531363	50.74191666	0.99349626	0.07135260340591218	0.0124879	2e-05
0.1458	-0.1454	-0.0614	-0.0009354964790689606	-0.004572762640225143	0.0054768431927582064	1.03475237	52.22780228	1.00276839	0.0631626340159546	0.0137966	1e-05
0.1463	-0.1147	-0.0594	-0.0013980087308474581	-0.0044924774946334045	0.0055710909723658995	0.99752319	50.34870529	0.99132116	0.06505225884889647	0.0149603	4e-05
0.1468	-0.1812	-0.0628	-0.001090830782496456	-0.0045483280306972225	0.005530948399570031	1.00754762	50.85467529	0.99652412	0.09055855286053444	0.0147414	5e-05
0.1443	-0.186	-0.0553	-0.0007993607974134029	-0.004572762640225143	0.005433209961458348	1.00928605	50.94242477	0.98919125	0.035482151636132796	0.0141003	3e-05
0.1441	-0.1251	-0.0454	-0.001244419756671957	-0.004513421445657336	0.005469861875750229	0.99404973	50.17338943	0.9938833	0.09805260340591208	0.0124683	3e-05
0.1469	-0.1269	-0.0521	-0.0015289084247470327	-0.00451865743341332	0.0055658549846099165	0.96546739	48.73073196	0.97150255	0.030585888234537388	0.012144	3e-05
0.1485	-0.1803	-0.0633	-0.0010611601852125523	-0.004605923896013036	0.005534439058074019	0.96668631	48.7922554	0.9817333	0.09552153143350464	0.011838	2e-05
0.1468	-0.155	-0.0599	-0.0009285151620609833	-0.004656538444320871	0.005478588522010201	0.99506772	50.22476959	0.98658958	0.042355505376161055	0.0119672	4e-05
0.1462	-0.0957	-0.0584	-0.001350884841043611	-0.004511676116405342	0.005490805826774161	0.99048144	49.99328232	0.99122139	0.09037246558310584	0.0111688	3e-05
0.1515	-0.1509	-0.078	-0.0011030480872604163	-0.004581489286485115	0.005532693728822024	0.949265	47.91293716	0.96654198	0.09807689129554156	0.0131517	3e-05
0.1516	-0.1378	-0.0775	-0.000900589894029074	-0.0046198865300289904	0.005522221753310059	0.98449439	49.69109344	0.9802324	0.026266370614359144	0.0139328	2e-05
0.1484	-0.1152	-0.0678	-0.0013124875974997359	-0.004523893421169302	0.005609488215909776	1.00986254	50.97151947	0.98754637	0.0652578637465034	0.0142282	2e-05
0.1499	-0.1497	-0.0789	-0.0011274826967883368	-0.0044645522266014955	0.005560618996853934	0.97195476	49.05817413	0.97905967	0.06176076571675238	0.0141173	3e-05
0.1498	-0.1547	-0.0791	-0.0008203047484373349	-0.004541346713689245	0.00554665636283798	1.00182402	50.56578445	0.98734121	0.02519675347273531	0.014393	2e-05
0.1463	-0.119	-0.0657	-0.0012164944886400475	-0.0045588000062091886	0.005585053606381855	1.02517033	51.7441597	0.99995203	0.07520201381332657	0.0137114	5e-05
0.1506	-0.106	-0.06	-0.0017645278737662671	-0.004433136300065597	0.005831145030913055	0.98556447	49.74510574	0.98437867	0.06898942579005056	0.0122666	2e-05
0.1513	-0.1705	-0.075	-0.001256637061435917	-0.004473278872861466	0.005689773361501514	0.97049373	48.98442841	0.98405838	0.114670252726888	0.0129484	2e-05
0.1491	-0.1886	-0.0712	-0.0008237954069413235	-0.004640830481052923	0.005614724203665758	1.00071251	50.50968552	0.98625016	0.057872121026090274	0.0122275	1e-05
0.1459	-0.1491	-0.0534	-0.0011397000015522971	-0.004483750848373432	0.005656612105713622	1.04614449	52.80280304	1.00451684	0.08624360646691642	0.0122458	2e-05
0.1495	-0.1253	-0.062	-0.0014782938764391971	-0.004483750848373432	0.005705481324769463	0.98660719	49.79773712	0.98951605	0.05537315469713706	0.0125481	4e-05
0.152	-0.1729	-0.0689	-0.001043706892692609	-0.004577998627981126	0.005695009349257497	0.99107033	50.02300644	0.98599414	0.08396533694331243	0.012144	3e-05
0.1494	-0.14	-0.0594	-0.0009861110273767962	-0.004628613176288962	0.0056635934227216	1.01485515	51.22351456	0.98992973	0.05198131700797728	0.0113669	1e-05
0.1474	-0.1078	-0.0503	-0.0015132004614790836	-0.004468042885105484	0.0056758107274855595	0.98556638	49.74520111	0.98087625	0.07829385150248627	0.0113678	2e-05
0.1482	-0.1656	-0.067	-0.0010995574287564276	-0.004471533543609472	0.005644394800949661	0.97572267	49.24835205	0.97839287	0.09772748088812713	0.013077	3e-05
0.1465	-0.1678	-0.0637	-0.000804596785169386	-0.004571017310973149	0.00562345084992573	1.01428342	51.19466019	0.99150587	0.02796941809873251	0.0117934	4e-05
0.1456	-0.1216	-0.0535	-0.0013055062804917586	-0.004469788214357478	0.005710717312525446	1.0230794	51.6386261	1.00037142	0.09177025272688803	0.0118335	3e-05
0.1485	-0.1448	-0.0667	-0.0012531464029319286	-0.004494222823885398	0.005777039824101231	0.95660698	48.28351212	0.96724282	0.046455849933176765	0.0124909	2e-05
0.1477	-0.1814	-0.0649	-0.000874409955249159	-0.004541346713689245	0.005759586531581288	0.99983978	50.46563339	0.99010091	0.06136568150032793	0.0137452	2e-05
0.1482	-0.1456	-0.0535	-0.001043706892692609	-0.004546582701445229	0.005796238445873169	1.01371908	51.16617584	0.9916633	0.05825924197456572	0.0122066	3e-05
0.1498	-0.1231	-0.0497	-0.001541125729510993	-0.004417428336797647	0.005803219762881146	0.97003698	48.96137619	0.97647562	0.05957772592369716	0.0132312	2e-05
0.1514	-0.1781	-0.0608	-0.0011362093430483087	-0.004539601384437251	0.005754350543825304	0.98862457	49.89955902	0.98326708	0.09649793265790654	0.0140471	4e-05
0.1478	-0.1466	-0.0505	-0.001158898623324235	-0.004537856055185257	0.005721189288037411	1.00184548	50.56687164	0.98807904	0.048279793265790655	0.0134721	5e-05
0.1447	-0.1193	-0.052	-0.0009686577348568529	-0.004380776422505768	0.005811946409141117	1.06283605	53.64529037	1.04013837	0.053803882112528845	0.0144058	5e-05
0.1465	-0.2639	-0.2718	0.009721483933608416	-0.005232497097479001	0.006745697558958083	2.18104839	110.08563232	1.96437246	0.9899806746627733	0.0289962	0.00159
0.1556	-0.3315	-0.3269	0.011054915482132083	-0.00650658745143486	0.00688532389911763	1.18968785	60.04796982	1.16922169	0.26915741213195365	0.0322142	0.00211
0.1556	-0.239	-0.2329	0.00825191670342919	-0.006138322979264057	0.006536258048718765	1.14570045	57.82776642	1.12569631	0.36251645506362806	0.0237761	0.00014
0.1546	-0.2008	-0.2501	0.007730063257082885	-0.006070255138436278	0.00641757565958315	1.0213387	51.55076218	1.00547104	0.09183018381548488	0.023351	8e-05
0.159	-0.2335	-0.2599	0.007461282552275759	-0.006117379028240125	0.006323327879975456	1.00470471	50.71118546	0.99403491	0.0674076187109334	0.0228397	7e-05
0.1614	-0.2172	-0.2331	0.006752678875966061	-0.006174974893555937	0.006265732014659643	1.00710893	50.83253479	0.99787673	0.08668977034706621	0.0201918	8e-05
0.1606	-0.1647	-0.2589	0.0066374871453344355	-0.005953318078552658	0.006330309196983434	1.02366483	51.66817474	1.009768	0.09917128639793477	0.0196411	9e-05
0.1585	-0.2341	-0.2426	0.00632507320922745	-0.005939355444536703	0.006293657282691553	1.01999354	51.48286819	1.01355911	0.1059514242207411	0.0206995	6e-05
0.1531	-0.2555	-0.1639	0.005518731094806069	-0.006003932626860492	0.00610341639422417	1.06666338	53.83846664	1.03951934	0.15855800926062763	0.0185401	3e-05
0.1572	-0.1796	-0.1884	0.005209807817203074	-0.0057752944948492365	0.006202900161587847	1.05658948	53.33000183	1.03753148	0.1363522588488964	0.0183221	3e-05
0.158	-0.2157	-0.1477	0.0035465090400524776	-0.00574038790980935	0.005970771371072602	1.05334496	53.16623688	1.03114347	0.1741167076352864	0.0153869	4e-05
0.1521	-0.2553	-0.127	0.003427826650916863	-0.0056985000077614855	0.005824163713905078	1.00839257	50.89732742	0.99858419	0.08155889741755017	0.0148251	3e-05
0.1568	-0.246	-0.1245	0.003598868917612307	-0.005667084081225588	0.00596204472481263	1.00681388	50.81764221	0.98624051	0.03351696020694469	0.0158569	2e-05
0.1556	-0.2071	-0.1123	0.0030072023011862297	-0.005572836301617893	0.005951572749300664	0.96842134	48.87982941	0.97874572	0.08711931857728691	0.0137416	3e-05
0.1553	-0.2735	-0.1241	0.0033981560536329595	-0.0056374134839416844	0.0060021872976084994	1.01034093	50.9956665	0.99746414	0.10380727415391784	0.0152053	4e-05
0.1522	-0.2825	-0.1199	0.0036634460999360975	-0.005567600313861911	0.0059411007737886976	1.00850785	50.90314102	0.98902499	0.0361094870101356	0.0165058	3e-05
0.1522	-0.2105	-0.1028	0.0029792770331543207	-0.005359906132874586	0.005963790054064624	1.0244801	51.70932388	1.0103854	0.13482762640225143	0.0149211	2e-05
0.1537	-0.224	-0.1081	0.002633701841259443	-0.005379104754646523	0.005979498017332573	0.93605715	47.2462883	0.95903007	0.039324088846738166	0.013369	2e-05
0.154	-0.271	-0.1156	0.003235840433197487	-0.005468116546498235	0.005965535383316617	0.98164153	49.54710007	0.98445293	0.09005565089028554	0.0146188	2e-05
0.1493	-0.2404	-0.1141	0.003363249468593073	-0.005462880558742251	0.005925392810520749	1.02427387	51.69891357	0.99692286	0.04543937979737194	0.0142665	1e-05
0.1489	-0.2106	-0.1072	0.002886774582798621	-0.005295328950550796	0.005918411493512772	0.99598855	50.27124786	0.9898413	0.06965039054969421	0.0133258	1e-05
0.1532	-0.2549	-0.1186	0.0032602750427254074	-0.005431464632206353	0.00589397688398485	0.97410285	49.16659546	0.97714212	0.08670353755551322	0.0146825	4e-05
0.148	-0.2357	-0.1106	0.003157300616857742	-0.0053616514621265795	0.005878268920716902	1.00111806	50.53015518	0.98819799	0.041824777960769374	0.0151351	1e-05
0.1493	-0.217	-0.1051	0.002825688058978819	-0.005262167694762903	0.005911430176504794	1.01755381	51.35972595	0.99779728	0.04871287905152455	0.0144345	2e-05
0.1515	-0.2633	-0.1103	0.00312413936106985	-0.005342452840354642	0.005911430176504794	0.9687264	48.89522552	0.97806201	0.07263682238413846	0.0139816	2e-05
0.1484	-0.2438	-0.1099	0.0031084313978019013	-0.0053546701451186035	0.005862560957448953	1.01526165	51.24403	0.99401252	0.026839724354387553	0.0152035	2e-05
0.1495	-0.2377	-0.1011	0.0026127578902355115	-0.005242969072990966	0.005920156822764766	1.02358508	51.66415024	0.99771612	0.04924852225049203	0.0141521	3e-05
0.1511	-0.2795	-0.1043	0.0027977627909469105	-0.005307546255314756	0.005904448859496816	0.97649628	49.28739929	0.97779512	0.05986450231515703	0.014267	1e-05
0.1523	-0.246	-0.1021	0.0028640853025226946	-0.00538957673015849	0.0058468529941810045	0.99161524	50.05051041	0.98274188	0.0471974425867665	0.0143132	3e-05
0.1512	-0.2348	-0.1055	0.002663372438543347	-0.0053825954131505125	0.005937610115284709	1.00501275	50.72673035	0.99196411	0.03062256510455148	0.0146886	2e-05
0.1525	-0.258	-0.1089	0.002993239667170275	-0.0053616514621265795	0.005965535383316617	0.98865318	49.90100479	0.982997	0.046836822384138464	0.0153691	3e-05
0.1496	-0.2104	-0.0967	0.0026441738167714093	-0.005251695719250937	0.005944591432292687	0.96570814	48.74288177	0.97767408	0.0866982772149219	0.0140488	2e-05
0.1507	-0.2222	-0.0968	0.0022951079663725434	-0.005293583621298802	0.005976007358828583	0.96237898	48.57484818	0.96743807	0.034118483949131334	0.0133873	3e-05
0.1498	-0.2434	-0.1095	0.0026529004630313807	-0.005333726194094671	0.0059690260418206065	1.01205385	51.0821228	0.9890683	0.05504581932313421	0.0135987	4e-05
0.1511	-0.2357	-0.1118	0.002754129559647052	-0.005274384999526864	0.005948082090796675	0.98609614	49.77194214	0.97661136	0.02037571211037052	0.0129835	2e-05
0.1495	-0.2314	-0.1096	0.002642428487519415	-0.005335471523346666	0.00597775268808058	1.00907528	50.93178558	0.98898508	0.018222909661567168	0.0135657	4e-05
0.1505	-0.2305	-0.1055	0.002235766771804736	-0.005309291584566751	0.006017895260876448	1.00420845	50.68613815	0.98687491	0.029649211364523097	0.0147935	1e-05
0.1511	-0.26	-0.1141	0.002645919146023404	-0.005181882549171164	0.005995205980600523	0.97718614	49.32221985	0.977073	0.066712534494509	0.0151543	1e-05
0.1535	-0.2661	-0.1077	0.002748893571891069	-0.005255186377754926	0.006019640590128442	0.96050274	48.48014832	0.96961061	0.024935643198967287	0.0173416	2e-05
0.1522	-0.221	-0.0939	0.0022549653935766737	-0.005223770451219028	0.0060580378336723174	1.00061154	50.50458527	0.99805451	0.08838706741970838	0.0134063	4e-05
0.1575	-0.1826	-0.0932	0.001541125729510993	-0.005098106745075437	0.00628493063643158	0.97671801	49.29859161	0.98586033	0.09771980864842672	0.0125779	2e-05
0.1606	-0.2184	-0.1081	0.001635373509118687	-0.005141739976375294	0.006326818538479445	0.92903334	46.89176941	0.95915616	0.06278844564777077	0.012939	3e-05
0.1615	-0.2658	-0.1133	0.002197369528260861	-0.0051277773423593406	0.006255260039147678	0.97930777	49.42930603	0.9835465	0.08587585762449472	0.0136952	2e-05
0.16	-0.2441	-0.114	0.002495820830351891	-0.0051836278784231585	0.006213372137099812	1.05600429	53.30046463	1.01690515	0.04370948701013564	0.0161195	4e-05
0.1609	-0.2076	-0.097	0.0018238690683340744	-0.005030038904247658	0.006290166624187564	1.05208945	53.10287094	1.02159533	0.09951676116405345	0.0147189	3e-05
0.1612	-0.2101	-0.1013	0.0017994344588061536	-0.0049864056729478	0.006293657282691553	0.96487147	48.70065308	0.97365354	0.010677924966588388	0.0149466	2e-05
0.159	-0.2649	-0.1076	0.002310815929640492	-0.005080653452555493	0.006225589441863773	0.98496526	49.71486282	0.98519707	0.09698485456349056	0.0153502	5e-05
0.1535	-0.2402	-0.1038	0.0022741640153486112	-0.0050125856117277144	0.006126105674500097	1.02846742	51.91057968	0.9993883	0.04421017612416681	0.0205145	4e-05
0.1551	-0.1662	-0.0989	0.0018552849948699724	-0.00499862297771176	0.00620813614934383	1.029562	51.96582413	1.01481692	0.10624360646691632	0.0124807	2e-05
0.1581	-0.193	-0.1035	0.001562069680534925	-0.005024802916491674	0.006328563867731438	0.9339512	47.13999176	0.95691234	0.05639114857512848	0.0121817	1e-05
0.163	-0.2549	-0.1099	0.0017226399717184032	-0.005126032013107346	0.00636521578202332	0.98023409	49.47606277	0.98441543	0.08812256510455165	0.0144199	2e-05
0.1686	-0.2656	-0.1089	0.0018186330805780916	-0.005262167694762903	0.006489134158914917	1.05398846	53.19871902	1.02157696	0.03510235837034215	0.0151861	5e-05
0.1683	-0.2109	-0.1055	0.0017610372152622785	-0.005141739976375294	0.006386159733047251	1.0278455	51.87918472	1.00714244	0.07244990047855442	0.013446	1e-05
0.1647	-0.1856	-0.0967	0.001117010721276371	-0.005119050696099368	0.006361725123519331	0.98899752	49.91838455	0.98399994	0.07225751918948767	0.0143021	6e-05
0.1639	-0.2216	-0.1076	0.0012164944886400475	-0.005141739976375294	0.006368706440527309	0.96153176	48.53208542	0.97215179	0.05415771823237905	0.0137513	4e-05
0.1605	-0.2492	-0.11	0.001748819910498318	-0.005126032013107346	0.006276203990171609	0.99829865	50.3878479	0.98712401	0.06542679177409594	0.0151675	3e-05
0.1616	-0.216	-0.1077	0.0019303341527057286	-0.005119050696099368	0.006267477343911637	0.97003323	48.96118546	0.97542598	0.04646111027376802	0.013274	2e-05
0.1631	-0.2016	-0.1616	0.004569271981721155	-0.005761331860833282	0.006387905062299246	1.18203843	59.66187668	1.14233542	0.23988233560684744	0.0175633	0.00012
0.1387	-0.3555	-0.2211	0.00988379955404389	-0.006949901081441421	0.0060301125656404084	1.53724182	77.59031677	1.47715921	0.5808444644794856	0.0318352	0.00212
0.0733	-0.2283	-0.5529	0.013669418701619588	-0.007539822368615503	0.00451865743341332	1.84637451	93.19338989	1.68995445	0.8187497783488433	0.04447	0.01758
-0.0153	-0.0041	-1.0461	0.018743090837167107	-0.008059930485709814	0.001410226035611418	2.21886516	111.99437714	2.03810972	1.2411105825221866	0.0753615	0.06861
0.0368	0.0023	-0.6594	0.015051719469199098	-0.008946557745722932	0.0016720254234105676	1.83934247	92.8384552	1.77158141	0.6871899007890138	0.051786	0.02869
0.1166	-0.0157	-0.4347	0.0117879537679697	-0.00803724120543389	0.004469788214357478	1.44226646	72.79655457	1.37928979	0.6710422516232675	0.0373012	0.00731
0.1633	-0.1814	-0.3263	0.00990474350506782	-0.007958701389094143	0.006293657282691553	1.20813143	60.97888947	1.17739147	0.5100809573787851	0.0304506	0.00172
0.1885	-0.3687	-0.1608	0.011484266478122689	-0.008861036612375212	0.007426375967235872	1.31970465	66.61040497	1.31775778	0.5587288440440129	0.0385403	0.00502
0.1714	-0.541	-0.0258	0.01300444825660975	-0.010032152540463406	0.007585200929167356	1.2287724	62.02071762	1.25315916	0.46690613342533693	0.0499212	0.01676
0.1605	-0.6739	-0.0028	0.01442340093848114	-0.011604694196510298	0.007127924665144842	1.10608804	55.82837677	1.13185138	0.33923853009703975	0.0584438	0.03004
0.157	-0.7577	-0.0049	0.013259266327400921	-0.01063080047389746	0.006742206900454094	1.13554907	57.31538773	1.13777141	0.2155873049191902	0.05828	0.0285
0.1421	-0.5108	0.153	0.005190609195431136	-0.007552039673379464	0.006281439977927592	1.86025071	93.89377594	1.78264881	1.000109242750714	0.0359918	0.00718
0.1588	-0.5038	0.0196	0.0034749505407207105	-0.006181956210563915	0.006464699549386996	1.30244112	65.73905182	1.28317241	0.32055008444926897	0.0273002	0.00116
0.1586	-0.3952	0.0114	0.0034836771869806815	-0.0061295963330040846	0.006311110575211495	1.09191704	55.1131134	1.05844874	0.12773377489976517	0.0231773	0.00035
0.1561	-0.2892	0.0025	0.003639011490408177	-0.005963790054064624	0.0062343160881237454	1.07447636	54.23282242	1.0457143	0.13729675347273523	0.0194629	0.00015
0.1494	-0.2929	-0.0114	0.0045483280306972225	-0.0060353485533963915	0.006136577650012062	1.02602446	51.78726959	1.0045739	0.07823067388662477	0.02173	0.00016
0.1496	-0.285	-0.014	0.005133013330115323	-0.006072000467688272	0.0062238441126117785	1.01356995	51.15864944	0.99370146	0.04613018381548487	0.0223807	0.00016
0.1526	-0.2825	-0.018	0.0050893800988154655	-0.006000441968356505	0.006339035843243405	0.96853387	48.88550949	0.9732202	0.021019173063162522	0.0218967	0.00015
0.154	-0.287	-0.0133	0.004583234615737109	-0.006037093882648386	0.006450736915371042	1.01341414	51.15077972	0.99906934	0.04332492347489375	0.0226711	0.0002
0.1537	-0.3544	-0.0234	0.004717624968140673	-0.006019640590128442	0.006487388829662923	1.00691473	50.82273483	1.00491916	0.08722477796076941	0.0238343	0.00033
0.1565	-0.4179	-0.0196	0.00493055513688398	-0.005982988675836561	0.006564183316750673	0.97515428	49.21966553	0.98436413	0.08641882850614696	0.0262935	0.00078
0.1554	-0.4297	-0.0215	0.00493055513688398	-0.005976007358828583	0.006578145950766627	0.98591471	49.76278305	0.98137377	0.01584719755119663	0.0282864	0.00105
0.1564	-0.4109	-0.0164	0.004513421445657336	-0.005953318078552658	0.006653195108602383	0.99695498	50.3200264	0.99223806	0.0506436064669163	0.0278074	0.00121
0.1592	-0.4328	-0.0203	0.0047577675409365425	-0.005965535383316617	0.006696828339902243	0.97608978	49.26688385	0.9850263	0.04360983156715129	0.0297875	0.00177
0.1581	-0.4182	-0.009	0.005030038904247658	-0.005967280712568612	0.00665144977935039	0.95139021	48.02020264	0.96872275	0.042969762655748166	0.029377	0.00223
0.1568	-0.3732	-0.001	0.005014330940979708	-0.005976007358828583	0.006557201999742696	0.99285996	50.11333466	0.99362954	0.0602341194567808	0.0308722	0.00219
0.1559	-0.355	0.0038	0.004686209041604775	-0.0059306287982767315	0.006553711341238707	0.98104995	49.51724243	0.98626517	0.04274955592153867	0.0296405	0.00201
0.1564	-0.3528	0.003	0.004794419455228423	-0.005972516700324595	0.0065554566704907015	0.96084076	48.49720764	0.97477487	0.011092182246175263	0.028435	0.00164
0.1541	-0.3475	-0.0103	0.005480333851262195	-0.006014404602372459	0.006536258048718765	0.98581904	49.75795364	0.98874379	0.058250045992678696	0.0293587	0.00176
0.1529	-0.3586	-0.0034	0.005115560037595381	-0.005900958200992828	0.006586872597026601	0.98967999	49.95283127	0.98788293	0.045641738167714045	0.0291771	0.00213
0.1533	-0.3394	0.0044	0.004305727264670011	-0.005784021141109208	0.006647959120846402	0.98750299	49.84294891	0.99106633	0.0767928178314395	0.0279319	0.00151
0.1568	-0.4018	-0.0022	0.004408701690537677	-0.005750859885321316	0.006717772290926174	0.96971518	48.94513321	0.98009876	0.08279744258676651	0.0295277	0.00214
0.1548	-0.4484	0.0035	0.004686209041604775	-0.005768313177841259	0.006738716241950105	0.98244357	49.58758163	0.98848071	0.07009522973054866	0.0327069	0.00279
0.1525	-0.413	0.0168	0.0044628068973495	-0.005729915934297383	0.006663667084114349	0.97348511	49.13541412	0.97809878	0.06784242728174543	0.0305687	0.00207
0.1544	-0.3712	0.0189	0.004000294645571003	-0.005682792044493536	0.006677629718130304	0.95597744	48.2517395	0.97812392	0.07197993877991499	0.0269365	0.00115
0.1571	-0.4027	0.0095	0.004202752838802345	-0.005679301385989549	0.006719517620178169	0.93349046	47.11673737	0.96547726	0.05599183768915972	0.0259237	0.00095
0.1566	-0.4066	0.0047	0.004687954370856769	-0.0057037359955174685	0.006714281632422186	0.93429506	47.15734863	0.96479812	0.03494360646691636	0.0267196	0.00078
0.1558	-0.3653	-0.0017	0.004593706591249075	-0.005766567848589266	0.006763150851478027	1.03667283	52.32473373	1.01113688	0.058797442586766634	0.024572	0.00054
0.1588	-0.3453	-0.0086	0.00422893277758226	-0.0056635934227216	0.006756169534470049	0.9961639	50.28009796	0.99532591	0.05363647782712297	0.0227071	0.0002
0.1584	-0.3764	-0.0062	0.0044820055191214375	-0.0057037359955174685	0.006752678875966061	0.96613103	48.76422882	0.97344722	0.04873529864195173	0.0259387	0.00038
0.1561	-0.3799	-0.005	0.004651302456564888	-0.0057037359955174685	0.006700318998406232	1.01130199	51.04417419	0.99431507	0.018082840750163975	0.0265423	0.00039
0.1586	-0.3556	-0.007	0.004246386070102203	-0.005672320068981571	0.006714281632422186	0.99014837	49.97647095	0.98981731	0.05131474735072678	0.0244895	0.0002
0.1602	-0.3833	-0.0104	0.004349360495969869	-0.005701990666265475	0.006735225583446118	0.98987412	49.96263123	0.98611206	0.04037944870877507	0.02707	0.00041
0.1571	-0.3922	-0.0085	0.00451516677490933	-0.005682792044493536	0.0067369709126981125	0.96573979	48.74448013	0.97304444	0.023237511498169744	0.0301856	0.00046
0.1572	-0.3617	-0.0033	0.004412192349041665	-0.005642649471697667	0.006742206900454094	0.96191484	48.55142212	0.97354407	0.043217649320975805	0.0267621	0.00035
0.1583	-0.3686	-0.0011	0.0041887902047863905	-0.005625196179177724	0.006681120376634293	0.93240356	47.0618782	0.95637992	0.02529709802975088	0.0252244	0.00025
0.158	-0.3831	-0.0083	0.00441044701978967	-0.005701990666265475	0.006675884388878311	0.93481559	47.18362045	0.95748662	0.03718436449235066	0.0232599	0.00016
0.1572	-0.3747	-0.0082	0.004384267081009755	-0.005715953300281429	0.006674139059626316	0.95796436	48.35202408	0.96998283	0.01139439510239323	0.0226712	0.00015
0.1571	-0.371	-0.0131	0.004401720373529699	-0.005728170605045389	0.006668903071870333	0.98350459	49.64113617	0.97811984	0.010445329251994331	0.0237246	0.00017
0.159	-0.367	-0.0181	0.004550073359949217	-0.0057142079710294355	0.006693337681398254	0.95718986	48.31293488	0.96429483	0.02023751149816968	0.0238006	0.00011
0.1584	-0.3571	-0.0198	0.00443837228782158	-0.005717698629533424	0.0066217791820664855	0.96515721	48.71507645	0.9713156	0.02153751149816972	0.0244691	5e-05
0.1587	-0.3535	-0.0183	0.004305727264670011	-0.0057246799465414016	0.00661479786505851	0.98001128	49.46481705	0.98454504	0.01273038285837612	0.0248831	0.00012
0.1573	-0.3549	-0.0161	0.004447098934081553	-0.005654866776461627	0.006590363255530588	0.967215	48.81893921	0.97218451	0.016780972450961877	0.0212058	9e-05
0.1586	-0.3249	-0.0121	0.004085815778918725	-0.005574581630869889	0.006642723133090418	0.94791484	47.8447876	0.96582686	0.05999640891571975	0.0202691	5e-05
0.172	-0.3092	0.0152	0.003038618227722128	-0.005628686837681713	0.007185520530460655	0.96584892	48.74998856	0.98527899	0.138605007768933	0.0195476	0.0001
0.1978	-0.3156	0.0162	0.0026005405854715507	-0.005729915934297383	0.0077335539155868735	0.94239765	47.5663147	0.96922836	0.08756700619962329	0.0211104	9e-05
0.2004	-0.4176	-0.0212	0.003338814859065152	-0.005850343652684992	0.007576474282907384	0.99471188	50.20681	1.01395215	0.192789081233035	0.0226738	0.00013
0.1874	-0.4151	-0.0185	0.003871140280923423	-0.0057805304826052195	0.007168067237940712	0.95538616	48.22189331	0.97989561	0.06872728184523576	0.0225005	0.00023
0.1892	-0.3227	-0.0153	0.0034086280291449255	-0.0058416170064250214	0.007182029871956666	0.98287022	49.6091156	1.00203132	0.12427807048071272	0.0200242	4e-05
0.1847	-0.3164	-0.024	0.0030002209841782524	-0.005707226654021458	0.007250097712784445	0.94927257	47.91331863	0.9700345	0.05004326190990074	0.0191474	8e-05
0.1806	-0.3762	-0.0375	0.0038222710618675813	-0.0056758107274855595	0.0070581114950650685	0.9712252	49.02135086	0.99084122	0.12967261109723013	0.0221692	0.00012
0.1751	-0.3398	-0.0342	0.004108505059194652	-0.005527457741066041	0.006979571678725324	0.95807278	48.35749817	0.97227601	0.07085634000431668	0.0202451	0.0001
0.1755	-0.2941	-0.0347	0.003792600464583678	-0.005609488215909776	0.007033676885537148	1.05904543	53.45396423	1.02307248	0.06920201381332665	0.0200312	6e-05
0.1764	-0.2953	-0.0343	0.003258529713473413	-0.005574581630869889	0.007185520530460655	1.01255834	51.10758972	0.9986359	0.03854104905368304	0.0183855	6e-05
0.1693	-0.386	-0.0819	0.005550147021341968	-0.005797983775125162	0.007202973822980598	1.24254489	62.71586227	1.2333598	0.27202363723218853	0.0252979	0.00181
0.0265	-0.4558	-0.5991	0.027984609226477077	-0.01072679358275715	0.0069097585086455495	3.42784786	173.01623535	3.32331957	2.1126243663551074	0.0877675	0.08089
0.0603	-0.437	-0.4642	0.02473480615926364	-0.010491174133737914	0.007339109504636156	1.45027637	73.20084381	1.43078376	0.383238675611164	0.0764948	0.05693
0.088	-0.4301	-0.4319	0.022931881041953497	-0.009815731713216109	0.007710864635310948	0.98203421	49.56692123	1.02349899	0.20940613342533687	0.0701946	0.04487
0.0914	-0.4336	-0.4066	0.022382102327575284	-0.009665633397544596	0.008052949168701836	0.96979392	48.94910812	0.99340652	0.0842980781720307	0.0700085	0.04177
0.0909	-0.5452	-0.4239	0.0229598063099854	-0.009642944117268671	0.007960446718346137	0.98914081	49.92561722	1.01994308	0.16404478565208702	0.0721025	0.04675
0.0935	-0.5401	-0.4118	0.0229912222365213	-0.009445721911793312	0.007936012108818216	0.99323696	50.13236618	0.99487113	0.03245363707695904	0.0716341	0.04678
0.0986	-0.4983	-0.4007	0.022326251791511462	-0.009386380717225503	0.00800582527889799	1.05330586	53.16426849	1.03477588	0.09770624048287103	0.0702307	0.04155
0.0978	-0.5366	-0.4107	0.022293090535723575	-0.009386380717225503	0.007934266779566223	1.03051543	52.01394653	1.01744694	0.05433598775598265	0.0699652	0.04202
0.0984	-0.5495	-0.3963	0.02206270707446032	-0.009185667853246156	0.007799876427162659	0.99052334	49.99539948	0.98932069	0.056174333882308275	0.0682716	0.04067
0.1001	-0.4847	-0.3687	0.021109757302871415	-0.008969247025998859	0.00788888821901437	1.03711355	52.34697723	1.0292531	0.15701911953439554	0.0654124	0.03489
0.103	-0.5112	-0.3741	0.020858429890584233	-0.008986700318518804	0.007873180255746421	1.00074196	50.51116943	0.999299	0.049024433403753696	0.0636491	0.03366
0.1026	-0.5172	-0.3609	0.02070833157491272	-0.008845328649107262	0.007792895110154682	0.97390819	49.1567688	0.98079	0.038187756533739584	0.0639655	0.03265
0.1041	-0.4614	-0.3477	0.020134118251006583	-0.008765043503515523	0.007803367085666647	0.97322679	49.12237549	0.98730425	0.10374852225049216	0.0615329	0.02897
0.1025	-0.4957	-0.355	0.020046851788406872	-0.008667305065403839	0.007789404451650692	0.97925526	49.42665482	0.98638785	0.05314837673636746	0.0609483	0.02885
0.1012	-0.5309	-0.3527	0.02038719099254576	-0.008623671834103981	0.007766715171374767	1.0008384	50.51603699	0.99429839	0.05913308578573356	0.0624272	0.03175
0.1031	-0.4727	-0.3437	0.0197606177910798	-0.008625417163355976	0.00786096295098246	0.99122578	50.03085327	0.99893659	0.10522831551628242	0.0588382	0.02799
0.1029	-0.4887	-0.3457	0.019624482109424243	-0.008665559736151846	0.007773696488382744	0.97384876	49.15377045	0.97991993	0.03137723585255718	0.0583737	0.02733
0.0995	-0.5492	-0.3604	0.02015157154352653	-0.008599237224576062	0.007737044574090863	1.01090157	51.02396393	1.00154111	0.1101031929984976	0.0609089	0.03088
0.0985	-0.5057	-0.3578	0.020006709215611	-0.008522442737488312	0.007689920684287015	0.9716351	49.04203796	0.97891938	0.06053903524035639	0.0601113	0.02918
0.101	-0.4903	-0.3624	0.019762363120331795	-0.008564330639536174	0.007709119306058954	1.01855791	51.41040802	1.00214679	0.03777163095495027	0.0597233	0.027
0.1029	-0.5271	-0.3717	0.020071286397934786	-0.00850149878646438	0.0077597338543667896	1.0092293	50.93955612	1.00205613	0.06911848394913109	0.0601978	0.02972
0.1014	-0.4667	-0.3613	0.019563395585604437	-0.008379325738824776	0.007819075048934596	0.98973411	49.95556259	0.99733547	0.10677025272688793	0.0592325	0.02636
0.1046	-0.4426	-0.3382	0.018669787008583346	-0.008278096642209104	0.007958701389094143	0.99472088	50.20726395	0.99814302	0.10712320068981548	0.0561473	0.0229
0.1069	-0.5045	-0.3487	0.018669787008583346	-0.008302531251737025	0.00792554013330625	0.97671193	49.29828644	0.99026145	0.07757979326579068	0.0558484	0.02385
0.1071	-0.5325	-0.3405	0.018854791909294743	-0.008274605983705116	0.007890633548266364	0.9833622	49.63394928	0.98652452	0.0487918376891596	0.0568944	0.02542
0.1111	-0.48	-0.3358	0.01869771227661525	-0.008232718081657252	0.007993607974134028	0.97370583	49.14655685	0.98628375	0.07629709802975115	0.0566455	0.02325
0.1129	-0.4551	-0.3304	0.018296286548656556	-0.008250171374177195	0.007986626657126052	0.99110347	50.02468109	0.99263443	0.05339301687433061	0.0544863	0.02076
0.1139	-0.5115	-0.3398	0.018589501862991603	-0.008286823288469077	0.007997098632638018	1.01173341	51.06594849	1.00141089	0.0838169602069447	0.0560626	0.02283
0.1153	-0.4909	-0.3264	0.018409732950036187	-0.008162904911577479	0.00804247719318987	0.97504508	49.21415329	0.97866022	0.05285329251994325	0.0547779	0.02221
0.1165	-0.4435	-0.3155	0.01756848425057492	-0.008009315937401978	0.008127998326537593	1.01169848	51.0641861	1.0064959	0.11351794034922452	0.0520597	0.01801
0.12	-0.4806	-0.3185	0.017592918860102842	-0.008032005217677904	0.008239699398665229	0.99447441	50.19482422	0.99492977	0.051541248096574135	0.0527406	0.01912
0.1234	-0.4953	-0.3149	0.017779669090066234	-0.008056439827205825	0.008314748556500984	0.96901059	48.90956879	0.97709646	0.03601169986635341	0.0533456	0.02045
0.1236	-0.4661	-0.3093	0.017399187313131472	-0.007960446718346137	0.00830078592248503	1.00793624	50.87429047	1.00297556	0.059521875990520154	0.0531267	0.01787
0.123	-0.4598	-0.3129	0.016929693744344998	-0.007838273670706533	0.00830078592248503	0.98477256	49.70513535	0.98717171	0.04008333082130392	0.0522985	0.01594
0.1241	-0.527	-0.3208	0.01764178807915868	-0.007944738755078189	0.00821526478913731	1.00579441	50.76618576	1.00680846	0.12140402762665305	0.0542347	0.02008
0.1236	-0.5099	-0.3155	0.017978636624793588	-0.00803025988842591	0.008227482093901268	0.98777223	49.85654068	0.98504408	0.0446293491873293	0.0550416	0.02088
0.1255	-0.484	-0.3072	0.017592918860102842	-0.007995353303386023	0.008313003227248992	1.01868665	51.41690445	1.00293892	0.06140727415391788	0.0536245	0.01894
0.127	-0.477	-0.3122	0.017549285628802983	-0.00800582527889799	0.008278096642209104	0.97835577	49.3812561	0.98393979	0.017950589592585643	0.0531052	0.01863
0.1279	-0.5048	-0.3084	0.01777792376081424	-0.008065166473465796	0.008272860654453122	0.97595805	49.26023483	0.97937014	0.04716076571675229	0.0549117	0.02034
0.1279	-0.4452	-0.2959	0.017228145046436025	-0.00799011731563004	0.008274605983705116	1.0078845	50.87168121	1.00828873	0.10342866007329832	0.0519505	0.0167
0.1313	-0.4207	-0.2904	0.016306611201383023	-0.007773696488382744	0.008478809506188453	0.98195779	49.56306458	0.99495851	0.1005079097391816	0.0493158	0.01361
0.136	-0.4861	-0.3072	0.016357225749690858	-0.007780677805390721	0.008475318847684463	0.95515448	48.21020126	0.97877927	0.08995432619098995	0.049973	0.01454
0.1377	-0.5147	-0.3017	0.01667313034430183	-0.00796568270610212	0.008374089751068793	0.944897	47.69246674	0.9696892	0.06590692959690211	0.0514525	0.01613
0.1391	-0.4925	-0.2944	0.017105971998796425	-0.00804247719318987	0.008436921604140588	0.94916737	47.90800858	0.97203186	0.059523399732707025	0.0528677	0.01733
0.1366	-0.4826	-0.2426	0.016378169700714786	-0.008040731863937877	0.008323475202760958	1.09000993	55.01685715	1.05076355	0.10634970143566312	0.0504686	0.01605
0.1428	-0.4731	-0.3078	0.017008233560684743	-0.00797790001086608	0.00840550567760469	1.05168009	53.08220673	1.04473762	0.11964630939427424	0.0508521	0.01604
0.1428	-0.4448	-0.3219	0.017092009364780468	-0.00793775743807021	0.008407251006856685	1.01460552	51.21091843	1.00745431	0.04868318530717953	0.0508776	0.01583
0.1469	-0.4288	-0.2983	0.016133823605435582	-0.007862708280234455	0.008391543043588736	1.02067029	51.51702881	1.00722438	0.09614714402242944	0.0481597	0.01284
0.1486	-0.4693	-0.3006	0.015981979960512073	-0.0077614791836187825	0.008649851772883898	0.97021967	48.97059631	0.97766699	0.0700690735417171	0.0483623	0.01324
0.1549	-0.4266	-0.2848	0.015327481491014202	-0.0076393061359791795	0.008772024820523501	0.95979339	48.44434357	0.9749075	0.10974222823885388	0.0472818	0.01034
0.1594	-0.404	-0.2751	0.014692181643288267	-0.007562511648891429	0.009026842891314672	0.9894259	49.94000626	0.99431365	0.08514562028024268	0.0457288	0.00887
0.1584	-0.496	-0.293	0.015126768627034853	-0.0077492618788548235	0.008833111344343302	0.99899244	50.42286682	1.01051119	0.15165343803406744	0.0466956	0.01098
0.1578	-0.5072	-0.2872	0.015575318244797397	-0.007838273670706533	0.00880518607631139	0.98940325	49.93886185	0.99005721	0.0458743338823082	0.0483301	0.01298
0.1556	-0.4643	-0.2739	0.015262904308690413	-0.007770205829878755	0.008792968771547434	0.96720099	48.81823349	0.97955891	0.07803495408493606	0.0465775	0.01122
0.1582	-0.4718	-0.2766	0.015332717478770184	-0.00786096295098246	0.008763298174263528	0.97543687	49.23392868	0.97662583	0.022312044423369183	0.0473604	0.01164
0.153	-0.45	-0.2777	0.015584044891057369	-0.007798131097910665	0.008688249016427773	1.00067353	50.50771332	0.98533371	0.04756042115973677	0.0473843	0.01179
0.1504	-0.4129	-0.2709	0.01490336648277958	-0.007656759428499123	0.008716174284459682	0.98122877	49.52626801	0.98544136	0.088998767286062	0.0452557	0.00946
0.153	-0.4489	-0.2725	0.015151203236562775	-0.007728317927830892	0.008763298174263528	0.93245262	47.06435394	0.96145179	0.0585259571459406	0.046447	0.01063
0.1518	-0.4677	-0.2776	0.015570082257041413	-0.0077824231346427155	0.00869173967493176	1.01542366	51.25220871	0.99468874	0.05232713633111146	0.048147	0.01194
0.1517	-0.4265	-0.2666	0.014875441214747669	-0.007520623746843567	0.008895943197415098	1.02149105	51.55845261	1.00183611	0.11033219762881157	0.0462345	0.00978
0.1514	-0.4558	-0.2719	0.014941763726323453	-0.007506661112827611	0.008874999246391164	0.96132892	48.52184677	0.97350027	0.03996145483078362	0.0464719	0.01014
0.1518	-0.5042	-0.263	0.015433946575385854	-0.007780677805390721	0.008878489904895155	1.002509	50.60036087	0.99877989	0.096184510006475	0.0493808	0.01247
0.1545	-0.4721	-0.2641	0.015271630954950384	-0.007723081940074907	0.008946557745722932	0.99851662	50.39884949	0.98869473	0.050298966328952976	0.0479457	0.01168
0.1567	-0.4602	-0.2563	0.01473406954533613	-0.007532841051607526	0.008976228343006836	0.95963824	48.43651199	0.97343768	0.05977364476827705	0.0455744	0.01007
0.1581	-0.5	-0.2552	0.015119787310026875	-0.00752236907609556	0.009007644269542734	0.9375723	47.32276154	0.96545757	0.06368028333693046	0.0470673	0.0114
0.1547	-0.4625	-0.2482	0.015046483481443114	-0.007463027881527753	0.009026842891314672	0.99159342	50.04940796	0.98819111	0.05549218224617519	0.0466532	0.01079
0.1556	-0.451	-0.2423	0.01437104106092131	-0.007361798784912082	0.009154251926710258	0.96706885	48.81156158	0.97486909	0.06350402762665305	0.0437193	0.00893
0.1587	-0.4812	-0.2558	0.014592697875924588	-0.007300712261092281	0.009222319767538036	0.95085996	47.99343872	0.9725944	0.06434055898254291	0.0447826	0.00984
0.1572	-0.4969	-0.2512	0.015090116712742973	-0.007260569688296411	0.009155997255962252	0.94887805	47.89340591	0.96768139	0.05199419605950198	0.0467517	0.01151
0.1616	-0.4553	-0.2525	0.014847515946715762	-0.007237880408020484	0.009314822217893735	1.03572094	52.27668762	1.01447604	0.06850575041173106	0.0451542	0.01009
0.1708	-0.4618	-0.2592	0.014828317324943824	-0.007189011188964644	0.009543460349904992	0.99382031	50.16180801	0.99096966	0.03723529864195177	0.0451826	0.01028
0.1765	-0.4807	-0.253	0.01499237827463129	-0.0072623150175484055	0.009653416092780637	0.96066362	48.48826599	0.97168991	0.04816602605734365	0.0463532	0.0117
0.1789	-0.4522	-0.2511	0.014725342899076158	-0.007293730944084303	0.009705775970340468	1.01353371	51.15681839	1.00140944	0.05034055898254308	0.045706	0.01038
