trans_x	trans_y	trans_z	rot_x	rot_y	rot_z	dvars_std	dvars_nstd	dvars_vstd	framewise_displacement	aqi	aor
0.0	-0.0	0.0	-0.0	0.0	-0.0	n/a	n/a	n/a	n/a	0.036092	0.00014
0.0262	-0.0096	0.0098	0.00023911010752322313	7.853981633974481e-05	3.141592653589793e-05	0.96796739	64.80433655	0.98406862	0.0630532925199433	0.0330981	0.0001
0.0985	-0.008	0.025	5.759586531581287e-05	-0.00012217304763960306	-1.7453292519943296e-05	0.99561405	66.65525055	1.00339551	0.11065481626212997	0.0302079	4e-05
0.1135	-0.0008	0.0105	-0.00018151424220741024	-0.0002251474735072685	-0.00011344640137963142	0.97736382	65.43341827	0.99255254	0.05860388211252882	0.0308816	9e-05
0.0132	-0.0125	0.0147	0.0001361356816555577	-0.0001605702911834783	-0.00015184364492350666	0.99526387	66.63180542	1.00427326	0.13723121748653164	0.0351813	8e-05
0.0299	-0.02	0.0291	0.00032637657012293966	-0.000158824961931484	-0.0002373647782712288	0.97350466	65.17504883	0.99101402	0.05247536755335492	0.0338923	7e-05
0.0569	-0.0235	0.0276	0.0004258603374866164	-0.00011344640137963142	-0.00028099800957108706	0.95781589	64.12470245	0.97781245	0.04142477796076938	0.0320682	5e-05
0.0796	-0.0313	0.0318	0.0005427973973702365	-0.00022863813201125715	-0.0001884955592153876	0.97066653	64.98503876	0.98786602	0.05093156204354727	0.0310361	3e-05
0.1442	-0.0148	0.016	-1.5707963267948964e-05	-0.00048345620280242926	-0.0002303834612632515	0.99598294	66.6799469	1.00836222	0.13966056667386106	0.0291648	5e-05
0.0693	-0.0063	-0.0132	-5.759586531581287e-05	-0.0003892084231947355	-0.00041189770347066176	0.98977995	66.2646637	1.0016393	0.1284824961931484	0.0323663	9e-05
-0.0192	-0.0283	0.0001	0.0004520402762665313	-0.00034208453339088857	-0.00026354471705114377	0.99949563	66.91511536	1.01260268	0.15905565089028545	0.0363861	9e-05
-0.0314	-0.0333	0.027	0.0006859143960337716	-0.00028623399732707005	-0.00023911010752322313	0.9731338	65.15022278	0.99192716	0.059807963267948974	0.0364924	0.00016
0.0799	-0.0288	0.0305	0.0005445427266222308	-0.00041189770347066176	-0.00021467549799530252	1.00554335	67.32000732	1.01186576	0.13387349925415268	0.030378	3e-05
0.1341	-0.0072	0.0037	1.3962634015954635e-05	-0.0005846852994181004	-0.00029845130209103034	0.98285949	65.80134583	1.00029621	0.14195717463247207	0.0292137	4e-05
0.013	-0.0145	-0.0161	0.0010140362954087054	-0.00039793506945470715	-0.0004310963252425994	1.05902719	70.90068817	1.05072388	0.21417344572538563	0.0343382	0.00011
0.0033	-0.0308	-0.0595	0.002464404903815993	0.0001605702911834783	-0.0007086036763096977	1.13498163	75.98575592	1.11212793	0.18371906600562857	0.0365881	0.00011
0.0414	-0.0194	-0.0029	0.0006859143960337716	-0.00021642082724729686	-0.0005654866776461627	1.11429679	74.60092926	1.09408886	0.22102993124382656	0.0319782	7e-05
0.0537	-0.0317	-0.0183	0.0016301375213627037	-0.0002443460952792061	-0.0006981317007977319	0.99526846	66.6321106	1.00690566	0.09523967082562051	0.030595	9e-05
0.062	-0.0497	-0.0346	0.002324778563656447	-0.0003001966313430247	-0.0005707226654021458	0.97720134	65.42253876	0.9910349	0.0864950306876574	0.0299298	6e-05
0.1072	-0.0479	-0.0108	0.0019425514574696887	-0.0006632251157578452	-0.0006318091892219474	0.98755324	66.11558533	0.99948248	0.111117105721069	0.0286391	5e-05
0.1753	-0.0164	-0.0441	0.0009634217471008699	-0.0006318091892219474	-0.000705113017805709	1.04966497	70.27389526	1.04943365	0.18709247327442396	0.0301161	4e-05
-0.0538	0.0026	-0.0375	-0.00017976891295541595	-1.7453292519943296e-05	-0.0008237954069413235	1.249053	83.62270355	1.20544251	0.34851144729469524	0.0527527	0.00084
-0.0903	-0.0297	-0.0157	0.0008883725892651138	-0.00011519173063162575	-0.0006510078109938849	1.03656065	69.39657593	1.04209202	0.15753337681398255	0.0472707	0.00053
0.023	-0.0498	0.0032	0.0013962634015954637	-0.00023911010752322313	-0.00033335788713091696	1.02089703	68.34791565	1.02107524	0.19977295565424577	0.0349956	9e-05
0.1929	-0.0261	0.0149	0.00046949356878647465	-0.00038571776469074686	-0.0004363323129985824	1.0918082	73.09533691	1.07815617	0.2641175957922089	0.0285819	5e-05
0.115	-0.0164	-0.0099	0.0005480333851262194	-0.0004014257279586958	-0.0008011061266653974	0.99358279	66.51925659	1.00126811	0.1353510796637254	0.0314588	9e-05
0.0364	-0.0201	-0.021	0.0008307767239493009	-0.000291469985083053	-0.000895353906273091	0.97222364	65.0892868	0.98385247	0.11774734306532088	0.0344831	5e-05
0.0269	-0.022	-0.0235	0.0011484266478122688	-0.0002652900463031381	-0.0009616764178488756	0.9617641	64.38903046	0.97811557	0.03440761871093337	0.0349876	6e-05
0.0214	-0.026	-0.0282	0.001335176877775662	-0.00021642082724729686	-0.0008133234314293575	0.97537881	65.30052185	0.98985901	0.03339862177193763	0.0338086	8e-05
-0.0411	-0.0478	-0.0038	0.0017610372152622785	-7.853981633974481e-05	-0.0005550147021341969	1.01255846	67.78965759	1.02135599	0.14980250388446645	0.0367449	0.00011
0.1143	-0.0363	0.0106	0.0012793263417118436	-0.0003700098014227979	-0.0005201081170943102	1.06806898	71.50602722	1.06007582	0.22170437218366873	0.02865	3e-05
0.1446	-0.0226	-0.0081	0.0009930923443847736	-0.0003159045946109737	-0.0008395033702092724	0.99457419	66.58563232	1.00983947	0.09568672286269284	0.0285491	3e-05
0.0649	-0.0273	-0.0217	0.0014189526818713899	-0.00034557519189487725	-0.0008813912722571365	0.9738996	65.20149231	0.98506243	0.1228709418409192	0.031513	7e-05
0.0519	-0.0377	-0.0228	0.0016667894356545846	-0.00034033920413889426	-0.0007155849933176752	0.96161067	64.37876129	0.98034181	0.045443951023931936	0.0316448	5e-05
-0.0128	-0.0494	-0.0039	0.0020193459445574393	-0.0002443460952792061	-0.000635299847725936	0.97653049	65.37762451	0.99172766	0.1217417381677141	0.0348108	4e-05
0.0264	-0.066	0.0068	0.002237512101056731	-0.0002530727415391778	-0.000661479786505851	0.96451193	64.57299805	0.98096418	0.07915363707695891	0.0317547	4e-05
0.1755	-0.0442	0.0025	0.0016702800941585732	-0.0005148721293383271	-0.0007435102613495844	1.05818272	70.84415436	1.05339407	0.220753093477052	0.0270844	1e-05
0.1283	-0.0284	-0.0275	0.0015166911199830724	-0.00045902159327450867	-0.0007487462491055673	0.97576708	65.3265152	0.99004925	0.10373377489976512	0.0285854	3e-05
-0.0145	-0.0569	0.0008	0.0019216075064457567	-0.0006161012259539982	-0.0008691739674931761	1.04542542	69.99006653	1.04479701	0.23372118687648913	0.0353216	0.0001
0.0256	-0.0687	0.0341	0.0022706733568446224	-0.0006492624817418905	-0.0008691739674931761	0.96672934	64.72145081	0.98460806	0.10431135530933788	0.0328301	4e-05
0.1136	-0.074	0.0468	0.0022060961745208325	-0.0006736970912698113	-0.000783652834145454	0.99186414	66.40419769	0.99977768	0.11472664625997164	0.0289696	3e-05
0.1728	-0.0429	0.0172	0.0018325957145940458	-0.0006544984694978735	-0.0009040805525330626	1.0142771	67.90471649	1.02254404	0.14555634000431664	0.0274385	6e-05
0.0301	-0.0514	0.0048	0.001963495408493621	-0.0008482300164692441	-0.0017226399717184032	1.05527043	70.64917755	1.04435983	0.22075953300281437	0.0361812	0.00014
-0.0012	-0.0632	0.0459	0.002197369528260861	-0.0008779006137531476	-0.0016772614111665507	1.00468993	67.26287079	1.01490156	0.09964616388014982	0.0382938	0.00014
0.0333	-0.0794	0.0488	0.0026895523773232616	-0.0008621926504851988	-0.001553343034274953	0.97892314	65.53781128	0.99301415	0.08519045946109732	0.0358887	9e-05
0.1493	-0.0648	0.0362	0.002441715623540067	-0.0010000736613927507	-0.0015777776438028737	1.032794	69.14440155	1.03407051	0.16370761871093337	0.0309131	5e-05
0.1285	-0.046	0.0029	0.0021956241990088664	-0.0008813912722571365	-0.0015306537539990272	0.98060185	65.65019989	0.99577844	0.09349488517353306	0.0299416	3e-05
-0.0101	-0.0664	0.0157	0.0025918139392115793	-0.0008272860654453122	-0.0015306537539990272	1.02571857	68.67071533	1.02793697	0.19431474735072685	0.0362551	9e-05
-0.0032	-0.0677	0.0317	0.002848377339254746	-0.0008063421144213803	-0.0014172073526193955	0.9564079	64.03044128	0.97615228	0.0437476876223365	0.0358692	4e-05
0.0604	-0.0707	0.0394	0.002855358656262723	-0.0009232791743050004	-0.0012531464029319286	0.96359712	64.51174927	0.97853451	0.0886989663289532	0.0325455	3e-05
0.1654	-0.0541	0.0268	0.0023457225146803788	-0.0010471975511965976	-0.0012845623294678264	1.01823211	68.16950226	1.02441785	0.16744852225049195	0.0282907	4e-05
0.1066	-0.0398	-0.0033	0.002251474735072685	-0.0008918632477691023	-0.0012897983172238095	0.99524909	66.6308136	1.00634333	0.1159409035395586	0.0300732	4e-05
0.0558	-0.0268	-0.0669	0.0024312436480281013	-0.0002617993877991494	-0.0011205013797803594	1.06901467	71.56933594	1.06602489	0.176356485518441	0.0344356	0.00011
0.0926	-0.0426	-0.0071	0.001668534764906579	-0.0006021385919380437	-0.000900589894029074	1.07483912	71.95928192	1.06806438	0.17854797865058508	0.0296946	9e-05
0.0811	-0.0652	-0.0159	0.002535963403147761	-0.0005602506898901797	-0.0011641346110802177	0.99462026	66.5887146	1.00532994	0.10154306286700945	0.0298995	2e-05
0.1228	-0.0626	-0.0323	0.0032498030672134413	-0.0004974188368183839	-0.0011414453308042916	0.97238749	65.10025787	0.98531789	0.10066803987067012	0.0286096	5e-05
0.115	-0.0767	-0.0233	0.0031974431896536117	-0.0005340707511102648	-0.0007819075048934597	0.9808104	65.66416168	0.99352042	0.05332748088812712	0.0295481	5e-05
0.2178	-0.0507	-0.014	0.0022113321622768156	-0.000726056968829641	-0.0007888888219014368	1.0557555	70.68164825	1.050387	0.19735392810520744	0.0255865	6e-05
0.1466	-0.033	-0.0328	0.002057743188101315	-0.0008447393579652555	-0.0010210176124166828	1.01334667	67.84243011	1.01692662	0.13292000769131807	0.0288745	5e-05
0.0051	-0.0407	-0.0401	0.0023928464044842257	-0.000874409955249159	-0.001254891732183923	1.03977978	69.61209106	1.03535857	0.18643239667170272	0.0347834	7e-05
0.0152	-0.0404	-0.0508	0.002808234766458876	-0.0009093165402890458	-0.0013473941825396225	0.94422108	63.2145462	0.96390727	0.04823986986851184	0.0354324	8e-05
0.0079	-0.0434	-0.0471	0.002804744107954888	-0.0009756390518648303	-0.0012932889757277981	0.96961319	64.91452026	0.98539254	0.020195918844579844	0.0355854	6e-05
-0.0596	-0.0711	-0.0108	0.003300417615521277	-0.0011065387457644049	-0.0012042771838760874	1.02876258	68.87450409	1.03560744	0.1672792496658837	0.0399361	0.0002
0.0642	-0.0931	0.0189	0.0033772121026090277	-0.0010943214410004448	-0.0010384709049366262	1.04238927	69.78679657	1.04024052	0.18824090353955855	0.0323079	5e-05
0.2763	-0.0652	0.0151	0.002541199390903744	-0.0012339477811599909	-0.0011780972450961724	1.12765551	75.4952774	1.11007291	0.2995632696012189	0.0279142	3e-05
0.1445	-0.077	-0.0092	0.003082251459021986	-0.0012583823906879114	-0.0011711159280881952	1.02491236	68.61673737	1.02669341	0.19652339973270705	0.0299396	4e-05
0.0935	-0.085	0.0266	0.00325329372571743	-0.0012740903539558604	-0.001158898623324235	0.97136974	65.03211975	0.98826004	0.10474837673636767	0.0319313	3e-05
0.1395	-0.0916	0.0378	0.003506366467256608	-0.0012723450247038664	-0.0010070549784007281	0.95309556	63.80868149	0.97238067	0.08413308578573393	0.0302449	3e-05
0.2061	-0.0818	0.03	0.003106686068549906	-0.001335176877775662	-0.0010314895879286487	0.97325897	65.15859985	0.98618585	0.10854734306532088	0.028339	3e-05
0.1935	-0.0567	0.0037	0.0026720990848033187	-0.0013753194505715315	-0.001254891732183923	0.97925818	65.5602417	0.99502246	0.09890658503988657	0.0287739	3e-05
0.081	-0.0653	-0.0333	0.0033300882128051803	-0.0012758356832078548	-0.0012374384396639797	1.00246227	67.11373138	1.00710528	0.19684630939427408	0.0323122	4e-05
0.0611	-0.0637	-0.0438	0.0034243359924128747	-0.0010786134777324957	-0.001282817000215832	0.94356298	63.17048645	0.96474117	0.04884242728174528	0.0326545	5e-05
0.0427	-0.0628	-0.024	0.0033615041393410786	-0.0009791297103688187	-0.0011257373675363424	0.96698916	64.73884583	0.98503961	0.055069762655748145	0.0334055	5e-05
0.0046	-0.086	0.0002	0.003897320219703338	-0.001022762941668677	-0.0009669124056048585	0.98776448	66.12973022	1.00284228	0.12241371367968008	0.0356472	9e-05
0.1759	-0.0715	0.002	0.0033597588100890844	-0.0011850785621041497	-0.0010210176124166828	1.0735296	71.87160492	1.06356348	0.22529911184307755	0.028082	2e-05
0.1672	-0.0628	-0.0079	0.003157300616857742	-0.00119729586686811	-0.0011152653920243766	0.96555901	64.64309692	0.98248898	0.04274616388014983	0.0288844	3e-05
0.0627	-0.0804	0.0073	0.003679154063204046	-0.0011327186845443199	-0.0010367255756846318	0.99572414	66.66262054	1.0054606	0.17054852225049194	0.0323538	2e-05
0.0954	-0.0952	0.0025	0.004101523742186674	-0.0011449359893082802	-0.0009128071987930344	0.94828218	63.48643112	0.96948926	0.0802252680319093	0.0310463	4e-05
0.1945	-0.0903	0.0136	0.0038938295611993493	-0.0012060225131280816	-0.0009773843811168245	0.98351133	65.84498596	0.99469156	0.13176789435654584	0.028495	3e-05
0.2664	-0.0647	0.007	0.0031834805556376572	-0.0012880529879718153	-0.0011746065865921838	0.99173641	66.39564514	1.00453634	0.15358008429403927	0.0280975	4e-05
0.1138	-0.0775	0.0079	0.003525565089028546	-0.001308996938995747	-0.0011152653920243766	1.03008461	68.9630127	1.02794385	0.1874184839491314	0.0309541	3e-05
0.0637	-0.097	0.0014	0.004113741046950634	-0.0013055062804917586	-0.0010175269539126942	0.95452225	63.90419769	0.9728538	0.11057025272688795	0.0334424	6e-05
0.0977	-0.0978	0.0091	0.004190535534038385	-0.0012095131716320703	-0.0010245082709206715	0.94753194	63.43620682	0.96752904	0.05148844564777082	0.0316849	5e-05
0.1779	-0.0831	0.0187	0.003673918075448063	-0.0013055062804917586	-0.0010821041362364843	0.98435622	65.90155029	0.99512078	0.13801032163829116	0.0294114	6e-05
0.1762	-0.0618	-0.0076	0.0032218777991815323	-0.00124965574442794	-0.001158898623324235	0.96176201	64.38889313	0.98064711	0.07853426497090499	0.0291647	5e-05
0.0372	-0.0755	-0.0118	0.003652974124424132	-0.0012374384396639797	-0.0011466813185602744	1.02340138	68.51557922	1.02399523	0.17967654673852604	0.0338282	5e-05
0.0482	-0.0814	0.003	0.003913028182971286	-0.0012531464029319286	-0.0009896016858807848	0.95040512	63.62856293	0.97041397	0.05334208272472966	0.0337948	9e-05
0.1231	-0.0841	0.0053	0.004024729255098924	-0.0012880529879718153	-0.0009704030641088471	0.9649334	64.60121155	0.97999706	0.08819031394697308	0.0301257	5e-05
0.2348	-0.0645	-0.0084	0.0034016467121369483	-0.0013369222070276565	-0.0010821041362364843	1.01574612	68.00306702	1.02231649	0.1841826417072727	0.0280017	4e-05
0.1462	-0.0569	-0.033	0.0035482543693044722	-0.0012077678423800758	-0.0010349802464326373	1.00338984	67.17582703	1.00857004	0.1369442955809476	0.0293444	6e-05
0.1284	-0.0701	-0.0978	0.005728170605045389	-0.000645771823237902	-0.0007958701389094143	1.12247252	75.14828491	1.09995267	0.24485111812031568	0.0344372	0.00019
0.1257	-0.0689	-0.0468	0.004036946559862884	-0.0011327186845443199	-0.0008447393579652555	1.0754298	71.99882507	1.06972785	0.16625200627723816	0.0294031	5e-05
0.1034	-0.0782	-0.0395	0.004302236606166022	-0.0011990411961201044	-0.0007993607974134029	0.98891401	66.20668793	1.0026169	0.05774955592153876	0.0300484	2e-05
0.1115	-0.0908	-0.0133	0.004422664324553631	-0.001377064779823526	-0.000874409955249159	0.96568346	64.65142822	0.98375932	0.06557502299633933	0.030802	5e-05
0.2125	-0.0716	-0.0314	0.003960152072775134	-0.0015585790220309364	-0.0009651670763528643	1.00825953	67.50184631	1.01748156	0.17503918075448066	0.0286634	4e-05
0.0833	-0.0718	-0.0486	0.004141666314982544	-0.0015463617172669759	-0.0010471975511965976	1.01966786	68.265625	1.02121705	0.1603881010907552	0.0321553	6e-05
0.0747	-0.0728	-0.0402	0.004213224814314312	-0.0015132004614790836	-0.0012252211349000194	0.95379347	63.85540771	0.97339703	0.032137166941154094	0.0329354	9e-05
0.1015	-0.0723	-0.04	0.004246386070102203	-0.0014835298641951804	-0.001281071670963838	0.94980031	63.58806992	0.97038292	0.03343411945678065	0.0323095	6e-05
0.1144	-0.0772	-0.0484	0.00451865743341332	-0.001322959573011702	-0.0012077678423800758	0.95724458	64.0864563	0.97557254	0.051507274153917856	0.0313417	3e-05
0.1061	-0.0946	-0.0304	0.004775220833456485	-0.0013107422682477415	-0.0010000736613927507	0.9783327	65.49828339	0.99440724	0.06752374428972258	0.0305936	3e-05
0.2574	-0.0699	-0.0244	0.003834488366631542	-0.0015027284859671175	-0.0011379546723003027	1.05391371	70.55834961	1.05146844	0.2455299847725936	0.0278552	3e-05
0.16	-0.0644	-0.0508	0.003947934768011174	-0.001572541656046891	-0.0012356931104119853	1.0026921	67.12911987	1.00766322	0.14334990047855445	0.0299002	4e-05
0.0462	-0.0819	-0.0335	0.004476769531365455	-0.001473057888683214	-0.001048942880448592	1.02232099	68.44324493	1.02626652	0.1893534380340676	0.0327766	1e-05
0.1012	-0.0918	-0.024	0.004609414554517024	-0.001439896632895322	-0.0007679448708775049	0.95538902	63.96222687	0.9733823	0.09674021442552744	0.0305069	4e-05
0.1929	-0.0844	-0.0153	0.004422664324553631	-0.001256637061435917	-0.0007452555906015787	0.98022455	65.62493896	0.98920133	0.1274349540849362	0.0266565	1e-05
0.2692	-0.0637	-0.0322	0.0038903389026953604	-0.0013473941825396225	-0.0008831366015091308	0.9811334	65.68578339	0.99528727	0.1519481776934764	0.0256921	3e-05
0.1199	-0.0726	-0.047	0.004291764630654057	-0.0012514010736799342	-0.0008726646259971648	1.02056491	68.32568359	1.02019985	0.1983945406165175	0.0283002	3e-05
0.0965	-0.0855	-0.0371	0.004710643651132695	-0.0011798425743481666	-0.0007243116395776468	0.94939899	63.561203	0.96817178	0.07813952531149619	0.0295201	3e-05
0.1634	-0.0842	-0.0125	0.004508185457901353	-0.0010995574287564276	-0.0006178465552059926	0.96362716	64.51376343	0.97845194	0.11226042115973676	0.0264204	3e-05
0.2402	-0.072	-0.0209	0.004050909193878839	-0.0012618730491919003	-0.0007609635538695277	0.98096949	65.67481232	0.99498252	0.13553544415607607	0.0250208	2e-05
0.1163	-0.0758	-0.0275	0.004356341812977846	-0.001165879940332212	-0.0007609635538695277	1.00424051	67.23278046	1.01002975	0.15437128639793476	0.0278696	2e-05
0.097	-0.0928	-0.0172	0.0048467793327882525	-0.0012164944886400475	-0.0006894050545377602	0.95194942	63.73194885	0.97141683	0.07723052837250045	0.0292802	2e-05
0.1683	-0.0943	-0.007	0.004778711491960474	-0.0013596114873035826	-0.0007208209810736582	0.96525306	64.622612	0.98129139	0.09513003830136059	0.0277986	3e-05
0.2623	-0.0816	-0.0459	0.004424409653805625	-0.001541125729510993	-0.000804596785169386	1.00996399	67.61595917	1.02097538	0.17657959422289932	0.0265278	4e-05
0.1273	-0.0728	-0.0533	0.0045640359939651725	-0.001500983156715123	-0.0009093165402890458	1.02328706	68.50792694	1.02510146	0.16542443340375385	0.0291742	3e-05
0.0579	-0.0881	-0.0377	0.004977679026687828	-0.0014154620233674013	-0.0006928957130417488	0.98152471	65.71198273	0.99662942	0.13607924966588367	0.032189	3e-05
0.1374	-0.0862	-0.013	0.00488168591782814	-0.0014800392056911916	-0.0007120943348136865	0.9734261	65.16979218	0.98632597	0.11508844564777077	0.0290187	2e-05
0.2365	-0.0629	-0.0361	0.004194026192542374	-0.0015777776438028737	-0.0007504915783575615	1.01279569	67.80554199	1.02139447	0.18668977034706613	0.0269573	2e-05
0.1491	-0.0592	-0.0618	0.004070107815650777	-0.0014067353771074296	-0.0006579891280018621	1.0072062	67.43132782	1.0135942	0.136173154697137	0.0286916	3e-05
0.0695	-0.0758	-0.0724	0.004532620067429273	-0.001467821900927231	-0.0006318091892219474	0.97753799	65.44507599	0.9898328	0.13428893571891065	0.031998	7e-05
0.0312	-0.088	-0.0371	0.0048956485518440946	-0.001361356816555577	-0.0005270894341022875	0.97946185	65.57387543	0.99573032	0.11451066619530675	0.0339178	4e-05
0.1333	-0.0982	-0.0319	0.004787438138220445	-0.0015638150097869194	-0.000486946861306418	1.00095046	67.01251221	1.00885869	0.13504055898254302	0.0290596	4e-05
0.2281	-0.0748	-0.047	0.0041277036809665895	-0.001626646862858715	-0.0005340707511102648	1.00775456	67.46804047	1.01747588	0.17178451000647488	0.0272746	2e-05
0.1037	-0.0963	-0.0657	0.004787438138220445	-0.0014486232791552935	-0.000619591884457987	1.00500154	67.28372955	1.0119765	0.21076395871524997	0.0308906	6e-05
0.1139	-0.1078	-0.047	0.005054473513775579	-0.0015114551322270892	-0.000445058959258554	0.95309287	63.8085022	0.97253397	0.06562000769131812	0.0306067	5e-05
0.1842	-0.1005	-0.0192	0.004944517770899936	-0.0014922565104551516	-0.0005026548245743669	0.97516149	65.2859726	0.98565499	0.11473751149816969	0.0276865	3e-05
0.2532	-0.0847	-0.0414	0.004440117617073575	-0.0016615534478986017	-0.000645771823237902	0.99391198	66.54129791	1.00575901	0.14784070449666728	0.0273635	3e-05
0.1377	-0.0929	-0.0744	0.004822344723260333	-0.0016074482410867775	-0.000582939970166106	1.00200737	67.08327484	1.00747493	0.1816582083035189	0.0300351	3e-05
0.0545	-0.1104	-0.0499	0.005246459731494954	-0.0016249015336067207	-0.00046425758103049166	0.99006587	66.28380585	1.00012389	0.15321253449450892	0.0334654	2e-05
0.0976	-0.1179	-0.0447	0.005387831400906495	-0.0015254177662430443	-0.00026354471705114377	0.94694483	63.39690018	0.96760191	0.07787841503772826	0.031332	1e-05
0.1731	-0.1101	-0.0359	0.00514348530562729	-0.001387536755335492	-0.00028099800957108706	0.97374874	65.19139099	0.98657158	0.11208401993533502	0.0273893	2e-05
0.2272	-0.0782	-0.0572	0.004488986836129415	-0.001429424657383356	-0.0005183627878423159	0.98415065	65.88778687	0.99696012	0.1539875574908484	0.0265545	2e-05
0.0841	-0.0866	-0.0559	0.0048520153205442364	-0.0013404128655316449	-0.0005567600313861911	1.0198245	68.27611542	1.0206348	0.17732187599052035	0.0305259	3e-05
0.0606	-0.1	-0.0421	0.0052220251219670345	-0.0013124875974997359	-0.0004677482395344803	0.9561342	64.01211548	0.97420482	0.07504734306532089	0.0317486	2e-05
0.1212	-0.1044	-0.0339	0.005309291584566751	-0.0012636183784438947	-0.0004625122517784973	0.96153766	64.37387085	0.97766537	0.08026858347057703	0.0289688	2e-05
0.2597	-0.079	-0.0432	0.004710643651132695	-0.0011117747335203881	-0.0005061454830783556	1.04149508	69.72692871	1.0345637	0.212906240482871	0.0263761	3e-05
0.1668	-0.0761	-0.0529	0.004705407663376713	-0.0009564404300928925	-0.0005864306286700947	0.98269767	65.79051208	0.99382288	0.11754277183876082	0.0279784	3e-05
0.0946	-0.0958	-0.0323	0.005103342732831419	-0.0008813912722571365	-0.0005445427266222308	0.97377795	65.19334412	0.99006747	0.1382436064669163	0.0317803	6e-05
0.1302	-0.1021	-0.0196	0.005215043804959057	-0.0008779006137531476	-0.00038397243543875244	0.94590235	63.32710648	0.96643529	0.06838810109075524	0.0302716	5e-05
0.24	-0.0829	-0.0277	0.004728096943652638	-0.0007470009198535729	-0.00023561944901923448	1.00177658	67.06782532	1.00630616	0.17540997708127556	0.0265301	5e-05
0.2129	-0.0744	-0.0587	0.0047088983218807005	-0.0008447393579652555	-0.000312413936106985	0.96430874	64.55939484	0.98126616	0.07628657734856852	0.0263232	5e-05
0.1057	-0.0882	-0.0422	0.005059709501531561	-0.0006859143960337716	-0.00027750735106709843	0.99611014	66.6884613	1.00561126	0.16472713633111155	0.0293902	5e-05
0.1298	-0.0979	-0.0328	0.005300564938306779	-0.0006544984694978735	-0.0002251474735072685	0.94251519	63.10033798	0.9637916	0.05943156204354731	0.0298996	5e-05
0.1998	-0.0928	-0.0315	0.005092870757319453	-0.0008691739674931761	-0.0001308996938995747	0.96040297	64.29790497	0.97545194	0.10223087292951615	0.0257965	3e-05
0.2677	-0.0734	-0.0553	0.004534365396681268	-0.000921533845053006	-0.00014137166941154068	0.98393267	65.87319183	0.99660082	0.14216686068549902	0.0246074	1e-05
0.1242	-0.0951	-0.0739	0.005229006438975011	-0.0010210176124166828	-6.981317007977319e-05	1.0364269	69.38762665	1.03157875	0.2270841654494593	0.0276871	1e-05
0.128	-0.1099	-0.0585	0.005420992656694387	-0.0008866272600131194	0.00019896753472735358	0.95169687	63.71504211	0.97129982	0.06375786374650326	0.0274089	1e-05
0.2305	-0.0877	-0.0344	0.004899139210348083	-0.0007958701389094143	0.00017802358370342162	0.98968172	66.25808716	0.99626117	0.18047772592369704	0.0238858	1e-05
0.2554	-0.0687	-0.0645	0.004569271981721155	-0.000932005820564972	6.283185307179586e-05	0.97781777	65.46380615	0.99390294	0.1030597320457056	0.0236058	3e-05
0.1223	-0.0719	-0.0723	0.0049846603436958055	-0.000921533845053006	-1.7453292519943296e-05	1.02132988	68.37689209	1.0239225	0.1694072741539178	0.0273752	7e-05
0.1173	-0.0782	-0.068	0.005129522671611334	-0.000804596785169386	0.00011170107212763708	0.94140077	63.02573013	0.96288423	0.035147687622336464	0.0269392	5e-05
0.1481	-0.075	-0.0793	0.005260422365510909	-0.0008028514559173916	0.00012740903539558605	0.9490428	63.53735352	0.96998823	0.05271764932097589	0.0265158	6e-05
0.167	-0.0893	-0.0687	0.005569345643113905	-0.0007819075048934597	0.0002583087292951608	0.95873278	64.18608856	0.97836398	0.06683834612632514	0.0256138	4e-05
0.2634	-0.0736	-0.0604	0.004768239516448508	-0.0009197885158010115	0.00019896753472735358	1.00358248	67.18872833	1.01164509	0.17031641660703783	0.0232143	1e-05
0.2333	-0.0682	-0.0994	0.004803146101488395	-0.0010035643198967395	0.0001064650843716541	0.99360269	66.52059174	1.00381154	0.08505924197456574	0.0241421	2e-05
0.0874	-0.0937	-0.0782	0.005483824509766183	-0.0009564404300928925	0.0002443460952792061	1.0543679	70.58875275	1.05203868	0.23588416544945928	0.0285858	4e-05
0.1176	-0.102	-0.0754	0.005804965092133139	-0.0009145525280450286	0.0004520402762665313	0.96057034	64.30911255	0.97810389	0.06983613327010725	0.0274461	3e-05
0.2259	-0.1017	-0.0659	0.005513495107050087	-0.001090830782496456	0.00038397243543875244	0.99347711	66.51218414	1.00020334	0.1448908040181129	0.0241193	2e-05
0.2853	-0.0754	-0.0868	0.004914847173616032	-0.0008779006137531476	9.250245035569947e-05	1.00696349	67.41507721	1.01256023	0.16175240436302082	0.0233246	2e-05
0.1148	-0.0801	-0.0713	0.0052115531464550675	-0.000726056968829641	9.250245035569947e-05	1.06940615	71.59555054	1.06011706	0.21312748088812708	0.0274094	2e-05
0.1668	-0.1154	-0.0279	0.005639158813193679	-0.0005689773361501514	0.0010786134777324957	1.00858235	67.52346039	1.01618506	0.20923981633974487	0.024341	2e-05
0.2	-0.1186	-0.0165	0.005653121447209634	-0.0007958701389094143	0.00030368728984701333	0.99400795	66.54772186	1.00356917	0.09858908123303499	0.0259232	1e-05
0.3248	-0.0788	-0.0649	0.004824090052512327	-0.0007138396640656808	0.00019024088846738194	1.08057451	72.34325409	1.07207883	0.2642254135460336	0.0253721	3e-05
0.1857	-0.0701	-0.1232	0.004845034003536259	-0.001022762941668677	0.0002530727415391778	1.12487197	75.30892181	1.09398879	0.22573495408493624	0.0256929	5e-05
0.0622	-0.0913	-0.0919	0.005239478414486977	-0.0010629055144645468	0.0002844886680750757	1.04514754	69.97145844	1.04578446	0.19930014551412428	0.0297891	3e-05
0.0952	-0.1182	-0.0455	0.00574038790980935	-0.0011239920382843482	0.0005253441048502931	0.99888378	66.87415314	1.01036994	0.14644257279586959	0.0291767	3e-05
0.1871	-0.1251	-0.034	0.0058468529941810045	-0.0011780972450961724	0.0005567600313861911	0.9823907	65.7699585	0.99400016	0.1198993108859688	0.0270529	3e-05
0.3079	-0.1083	-0.0506	0.0051836278784231585	-0.0011990411961201044	0.0005253441048502931	1.01337612	67.8443985	1.01976947	0.1899792496658838	0.024578	2e-05
0.2752	-0.1073	-0.0638	0.005293583621298802	-0.0008464846872172499	0.0005724679946541401	0.97413641	65.21734619	0.99019068	0.07238180707911723	0.0244283	1e-05
0.2033	-0.1175	-0.0378	0.005883504908472884	-0.0002740166925631097	0.0006527531402458793	1.03119278	69.03720856	1.03168474	0.17023372137099804	0.0255892	3e-05
0.1814	-0.1121	-0.0321	0.005942846103040692	-0.00038571776469074686	0.0006038839211900379	0.95192724	63.73046494	0.96935781	0.04399557428756433	0.0260486	4e-05
0.2205	-0.1108	-0.0257	0.0057648225193372695	-0.0005427973973702365	0.0006126105674500097	0.95479268	63.92230225	0.97381207	0.0639914931321442	0.0250083	2e-05
0.2884	-0.0826	-0.0592	0.005017821599483697	-0.0005916666164260777	0.0005550147021341969	1.00912535	67.55981445	1.01880827	0.17227330021126136	0.0230752	2e-05
0.1564	-0.0924	-0.0848	0.005307546255314756	-0.0007295476273336296	0.0006161012259539982	1.05146778	70.39459229	1.03851557	0.19183460952792064	0.0251905	5e-05
0.0667	-0.1194	-0.0565	0.005639158813193679	-0.0006073745796940267	0.0008412486994612669	1.01450002	67.91964722	1.02015495	0.17894665395128972	0.0291879	2e-05
0.169	-0.1299	-0.0369	0.005743878568313338	-0.000312413936106985	0.001155407964820246	0.98576349	65.99576569	0.99480296	0.168091983203284	0.0252542	1e-05
0.3021	-0.1098	-0.0285	0.005494296485278149	-0.00018151424220741024	0.000879645943005142	1.0558393	70.68726349	1.04073175	0.19441218993749332	0.0236131	5e-05
0.2958	-0.0905	-0.0605	0.005105088062083414	-0.00048171087355043494	0.0007906341511534313	0.98777068	66.13014221	0.99880157	0.09652084231947353	0.0226907	2e-05
0.162	-0.1156	-0.0579	0.005745623897565333	-0.0006841690667817771	0.0007819075048934597	1.0437628	69.87875366	1.03477016	0.20408603374866163	0.0258024	2e-05
0.2143	-0.1234	-0.0569	0.006618288523562498	-0.00042236967898262774	0.0007557275661135446	1.04813695	70.17160034	1.04275955	0.11913219762881148	0.0299602	0.0001
0.3068	-0.0988	-0.052	0.005003858965467743	-0.00012217304763960306	0.0010629055144645468	1.18781209	79.52268982	1.14879679	0.23309020688943913	0.0242622	5e-05
0.292	0.023	0.0147	-0.0009686577348568529	0.0009983283321407565	0.0009354964790689606	1.64974725	110.4487381	1.50656969	0.5643213557750272	0.0394452	0.00046
0.1968	0.0231	0.013	-0.0012374384396639797	0.0011274826967883368	0.0007679448708775049	1.11348391	74.54650116	1.1048686	0.1252743338823081	0.0433257	0.00051
0.3271	0.0159	0.0193	-0.001129228026040331	0.0006667157742618339	0.000752236907609556	1.06362355	71.20841217	1.06033024	0.17303426497090507	0.0336886	0.00017
0.2956	0.0301	-0.0127	-0.0011711159280881952	0.00028274333882308137	0.0004328416544945937	1.02408147	68.56111145	1.03262168	0.11496277953007895	0.0308928	5e-05
0.1342	0.0212	-0.0466	-0.0007033676885537148	0.00030194196059501896	0.000291469985083053	1.06725347	71.45143127	1.05610695	0.23561592653589783	0.0310535	7e-05
0.1214	0.0223	-0.0761	-0.000158824961931484	0.00042236967898262774	0.00016231562043547262	0.95739824	64.09674072	0.97620025	0.083106240482871	0.0314003	5e-05
0.1385	0.0333	-0.0729	-0.0001186823891356144	0.00040317105721069014	0.00018675022996339323	0.94200295	63.06604385	0.9633667	0.0354887902047864	0.0301678	3e-05
0.1293	0.007	-0.0789	0.0005689773361501514	0.00022689280275926284	0.00035081117965086024	0.9725548	65.11145782	0.98669322	0.09289994647123302	0.0274863	3e-05
0.0967	-0.0376	-0.0347	0.001429424657383356	-8.726646259971648e-06	0.0005951572749300663	1.02822828	68.83873749	1.03808855	0.18842064327658223	0.0246615	3e-05
0.2759	-0.0463	-0.0065	0.0012252211349000194	-0.0001675516081914556	0.0006632251157578452	1.07168365	71.74802399	1.06023529	0.23765481626212995	0.0205307	1e-05
0.3875	-0.0266	-0.0339	0.0008936085770210966	-0.0003525565089028545	0.000619591884457987	1.02000654	68.28829956	1.02964964	0.18671253449450903	0.0234356	4e-05
0.2533	-0.0266	-0.0095	0.001059414855960558	4.18879020478639e-05	0.0005375614096142535	1.04082942	69.68236542	1.04397991	0.19071405823669563	0.0217834	2e-05
0.223	-0.0229	0.0172	0.0011728612573401894	0.0002478367537831948	0.0006422811647339132	0.98162544	65.71872711	0.99604206	0.08190575041173112	0.0233182	3e-05
0.2322	-0.0305	0.0167	0.0013892820845874865	5.585053606381854e-05	0.000609119908946021	0.95920843	64.21793365	0.97780664	0.03937841503772826	0.0213609	3e-05
0.2228	-0.0377	-0.0084	0.0016406094968746698	-9.773843811168246e-05	0.000736528944341607	0.96675205	64.72296906	0.97967233	0.06831627109291351	0.0198532	3e-05
0.2389	-0.0416	-0.0124	0.0015323990832510211	-4.71238898038469e-05	0.000973893722612836	0.94994652	63.59785843	0.96998889	0.04380948701013566	0.0189718	1e-05
0.3044	-0.0387	-0.0056	0.0009669124056048585	-0.0002373647782712288	0.000905825881785057	0.98522764	65.95989227	0.99651781	0.11638977034706618	0.0197095	4e-05
0.2539	-0.0177	-0.0295	0.00020420352248333657	-9.250245035569947e-05	0.0008115781021773631	1.00910974	67.55876923	1.01757096	0.14549094953223723	0.022738	2e-05
0.0646	-0.0041	-0.0161	-0.0007452555906015787	0.0006422811647339132	0.001043706892692609	1.17073441	78.37936401	1.14530238	0.3121185759344887	0.0418373	0.00034
0.1657	-0.017	-0.0151	-0.0004537856055185257	0.0006684611035138282	0.001165879940332212	1.03844368	69.52264404	1.04109145	0.1369911485751285	0.02997	4e-05
0.2412	-0.019	-0.0156	-0.00029845130209103034	0.0008011061266653974	0.001281071670963838	0.98018909	65.62256622	0.99526883	0.09815855286053454	0.0238812	2e-05
0.3587	0.0059	-0.0078	-0.000757472895365539	0.0009145525280450286	0.0009686577348568529	1.03709137	69.43210602	1.03263524	0.19444409653805625	0.0240118	2e-05
0.2901	0.0184	-0.0343	-0.0006544984694978735	0.0009512044423369096	0.000757472895365539	0.98728657	66.09773254	1.00082812	0.125140558982543	0.0265059	7e-05
0.1363	0.0087	-0.0165	-0.0001291543646475804	0.0008936085770210966	0.0007819075048934597	1.04446864	69.92601013	1.04376127	0.21166872898470135	0.026281	2e-05
0.1732	0.0002	-0.0197	0.0002530727415391778	0.0007853981633974483	0.000932005820564972	0.94834268	63.49048233	0.96852493	0.08062679177409593	0.0233756	1e-05
0.2554	-0.0053	-0.0153	0.0002303834612632515	0.000614355896702004	0.0009948376736367678	0.97466677	65.25285339	0.98759472	0.10492817000215834	0.0208762	2e-05
0.3064	0.0104	-0.0438	-4.537856055185256e-05	0.0004049163864626844	0.000926769832808989	0.97798377	65.47492218	0.99606881	0.1228634686441101	0.0216441	3e-05
0.1762	0.0017	-0.0585	0.00029845130209103034	0.0005218534463463045	0.0010681415022205296	1.02471626	68.60360718	1.02525925	0.18370692959690216	0.0229373	1e-05
0.187	-0.0032	-0.0743	0.0008220500776893293	0.0008587019919812101	0.001562069680534925	0.95849359	64.17007446	0.97722086	0.09921877497738	0.0217195	1e-05
0.2907	-0.0121	-0.0513	0.0008918632477691023	0.0012461650859239514	0.0018552849948699724	1.01682127	68.07505035	1.01303878	0.1731245789178781	0.0196579	2e-05
0.3591	0.0133	-0.0443	0.0003089232776029963	0.0014067353771074296	0.0016650441064025902	1.00506711	67.28811646	1.0098965	0.14748755749084827	0.0223907	1e-05
0.2068	0.0056	-0.0619	0.000705113017805709	0.0010105456369047167	0.0015550883635269475	1.0790602	72.24187469	1.0567073	0.22271676116405337	0.0209692	1e-05
0.17	-0.0204	-0.0422	0.0013212142437597075	0.0008429940287132613	0.0017278759594743865	0.97890002	65.53626251	0.99483388	0.13032202150464464	0.020317	2e-05
0.2637	-0.0317	-0.0465	0.0016528268016386303	0.0008831366015091308	0.002001892652037496	0.96947551	64.90530396	0.98340684	0.14158859116189504	0.0179617	3e-05
0.3541	-0.0272	-0.0355	0.001165879940332212	0.0006911503837897545	0.0019233528356977512	0.98604912	66.01488495	0.99757007	0.14377364476827703	0.0180494	2e-05
0.309	-0.0255	-0.0498	0.0011152653920243766	0.0006771877497737998	0.0018099064343181197	0.97087675	64.99911499	0.98654612	0.07000117918517111	0.0187923	3e-05
0.1964	-0.0396	-0.0396	0.0014922565104551516	0.0006998770300497262	0.0018308503853420514	1.00213909	67.09209442	1.0120674	0.15793121748653166	0.0195478	2e-05
0.237	-0.0428	-0.0411	0.001689478715930511	0.0007661995416255106	0.0019617500792416262	0.94799113	63.46694946	0.96691296	0.06502222054753591	0.018637	3e-05
0.3409	-0.021	-0.0262	0.0013369222070276565	0.0009948376736367678	0.0019163715186897737	1.02351546	68.52321625	1.0170447	0.17192866007329818	0.0181813	4e-05
0.3344	0.0015	-0.0466	0.0008552113334772215	0.0008866272600131194	0.0016929693744344998	0.97475195	65.25855255	0.99231401	0.09006617157146787	0.0185112	3e-05
0.1781	-0.0129	-0.0436	0.0012740903539558604	0.0007452555906015787	0.0016318828506146981	1.04972923	70.27819824	1.04331605	0.20476686068549904	0.0192357	1e-05
0.1234	-0.0304	-0.027	0.0017400932642383465	0.0008168140899333463	0.0016842427281745281	0.9771235	65.41732788	0.99200937	0.1182960643587042	0.021118	5e-05
0.2076	-0.0423	-0.0028	0.0015865042900628454	0.0007155849933176752	0.0014224433403753785	0.99590892	66.67498779	1.00369637	0.14613087292951607	0.0200222	3e-05
0.3692	-0.0228	-0.0493	0.0009494591130849152	0.0007417649320975902	0.0015446163880149814	1.1045543	73.94867706	1.09289477	0.26686990816987244	0.0220356	8e-05
0.4234	0.011	-0.0909	0.0002129301687433082	0.00023212879051524583	0.001001818990644745	1.08679843	72.7599411	1.0909446	0.21904812416470937	0.0306365	0.00045
0.2719	0.0112	-0.0782	0.00014660765716752367	-0.0005323254218582705	-0.0	1.17260766	78.504776	1.14098348	0.2560297857297023	0.0303275	0.00071
-0.2693	-0.0065	-0.064	0.00041189770347066176	0.0001658062789394613	0.00047822021504644627	1.7634294	118.05963135	1.63370737	0.6451820981073656	0.0558979	0.00229
-0.2052	-0.0296	-0.0584	0.0013543754995475996	7.330382858376184e-05	0.00047647488579445195	1.0626961	71.14631653	1.06816151	0.14463627878423155	0.0475113	0.00069
0.0048	-0.0406	-0.0137	0.0010803588069844899	-4.537856055185256e-05	0.0006667157742618339	1.12455499	75.28769684	1.10638809	0.29484699850830526	0.0289478	5e-05
0.2049	-0.0547	0.0087	0.0013386675362796509	3.141592653589793e-05	0.000645771823237902	1.10427332	73.92986298	1.08127402	0.25440235837034214	0.0201292	2e-05
0.3618	-0.0444	0.022	0.0013194689145077131	0.00028099800957108706	0.0006981317007977319	1.06113636	71.04189301	1.04598434	0.19655702911834785	0.020754	4e-05
0.4162	-0.0492	0.0134	0.0013142329267517303	0.00011170107212763708	0.0008115781021773631	0.99045622	66.30993652	1.00212728	0.08219896632895321	0.0204514	0.00012
0.4166	-0.0156	0.0123	-0.000609119908946021	0.0009285151620609833	0.0012007865253720988	1.14488161	76.64854431	1.12091973	0.19156876744129167	0.0307556	0.00027
0.3606	-0.0172	0.0135	-0.001001818990644745	0.0012793263417118436	0.0009459684545809266	1.07413793	71.91233826	1.07084744	0.10871641660703787	0.0364615	0.00039
0.3189	-0.0146	0.0122	-0.0007731808586334879	0.00119729586686811	0.0008988445647770796	1.01867914	68.19943237	1.02759693	0.06348962483294185	0.0315928	0.00033
0.2058	-0.0247	-0.0156	-0.0004049163864626844	0.0010384709049366262	0.0010786134777324957	1.03778017	69.47822571	1.0374615	0.1863429173528852	0.0305843	0.00036
0.2047	-0.0243	0.0031	-0.0009651670763528643	0.0008552113334772215	0.0009389871375729493	0.98274374	65.79359436	0.99762749	0.06435683007545656	0.0329404	0.00038
0.1068	-0.0212	-0.0048	-0.0008604473212332044	0.0008813912722571365	0.0006736970912698113	1.00221229	67.09699249	1.00998256	0.12870948701013563	0.0382733	0.00065
0.066	-0.0201	-0.0054	-0.000757472895365539	0.0008395033702092724	0.0005427973973702365	0.95795196	64.13381195	0.9761782	0.056288101090755216	0.0416347	0.00092
0.0899	-0.0124	0.0286	-0.000874409955249159	0.0011135200627723821	0.0006475171524898963	1.01332498	67.8409729	1.01760563	0.09038367537831947	0.0413477	0.00091
0.1043	-0.0105	0.029	-0.0007295476273336296	0.0011780972450961724	0.0007557275661135446	0.95612437	64.01145935	0.97667476	0.032582496193148416	0.0399501	0.00095
0.2353	-0.0086	0.046	-0.0011344640137963143	0.0010384709049366262	0.0007487462491055673	1.01384211	67.87559509	1.01828143	0.1774762021815104	0.036541	0.00103
0.2818	-0.0011	0.0242	-0.0011641346110802177	0.0009162978572970229	0.0007452555906015787	0.97636718	65.36669159	0.9933221	0.08356671517137473	0.0359996	0.00082
0.1842	-0.0225	0.024	-0.0004014257279586958	0.0006283185307179585	0.0009756390518648303	1.03022575	68.97246552	1.02892595	0.18325358354819188	0.0316851	0.00061
0.2811	-0.0299	0.0273	-0.00034208453339088857	0.0007417649320975902	0.0011047934165124105	0.97654188	65.37838745	0.99050776	0.12269709802975096	0.0281106	0.00047
0.2999	-0.0302	0.0243	-0.00043458698374658803	0.0008517206749732328	0.001158898623324235	0.94474715	63.2497673	0.96556187	0.03492817000215832	0.0274915	0.00034
0.3303	-0.0335	0.0501	-0.0006265732014659643	0.0008028514559173916	0.0010419615634406148	0.96136272	64.36215973	0.97792089	0.07738962483294186	0.0281881	0.00031
0.2746	-0.0122	0.0506	-0.000705113017805709	0.0009930923443847736	0.0008569566627292158	0.98096263	65.67435455	0.99254792	0.10018928027592625	0.027316	0.00019
0.1573	-0.0313	0.0306	-0.0001605702911834783	0.0006370451769779302	0.0009145525280450286	1.01529455	67.97283936	1.01443621	0.20430928796724435	0.0273567	0.00011
0.178	-0.0442	0.0269	0.00020594885173533088	0.0005602506898901797	0.0008988445647770796	0.95602047	64.00450134	0.9754875	0.060251079663725435	0.026049	0.00011
0.2261	-0.0398	0.0376	-0.0001308996938995747	0.00038571776469074686	0.0008133234314293575	0.96813345	64.81545258	0.98578373	0.09304513020910304	0.0256907	0.00012
0.1873	-0.0337	0.0305	-9.250245035569947e-05	0.00034557519189487725	0.000804596785169386	0.94802099	63.46894836	0.96760842	0.05636332312998582	0.0258048	5e-05
0.1983	-0.0371	0.0352	0.00016406094968746698	0.0006981317007977319	0.0008360127117052838	0.98518038	65.95672607	0.99322709	0.05112679177409595	0.0256366	2e-05
0.2635	-0.019	0.054	6.9813170079773176e-06	0.0010995574287564276	0.000778416846389471	0.99794191	66.81109619	0.9997199	0.1329050612976999	0.027191	5e-05
0.2957	0.0039	0.0311	-0.00040317105721069014	0.0009913470151327792	0.0007400196028455958	0.97103018	65.00938416	0.98985023	0.10583800156930956	0.0262777	7e-05
0.1583	-0.0126	0.009	0.00022689280275926284	0.0005462880558742252	0.000804596785169386	1.07053721	71.67127228	1.05176841	0.23298500007761488	0.0232302	4e-05
0.1801	-0.0204	0.0061	0.00034208453339088857	0.0006422811647339132	0.0010716321607245184	0.95375395	63.85276031	0.97368382	0.05641101075232233	0.0214574	2e-05
0.2482	-0.0253	0.0057	0.0004468042885105483	0.0008848819307611251	0.0014782938764391971	0.98558515	65.98382568	0.99752812	0.11109911184307752	0.0199908	3e-05
0.3721	-0.0247	0.0072	-6.45771823237902e-05	0.0007435102613495844	0.0012758356832078548	1.0340358	69.22753906	1.03535229	0.16876056667386105	0.0214113	4e-05
0.3263	-0.0272	-0.0024	-6.806784082777885e-05	0.0007452555906015787	0.0010768681484805013	0.97750938	65.44316101	0.99348989	0.06811017612416684	0.0215743	2e-05
0.2422	-0.036	0.0395	0.0001675516081914556	0.0012845623294678264	0.001158898623324235	1.11192286	74.44199371	1.09202801	0.1776478331364607	0.0268784	8e-05
0.1541	-0.0367	0.0438	0.00035604716740684323	0.0008656833089891874	0.0010663961729685354	1.08917737	72.91921234	1.06060806	0.1280938515024863	0.0244191	5e-05
0.1739	-0.0356	0.039	0.0002303834612632515	0.0006806784082777885	0.0011047934165124105	1.00979185	67.60443878	1.00869404	0.04315329251994329	0.0213479	4e-05
0.2805	-0.022	0.04	-0.00041189770347066176	0.0008831366015091308	0.0013072516097437528	1.00990665	67.61212158	1.01641083	0.17355987755982993	0.0213931	4e-05
0.2354	-0.0253	0.0308	-0.00017278759594743863	0.00102799892942466	0.0014800392056911916	0.97143662	65.03659821	0.9869714	0.08543800156930957	0.0208265	2e-05
0.2032	-0.037	0.0382	0.00013962634015954637	0.0009564404300928925	0.0016126842288427606	0.96454954	64.57551575	0.98078578	0.07713087292951609	0.0211096	3e-05
0.3156	-0.033	0.0449	5.061454830783555e-05	0.0011205013797803594	0.001562069680534925	1.02504337	68.62551117	1.02028731	0.13828436449235068	0.019904	3e-05
0.379	0.0001	0.0205	-0.00048171087355043494	0.0013526301702956054	0.0013980087308474581	0.99675661	66.73174286	1.00873678	0.16732575810304917	0.0221158	3e-05
0.2196	-0.015	0.0162	-0.00015184364492350666	0.0011536626355682519	0.0014556045961632708	1.05011904	70.3042984	1.0399777	0.20812153143350476	0.0200885	1e-05
0.1979	-0.0223	0.0412	3.316125578789226e-05	0.0013194689145077131	0.001420698011123384	0.96643752	64.70191193	0.98433722	0.07328588823453734	0.0208573	2e-05
0.2399	-0.0219	0.0483	0.00013962634015954637	0.0013962634015954637	0.0014800392056911916	0.95407516	63.87426758	0.97147291	0.06163003830136062	0.0207515	4e-05
0.3133	-0.0126	0.0483	-0.000148352986419518	0.0014433872913993105	0.0014346606451393388	0.9735955	65.18112946	0.98803948	0.10172408884673823	0.0218334	2e-05
0.2653	-0.0085	0.0265	-1.0471975511965975e-05	0.0015969762655748114	0.001387536755335492	0.96924067	64.88957977	0.98505334	0.09082969374434503	0.0228828	4e-05
0.1645	-0.0244	0.0328	0.000445058959258554	0.0017523105690023068	0.00147131255943122	0.998954	66.87885284	1.01086846	0.15773205211468713	0.024762	7e-05
0.2186	-0.0335	0.0377	0.0005742133239061344	0.0016807520696705393	0.0016057029118347831	0.96327913	64.49046326	0.97919301	0.08485516081914554	0.0239079	9e-05
0.339	-0.0309	0.0325	0.00045902159327450867	0.0017889624832941875	0.0017086773377024485	1.03609192	69.36519623	1.03085348	0.144518828506147	0.0272098	0.00021
0.2974	-0.0208	0.016	0.00028274333882308137	0.001778490507782222	0.001567305668290908	0.97272778	65.12303925	0.98908174	0.08460609496874669	0.0271578	0.0002
0.1674	-0.0266	0.0326	0.0010000736613927507	0.001473057888683214	0.0022008601867648495	1.06627762	71.38609314	1.06069041	0.23521587300713093	0.0285335	0.00016
0.2394	0.0154	0.0083	-0.0002181661564992912	0.0019722220547535923	0.0024155356847601517	1.21904588	81.6137619	1.17700033	0.23490397409788613	0.0391412	0.00072
0.2163	0.0239	-0.0106	-0.0016842427281745281	0.002647664475275398	0.002155481626212997	1.21308482	81.2146759	1.18298714	0.17057865253720983	0.0481468	0.00087
0.2622	-0.0036	-0.0072	-0.0013281955607676848	0.0020682151636132805	0.0020420352248333657	1.04366279	69.87205505	1.04994432	0.12924714402242962	0.0397931	0.00035
0.4009	0.0066	0.0043	-0.001912880860185785	0.0019617500792416262	0.0022235494670407763	1.15502071	77.3273468	1.12503892	0.20403323129985823	0.0454383	0.00137
0.2184	-0.0299	-0.005	-0.0008813912722571365	0.002129301687433082	0.0019460421159736775	1.27986097	85.68526459	1.22764101	0.3021274273593601	0.0529062	0.00228
0.0141	-0.0279	0.0272	-0.000582939970166106	0.002061233846605303	0.0015550883635269475	1.23430872	82.6355896	1.18172401	0.27637364476827697	0.0479907	0.00067
0.0899	-0.0146	0.0076	-0.00047123889803846896	0.002131047016685076	0.001689478715930511	1.00400352	67.21691132	1.01238964	0.12449522973054866	0.038132	0.00023
0.2254	-0.0063	0.0143	-0.0007644542123735164	0.002082177797629235	0.002001892652037496	1.02340055	68.51552582	1.02433417	0.1832249234748937	0.0373492	0.00027
0.2577	0.0087	-0.0037	-0.001165879940332212	0.0019879300180215415	0.001864011641129944	0.99526024	66.63156128	1.00862958	0.09697772592369704	0.0345536	0.0002
0.152	-0.0034	0.0199	-0.000752236907609556	0.001996656664281513	0.001778490507782222	1.0233835	68.51438141	1.02997378	0.16679454061651747	0.0353202	0.00016
0.2126	-0.0171	0.0119	-0.00048345620280242926	0.0019198621771937623	0.002040289895581371	0.96660423	64.71307373	0.98387562	0.11266872898470132	0.0308022	0.00014
0.33	-0.006	0.0357	-0.0010140362954087054	0.001811651763570114	0.0020001473227855013	1.01408887	67.89212036	1.01830316	0.18624665395128967	0.0309129	0.00017
0.2504	-0.0043	-0.0062	-0.0008080874436733745	0.001593485607070823	0.0019006635554218248	1.03927886	69.57855988	1.03833168	0.14937993877991493	0.0261897	5e-05
0.172	-0.0216	0.0409	-0.000317649923862968	0.0020664698343612863	0.0020298179200694054	1.0700407	71.63803101	1.06651196	0.19742880558742257	0.0332851	0.00012
0.179	-0.0244	0.027	-0.0002740166925631097	0.0018867009214058703	0.0020420352248333657	0.96335405	64.49547577	0.97811953	0.035480972450961726	0.0291401	9e-05
0.2238	-0.0417	0.0275	-7.155849933176751e-05	0.0013491395117916165	0.00199142067652553	0.98081666	65.6645813	0.99192163	0.1021317075576716	0.0233563	2e-05
0.303	-0.0441	0.0107	0.00040317105721069014	0.0013386675362796509	0.0021205750411731105	1.00076973	67.00041962	1.01111445	0.12911779483510016	0.0210565	4e-05
0.1946	-0.0392	0.0482	0.00021118483949131387	0.0017400932642383465	0.0019146261894377795	1.03696585	69.42370605	1.04017031	0.19076803987067012	0.0277262	8e-05
0.1821	-0.0412	0.0511	0.0002652900463031381	0.0016231562043547262	0.0019268434942017398	0.96687651	64.73130035	0.98221409	0.026562978572970224	0.0277939	5e-05
0.1834	-0.0529	0.0471	0.00011344640137963142	0.0011519173063162574	0.0018797196043978928	0.98562527	65.98651123	0.99514947	0.05051032163829112	0.0223094	1e-05
0.282	-0.0419	0.0548	-0.00030368728984701333	0.0009337511498169664	0.0017959438003021652	1.00605178	67.35404205	1.01555795	0.15325378259108313	0.0212709	4e-05
0.1931	-0.0553	0.046	0.0004415683007545654	0.0007976154681614085	0.0017453292519943296	0.99783856	66.80417633	1.00550793	0.1577002910282486	0.0200393	5e-05
0.2298	-0.0593	0.0524	0.0005899212871740833	0.0007539822368615504	0.0017558012275062952	0.96220613	64.41862488	0.97837251	0.057222909661567095	0.0193887	0.0
0.3321	-0.0428	0.0741	0.00016231562043547262	0.0010925761117484504	0.001635373509118687	1.01395917	67.88343048	1.01135948	0.184831363000656	0.0209401	1e-05
0.3581	-0.0165	0.0457	-0.0005864306286700947	0.0013316862192716734	0.0016912240451825054	1.00377345	67.20150757	1.01745925	0.13288534463463042	0.0218096	4e-05
0.1828	-0.0292	0.0328	-0.0002478367537831948	0.0013142329267517303	0.0015638150097869194	1.08496046	72.63689423	1.07164354	0.22507281014012143	0.0219827	3e-05
0.1239	-0.0368	0.0323	0.0001239183768915974	0.0015463617172669759	0.0016755160819145565	0.98613727	66.0207901	0.99932221	0.10277924966588373	0.0238276	4e-05
0.2032	-0.0331	0.0426	0.00013962634015954637	0.0017191493132144146	0.0016877333866785165	0.98257291	65.7821579	0.99448877	0.10333564319896738	0.0225431	2e-05
0.3014	-0.0184	0.0163	-0.00034208453339088857	0.0016615534478986017	0.0017086773377024485	1.0173744	68.11207581	1.02579129	0.16721253449450896	0.0218377	4e-05
0.1817	-0.0199	-0.0472	0.0005602506898901797	0.002155481626212997	0.0014259339988793671	1.0599227	70.96063995	1.05691762	0.2686503370209273	0.0238184	5e-05
0.191	-0.0216	0.0017	0.0003316125578789226	0.0019216075064457567	0.001616174887346749	0.98070991	65.65743256	0.99630105	0.09253765701229395	0.0233362	3e-05
0.3029	-0.0073	0.0089	-0.00019198621771937622	0.001637118838370681	0.001635373509118687	1.01111197	67.69281769	1.01447758	0.17476430327226566	0.0223673	2e-05
0.3093	0.0024	-0.0216	-0.0001675516081914556	0.0015446163880149814	0.0015865042900628454	0.9920882	66.41919708	1.00359478	0.054890313946973114	0.0222994	3e-05
0.1696	-0.0082	-0.019	0.0002670353755551324	0.001706932008450454	0.0017366026057343581	1.05033052	70.31845856	1.04761396	0.19025004599267867	0.0232382	3e-05
0.2063	-0.0174	-0.0392	0.0007958701389094143	0.0016999506914424768	0.0021101030656611444	0.96670657	64.71992493	0.98283559	0.11156582701445228	0.0210369	1e-05
0.3078	-0.0109	0.0256	2.792526803190927e-05	0.0018133970928221085	0.0020629791758572974	1.03701937	69.42729187	1.03392687	0.2192257581030492	0.0226885	2e-05
0.2237	-0.0109	0.0094	-1.5707963267948964e-05	0.0012740903539558604	0.0019530234329816546	1.04324007	69.84375763	1.03230504	0.13494478565208745	0.0200667	3e-05
0.1276	-0.0265	-0.0029	0.00045553093477052	0.0012863076587198209	0.002040289895581371	1.01528132	67.97194672	1.01845836	0.15253613327010734	0.0215645	2e-05
0.1977	-0.027	-0.0243	0.0007068583470577034	0.0013980087308474581	0.002181661564992912	0.9686051	64.84703064	0.98355971	0.11722000769131807	0.0188481	2e-05
0.3221	-0.0295	0.0222	0.00017627825445142725	0.0018448130193580064	0.002106612407157156	1.07875383	72.22136688	1.0496315	0.22602167694762904	0.0236679	6e-05
0.2647	-0.0185	0.0146	5.235987755982988e-06	0.0018168877513260971	0.001933824811209717	0.99538761	66.64009094	1.00333895	0.0945877565337396	0.024891	9e-05
0.1171	-0.0368	0.0025	0.00046425758103049166	0.0013107422682477415	0.0019408061282176943	1.08099926	72.37168884	1.05703797	0.22660741966804207	0.0227709	1e-05
0.1883	-0.0389	-0.0266	0.0008569566627292158	0.0013194689145077131	0.0023544491609403502	0.96130013	64.35797119	0.97741072	0.1431534380340676	0.0193579	2e-05
0.27	-0.0433	-0.0003	0.0007417649320975902	0.0012426744274199627	0.002314306588144481	0.98140621	65.70404816	0.99384371	0.12400643952576228	0.0176002	3e-05
0.349	-0.0287	-0.0042	0.00023212879051524583	0.0011082840750163993	0.0020769418098732523	0.98192322	65.73866272	0.99622109	0.14156956361285675	0.0183528	5e-05
0.254	-0.0374	-0.0156	0.0006562437987498679	0.0012112585008840647	0.0020315632493213996	0.98390794	65.87153625	0.99463957	0.14372339973270698	0.0183965	1e-05
0.2577	-0.045	-0.0091	0.0009686577348568529	0.0014451326206513049	0.0022444934180647076	0.97699839	65.40895081	0.98405069	0.055760911230876634	0.0205674	4e-05
0.3505	-0.0269	0.024	0.0003525565089028545	0.0017680185322702558	0.0021886428820008896	1.04514956	69.97159576	1.033054	0.1937418836818384	0.0265704	6e-05
0.1924	-0.0293	0.0071	0.00024260076602721178	0.00119729586686811	0.0019792033717615696	1.13090825	75.71304321	1.08659464	0.22190589592585536	0.0203387	2e-05
0.1525	-0.0431	0.0233	0.0005427973973702365	0.001155407964820246	0.002097885760897184	0.96605402	64.67623901	0.98502379	0.09293834612632512	0.0207175	1e-05
0.233	-0.0448	0.0246	0.0005724679946541401	0.0012863076587198209	0.002373647782712288	0.9565016	64.03671265	0.97401667	0.10531661564992915	0.0182238	1e-05
0.319	-0.0428	0.0245	0.00035081117965086024	0.001481784534943186	0.002579596634447619	0.97284335	65.13077545	0.98739036	0.1192541271480988	0.0179675	2e-05
0.2758	-0.0407	0.0154	0.000645771823237902	0.0015707963267948967	0.002766346864411012	0.96661359	64.71369934	0.983553	0.08293613327010729	0.0181825	2e-05
0.2604	-0.0369	-0.0002	0.0008726646259971648	0.0016842427281745281	0.0032044245066615894	0.95292151	63.7970314	0.97170252	0.07372084231947355	0.0181695	2e-05
0.3291	-0.0396	0.0047	0.0010035643198967395	0.0017156586547104257	0.0034348079679248403	0.96195698	64.40194702	0.97801179	0.09593495408493616	0.017877	1e-05
0.388	-0.0425	0.0356	0.000726056968829641	0.0016231562043547262	0.003160791275361731	0.96960396	64.91390228	0.98665967	0.12490132469929537	0.0184258	3e-05
0.3484	-0.0759	0.0088	0.0019931660057775245	0.002235766771804736	0.003415609346152903	1.16833544	78.21875	1.11419375	0.20652688375945324	0.026168	0.00076
0.1846	-0.0687	0.0125	0.0023492131731843676	0.0023509585024363614	0.0033684854563490563	1.22010767	81.68484497	1.15722772	0.20061813939211573	0.0294366	0.00028
0.1798	-0.0565	0.0274	0.0017540558982543013	0.001626646862858715	0.003157300616857742	1.10752153	74.14733124	1.06722385	0.10843268769995136	0.0191964	4e-05
0.3404	-0.0517	0.0379	0.0010960667702524388	0.001658062789394613	0.0030368728984701333	1.06151795	71.06744385	1.05587713	0.2163916386462684	0.0175731	1e-05
0.3476	-0.0372	0.0048	0.0008080874436733745	0.0018971728969178364	0.002993239667170275	0.98733544	66.10100555	1.00431883	0.08333613327010735	0.0180713	3e-05
0.2279	-0.0507	0.0172	0.0011833332328521555	0.001895427567665842	0.0029845130209103033	1.0236218	68.53033447	1.03094359	0.16488588823453737	0.0191187	4e-05
0.2895	-0.0567	0.0087	0.0014905111812031574	0.0019216075064457567	0.0031311206780778272	0.97175825	65.05812836	0.98783494	0.10009827721492204	0.0187578	3e-05
0.424	-0.0559	0.0349	0.0010088003076527223	0.002537708732399755	0.0031764992386296795	1.12885356	75.57548523	1.08439084	0.2186595330028143	0.0255919	0.00012
0.3537	-0.028	0.0093	0.0005480333851262194	0.002129301687433082	0.002921681167838507	1.07325268	71.85306549	1.0582275	0.1799996019142174	0.0218603	5e-05
0.1789	-0.0482	0.0054	0.0010122909661567112	0.0019373154697137059	0.0028728119487826664	1.10998797	74.31245422	1.08043894	0.23415565089028545	0.0212263	4e-05
0.2396	-0.0541	-0.0055	0.0014224433403753785	0.001933824811209717	0.0033178709080412204	0.97087061	64.998703	0.98735045	0.12043509959906051	0.0197478	4e-05
0.3497	-0.0673	0.0476	0.0012217304763960308	0.0016790067404185449	0.0030159289474462015	1.03880835	69.54705811	1.04075078	0.21427364476827693	0.020065	9e-05
0.369	-0.0649	0.0628	0.0009826203688728075	0.001778490507782222	0.002930407814098479	0.9697755	64.92538452	0.98728878	0.058105750411731126	0.0208883	0.00014
0.255	-0.0673	0.0582	0.0013805554383275148	0.0019146261894377795	0.0033440508468211352	0.99950588	66.915802	1.00653544	0.16838568919164604	0.0202161	9e-05
0.298	-0.0695	0.0577	0.0015812683023068625	0.0019495327744776662	0.0035098571257605967	0.96040875	64.29829407	0.97480272	0.06577128639793478	0.0196915	8e-05
0.3985	-0.0699	0.087	0.0013718287920675431	0.0024312436480281013	0.0032079151651655774	1.09700513	73.44326782	1.0635561	0.1798546172192387	0.0278794	0.00021
0.3469	-0.048	0.0579	0.0009197885158010115	0.0025342180738957666	0.0029478611066184224	0.98748291	66.11087799	1.00073653	0.1433534380340676	0.0273141	0.00017
0.1555	-0.0568	0.0596	0.0012775810124598492	0.0022235494670407763	0.0027296949501191318	1.1131705	74.52552032	1.08503232	0.24623136300065593	0.0253367	6e-05
0.1351	-0.0516	0.0688	0.0013386675362796509	0.0022724186860966175	0.0027296949501191318	1.02315485	68.49907684	1.02445091	0.04029778714378214	0.0311302	0.00018
0.1829	-0.0265	0.0172	0.000783652834145454	0.0025778513051956248	0.002708750999095199	1.11384678	74.57080078	1.09947531	0.16856956361285683	0.0313663	0.0001
0.2791	-0.021	0.0534	-0.0005201081170943102	0.0023963370629882146	0.0028902652413026098	1.10084367	73.70025635	1.0865212	0.2212394717827293	0.0295481	0.00013
0.3179	-0.0283	0.0286	-9.948376736367679e-05	0.0023509585024363614	0.0030176742766981957	0.99866033	66.85919189	1.0095099	0.10057059728390362	0.0267638	0.0001
0.3897	-0.0335	0.0529	-0.00027576202181510406	0.0023265238929084412	0.003077015471266003	1.00274944	67.13295746	1.01190696	0.11430270292735772	0.0278279	0.00012
0.3716	-0.0303	0.0205	6.806784082777885e-05	0.002237512101056731	0.0031293753488258326	0.99890089	66.87529755	1.01011825	0.07796007660272115	0.0259513	8e-05
0.2243	-0.0478	0.0352	0.0007487462491055673	0.0025499260371637153	0.003347541505325124	1.06589556	71.36051941	1.06341487	0.2400629250442032	0.0280139	0.00011
0.1959	-0.0548	0.025	0.0011013027580084218	0.002183406894244906	0.003298672286269283	0.98898363	66.21134949	0.99705776	0.08399724354387525	0.0226737	2e-05
0.3127	-0.0672	0.0467	0.0009983283321407565	0.0020839231268812296	0.003139847324337799	1.00282955	67.13832092	1.00749502	0.16896415775814128	0.0209967	3e-05
0.3513	-0.0599	0.0285	0.0006073745796940267	0.0021205750411731105	0.003522074430524557	0.97890538	65.53662109	0.99403918	0.10459163864626844	0.0218326	8e-05
0.1864	-0.0694	0.0222	0.0014014993893514465	0.0022444934180647076	0.003492403833240653	1.06724799	71.45105743	1.05961333	0.22808568919164604	0.0229651	4e-05
0.257	-0.0809	0.0142	0.0022183134792847924	0.001980948701013564	0.003673918075448063	0.98281562	65.79840851	0.99314315	0.15319365245959496	0.0199572	2e-05
0.3189	-0.1041	0.0435	0.0028361600344907856	0.001668534764906579	0.003417354675404897	0.98584157	66.00099182	0.99769782	0.1737411945678072	0.018948	2e-05
0.3995	-0.1107	0.0973	0.002530727415391778	0.0011152653920243766	0.0025551620249196984	1.01715088	68.09711456	1.02338247	0.22704473212332044	0.0204665	2e-05
0.3255	-0.1227	0.1078	0.003010692959690218	0.0009669124056048585	0.0024137903555081575	0.98584485	66.00121307	0.99578207	0.13498451000647496	0.0201097	3e-05
0.3554	-0.1288	0.103	0.0034749505407207105	0.0007225663103256524	0.002309070600388498	0.9634949	64.5049057	0.98248562	0.08146617157146789	0.0204813	3e-05
0.3799	-0.1122	0.0326	0.0038397243543875246	0.0005358160803622592	0.002537708732399755	0.9957391	66.66362	1.01027569	0.15050810878207324	0.0183111	2e-05
0.4079	-0.1239	0.0434	0.004043927876870862	0.0005532693728822024	0.0026284658535034606	0.97085088	64.99738312	0.98594407	0.06612069680534927	0.0192491	2e-05
0.4157	-0.1352	0.109	0.003686135380212024	0.0005619960191421741	0.0024818581963359366	0.9892717	66.2306366	1.00397262	0.11035634000431668	0.0219567	1e-05
0.3203	-0.1369	0.1042	0.004110250388446646	0.0007592182246175333	0.0026005405854715507	0.98893762	66.20826721	0.99920194	0.1389009801422798	0.0211797	2e-05
0.2587	-0.1345	0.109	0.004576253298729132	0.000752236907609556	0.0029373891311064567	0.96550274	64.639328	0.98396646	0.10929163864626848	0.0226107	3e-05
0.3166	-0.1287	0.0927	0.004609414554517024	0.0005602506898901797	0.002946115777366428	0.94770718	63.44793701	0.96851432	0.091693705988362	0.0218329	3e-05
0.3433	-0.1413	0.1437	0.004536110725933263	0.0006684611035138282	0.0029181905093345183	0.96389359	64.53160095	0.98266139	0.100771975511966	0.0244235	6e-05
0.3477	-0.1393	0.1534	0.004363323129985824	0.0007208209810736582	0.0027366762671271086	0.94080353	62.98574448	0.96314413	0.036433085785733954	0.0247543	3e-05
0.3016	-0.1421	0.1433	0.004618141200776996	0.000577703982410123	0.0025272367568877894	0.94841158	63.4950943	0.96877919	0.08936872898470134	0.0245137	5e-05
0.3536	-0.1406	0.1208	0.004759512870188536	0.0003647738136668148	0.0024050637092481865	0.95973128	64.25293732	0.97881606	0.09982374428972264	0.0244446	4e-05
0.3697	-0.1454	0.1568	0.0046914450293607576	0.00048345620280242926	0.0024713862208239705	0.95993936	64.26686859	0.98005086	0.0695536370769588	0.025789	9e-05
0.3911	-0.1349	0.1424	0.00443837228782158	0.0005846852994181004	0.0025289820861397836	0.95363551	63.84483337	0.97475702	0.06689488517353312	0.0255834	8e-05
0.2883	-0.1487	0.1487	0.005045746867515607	0.0004520402762665313	0.0025551620249196984	0.9924041	66.44034576	1.0023305	0.16120997708127555	0.0265366	0.00013
0.3304	-0.153	0.1445	0.005256931707006921	0.0002652900463031381	0.002597049926967562	0.94787121	63.45891953	0.96841526	0.07259114857512856	0.0269645	0.00017
0.3978	-0.1461	0.1548	0.004651302456564888	0.00046949356878647465	0.0026005405854715507	0.98359615	65.85066223	0.99701706	0.12526617157146788	0.0271783	0.0002
0.3715	-0.1295	0.132	0.004180063558526419	0.0006178465552059926	0.002567379329683659	0.98033124	65.63208008	0.99556044	0.09833765701229388	0.0248968	0.00015
0.2251	-0.1381	0.1209	0.004832816698772298	0.0006510078109938849	0.002621484536495483	1.04645026	70.05867767	1.04297614	0.20310098014227976	0.0259535	0.00021
0.2545	-0.1307	0.0427	0.005949827420048669	0.000757472895365539	0.0030316369107141502	1.01127946	67.7040329	1.01972216	0.1966814089933346	0.0254037	0.00035
0.3525	-0.1432	0.0788	0.005839871677173027	0.0007225663103256524	0.0030124382889422127	1.01432252	67.90776062	1.01947944	0.15480304748437326	0.0264477	0.00057
0.4634	-0.1385	0.1072	0.005014330940979708	0.00042411500823462205	0.0027611108766550296	1.02346063	68.51954651	1.02920882	0.21276597252857657	0.02829	0.00052
0.3833	-0.1326	0.0857	0.004810127418496373	0.000593411945678072	0.0026616271092913526	0.97966385	65.58740234	0.99332107	0.13114921136452312	0.0251182	0.00055
0.2625	-0.1467	0.0988	0.0052010811709431014	0.0006544984694978735	0.0027052603405912107	1.00457096	67.2549057	1.0122477	0.1727836753783194	0.0258645	0.00052
0.2913	-0.1549	0.1175	0.005420992656694387	0.0006754424205218055	0.0026354471705114374	0.97254294	65.11066437	0.98789438	0.07123343034274952	0.0270754	0.00051
0.3827	-0.1506	0.1139	0.005028293574995664	0.0005567600313861911	0.00243473430653209	1.0218358	68.4107666	1.02738322	0.1349047167406842	0.0268369	0.00039
0.3382	-0.1397	0.0816	0.004897393881096089	0.000460766922526503	0.0023212879051524586	0.99468666	66.59316254	1.00445565	0.10471696020694468	0.0233914	0.00023
0.2168	-0.1503	0.103	0.005394812717914472	0.00043458698374658803	0.002230530784048753	1.0217216	68.40312195	1.02792566	0.18411779483510013	0.0254851	0.00021
0.2529	-0.1553	0.1195	0.0057089719832734516	0.000291469985083053	0.002261946710584651	0.98078662	65.66256714	0.99520022	0.08203460952792062	0.02638	0.0002
0.3737	-0.1418	0.1093	0.005199335841691108	0.00016929693744344995	0.002256710722828668	1.03601217	69.35985565	1.0367909	0.17635225884889646	0.0249689	0.00012
0.3387	-0.1285	0.0916	0.005106833391335408	0.0002024581932313422	0.002134537675189065	0.97714013	65.41844177	0.9921452	0.0783918376891597	0.0243017	2e-05
0.2345	-0.135	0.0906	0.005639158813193679	0.0001605702911834783	0.002141518992197042	0.9936704	66.5251236	1.00345054	0.14075973204570563	0.025681	6e-05
0.2753	-0.1489	0.0957	0.0062116268078478195	0.00011170107212763708	0.0022741640153486112	0.95427513	63.88765335	0.97301	0.09749911184307752	0.0259434	6e-05
0.3843	-0.1457	0.0893	0.005981243346584567	-6.806784082777885e-05	0.002314306588144481	1.00376606	67.20101929	1.01138169	0.14111474735072688	0.0255303	5e-05
0.409	-0.1274	0.0411	0.005677556056737554	-1.3962634015954635e-05	0.0022218041377887812	0.98850799	66.17950439	1.00523183	0.11371474735072684	0.0245758	4e-05
0.2809	-0.1049	0.0705	0.005024802916491674	0.00039095375244672985	0.002237512101056731	1.08229542	72.45846558	1.07227519	0.23366887449882567	0.0252026	0.0001
0.2852	-0.0975	0.0469	0.0043214352279379595	0.0008936085770210966	0.001647590813882647	1.0975548	73.48006439	1.08337638	0.12509719001510827	0.0234895	7e-05
0.3325	-0.1123	0.0795	0.0038275070496235643	0.00041713369122664475	0.0013159782560037243	1.05804837	70.8351593	1.05179384	0.15980078109938847	0.0211834	8e-05
0.3353	-0.1186	0.0667	0.004501204140893376	0.00030368728984701333	0.0013072516097437528	0.99061942	66.32086182	0.99776547	0.0616935069454707	0.0218888	7e-05
0.3329	-0.1288	0.0499	0.0049741883681838385	0.00014486232791552936	0.001668534764906579	0.98755187	66.11549377	1.00025592	0.07905461721923866	0.0209988	1e-05
0.3888	-0.1295	0.0738	0.00488168591782814	1.3962634015954635e-05	0.0016632987771505957	0.99089551	66.33934784	1.00163356	0.09193190660056283	0.0225981	6e-05
0.4154	-0.1117	0.0217	0.00445058959258554	-1.7453292519943294e-06	0.0016074482410867775	1.01867223	68.19896698	1.02930974	0.12163274122871838	0.0214322	5e-05
0.237	-0.1262	0.0413	0.005108578720587403	0.00012042771838760874	0.0016057029118347831	1.08633292	72.72877502	1.07599079	0.251595375244673	0.0225115	2e-05
0.239	-0.137	0.0636	0.005248205060746949	0.0002495820830351891	0.0017435839227423352	0.95590067	63.99648285	0.97613444	0.05543308578573392	0.0225874	3e-05
0.3225	-0.1429	0.0792	0.005475097863506211	0.0002373647782712288	0.0018797196043978928	0.96156681	64.37582397	0.97676591	0.123762289458939	0.0235113	3e-05
0.421	-0.1309	0.0616	0.005016076270231703	8.901179185171081e-05	0.0018046704465621369	1.00151527	67.05033112	1.01203632	0.1622211868764891	0.0236395	5e-05
0.358	-0.1228	0.0362	0.00507541746479951	0.0001239183768915974	0.0017505652397503124	0.99118292	66.35858917	1.00212493	0.10391764932097589	0.0223539	4e-05
0.2356	-0.1296	0.0531	0.0055484016920899736	0.00017278759594743863	0.0018291050560900572	1.0201546	68.29821014	1.02396764	0.17611966313430244	0.0229553	3e-05
0.2985	-0.1382	0.0629	0.005797983775125162	0.00012740903539558605	0.001933824811209717	0.95640689	64.03037262	0.97480171	0.101284019935335	0.0232787	3e-05
0.4194	-0.1249	0.076	0.005166174585903216	-9.773843811168246e-05	0.0017872171540421933	1.00974846	67.60153198	1.01554243	0.1974782159948369	0.0240442	4e-05
0.384	-0.1172	0.0344	0.005068436147791533	-0.0002181661564992912	0.0017662732030182616	0.99930668	66.90246582	1.00956647	0.09665550537616112	0.0220658	5e-05
0.2631	-0.1233	0.0256	0.005735151922053367	0.00019198621771937622	0.0018343410438460403	1.01996207	68.2853241	1.02374206	0.193046799465414	0.0225285	3e-05
0.3002	-0.1334	0.0131	0.00605105651666434	0.00019024088846738194	0.002008873969045473	0.95523041	63.95161057	0.97401593	0.08430914245312	0.0221557	1e-05
0.4026	-0.1252	0.038	0.005728170605045389	0.00017802358370342162	0.0019757127132575807	0.98807973	66.15083313	0.99689803	0.15391322360854015	0.0235025	2e-05
0.4191	-0.1065	-0.0059	0.005482079180514189	0.00010297442586766544	0.0019390607989657003	0.99653441	66.71686554	1.01121205	0.09698962483294182	0.0223275	4e-05
0.2682	-0.1201	-0.004	0.006215117466351807	0.00017104226669544429	0.001970476725501598	1.05156302	70.40097046	1.04880368	0.20802610266006477	0.0232368	3e-05
0.276	-0.1298	0.0062	0.0063721970990312975	0.00034033920413889426	0.00210835773640915	0.96471024	64.58627319	0.98288033	0.05091287905152465	0.0237662	3e-05
0.3497	-0.124	0.0118	0.006253514709895682	0.00016929693744344995	0.0020734511513692635	0.97801811	65.47721863	0.99107525	0.10133156204354728	0.023465	4e-05
0.4126	-0.1011	-0.0119	0.005605997557405786	0.0001291543646475804	0.002033308578573394	0.99991477	66.94317627	1.01386105	0.14589011490408177	0.0225871	5e-05
0.2549	-0.12	-0.0246	0.0064943701466709	0.0002181661564992912	0.0020769418098732523	1.06551731	71.33519745	1.05759318	0.24035088062083415	0.023364	3e-05
0.2919	-0.1295	-0.0013	0.006674139059626316	0.00020594885173533088	0.002131047016685076	0.96604252	64.67546844	0.98357779	0.08210457122655998	0.0241529	3e-05
0.3659	-0.1511	0.0094	0.007028440897781166	0.00045553093477052	0.00214850030920502	0.97872657	65.52465057	0.98696923	0.13736686068549916	0.0262379	3e-05
0.4656	-0.1284	-0.0048	0.006236061417375739	0.00038048177693476387	0.0016249015336067207	1.03849757	69.52625275	1.03871512	0.2061513706919741	0.0275751	9e-05
0.2892	-0.1353	-0.0241	0.0065327673902147755	0.0004468042885105483	0.00152367243699105	1.07723105	72.11941528	1.06476862	0.2258128790515246	0.0250573	5e-05
0.1886	-0.1564	-0.0119	0.007387978723691997	0.0003595378259108319	0.0016859880574265225	1.02129817	68.37477112	1.02427441	0.18913967082562053	0.0274716	5e-05
0.2542	-0.1594	-0.0027	0.007564256978143424	0.00035081117965086024	0.0019216075064457567	0.96279949	64.45835114	0.98035208	0.09883121748653162	0.0277121	6e-05
0.3537	-0.1506	0.0143	0.006911503837897546	2.792526803190927e-05	0.0018867009214058703	1.01271415	67.80007935	1.01751781	0.1758272818452358	0.0270889	4e-05
0.3775	-0.1239	-0.0303	0.006440264939859076	-0.00016231562043547262	0.0017278759594743865	1.01962209	68.26255798	1.02977131	0.13611523742186676	0.0251409	6e-05
0.2121	-0.1398	-0.0079	0.007101744726364926	-0.00023561944901923448	0.0016947147036864942	1.0710485	71.70549774	1.06276708	0.2420972435438752	0.0273896	8e-05
0.2501	-0.1531	-0.0035	0.007794640439406676	-0.00012217304763960306	0.0018133970928221085	0.9680261	64.80826569	0.98543069	0.10195122517784978	0.0286562	8e-05
0.3157	-0.1602	0.0008	0.00803025988842591	-0.0001256637061435917	0.0018605209826259553	0.96129459	64.35759735	0.97866716	0.09131169986635347	0.0290729	8e-05
0.4421	-0.1422	-0.0045	0.0070197142515211934	-0.0004433136300065597	0.0016336281798666925	1.02834094	68.84627533	1.03267624	0.22745441817634743	0.0289298	5e-05
0.3295	-0.1504	-0.0126	0.007286749627076325	-0.00037350045992678646	0.0015655603390389136	1.00889349	67.54428864	1.01495429	0.1491458193231342	0.0274928	3e-05
0.2638	-0.1572	-0.0076	0.008000589291142005	-0.00013264502315156904	0.0017174039839624202	0.97052097	64.97529602	0.987965	0.13282693728822023	0.0292759	7e-05
0.3082	-0.1739	-0.0236	0.008454374896660533	-0.00019547687622336493	0.001891936909161853	0.95173258	63.71743393	0.97164632	0.1116575191894878	0.0301263	8e-05
0.414	-0.1671	0.0255	0.007709119306058954	-0.0003769911184307752	0.0016615534478986017	1.02227271	68.4400177	1.02602859	0.21955766470361204	0.0316561	0.00013
0.341	-0.1618	-0.016	0.007936012108818216	-0.0002740166925631097	0.0016249015336067207	0.99421239	66.561409	1.00629421	0.1381259571459404	0.0311276	6e-05
0.2073	-0.1753	-0.0004	0.008290313946973065	-0.0002530727415391778	0.0016510814723866359	1.02885997	68.88102722	1.03184746	0.1828712863979348	0.0326065	0.00014
0.2493	-0.1754	0.0129	0.008487536152448424	-0.000148352986419518	0.0018413223608540175	0.96750051	64.77307892	0.98514351	0.08000914245312003	0.0320184	0.00013
0.3756	-0.1668	0.0047	0.007518878417591571	-0.0005480333851262194	0.0018709929581379211	1.04510689	69.96874237	1.04633343	0.21300043654237288	0.0289796	5e-05
0.2904	-0.1491	-0.0192	0.007517133088339578	-0.00016406094968746698	0.0018099064343181197	1.02773535	68.80573273	1.03246298	0.14914021442552736	0.0279674	6e-05
0.2036	-0.1736	-0.015	0.008265879337445145	-0.0002495820830351891	0.001895427567665842	1.01456082	67.92371368	1.02192893	0.16148942579005054	0.030241	9e-05
0.2933	-0.1712	-0.0062	0.008293804605477054	-0.00010995574287564276	0.002106612407157156	0.9825834	65.7828598	0.99503796	0.11983682238413848	0.029743	9e-05
0.4151	-0.166	-0.0137	0.0077771871468867325	-0.0005183627878423159	0.002050761871093337	1.02006435	68.29216766	1.02927281	0.18354375198104067	0.0299471	0.0001
0.3617	-0.1562	-0.0366	0.007960446718346137	-0.00024260076602721178	0.0018832102629018814	0.99427509	66.56560516	1.0058705	0.11742866007329825	0.029249	9e-05
0.261	-0.1724	-0.009	0.008213519459885315	-0.0001675516081914556	0.002038544566329377	1.01294482	67.81552124	1.02174962	0.16867281014012148	0.030967	0.00012
0.3099	-0.1817	-0.0216	0.00867079572390783	-0.00029321531433504735	0.0022270401255447643	0.95338786	63.82825089	0.9735548	0.10937177646907471	0.0313365	0.00014
0.4287	-0.1675	-0.006	0.008140215631301554	-0.00030368728984701333	0.0022043508452688383	1.0044266	67.24523926	1.00864415	0.1767870674197084	0.0318001	0.00013
0.3776	-0.1484	-0.0224	0.007656759428499123	1.2217304763960308e-05	0.0021746802479849347	0.98351318	65.84510803	0.99532577	0.1280515697348654	0.0290773	0.00011
0.2596	-0.108	-0.01	0.00588525023772488	0.000296705972839036	0.002314306588144481	1.13958609	76.29401398	1.10869715	0.2805812099504433	0.0253559	3e-05
0.2902	-0.0411	-0.036	0.0024050637092481865	0.0019722220547535923	0.0020629791758572974	1.41887224	94.99191284	1.33695278	0.3938515011339216	0.0343501	0.00041
0.3406	-0.0381	-0.0248	0.0018657569703819383	0.0017523105690023068	0.0019373154697137059	1.13123536	75.7349472	1.12102238	0.10884409653805624	0.0224059	3e-05
0.3369	-0.0554	-0.03	0.002398082392240209	0.0015027284859671175	0.0017732545200262388	1.00928533	67.57052612	1.01655354	0.07349842272904637	0.0201507	4e-05
0.3284	-0.0781	-0.0515	0.003426081321664869	0.0013543754995475996	0.0019006635554218248	1.00552475	67.3187561	1.01088077	0.11788804756198816	0.0189613	2e-05
0.4082	-0.0913	-0.0021	0.0034993851502486306	0.001382300767579509	0.00199142067652553	1.04178357	69.74624634	1.03685309	0.15199931088596877	0.0192304	2e-05
0.4447	-0.0734	-0.0134	0.003040363556974122	0.0008970992355250854	0.0020280725908174107	1.04152548	69.72896576	1.04124172	0.11474375198104061	0.0188199	1e-05
0.2636	-0.0921	-0.0191	0.003707079331235956	0.0008272860654453122	0.0019460421159736775	1.10782671	74.16776276	1.08701893	0.24642797095926705	0.016983	2e-05
0.3066	-0.096	-0.0224	0.004050909193878839	0.0013735741213195373	0.0022322761133007477	1.03267872	69.13668823	1.02713286	0.1090175957922089	0.0188977	1e-05
0.3611	-0.0894	-0.012	0.0038187804033635933	0.001329940890019679	0.0022654373690886398	1.01003945	67.62100983	1.01688054	0.08694616388014982	0.0191409	2e-05
0.3826	-0.0831	-0.0314	0.0036302848441482054	0.0008621926504851988	0.00209614043164519	0.99546254	66.64510345	1.00492667	0.0884770368096659	0.0172007	1e-05
0.2591	-0.1071	-0.0334	0.004494222823885398	0.0009756390518648303	0.002235766771804736	1.03926682	69.57775116	1.03547691	0.2053505360638185	0.0184228	1e-05
0.3137	-0.1256	-0.0325	0.005340707511102648	0.0011850785621041497	0.002802998778702893	0.9828366	65.79981232	0.99536299	0.15515781021773628	0.020066	2e-05
0.4071	-0.1329	-0.0031	0.005372123437638546	0.0010367255756846318	0.0027925268031909274	0.98751277	66.11287689	0.99887878	0.1396120444233691	0.0216484	2e-05
0.5042	-0.1268	0.0209	0.004696681017116741	0.0008848819307611251	0.002686061718819273	1.0007118	66.99653625	1.01133143	0.17388755749084828	0.0231891	3e-05
0.4223	-0.1236	0.0219	0.005014330940979708	0.0011763519158441782	0.002518510110627818	0.99440944	66.57460022	1.00529858	0.12493357585687376	0.0220321	2e-05
0.3655	-0.1163	0.0251	0.005133013330115323	0.0012740903539558604	0.0025045474766118626	0.97201556	65.07535553	0.98794677	0.07881917306316262	0.0218987	5e-05
0.3694	-0.1256	0.024	0.005208062487951079	0.0012601277199399059	0.002645919146023404	0.94374299	63.18254089	0.96414645	0.02581917306316261	0.021861	1e-05
0.4157	-0.1204	0.0477	0.004686209041604775	0.0010332349171806431	0.0025516713664157096	0.97323298	65.15686035	0.98766875	0.11734970143566303	0.0215517	3e-05
0.2945	-0.1271	0.0376	0.00514348530562729	0.001324704902263696	0.003080506129769991	1.0359875	69.3582077	1.03330431	0.20187905062299244	0.0209567	2e-05
0.2891	-0.1235	0.036	0.005677556056737554	0.0017016960206944712	0.0037699111843077517	0.98799276	66.1450119	0.99882429	0.09062334620393998	0.0235662	3e-05
0.3584	-0.1182	0.0555	0.005630432166933707	0.001579522973054868	0.003639011490408177	0.96594405	64.66887665	0.98073712	0.10910983156715123	0.0238337	4e-05
0.4642	-0.1093	0.0491	0.004977679026687828	0.0012025318546240932	0.0033981560536329595	1.01644349	68.04975891	1.02392398	0.1846299847725936	0.0235426	1e-05
0.4235	-0.0988	0.0233	0.004937536453891958	0.001553343034274953	0.0032777283352453507	1.00178564	67.06842804	1.01116491	0.10256907354171692	0.0237619	2e-05
0.2765	-0.1134	0.043	0.005461135229490257	0.0016877333866785165	0.0033318335420571745	1.07322121	71.85095978	1.06691867	0.21690471674068423	0.0238064	2e-05
0.3278	-0.125	0.0226	0.005784021141109208	0.0011693705988362008	0.003495894491744642	0.97360951	65.18206787	0.98883649	0.13356548245743663	0.0222147	2e-05
0.5187	-0.1217	0.0415	0.005159193268895238	0.0014259339988793671	0.0034714598822167216	1.14654112	76.75964355	1.1071411	0.2583912940892529	0.0291834	5e-05
0.4062	-0.1133	0.0122	0.005044001538263612	0.0010105456369047167	0.0032759830059933565	1.07674766	72.08705139	1.060407	0.18650284844148207	0.0226716	4e-05
0.2453	-0.1284	0.0155	0.005574581630869889	0.0009581857593448868	0.0033265975543011915	1.08723116	72.78890991	1.07257365	0.21097772592369707	0.0228053	4e-05
0.3491	-0.1191	0.0124	0.005928883469024737	0.001048942880448592	0.0035395277230445004	1.01770639	68.13430786	1.02245112	0.14909945640009312	0.0237152	5e-05
0.4374	-0.1007	-0.0282	0.0056635934227216	0.0006230825429619757	0.0033615041393410786	1.03458488	69.26430511	1.03983117	0.19075869837465875	0.0240403	4e-05
0.3729	-0.1023	-0.0432	0.005590289594137836	0.0008115781021773631	0.003080506129769991	1.01120079	67.69876099	1.0157807	0.10823986986851192	0.0229644	5e-05
0.3142	-0.1067	-0.0594	0.006187192198319898	0.0008639379797371932	0.002754129559647052	0.99691558	66.74238586	1.00812461	0.1280819525932416	0.0242529	8e-05
0.3397	-0.1152	-0.0875	0.006520550085450815	0.000778416846389471	0.0030124382889422127	0.98393273	65.87319946	0.99713921	0.09595938748869	0.0235176	5e-05
0.4114	-0.1158	-0.0717	0.006286675965683575	0.0005724679946541401	0.003186971214141646	0.99420953	66.56121826	1.00554302	0.11881779483510017	0.02332	3e-05
0.5316	-0.101	-0.0749	0.005628686837681713	0.00029321531433504735	0.003043854215478111	1.03459716	69.26512146	1.03952167	0.19221794034922443	0.0269648	0.0001
0.3756	-0.1021	-0.0603	0.005478588522010201	0.00042236967898262774	0.0026267205242514655	1.07620895	72.05098724	1.06981579	0.20651931857728684	0.0234984	8e-05
0.3443	-0.085	-0.062	0.00558330827712986	0.0005672320068981572	0.002726204291615143	1.01564229	67.99611664	1.0259602	0.0675532925199433	0.0233642	6e-05
0.2301	-0.0967	-0.016	0.005501277802286126	0.00039968039870670147	0.0025324727446437724	1.05449569	70.5973053	1.05878467	0.194065681500328	0.0231626	8e-05
0.3594	-0.1102	0.0069	0.005705481324769463	0.0003054326190990077	0.0027244589623631483	1.01953113	68.25646973	1.02297374	0.1902218759905204	0.0231078	3e-05
0.4511	-0.1101	0.0013	0.005223770451219028	-2.96705972839036e-05	0.002659881780039358	1.01314616	67.82900238	1.01994387	0.1414695636128568	0.0237348	3e-05
0.3891	-0.0891	-0.0212	0.004928809807631986	3.141592653589793e-05	0.0022479840765686964	1.02673101	68.73849487	1.03252334	0.1438972435438753	0.0235477	0.00012
0.3236	-0.0917	-0.0389	0.005539675045830002	0.00017278759594743863	0.0022043508452688383	0.99325138	66.49707031	1.00426382	0.12559350694547075	0.0244842	6e-05
0.2958	-0.1164	-0.036	0.006089453760208215	8.552113334772214e-05	0.0025481807079117207	0.98883927	66.20168304	1.00326372	0.10444375198104056	0.0241984	4e-05
0.3011	-0.0481	0.0086	0.002464404903815993	0.0008813912722571365	0.002782054827678961	1.28752744	86.19852448	1.21260419	0.35093965575344377	0.0250084	5e-05
0.3519	-0.0195	0.0324	0.0003944444109507184	0.0013718287920675431	0.0027576202181510408	1.26305294	84.5599823	1.21882795	0.23244163111018007	0.036149	0.00038
0.4652	-0.0239	0.0327	0.0004747295565424576	0.0010297442586766543	0.0021624629432209744	1.11450231	74.61468506	1.11259674	0.16887634769563475	0.0271879	0.0001
0.3132	-0.0463	0.0141	0.0011362093430483087	0.0010053096491487337	0.001963495408493621	1.1201514	74.99288177	1.09574507	0.2372440965380563	0.0192503	6e-05
0.2678	-0.0561	0.0192	0.0015515977050229591	0.0011379546723003027	0.0021676989309769574	1.00192618	67.07784271	1.01182891	0.09791184538047781	0.0185157	3e-05
0.3084	-0.0639	0.0179	0.0020176006153054447	0.0010175269539126942	0.002319542575900464	0.9812569	65.69405365	0.99363814	0.08661371367968004	0.017306	3e-05
0.3451	-0.0742	0.0128	0.0024609142453120045	0.000879645943005142	0.002488839513343914	0.97858113	65.51491547	0.99223082	0.08962457891787809	0.0172652	3e-05
0.4471	-0.0776	0.0348	0.0021799162357409173	0.00038571776469074686	0.002309070600388498	1.01864612	68.19721985	1.02444202	0.17513475504204487	0.0203069	1e-05
0.3412	-0.0832	0.0274	0.002438224965036078	0.0006178465552059926	0.002234021442552742	1.01906109	68.22499847	1.02256905	0.1471743338823081	0.0186079	3e-05
0.2847	-0.0796	0.036	0.002886774582798621	0.0010838494654884787	0.0022933626371205488	1.02194405	68.41801453	1.02567	0.11739468613064176	0.0189903	2e-05
0.3001	-0.0896	0.0397	0.0028902652413026098	0.0006003932626860494	0.0023596851486963333	0.98593819	66.00746155	0.9975447	0.056763468644110096	0.0176838	2e-05
0.4449	-0.0826	0.0397	0.002366666465704311	0.000296705972839036	0.0022148228207808044	1.0375787	69.46473694	1.03928343	0.20040741966804207	0.0201387	3e-05
0.3766	-0.0858	0.0252	0.0026546457922833754	0.0003612831551628262	0.0021537362969610025	0.98835844	66.16949463	0.99869522	0.10668215163613284	0.0186751	2e-05
0.3013	-0.0981	0.0318	0.003089232776029963	0.000439822971502571	0.002267182698340634	0.97673857	65.39155579	0.9921523	0.1255286600732982	0.0180185	3e-05
0.3868	-0.0946	0.0405	0.0031328660073298214	0.0006736970912698113	0.0023265238929084412	0.98095274	65.6736908	0.98921693	0.11454242728174525	0.0187443	3e-05
0.4693	-0.0663	0.0426	0.0024399702942880727	0.0005305800926062762	0.002197369528260861	0.99636132	66.70527649	1.00696185	0.1611583538176432	0.0205749	2e-05
0.3125	-0.0682	0.0219	0.0029181905093345183	0.000752236907609556	0.0021799162357409173	1.05292642	70.49224854	1.04721963	0.21526651612848344	0.0170447	2e-05
0.2669	-0.0796	0.0181	0.0033318335420571745	0.0009721483933608416	0.002541199390903744	0.98026931	65.62793732	0.99366124	0.1105418836818384	0.0171846	1e-05
0.3802	-0.0827	0.0498	0.0029775317039023265	0.0006440264939859076	0.002530727415391778	1.01316154	67.83003235	1.01784986	0.18274478565208732	0.0179543	2e-05
0.4018	-0.0702	0.0074	0.0030124382889422127	0.0005078908123303499	0.0025080381351158514	1.00444138	67.24623108	1.01607807	0.08618657734856851	0.0184234	2e-05
0.2427	-0.0799	-0.0106	0.004003785304074992	0.000926769832808989	0.002993239667170275	1.09159541	73.08109283	1.08028296	0.2815713783832921	0.0182654	4e-05
0.2915	-0.0756	-0.0018	0.004363323129985824	0.0010070549784007281	0.0034627332359567498	0.99100071	66.34638977	1.000451	0.10736582701445226	0.0192873	1e-05
0.3889	-0.0937	0.021	0.004206243497306334	0.0007278022980816354	0.003178244567881674	1.02272904	68.4705658	1.02697766	0.17434104905368294	0.018979	3e-05
0.4272	-0.0828	0.0123	0.00400727596257898	0.001192059879112127	0.0031433379828417875	0.99455118	66.58409119	1.00310592	0.09280658503988659	0.0195493	4e-05
0.2787	-0.0961	0.0071	0.0045588000062091886	0.0011536626355682519	0.00324107642095347	1.0522145	70.44458771	1.046047	0.20138298626428833	0.0189899	3e-05
0.3424	-0.1125	0.0005	0.004981169685191816	0.0012252211349000194	0.003447025272688801	0.96442646	64.567276	0.97914402	0.12169385150248628	0.0203013	1e-05
0.4692	-0.0991	-0.0196	0.004258603374866164	0.0009354964790689606	0.00326551103048139	1.03586102	69.34973907	1.03790266	0.21999026041820616	0.0208477	2e-05
0.6133	-0.1395	0.0015	0.004344124508213886	0.0025237460983838006	0.007168067237940712	1.32138228	88.465065	1.2522119	0.48441634800609423	0.0354556	0.00061
0.472	-0.159	0.0568	0.004270820679630125	0.003572688978832392	0.007464773210779748	1.21395636	81.27302551	1.18473599	0.2870476340935694	0.0330465	0.00028
0.5492	-0.1586	0.1169	0.003506366467256608	0.0037943457938356727	0.006998770300497261	1.07025969	71.65268707	1.06282596	0.2103056968829642	0.0363233	0.00053
0.5819	-0.1186	0.1369	0.0011257373675363424	0.0026912977065752563	0.00506320016003555	1.19942605	80.30023193	1.16497369	0.3636623663721196	0.0321326	0.00012
0.4927	-0.1099	0.0827	0.0018622663118779497	0.0029181905093345183	0.005291838292046808	1.06338143	71.19219971	1.06018548	0.21170299395560627	0.0267801	8e-05
0.3812	-0.1295	0.0905	0.002700024352835228	0.0029548424236264	0.0052447144022429604	1.01766562	68.13157654	1.0248516	0.18497669225265043	0.0252893	4e-05
0.4764	-0.1132	0.097	0.0026616271092913526	0.0029722957161463434	0.005263913024014897	0.98651618	66.04615784	0.9939538	0.1217524578917878	0.0258225	5e-05
0.5854	-0.0873	0.0631	0.0022898719786165604	0.002488839513343914	0.004963716392671873	1.0292927	68.90999603	1.03522866	0.22657039824101227	0.027332	4e-05
0.46	-0.0721	-0.0087	0.0031712632508736965	0.003043854215478111	0.004871213942316174	1.13412094	75.9281311	1.11631746	0.2888454212373516	0.0266412	5e-05
0.4281	-0.0416	-0.0249	0.0016982053621904826	0.0028361600344907856	0.00460766922526503	1.12228036	75.13541412	1.10880581	0.1758148393360842	0.0237848	5e-05
0.4077	-0.0587	-0.039	0.002371902453460294	0.002129301687433082	0.004375540434749784	1.03769445	69.4724884	1.03921897	0.13223421144213804	0.0203358	5e-05
0.3597	-0.0607	0.005	0.002228785454796759	0.0020769418098732523	0.004340633849709897	1.02023339	68.30348969	1.02886451	0.10551917306316252	0.0192226	2e-05
0.5151	-0.0682	-0.0138	0.0022218041377887812	0.0015690509975429022	0.004300491276914028	1.08262527	72.48055267	1.07594258	0.2094507351067098	0.0218547	2e-05
0.5321	-0.0577	-0.0469	0.001998401993533507	0.0016318828506146981	0.0041329396687225725	1.02776825	68.80793762	1.03297882	0.08328928027592629	0.0233987	5e-05
0.3246	-0.0747	-0.0054	0.002373647782712288	0.0019163715186897737	0.004012511950334963	1.13153577	75.75505829	1.11570224	0.3050081087820733	0.0185812	4e-05
0.3863	-0.0764	0.009	0.0024556782575560214	0.002036799237077382	0.004246386070102203	0.99892867	66.87715912	1.00582702	0.09961661564992905	0.0187352	1e-05
0.5029	-0.0763	0.0041	0.0022846359908605773	0.0017016960206944712	0.004223696789826277	1.03602302	69.36058044	1.0360196	0.14804173816771407	0.0222946	3e-05
0.5285	-0.0663	-0.0276	0.002008873969045473	0.0016004669240788003	0.0041608649367544815	1.01932716	68.24281311	1.02597994	0.0892911485751285	0.0231814	9e-05
0.3483	-0.0901	-0.01	0.0025987952562195565	0.0017819811662862105	0.004176572900022431	1.09021509	72.98868561	1.08203431	0.2609571746324721	0.0195408	4e-05
0.391	-0.0999	-0.0127	0.002874557278034661	0.0019216075064457567	0.004509930787153347	0.9609105	64.33188629	0.97863979	0.0926373124552784	0.0204775	3e-05
0.4759	-0.0902	0.0063	0.002764601535159018	0.002261946710584651	0.004448844263333546	1.01025605	67.63551331	1.00756829	0.13916907354171687	0.0224085	3e-05
0.5353	-0.0634	-0.0023	0.0020943951023931952	0.0019355701404617114	0.004167846253762459	1.00631249	67.37149811	1.01518728	0.15867905062299248	0.0233849	2e-05
0.3894	-0.0733	-0.0273	0.002453932928304027	0.001853539665617978	0.004176572900022431	1.06727099	71.45259857	1.05169601	0.20331474735072683	0.0205424	1e-05
0.3639	-0.0844	-0.0241	0.0028518679977587343	0.0019879300180215415	0.004473278872861466	0.97616309	65.35302734	0.99144063	0.08125156973486532	0.0208325	4e-05
0.4422	-0.0833	-0.0269	0.0029653143991383657	0.002090904443889207	0.004694935687864747	0.97387618	65.19992065	0.98879626	0.10410388211252886	0.0216391	2e-05
0.547	-0.0827	-0.0036	0.0024731315500759648	0.0018238690683340744	0.004473278872861466	1.01698077	68.08572388	1.02264616	0.17774375198104075	0.024273	2e-05
0.473	-0.0693	-0.024	0.002583087292951608	0.0023911010752322315	0.004324925886441949	1.05044782	70.3263092	1.04525264	0.14907703680966594	0.0226041	1e-05
0.3109	-0.081	-0.0329	0.003166027263117714	0.0023474678439323734	0.004494222823885398	1.09789133	73.50260162	1.07798454	0.22249350694547065	0.0209358	1e-05
0.3741	-0.0718	-0.0887	0.0033265975543011915	0.002457423586808016	0.0053389621818506535	1.00365746	67.19374847	1.01471847	0.18396326960121875	0.023069	4e-05
0.5037	-0.0844	-0.0581	0.0033440508468211352	0.0024801128670839424	0.0053389621818506535	1.02173305	68.40388489	1.02391074	0.17480712863979359	0.0240554	1e-05
0.523	-0.0762	-0.0404	0.002935643801854462	0.002371902453460294	0.005120796025351363	0.96706212	64.74372864	0.98286555	0.08193918075448059	0.024255	3e-05
0.4291	-0.0735	-0.0273	0.003186971214141646	0.0026319565120074486	0.004977679026687828	0.98755926	66.11598969	1.000107	0.14242492347489372	0.0211245	3e-05
0.4284	-0.0737	-0.0191	0.0032079151651655774	0.0025987952562195565	0.004988151002199794	0.94231349	63.08683395	0.96582292	0.012328859116189458	0.021371	3e-05
0.4976	-0.0793	-0.007	0.0030281462522101614	0.0024801128670839424	0.004825835381764321	0.96659583	64.71250916	0.98165135	0.10993834612632508	0.0223525	2e-05
0.5409	-0.0657	-0.0316	0.002535963403147761	0.0022183134792847924	0.004630358505540956	0.9841935	65.89065552	0.99968118	0.12897295565424588	0.023756	3e-05
0.3541	-0.0728	-0.0633	0.003134611336581816	0.0024225170017681294	0.004803146101488395	1.07230747	71.78978729	1.0581727	0.27438195259324166	0.0213768	1e-05
0.3645	-0.075	-0.0811	0.0035482543693044722	0.002597049926967562	0.005368632779134557	0.95923531	64.21973419	0.97714269	0.0880831317784125	0.0227744	5e-05
0.443	-0.084	-0.0655	0.0035499996985564664	0.0026145032194875057	0.005501277802286126	0.9689045	64.86707306	0.98487536	0.11069218224617539	0.0231052	2e-05
0.5451	-0.0797	-0.027	0.003106686068549906	0.0026092672317315226	0.005044001538263612	1.04309905	69.83431244	1.03457448	0.1901912940892529	0.024425	3e-05
0.4521	-0.0565	-0.0556	0.003160791275361731	0.0026616271092913526	0.0048467793327882525	1.01350296	67.85289001	1.01564118	0.1599843644923507	0.0220224	4e-05
0.3667	-0.0801	-0.0838	0.004225442119078272	0.002928662484846485	0.005150466622635266	1.01105988	67.68933105	1.01494013	0.21896867545593432	0.0241167	5e-05
0.4224	-0.1151	-0.0412	0.0041556289489984985	0.002998475654926258	0.0046198865300289904	1.09196353	73.10573578	1.07625768	0.16681032163829107	0.0297931	0.0002
0.4367	-0.0739	-0.0973	0.0029565877528783943	0.0018936822384138475	0.003455751918948773	1.13694584	76.11725616	1.1210706	0.28499846118563654	0.0241504	4e-05
0.2085	-0.0834	-0.1051	0.0032969269570172887	0.001980948701013564	0.00334579617607313	1.15523422	77.34163666	1.12877686	0.27237807048071266	0.0236444	6e-05
0.1771	-0.1031	-0.0636	0.0037803831598197174	0.002092649773141201	0.0034836771869806815	0.990466	66.31059265	1.00687063	0.12925191429188082	0.0238599	6e-05
0.2444	-0.1117	-0.0632	0.004063126498642799	0.0018570303241219666	0.003605850234620285	0.96095312	64.33473969	0.97820013	0.10832679177409596	0.0213221	5e-05
0.3501	-0.1101	-0.0532	0.0038571776469074684	0.0018308503853420514	0.0037245326237558994	0.99396592	66.54490662	1.00034734	0.13484055898254305	0.0187523	1e-05
0.5272	-0.0921	-0.0909	0.0033231068957972035	0.0018099064343181197	0.0038135444156076103	1.07338989	71.86225128	1.07050586	0.2650013246992954	0.023185	4e-05
0.4386	-0.0862	-0.088	0.0033562681515850955	0.0019216075064457567	0.003757693879543791	0.99651152	66.71533203	1.0048729	0.10743564319896744	0.0207458	1e-05
0.3286	-0.0987	-0.1023	0.004050909193878839	0.001790707812546182	0.0039671333897831115	1.00506222	67.28779602	1.00855193	0.18854901232163196	0.0196756	4e-05
0.4176	-0.0965	-0.1206	0.004309217923174	0.001762782544514273	0.0042655846918741415	0.9686048	64.84700775	0.98446433	0.13873426497090496	0.0209011	4e-05
0.5052	-0.0935	-0.0731	0.003495894491744642	0.0018186330805780916	0.004134684997974567	1.00905502	67.55510712	1.0140454	0.18810368306963748	0.0216759	2e-05
0.5099	-0.0889	-0.0979	0.003450515931192789	0.001837831702350029	0.0041608649367544815	0.97672737	65.39080811	0.99163598	0.03863785605518527	0.0226967	6e-05
0.3682	-0.1042	-0.1057	0.004017747938090946	0.0019530234329816546	0.004124213022462601	1.03045213	68.98761749	1.03173847	0.20075378259108312	0.0208089	2e-05
0.3815	-0.1071	-0.1249	0.0043877577395137445	0.0021170843826691216	0.004419173666049642	0.95557088	63.97440338	0.97374116	0.07685156973486526	0.0224094	4e-05
0.4249	-0.1117	-0.1038	0.004372049776245795	0.002061233846605303	0.0044261549830576195	0.95856494	64.17485046	0.97698316	0.07302699081698723	0.0229471	3e-05
0.4833	-0.1113	-0.0565	0.003745476574779831	0.0015481070465189703	0.003911282853719292	0.99391687	66.54162598	1.00716984	0.1888286065445313	0.0224496	1e-05
0.4401	-0.1202	-0.024	0.0038501963298994907	0.0011903145498601325	0.003572688978832392	0.97648579	65.37463379	0.99225196	0.12465530633326988	0.0219172	5e-05
0.3944	-0.1294	-0.0269	0.004316199240181977	0.0012740903539558604	0.003635520831904189	0.95660245	64.04346466	0.97494272	0.08843052837250058	0.0213851	3e-05
0.4448	-0.1231	-0.0373	0.0046251225177849735	0.0014189526818713899	0.0038501963298994907	0.9565745	64.04159546	0.974117	0.10052305517569136	0.0223595	3e-05
0.4992	-0.1148	-0.028	0.00443837228782158	0.0016929693744344998	0.0037943457938356727	0.96590704	64.66639709	0.98042725	0.09783087292951606	0.0229504	2e-05
0.5417	-0.1061	-0.0458	0.0038536869884034796	0.0014154620233674013	0.0037646751965517687	0.98306632	65.81519318	0.99814833	0.11359316238845514	0.0239815	3e-05
0.4524	-0.1057	-0.0722	0.004043927876870862	0.0015289084247470327	0.003792600464583678	0.98337984	65.83618164	0.9950174	0.13268062789394608	0.0218292	2e-05
0.3761	-0.1157	-0.0687	0.004494222823885398	0.0018413223608540175	0.004248131399354198	0.98183066	65.73246765	0.99511466	0.15071199089460208	0.0218186	2e-05
0.4201	-0.1135	-0.0939	0.00476474885794452	0.002124065699677099	0.004591961261997081	0.9482764	63.48604584	0.96799826	0.11625496177625427	0.0232943	3e-05
0.4855	-0.1167	-0.0781	0.004614650542273007	0.0019006635554218248	0.004644321139556911	0.96451116	64.57294464	0.98173304	0.10569301687433089	0.0239828	3e-05
0.5505	-0.1027	-0.0791	0.003977605365295077	0.0017837264955382047	0.004424409653805625	0.98041427	65.63764191	0.99618371	0.12869468613064186	0.0252761	4e-05
0.4305	-0.1067	-0.0849	0.004372049776245795	0.0019617500792416262	0.00451865743341332	1.00954127	67.58766174	1.01697449	0.16313578871309176	0.0227212	3e-05
0.4288	-0.1064	-0.1099	0.004756022211684548	0.0024137903555081575	0.005311036913818745	0.96790904	64.8004303	0.984687	0.10841960960553544	0.0249948	2e-05
0.4976	-0.1051	-0.1239	0.0049864056729478	0.0026406831582674204	0.005920156822764766	0.95884711	64.19374084	0.97651816	0.13741980864842676	0.0278068	4e-05
0.5643	-0.1181	-0.0524	0.004562290664713178	0.002078687139125246	0.005328490206338688	1.01267302	67.79732513	1.02314436	0.23008888219014373	0.0274775	3e-05
0.576	-0.1345	0.0059	0.00493055513688398	0.0013142329267517303	0.00450294947014537	0.99882758	66.87039185	1.01241456	0.18431297103688177	0.0285009	3e-05
0.5063	-0.1455	0.0079	0.005234242426730994	0.0014364059743913332	0.004534365396681268	0.96206766	64.40935516	0.97976483	0.10556381320112572	0.0272361	6e-05
0.5169	-0.1305	-0.0608	0.005436700619962336	0.0019757127132575807	0.0054384459492143305	0.99138463	66.3720932	1.00623922	0.1765922742315326	0.028317	4e-05
0.5554	-0.1348	-0.043	0.005422737985946381	0.0022235494670407763	0.005937610115284709	0.97825605	65.4931488	0.99454274	0.09864817769347642	0.0301294	4e-05
0.5732	-0.1317	-0.0164	0.005141739976375294	0.002015855286053451	0.0056653387519735934	0.95769519	64.11662292	0.97676949	0.08554817769347645	0.0301032	6e-05
0.4322	-0.1265	-0.0255	0.005407030022678433	0.0016545721308906245	0.005482079180514189	1.01842248	68.18225098	1.02083684	0.19579163864626856	0.0260078	4e-05
0.4815	-0.1147	-0.0798	0.005661848093469605	0.0013316862192716734	0.005633922825437696	0.97886765	65.53409576	0.99523587	0.15187738136668152	0.0280402	3e-05
0.5076	-0.1261	-0.0519	0.0057648225193372695	0.0013072516097437528	0.005384340742402506	0.9584136	64.16471863	0.97804572	0.08424955592153878	0.0285973	3e-05
0.5615	-0.1365	0.0183	0.0050073496239717305	0.0011135200627723821	0.004701917004872723	1.02468908	68.60179138	1.03102222	0.2161814089933346	0.028545	6e-05
0.5285	-0.1294	-0.0064	0.004965461721923867	0.001043706892692609	0.004583234615737109	0.99103111	66.34842682	1.00304697	0.07631917306316256	0.0274952	3e-05
0.3461	-0.1288	-0.0409	0.005684537373745532	0.0017749998492782332	0.005527457741066041	1.10925984	74.26371002	1.09674549	0.337229586686811	0.0274885	9e-05
0.4493	-0.131	-0.0661	0.006202900161587847	0.0015707963267948967	0.005536184387326013	0.98709464	66.08488464	0.99894309	0.16716464782928114	0.0285403	8e-05
0.4853	-0.1246	-0.0878	0.0062622413561556544	0.0012356931104119853	0.005281366316534841	0.9446137	63.24083328	0.96467515	0.09656312408709455	0.0290158	9e-05
0.5748	-0.1271	-0.0282	0.005626941508429718	0.0008482300164692441	0.004733332931408622	1.01697564	68.08538055	1.02412053	0.2301398163397448	0.0305157	8e-05
0.5995	-0.1302	-0.0092	0.005195845183187119	0.0006736970912698113	0.004576253298729132	0.97389209	65.20098877	0.9900386	0.08493544415607615	0.0310606	0.0001
0.4585	-0.1392	-0.011	0.005625196179177724	0.0009354964790689606	0.00473682358991261	1.01146948	67.7167511	1.01693718	0.1943860337486616	0.0270963	7e-05
0.4683	-0.1325	-0.082	0.00631285590446349	0.0014538592669112763	0.005628686837681713	0.98996437	66.27700806	1.00503991	0.1923942880448592	0.0300009	6e-05
0.5492	-0.1497	-0.0827	0.0070197142515211934	0.0019669860669976093	0.006075491126192261	0.97794092	65.47205353	0.99025673	0.18213947178272924	0.0349033	0.00016
0.5818	-0.157	-0.079	0.007393214711447979	0.0029024825460665696	0.0064332836228510985	0.96861571	64.84774017	0.98512848	0.12693947178272913	0.0383288	0.00026
0.4578	-0.1616	-0.101	0.007798131097910665	0.0030700341542580253	0.006415830330331155	1.00325346	67.16670227	1.01131937	0.1800960643587043	0.0368583	0.00029
0.4828	-0.154	-0.1526	0.007984881327874059	0.002883283924294633	0.006661921754862355	0.97210205	65.08114624	0.98985954	0.11517959422289936	0.0381322	0.00041
0.5686	-0.1423	-0.2403	0.008770279491271505	0.0030421088862261168	0.007260569688296411	1.00564122	67.32655334	1.02241999	0.26234355293814926	0.0443885	0.00119
0.6409	-0.1435	-0.2088	0.00865508776063988	0.0035901422713523357	0.00776846050062676	0.98348844	65.84345245	0.99887411	0.1635557964044097	0.0474722	0.00144
0.615	-0.1301	-0.1761	0.008072147790473773	0.0036477381366681488	0.007403686686959946	0.97573346	65.32426453	0.99336702	0.12226548245743672	0.044332	0.00079
0.4587	-0.1476	-0.1182	0.008264134008193149	0.0032061698359135836	0.006761405522226033	1.04607785	70.03374481	1.05339428	0.29549178416039273	0.0390809	0.00064
0.5143	-0.1572	-0.0705	0.007942993425826193	0.002820452071222836	0.006518804756198821	0.97984052	65.59922791	0.99542314	0.16037295565424578	0.0379983	0.00042
0.5759	-0.1641	-0.0461	0.0069865529957333005	0.0024556782575560214	0.005921902152016759	1.00302649	67.15150452	1.01354789	0.1888058423970884	0.0365497	0.00035
0.6434	-0.1254	-0.0484	0.004649557127312894	0.0018832102629018814	0.004513421445657336	1.13570201	76.03398132	1.11800001	0.3243972284716985	0.0340655	0.00023
0.3991	-0.0363	-0.0367	0.0011484266478122688	0.001223475805648025	0.004745550236172582	1.40787232	94.25547791	1.32227253	0.5647496863634863	0.0281123	0.00023
0.1801	0.0164	-0.0631	-0.0009197885158010115	0.0030281462522101614	0.004148647631990522	1.45232153	97.23130798	1.37700518	0.5215894107178738	0.0460179	0.00107
0.2341	0.0101	-0.0689	-0.0015184364492350666	0.0028902652413026098	0.0038833575856873836	1.17113483	78.40616608	1.16084696	0.1161909495322372	0.0467604	0.00115
0.3576	-0.0262	-0.0513	-0.0003577924966588376	0.0025202554398798117	0.0033265975543011915	1.13749003	76.15368652	1.12476097	0.28177068926926085	0.0331794	0.00043
0.4179	-0.0363	-0.0672	9.599310885968811e-05	0.0025080381351158514	0.0037402405870238476	1.01001835	67.61959839	1.01910294	0.13028229715025713	0.0316871	0.0003
0.4384	-0.0538	-0.0369	0.00037350045992678646	0.0026878070480712674	0.004026474584350918	0.9926334	66.45569611	1.00719577	0.10547551306747924	0.030075	0.0002
0.535	-0.0413	-0.0136	0.000450294947014537	0.002790781473938933	0.003947934768011174	0.99942178	66.91017151	1.00909986	0.145315436464758	0.0307742	0.00023
0.5939	-0.0488	-0.0095	0.00039793506945470715	0.002230530784048753	0.004242895411598215	0.99159795	66.38637543	1.00624573	0.11587856055185249	0.0310488	0.0003
0.5443	-0.0524	-0.0477	0.0007941248096574199	0.002103121748653167	0.004150392961242515	1.0109303	67.68065643	1.02070104	0.12220506129769985	0.0299046	0.00032
0.3422	-0.081	-0.0264	0.001637118838370681	0.0021642082724729686	0.004120722363958612	1.1166141	74.75606537	1.10744357	0.2986875574908483	0.0239707	0.00011
0.3454	-0.0978	-0.0225	0.0022549653935766737	0.002118829711921116	0.0042324234360862495	0.96554828	64.64237976	0.98396729	0.06264630939427414	0.0241897	9e-05
0.4393	-0.0869	-0.0021	0.0020420352248333657	0.0025028021473598684	0.004167846253762459	1.0328542	69.1484375	1.02278835	0.15827398932529255	0.0255154	0.00011
0.4048	-0.0628	-0.0233	0.0014765485471872027	0.0023020892833805202	0.004173082241518442	1.01016295	67.62928009	1.01619886	0.11837177646907474	0.0256037	0.00015
0.26	-0.0871	-0.0269	0.002165953601724963	0.0021938788697568722	0.004258603374866164	1.06577909	71.35272217	1.05358438	0.21685683007545645	0.0263908	0.0002
0.347	-0.0626	-0.0104	0.0006562437987498679	0.0027890361446869386	0.004455825580341524	1.12129831	75.06967163	1.09194039	0.24310446416902604	0.0330105	0.00024
0.504	-0.0602	0.0227	0.0004747295565424576	0.0034365532971768345	0.004384267081009755	1.16966748	78.30792999	1.12243323	0.23752949470145376	0.0411946	0.00087
0.5404	-0.0785	0.008	0.0008168140899333463	0.003371976114853045	0.004363323129985824	1.05333102	70.51933289	1.04215094	0.09078028333693045	0.0446525	0.00115
0.3128	-0.0683	0.0184	0.0010157816246606998	0.0032306044454415038	0.0038885935734433662	1.15479434	77.31219482	1.12267328	0.28895343803406764	0.0356271	0.00027
0.3055	-0.0837	0.0053	0.0013648474750595659	0.002462659574563999	0.004136430327226561	1.04786646	70.15348816	1.03507636	0.10404237375297828	0.027779	0.00011
0.3947	-0.0897	-0.0029	0.0014852751934471744	0.0022130774915288098	0.004274311338134113	1.00322545	67.16482544	1.00894608	0.12879454061651752	0.0262891	9e-05
0.5687	-0.068	0.0108	0.0010314895879286487	0.0026319565120074486	0.004148647631990522	1.13960147	76.29504395	1.09973596	0.2593164166070378	0.0343038	0.00017
0.3969	-0.057	-0.0184	0.00124965574442794	0.002190388211252884	0.003968878719035105	1.13741601	76.14872742	1.1005685	0.25397516851046364	0.0265095	4e-05
0.297	-0.0775	0.0002	0.0016598081186466073	0.0019024088846738192	0.004110250388446646	1.04745841	70.1261673	1.04155911	0.1809751685104636	0.024997	3e-05
0.386	-0.0874	-0.0105	0.002057743188101315	0.0018989182261698304	0.004223696789826277	0.99019682	66.29257202	1.00171986	0.13534360646691643	0.0241453	2e-05
0.5141	-0.0834	-0.0092	0.0016790067404185449	0.0017051866791984597	0.004263839362622147	1.03262794	69.13328552	1.03478063	0.1640305283725005	0.0266125	4e-05
0.5333	-0.0711	-0.0462	0.0013700834628155487	0.0017645278737662671	0.0042324234360862495	1.01705515	68.09070587	1.02865947	0.08848401993533506	0.0285313	7e-05
0.3618	-0.0866	-0.0086	0.001895427567665842	0.0024591689160600103	0.004040437218366873	1.13158154	75.75811768	1.11805004	0.29519856824317064	0.0253275	6e-05
0.3349	-0.0877	-0.0028	0.002089159114637212	0.002150245638457014	0.004199262180298357	1.01444948	67.91625977	1.01457125	0.06687398932529252	0.0234386	5e-05
0.3902	-0.0915	-0.0167	0.002136283004441059	0.0019861846887695473	0.004527384079673291	0.99041736	66.3073349	0.99944958	0.09996533694331244	0.0235623	2e-05
0.5069	-0.0878	-0.0056	0.0017610372152622785	0.0019879300180215415	0.004574507969477138	0.99651825	66.71578217	1.00468569	0.15270575041173107	0.0260286	2e-05
0.5356	-0.0774	-0.0264	0.001621410875102732	0.001998401993533507	0.004590215932745087	0.97550017	65.30864716	0.99313976	0.06819031394697302	0.0277451	4e-05
0.4647	-0.1018	0.0354	0.00011519173063162575	0.0028902652413026098	0.005119050696099368	1.21513081	81.35164642	1.20318052	0.30344585777972444	0.0337622	0.00203
0.6508	-0.3177	0.4506	-0.006817256058289851	0.00857480261504814	0.011780972450961723	2.32213211	155.4641571	2.25467398	1.781145345876468	0.102017	0.04341
0.6721	-0.3681	0.5474	-0.006401867696315201	0.011452850551586789	0.015425219929125884	1.83967292	123.16404724	1.77159805	0.5153841888338729	0.120346	0.05905
0.5156	-0.7365	0.8649	-0.0027366762671271086	0.009695303994828501	0.0125890598946351	2.05114031	137.32154846	1.99732023	1.2553449010218585	0.140291	0.08655
0.3883	-0.4912	0.5443	-0.0037751471720637348	0.008019787912913945	0.011920598791121272	1.66267562	111.31427765	1.62866633	0.8623224045182507	0.103738	0.04648
0.4945	-0.3691	0.3358	-0.002960078411382383	0.007113962031128888	0.011606439525762293	1.32704639	88.84427643	1.33013233	0.5385526953912695	0.0827893	0.02455
0.5199	-0.3112	0.2418	-0.002522000769131806	0.006628760499074463	0.011623892818282234	1.03995335	69.62371826	1.05803581	0.2243366233412472	0.0757892	0.01652
0.4366	-0.2818	0.2358	-0.0021013764194011725	0.006490879488166912	0.010688396339213275	0.99569166	66.66044617	1.01069128	0.1934000919853572	0.0693703	0.01337
0.5799	-0.2701	0.2189	-0.0018779742751458986	0.0064332836228510985	0.011405726661782942	1.00468802	67.26274109	1.01644101	0.22181641660703771	0.0694401	0.01247
0.6995	-0.2546	0.1921	-0.0018343410438460403	0.0064053583548191895	0.012177162191164435	0.9911198	66.35436249	1.00680885	0.2040497014356631	0.0723311	0.01284
0.8077	-0.2238	0.1622	-0.002357939819444339	0.00653102206096278	0.012629202467430968	0.99953413	66.91769409	1.01835655	0.22396513790042108	0.0760335	0.01387
0.7085	-0.2194	0.1756	-0.0020193459445574393	0.0065833819385226105	0.012116075667344635	0.99713528	66.75709534	1.01534643	0.16220402762665312	0.0701701	0.01057
0.6787	-0.2235	0.1766	-0.0017558012275062952	0.00647866218340295	0.011732103231905884	0.95191556	63.72968292	0.97398551	0.0725118453804778	0.0674925	0.00985
0.7002	-0.2247	0.1742	-0.0019268434942017398	0.006323327879975456	0.011644836769306166	0.95287734	63.79407501	0.9749086	0.04578215163613293	0.0669874	0.00947
0.6923	-0.2168	0.1378	-0.0019617500792416262	0.006108652381980153	0.011625638147534229	0.97976607	65.59424591	0.99828971	0.06563903524035639	0.065712	0.00823
0.5297	-0.2326	0.1434	-0.0014416419621473165	0.006155776271784001	0.011482521148870694	1.04009485	69.63318634	1.04643865	0.21951745027808464	0.0619347	0.00775
0.6668	0.0786	-0.1683	-0.008717919613711676	0.0069464104229374326	0.010906562495712565	2.13264155	142.77796936	2.18356673	1.192143522793796	0.083647	0.02534
0.702	-0.0048	-0.1204	-0.005921902152016759	0.006539748707222752	0.01067443370519732	1.46317506	97.95793915	1.50511734	0.3382403983962421	0.0708494	0.00917
0.7824	-0.0235	-0.139	-0.004717624968140673	0.0063058745874555126	0.010850711959648747	1.00642085	67.37875366	1.02439963	0.19842147790473771	0.0697615	0.00755
0.6459	0.0247	-0.1686	-0.005129522671611334	0.007487462491055673	0.011177088529771687	1.19936907	80.29641724	1.18205026	0.3102931088596881	0.0778159	0.01174
0.6245	0.0503	-0.2286	-0.006906267850141561	0.007866198938738442	0.00972322926286041	1.22784376	82.20276642	1.22325118	0.2874670446562136	0.0839502	0.01553
0.7192	-0.0007	-0.2489	-0.0044977134823893875	0.0069027771916375736	0.009426523290021374	1.15626216	77.41046143	1.15690835	0.34943410438460387	0.0742682	0.00885
0.7449	-0.0374	-0.2111	-0.003522074430524557	0.0064001223670632065	0.009644689446520666	1.06926107	71.58583069	1.07792211	0.1850230016469245	0.0662409	0.00542
0.8126	-0.0658	-0.2012	-0.0027157323161031764	0.00601091394386847	0.00965865208053662	1.0254724	68.65423584	1.03595319	0.16647565858160354	0.0643141	0.00434
0.8448	-0.0764	-0.1956	-0.002562143341927676	0.005862560957448953	0.009950122065619673	0.97905874	65.54689026	0.9953087	0.07807059728390359	0.0650781	0.00431
0.872	-0.0652	-0.1521	-0.003485422516232676	0.005422737985946381	0.010032152540463406	0.99937403	66.90697479	1.01800826	0.1541566310325652	0.0681571	0.00535
0.6957	-0.0601	-0.2274	-0.001593485607070823	0.006117379028240125	0.009053022830094588	1.2275492	82.18304443	1.21514685	0.4349853830912207	0.060741	0.00298
0.6162	-0.0377	-0.1782	-0.004527384079673291	0.006105161723476165	0.00899368163552678	1.21634066	81.43264771	1.21200422	0.30137284859671176	0.0624304	0.00497
0.4915	-0.0832	-0.1325	-0.0033108895910332428	0.005134758659367318	0.008606218541584039	1.08986783	72.96543121	1.10560348	0.34461803233458177	0.0514426	0.00215
0.5944	-0.0886	-0.1274	-0.0029618237406343773	0.004916592502868026	0.008834856673595294	0.99976867	66.93339539	1.01164616	0.1531935069454707	0.0510109	0.00155
0.7407	-0.0723	-0.1262	-0.003363249468593073	0.004778711491960474	0.009066985464110541	1.03304434	69.16116333	1.04350797	0.20237177646907473	0.0576877	0.00237
0.6831	-0.0784	-0.1268	-0.0030560715202420713	0.004661774432076854	0.008850564636863244	1.01134479	67.70840454	1.0251876	0.09632679177409587	0.0544955	0.00183
0.6377	-0.1011	-0.1139	-0.0025272367568877894	0.00451865743341332	0.00896226570899088	0.98833805	66.16812897	1.00657037	0.12018264170727258	0.0511748	0.00115
0.7541	-0.099	-0.1394	-0.0023492131731843676	0.004618141200776996	0.009190903841002138	0.98153347	65.71257019	0.99922045	0.1693072741539177	0.0561273	0.0016
0.8372	-0.1011	-0.0981	-0.002841396022246768	0.00429700061841004	0.009253735694073935	0.98695594	66.07559967	1.0048217	0.17030776422505767	0.0603362	0.00248
0.7995	-0.1009	-0.0943	-0.0029164451800825246	0.004071853144902771	0.008869763258635182	0.97011244	64.94794464	0.98985638	0.075908453339089	0.057955	0.00198
0.6555	-0.121	-0.0904	-0.002134537675189065	0.0038048177693476384	0.008400269689848708	1.02522445	68.63763428	1.03954091	0.24392182246175337	0.0472952	0.0006
0.6895	-0.1184	-0.1389	-0.0012304571226560022	0.003649483465920143	0.00850149878646438	0.97615635	65.35257721	0.99496746	0.14313219762881152	0.04705	0.00041
0.7109	-0.111	-0.1394	-0.0011536626355682519	0.0037000980142279784	0.008456120225912526	0.94962257	63.57617188	0.97221101	0.03793937979737194	0.0473318	0.00052
0.7773	-0.083	-0.1307	-0.0019826940302655584	0.003639011490408177	0.00823097275240526	0.98585445	66.00185394	1.00464292	0.15886326960121874	0.0519811	0.00102
0.6574	-0.0949	-0.1601	-0.0016702800941585732	0.0036931166972200015	0.00821526478913731	1.02106357	68.35906219	1.03023856	0.180311355309338	0.0474589	0.00076
0.5498	-0.1162	-0.1245	-0.0010995574287564276	0.0038467056713955023	0.008063421144213804	1.03079271	69.01042175	1.04779989	0.2083077642250576	0.0408092	0.0004
0.6236	-0.1137	-0.1051	-0.0010367255756846318	0.003974114706791089	0.008161159582325484	0.97715825	65.41965485	0.99112732	0.11009896632895325	0.0424022	0.00028
0.6943	-0.1043	-0.1219	-0.0012095131716320703	0.004101523742186674	0.008176867545593434	0.98113418	65.68583679	0.99617721	0.11269522973054864	0.0472038	0.00057
0.7052	-0.088	-0.1833	-0.0014940018397071458	0.004220206131322289	0.008323475202760958	1.02238584	68.44759369	1.03826855	0.11608893571891069	0.0498023	0.00107
0.5243	-0.1135	-0.1928	-0.000640535835481919	0.004279547325890096	0.007946484084330182	1.07956469	72.27565002	1.07904707	0.2803899158611906	0.0417919	0.00065
0.5641	-0.1232	-0.1808	-2.6179938779914945e-05	0.004221951460574283	0.0075834555999153615	0.99965394	66.92571259	1.01135422	0.11324901232163193	0.0396882	0.00035
0.6776	-0.1052	-0.1382	-0.0005480333851262194	0.003639011490408177	0.0070528755073090855	1.06541443	71.32830811	1.06510124	0.2558686754559343	0.0420237	0.00028
0.6783	-0.0713	-0.1714	-0.001059414855960558	0.0035744343080843866	0.007183775201208661	1.16966438	78.307724	1.17571576	0.10314291735288524	0.048185	0.00123
0.4257	-0.0992	-0.1604	-0.0002495820830351891	0.0033143802495372316	0.007038912873293131	1.24550676	83.38528442	1.20729773	0.35223745796940253	0.0400097	0.00053
0.4886	-0.1182	-0.1224	0.0001658062789394613	0.003237585762449481	0.0074228853087318835	0.98545766	65.97528839	1.00320694	0.1637077642250576	0.0390098	0.00026
0.586	-0.1238	-0.134	0.0005602506898901797	0.003321361566545209	0.007592182246175334	0.97641367	65.36980438	0.99358632	0.14697585762449483	0.0414098	0.00048
0.6901	-0.1141	-0.1408	0.0001186823891356144	0.003152064629101759	0.007592182246175334	0.99845916	66.84572601	1.01236631	0.15114326190990085	0.0469598	0.00097
0.6588	-0.1143	-0.1633	0.0003944444109507184	0.0031677725923697077	0.007857472292478471	0.98189813	65.73698425	1.00134775	0.08183800156930948	0.0469162	0.00099
0.5222	-0.1257	-0.1476	0.000614355896702004	0.0030874874467779687	0.007454301235267781	1.01454127	67.92240143	1.02954643	0.1988683844276858	0.040297	0.00039
0.5842	-0.1208	-0.1827	0.0009669124056048585	0.0033597588100890844	0.007552039673379464	0.96118003	64.34992981	0.98363171	0.1381283155162827	0.04274	0.00068
0.6322	-0.1264	-0.1506	0.000900589894029074	0.0029112091923265415	0.007387978723691997	0.97600329	65.34233093	0.99506386	0.11964665395128966	0.0432674	0.0006
0.6902	-0.1113	-0.1383	0.00015009831567151235	0.0024137903555081575	0.007178539213452678	0.98809624	66.15193939	1.00744371	0.1582674962707633	0.0468848	0.00098
0.4853	-0.1178	-0.1382	0.0009721483933608416	0.0024818581963359366	0.006712536303170191	1.0960778	73.38118744	1.09039479	0.2793060414399798	0.0376807	0.00036
0.5336	-0.1202	-0.0876	0.0008936085770210966	0.002495820830351891	0.0069464104229374326	1.05350614	70.53105927	1.05645669	0.117618828506147	0.0399321	0.00038
0.5252	-0.1136	-0.116	0.001192059879112127	0.002530727415391778	0.006941174435181449	1.07904661	72.2409668	1.08463659	0.060329693744345006	0.0421399	0.00061
0.2034	-0.0244	-0.1551	0.0005811946409141118	0.0023125612588924867	0.0055763269601218825	1.46313179	97.95503998	1.38685232	0.5597939434878435	0.0472993	0.00105
0.2406	-0.0718	0.026	-0.0016807520696705393	0.0018849555921538759	0.00426907535037813	1.41158557	94.5040741	1.36259208	0.4655401993533507	0.039286	0.00028
0.3542	-0.0285	-0.056	-0.003186971214141646	0.0027192229746071652	0.004656538444320871	1.19279754	79.85646057	1.1997402	0.37529748104335686	0.0470327	0.00092
0.5215	-0.0575	0.0238	-0.004042182547618867	0.0035290557475325343	0.006009168614616477	1.18706417	79.4726181	1.17663573	0.4269837138349097	0.0506046	0.00164
0.601	-0.0651	0.0142	-0.0032759830059933565	0.0035796702958403696	0.006215117466351807	1.02788746	68.81591797	1.0384404	0.1478381470834338	0.0487568	0.00143
0.6359	-0.0579	0.0239	-0.0030508355324860886	0.0033440508468211352	0.006630505828326458	1.01415241	67.89636993	1.02541624	0.09560776422505769	0.0485079	0.0009
0.7002	-0.0662	0.0207	-0.002754129559647052	0.0028379053637427798	0.006255260039147678	1.00696087	67.41490936	1.02109025	0.13470486225480863	0.0503815	0.00139
0.6955	-0.0544	-0.0272	-0.0027454029133870805	0.002530727415391778	0.006021385919380436	1.02163041	68.39701843	1.03567643	0.09188893571891078	0.0514049	0.0018
0.5145	-0.0722	0.0051	-0.0023160519173964756	0.002452187599052033	0.005982988675836561	1.08360469	72.54612732	1.08823176	0.25841440279371125	0.0417374	0.00051
0.5065	-0.0775	0.009	-0.002064724505109292	0.0023963370629882146	0.006354743806511354	0.96591389	64.66685486	0.98505854	0.05114665395128973	0.0411347	0.0005
0.5296	-0.0795	0.0114	-0.0021275563581810873	0.0024399702942880727	0.006585127267774605	0.94698501	63.39958954	0.96785217	0.04434242728174524	0.042554	0.00044
0.6204	-0.0732	-0.0106	-0.0024678955623199817	0.0026389378290154262	0.0065659286460026675	0.99723744	66.76393127	1.01748786	0.14702526803190924	0.0487236	0.00113
0.5391	-0.0856	-0.0357	-0.001973967384005587	0.0027384215963791032	0.0063721970990312975	1.01384759	67.8759613	1.02627084	0.15815717463247203	0.0450493	0.00072
0.4627	-0.1021	0.0035	-0.0015446163880149814	0.0025516713664157096	0.006181956210563915	1.00564706	67.32695007	1.0234363	0.1724171057210691	0.040952	0.00032
0.535	-0.0871	0.0263	-0.0016667894356545846	0.0028675759610266834	0.00632507320922745	0.97349608	65.17447662	0.98610229	0.13915973204570564	0.0423149	0.00038
0.6204	-0.0872	-0.0021	-0.001780235837034216	0.0027838001569309555	0.00645422757387503	0.98148549	65.70935822	0.99916626	0.13021882850614688	0.0464086	0.00081
0.6086	-0.0698	-0.0278	-0.001960004749989632	0.0027401669256310974	0.00616799357654796	0.98108906	65.68281555	1.00243803	0.08038180707911713	0.0458999	0.00085
0.726	-0.1191	0.0229	-0.0017837264955382047	0.005288347633542819	0.010766936155553018	1.67274535	111.98843384	1.60376252	0.5835700770684104	0.0714158	0.01816
1.1512	-0.1584	0.1411	-0.0030124382889422127	0.014756758825612056	0.02102947215727968	2.36761737	158.50933838	2.29099093	1.6306829493599952	0.134576	0.06594
0.4324	-0.1228	0.2044	-0.0035465090400524776	0.002804744107954888	0.0025045474766118626	3.05953431	204.83241272	2.85413446	2.3682505074717626	0.0583146	0.00638
0.2489	-0.1138	0.2934	-0.0038536869884034796	0.0016947147036864942	0.001439896632895322	1.30128813	87.11978912	1.28140315	0.4055929098167968	0.0553257	0.0069
0.0452	-0.1572	0.4688	-0.0024766222085799536	0.0014695672301792255	0.0027279496208671367	1.48241603	99.24610138	1.43761758	0.5670132620651305	0.0738562	0.01817
-0.1942	-0.2189	0.8438	0.0007906341511534313	-0.0005742133239061344	0.004583234615737109	1.80194664	120.63831329	1.76607543	1.0344160954344357	0.119913	0.05418
0.4949	-0.2362	0.9128	-0.0018343410438460403	0.009220574438286043	0.013409364643072432	2.49915361	167.3155365	2.26652572	1.8376946492263484	0.127558	0.0694
0.5991	-0.2596	1.0112	-0.0017523105690023068	0.010339330488814408	0.012571606602115157	1.66991949	111.79924774	1.58684352	0.32792722831646876	0.132181	0.07678
0.5012	-0.2249	0.7448	-0.002001892652037496	0.008326965861264947	0.00993266877309973	1.44916654	97.02008057	1.4194452	0.644044226980004	0.0990052	0.04297
0.5917	-0.1881	0.6148	-0.002686061718819273	0.007707373976806959	0.009622000166244739	1.11293018	74.50942993	1.12833824	0.33802147790473774	0.0885571	0.03021
0.4444	-0.1975	0.5978	-0.0017016960206944712	0.007082546104592989	0.008658578419143869	1.03530002	69.31217957	1.04443046	0.3023307658719821	0.0820414	0.02632
0.4562	-0.2094	0.5424	-0.0009983283321407565	0.006396631708559217	0.009002408281786752	0.96150643	64.3717804	0.98421056	0.16575559736151843	0.0773215	0.02252
0.5456	-0.1907	0.5531	-0.0011222467090323538	0.006476916854150957	0.00869523033343575	0.97425658	65.22538757	0.99101445	0.144369073541717	0.0777673	0.02156
0.6249	-0.1706	0.5215	-0.0017889624832941875	0.005951572749300664	0.00823620874016124	0.99836469	66.83940125	1.01363429	0.21355407361933196	0.0765299	0.01886
0.5637	-0.1636	0.4789	-0.0017994344588061536	0.0057421332390613445	0.007789404451650692	0.98274338	65.79357147	1.00237658	0.14413578871309163	0.0709907	0.01493
0.437	-0.1754	0.5161	-0.0014381513036433276	0.0059096848472528	0.0076497781114911465	1.0071646	67.42854309	1.02125642	0.20912305517569135	0.0715103	0.01717
0.4544	-0.1862	0.5181	-0.0009337511498169664	0.005717698629533424	0.007682939367279038	0.94764107	63.44351196	0.97083183	0.06667738136668147	0.0718855	0.01759
0.501	-0.1876	0.5083	-0.0010943214410004448	0.005485569839018178	0.007435102613495844	0.96373159	64.52075195	0.98315216	0.08982679177409587	0.0713527	0.01621
0.5181	-0.1551	0.4395	-0.0014660765716752368	0.004742059577668593	0.00686088928958971	0.99962544	66.92380524	1.01972007	0.20287393579652552	0.0650978	0.01057
0.487	-0.1142	0.1519	-0.0008011061266653974	0.003984586682303054	0.007182029871956666	1.60216486	107.26314545	1.6216582	0.44677919613711664	0.0566943	0.00595
0.6513	0.0031	-0.4753	-0.0010611601852125523	0.005302310267558773	0.00654673002423073	2.4219296	162.14547729	2.55543399	1.0194538745764403	0.0767233	0.01748
0.8455	0.0398	-0.5225	-0.002309070600388498	0.006047565858160352	0.00566010276421761	1.13760495	76.16138458	1.18362206	0.4220896632895322	0.0910133	0.027
0.9155	0.0528	-0.5485	-0.002694788365079245	0.0057805304826052195	0.005494296485278149	0.97666788	65.38682556	0.99985691	0.149927970959267	0.0964851	0.03136
0.8604	0.0676	-0.5561	-0.0027558748888990466	0.005914920835008782	0.005422737985946381	0.96745712	64.77017212	0.98925163	0.09085176877775658	0.0938553	0.03007
0.7956	0.0461	-0.5318	-0.002373647782712288	0.006384414403795257	0.005705481324769463	0.98431873	65.89904022	1.00555464	0.1673232006898158	0.0860277	0.02475
0.8655	0.0432	-0.5112	-0.0022951079663725434	0.006209881478595825	0.005553637679845957	0.96748161	64.77181244	0.98787283	0.11364581932313432	0.0885595	0.02486
0.9061	0.0615	-0.5106	-0.002904227875318564	0.005722934617289407	0.0055152404363020815	0.96989161	64.93315887	0.99403276	0.11622320068981556	0.0920789	0.02796
0.8011	0.0623	-0.5267	-0.0028396506929947744	0.006328563867731438	0.005558873667601939	0.98831743	66.16674805	1.00819104	0.15759198320328374	0.08702	0.02591
0.7771	0.0525	-0.5369	-0.00233001455141243	0.006712536303170191	0.005979498017332573	0.95625496	64.02020264	0.97730225	0.1097116463375867	0.0854622	0.02472
0.8376	0.0601	-0.5264	-0.0025726153174396417	0.006904522520889568	0.00616799357654796	0.94951504	63.56897354	0.97154777	0.10975412714809885	0.0882636	0.02641
0.9005	0.0743	-0.5242	-0.003225368457685521	0.0065764006215146345	0.006061528492176306	0.97149396	65.04043579	0.99514339	0.13366700619962327	0.0927941	0.0295
0.8359	0.0717	-0.5337	-0.0034400439556808234	0.006639232474586429	0.005302310267558773	0.97626859	65.36009216	0.99495633	0.12853627878423143	0.0897581	0.0288
0.882	0.0343	-0.494	-0.002806489437206882	0.007506661112827611	0.0067491882174620715	1.07080817	71.68940735	1.07021821	0.2705930553309211	0.0897419	0.02687
0.9937	0.0026	-0.4444	-0.0022724186860966175	0.00861494518784401	0.007826056365942573	1.15630972	77.41364288	1.1464543	0.32896114873035814	0.0945276	0.02674
0.749	-0.0101	-0.3589	-0.0019198621771937623	0.0057037359955174685	0.004968952380427856	1.23925173	82.96652222	1.24087991	0.6489434843372057	0.071551	0.01378
0.62	-0.0159	-0.2962	-0.0015987215948268059	0.003920009499979264	0.0033649947978450674	1.09273458	73.15735626	1.10545828	0.38294123302439753	0.0626774	0.00929
0.5561	-0.032	-0.2148	-0.001647590813882647	0.0053058009260627615	0.00436157780073383	1.1462388	76.7394104	1.1484108	0.282962182401405	0.0565015	0.00557
0.6088	-0.0257	-0.2371	-0.0017051866791984597	0.0058416170064250214	0.004347615166717875	0.99770319	66.79511261	1.01660445	0.11166872898470138	0.0579618	0.00681
0.6691	-0.0296	-0.265	-0.0014137166941154068	0.005881759579220891	0.004686209041604775	0.96646351	64.70365143	0.98738982	0.1256103216382912	0.0611281	0.00853
0.7624	-0.0102	-0.3034	-0.001998401993533507	0.0059411007737886976	0.004726351614400644	1.01285791	67.80970764	1.0332141	0.18530845333908869	0.0686612	0.01179
0.6727	-0.0117	-0.3296	-0.0016126842288427606	0.006007423285364482	0.004654793115068877	0.98368716	65.85675812	1.00344656	0.1435799387799149	0.0648537	0.01063
0.6329	-0.0265	-0.3132	-0.0011711159280881952	0.006075491126192261	0.004745550236172582	0.95590693	63.99690247	0.98049106	0.10101966313430245	0.0615637	0.00881
0.7027	-0.0199	-0.3108	-0.0012042771838760874	0.006258750697651665	0.004900884539600078	0.96095097	64.33459473	0.97844019	0.09738775653373952	0.0642202	0.00989
0.7798	0.0136	-0.3131	-0.0021624629432209744	0.006044075199656362	0.004832816698772298	0.99951297	66.91627502	1.01732673	0.17494645490839847	0.0702543	0.01254
0.6702	0.0036	-0.3398	-0.0017278759594743865	0.00641757565958315	0.004630358505540956	0.997096	66.7544632	1.01448337	0.19682728184523596	0.0656889	0.01077
0.6167	-0.0113	-0.3622	-7.853981633974481e-05	0.006424556976591126	0.0044156830075456534	1.07810235	72.17774963	1.08184925	0.184349647906896	0.0631493	0.00923
0.6997	0.0113	-0.4096	-0.0008866272600131194	0.006752678875966061	0.0044645522266014955	1.13213193	75.79496765	1.13367593	0.21225392810520752	0.0701616	0.01315
0.7053	-0.0038	-0.3787	-0.0011152653920243766	0.0061121430404841425	0.004571017310973149	1.03803456	69.49525452	1.04468593	0.10038195259324154	0.0658139	0.01223
0.7703	-0.0175	-0.3982	-0.0006370451769779302	0.006204645490839842	0.005150466622635266	0.9882558	66.16262054	1.00536367	0.15570859885321303	0.0696178	0.01341
0.8347	-0.0107	-0.3884	-0.00124965574442794	0.005789257128865191	0.005262167694762903	0.97817445	65.48768616	0.99644986	0.1379850000776149	0.0733776	0.01494
0.8483	0.0294	-0.4336	-0.002513274122871834	0.00585732496969297	0.005227261109723017	1.02402163	68.55710602	1.04576547	0.16722964021557798	0.0802015	0.02042
0.7104	0.0319	-0.3965	-0.0025028021473598684	0.006085963101704227	0.004996877648459765	1.04321492	69.84207153	1.0589587	0.2009746784393237	0.0713611	0.01499
0.687	0.0978	-0.4111	-0.005092870757319453	0.007342600163140145	0.005159193268895238	1.25432479	83.97564697	1.23793197	0.30435106459154876	0.0888915	0.02118
0.6479	0.1824	-0.52	-0.007023204910025181	0.008047713180945854	0.005450663253978291	1.27570307	85.4068985	1.28964669	0.37894585777972456	0.105156	0.03511
0.719	0.1619	-0.5148	-0.008726646259971648	0.007220427115500541	0.0050125856117277144	1.22453976	81.98156738	1.24170108	0.24524025288211773	0.107838	0.03821
0.7309	0.1469	-0.5084	-0.008080874436733746	0.00674395222970609	0.005174901232163186	1.02982104	68.94536591	1.04574042	0.09752811647339127	0.102974	0.03512
0.8196	0.1547	-0.4804	-0.008428194957880617	0.006330309196983434	0.004728096943652638	1.0606935	71.01224518	1.07333508	0.18488839211900368	0.102944	0.03721
0.6421	0.1259	-0.4813	-0.0070685834705770355	0.006012659273120465	0.004230678106834255	1.12006891	74.98736572	1.11569028	0.3159340123992467	0.0902375	0.03007
0.5618	0.0803	-0.4411	-0.0054157566689384045	0.005991715322096533	0.00445058959258554	1.05318809	70.50976562	1.07381849	0.26078411192069245	0.079029	0.02099
0.6224	0.0695	-0.4394	-0.004928809807631986	0.006099925735720181	0.004759512870188536	0.97811198	65.48350525	0.99661779	0.11830402762665308	0.0789521	0.0201
0.675	0.0678	-0.3985	-0.005098106745075437	0.0052220251219670345	0.004595451920501069	0.99241996	66.44140625	1.01244306	0.15576292504420333	0.0788036	0.01942
0.6227	0.0705	-0.4111	-0.005033529562751646	0.004944517770899936	0.004356341812977846	0.99271953	66.46146393	1.00671692	0.09665973204570563	0.0765632	0.01898
0.5469	0.0435	-0.4025	-0.004235914094590238	0.005176646561415181	0.00449073216538141	1.00477183	67.26834869	1.02257568	0.16960673055401082	0.0706834	0.01523
0.6376	0.0406	-0.4265	-0.00411548637620263	0.005722934617289407	0.005129522671611334	0.97561377	65.31625366	0.99634869	0.18287531402458776	0.0748509	0.01778
0.7408	0.0418	-0.4161	-0.004262094033370152	0.005544911033585984	0.005237733085234983	0.98201835	65.74503326	0.99855889	0.1364420827247297	0.0792897	0.01908
0.789	0.0602	-0.435	-0.004850269991292241	0.005318018230826722	0.004715879638888678	0.98946249	66.2434082	1.01257438	0.15234611035138276	0.0846625	0.02374
0.6736	0.0504	-0.4163	-0.004174827570770436	0.005483824509766183	0.004787438138220445	1.02161884	68.39624023	1.04043422	0.18954035993965168	0.0765896	0.01863
0.6567	0.0434	-0.4237	-0.003701843343479973	0.005771803836345247	0.005368632779134557	0.9765799	65.38093567	0.99703617	0.098407909739182	0.0749952	0.01745
0.6875	0.0394	-0.4322	-0.0036302848441482054	0.00564788545945365	0.005218534463463045	0.96196079	64.40219879	0.98265708	0.060578759594743854	0.076526	0.01839
0.7409	0.0549	-0.4438	-0.004427900312309613	0.005194099853935124	0.004874704600820162	1.01024115	67.63451385	1.02987311	0.16026154681614083	0.0815477	0.02197
0.5988	0.0364	-0.4468	-0.003506366467256608	0.005045746867515607	0.004735078260660616	1.04858828	70.20181274	1.06136278	0.2240756585816034	0.0741574	0.0176
0.6079	0.0258	-0.4392	-0.003026400922958167	0.005365142120630569	0.005160938598147233	0.9771322	65.41790771	0.99891345	0.08856105674500092	0.072477	0.01595
0.669	0.0209	-0.4385	-0.003003711642682241	0.005321508889330711	0.005131268000863328	0.96687943	64.73149872	0.98786488	0.07149965544298446	0.0736492	0.01637
0.7347	0.0286	-0.451	-0.003417354675404897	0.005152211951887261	0.004928809807631986	0.98833281	66.16777802	1.00926836	0.1251699081698724	0.0781783	0.01967
0.6512	0.0155	-0.4572	-0.0027628562059070234	0.005356415474370597	0.00493055513688398	0.99483401	66.60302734	1.01351718	0.14582236606166024	0.0733018	0.01722
0.6719	0.0195	-0.4408	-0.002764601535159018	0.0058747782622129135	0.005204571829447091	0.96923715	64.88934326	0.9888818	0.08080624048287109	0.0722162	0.01648
0.7315	0.0286	-0.4294	-0.0031014500807939236	0.005639158813193679	0.0050789081233034985	0.9684881	64.83919525	0.98769854	0.1150065850398866	0.0744023	0.01743
0.7613	0.0588	-0.4805	-0.004242895411598215	0.005461135229490257	0.004799655442984407	1.01084578	67.67499542	1.0349046	0.19103607974134007	0.0821923	0.02336
0.6145	0.045	-0.5038	-0.0035081117965086025	0.005646140130201657	0.004687954370856769	1.05126441	70.38098145	1.06005235	0.23547447939643243	0.0761561	0.01994
0.5855	0.0344	-0.4658	-0.003085742117525975	0.005688028032249521	0.004977679026687828	0.98342884	65.83946228	1.00693428	0.11529911184307758	0.0707394	0.016
0.6538	0.0262	-0.4558	-0.0029077185338225527	0.005494296485278149	0.005059709501531561	0.97935903	65.56699371	0.99694525	0.1091892802759264	0.0722427	0.01619
0.7499	0.0505	-0.4556	-0.003862413634663451	0.0048415433450322695	0.004534365396681268	1.02057219	68.32616425	1.03721441	0.2272396172968535	0.0793369	0.02036
0.6507	0.0595	-0.4992	-0.003864158963915446	0.005017821599483697	0.004420918995301637	1.02950513	68.92421722	1.04007057	0.1663734992541527	0.0786254	0.02167
0.4832	0.0284	-0.4671	-0.0027925268031909274	0.005199335841691108	0.004331907203449926	1.0832268	72.52082825	1.09621275	0.297807909739182	0.0691733	0.01459
0.5642	0.0292	-0.4552	-0.0026843163895672786	0.005131268000863328	0.004667010419832838	0.97448307	65.24055481	0.99254013	0.11926907354171706	0.0689211	0.0145
0.6425	0.0282	-0.4472	-0.002562143341927676	0.004909611185860049	0.0046041785667610404	0.97127265	65.02561951	0.99007817	0.10763308578573388	0.0706965	0.01495
0.7487	0.0582	-0.4615	-0.0034766958699727043	0.004740314248416599	0.0042271874483302664	1.01519907	67.96644592	1.03359983	0.22354202919596272	0.0788962	0.02089
0.5924	0.0339	-0.4677	-0.002565634000431664	0.004747295565424576	0.004258603374866164	1.05876338	70.88302612	1.06297386	0.2342729556542457	0.0718343	0.01641
0.6168	0.0124	-0.4426	-0.0019390607989657003	0.004794419455228423	0.00441044701978967	0.9634518	64.50202179	0.98720351	0.1122770368096658	0.0692489	0.01422
0.6668	0.0093	-0.4428	-0.0019390607989657003	0.004951499087907913	0.004611159883769018	0.94580483	63.32057571	0.96765046	0.07118962483294188	0.0706875	0.01504
0.7518	0.0366	-0.4662	-0.002893755899806598	0.004778711491960474	0.004305727264670011	1.00594926	67.34718323	1.02619413	0.20734576579436725	0.0789677	0.02035
0.6162	0.041	-0.472	-0.002909463863074547	0.004937536453891958	0.003975860036043083	1.02757406	68.79493713	1.04235207	0.1710200076913181	0.0736526	0.01818
0.5319	0.0257	-0.4558	-0.0021153390534171274	0.0048904125640881115	0.004194026192542374	0.99887204	66.87336731	1.01850509	0.1687707427980278	0.0681606	0.01416
0.6082	0.0299	-0.4402	-0.0018814649336498872	0.005167919915155209	0.004286528642898074	0.97745955	65.43982697	0.99174286	0.1262941960595018	0.0686297	0.01381
0.6661	0.0451	-0.4564	-0.0023073252711365037	0.004747295565424576	0.0042167154728183	0.97964084	65.58586121	1.00182985	0.1351148928648512	0.0731767	0.01659
0.6525	0.0523	-0.4943	-0.0024486969405480446	0.004799655442984407	0.004145156973486532	0.98362505	65.8526001	1.00559661	0.07196450231515707	0.0755906	0.01921
0.5628	0.0217	-0.439	-0.0015917402778188286	0.004630358505540956	0.004316199240181977	1.00764525	67.46072388	1.03242407	0.2354647933434056	0.0668318	0.01286
0.6516	0.0144	-0.4284	-0.0011501719770642632	0.005045746867515607	0.004452334921837535	0.98754638	66.11512756	0.99862011	0.1563546172192387	0.0675719	0.01273
0.6623	0.0098	-0.4389	-0.0008779006137531476	0.0053389621818506535	0.004244640740850209	1.00168777	67.06187439	1.01038941	0.06445904293167441	0.0707507	0.01234
0.6911	0.0338	-0.4787	-0.0016283921921107093	0.00544193660771832	0.004042182547618867	1.02137351	68.37981415	1.03607239	0.14539620987282856	0.0785074	0.01704
0.5911	-0.0604	-0.4748	0.0014538592669112763	0.005553637679845957	0.004372049776245795	1.3396647	89.6890564	1.3219115	0.3742909879888277	0.0865161	0.01415
0.3264	-0.0172	-0.4282	0.00016231562043547262	0.004412192349041665	0.0034644785652087444	1.47960877	99.05815125	1.35447509	0.5215280094158572	0.0619785	0.00778
0.5793	-0.019	-0.4341	0.0003700098014227979	0.004670501078336825	0.003597123588360313	1.15809953	77.53347015	1.13163977	0.2905323966717027	0.0645868	0.00955
0.6361	0.0197	-0.461	-0.0005724679946541401	0.004386012410261751	0.004002039974822997	1.03411257	69.23268127	1.04731352	0.20399414253073483	0.0717236	0.01373
0.5356	0.0158	-0.4514	0.00019198621771937622	0.00447851486061745	0.00365646478292812	1.02518523	68.63500977	1.03471884	0.17412659273120468	0.0673249	0.01078
0.5529	-0.0078	-0.4563	0.0006946410422937432	0.004731587602156627	0.0037053340019839614	0.96194595	64.40120697	0.98296414	0.08602983925846924	0.0644277	0.00995
0.6526	0.001	-0.4303	0.00048520153205442357	0.004363323129985824	0.0037472219040318253	1.00311077	67.15714264	1.00927195	0.16547959422289935	0.0668252	0.01011
0.7261	-0.0257	-0.4429	0.0014608405839192536	0.00434586983746588	0.004609414554517024	1.17330706	78.5515976	1.13376363	0.20556424974349863	0.0803304	0.0123
0.4424	-0.0442	-0.5111	0.0029914943379182805	0.004618141200776996	0.003492403833240653	1.22787261	82.20469666	1.18873847	0.5163967919293257	0.0709923	0.00825
0.3326	-0.0278	-0.66	0.004996877648459765	0.0044977134823893875	0.003106686068549906	1.15604937	77.39621735	1.13510311	0.400676439680992	0.0766034	0.01517
0.3876	-0.026	-0.8494	0.0072082098107365804	0.003785619147575701	0.002385865087476248	1.22607505	82.08435822	1.22733748	0.428412373908208	0.0930861	0.03176
0.4782	-0.0295	-0.635	0.004012511950334963	0.003640756819660172	0.002384119758224254	1.24822617	83.56734467	1.24487604	0.47561527587845703	0.0769258	0.01654
0.2476	-0.0569	-0.5071	0.0029967303256742636	0.0030229102644541784	0.0022497294058206906	1.27562487	85.4016571	1.2815264	0.4743009266135128	0.0637849	0.0076
0.204	-0.0807	-0.4662	0.003558726344816438	0.0028623399732707008	0.002452187599052033	1.04106498	69.69813538	1.06016003	0.1545512251778497	0.058798	0.00533
0.3752	-0.0961	-0.4259	0.0034609879067047556	0.0027872908154349444	0.002495820830351891	1.0648005	71.28720093	1.06693337	0.23772104136236483	0.0536825	0.00425
0.4301	-0.102	-0.3896	0.003258529713473413	0.0026145032194875057	0.0025289820861397836	0.9719162	65.0687027	0.9907536	0.11752035224833365	0.0513043	0.00383
0.5462	-0.09	-0.3672	0.002305579941884509	0.002570869988187647	0.002150245638457014	1.02096045	68.35216522	1.03239295	0.2192659725285766	0.0542604	0.00525
0.4863	-0.1049	-0.3857	0.0029129545215785357	0.0027384215963791032	0.002097885760897184	0.98421276	65.89194489	0.99852951	0.1346643032722656	0.0536232	0.00482
0.4291	-0.1102	-0.3818	0.0031468286413457764	0.002780309498426967	0.0022636920398366456	0.96236497	64.42926025	0.98217346	0.08847841503772835	0.0522804	0.00422
0.4733	-0.1176	-0.3904	0.0035447637108004834	0.0024923301718479027	0.0020996310901491783	0.96782619	64.79488373	0.98772241	0.102698767286062	0.0540156	0.00462
0.5044	-0.0896	-0.4433	0.003139847324337799	0.002590068609959585	0.002124065699677099	1.00282907	67.13829041	1.0270697	0.1383544717051143	0.0600725	0.0069
0.3846	-0.1037	-0.4412	0.0036599554414321086	0.003001966313430246	0.00249931148885588	1.04100788	69.69431305	1.0496508	0.2013625804871876	0.0567333	0.00581
0.3513	-0.1282	-0.4364	0.004323180557189954	0.0028885199120506156	0.0028152160834668534	0.97957057	65.58115387	0.99885464	0.11722880558742244	0.054814	0.0049
0.4405	-0.1175	-0.4105	0.003755948550291797	0.0026668630970473357	0.0026843163895672786	0.98978668	66.26511383	1.00292772	0.17178942579005063	0.0556274	0.00516
0.504	-0.0929	-0.4521	0.0032061698359135836	0.0026965336943312393	0.0024452062820440558	1.0015347	67.05162811	1.0245695	0.170627970959267	0.0613851	0.00752
