bids_name	aor	aqi	dummy_trs	dvars_nstd	dvars_std	dvars_vstd	efc	fber	fd_mean	fd_num	fd_perc	fwhm_avg	fwhm_x	fwhm_y	fwhm_z	gcor	gsr_x	gsr_y	size_t	size_x	size_y	size_z	snr	spacing_tr	spacing_x	spacing_y	spacing_z	summary_bg_k	summary_bg_mad	summary_bg_mean	summary_bg_median	summary_bg_n	summary_bg_p05	summary_bg_p95	summary_bg_stdv	summary_fg_k	summary_fg_mad	summary_fg_mean	summary_fg_median	summary_fg_n	summary_fg_p05	summary_fg_p95	summary_fg_stdv	tsnr
sub-02_task-mfv_run-01_bold	0.0016936479591836734	0.019225377755102042	0	56.21916971434787	1.0097896197442453	0.9987782673145775	0.5344	359.4615	0.17196795073311055	127	32.39795918367347	3.2571933333333334	3.09275	3.45087	3.22796	0.00254773	-0.02750563807785511	0.07179047912359238	392	104	104	72	2.121883240724855	0.7200000286102295	2.0	2.0	2.0	61.7462	160.972	615.4437	302.0	609807.0	188.0	2150.0	933.4741	0.9307	2374.5684	6088.8377	5723.0	168945.0	2031.0	11152.0	2697.1244	20.79695176309906
sub-02_task-mfv_run-02_bold	0.0077316755319148936	0.0251267629787234	1	55.904892425573344	0.9930298221866669	1.0014271229599996	0.5352	358.9574	0.16439382380199194	100	26.595744680851062	3.338153333333333	3.129215	3.528935	3.35631	0.00276445	-0.028036681935191154	0.07028345763683319	376	104	104	72	2.1420709874993085	0.7200000286102295	2.0	2.0	2.0	61.0751	159.4468	610.4737	301.0	609443.0	187.0	2133.0	918.2085	0.8991	2348.4969	6066.4559	5706.0	169309.0	2081.0	11074.0	2663.7694	19.3606103642378
sub-02_task-mfv_run-03_bold	0.0009858445040214477	0.01046103361930295	0	53.760546499784915	1.0256339020430107	1.0147393475000002	0.5287	396.8633	0.14156991939216562	71	19.03485254691689	3.1793266666666664	3.037685	3.36655	3.133745	0.00333984	-0.02700887992978096	0.07065485417842865	373	104	104	72	2.098694926985034	0.7200000286102295	2.0	2.0	2.0	65.0211	160.0296	601.8015	292.0	609397.0	178.0	2131.0	935.6589	0.9703	2429.1858	6174.5403	5813.0	169355.0	1993.0	11341.0	2769.8084	24.406479217577726
sub-02_task-rest_bold	0.00025824622531939607	0.014351236260162601	1	53.640251722999935	0.9919872710116285	0.9831049173255824	0.5301	373.5743	0.12970922879895716	104	12.07897793263647	3.250133333333333	3.117015	3.43344	3.199945	0.00814466	-0.027637025341391563	0.07144365459680557	861	104	104	72	2.086391013464101	0.7200000286102295	2.0	2.0	2.0	65.7305	152.2225	608.207	296.0	610458.0	187.0	2142.0	952.775	1.0222	2372.4191	6085.1966	5716.0	168294.0	1913.0	11237.0	2739.6509	22.373207067139447
sub-02_task-smid_run-01_bold	0.004485214007782101	0.02000665694552529	2	56.42359186674466	1.0629750176803117	1.064441834385965	0.535	352.4829	0.17715929896622698	140	27.237354085603112	3.312003333333333	3.133675	3.512805	3.28953	0.00180935	-0.028568504378199577	0.06955642998218536	514	104	104	72	2.1203798667957368	0.7200000286102295	2.0	2.0	2.0	61.5323	161.82	613.5111	303.0	609892.0	188.0	2152.0	924.8196	0.9231	2362.1949	6040.1185	5683.0	168860.0	1992.0	11069.0	2680.1722	19.948198789032176
sub-02_task-smid_run-02_bold	0.003708095238095238	0.03465934285714286	4	56.02746454662215	0.9589908750381678	0.9735610745038178	0.5369	348.8405	0.18245056502169757	141	26.857142857142858	3.4622266666666666	3.21218	3.66062	3.51388	0.00177402	-0.0287752877920866	0.07026790082454681	525	104	104	72	2.1578159540092	0.7200000286102295	2.0	2.0	2.0	59.9541	164.3232	617.1566	305.0	610583.0	189.0	2154.0	921.1241	0.8359	2344.0281	6042.6984	5690.0	168169.0	2110.0	10992.0	2636.9177	17.265434585977346
sub-02_task-smid_run-03_bold	0.001153529411764706	0.01190200421252372	2	53.544872320076074	1.0113322249239538	1.0052315661406852	0.5313	386.5236	0.11769878510581984	33	6.261859582542694	3.1665616666666665	3.02809	3.355235	3.11636	0.00227992	-0.02816396951675415	0.06992334872484207	527	104	104	72	2.1137668195772226	0.7200000286102295	2.0	2.0	2.0	59.3648	165.8714	618.9191	297.0	610562.0	179.0	2227.0	952.6545	0.8941	2452.5097	6195.8465	5833.0	168190.0	2012.0	11322.0	2759.5204	23.370108243543655
sub-03_task-mfv_run-01_bold	0.0003355643044619423	0.02133446553805774	3	61.168663537157904	0.9879550862894729	0.9651254155526312	0.5817	213.9818	0.10113332760881347	13	3.4120734908136483	3.0307433333333336	2.819885	3.262345	3.01	0.00246077	-0.010251715779304504	0.1007724180817604	381	104	104	72	2.015705276434312	0.7200000286102295	2.0	2.0	2.0	22.2747	242.0299	848.986	373.0	591465.0	194.0	3420.0	1239.8635	0.7204	2386.5733	5899.4403	5461.0	187287.0	1804.0	10913.0	2709.2182	20.430859342217445
sub-03_task-mfv_run-02_bold	0.001432587064676617	0.013786701641791046	0	60.848285208603485	1.0567615794763086	1.0269499333167074	0.5802	216.1793	0.09363889830681385	18	4.477611940298507	2.9944216666666663	2.82649	3.21242	2.944355	0.00473439	-0.009932574816048145	0.09980504214763641	402	104	104	72	2.0033946590085865	0.7200000286102295	2.0	2.0	2.0	22.9243	239.1784	841.6555	371.0	591472.0	193.0	3414.0	1233.1212	0.7127	2384.976	5889.5084	5449.0	187280.0	1763.0	10933.5	2719.8762	22.742701063398272
sub-03_task-mfv_run-03_bold	0.0011328191489361702	0.014666816329787233	0	61.17932831832006	1.0409913490666667	1.0147399313600003	0.581	211.5951	0.10966680103852851	23	6.117021276595745	2.991303333333333	2.806795	3.211395	2.95572	0.00301013	-0.008436216041445732	0.1007358506321907	376	104	104	72	1.9963790723932708	0.7200000286102295	2.0	2.0	2.0	22.5723	243.129	847.6835	374.0	591514.0	195.0	3429.0	1240.6443	0.7799	2378.7187	5884.4647	5437.0	187238.0	1782.0	10936.0	2723.4234	21.85305324057117
sub-03_task-rest_bold	0.0005087921022067363	0.03827227468060394	1	62.47747790761621	0.9795602748488365	0.9574611164069776	0.5812	216.1945	0.1474825902158636	186	21.60278745644599	3.1265233333333335	2.87848	3.36877	3.13232	0.00916764	-0.006457270588725805	0.09851009398698807	861	104	104	72	2.049287528787694	0.7200000286102295	2.0	2.0	2.0	21.7622	239.4368	826.0375	371.0	591970.0	195.0	3295.0	1186.6653	0.6262	2362.5087	5883.1021	5452.0	186782.0	1900.0	10787.0	2660.4297	16.583299909136258
sub-03_task-smid_run-01_bold	0.0015123234200743493	0.02028884342007435	2	60.96834800752329	1.0337581156052138	1.0105744402420853	0.5831	207.2197	0.10641673501496028	32	5.947955390334572	3.0195849999999997	2.839585	3.246935	2.972235	0.00508727	-0.006077973637729883	0.10082893073558807	538	104	104	72	1.9969599581300457	0.7200000286102295	2.0	2.0	2.0	20.9289	243.6015	858.1814	375.0	591056.0	195.0	3492.0	1257.4869	0.7643	2362.0427	5840.7433	5405.0	187696.0	1723.0	10841.0	2706.6069	20.173507075523958
sub-03_task-smid_run-02_bold	0.0010430535714285715	0.017809567910714287	3	61.106277718354214	1.0455535781037575	1.0153504881574225	0.5828	210.323	0.10690950764909271	32	5.714285714285714	3.0126866666666667	2.841065	3.237755	2.95924	0.00623977	-0.00439018988981843	0.10107707977294922	560	104	104	72	1.9998732460534074	0.7200000286102295	2.0	2.0	2.0	21.117	240.4834	857.2992	372.0	591196.0	195.0	3503.0	1262.2313	0.7588	2355.7425	5834.4751	5399.0	187556.0	1728.0	10835.0	2699.6639	20.88913320598658
sub-03_task-smid_run-03_bold	0.0006965055762081785	0.016661888104089216	0	61.16093682802608	1.0344175636685293	1.0041141486033525	0.5826	207.9381	0.10763196682204673	29	5.390334572490707	3.0261633333333333	2.85421	3.25265	2.97163	0.00868316	-0.0036375392228364944	0.10183297097682953	538	104	104	72	1.9938536647550968	0.7200000286102295	2.0	2.0	2.0	21.3728	240.7217	857.3375	373.0	591491.0	194.0	3510.0	1267.0457	0.7842	2347.1826	5813.9064	5375.0	187261.0	1717.0	10808.0	2695.7774	21.291253461618908
sub-04_task-mfv_run-01_bold	0.0006441813602015113	0.010814583425692696	0	49.98005911333335	1.0026533868181813	0.9924422853535354	0.5104	480.4881	0.12650519407945193	45	11.335012594458439	3.13707	3.01384	3.34573	3.05164	0.0065705	-0.010414538905024529	0.062399737536907196	397	104	104	72	2.2253479472282143	0.7200000286102295	2.0	2.0	2.0	31.2061	148.6896	527.9213	285.0	617243.0	177.0	1885.0	727.7896	0.1264	2759.8249	6469.3146	6246.0	161509.0	1868.0	11341.0	2806.7434	24.52625525475014
sub-04_task-mfv_run-02_bold	0.0008154005167958656	0.00941786542635659	0	49.221656977150275	1.0193586465284983	1.0078252320466317	0.5107	476.0364	0.12479624229994891	45	11.627906976744185	3.0857150000000004	2.967785	3.29382	2.99554	0.00404887	-0.009719914756715298	0.05916980281472206	387	104	104	72	2.2278437974203453	0.7200000286102295	2.0	2.0	2.0	25.3075	147.4174	522.0127	284.0	616959.0	177.0	1856.0	708.5215	0.1081	2735.7652	6419.4251	6206.0	161793.0	1852.0	11260.0	2785.6445	25.624203983694315
sub-04_task-mfv_run-03_bold	0.0023840322580645163	0.021270084274193544	0	51.50042020285714	0.9844005683827498	0.9834240528301884	0.5122	468.1787	0.15751873918306422	92	24.731182795698924	3.1904183333333336	3.041615	3.38736	3.14228	0.00560848	-0.00931154191493988	0.06050371378660202	372	104	104	72	2.2552487424084413	0.7200000286102295	2.0	2.0	2.0	26.5108	151.7914	528.1446	287.0	617457.0	177.0	1876.0	719.4494	0.0976	2722.783	6435.7281	6211.0	161295.0	1962.0	11225.0	2754.0114	20.717963718343526
sub-04_task-rest_bold	0.00993551044083527	0.034641688515081204	0	51.054487571765385	1.0472669496051097	1.1189481081997672	0.525	431.2701	0.1169026506995175	68	7.888631090487239	3.169285	2.99142	3.296135	3.2203	0.00585868	-0.009404724463820457	0.04556354507803917	862	104	104	72	2.397631621843183	0.7200000286102295	2.0	2.0	2.0	25.9455	129.388	514.3799	275.0	614886.0	182.0	1805.0	700.8525	0.0125	2289.7441	5885.5631	5709.5	163866.0	1818.0	9952.0	2381.301	17.916141553258058
sub-04_task-smid_run-01_bold	0.000513996282527881	0.009272930092936803	0	49.29435640458102	1.0204161699255128	1.0086096488268157	0.5116	474.7076	0.1133212347348083	47	8.736059479553903	3.094325	2.98036	3.3014	3.001215	0.00637521	-0.009039868600666523	0.06137567013502121	538	104	104	72	2.2246807670084094	0.7200000286102295	2.0	2.0	2.0	26.3165	147.1111	528.6315	284.0	616827.0	178.0	1904.0	729.548	0.1071	2734.5881	6417.6218	6198.0	161925.0	1844.0	11273.0	2786.0091	25.550829033600166
sub-04_task-smid_run-02_bold	0.0012843843283582086	0.010778983899253733	0	49.61408717078506	1.0317649022803728	1.019952162803738	0.5123	473.1985	0.12134754765366247	65	12.126865671641792	3.0796383333333335	2.959375	3.28514	2.9944	0.00806576	-0.009069165214896202	0.06107552722096443	536	104	104	72	2.238488199195867	0.7200000286102295	2.0	2.0	2.0	24.3923	149.1122	530.4277	285.0	617021.0	177.0	1909.0	727.0773	0.1119	2728.3725	6422.6301	6207.0	161731.0	1895.0	11259.0	2772.845	24.734299928764813
sub-04_task-smid_run-03_bold	0.0009359141791044775	0.011627288600746268	2	50.51616593106542	1.0182995262056078	1.0063355734766353	0.5127	471.2555	0.13407848918384382	97	18.097014925373134	3.0933316666666664	2.961755	3.30271	3.01553	0.00863474	-0.009551282040774822	0.060828037559986115	536	104	104	72	2.241387896802537	0.7200000286102295	2.0	2.0	2.0	24.8526	149.8811	533.0634	286.0	617206.0	178.0	1924.0	731.1471	0.1141	2733.112	6432.3809	6216.0	161546.0	1912.0	11266.0	2773.2731	24.220875720551703
sub-05_task-mfv_run-01_bold	0.0006577005347593583	0.012908828770053477	2	56.456119005576404	1.0365251733243963	1.00861541455764	0.5397	353.4662	0.10441566997297683	13	3.4759358288770055	2.9987	2.919515	3.13914	2.937445	0.00408782	0.0028992504812777042	0.03678613528609276	374	104	104	72	2.2380995298116955	0.7200000286102295	2.0	2.0	2.0	24.0703	158.4719	638.9961	301.0	616812.0	185.0	2534.0	953.2159	-0.0799	2468.83	5786.7021	5658.0	161940.0	1362.0	10038.0	2528.0299	23.926587220164947
sub-05_task-mfv_run-02_bold	0.0011032114882506526	0.01401245767624021	2	56.550864454633505	1.0442936413089008	1.0182485237958112	0.5391	349.3239	0.10724624471965505	22	5.7441253263707575	3.0189966666666668	2.930395	3.168135	2.95846	0.00369307	0.003227389883249998	0.03575731813907623	383	104	104	72	2.2215121899580104	0.7200000286102295	2.0	2.0	2.0	24.1697	160.121	636.104	302.0	616872.0	185.0	2516.0	944.5749	-0.0873	2488.5225	5775.2925	5646.0	161880.0	1329.5	10059.0	2541.5042	23.228091198427137
sub-05_task-mfv_run-03_bold	0.0010986666666666666	0.011044712080000001	2	55.90760241213903	1.0423034610427808	1.0155806495187167	0.5386	354.5585	0.0912893861017024	8	2.1333333333333333	2.9936700000000003	2.919275	3.13388	2.927855	0.00434131	0.004053462762385607	0.03478856384754181	375	104	104	72	2.2250790551509105	0.7200000286102295	2.0	2.0	2.0	24.6944	157.314	635.9881	300.0	617138.0	185.0	2513.0	954.9632	-0.0888	2474.7675	5764.9206	5642.0	161614.0	1320.0	10034.0	2535.6324	24.91433772468008
sub-05_task-rest_bold	0.0012959164733178652	0.02125540922273782	0	55.60451355169572	1.0200236294541225	1.0025458519396062	0.5399	349.0724	0.09835788329751417	38	4.408352668213457	3.100216666666667	3.011475	3.23378	3.055395	0.00535884	0.004095899406820536	0.03669111058115959	862	104	104	72	2.245227760506894	0.7200000286102295	2.0	2.0	2.0	27.2014	160.8073	640.7381	302.0	617671.0	185.0	2519.0	957.4351	-0.1101	2473.0496	5776.608	5648.0	161081.0	1371.0	10011.0	2515.5499	20.434707017149776
sub-05_task-smid_run-01_bold	0.0018742962962962962	0.023942387629629636	1	58.25405534163268	1.0377182746753235	1.0173399921150275	0.5411	348.8875	0.13014796039394283	72	13.333333333333334	3.1143983333333334	2.99938	3.262735	3.08108	0.00569156	0.005341589450836182	0.035709232091903687	540	104	104	72	2.2425171611919756	0.7200000286102295	2.0	2.0	2.0	24.1088	156.2635	639.0225	299.0	616593.0	185.0	2515.0	963.2052	-0.161	2441.9197	5694.7461	5580.0	162159.0	1308.0	9898.0	2488.2676	19.60895619657822
sub-05_task-smid_run-02_bold	0.004549569120287253	0.031094452710951525	1	61.645014179874124	1.069755970143884	1.0591805437050363	0.5418	348.2076	0.19847875137653628	171	30.700179533213646	3.156728333333333	3.0269	3.300485	3.1428	0.00819102	0.006057091522961855	0.03512747958302498	557	104	104	72	2.2657139931122026	0.7200000286102295	2.0	2.0	2.0	24.5713	155.3059	638.0923	298.0	617208.0	185.0	2503.0	960.0745	-0.1683	2409.4217	5674.3167	5562.0	161544.0	1357.0	9820.0	2454.8477	17.87277121702209
sub-05_task-smid_run-03_bold	0.009900594795539033	0.03340717304832714	2	58.02368747977648	1.1053979894413402	1.115834929459962	0.5416	353.1296	0.14224329988617407	75	13.940520446096654	3.14547	3.071575	3.267375	3.09746	0.00344232	0.006849026773124933	0.03387953341007233	538	104	104	72	2.284936979892178	0.7200000286102295	2.0	2.0	2.0	24.7411	152.7301	637.8362	296.0	618232.0	184.0	2505.0	959.9466	-0.174	2399.1962	5681.571	5570.0	160520.0	1395.0	9811.0	2437.6964	18.08762112352997
sub-06_task-mfv_run-01_bold	0.0007383014354066985	0.014646589043062201	3	55.325483582925656	1.0048507191127105	0.993587900479616	0.5499	265.325	0.13664780529741394	76	18.181818181818183	3.4118066666666667	3.262865	3.60797	3.364585	0.00433349	0.008352022618055344	0.051893021911382675	418	104	104	72	1.9422799632530732	0.7200000286102295	2.0	2.0	2.0	61.5588	213.6366	703.8008	349.0	589541.0	188.0	2539.0	1180.471	0.7079	2592.0353	6206.8672	5679.0	189211.0	2083.0	11800.0	2923.8756	21.853956512291916
sub-06_task-mfv_run-02_bold	0.0017033155080213907	0.012326335882352941	3	56.001576063083135	1.0505340632171574	1.034786473297587	0.5499	264.7385	0.1496473846240618	95	25.40106951871658	3.392685	3.25726	3.59293	3.327865	0.00874094	0.009175674989819527	0.050940923392772675	374	104	104	72	1.9415949123884788	0.7200000286102295	2.0	2.0	2.0	60.8936	210.914	707.5636	348.0	590224.0	188.0	2561.0	1195.9768	0.7084	2586.4173	6178.9091	5656.0	188528.0	2066.0	11744.0	2913.0613	22.590223592938855
sub-06_task-mfv_run-03_bold	0.002608026315789474	0.03592326981578947	4	55.95346431672822	0.9403950207915562	0.9479233392084429	0.5514	267.7877	0.15719497614446837	84	22.105263157894736	3.6667233333333336	3.45864	3.784445	3.757085	0.00573483	0.013647807762026787	0.051071301102638245	380	104	104	72	1.9797432208050605	0.7200000286102295	2.0	2.0	2.0	55.6858	209.3707	697.2585	345.0	590162.0	186.0	2516.0	1153.8431	0.5903	2564.9094	6161.4001	5650.0	188590.0	2160.0	11629.0	2853.8979	16.9948185965186
sub-06_task-rest_bold	0.0008210280373831777	0.013135970922897195	6	55.54514692423385	1.0305102897543865	1.0295092867953213	0.548	273.6779	0.14189811128853916	193	22.546728971962615	3.385805	3.266835	3.578475	3.312105	0.00863643	0.013147711753845215	0.05150459334254265	856	104	104	72	1.9504356490427355	0.7200000286102295	2.0	2.0	2.0	60.9892	204.4051	691.04	341.0	590283.0	187.0	2478.0	1174.4422	0.6742	2564.263	6157.6416	5641.0	188469.0	2049.0	11684.0	2892.1667	22.00837916205637
sub-06_task-smid_run-01_bold	0.0006154999999999999	0.010260463666666665	1	56.252711018478664	1.0262260198886826	1.009728771372913	0.5527	251.149	0.1274937509981934	56	10.37037037037037	3.388358333333333	3.28576	3.57763	3.301685	0.0087417	0.01640990935266018	0.06259085983037949	540	104	104	72	1.9098481131279619	0.7200000286102295	2.0	2.0	2.0	48.2753	210.2028	703.6053	347.0	588273.0	186.0	2555.0	1167.7656	0.642	2537.1114	6032.8848	5499.0	190479.0	1997.0	11611.0	2879.279	23.345373140182346
sub-06_task-smid_run-02_bold	0.0009320074349442378	0.01445732881040892	5	56.502456103929255	1.0273612087523272	1.0142699392737438	0.553	250.7312	0.13740371441781463	77	14.312267657992566	3.431881666666667	3.316805	3.610825	3.368015	0.00646087	0.017940204590559006	0.06117121875286102	538	104	104	72	1.9130028404649189	0.7200000286102295	2.0	2.0	2.0	47.8633	210.2953	704.3089	347.0	588286.0	186.0	2556.0	1165.9408	0.6521	2536.1592	6034.4539	5502.0	190466.0	2002.0	11610.0	2876.099	21.324929900001734
sub-06_task-smid_run-03_bold	0.004885619223659889	0.020897553216266174	0	58.001752316462955	1.046745481407407	1.0453564188333329	0.5541	246.6475	0.16741147521596608	132	24.399260628465804	3.510448333333333	3.36758	3.67423	3.489535	0.00766608	0.017023803666234016	0.062376126646995544	541	104	104	72	1.9246047879565449	0.7200000286102295	2.0	2.0	2.0	47.1737	214.0976	709.9036	350.0	588760.0	186.0	2575.0	1173.411	0.6115	2538.9498	6030.8506	5503.0	189992.0	2030.0	11571.0	2859.2808	19.162451699376106
sub-07_task-mfv_run-01_bold	0.01203970976253298	0.06030649472295515	3	70.63343828161375	0.9186795765608465	0.9784804766666658	0.5497	317.9583	0.41304993797407447	91	24.010554089709764	3.3227433333333334	2.961335	3.60224	3.404655	0.0172189	-0.017736027017235756	0.0964493602514267	379	104	104	72	2.294812153808851	0.7200000286102295	2.0	2.0	2.0	59.2592	138.0424	581.4194	287.0	606783.0	188.0	2131.0	865.5771	0.4039	2014.3124	5322.0434	5113.0	171969.0	1519.0	9223.0	2228.0626	13.562549607362598
sub-07_task-mfv_run-02_bold	0.0265927688172043	0.07293422365591397	1	74.90514767560643	1.1247970370350409	1.2706521802695419	0.5526	309.1691	0.4837856110124563	140	37.634408602150536	3.368016666666666	3.046335	3.670085	3.38763	0.00957941	-0.0184249896556139	0.09806005656719208	372	104	104	72	2.3249520599046765	0.7200000286102295	2.0	2.0	2.0	59.0651	142.4773	588.5814	290.0	606877.0	188.0	2153.0	872.6268	0.3814	1992.2029	5297.1832	5091.0	171875.0	1581.0	9127.0	2189.7162	11.663179356371984
sub-07_task-mfv_run-03_bold	0.025083126614987076	0.05183693307493541	0	67.48019417103626	1.1952687444818644	1.2911961354663208	0.5438	331.0735	0.30545045858322634	127	32.81653746770026	3.1740166666666667	2.91011	3.493715	3.118225	0.00543983	-0.011088444851338863	0.09591944515705109	387	104	104	72	2.361448672577796	0.7200000286102295	2.0	2.0	2.0	55.4654	132.4036	562.6213	283.0	612783.0	187.0	2036.0	830.3573	0.3916	1967.0034	5386.7697	5141.0	165969.0	1825.0	9291.0	2177.0469	14.701531454920769
sub-07_task-rest_bold	0.009852219827586207	0.15501767413793102	0	71.26936535622035	0.8273217619654432	0.9175257524406049	0.5644	270.7465	0.3708469304894264	154	33.189655172413794	4.080883333333333	3.48481	4.45225	4.30559	0.00541988	-0.021847156807780266	0.10909602791070938	464	104	104	72	2.5013490593765386	0.7200000286102295	2.0	2.0	2.0	30.9039	169.8602	616.3694	310.0	610090.0	189.0	2235.0	834.3438	0.2504	1908.0739	5343.811	5101.0	168662.0	2115.0	8967.0	2039.2935	9.580407227855176
sub-07_task-smid_run-01_bold	0.0035945167286245356	0.06216378828996282	2	60.854397253407754	0.9204603982495343	0.9657592658659215	0.5463	322.7497	0.17297487013453208	67	12.453531598513012	3.2514966666666667	2.911505	3.5616	3.281385	0.0021314	-0.010745999403297901	0.0881044790148735	538	104	104	72	2.3546725451822788	0.7200000286102295	2.0	2.0	2.0	39.5064	136.9836	564.9718	286.0	612311.0	187.0	2047.0	796.788	0.3455	1976.4217	5371.9131	5140.0	166441.0	1764.0	9261.0	2182.8872	15.44001761963591
sub-07_task-smid_run-02_bold	0.0008743518518518517	0.015806408018518518	1	59.757668532411884	1.0161290067161408	0.9990612295361779	0.537	348.2107	0.14299398065654384	88	16.296296296296298	2.940153333333333	2.75607	3.217065	2.847325	0.00263428	-0.0045992471277713776	0.09138158708810806	540	104	104	72	2.2304677155967383	0.7200000286102295	2.0	2.0	2.0	54.5709	120.0935	548.6123	274.0	610837.0	187.0	2006.0	841.3421	0.4604	2025.3117	5357.6784	5116.0	167915.0	1494.0	9458.0	2293.6825	21.793653016677126
sub-07_task-smid_run-03_bold	0.013567602230483273	0.08863896133828995	3	64.02889440635005	0.9966341718808185	1.087225087150838	0.5447	331.2199	0.23824257667252427	123	22.86245353159851	3.55978	3.1016	3.866355	3.711385	0.00305208	-0.00493348203599453	0.09180816262960434	538	104	104	72	2.463844701089152	0.7200000286102295	2.0	2.0	2.0	39.371	131.3481	550.832	281.0	616116.0	186.0	1947.0	768.3228	0.2918	1917.7405	5378.9935	5122.0	162636.0	2126.0	9145.0	2078.8584	12.445846902555786
sub-08_task-mfv_run-01_bold	0.011428997361477573	0.02523554	0	61.378433379047635	1.1190369724074078	1.1030697503703717	0.5268	447.7745	0.18233962954424024	66	17.41424802110818	3.447176666666667	3.283005	3.640045	3.41848	0.00649278	-0.0060021644458174706	0.07873975485563278	379	104	104	72	2.0676505223209767	0.7200000286102295	2.0	2.0	2.0	62.2596	144.8843	584.111	282.0	601427.0	176.0	2169.0	918.8056	0.5788	2609.3995	6259.3833	5960.0	177325.0	1564.0	11450.0	2882.4906	18.13548889098456
sub-08_task-mfv_run-02_bold	0.005907103448275861	0.025339462114942528	1	65.24261050933178	1.0410728919585246	1.0843094389400914	0.5293	399.7463	0.22839785081777889	129	29.655172413793103	3.4155483333333336	3.240185	3.62374	3.38272	0.00603076	-0.00899638794362545	0.08163488656282425	435	104	104	72	2.029919541928163	0.7200000286102295	2.0	2.0	2.0	55.8824	161.5423	589.2471	294.0	600875.0	176.0	2160.0	893.0282	0.6135	2604.6563	6200.2897	5870.0	177877.0	1563.0	11432.0	2891.7321	18.1558161303401
sub-08_task-mfv_run-03_bold	0.009597146341463414	0.018525625756097563	3	58.13555011899753	1.1179406645965764	1.1256193621271398	0.5263	450.7461	0.15129429554574952	55	13.414634146341463	3.3511783333333334	3.196665	3.553825	3.303045	0.00338977	-0.006504974793642759	0.07953193783760071	410	104	104	72	2.05031884774622	0.7200000286102295	2.0	2.0	2.0	55.0069	140.7966	579.0538	279.0	601036.0	176.0	2160.0	898.1974	0.6438	2600.6128	6240.234	5932.0	177716.0	1536.0	11451.0	2893.2004	20.392444454482757
sub-08_task-rest_bold	0.0019289651162790696	0.024082821976744186	2	56.05951681791617	1.011833819429571	0.995500910291037	0.5261	451.2083	0.12745255187082347	135	15.69767441860465	3.42031	3.264045	3.603755	3.39313	0.00826105	-0.007340741343796253	0.079140804708004	860	104	104	72	2.0655869421299773	0.7200000286102295	2.0	2.0	2.0	60.8389	143.3116	580.7326	281.0	601550.0	177.0	2148.0	906.3302	0.5915	2609.3738	6272.4765	5974.0	177202.0	1551.0	11465.0	2892.148	19.183879751362838
sub-08_task-smid_run-01_bold	0.00929959633027523	0.02676354201834862	0	61.906748610441205	1.0827134810845604	1.0957924133455874	0.5162	488.3572	0.19087861345727677	81	14.862385321100918	3.4273516666666666	3.29031	3.591895	3.39985	0.0104176	-0.009074293076992035	0.08476359397172928	545	104	104	72	2.0144910532373337	0.7200000286102295	2.0	2.0	2.0	63.1819	132.7296	560.5232	273.0	606345.0	177.0	2042.0	870.753	0.916	2634.0593	6398.3051	6031.0	172407.0	1710.0	11895.0	2993.7996	18.097926449845545
sub-08_task-smid_run-02_bold	0.012001765799256504	0.030234596152416356	0	66.46261380718806	1.1661578819553071	1.1288365299068892	0.5228	481.3687	0.2878179331030878	207	38.47583643122677	3.3609833333333334	3.20357	3.52302	3.35636	0.00650674	-0.01068962924182415	0.08795635402202606	538	104	104	72	2.0521269405164744	0.7200000286102295	2.0	2.0	2.0	43.5438	133.12	563.4556	273.0	602119.0	176.0	2091.0	857.536	0.8667	2587.1213	6322.2263	5981.0	176633.0	1735.0	11637.0	2914.5288	17.207552669220604
sub-08_task-smid_run-03_bold	0.004894810126582279	0.04067155280289331	1	61.91387992641297	1.0108397993840585	1.0053609332789852	0.5241	458.8767	0.21481959993741412	167	30.198915009041592	3.5572666666666666	3.35035	3.69559	3.62586	0.00807195	-0.011036126874387264	0.08664388954639435	553	104	104	72	2.0508338556781998	0.7200000286102295	2.0	2.0	2.0	44.8047	142.0456	572.9254	280.0	602342.0	177.0	2126.0	869.252	0.8286	2596.9494	6338.1018	5991.0	176410.0	1742.0	11685.0	2921.2425	15.9220327399089
sub-09_task-mfv_run-01_bold	0.005127242990654205	0.025560706612149535	0	59.801842262974255	1.066229765362998	1.0649825271896958	0.5744	250.3189	0.11130359059949269	35	8.177570093457945	3.072355	2.854705	3.27611	3.08625	0.014056	-0.013205190189182758	0.12073834240436554	428	104	104	72	2.1268584733348663	0.7200000286102295	2.0	2.0	2.0	19.349	205.4998	798.8884	343.0	599180.0	192.0	3406.0	1194.4383	0.8489	2374.921	5758.2546	5428.5	179572.0	1939.0	10322.0	2552.3489	18.601283876225352
sub-09_task-mfv_run-02_bold	0.0055765415549597856	0.017308053806970508	1	60.48588977322582	1.0964908442741932	1.0839057944892485	0.575	249.0119	0.1346351057445284	47	12.600536193029491	2.9922566666666666	2.80439	3.207695	2.964685	0.00819167	-0.01303680706769228	0.12139231711626053	373	104	104	72	2.1101636152157197	0.7200000286102295	2.0	2.0	2.0	18.6222	204.2294	806.9099	343.0	598433.0	191.0	3477.0	1212.6777	0.863	2384.6364	5747.007	5417.0	180319.0	1868.0	10319.0	2567.0924	20.85268252377864
sub-09_task-mfv_run-03_bold	0.003048828125	0.024219350520833332	1	60.76742573650133	1.034558216736292	1.0239749527415147	0.5776	241.9024	0.14196956314467452	72	18.75	3.0281083333333334	2.817495	3.238035	3.028795	0.0115654	-0.012491987086832523	0.12404800206422806	384	104	104	72	2.1275542054959202	0.7200000286102295	2.0	2.0	2.0	17.6414	209.7766	816.7127	347.0	598560.0	191.0	3526.0	1223.174	0.8676	2364.9534	5720.7561	5393.0	180192.0	1924.0	10244.0	2534.8285	19.106197994202375
sub-09_task-rest_bold	0.0008173071324599708	0.025913662197962154	3	57.46268363039356	0.987257164212827	0.9732576745335272	0.5717	255.1522	0.09058988209568783	30	4.366812227074236	3.043818333333333	2.83389	3.258425	3.03914	0.00625269	-0.011870142072439194	0.12182207405567169	687	104	104	72	2.1416308955024013	0.7200000286102295	2.0	2.0	2.0	20.8308	203.6032	792.9209	342.0	601340.0	191.0	3360.0	1191.9509	0.8804	2373.8706	5813.6629	5468.0	177412.0	2047.0	10393.0	2553.1872	19.698364242562093
sub-09_task-smid_run-01_bold	0.006961208178438661	0.04185198940520446	0	63.58796353035384	1.0302344757355684	1.032155119217877	0.5879	219.8072	0.19538903074710645	155	28.810408921933085	3.18281	2.885665	3.409115	3.25365	0.00863088	-0.018863558769226074	0.11938915401697159	538	104	104	72	2.171201521212899	0.7200000286102295	2.0	2.0	2.0	15.2684	231.5367	851.487	363.0	595652.0	192.0	3635.0	1235.897	0.39	2375.2623	5669.7067	5384.0	183100.0	1862.0	10078.0	2479.7262	15.384829690447077
sub-09_task-smid_run-02_bold	0.006385849731663684	0.032996187853309475	0	65.07752514915767	1.087278662562723	1.0844982557168459	0.5875	219.6685	0.2161627368479177	176	31.48479427549195	3.0902666666666665	2.82585	3.31811	3.12684	0.00736701	-0.019290728494524956	0.1183372288942337	559	104	104	72	2.155201911818449	0.7200000286102295	2.0	2.0	2.0	15.0659	233.0338	860.9918	365.0	595531.0	193.0	3709.0	1258.1849	0.4158	2390.2465	5695.9534	5409.0	183221.0	1837.0	10166.0	2509.7348	16.50899373111315
sub-09_task-smid_run-03_bold	0.009666047358834246	0.0474854480874317	0	69.71275540496352	1.0656526006021896	1.0830990094708022	0.5908	201.7367	0.26637540458375875	190	34.60837887067395	3.2397066666666667	2.9286	3.475325	3.315195	0.00417676	-0.021263835951685905	0.12290635704994202	549	104	104	72	2.1614250388415717	0.7200000286102295	2.0	2.0	2.0	14.5217	250.3167	869.749	378.0	595730.0	193.0	3695.0	1249.1769	0.3906	2383.0049	5663.4382	5375.0	183022.0	1866.0	10097.0	2486.7785	14.253791165538132
sub-10_task-mfv_run-01_bold	0.0027719736842105264	0.017337367973684212	2	61.35559900311338	1.038041074406332	1.0345989926649088	0.6156	118.9428	0.1617360426761122	95	25.0	2.9648116666666664	2.77283	3.13427	2.987335	0.00169367	-0.0014794940361753106	0.08929117023944855	380	104	104	72	2.07797266861584	0.7200000286102295	2.0	2.0	2.0	18.5171	392.082	1060.7889	525.0	582639.0	206.0	3975.0	1422.3924	1.2282	2477.5061	6130.7577	5721.0	196113.0	2236.0	11238.0	2753.1572	20.37024915625807
sub-10_task-mfv_run-02_bold	0.0005672386058981234	0.011520011528150133	2	61.346293213951625	1.0249714829301082	1.007708802768818	0.6151	120.6957	0.1519387582575073	94	25.201072386058982	2.900676666666667	2.723955	3.0653	2.912775	0.00167666	-0.00279040914028883	0.08900042623281479	373	104	104	72	2.0708754392797752	0.7200000286102295	2.0	2.0	2.0	18.0636	388.9983	1066.0541	521.0	583591.0	206.0	4015.0	1433.1707	1.2599	2471.7201	6131.0946	5720.0	195161.0	2216.0	11260.0	2762.1098	22.729231962934136
sub-10_task-mfv_run-03_bold	0.0022703439153439154	0.016228993915343916	3	62.25465159326258	1.0482527657029186	1.0772021099999995	0.6162	119.8179	0.15877217542443972	96	25.396825396825395	2.9405	2.75083	3.107425	2.963245	0.00132121	-0.0006441526929847896	0.09057053178548813	378	104	104	72	2.0723639203773225	0.7200000286102295	2.0	2.0	2.0	18.3814	385.5452	1055.5906	518.0	581618.0	205.0	3965.0	1415.9911	1.1741	2459.8915	6071.84	5675.0	197134.0	2142.0	11159.0	2738.4117	20.69383946270682
sub-10_task-rest_bold	0.0035515402567094516	0.025126468681446905	5	61.359483397967225	1.0428578987266361	1.047166116799066	0.6126	126.312	0.16328215287463754	224	26.137689614935823	3.040321666666666	2.80901	3.223905	3.08805	0.00135644	-0.003040218260139227	0.09276506304740906	857	104	104	72	2.072733072306363	0.7200000286102295	2.0	2.0	2.0	18.5924	388.5404	1025.9148	503.0	582185.0	189.0	3850.0	1382.7403	1.0929	2482.3568	6050.9191	5655.0	196567.0	2170.0	11099.0	2728.2749	18.28088268521242
sub-10_task-smid_run-01_bold	0.0015782495344506518	0.02362821923649907	2	62.057258883656715	1.0109975360447763	1.0025114948694032	0.6181	114.2006	0.16070606893071163	174	32.402234636871505	3.0598333333333336	2.825525	3.21617	3.137805	0.00140253	-0.0035570303443819284	0.0899471640586853	537	104	104	72	2.065638385545113	0.7200000286102295	2.0	2.0	2.0	18.494	400.0265	1063.6941	532.0	580564.0	208.0	3950.0	1409.4131	1.1992	2475.5316	6092.903	5688.0	198188.0	2186.0	11238.0	2753.6212	18.722539129201323
sub-10_task-smid_run-02_bold	0.004182894248608535	0.03163844192949907	1	64.31233754908922	1.0164524260594798	1.0205447001115246	0.6205	108.5588	0.18265522207526932	172	31.910946196660483	3.181468333333333	2.913995	3.351125	3.279285	0.00121783	-0.006107640452682972	0.08819177001714706	539	104	104	72	2.062344400354763	0.7200000286102295	2.0	2.0	2.0	20.3424	410.8403	1067.0748	545.0	578392.0	210.0	3902.0	1400.5876	1.1136	2482.2737	6077.9932	5680.0	200360.0	2138.0	11207.0	2754.1403	16.84024988184683
sub-10_task-smid_run-03_bold	0.0024047003745318353	0.021407890917602996	3	63.34593458333962	1.0219974351407133	1.0201532512945588	0.6185	111.8717	0.17172118175854528	150	28.089887640449437	3.05606	2.839505	3.21477	3.113905	0.00137305	-0.004481982905417681	0.08878988027572632	534	104	104	72	2.047856821781247	0.7200000286102295	2.0	2.0	2.0	20.2937	400.8495	1062.3324	536.0	579273.0	209.0	3905.0	1404.9095	1.2032	2483.5614	6076.1462	5669.0	199479.0	2117.0	11228.0	2768.253	18.92266391403973
sub-11_task-mfv_run-01_bold	0.003514459102902375	0.013084570765171503	0	57.57858798119052	1.107725857804233	1.048789662301588	0.5346	460.4526	0.11062885742216276	42	11.08179419525066	3.143008333333333	3.050215	3.324795	3.054015	0.0117618	-0.009548944421112537	0.06754400581121445	379	104	104	72	2.2560208680288607	0.7200000286102295	2.0	2.0	2.0	35.0533	143.8046	561.3182	281.0	596102.0	176.0	2047.0	837.974	0.2526	2478.1363	6218.7925	6023.0	182650.0	1727.0	10908.0	2669.7375	24.286401837598532
sub-11_task-mfv_run-02_bold	0.004119240506329115	0.02141298906329114	0	59.816109448832556	1.0780380442385786	1.0264892903299494	0.537	423.3195	0.13675733965893813	54	13.670886075949367	3.222018333333333	3.09869	3.39485	3.172515	0.00820452	-0.011434976011514664	0.06905093789100647	395	104	104	72	2.25254520274516	0.7200000286102295	2.0	2.0	2.0	34.6288	155.9435	564.6232	290.0	595752.0	177.0	2027.0	823.5253	0.2394	2471.2782	6180.0695	5970.5	183000.0	1773.0	10871.5	2650.55	20.60029586823657
sub-11_task-mfv_run-03_bold	0.0010084895833333332	0.01440123359375	0	56.23503361762403	1.0544023063185384	1.0007146794778063	0.5341	444.437	0.09634378670563642	27	7.03125	3.170646666666667	3.07314	3.35266	3.08614	0.00699959	-0.008900466375052929	0.06917033344507217	384	104	104	72	2.2447502322603015	0.7200000286102295	2.0	2.0	2.0	36.6594	146.4571	559.2123	283.0	597481.0	176.0	2011.0	829.4313	0.2878	2462.5444	6173.1335	5965.0	181271.0	1756.0	10887.0	2657.3039	23.461753761395812
sub-11_task-rest_bold	0.00023308943089430894	0.011543889454123114	1	55.35089886676752	1.0625085705000001	0.9962662901627904	0.5347	461.8344	0.07263093628867927	11	1.2775842044134726	3.1286233333333335	3.03923	3.30442	3.04222	0.006871	-0.009112020023167133	0.07006379961967468	861	104	104	72	2.2700956281443183	0.7200000286102295	2.0	2.0	2.0	36.733	143.0152	567.7241	282.0	596629.0	178.0	2074.0	860.0203	0.25	2495.7755	6265.7465	6067.0	182123.0	1785.0	10956.0	2672.5673	25.379498521098867
sub-11_task-smid_run-01_bold	0.0027590388170055454	0.01553737763401109	0	56.357964339000034	1.070610871499999	1.0286336020925932	0.5331	457.5261	0.11385111345715644	51	9.426987060998151	3.189821666666667	3.09947	3.357635	3.11236	0.0079478	-0.008729523979127407	0.06969917565584183	541	104	104	72	2.250037933207426	0.7200000286102295	2.0	2.0	2.0	37.68	140.6828	553.7045	279.0	597575.0	176.0	1992.0	824.7385	0.2802	2446.1952	6178.4454	5965.0	181177.0	1775.0	10891.0	2651.0591	22.895372568746097
sub-11_task-smid_run-02_bold	0.002396363636363636	0.018035400927643785	0	57.908166396115206	1.0543655332156132	1.0156232812825283	0.5337	450.7365	0.13889830354716473	73	13.543599257884972	3.1870083333333334	3.093395	3.356995	3.110635	0.0145458	-0.008549753576517105	0.07045762240886688	539	104	104	72	2.2571222527978456	0.7200000286102295	2.0	2.0	2.0	37.0338	142.25	551.984	280.0	597408.0	176.0	1982.0	817.7494	0.2921	2432.7743	6160.4704	5944.0	181344.0	1807.0	10844.0	2633.4345	21.70557109848596
sub-11_task-smid_run-03_bold	0.0008075046210720886	0.012883954085027726	0	55.774619610962944	1.0496567685925924	1.0556225744629626	0.5335	453.7968	0.10589893534929283	68	12.569316081330868	3.162433333333333	3.077425	3.34018	3.069695	0.0112578	-0.0069733248092234135	0.07069145143032074	541	104	104	72	2.244991095177866	0.7200000286102295	2.0	2.0	2.0	37.8031	140.617	558.1725	279.0	597573.0	176.0	2029.0	844.5041	0.3051	2434.0846	6164.6615	5945.0	181179.0	1782.0	10886.0	2648.1101	24.324133124900982
sub-12_task-mfv_run-01_bold	0.001952462311557789	0.014072000276381908	5	58.36587446579344	1.0484806921410568	1.022499213148615	0.5215	421.3686	0.12119829357665596	40	10.050251256281408	2.9243233333333336	2.77122	3.05954	2.94221	0.00256336	-0.011652451939880848	0.04297574609518051	398	104	104	72	2.3995228728931113	0.7200000286102295	2.0	2.0	2.0	19.1568	112.5176	520.9678	267.0	628235.0	185.0	1938.0	707.8776	0.2421	2137.0893	5650.7426	5491.0	150517.0	1810.0	9664.0	2288.364	22.96795833390206
sub-12_task-mfv_run-02_bold	0.0004405912596401028	0.012738696812339332	2	58.081529007577274	1.0270957098453597	0.9966030342010312	0.5221	415.3491	0.10645293130052248	27	6.940874035989717	2.919348333333333	2.761465	3.059925	2.936655	0.00263598	-0.011896300129592419	0.04334966093301773	389	104	104	72	2.4027286718250958	0.7200000286102295	2.0	2.0	2.0	19.0164	114.5834	522.8121	269.0	628565.0	185.0	1946.0	709.9413	0.2564	2117.8955	5636.6696	5475.0	150187.0	1822.0	9643.0	2278.6517	23.726083049201407
sub-12_task-mfv_run-03_bold	0.0016330729166666666	0.012220131770833332	1	56.392900710887744	1.0424951355874676	1.0188232483550914	0.5218	419.4854	0.10246173481667345	12	3.125	2.9000266666666668	2.74635	3.03211	2.92162	0.00475339	-0.010546859353780746	0.041577182710170746	384	104	104	72	2.418142733106075	0.7200000286102295	2.0	2.0	2.0	19.0115	112.5504	522.4707	267.0	629033.0	185.0	1952.0	718.0547	0.2826	2101.353	5632.1416	5473.0	149719.0	1858.0	9612.0	2263.2997	24.16355722420849
sub-12_task-rest_bold	0.0028300819672131146	0.028844164519906325	8	56.934273642719944	1.0097124826377502	1.0033054279132472	0.5218	424.7184	0.10686563689553627	38	4.4496487119437935	3.014806666666667	2.8014	3.14985	3.09317	0.00452115	-0.0129739660769701	0.04797846078872681	854	104	104	72	2.4494670877130997	0.7200000286102295	2.0	2.0	2.0	25.4478	112.8323	525.8591	268.0	629674.0	186.0	1951.0	725.7833	0.2219	2116.5685	5687.7552	5523.0	149078.0	1962.0	9659.0	2254.7686	19.034796862048097
sub-12_task-smid_run-01_bold	0.0006371687840290382	0.011184786043557169	1	55.95932723309093	1.0315421366545452	1.006515561981818	0.5223	417.2757	0.09130561430390302	13	2.3593466424682394	2.8852849999999997	2.723375	3.03594	2.89654	0.00164008	-0.009426334872841835	0.04321810230612755	551	104	104	72	2.424384694128788	0.7200000286102295	2.0	2.0	2.0	20.1597	112.0562	526.1505	267.0	629238.0	185.0	1974.0	734.589	0.2899	2086.5378	5618.9086	5460.0	149514.0	1855.0	9576.0	2252.1103	24.822419555392116
sub-12_task-smid_run-02_bold	0.0007121375464684015	0.012560133866171006	1	55.96927107929227	1.0254434209310979	1.00252727217877	0.5229	416.572	0.08878706639193908	12	2.2304832713754648	2.9062983333333334	2.758835	3.04698	2.91308	0.00214577	-0.008968993090093136	0.043656907975673676	538	104	104	72	2.422056255897145	0.7200000286102295	2.0	2.0	2.0	20.6227	113.8931	529.6154	268.0	628975.0	185.0	1996.0	743.4309	0.2909	2087.4735	5617.0206	5466.0	149777.0	1832.0	9578.0	2256.7526	23.977321533137
sub-12_task-smid_run-03_bold	0.007447940630797773	0.017407916011131726	0	56.20802794237926	1.0978973672490715	1.1135515056133818	0.5247	414.5851	0.10515748616282213	25	4.638218923933209	2.9345233333333334	2.769795	3.073935	2.95984	0.00206417	-0.009429938159883022	0.04297506436705589	539	104	104	72	2.446240348246481	0.7200000286102295	2.0	2.0	2.0	20.0529	116.3664	538.3871	270.0	629040.0	185.0	2038.0	755.8234	0.2652	2094.111	5648.6213	5496.0	149712.0	1904.0	9597.0	2246.7055	21.475543095963076
sub-13_task-mfv_run-02_bold	0.0023910761154855636	0.030333898162729658	2	61.16339456665787	0.9814676597894751	0.9810922931578949	0.5405	320.2441	0.16716644491105587	57	14.960629921259843	3.355871666666667	3.17627	3.55101	3.340335	0.0049362	-0.011038349941372871	0.10276447981595993	381	104	104	72	1.9521289109409736	0.7200000286102295	2.0	2.0	2.0	22.5312	154.2295	650.04	301.0	609325.0	188.0	2562.0	956.4283	0.838	2461.5204	5666.9565	5390.0	169427.0	1113.0	10518.0	2761.08	17.550380908418447
sub-13_task-mfv_run-03_bold	0.0058256544502617805	0.022142276361256544	0	60.14130308482938	1.049485423569554	1.0483972606299214	0.5421	312.8251	0.1566410773433431	33	8.638743455497382	3.3084066666666665	3.163885	3.522165	3.23917	0.00323911	-0.010835797525942326	0.10560403019189835	382	104	104	72	1.930010497842925	0.7200000286102295	2.0	2.0	2.0	24.1695	153.9811	653.6556	300.0	607493.0	188.0	2606.0	974.9409	0.8731	2442.7073	5588.8751	5312.0	171259.0	1028.0	10426.0	2752.3086	18.864611777826212
sub-13_task-rest_bold	0.008061544715447153	0.023142672729384434	1	57.17154400840697	1.0970948759186057	1.126509752988371	0.5369	328.228	0.10096886292784533	37	4.29732868757259	3.290566666666667	3.128305	3.4881	3.255295	0.0085209	-0.01068507693707943	0.10444270074367523	861	104	104	72	1.9397532851832329	0.7200000286102295	2.0	2.0	2.0	24.6358	150.7657	637.2885	299.0	609343.0	189.0	2507.0	943.2063	0.7918	2490.7493	5690.8981	5419.0	169409.0	1071.0	10583.0	2793.646	18.960540047846735
sub-13_task-smid_run-01_bold	0.0044934264432029795	0.02560025623836127	1	58.94987659304108	1.0542663804664179	1.055411397537315	0.5398	326.0402	0.13648285602656163	51	9.497206703910615	3.303765	3.128505	3.499885	3.282905	0.00397298	-0.008417531847953796	0.10384418070316315	537	104	104	72	1.9450301129167766	0.7200000286102295	2.0	2.0	2.0	22.5257	145.618	642.9451	294.0	609378.0	188.0	2562.0	958.0197	0.951	2412.0695	5602.5019	5317.0	169374.0	1117.0	10441.0	2733.6257	18.25087583635468
sub-13_task-smid_run-02_bold	0.004538444444444444	0.025130930481481486	1	58.37512012421152	1.051630779554731	1.0518855751948062	0.5399	322.2067	0.15371114121061874	72	13.333333333333334	3.3380950000000005	3.18076	3.543505	3.29002	0.00438103	-0.007677499204874039	0.10618869215250015	540	104	104	72	1.9399910621242271	0.7200000286102295	2.0	2.0	2.0	24.1324	147.9912	650.8854	296.0	610052.0	188.0	2614.0	983.2798	1.027	2398.334	5599.1908	5310.0	168700.0	1109.0	10422.0	2737.1179	18.175757320364937
sub-13_task-smid_run-03_bold	0.0037366300366300366	0.01880707119047619	1	56.54691607273401	1.058832200091744	1.0616049623853208	0.5389	326.8417	0.11754699180651725	52	9.523809523809524	3.2264199999999996	3.067235	3.43609	3.175935	0.00649122	-0.007297928910702467	0.10511992871761322	546	104	104	72	1.9470400421705372	0.7200000286102295	2.0	2.0	2.0	22.5565	145.1918	648.2184	294.0	610894.0	188.0	2616.0	980.2318	1.0565	2381.0347	5617.0653	5321.0	167858.0	1155.0	10451.0	2732.8581	20.295478280168027
sub-14_task-mfv_run-01_bold	0.0008578841309823677	0.009544129974811083	2	55.58530079217172	1.0529664550252529	1.011961667222223	0.565	263.079	0.12034539536847688	24	6.045340050377834	3.503436666666667	3.37209	3.64325	3.49497	0.00722119	-0.013621892780065536	0.12118542194366455	397	104	104	72	1.9278813937844836	0.7200000286102295	2.0	2.0	2.0	37.1389	240.7044	921.4338	372.0	590143.0	194.0	3811.0	1583.8186	0.9737	2793.2638	6538.1752	6036.0	188609.0	2095.0	12446.0	3130.8897	25.650872244033962
sub-14_task-mfv_run-02_bold	0.00037577235772357723	0.008487391409214092	2	54.216784218043465	1.0354963459510866	1.0023326326086959	0.5657	256.7966	0.11004732193585924	4	1.084010840108401	3.48427	3.353875	3.62495	3.473985	0.00319025	-0.013961869291961193	0.12050732225179672	369	104	104	72	1.9178460556028027	0.7200000286102295	2.0	2.0	2.0	37.2733	244.7057	924.8879	376.0	590173.0	194.0	3805.0	1577.7242	1.002	2794.0138	6537.5656	6023.0	188579.0	2100.0	12468.0	3140.494	26.40324694267474
sub-14_task-mfv_run-03_bold	0.0003792370572207085	0.010165040844686649	1	54.62521292480878	1.030574643469945	1.018294873387978	0.566	254.3404	0.10694359756542977	5	1.3623978201634876	3.495746666666667	3.363155	3.62671	3.497375	0.00361019	-0.013790564611554146	0.12052414566278458	367	104	104	72	1.9192616527526212	0.7200000286102295	2.0	2.0	2.0	37.4033	245.3	924.5972	376.0	590412.0	194.0	3804.0	1576.8023	0.991	2786.5288	6515.682	6000.0	188340.0	2105.0	12426.0	3126.1939	25.24023276567459
sub-14_task-rest_bold	0.002108018648018648	0.013388849778554777	4	54.70738028351217	1.0544902238856484	1.024773392987163	0.564	254.3302	0.10436944140251056	41	4.778554778554779	3.539225	3.406475	3.672205	3.538995	0.00990122	-0.015355031006038189	0.12263277173042297	858	104	104	72	1.9219518621834373	0.7200000286102295	2.0	2.0	2.0	39.0367	248.0179	910.4949	377.0	590426.0	194.0	3702.0	1568.0262	0.9641	2809.6242	6508.2443	6007.0	188326.0	2091.0	12404.0	3125.4602	23.18058711150661
sub-14_task-smid_run-01_bold	0.0004700185873605948	0.009068055353159852	1	53.93701806232775	1.0401809251955307	1.010148562662942	0.5669	251.0099	0.1050070427808638	9	1.6728624535315986	3.4784683333333333	3.347005	3.620755	3.467645	0.00323914	-0.013974900357425213	0.1227954626083374	538	104	104	72	1.919681799102113	0.7200000286102295	2.0	2.0	2.0	36.638	245.762	927.4857	377.0	590407.0	194.0	3814.0	1576.5346	0.9681	2776.2805	6475.8244	5973.0	188345.0	2054.0	12358.0	3111.4449	25.622775780502707
sub-14_task-smid_run-02_bold	0.00044027777777777777	0.009717032648148148	2	53.94293764246751	1.0251826910018558	0.9982847566790364	0.5675	249.5719	0.1133254317894833	23	4.2592592592592595	3.476505	3.342945	3.626695	3.459875	0.00572056	-0.013845555484294891	0.12206942588090897	540	104	104	72	1.9252675453176658	0.7200000286102295	2.0	2.0	2.0	36.5607	246.6776	930.7071	378.0	590647.0	194.0	3821.0	1578.8847	0.9724	2776.2356	6470.3039	5972.0	188105.0	2072.0	12344.0	3101.8983	25.386457732180133
sub-14_task-smid_run-03_bold	0.0014418352059925095	0.013143380093632959	4	54.478476311407064	1.0303520334333953	1.0103267032082557	0.5685	244.867	0.11353382897417628	24	4.49438202247191	3.5054416666666666	3.35476	3.650595	3.51097	0.00501655	-0.015157526358962059	0.12211896479129791	534	104	104	72	1.9258213589550053	0.7200000286102295	2.0	2.0	2.0	36.6287	251.7231	938.6305	382.0	590508.0	194.0	3839.0	1589.3249	0.9792	2771.7357	6474.4716	5974.0	188244.0	2078.0	12330.0	3102.0448	23.507154055405408
sub-15_task-mfv_run-01_bold	0.0005025994694960212	0.012425338116710876	2	58.609320752234005	1.0185416664893616	0.9988330880851058	0.5622	208.9562	0.14143973815101932	66	17.50663129973475	3.2136783333333336	2.940475	3.40187	3.29869	0.0038285	-0.004221640527248383	0.0701519027352333	377	104	104	72	1.7982618476974248	0.7200000286102295	2.0	2.0	2.0	15.8079	260.5959	883.5541	400.0	610141.0	206.0	3558.0	1221.2969	1.1944	2782.0698	6284.2835	5786.0	168611.0	1427.0	12284.0	3217.5419	22.59439243900124
sub-15_task-mfv_run-02_bold	0.0003828133704735376	0.01302914913649025	5	57.87631969343571	1.003834924441341	0.9885197709497212	0.562	209.4863	0.12223921191443846	21	5.8495821727019495	3.2080816666666667	2.94841	3.39014	3.285695	0.00331261	-0.003956961911171675	0.07026690244674683	359	104	104	72	1.804694986793034	0.7200000286102295	2.0	2.0	2.0	16.4789	260.5044	881.601	400.0	610827.0	206.0	3536.0	1216.9517	1.1825	2785.6322	6274.7455	5787.0	167925.0	1442.0	12244.0	3206.6265	22.88453733944334
sub-15_task-mfv_run-03_bold	0.0009743333333333333	0.018450657692307693	1	58.49720186560415	0.9830262514652962	0.977026995784061	0.564	206.0448	0.1400674564897314	57	14.615384615384615	3.2257599999999997	2.945895	3.40297	3.328415	0.00365212	-0.002219464397057891	0.07008593529462814	390	104	104	72	1.8318616947626223	0.7200000286102295	2.0	2.0	2.0	15.7459	264.5837	887.5978	403.0	611784.0	206.0	3563.0	1219.8478	1.1196	2759.9572	6278.7413	5790.0	166968.0	1561.0	12165.0	3160.7095	20.71926068456378
sub-15_task-rest_bold	0.00033473193473193476	0.019665324871794874	4	59.05285384569432	1.0069616217269535	0.9875033257642936	0.5614	207.0086	0.1544809150031836	215	25.058275058275058	3.2856050000000003	3.011365	3.458575	3.386875	0.00492736	-0.004709417466074228	0.07481225579977036	858	104	104	72	1.8069555975685452	0.7200000286102295	2.0	2.0	2.0	17.6721	261.0209	871.1105	400.0	611115.0	206.0	3479.0	1199.5555	1.1837	2757.7444	6252.156	5761.0	167637.0	1438.0	12197.0	3188.226	20.420859631849453
sub-15_task-smid_run-01_bold	0.0004480855018587361	0.013459578494423793	2	58.04110864100561	1.0258805873743015	1.0049351380446918	0.5639	205.0273	0.13079975432694677	59	10.966542750929367	3.179768333333333	2.912965	3.375585	3.250755	0.00401721	-0.0029252481181174517	0.07065515220165253	538	104	104	72	1.8115648850476944	0.7200000286102295	2.0	2.0	2.0	15.1633	264.1278	891.7754	403.0	611792.0	205.0	3588.0	1224.7023	1.1641	2768.0254	6268.6369	5769.0	166960.0	1514.0	12208.0	3184.53	22.732310793362558
sub-15_task-smid_run-02_bold	0.0005560934579439252	0.01793429401869159	5	58.36437773239707	1.0065429400561798	0.9906627546441945	0.5646	204.4192	0.1528814863141341	134	25.046728971962615	3.200911666666667	2.929085	3.38978	3.28387	0.00391161	-0.0035876580514013767	0.07047729194164276	535	104	104	72	1.8293752849251443	0.7200000286102295	2.0	2.0	2.0	15.2198	265.6324	886.9224	404.0	611914.0	206.0	3550.0	1208.1709	1.0822	2758.0408	6262.425	5775.0	166838.0	1544.0	12147.0	3156.8059	20.98389113554731
sub-15_task-smid_run-03_bold	0.0017275977653631283	0.02267013782122905	2	58.9768918947947	1.0194817956343285	1.0076469209888055	0.5658	203.6474	0.16583490664722142	148	27.560521415270017	3.26624	2.978675	3.44544	3.374605	0.00392261	-0.003200710751116276	0.07093805074691772	537	104	104	72	1.8389150031004675	0.7200000286102295	2.0	2.0	2.0	15.0355	267.081	890.558	405.0	611459.0	206.0	3572.0	1214.4044	1.019	2753.7197	6253.1667	5775.0	167293.0	1540.0	12093.0	3140.4294	19.250001989887096
sub-16_task-mfv_run-01_bold	0.0035935917312661498	0.04993821033591731	3	59.44451467487047	1.002717483212435	0.9962697543523319	0.5848	238.1417	0.22287645607713927	117	30.232558139534884	3.8572900000000003	3.74082	4.054265	3.776785	0.00295069	0.02090856246650219	0.08770684897899628	387	104	104	72	2.0473894774678554	0.7200000286102295	2.0	2.0	2.0	26.362	281.2922	857.1064	398.0	567111.0	181.0	3364.0	1290.836	0.2511	2856.8985	6569.4394	6148.0	211641.0	2212.0	12109.0	3002.8412	15.253969742916524
sub-16_task-mfv_run-02_bold	0.004255372340425532	0.047369676595744675	2	60.121480010960056	1.0130370674933333	1.00692292792	0.5846	236.9044	0.22619401724571137	126	33.51063829787234	3.7818583333333335	3.64785	3.93174	3.765985	0.00592136	0.01885996200144291	0.08751257508993149	376	104	104	72	2.038960198915905	0.7200000286102295	2.0	2.0	2.0	24.7874	279.0723	851.1767	398.0	567167.0	181.0	3335.0	1266.9815	0.2536	2859.1709	6541.9634	6131.0	211585.0	2144.0	12097.0	3006.9177	15.113163192174397
sub-16_task-mfv_run-03_bold	0.0070778236914600555	0.03160688060606061	1	56.319644200607776	1.0777032637016575	1.0781659698066288	0.5838	232.0468	0.1718418702544834	81	22.31404958677686	3.6256366666666664	3.458855	3.77027	3.647785	0.00285331	0.014974711462855339	0.08610435575246811	363	104	104	72	2.0184260103035148	0.7200000286102295	2.0	2.0	2.0	24.5033	283.8754	850.0588	403.0	566870.0	182.0	3330.0	1260.0643	0.3351	2880.6491	6561.3692	6143.0	211882.0	2112.0	12177.0	3043.4534	17.25949275516905
sub-16_task-rest_bold	0.010638109684947493	0.040351700700116684	5	55.364329739182324	1.0864758470560758	1.1614558067757002	0.5834	249.4071	0.12118181566798243	77	8.98483080513419	3.655146666666667	3.54586	3.82703	3.59255	0.00226412	0.02255469746887684	0.09303876757621765	857	104	104	72	2.071904193478585	0.7200000286102295	2.0	2.0	2.0	23.6655	265.6375	831.7902	386.0	568186.0	180.0	3279.0	1245.0193	0.2482	2817.2142	6505.9549	6096.0	210566.0	2234.0	11902.0	2942.214	16.52408729167655
sub-16_task-smid_run-01_bold	0.0011020758122743683	0.02298852514440433	2	54.77851487591322	1.0039786897106693	0.9866372754249558	0.5811	240.9491	0.12177298127721199	40	7.2202166064981945	3.4717299999999995	3.3746	3.648675	3.391915	0.0011646	0.02169920690357685	0.08736609667539597	554	104	104	72	1.981160726642238	0.7200000286102295	2.0	2.0	2.0	23.9874	267.6151	845.2182	391.0	567319.0	181.0	3371.0	1282.2978	0.4054	2863.8815	6513.0309	6068.0	211433.0	2068.0	12192.0	3062.8437	20.39424236607738
sub-16_task-smid_run-02_bold	0.0013226763110307414	0.017450035406871612	1	56.13978235951085	1.0278321332246383	1.0018702809963773	0.5811	243.1221	0.12530751743554808	51	9.22242314647378	3.4122966666666668	3.255885	3.600945	3.38006	0.00205229	0.020719047635793686	0.0895489826798439	553	104	104	72	1.9912175392749298	0.7200000286102295	2.0	2.0	2.0	23.7047	265.7906	842.3231	389.0	567905.0	181.0	3354.0	1276.3566	0.4221	2841.9769	6503.5701	6061.0	210847.0	2100.0	12155.0	3043.8591	21.549979620613158
sub-16_task-smid_run-03_bold	0.002074680073126143	0.024886686672760512	5	55.950820545641	1.0182006263003653	1.0170761043589749	0.582	237.9539	0.1367367055233502	65	11.882998171846435	3.4949816666666664	3.371345	3.67238	3.44122	0.00305258	0.021355321630835533	0.08671408146619797	547	104	104	72	1.9953074831034896	0.7200000286102295	2.0	2.0	2.0	23.5284	269.7306	846.1402	392.0	568132.0	181.0	3358.0	1277.3797	0.3987	2846.5159	6487.0088	6051.0	210620.0	2091.5	12106.0	3032.6081	19.297780773136765
sub-17_task-mfv_run-01_bold	0.0020615343915343916	0.012783194259259258	0	50.75894520222808	1.0392854054641907	1.025297600901857	0.534	439.355	0.12520805110303396	47	12.433862433862434	2.990553333333333	2.81621	3.214405	2.941045	0.00992998	-0.014308876357972622	0.08081557601690292	378	104	104	72	2.229193673731696	0.7200000286102295	2.0	2.0	2.0	46.177	157.6225	553.6452	293.0	594612.0	178.0	1932.0	763.3759	0.5059	2553.3194	6407.3448	6137.0	184140.0	1957.0	11322.0	2753.0059	24.06409727386199
sub-17_task-mfv_run-02_bold	0.0019756282722513093	0.022997899816753927	3	50.557322354698144	0.9489845286876644	0.9543635849081364	0.5349	433.8452	0.1263112617480405	47	12.303664921465968	3.082783333333333	2.90572	3.279025	3.063605	0.00382489	-0.014153149910271168	0.08136404305696487	382	104	104	72	2.2676239707306545	0.7200000286102295	2.0	2.0	2.0	47.783	159.6281	551.9861	294.0	595488.0	178.0	1901.0	755.5792	0.4861	2524.7007	6381.0536	6120.0	183264.0	2079.0	11193.0	2698.8528	21.17382847738918
sub-17_task-mfv_run-03_bold	0.0011450132625994696	0.014327368461538464	0	51.081326819468096	1.0192216392021278	1.005169045026596	0.534	434.9878	0.13881736407250966	57	15.119363395225465	3.0081616666666666	2.859935	3.211005	2.953545	0.00780754	-0.013056430034339428	0.08038275688886642	377	104	104	72	2.2564196245067465	0.7200000286102295	2.0	2.0	2.0	46.1377	156.9513	545.3945	292.0	595356.0	178.0	1882.0	747.6422	0.4586	2519.7712	6336.2414	6081.0	183396.0	2004.0	11147.0	2694.9701	23.21766263397876
sub-17_task-rest_bold	0.0014354756380510441	0.032208485255220416	0	50.267205401428576	0.9638817931707327	0.9672175136701513	0.5343	437.826	0.12055288699091941	91	10.556844547563806	3.1769816666666664	2.944745	3.38237	3.20383	0.00911947	-0.01220395416021347	0.07527869194746017	862	104	104	72	2.2902240472418796	0.7200000286102295	2.0	2.0	2.0	29.8727	159.5965	541.948	294.0	595293.0	178.0	1861.0	714.6323	0.4214	2527.3727	6403.3286	6156.0	183459.0	2079.0	11178.0	2687.9393	18.526740956003778
sub-18_task-mfv_run-01_bold	0.0007684236453201971	0.007997677389162561	1	52.291568209802456	1.060198956617284	1.008528008320987	0.5113	498.2082	0.08812955104411473	8	1.9704433497536946	3.0969583333333333	2.98701	3.338835	2.96503	0.00495782	-0.011523791588842869	0.06902199238538742	406	104	104	72	2.2917808077729016	0.7200000286102295	2.0	2.0	2.0	31.5892	119.879	531.0123	274.0	621877.0	187.0	1910.0	748.9277	0.1464	2457.972	6340.7911	6124.0	156875.0	1783.0	11092.0	2672.1493	27.471362519543618
sub-18_task-mfv_run-02_bold	0.0023184143222506398	0.008981506572890026	0	52.89781768043592	1.089507021435898	1.0404522895641033	0.5101	494.2692	0.08403411431305804	14	3.580562659846547	3.054501666666667	2.942955	3.27266	2.94789	0.0125132	-0.007889782078564167	0.06822454929351807	391	104	104	72	2.265189239565742	0.7200000286102295	2.0	2.0	2.0	31.5898	115.6847	516.7171	270.0	621421.0	185.0	1843.0	727.3972	0.1881	2395.1685	6223.3458	6000.0	157331.0	1713.0	10963.0	2648.7769	26.704815810080618
sub-18_task-mfv_run-03_bold	0.0022182758620689653	0.008826139124668436	1	53.19259809933507	1.0784122394680855	1.0310375949468098	0.5094	497.4283	0.09464690187155639	9	2.387267904509284	3.0487749999999996	2.94042	3.26769	2.938215	0.00432459	-0.007928646169602871	0.06874793022871017	377	104	104	72	2.2547282600341103	0.7200000286102295	2.0	2.0	2.0	31.3553	114.1682	513.227	269.0	621185.0	186.0	1824.0	722.0104	0.2328	2381.3422	6218.3938	5990.0	157567.0	1662.0	10988.0	2656.631	26.894519191002473
sub-18_task-rest_bold	0.0049033681765389085	0.05445383948896631	1	53.32007037773251	0.9823868418604653	0.9756089244302332	0.5144	465.3025	0.1068663584116939	62	7.200929152148665	3.563375	3.274225	3.810875	3.605025	0.00312068	-0.012394233606755733	0.07051447033882141	861	104	104	72	2.3726918927490854	0.7200000286102295	2.0	2.0	2.0	39.2776	134.7773	532.9555	284.0	623396.0	187.0	1838.0	727.9579	0.0459	2409.2586	6320.9359	6115.0	155356.0	1991.0	10888.0	2577.2332	15.351769493892789
sub-18_task-smid_run-01_bold	0.0008192363636363635	0.010141133418181819	2	52.59796814475404	1.0654741826229512	1.0202611694353374	0.5069	508.8124	0.0952589831982391	10	1.8181818181818181	3.076015	2.970065	3.294125	2.963855	0.00618292	-0.003865297418087721	0.07028653472661972	550	104	104	72	2.2698637324252666	0.7200000286102295	2.0	2.0	2.0	33.8639	108.1275	506.2155	264.0	623289.0	185.0	1789.0	726.4525	0.3473	2343.4439	6209.0928	5950.0	155463.0	1849.0	10946.0	2621.2943	26.025834877742454
sub-18_task-smid_run-02_bold	0.0029329642857142857	0.012390939660714285	0	53.56773811869412	1.0755483285152057	1.0340374783899817	0.5065	496.0915	0.11088787023692157	36	6.428571428571429	3.0998683333333332	2.984805	3.31691	2.99789	0.0124099	-0.0034804465249180794	0.07222533971071243	560	104	104	72	2.2469755185946907	0.7200000286102295	2.0	2.0	2.0	34.6368	112.5983	508.7858	267.0	623709.0	185.0	1786.0	731.4866	0.3883	2347.3249	6205.5226	5943.0	155043.0	1801.0	10997.0	2644.8801	24.75695375353098
sub-18_task-smid_run-03_bold	0.0024813138686131386	0.055092679744525544	0	54.29533545923217	0.8896512317550288	0.8897041089945168	0.5178	441.1418	0.12823505772903926	55	10.036496350364963	3.578613333333333	3.302615	3.81315	3.620075	0.00422036	-0.010650734417140484	0.06983982771635056	548	104	104	72	2.3449759459151935	0.7200000286102295	2.0	2.0	2.0	31.0452	138.1904	545.963	287.0	622794.0	188.0	1918.0	747.8195	0.1118	2385.9573	6260.7384	6037.0	155958.0	1971.0	10870.0	2574.4318	15.497622140217572
sub-19_task-mfv_run-01_bold	0.01607309644670051	0.024590371091370557	1	54.268729144529246	1.0868423440458013	1.1325688126208646	0.5541	369.4057	0.16692674866970134	80	20.304568527918782	3.3765083333333332	3.2293	3.635315	3.26491	0.00140049	-0.015828145667910576	0.1200433075428009	394	104	104	72	2.175246724538123	0.7200000286102295	2.0	2.0	2.0	23.0363	190.7778	684.0919	317.0	592029.0	180.0	2684.0	989.2665	0.3962	2701.7602	6359.6488	6089.0	186723.0	1905.0	11223.0	2799.2152	19.307577574509196
sub-19_task-mfv_run-02_bold	0.012302780612244896	0.08652210204081634	0	57.350700563887536	0.8384418126086954	0.9075788052685417	0.5612	334.741	0.23178759827387901	108	27.551020408163264	4.114858333333333	3.73718	4.3105	4.296895	0.00259715	-0.015101785771548748	0.12223407626152039	392	104	104	72	2.2875743516810765	0.7200000286102295	2.0	2.0	2.0	22.0812	210.7829	702.2814	331.0	594985.0	180.0	2686.0	977.6299	0.3127	2606.6572	6321.6736	6055.0	183767.0	2253.0	10930.0	2646.9013	11.955102133215405
sub-19_task-mfv_run-03_bold	0.0014398232323232325	0.05299195126262626	2	54.36872715994938	0.8794194161012667	0.8991135022784811	0.5558	368.2554	0.14835012504786932	80	20.2020202020202	3.6486599999999996	3.360295	3.818205	3.76748	0.00452011	-0.011853830888867378	0.11929314583539963	396	104	104	72	2.2418341900401484	0.7200000286102295	2.0	2.0	2.0	21.1508	188.1707	674.5573	314.0	593404.0	179.0	2613.0	965.5239	0.3724	2608.1145	6294.8634	6021.0	185348.0	2128.0	10980.0	2685.74	15.832524814875796
sub-19_task-rest_bold	0.00021597417840375584	0.009619481866197184	10	52.153849668061156	1.0203463558401882	0.9959985990246767	0.5507	386.3469	0.11954537469106756	81	9.507042253521126	3.1859033333333335	3.04785	3.46102	3.04884	0.00582161	-0.014311677776277065	0.11851035803556442	852	104	104	72	2.1529216999420475	0.7200000286102295	2.0	2.0	2.0	24.8579	178.6449	671.3943	309.0	592318.0	178.0	2652.0	989.7374	0.4845	2701.8181	6335.3426	6067.0	186434.0	1812.0	11220.0	2818.0234	25.19649819773622
sub-19_task-smid_run-01_bold	0.011202365988909427	0.11198462421441774	1	60.8432867544445	0.7990715252592597	0.8687817668703701	0.5646	355.9448	0.2519779403151936	131	24.21441774491682	4.258296666666666	3.764205	4.54655	4.464135	0.00990488	-0.013103283941745758	0.11822078377008438	541	104	104	72	2.391192581510465	0.7200000286102295	2.0	2.0	2.0	16.0654	196.7353	689.2932	319.0	594018.0	179.0	2628.0	937.238	0.0838	2555.8144	6270.7548	6023.0	184734.0	2476.0	10641.0	2518.82	10.506044216715964
sub-19_task-smid_run-02_bold	0.006595474860335197	0.09881091340782124	3	60.59953463985074	0.8627123697947765	0.9322697239365673	0.5618	358.7472	0.24230680244599448	153	28.491620111731844	4.136006666666667	3.696335	4.37055	4.341135	0.00352748	-0.009652310982346535	0.12261185050010681	537	104	104	72	2.3618587013109154	0.7200000286102295	2.0	2.0	2.0	18.0313	190.709	682.7653	315.0	594857.0	178.0	2639.0	955.0907	0.1927	2509.1566	6242.6276	5968.0	183895.0	2458.0	10671.0	2526.8166	11.85748897609301
sub-19_task-smid_run-03_bold	0.00882977981651376	0.07222362788990824	1	60.51043579156254	0.9387001302941178	0.9948033786948526	0.5581	381.1326	0.25085016164319013	153	28.073394495412845	3.935661666666667	3.60055	4.169145	4.03729	0.00571678	-0.00535525381565094	0.12130150198936462	545	104	104	72	2.3303530905650782	0.7200000286102295	2.0	2.0	2.0	19.0595	176.3154	663.1344	304.0	594171.0	178.0	2562.0	940.1485	0.1778	2515.7472	6217.805	5943.0	184581.0	2359.0	10684.0	2550.2504	12.741490052081645
sub-21_task-mfv_run-02_bold	0.0009217692307692307	0.013268701051282052	2	61.06679572185089	1.0418481728277638	1.0167265445244213	0.5805	230.771	0.13050915852484166	45	11.538461538461538	2.8675433333333333	2.640325	3.20644	2.755865	0.00255755	-0.02885003387928009	0.10862577706575394	390	104	104	72	2.1704430680757567	0.7200000286102295	2.0	2.0	2.0	22.9768	242.6754	739.432	366.0	582871.0	187.0	2819.0	1016.7958	0.4648	2339.7447	5808.2582	5560.0	195881.0	1591.0	10397.0	2561.6824	22.381560418987647
sub-21_task-mfv_run-03_bold	0.0027435294117647054	0.01940204676470588	2	62.43638898206431	1.061964687908847	1.0393188320911537	0.5824	230.1481	0.15017846163860746	71	18.983957219251337	2.9048166666666666	2.668785	3.23982	2.805845	0.00285404	-0.02854655124247074	0.10779525339603424	374	104	104	72	2.2032665899722588	0.7200000286102295	2.0	2.0	2.0	22.3058	243.4956	741.4259	367.0	582589.0	187.0	2828.0	1015.2987	0.4187	2325.0497	5792.6189	5561.0	196163.0	1638.0	10300.0	2523.9732	20.26354347600136
sub-21_task-rest_bold	0.0003200232018561485	0.012975955707656611	0	61.586629794390284	1.0380666253542388	1.0000864029036005	0.5777	237.5031	0.09554975873612444	18	2.0881670533642693	2.8528000000000002	2.6358	3.193065	2.729535	0.00495793	-0.029455242678523064	0.11059235781431198	862	104	104	72	2.172295357141688	0.7200000286102295	2.0	2.0	2.0	34.2893	235.5738	728.5625	361.0	582850.0	188.0	2750.0	1027.2244	0.498	2326.1868	5821.5168	5570.0	195902.0	1612.0	10439.0	2564.1015	22.79168362542987
sub-21_task-smid_run-01_bold	0.0024038025594149905	0.01929985029250457	1	63.406442104047656	1.0651952219597074	1.0333583346337	0.5827	227.5733	0.12982852411334314	41	7.495429616087751	2.890995	2.657785	3.219745	2.795455	0.00356604	-0.028119206428527832	0.10935939848423004	547	104	104	72	2.210316104895424	0.7200000286102295	2.0	2.0	2.0	26.1836	243.4097	739.3276	367.0	582871.0	187.0	2807.0	1018.2897	0.3801	2312.318	5750.0132	5530.0	195881.0	1616.0	10202.0	2501.8982	20.18604312837124
sub-21_task-smid_run-02_bold	0.0016302018348623851	0.022234793559633027	1	63.453444908529356	1.0413321515625005	1.0108989443382352	0.583	225.1381	0.14286918303362495	63	11.559633027522937	2.9103133333333333	2.666555	3.23614	2.828245	0.00262683	-0.028205635026097298	0.10957208275794983	545	104	104	72	2.222896541499404	0.7200000286102295	2.0	2.0	2.0	25.6407	245.3503	737.7042	368.0	583616.0	187.0	2794.0	1011.3449	0.3786	2299.6235	5742.807	5515.0	195136.0	1674.0	10169.0	2480.9908	19.668921173200943
sub-21_task-smid_run-03_bold	0.0016494311926605505	0.029781829541284402	2	63.345532620625015	0.988243857996324	0.9762676118749982	0.5839	220.7741	0.14013630157153134	67	12.293577981651376	2.971856666666666	2.70418	3.30967	2.90172	0.00205785	-0.02774878218770027	0.10954005271196365	545	104	104	72	2.2396550474115005	0.7200000286102295	2.0	2.0	2.0	25.1326	247.6871	735.9285	370.0	583818.0	187.0	2767.0	999.0217	0.3392	2286.4732	5734.6191	5505.0	194934.0	1710.0	10120.0	2457.9615	18.154968916496728
sub-22_task-mfv_run-01_bold	0.0008183715012722647	0.007306408320610687	1	51.11513498874994	1.0411846576275514	1.011296931505102	0.5169	414.7091	0.07602267603257819	8	2.035623409669211	3.2877383333333334	3.207665	3.36844	3.28711	0.00869102	0.0040491544641554356	0.04762568697333336	393	104	104	72	2.1258613052639626	0.7200000286102295	2.0	2.0	2.0	59.9963	150.3766	627.8882	297.0	622201.0	187.0	2328.0	1056.775	0.6027	2564.9395	6426.0714	6058.0	156551.0	2019.0	11653.0	2849.6594	27.655075085815042
sub-22_task-mfv_run-02_bold	0.001918633879781421	0.008357894863387979	1	51.896138752931506	1.0650239595068494	1.0394991593424658	0.5169	405.6093	0.08727216573681368	16	4.371584699453552	3.302136666666667	3.228535	3.382095	3.29578	0.0057409	0.005074157379567623	0.04718971997499466	366	104	104	72	2.112705494245614	0.7200000286102295	2.0	2.0	2.0	60.6457	152.6432	623.8649	299.0	621954.0	187.0	2304.0	1046.705	0.5966	2550.0961	6379.1381	6013.0	156798.0	1954.0	11594.0	2846.1046	26.620609955280088
sub-22_task-mfv_run-03_bold	0.0003019685039370079	0.006986090157480316	4	50.966041253789484	1.029516393263158	0.9985593136315786	0.5128	454.2514	0.06557771444944423	2	0.5249343832020997	3.2772900000000003	3.198705	3.35573	3.277435	0.00708548	0.004789247177541256	0.04638395830988884	381	104	104	72	2.113949496117743	0.7200000286102295	2.0	2.0	2.0	60.8486	151.3538	622.1906	288.0	622197.0	177.0	2340.0	1071.817	0.5749	2618.5398	6510.3995	6143.0	156555.0	1979.0	11831.0	2905.9258	27.910685078357346
sub-22_task-rest_bold	0.00024467441860465117	0.007423164825581396	2	50.41252804589057	1.0276165278928975	0.9999257598370204	0.5158	412.0215	0.058776079974849724	8	0.9302325581395349	3.2916450000000004	3.20513	3.377865	3.29194	0.0110689	0.0023557653184980154	0.048565782606601715	860	104	104	72	2.1243373520895235	0.7200000286102295	2.0	2.0	2.0	63.3348	149.8411	620.5415	297.0	622423.0	188.0	2278.0	1048.4787	0.6102	2555.1853	6405.0751	6038.0	156329.0	2002.0	11610.0	2842.289	27.595919928280637
sub-22_task-smid_run-01_bold	0.0002895940959409594	0.00934611167896679	1	50.72039754731978	1.0176979684658047	0.993613582014787	0.5179	400.4538	0.06729727009634821	4	0.7380073800738007	3.3122116666666668	3.227345	3.391925	3.317365	0.012704	0.004955346696078777	0.046952761709690094	542	104	104	72	2.1027798702034435	0.7200000286102295	2.0	2.0	2.0	57.2894	153.9499	628.4579	300.0	621861.0	188.0	2343.0	1041.9167	0.6197	2564.1113	6383.8457	6013.0	156891.0	1957.0	11641.0	2859.5389	25.906537560513243
sub-22_task-smid_run-02_bold	0.0026067962962962963	0.014244083611111113	0	50.41549442716144	1.0404222248237474	1.0291656104823736	0.5197	383.4612	0.06690501897113059	10	1.8518518518518519	3.351966666666667	3.255275	3.42675	3.373875	0.0157496	0.005224302411079407	0.04715375602245331	540	104	104	72	2.115050302210646	0.7200000286102295	2.0	2.0	2.0	57.8107	161.826	637.8374	306.0	622216.0	188.0	2361.0	1062.8483	0.6113	2547.1837	6364.9315	5996.0	156536.0	1984.0	11574.0	2834.9117	23.22284573223442
sub-22_task-smid_run-03_bold	0.0006123861566484517	0.01041785568306011	0	50.51997044841238	1.026089961678832	1.0020805266970796	0.5186	396.4659	0.06518672861065819	14	2.5500910746812386	3.2980483333333335	3.21356	3.37737	3.303215	0.0162555	0.006287924479693174	0.04653860256075859	549	104	104	72	2.116131340493853	0.7200000286102295	2.0	2.0	2.0	55.7602	153.8503	631.3016	300.0	622253.0	187.0	2352.0	1055.8709	0.6286	2529.5243	6351.4359	5983.0	156499.0	1977.0	11562.0	2827.3202	25.401571452617645
sub-23_task-mfv_run-01_bold	0.00026083333333333335	0.011965141495098041	2	55.07329623056517	1.0172400165356257	0.9936767823587219	0.5273	393.1464	0.12921237611427808	61	14.950980392156863	2.794063333333334	2.674835	3.03935	2.668005	0.00651702	0.0026070191524922848	0.06613917648792267	408	104	104	72	2.3019207249699956	0.7200000286102295	2.0	2.0	2.0	47.548	135.8652	530.2026	286.0	611323.0	186.0	1831.0	763.8832	0.2129	2298.9564	5853.6864	5667.0	167429.0	1674.0	10142.0	2461.8498	24.604827536386438
sub-23_task-mfv_run-02_bold	0.000497313829787234	0.011409431037234043	0	55.68294785520003	1.0300897514666671	1.0039499342399998	0.5278	390.7131	0.12728682150611328	66	17.5531914893617	2.78149	2.66023	3.02875	2.65549	0.00848255	0.003142018336802721	0.06555157899856567	376	104	104	72	2.2973728942399436	0.7200000286102295	2.0	2.0	2.0	45.1464	135.5832	530.6656	286.0	611297.0	186.0	1833.0	760.7729	0.216	2293.4597	5831.0139	5645.0	167455.0	1655.0	10104.0	2457.1471	25.15282409149222
sub-23_task-mfv_run-03_bold	0.0005206849315068493	0.011166666164383564	0	55.36815533258237	1.031521428516484	1.0062683986813197	0.528	386.0781	0.13158651236241972	70	19.17808219178082	2.772045	2.65307	3.01797	2.645095	0.00733242	0.0032925584819167852	0.06476256251335144	365	104	104	72	2.300724018606358	0.7200000286102295	2.0	2.0	2.0	41.6123	136.9396	529.5947	287.0	611627.0	186.0	1829.0	752.5237	0.2162	2286.9125	5814.7594	5631.0	167125.0	1659.0	10068.0	2447.4831	25.414830954745412
sub-23_task-rest_bold	0.00014836448598130842	0.013192812278037383	6	56.26360537424564	1.0207528056140356	0.9875964108888882	0.5269	387.0593	0.12304528848293861	108	12.616822429906541	2.8151283333333335	2.69292	3.05979	2.692675	0.00887285	0.0004196625668555498	0.071219801902771	856	104	104	72	2.299490897938864	0.7200000286102295	2.0	2.0	2.0	70.2905	136.5847	535.3917	289.0	611486.0	186.0	1833.0	795.6866	0.2151	2313.6789	5874.8859	5684.0	167266.0	1675.0	10176.0	2471.8441	23.743460290133953
sub-23_task-smid_run-01_bold	0.001955417439703154	0.0169742846567718	1	57.71575169048321	1.049477390650558	1.0279541050743488	0.5282	376.5289	0.15235199158703364	137	25.41743970315399	2.8361416666666663	2.70269	3.08045	2.725285	0.00760618	0.0025319671258330345	0.06546703726053238	539	104	104	72	2.2938024525467435	0.7200000286102295	2.0	2.0	2.0	46.8799	138.8282	530.274	289.0	612127.0	187.0	1824.0	750.1709	0.187	2294.3997	5798.5477	5610.0	166625.0	1657.0	10061.0	2445.7133	22.111409275676124
sub-23_task-smid_run-02_bold	0.011323678373382625	0.03573606545286506	1	59.91043862224075	1.1206071211111115	1.1346442366481484	0.5301	375.079	0.18196707416880673	171	31.608133086876155	2.9604200000000005	2.770525	3.199615	2.91112	0.0088184	0.0024607216473668814	0.0658547431230545	541	104	104	72	2.3387492180251366	0.7200000286102295	2.0	2.0	2.0	47.4354	139.2139	531.5872	289.0	612426.0	187.0	1811.0	747.4694	0.1543	2263.4703	5781.7701	5599.0	166326.0	1763.0	9955.0	2394.0075	16.947889296337962
sub-23_task-smid_run-03_bold	0.008230111940298506	0.03478771007462686	3	59.70903726732709	1.0489738338130834	1.059242361457945	0.5327	347.4725	0.1979488438736675	213	39.73880597014925	2.952068333333333	2.75495	3.20949	2.891765	0.00279849	0.0007827264489606023	0.06875792145729065	536	104	104	72	2.3221424450660226	0.7200000286102295	2.0	2.0	2.0	48.0941	150.3182	537.2752	297.0	611541.0	187.0	1822.0	750.6455	0.1349	2255.7373	5727.9144	5544.0	167211.0	1718.0	9898.0	2387.4433	17.391144478926435
sub-24_task-mfv_run-01_bold	0.0002675906735751296	0.009713697668393782	2	55.89852622896104	1.0152073480259738	0.9967552352207789	0.5422	280.5997	0.13889640074512516	87	22.53886010362694	2.9698766666666665	2.813385	3.259705	2.83654	0.0024711	-0.031812913715839386	0.09775508940219879	386	104	104	72	2.07051998706161	0.7200000286102295	2.0	2.0	2.0	36.2203	229.4	714.1665	353.0	618343.0	185.0	2544.0	1023.5633	0.3634	2663.9213	6180.1681	5918.0	160409.0	1489.0	11258.0	2858.2103	24.126693051774055
sub-24_task-mfv_run-02_bold	0.0002965974025974026	0.010323181844155845	1	56.542159458255206	1.0189524571875002	1.0291272562500005	0.5427	278.6551	0.1477393064893691	116	30.12987012987013	2.986413333333333	2.824245	3.276755	2.85824	0.0027083	-0.030221322551369667	0.09815667569637299	385	104	104	72	2.068258270846307	0.7200000286102295	2.0	2.0	2.0	36.3216	227.8278	711.8391	352.0	618284.0	185.0	2547.0	1022.394	0.3522	2636.8984	6125.7282	5870.0	160468.0	1451.0	11161.0	2838.128	23.81187156122178
sub-24_task-mfv_run-03_bold	0.00025334203655352484	0.008658284804177546	3	56.31874463945029	1.0186749922251306	1.0022594676701577	0.5427	277.8509	0.13934036993918242	88	22.97650130548303	2.9919066666666665	2.842405	3.284195	2.84912	0.00200336	-0.030928973108530045	0.09831371903419495	383	104	104	72	2.0701697678534625	0.7200000286102295	2.0	2.0	2.0	36.505	227.8988	710.1784	352.0	618356.0	184.0	2536.0	1016.8194	0.3473	2641.3818	6114.5542	5866.0	160396.0	1438.0	11147.0	2833.5752	24.919669288094155
sub-24_task-rest_bold	0.0001601860465116279	0.011872417360465116	2	56.71966822314319	1.0064072249476141	0.9860947862980196	0.5418	277.2343	0.1417918036041375	207	24.069767441860463	3.006465	2.854025	3.292345	2.873025	0.00419073	-0.031084904447197914	0.10091838985681534	860	104	104	72	2.0488332245291256	0.7200000286102295	2.0	2.0	2.0	38.4262	227.3329	708.9904	353.0	617449.0	187.0	2508.0	1022.5341	0.3465	2668.5255	6123.8353	5871.0	161303.0	1402.0	11210.0	2865.5245	22.88194666756317
sub-24_task-smid_run-01_bold	0.0002078996282527881	0.009791061821561338	1	56.582930218845426	1.0179544332029786	0.9971599878770938	0.5431	273.7934	0.14484229193491013	128	23.79182156133829	2.9779766666666667	2.824365	3.267825	2.84174	0.00251734	-0.030904605984687805	0.0984451174736023	538	104	104	72	2.065504664214985	0.7200000286102295	2.0	2.0	2.0	34.1689	228.402	709.2337	353.0	618370.0	185.0	2534.0	1011.8775	0.3586	2634.4173	6097.6256	5836.0	160382.0	1476.0	11117.0	2825.4508	24.27243921207264
sub-24_task-smid_run-02_bold	0.00018490706319702606	0.008823946003717472	1	56.741808509497176	1.0201064880633146	0.9987376587709511	0.5437	273.4033	0.14298388702150278	144	26.765799256505577	2.9690849999999998	2.816265	3.25296	2.83803	0.00261961	-0.030228683724999428	0.09903772175312042	538	104	104	72	2.0612247792849008	0.7200000286102295	2.0	2.0	2.0	33.0732	228.7782	713.1963	353.0	617999.0	185.0	2563.0	1022.5772	0.3351	2635.5404	6080.6967	5829.0	160753.0	1421.0	11095.0	2827.9215	24.851964427740313
sub-24_task-smid_run-03_bold	0.00020213644524236986	0.009302305368043088	1	56.05790932077337	1.016633251510791	1.0011939765467615	0.5439	272.4148	0.1413713347565945	127	22.800718132854577	2.967173333333333	2.80559	3.254565	2.841365	0.00371676	-0.029340367764234543	0.0998125970363617	557	104	104	72	2.0767345281920435	0.7200000286102295	2.0	2.0	2.0	31.5389	229.3136	714.8356	354.0	618886.0	185.0	2569.0	1023.3351	0.3461	2623.6311	6094.075	5838.0	159866.0	1485.0	11083.0	2811.1353	24.51107266091276
sub-25_task-mfv_run-01_bold	0.00029166233766233764	0.012320013402597401	2	50.395372162213505	1.0023377342708335	0.9798702618750003	0.5237	481.8158	0.11879137205280432	17	4.415584415584416	3.1172683333333335	2.97463	3.38131	2.995865	0.00192015	-0.003210038412362337	0.0717531368136406	385	104	104	72	2.1183875704778363	0.7200000286102295	2.0	2.0	2.0	31.5278	145.2026	588.9011	283.0	606629.0	178.0	2201.0	871.6759	0.1823	2824.4303	6426.0926	6212.0	172123.0	1613.0	11610.0	2932.4105	24.18919489905238
sub-25_task-mfv_run-02_bold	0.0009458885941644563	0.010650481114058355	2	50.38837109223407	1.036809103484042	1.012613400452127	0.5239	478.3995	0.11830816601056694	19	5.039787798408488	3.0814016666666664	2.9332	3.354815	2.95619	0.0012571	-0.0033709125127643347	0.07276660203933716	377	104	104	72	2.1212375709207474	0.7200000286102295	2.0	2.0	2.0	31.1423	146.874	591.0058	284.0	607076.0	177.0	2210.0	874.1064	0.2053	2817.569	6428.4399	6211.0	171676.0	1647.0	11609.0	2927.9992	25.01201029168442
sub-25_task-mfv_run-03_bold	0.0015132707774798925	0.010146166112600536	3	50.375987401612925	1.0318994258602152	1.0107973693548395	0.5238	473.3675	0.11584927098249317	25	6.702412868632708	3.0895966666666665	2.942745	3.359575	2.96647	0.00174622	-0.003368352772668004	0.07287483662366867	373	104	104	72	2.1207075570663556	0.7200000286102295	2.0	2.0	2.0	31.3339	147.9343	590.7392	285.0	607616.0	177.0	2217.0	873.5437	0.2139	2803.9106	6417.7753	6192.0	171136.0	1649.0	11590.0	2919.7717	25.35016135778278
sub-25_task-rest_bold	0.00015898837209302327	0.0068779306046511625	2	50.3732231636438	1.0380251959371363	0.9968269170197904	0.5224	484.3167	0.08165714077321849	0	0.0	3.0827666666666667	2.937035	3.361515	2.94975	0.0024898	-0.0052655963227152824	0.0748206302523613	860	104	104	72	2.091832569580369	0.7200000286102295	2.0	2.0	2.0	34.569	145.4838	588.9011	283.0	606382.0	178.0	2224.0	876.7969	0.1801	2855.953	6431.5665	6226.0	172370.0	1497.0	11672.0	2976.329	27.860909585142508
sub-25_task-smid_run-01_bold	0.0020388289962825277	0.03458917756505576	2	50.87783550612666	0.9622157257169457	0.9662900975419002	0.5281	455.0916	0.12298366181487878	49	9.107806691449815	3.2630883333333336	3.06752	3.527085	3.19466	0.00198972	-0.004412761423736811	0.07499964535236359	538	104	104	72	2.1387904281106622	0.7200000286102295	2.0	2.0	2.0	28.328	155.1662	602.1873	290.0	606642.0	178.0	2233.0	866.6847	0.1912	2798.8732	6411.1327	6192.0	172110.0	1726.0	11553.0	2895.0859	18.587962524965405
sub-25_task-smid_run-02_bold	0.0013590909090909094	0.016724436122448977	1	50.62198168104091	1.0093344397026025	0.987107051672863	0.5257	463.3983	0.11209010068687862	20	3.7105751391465676	3.179413333333333	3.009305	3.44455	3.084385	0.00148535	-0.004094235133379698	0.07367853820323944	539	104	104	72	2.1119145281639025	0.7200000286102295	2.0	2.0	2.0	30.7664	151.0054	600.6534	288.0	606963.0	178.0	2263.0	886.1586	0.1976	2821.0539	6407.4517	6191.0	171789.0	1602.0	11577.0	2931.4548	22.568473482271656
sub-25_task-smid_run-03_bold	0.0005476851851851852	0.013341397296296298	1	50.464153204786655	1.004525912263451	0.9831970721521324	0.5258	459.9015	0.11329260952008553	13	2.4074074074074074	3.121496666666667	2.965635	3.391545	3.00731	0.00203837	-0.0036475532688200474	0.07430888712406158	540	104	104	72	2.121109693667074	0.7200000286102295	2.0	2.0	2.0	30.4551	151.7608	600.0508	288.0	607559.0	178.0	2256.0	882.3308	0.2149	2797.4119	6408.5638	6183.0	171193.0	1653.0	11568.0	2914.9751	23.827295896131545
sub-26_task-mfv_run-01_bold	0.0004786578947368421	0.011594129210526317	0	59.594363642981556	1.0352336253034302	1.0054497777044862	0.5808	231.247	0.09871337259333865	4	1.0526315789473684	2.9901	2.84418	3.19727	2.92885	0.00998668	-0.017243271693587303	0.09713716059923172	380	104	104	72	2.038294884478606	0.7200000286102295	2.0	2.0	2.0	18.5068	216.2336	794.8737	351.0	585739.0	190.0	3264.0	1177.0274	0.8916	2335.294	5715.0533	5332.0	193013.0	1816.0	10593.0	2615.9052	23.27571493643336
sub-26_task-mfv_run-02_bold	0.0003090837696335079	0.012359430549738218	2	60.33962211719158	1.0307256146981625	0.9993993052493424	0.5811	227.472	0.094309292153588	2	0.5235602094240838	2.98237	2.83204	3.18956	2.92551	0.00586486	-0.016991283744573593	0.09720193594694138	382	104	104	72	2.03006191440543	0.7200000286102295	2.0	2.0	2.0	18.6199	217.3254	794.5576	352.0	585703.0	190.0	3253.0	1172.5773	0.8801	2336.6158	5694.5496	5309.0	193049.0	1785.0	10568.0	2615.1844	22.78205044521019
sub-26_task-mfv_run-03_bold	0.0004525268817204301	0.017415458709677423	1	60.518738029380046	1.0180710159029656	0.9881636352830184	0.582	223.0781	0.09189605640643632	9	2.4193548387096775	3.0151466666666664	2.856915	3.225745	2.96278	0.00702315	-0.017220858484506607	0.09876275807619095	372	104	104	72	2.0360772975668104	0.7200000286102295	2.0	2.0	2.0	19.3202	220.4574	794.7256	354.0	585756.0	190.0	3237.0	1171.8642	0.8937	2316.4545	5666.6351	5286.0	192996.0	1794.0	10504.0	2596.1619	20.95981126127299
sub-26_task-rest_bold	0.00017166279069767443	0.012615037488372094	2	60.19193038669379	1.0358332414435385	0.9939621148544823	0.5795	232.4271	0.07613149531642933	0	0.0	3.0043216666666672	2.855225	3.219565	2.938175	0.00627872	-0.0166007112711668	0.10153430700302124	860	104	104	72	2.0271708104738426	0.7200000286102295	2.0	2.0	2.0	20.6202	213.306	786.0326	349.0	585218.0	191.0	3223.0	1169.4836	0.8831	2338.7681	5705.9602	5320.0	193534.0	1765.0	10602.0	2624.3404	22.618945145979524
sub-26_task-smid_run-01_bold	0.00042621072088724584	0.018852703548983364	0	60.92359463029629	1.0062751406666668	0.9846573521481488	0.5933	199.7366	0.10656852922594152	22	4.066543438077634	3.020835	2.850295	3.24909	2.96312	0.00252538	-0.029332490637898445	0.09449447691440582	541	104	104	72	2.040031742329308	0.7200000286102295	2.0	2.0	2.0	14.4841	250.0596	850.5803	378.0	580234.0	192.0	3553.0	1216.126	0.7477	2358.2911	5694.9248	5335.0	198518.0	1732.0	10545.0	2615.1488	20.21854713081848
sub-26_task-smid_run-02_bold	0.003721981481481481	0.030630983148148147	0	62.115050915658614	1.0180308542300565	1.0013118837662338	0.5939	201.0376	0.12517446948853198	45	8.333333333333334	3.12758	2.91881	3.350095	3.113835	0.00329138	-0.02552025020122528	0.0937306359410286	540	104	104	72	2.064311056012434	0.7200000286102295	2.0	2.0	2.0	13.8674	245.5244	839.4742	374.0	580071.0	192.0	3500.0	1195.5488	0.6718	2338.5498	5662.5571	5306.0	198681.0	1780.0	10428.0	2570.3426	17.36921088397503
sub-26_task-smid_run-03_bold	0.0003068864468864469	0.018270637545787546	0	61.23221164688071	1.0132556694495416	0.988766615082569	0.5923	204.1649	0.1000388853853495	27	4.945054945054945	3.00454	2.835325	3.23493	2.943365	0.00649534	-0.024246778339147568	0.09527436643838882	546	104	104	72	2.0336873298044735	0.7200000286102295	2.0	2.0	2.0	14.0407	238.9216	840.2506	370.0	579756.0	192.0	3531.0	1208.9862	0.7276	2343.6207	5651.5281	5293.0	198996.0	1656.0	10474.0	2602.6551	20.290380971156992
sub-27_task-mfv_run-01_bold	0.00034934554973821994	0.010169049869109947	1	58.677699852414655	1.0548871577427834	1.0082270809973763	0.5636	251.8276	0.09011049579719044	7	1.8324607329842932	3.048595	2.90589	3.19318	3.046715	0.0078341	-0.004314225632697344	0.08548486977815628	382	104	104	72	2.0289774980086075	0.7200000286102295	2.0	2.0	2.0	36.0713	203.1087	723.3297	343.0	594113.0	191.0	2863.0	1073.2763	0.648	2423.2746	5796.6299	5449.0	184639.0	1659.0	10737.0	2685.5819	24.592979240929708
sub-27_task-mfv_run-02_bold	0.00619	0.02331381639175258	1	60.62409673483204	1.0940541166408273	1.0794323566925061	0.5655	245.357	0.12648018046436502	54	13.917525773195877	3.170315	2.99233	3.28934	3.229275	0.0105676	-0.005363787524402142	0.08440028131008148	388	104	104	72	2.048103299055316	0.7200000286102295	2.0	2.0	2.0	34.8467	209.5016	725.8009	348.0	594419.0	191.0	2847.0	1060.7421	0.6336	2401.8844	5788.7143	5445.0	184333.0	1725.0	10685.0	2658.5501	19.197869793861173
sub-27_task-mfv_run-03_bold	0.0012296124031007751	0.013626012015503876	2	59.988910289715015	1.0616281987046632	1.0160181871243519	0.5641	248.0751	0.10222413862153623	28	7.235142118863049	3.0761983333333336	2.918035	3.22241	3.08815	0.00977006	-0.004729981534183025	0.0854104533791542	387	104	104	72	2.02731585575622	0.7200000286102295	2.0	2.0	2.0	34.9732	203.7831	718.4258	344.0	593730.0	191.0	2828.0	1055.3387	0.6239	2412.3949	5767.1804	5420.0	185022.0	1640.0	10680.0	2673.4785	22.513817384722643
sub-27_task-rest_bold	0.0006244663573085846	0.020579029199535963	0	60.587028383774715	1.0505433372009287	1.002283209523809	0.5635	249.3138	0.13143922610547706	140	16.241299303944317	3.1652916666666666	2.99892	3.289255	3.2077	0.0221031	-0.005210420582443476	0.08615002036094666	862	104	104	72	2.045871381483649	0.7200000286102295	2.0	2.0	2.0	33.7794	205.8908	715.4861	345.0	594717.0	191.0	2805.0	1049.0559	0.5969	2415.5977	5795.8388	5445.0	184035.0	1724.0	10700.0	2661.4504	20.233551284763962
sub-27_task-smid_run-01_bold	0.00039439781021897806	0.02830571094890511	0	59.519899085868396	0.9740299685740402	0.9537407327056668	0.5661	241.9146	0.12646262959226076	85	15.510948905109489	3.1880466666666667	2.994045	3.29753	3.272565	0.00878892	-0.005762297660112381	0.08432963490486145	548	104	104	72	2.0465060921489204	0.7200000286102295	2.0	2.0	2.0	33.7089	210.8975	721.2645	349.0	593907.0	191.0	2818.0	1043.813	0.6491	2397.7276	5766.2582	5423.0	184845.0	1708.0	10646.0	2649.875	18.620963447378017
sub-27_task-smid_run-02_bold	0.0006843198529411764	0.018468885625	0	59.20933421005523	1.0275192411970535	0.9972941380110487	0.565	242.866	0.1309463496509335	82	15.073529411764707	3.11298	2.945655	3.248565	3.14472	0.0111895	-0.004787757061421871	0.08422737568616867	544	104	104	72	2.034790129254458	0.7200000286102295	2.0	2.0	2.0	33.0622	207.0301	719.896	347.0	594300.0	191.0	2829.0	1048.2227	0.6525	2403.0598	5757.5478	5409.0	184452.0	1690.0	10643.0	2658.2522	20.554206625791267
sub-27_task-smid_run-03_bold	0.0011838419117647058	0.0172722121875	0	59.677724237421735	1.0413664319152869	1.010288155285452	0.5653	244.3179	0.13373622640817295	77	14.154411764705882	3.114036666666667	2.956295	3.25244	3.133375	0.0147891	-0.003756120102480054	0.08509322255849838	544	104	104	72	2.0308061086987967	0.7200000286102295	2.0	2.0	2.0	33.3711	206.2834	724.1854	346.0	593829.0	190.0	2860.0	1063.0746	0.65	2405.1406	5752.9175	5412.0	184923.0	1653.0	10661.0	2664.9444	20.964939642813988
sub-28_task-mfv_run-01_bold	0.00042711822660098525	0.008267098768472906	0	53.319401314913584	1.0504477843950615	1.009009592740741	0.512	563.1387	0.11721454391173684	20	4.926108374384237	2.8660616666666665	2.727655	3.05389	2.81664	0.00739871	-0.01882455311715603	0.040757160633802414	406	104	104	72	2.276802248258293	0.7200000286102295	2.0	2.0	2.0	19.2127	118.3927	552.6789	263.0	620869.0	176.0	2254.0	810.057	0.1295	2705.702	6393.3347	6249.0	157883.0	1842.0	11057.0	2744.6302	26.62158580776304
sub-28_task-mfv_run-02_bold	0.00044115281501340485	0.007786766058981233	3	53.526079219059135	1.0504621260752696	1.0073769431720436	0.5121	551.7407	0.11878584148160072	27	7.238605898123325	2.8577783333333335	2.72185	3.04144	2.810045	0.00586284	-0.018540769815444946	0.040279682725667953	373	104	104	72	2.2657356897858936	0.7200000286102295	2.0	2.0	2.0	19.408	119.4071	549.7807	264.0	620568.0	176.0	2237.0	803.8038	0.1228	2694.6773	6352.1932	6206.5	158184.0	1794.0	11006.0	2739.2782	27.028968471859116
sub-28_task-mfv_run-03_bold	0.0007380890052356021	0.008934311780104712	1	53.25862331821523	1.0555678874803147	1.016056400656169	0.5126	550.4851	0.11610881276535988	17	4.450261780104712	2.8721099999999997	2.732595	3.061905	2.82183	0.00875566	-0.018878990784287453	0.040788210928440094	382	104	104	72	2.264325749431809	0.7200000286102295	2.0	2.0	2.0	19.4769	119.4814	550.258	264.0	620421.0	176.0	2237.0	803.0286	0.1303	2685.9706	6334.3815	6194.0	158331.0	1776.0	10982.0	2735.4635	25.873620650963858
sub-28_task-rest_bold	0.00031481955762514553	0.00907104147846333	3	53.31279015695805	1.047867122645687	1.004395186375293	0.5118	566.2856	0.11317660668682154	37	4.307334109429569	2.877291666666667	2.739575	3.057305	2.834995	0.00614866	-0.019016588106751442	0.040997013449668884	859	104	104	72	2.2702431324510823	0.7200000286102295	2.0	2.0	2.0	19.094	118.37	551.3117	263.0	620510.0	176.0	2254.0	808.1386	0.1288	2709.1113	6394.8335	6250.0	158242.0	1813.0	11079.0	2753.0004	25.937801808468066
sub-28_task-smid_run-01_bold	0.000841341911764706	0.008956161176470589	1	52.894241276906016	1.0484094527440144	1.0126021575874775	0.5136	541.5568	0.11631140310868024	38	6.985294117647059	2.8681666666666668	2.73229	3.0532	2.81901	0.0068364	-0.0192806888371706	0.041279084980487823	544	104	104	72	2.2722241885003998	0.7200000286102295	2.0	2.0	2.0	19.672	123.1323	559.9743	267.0	621499.0	176.0	2287.0	820.3547	0.1399	2688.3828	6347.7375	6205.0	157253.0	1824.0	10983.0	2730.7958	25.9963670396246
sub-28_task-smid_run-02_bold	0.0003326519337016575	0.009561927476979742	2	53.070329877047975	1.0306516247232471	1.015226702103321	0.5138	543.236	0.12857633290939316	57	10.497237569060774	2.86143	2.71951	3.047	2.81778	0.00730223	-0.019193533807992935	0.03990292176604271	543	104	104	72	2.2812212370572587	0.7200000286102295	2.0	2.0	2.0	19.2229	122.8717	561.5052	267.0	621680.0	177.0	2298.0	823.0239	0.1512	2678.389	6358.6058	6216.0	157072.0	1855.0	10992.0	2724.8476	25.465669009485282
sub-28_task-smid_run-03_bold	0.0007486296296296296	0.009850287888888889	1	52.97726497055658	1.0382126403339518	1.0055573814100185	0.5139	537.2664	0.12081327172498373	41	7.592592592592593	2.9023766666666666	2.761615	3.087545	2.85797	0.00600164	-0.01867077872157097	0.04123714566230774	540	104	104	72	2.256379230440964	0.7200000286102295	2.0	2.0	2.0	19.2456	122.6908	561.9185	267.0	620995.0	177.0	2303.0	823.6502	0.1419	2701.7602	6337.6913	6196.0	157757.0	1773.0	10997.0	2745.9836	25.246027640881948
sub-29_task-mfv_run-01_bold	0.004380314009661836	0.017698224855072463	2	61.29753698389834	1.1224926966828088	1.0645936209443092	0.5616	337.1344	0.1594036216086165	80	19.32367149758454	3.179933333333333	3.018275	3.36188	3.159645	0.00439273	-0.007604205049574375	0.0950993224978447	414	104	104	72	2.0535507086453446	0.7200000286102295	2.0	2.0	2.0	22.8532	199.1092	776.0601	329.0	589406.0	180.0	3254.0	1187.3636	0.9716	2613.4303	6468.0661	6035.0	189346.0	2162.0	11887.0	2938.8045	21.57122614979744
sub-29_task-mfv_run-02_bold	0.00652190291262136	0.03341026504854369	2	67.43758577114784	1.0759543024319054	1.042479093657588	0.5652	326.583	0.273551658795393	235	45.63106796116505	3.3256033333333335	3.129915	3.444635	3.40226	0.00842601	-0.0053464449010789394	0.0935116708278656	515	104	104	72	2.107977382543195	0.7200000286102295	2.0	2.0	2.0	21.9189	204.5588	787.4473	333.0	590661.0	181.0	3279.0	1196.4914	0.9379	2570.0547	6441.5559	6022.0	188091.0	2348.0	11730.0	2856.7593	17.373569336195942
sub-29_task-mfv_run-03_bold	0.00450361216730038	0.025847574182509502	2	58.96095887700956	1.0762723853142857	1.052211302285715	0.56	333.3009	0.2191207493692692	175	33.26996197718631	3.292211733390097	3.077035	3.4413	3.3583002001702904	0.00731476	-0.001432047807611525	0.07768431305885315	526	104	104	72	2.0163469904302156	0.7200000286102295	2.0	2.0	1.9999998807907104	32.4189	206.7497	823.1693	338.0	591655.0	182.0	3555.0	1315.6323	1.1856	2733.3661	6605.1552	6163.0	187097.0	2137.0	12204.0	3056.5094	19.265169763821177
sub-29_task-rest_bold	0.0007632906976744187	0.01976835834883721	2	60.32619159695004	1.0474015354947603	0.9715568746100126	0.5594	335.3505	0.12305003993790167	80	9.30232558139535	3.2723550000000006	3.097465	3.462715	3.256885	0.00901123	-0.01192870270460844	0.09611375629901886	860	104	104	72	2.057920185419197	0.7200000286102295	2.0	2.0	2.0	27.4369	205.0439	772.2848	333.0	590830.0	181.0	3206.0	1184.9735	0.9415	2654.9243	6536.2051	6095.0	187922.0	2252.0	12005.0	2961.7202	21.008660063613206
sub-29_task-smid_run-01_bold	0.0021326119402985074	0.017200355074626864	1	57.899927741738296	1.0317471276261692	1.0017361043364497	0.5588	334.8268	0.1595035989879676	101	18.84328358208955	3.2188917314896024	3.010325	3.383705	3.2626451944688077	0.00794246	0.0002912682539317757	0.0783035159111023	536	104	104	72	1.992810556747961	0.7200000286102295	2.0	2.0	1.9999998807907104	30.4552	202.7873	815.3466	336.0	591319.0	181.0	3552.0	1295.3305	1.2655	2732.8232	6596.9545	6144.0	187433.0	2080.0	12255.0	3083.0746	21.870943411719054
sub-29_task-smid_run-02_bold	0.004225093283582089	0.02584061311567164	2	58.35328234394397	1.0393440508598133	1.023506356168223	0.5602	329.5083	0.20490146757205654	157	29.291044776119403	3.3015617335294727	3.08246	3.45691	3.365315200588417	0.00760361	0.00107593834400177	0.07673442363739014	536	104	104	72	2.009968702290636	0.7200000286102295	2.0	2.0	1.9999998807907104	31.7635	207.6749	824.4572	339.0	591879.0	181.0	3557.0	1307.8787	1.2424	2731.5259	6611.3191	6158.0	186873.0	2163.0	12257.0	3063.7211	19.546861929702573
sub-29_task-smid_run-03_bold	0.0019858888888888886	0.01852868014814815	0	57.8059579501299	1.0258968234693868	0.9962513861595548	0.559	332.3848	0.15684500838271145	90	16.666666666666668	3.2687767328550454	3.06426	3.4107	3.3313701985651374	0.00695237	0.0020830652210861444	0.0763247162103653	540	104	104	72	2.00926742416958	0.7200000286102295	2.0	2.0	1.9999998807907104	34.2426	202.9545	819.3685	336.0	592005.0	181.0	3550.0	1325.3046	1.1588	2710.4111	6564.3652	6118.0	186747.0	2113.0	12179.0	3044.8827	21.07610593060963
sub-30_task-mfv_run-01_bold	0.0014195675675675676	0.018077122135135133	0	53.26392376918699	0.9953552820596202	0.9921888155555554	0.5272	392.3004	0.11491418251672823	18	4.864864864864865	3.029663333333333	2.842935	3.19404	3.052015	0.005418	-0.030053123831748962	0.04734832048416138	370	104	104	72	2.1642733920932193	0.7200000286102295	2.0	2.0	2.0	27.64	163.7554	631.4696	308.0	620695.0	191.0	2447.0	886.7604	0.4998	2660.1011	6336.5854	6092.0	158057.0	1646.0	11173.0	2814.7926	21.05098441313021
sub-30_task-mfv_run-02_bold	0.0008303916449086162	0.010454732062663187	0	52.03214859054973	1.023670770942407	1.0066515071727755	0.5271	391.8884	0.09191398943309508	10	2.6109660574412534	2.941831666666667	2.795625	3.09282	2.93705	0.00725883	-0.029675113037228584	0.04585874453186989	383	104	104	72	2.1614320286992115	0.7200000286102295	2.0	2.0	2.0	26.3672	162.4746	630.1663	307.0	620647.0	191.0	2457.0	886.6721	0.5515	2648.0398	6317.9921	6080.0	158105.0	1614.0	11158.0	2812.941	24.313468607142568
sub-30_task-mfv_run-03_bold	0.0006066141732283464	0.010594534461942256	1	52.74726050510526	1.0272020080789463	1.0104256779210528	0.5268	390.2768	0.08819041368979744	8	2.099737532808399	2.9454016666666667	2.8058	3.092665	2.93774	0.00823151	-0.030364759266376495	0.046652622520923615	381	104	104	72	2.1589459253291805	0.7200000286102295	2.0	2.0	2.0	28.1294	163.1407	631.5365	308.0	621125.0	191.0	2464.0	891.4621	0.5599	2649.0873	6318.2081	6078.0	157627.0	1611.0	11153.0	2815.2538	24.158123119734228
sub-30_task-rest_bold	0.00508488940628638	0.021446132630966237	3	52.348496270279696	1.0630450414335662	1.0650714307342648	0.5254	401.2843	0.08863128945682996	18	2.0954598370197903	3.0583383333333334	2.870865	3.207195	3.096955	0.00704951	-0.028524689376354218	0.046731337904930115	859	104	104	72	2.1924862012666	0.7200000286102295	2.0	2.0	2.0	30.15	160.7993	623.4865	306.0	621684.0	191.0	2398.0	874.5599	0.5246	2646.3914	6378.5259	6134.0	157068.0	1752.0	11199.0	2797.7282	20.03523812862113
sub-30_task-smid_run-01_bold	0.0011476937269372693	0.02046848990774908	1	55.57328581340113	1.0147424292421448	0.994002739186692	0.528	378.4346	0.12349514602604698	62	11.439114391143912	3.048011666666667	2.896675	3.205865	3.041495	0.0061067	-0.030667973682284355	0.04624675586819649	542	104	104	72	2.1474335195832666	0.7200000286102295	2.0	2.0	2.0	30.0299	168.1769	636.5087	312.0	620822.0	192.0	2460.0	888.0908	0.4988	2670.1666	6320.3838	6075.0	157930.0	1593.0	11163.0	2828.9494	20.099323299131356
sub-30_task-smid_run-02_bold	0.003018701298701299	0.017384295213358072	1	55.98034416282532	1.0765615862825273	1.052916798271376	0.5276	376.9448	0.12287471291477584	63	11.688311688311689	3.024673333333333	2.861655	3.191005	3.02136	0.00850891	-0.029937980696558952	0.0469357930123806	539	104	104	72	2.147192067558711	0.7200000286102295	2.0	2.0	2.0	30.9884	167.369	634.2859	312.0	621106.0	192.0	2453.0	886.3263	0.5027	2661.8404	6314.544	6062.0	157646.0	1601.0	11165.0	2823.2131	20.802173625677824
sub-30_task-smid_run-03_bold	0.0008101633393829402	0.014513949346642468	1	54.02351004865456	1.0324645246181816	1.0080498566545446	0.5274	375.4842	0.09128983750479774	32	5.807622504537205	2.990683333333333	2.840535	3.146395	2.98512	0.0135192	-0.030100490897893906	0.046090297400951385	551	104	104	72	2.1407267640736203	0.7200000286102295	2.0	2.0	2.0	29.8059	169.9369	637.7622	314.0	621542.0	192.0	2484.0	892.33	0.5381	2670.542	6327.9989	6076.0	157210.0	1582.0	11198.0	2838.2794	22.185566084226593
sub-31_task-mfv_run-01_bold	0.001885761421319797	0.01989248294416244	1	54.105992402239146	1.0334177343002553	1.0094227764376589	0.5322	396.0006	0.10202668041939793	41	10.406091370558375	3.3065416666666665	3.126155	3.43515	3.35832	0.00627566	-0.009401291608810425	0.040634941309690475	394	104	104	72	2.071823286188773	0.7200000286102295	2.0	2.0	2.0	31.7693	160.6328	659.8999	303.0	610777.0	186.0	2552.0	1013.8817	1.0212	2591.656	6373.8602	6022.0	167975.0	1837.0	11593.0	2906.6099	21.28211825271137
sub-31_task-mfv_run-02_bold	0.006656216931216931	0.02439704415343915	7	52.76363658159149	1.052150203819629	1.0630842309814332	0.5324	390.5829	0.07577000858115528	24	6.349206349206349	3.328993333333333	3.13937	3.41966	3.42795	0.00824371	-0.009169706143438816	0.03888460993766785	378	104	104	72	2.0757004317818737	0.7200000286102295	2.0	2.0	2.0	32.3603	163.404	664.2256	305.0	611880.0	187.0	2555.0	1019.5489	1.0342	2595.752	6375.1246	6021.0	166872.0	1872.0	11589.0	2900.6989	19.77548849536106
sub-31_task-mfv_run-03_bold	0.0036074598930481284	0.012800517914438503	0	53.45557987576407	1.0841569721983915	1.0618122629222517	0.53	401.304	0.08786287503952181	32	8.556149732620321	3.244203333333333	3.104085	3.346665	3.28186	0.019364	-0.008498910814523697	0.039900440722703934	374	104	104	72	2.0688984973597857	0.7200000286102295	2.0	2.0	2.0	34.5473	154.8725	659.9226	299.0	612674.0	186.0	2582.0	1040.5229	1.0154	2573.3276	6337.3778	5994.5	166078.0	1750.0	11506.0	2897.4268	24.046217008843087
sub-31_task-rest_bold	0.00419896391152503	0.022743039615832364	3	53.13037752715622	1.0526344586596745	1.0434087260489489	0.5245	406.0925	0.11848361456850019	78	9.080325960419092	3.561761666666667	3.38752	3.66493	3.632835	0.00743622	-0.004915547091513872	0.041224393993616104	859	104	104	72	2.0266361731121916	0.7200000286102295	2.0	2.0	2.0	45.1838	164.5499	687.456	307.0	616323.0	187.0	2647.0	1137.3277	1.0222	2718.8615	6593.9892	6180.0	162429.0	1969.0	12129.0	3049.3786	19.765364475548267
sub-31_task-smid_run-01_bold	0.004880000000000001	0.0285022739292365	2	53.90067993000005	1.0332711269216417	1.0423579788059705	0.5326	390.7011	0.10810473955382487	53	9.869646182495345	3.365945	3.189765	3.46671	3.44136	0.00725971	-0.007633154280483723	0.03778336942195892	537	104	104	72	2.1004372038411754	0.7200000286102295	2.0	2.0	2.0	31.0029	159.8974	656.5644	303.0	612809.0	187.0	2525.0	997.9352	0.9229	2556.5224	6323.1626	5984.0	165943.0	1849.0	11409.0	2848.9221	18.4333723745076
sub-31_task-smid_run-02_bold	0.007109742063492064	0.07824570317460318	0	63.656388315029794	0.9823602995626234	1.0092963428827035	0.5415	364.851	0.2906787403065216	185	36.70634920634921	3.8922749999999997	3.49463	3.94969	4.232505	0.00896699	-0.008225723169744015	0.03843903914093971	504	104	104	72	2.2408035514655578	0.7200000286102295	2.0	2.0	2.0	27.84	172.2937	662.7191	311.0	612758.0	187.0	2483.0	967.1846	0.5699	2481.3234	6241.0116	5940.0	165994.0	2186.0	11003.0	2650.8268	11.809717815136537
sub-31_task-smid_run-03_bold	0.0038993333333333336	0.009047016666666666	1	52.23569757295454	1.0401967370454546	1.0354243963636365	0.5333	391.782	0.06583295805914796	0	0.0	3.1479416666666666	3.008825	3.258735	3.176265	0.0134849	-0.00838842336088419	0.03892853111028671	45	104	104	72	2.08594099397275	0.7200000286102295	2.0	2.0	2.0	29.8697	155.8379	655.906	300.0	610841.0	185.0	2613.0	1010.3952	0.765	2556.8301	6255.4464	5940.0	167911.0	1675.0	11343.0	2847.6272	26.981007242109627
sub-32_task-mfv_run-01_bold	0.0006603317535545024	0.019037195971563982	1	59.5402558568646	1.0197459136104516	1.0099855887648457	0.6055	134.5876	0.11210248630503529	25	5.924170616113744	3.2963116666666665	3.137485	3.531165	3.220285	0.00416875	0.027595506981015205	0.10150523483753204	422	104	104	72	2.014582726995877	0.7200000286102295	2.0	2.0	2.0	22.2588	306.3435	938.6882	454.0	588973.0	203.0	3581.0	1260.0356	0.1346	2419.6843	5473.7021	5267.0	189779.0	1006.0	10117.0	2614.4303	20.39403961133212
sub-32_task-mfv_run-02_bold	0.018590053763440858	0.057487831451612896	1	62.317775037358494	1.0927323628840973	1.165287844447439	0.6122	125.8477	0.18490481573163295	77	20.698924731182796	3.65281	3.3544	3.896315	3.707715	0.00400662	0.027747156098484993	0.09773567318916321	372	104	104	72	2.1063132693523086	0.7200000286102295	2.0	2.0	2.0	20.9003	329.1257	947.6013	470.0	590124.0	204.0	3539.0	1237.8119	0.0774	2343.8347	5475.1067	5269.0	188628.0	1268.0	9931.0	2501.5206	13.404981625964865
sub-32_task-mfv_run-03_bold	0.010208207792207791	0.08582208623376625	0	64.10661813656257	0.9199637391406243	0.9711404940104172	0.6114	138.0854	0.2745768183131491	127	32.98701298701299	3.942133333333333	3.63771	4.230425	3.958265	0.00571695	0.030155668035149574	0.11407063156366348	385	104	104	72	2.163923298579958	0.7200000286102295	2.0	2.0	2.0	17.0088	337.7041	980.6832	476.0	592568.0	209.0	3667.0	1260.0472	0.0336	2481.5988	5802.8709	5589.0	186184.0	1544.0	10388.0	2582.8018	12.236325998761458
sub-32_task-rest_bold	0.00337753488372093	0.036548696744186045	2	69.6596789819906	1.0404905319790465	1.0454548542491269	0.6179	88.5668	0.1731929194802591	206	23.953488372093023	3.149366666666667	3.359555	3.053895	3.03465	0.00569076	0.14580051600933075	0.006805878132581711	860	104	104	72	2.10062561535413	0.8080000281333923	2.0	2.0	2.0	28.4434	346.9289	888.8605	495.0	592351.0	188.0	3142.0	1173.6261	0.3204	2069.6005	4897.0833	4654.0	186401.0	1423.0	8961.0	2215.5245	14.751955515355803
sub-32_task-smid_run-01_bold	0.0029608703374777974	0.029144056660746005	3	57.67900381387898	1.0135364791637018	1.028302801601425	0.6019	150.9478	0.1321417775053148	53	9.41385435168739	3.3090333333333333	3.13739	3.531145	3.258565	0.003729	0.03756866604089737	0.1116117611527443	563	104	104	72	2.0606802909166566	0.7200000286102295	2.0	2.0	2.0	20.0072	290.5742	947.4418	444.0	591649.0	208.0	3713.0	1292.0539	0.1191	2465.4415	5668.4749	5450.0	187103.0	1197.0	10386.0	2644.7506	18.157051207963377
sub-32_task-smid_run-02_bold	0.0038609944751381215	0.03481046151012891	1	58.73581728664206	1.0113004236162362	1.0205746516236163	0.6023	150.9911	0.15399470574474383	86	15.83793738489871	3.3601266666666665	3.150665	3.59803	3.331685	0.00443573	0.037942659109830856	0.11070788651704788	543	104	104	72	2.0730511105633362	0.7200000286102295	2.0	2.0	2.0	19.6628	290.8317	944.5472	443.0	592124.0	208.0	3685.0	1282.5507	0.1184	2449.1523	5661.8705	5444.0	186628.0	1239.0	10355.0	2626.0739	17.269941995793488
sub-32_task-smid_run-03_bold	0.004268	0.0502402112962963	2	59.278701343320975	0.9314341119666052	0.9498936841743956	0.6032	146.7217	0.17498813881407635	135	25.0	3.5326133333333334	3.337435	3.71128	3.549125	0.00187161	0.0408332422375679	0.11217374354600906	540	104	104	72	2.079237142016285	0.7200000286102295	2.0	2.0	2.0	20.5701	295.1532	942.69	447.0	592960.0	208.0	3648.0	1271.0601	0.1271	2424.7507	5633.9599	5412.0	185792.0	1259.0	10299.0	2602.8707	15.585740894079208
sub-33_task-mfv_run-01_bold	0.0037630165289256196	0.013670437954545455	1	54.40812026010349	1.0743046838923394	1.056739688033127	0.5477	334.7774	0.1509629739063727	108	22.31404958677686	3.331903333333333	3.176175	3.50832	3.311215	0.00983924	-0.010777372866868973	0.07561396062374115	484	104	104	72	1.9890235127846227	0.7200000286102295	2.0	2.0	2.0	29.3469	215.5747	685.5113	340.0	589376.0	182.0	2596.0	946.1123	0.6138	2908.0725	6654.7821	6217.0	189376.0	1998.0	12405.0	3125.6461	22.227389058098197
sub-33_task-mfv_run-02_bold	0.01637641509433962	0.02478229981132075	0	58.08429077778381	1.1463353721891887	1.1625140137837842	0.5494	323.5526	0.19787441966678346	124	33.42318059299191	3.5322999999999998	3.35217	3.68862	3.55611	0.00710076	-0.010801107622683048	0.0754697173833847	371	104	104	72	1.9980887628388897	0.7200000286102295	2.0	2.0	2.0	28.0609	220.7998	690.3074	344.0	589659.0	183.0	2589.0	948.5984	0.5722	2901.3201	6621.5518	6189.0	189093.0	2008.0	12282.0	3097.4518	18.46848487004172
sub-33_task-mfv_run-03_bold	0.0020795064935064935	0.04362245688311688	1	58.033891071927144	0.9344274264843747	0.9410616432031249	0.5524	315.0773	0.2137171209070874	149	38.701298701298704	3.763391666666667	3.493345	3.887125	3.909705	0.00693975	-0.011373676359653473	0.07617127150297165	385	104	104	72	2.031066411651261	0.7200000286102295	2.0	2.0	2.0	20.4591	231.8405	700.1729	352.0	588936.0	183.0	2610.0	940.624	0.5429	2903.6439	6683.0508	6256.0	189816.0	2176.0	12314.0	3080.1472	15.546626159921288
sub-33_task-rest_bold	0.0005250580046403712	0.01676847366589327	0	54.15975682331011	1.0138864181765388	0.9815606259814171	0.5479	336.8951	0.1361193236294364	180	20.88167053364269	3.384866666666667	3.214065	3.57232	3.368215	0.0073411	-0.011447351425886154	0.07922815531492233	862	104	104	72	2.001145067539768	0.7200000286102295	2.0	2.0	2.0	30.285	215.3351	683.6288	339.0	589266.0	182.0	2570.0	944.4323	0.6044	2900.8187	6665.7784	6225.0	189486.0	2061.0	12383.0	3110.7108	21.030433594831266
sub-33_task-smid_run-01_bold	0.0033567407407407417	0.030982334481481487	0	59.28777105161411	1.0113362588126156	1.0065295251205943	0.5532	319.1003	0.24287132707820488	267	49.44444444444444	3.60362	3.39022	3.801295	3.619345	0.00327955	-0.010338121093809605	0.08043674379587173	540	104	104	72	2.013137656897539	0.7200000286102295	2.0	2.0	2.0	20.7004	227.3214	701.3558	349.0	586810.0	183.0	2635.0	955.2095	0.5994	2893.5455	6648.3072	6228.0	191942.0	2066.0	12325.0	3093.6701	16.682240952271968
sub-33_task-smid_run-02_bold	0.002465740402193784	0.024899789597806213	1	61.09734000736261	1.0410904560256413	1.0109171770329661	0.5532	324.8541	0.2676968605423774	259	47.34917733089579	3.5008	3.324335	3.688615	3.48945	0.00434209	-0.010069902054965496	0.08162079751491547	547	104	104	72	2.0104621967872265	0.7200000286102295	2.0	2.0	2.0	20.0418	220.5012	695.3032	344.0	585915.0	183.0	2635.0	950.0768	0.5663	2882.4147	6608.962	6196.0	192837.0	2000.0	12266.0	3081.8704	18.000467596109957
sub-33_task-smid_run-03_bold	0.0053495045871559625	0.032289833504587154	1	59.73537509579047	1.0648316267647067	1.0544199970955885	0.5535	322.9953	0.23277907162549727	219	40.18348623853211	3.626298333333333	3.416415	3.786765	3.675715	0.00365294	-0.008906744420528412	0.08091295510530472	545	104	104	72	2.0317728426747195	0.7200000286102295	2.0	2.0	2.0	18.919	222.3332	694.4165	345.0	586923.0	183.0	2622.0	945.6134	0.5223	2860.6441	6613.0353	6194.0	191829.0	2102.0	12219.0	3048.5612	16.518029270810075
