trans_x	trans_y	trans_z	rot_x	rot_y	rot_z	dvars_std	dvars_nstd	dvars_vstd	framewise_displacement	aqi	aor
0.0	-0.0	0.0	-0.0	0.0	-0.0	n/a	n/a	n/a	n/a	0.0520268	0.00866
-0.0011	0.03	0.0289	-0.00015009831567151235	-1.2217304763960308e-05	-0.00012042771838760874	0.96162283	55.38567734	0.94066255	0.07413716694115406	0.0509626	0.00791
0.0032	0.0836	0.0846	-0.00043458698374658803	2.4434609527920616e-05	-0.00023212879051524583	1.04028428	59.9162674	0.97047986	0.13524208272472968	0.050274	0.00798
-0.0001	-0.0182	0.026	-0.00021467549799530252	9.599310885968811e-05	-9.599310885968811e-05	1.08344948	62.4024086	1.01305628	0.18508028333693052	0.050482	0.00792
0.0021	-0.0346	0.0101	1.0471975511965975e-05	2.6179938779914945e-05	4.537856055185256e-05	1.03393078	59.5503273	0.95444666	0.05631661564992911	0.0504909	0.0075
0.0012	-0.01	0.0132	8.726646259971648e-06	2.96705972839036e-05	1.9198621771937625e-05	0.96328712	55.48153305	0.92483246	0.030170796326794896	0.0510889	0.00783
0.0057	0.0105	0.0591	-8.901179185171081e-05	0.00015707963267948963	-9.250245035569947e-05	1.03068328	59.36328506	0.96641788	0.08774242728174526	0.0492629	0.0067
0.0112	0.0448	0.0919	-0.00042935099599060504	5.93411945678072e-05	-0.00017453292519943296	1.06177044	61.15378189	0.9687037	0.0986054058547155	0.049562	0.00716
0.0105	-0.061	0.0645	-0.00012740903539558605	8.203047484373349e-05	-0.0001675516081914556	1.00448787	57.85453415	0.967247	0.15048062789394617	0.0483358	0.0065
0.0067	-0.0416	0.0242	6.632251157578452e-05	4.363323129985824e-05	6.806784082777885e-05	1.03584695	59.66069031	0.9541181	0.08688741197672403	0.0502411	0.00739
0.0039	-0.0231	0.0204	0.00010471975511965978	4.18879020478639e-05	5.061454830783555e-05	1.03834903	59.80480576	0.95262186	0.027979793265790642	0.0506033	0.00768
0.0007	0.0166	0.0581	-8.028514559173915e-05	7.67944870877505e-05	-5.4105206811824215e-05	1.01043689	58.19717407	0.95394397	0.09683156204354725	0.049348	0.00679
0.0045	0.0637	0.0902	-0.0004468042885105483	2.96705972839036e-05	-0.00016929693744344995	1.01227093	58.30280685	0.9483134	0.1094417381677141	0.0499181	0.00784
-0.0156	-0.0361	0.0622	-0.00010821041362364843	0.00039095375244672985	2.094395102393195e-05	1.05685389	60.8706131	0.99224487	0.1924058959258554	0.049168	0.00648
-0.0018	-0.0347	0.0349	0.0002129301687433082	0.0002897246558310587	0.00011170107212763708	1.06604767	61.40013504	0.963392	0.06815634000431664	0.0486965	0.00674
0.0055	-0.0154	0.0284	0.0001605702911834783	0.00028099800957108706	8.028514559173915e-05	0.93744063	53.99287796	0.92440612	0.037725122517784974	0.0490949	0.00663
0.0046	0.0022	0.0486	0.00022863813201125715	0.0003612831551628262	3.316125578789226e-05	1.0137049	58.38539505	0.95075879	0.04847384381116824	0.0478648	0.00594
0.005	0.0439	0.0954	-0.00013962634015954637	0.0003769911184307752	-8.028514559173915e-05	1.04490221	60.18224335	0.97561085	0.1137709418409192	0.0479391	0.00608
0.0042	-0.0001	0.0898	-0.00017278759594743863	0.0003525565089028545	-9.773843811168246e-05	0.99734384	57.44306564	0.947368	0.05415245789178782	0.0476491	0.00603
0.0028	-0.0824	0.0381	0.0002129301687433082	0.0003665191429188092	0.0001239183768915974	1.03523505	59.62545013	0.97417004	0.16646686068549907	0.0475727	0.0062
0.0033	-0.0486	0.0339	0.00022165681500327985	0.0003193952531149623	0.00018151424220741024	1.01105726	58.23290634	0.95101692	0.04417232006898158	0.0479552	0.00608
0.0058	-0.0192	0.0304	0.0002670353755551324	0.00029845130209103034	0.00015009831567151235	1.0273217	59.16967392	0.95183428	0.04028692190558412	0.0475682	0.00607
0.0091	0.029	0.0721	9.075712110370512e-05	0.0003612831551628262	0.00010471975511965978	0.97938269	56.40857315	0.95297748	0.1074244334037538	0.0469615	0.00554
0.0132	0.0528	0.0965	-0.00010821041362364843	0.00035081117965086024	-3.4906585039886588e-06	1.0207063	58.78865433	0.94983904	0.0681824961931484	0.0464061	0.00568
0.0063	-0.0547	0.0398	0.00035430183815484887	0.0004956735075663896	0.00013439035240356338	1.07541287	61.93953323	1.00228691	0.20836277953007887	0.0459059	0.00549
0.0073	-0.0409	0.0216	0.0004921828490624009	0.00033335788713091696	0.00018675022996339323	1.06679857	61.44338608	0.96368815	0.05062782544514273	0.0460525	0.00574
0.008	-0.0173	0.0219	0.0004206243497306334	0.00029845130209103034	0.00015184364492350666	0.9452247	54.44120789	0.92565663	0.03166858347057703	0.0474356	0.00597
0.0084	-0.026	0.0332	0.0004258603374866164	0.0003385938748868999	0.0002129301687433082	1.01110995	58.23593903	0.95123692	0.02572325421858271	0.046621	0.00521
0.007	0.0185	0.0864	0.00010821041362364843	0.0003874630939427412	2.792526803190927e-05	1.05362737	60.68477631	0.97887412	0.1266762021815104	0.0460164	0.00488
0.0075	0.0118	0.1011	-6.981317007977319e-05	0.00042760566673861073	1.9198621771937625e-05	0.972772	56.0278244	0.93780913	0.033244640137963126	0.0455515	0.00499
0.002	-0.0748	0.0489	8.028514559173915e-05	0.0002722713633111154	0.00017627825445142725	1.04412544	60.13750076	0.9766541	0.16742561258892488	0.0465086	0.00554
0.0081	-0.0469	0.0268	0.00041189770347066176	0.00031415926535897925	0.0002495820830351891	1.01827085	58.64838028	0.9616527	0.07844021442552743	0.0456968	0.00524
0.0098	-0.0248	0.0243	0.0004415683007545654	0.00030194196059501896	0.00022689280275926284	1.02393675	58.97471237	0.95719887	0.02952885911618951	0.0452459	0.0051
0.009	0.0101	0.0599	0.0004974188368183839	0.00042411500823462205	0.0001605702911834783	0.97395146	56.09575653	0.95303381	0.08351730476396028	0.0445371	0.00434
0.0143	0.0488	0.0996	0.00019547687622336493	0.00040840704496667313	3.839724354387525e-05	1.02912104	59.27330399	0.95787293	0.10569114857512854	0.043124	0.00444
0.0118	-0.0295	0.0792	0.000439822971502571	0.000577703982410123	0.0001256637061435917	1.04338288	60.09473038	0.9758038	0.12624547476611864	0.0420133	0.00384
0.0064	-0.0462	0.0446	0.0006667157742618339	0.0006003932626860494	0.0003106686068549907	1.07230926	61.76078033	0.96740648	0.07842934918732941	0.0423518	0.00401
0.0109	-0.0306	0.0178	0.0007225663103256524	0.00048345620280242926	0.0003298672286269283	0.94313407	54.32079697	0.92476063	0.05649931088596881	0.0433545	0.00453
0.0102	-0.0214	0.0241	0.0008377580409572782	0.0004886921905584122	0.0002705260340591211	1.01705444	58.57831955	0.94438054	0.0251884456477708	0.0432379	0.00441
0.0127	0.0028	0.082	0.0005375614096142535	0.0005427973973702365	0.00016231562043547262	1.04959989	60.45280838	0.97713486	0.10772561258892487	0.042565	0.0037
0.0168	0.0145	0.1052	0.0001675516081914556	0.0004206243497306334	8.203047484373349e-05	1.01876843	58.67703629	0.95383417	0.067623399732707	0.0427184	0.00399
0.0134	-0.0861	0.0672	0.0006056292504420323	0.000582939970166106	0.00017104226669544429	1.01914072	58.69848251	0.97349193	0.176470252726888	0.041398	0.00354
0.0136	-0.079	0.0221	0.0007190756518216638	0.0004747295565424576	0.00033684854563490564	1.02723217	59.16451263	0.96760745	0.07177315469713705	0.0444692	0.00435
0.0124	-0.0601	0.0185	0.0007190756518216638	0.00040317105721069014	0.00029321531433504735	1.037027	59.72866058	0.95929885	0.02945958653158129	0.0441263	0.00438
0.0117	-0.019	0.0581	0.0004974188368183839	0.00040317105721069014	0.00021118483949131387	0.99962354	57.57436752	0.95378346	0.09658436449235065	0.042709	0.00373
0.0171	0.0322	0.0864	0.00018675022996339323	0.000296705972839036	0.00011170107212763708	1.01562095	58.49575806	0.94842438	0.11073087292951608	0.0443458	0.00441
0.0123	-0.0453	0.0558	0.0003822271061867582	0.0004049163864626844	0.00018500490071139895	1.06285906	61.21648407	0.98466252	0.13174955592153875	0.0435827	0.0042
0.0099	-0.0684	0.0206	0.0006387905062299246	0.0002495820830351891	0.00024085543677521747	1.08707285	62.61109924	0.97336959	0.084087411976724	0.0445554	0.00481
0.0088	-0.0324	0.0206	0.0005794493116621174	0.00027750735106709843	0.0002478367537831948	0.9485817	54.63455963	0.92934493	0.041812388980384696	0.0444396	0.00479
0.0115	-0.0033	0.0366	0.0006230825429619757	0.000307177948351002	0.00022689280275926284	1.01840222	58.65594864	0.94766924	0.05251238898038468	0.0442904	0.00446
0.0139	0.0303	0.0871	0.00019198621771937622	0.000307177948351002	6.632251157578452e-05	1.05078518	60.5210762	0.97550635	0.11608333082130388	0.0435135	0.0043
0.0171	-0.0049	0.0826	0.00026878070480712676	0.0002897246558310587	3.490658503988659e-05	1.01943088	58.7151947	0.95075756	0.049183185307179585	0.0424283	0.00416
0.0153	-0.0901	0.029	0.0005707226654021458	0.00032637657012293966	0.00022689280275926284	1.0340327	59.55619812	0.97368515	0.16712900463031383	0.0434992	0.00469
0.0116	-0.0561	0.026	0.000582939970166106	0.00032463124087094524	0.00030368728984701333	1.02043724	58.7731514	0.95344067	0.04523785605518526	0.0438916	0.00448
0.0087	-0.0338	0.0533	0.0006073745796940267	0.0004136430327226561	0.00022165681500327985	1.02930772	59.28405762	0.96556666	0.06227384381116825	0.0423798	0.00378
0.0152	0.0346	0.1004	0.00020594885173533088	0.00038571776469074686	0.00014311699866353502	1.02863181	59.24513245	0.96959287	0.14739454061651747	0.0423459	0.00388
0.0148	-0.0373	0.0669	0.000486946861306418	0.0005288347633542819	0.000158824961931484	1.00778806	58.04461288	0.94736155	0.12779114857512855	0.041856	0.00382
0.0128	-0.0837	0.0219	0.0007208209810736582	0.0004799655442984406	0.00039095375244672985	1.04110527	59.96355057	0.9722191	0.11914360646691637	0.0428489	0.00425
0.0109	-0.0415	0.0186	0.000804596785169386	0.00047822021504644627	0.00029321531433504735	1.03925896	59.85721207	0.96050326	0.056562978572970234	0.0434523	0.00424
0.0129	-0.0101	0.0475	0.000752236907609556	0.0005445427266222308	0.0002652900463031381	0.97483128	56.14643097	0.94459279	0.0696303828583762	0.0418236	0.00364
0.019	0.0363	0.0898	0.0005899212871740833	0.0005916666164260777	0.00013962634015954637	1.03070438	59.36450195	0.95791023	0.11155516081914556	0.0414267	0.00355
0.0177	-0.0179	0.0824	0.0006544984694978735	0.0006544984694978735	0.00015707963267948963	1.04090929	59.95226669	0.96688704	0.07014311639577647	0.0406194	0.00332
0.0177	-0.0618	0.0507	0.0009686577348568529	0.0006579891280018621	0.0003298672286269283	1.06542957	61.36453247	0.96747332	0.10012187599052035	0.040159	0.00328
0.019	-0.0417	0.0204	0.0009878563566287904	0.0005846852994181004	0.00042760566673861073	0.9516241	54.80978775	0.93398623	0.06121204442336908	0.0414035	0.00372
0.0193	-0.0284	0.0266	0.0010838494654884787	0.0006265732014659643	0.00042760566673861073	1.01821387	58.64509583	0.94164468	0.02669405054537761	0.0414164	0.0038
0.0169	0.0007	0.0803	0.0008918632477691023	0.0006684611035138282	0.00024085543677521747	1.05516791	60.77350616	0.97632147	0.10623121748653168	0.0397652	0.00288
0.0171	0.0446	0.1184	0.0006213372137099814	0.0005393067388662478	0.00019024088846738194	1.01669657	58.55770493	0.95369113	0.10471474735072683	0.0405408	0.00289
0.0157	-0.0607	0.0866	0.0008848819307611251	0.0006684611035138282	0.00028099800957108706	1.04112327	59.96458817	0.97644238	0.16267281014012147	0.0399563	0.00268
0.0174	-0.0851	0.0164	0.0009930923443847736	0.0006265732014659643	0.0004258603374866164	1.05857885	60.96996307	0.98621103	0.11104803217935208	0.0424867	0.00409
0.0163	-0.0491	-0.0088	0.0011082840750163993	0.0007243116395776468	0.00041713369122664475	1.03380716	59.54320908	0.96448253	0.07338284075016398	0.0437087	0.00452
0.0202	-0.0017	0.0725	0.0008447393579652555	0.0006230825429619757	0.0002705260340591211	1.04189694	60.00914764	0.99183265	0.15816907354171691	0.0411182	0.00297
0.0236	0.0342	0.0974	0.0005131268000863328	0.0004625122517784973	0.00020594885173533088	0.99180508	57.12405396	0.94025276	0.09203800156930957	0.0419714	0.00347
0.0216	-0.0738	0.0561	0.0008604473212332044	0.0005515240436302081	0.0003054326190990077	1.06947207	61.59737015	0.9973827	0.17809080401811295	0.0414829	0.00329
0.0203	-0.0616	0.0215	0.0010157816246606998	0.00046425758103049166	0.00041015237421866745	1.0657258	61.38159561	0.96716712	0.06546602605734358	0.0416167	0.00376
0.0178	-0.0326	0.0226	0.0009721483933608416	0.0005166174585903216	0.0003874630939427412	0.96055847	55.32437515	0.93397146	0.03853411945678073	0.0419273	0.00377
0.0209	-0.0054	0.0699	0.0010576695267085637	0.000619591884457987	0.00028274333882308137	1.02962208	59.30216599	0.96603443	0.09226076571675235	0.040369	0.00283
0.0229	0.0427	0.1274	0.0006492624817418905	0.0005480333851262194	0.00021118483949131387	1.04926848	60.43371964	0.97634825	0.13517620218151044	0.039934	0.00266
0.0216	-0.0262	0.1312	0.0009285151620609833	0.0006003932626860494	0.0002495820830351891	1.05657136	60.85433578	0.97621346	0.0925004900711399	0.0371974	0.00197
0.0245	-0.0943	0.0694	0.001361356816555577	0.0005742133239061344	0.0004677482395344803	1.02142179	58.82986069	0.96816038	0.16665938748869	0.0374963	0.0022
0.0212	-0.0643	0.038	0.0014556045961632708	0.0006003932626860494	0.0005375614096142535	0.97765857	56.30927277	0.93672718	0.07421204442336912	0.0386876	0.00259
0.0177	-0.0349	0.0685	0.0014643312424232424	0.0006981317007977319	0.0005131268000863328	1.01734781	58.59521866	0.96268741	0.06994498469497876	0.0372139	0.00201
0.0215	0.0157	0.124	0.0012217304763960308	0.0006544984694978735	0.0003211405823669566	1.05457771	60.7395134	0.97421762	0.13381101075232227	0.0357803	0.00172
0.0177	-0.0278	0.1285	0.0012932889757277981	0.0006806784082777885	0.0002844886680750757	0.94264138	54.29241943	0.92935775	0.058519517620178166	0.0345573	0.00152
0.0091	-0.0714	0.0797	0.0017313666179783749	0.0008848819307611251	0.0005253441048502931	0.99767262	57.4620018	0.94927638	0.14515683007545657	0.035086	0.00163
0.0109	-0.0529	0.0522	0.001811651763570114	0.0007801621756414653	0.000598647933434055	1.02510035	59.04173279	0.95528429	0.06071543646475804	0.0359722	0.00201
0.0126	-0.0374	0.0343	0.0017697638615222502	0.0006824237375297829	0.0004991641660703782	1.02481771	59.02545547	0.95110868	0.04705550537616116	0.0366947	0.00209
0.0124	-0.0205	0.0909	0.001801179788058148	0.0008220500776893293	0.00047123889803846896	0.99526018	57.32305527	0.96216337	0.08364837673636766	0.0340434	0.00142
0.02	0.0134	0.1353	0.0017208946424664088	0.0007749261878854823	0.00033335788713091696	1.01792383	58.62839127	0.95508709	0.09916450231515693	0.0336705	0.00129
0.019	-0.0659	0.1051	0.0020682151636132805	0.0009040805525330626	0.00042935099599060504	1.04551828	60.21772385	0.97264508	0.139123399732707	0.0330281	0.00106
0.0219	-0.0699	0.067	0.0021275563581810873	0.0006928957130417488	0.0005515240436302081	1.06812036	61.51951599	0.96403529	0.06463495408493618	0.033757	0.00139
0.0207	-0.0585	0.0478	0.0021048670779051613	0.0006876597252857658	0.0006161012259539982	0.96063834	55.32897568	0.92851252	0.03642512251778496	0.0349309	0.00146
0.0172	-0.0551	0.0392	0.0022270401255447643	0.0006928957130417488	0.0005899212871740833	1.00068307	57.63539505	0.93449589	0.023179448708775047	0.0355065	0.0018
0.0199	-0.0412	0.1014	0.002234021442552742	0.0007225663103256524	0.0004188790204786391	1.0498873	60.46936417	0.98385056	0.08918470904936629	0.0325633	0.00091
0.0231	-0.006	0.1354	0.002033308578573394	0.0006963863715457374	0.0003298672286269283	1.04610956	60.25177765	0.95920495	0.08819522973054869	0.0319974	0.00093
0.0157	-0.0765	0.099	0.0022636920398366456	0.0010349802464326373	0.0005445427266222308	0.98166019	56.53974915	0.95207431	0.1534826417072727	0.0313375	0.00089
0.0153	-0.0679	0.0587	0.0024225170017681294	0.001043706892692609	0.0007941248096574199	1.01473439	58.44469452	0.95321591	0.07015668456133223	0.0327201	0.00118
0.0185	-0.0595	0.0503	0.0022898719786165604	0.0009040805525330626	0.0007609635538695277	1.01026845	58.18746948	0.95017169	0.03527163095495039	0.0341662	0.00127
0.02	-0.0407	0.0734	0.0022043508452688383	0.0009040805525330626	0.0007016223593017205	1.02863622	59.24538422	0.95109346	0.05064311639577648	0.0338391	0.00105
0.0222	-0.0178	0.1051	0.0018867009214058703	0.0008726646259971648	0.0005794493116621174	0.94808429	54.60591125	0.93323396	0.08036194490192344	0.0342653	0.00112
0.0249	-0.0442	0.1092	0.001748819910498318	0.0008866272600131194	0.0005602506898901797	1.02748191	59.17889786	0.95149203	0.041752113334772245	0.0344636	0.00109
0.0229	-0.1435	0.0647	0.00222529479629277	0.000895353906273091	0.0006632251157578452	1.04953337	60.44897461	0.98372389	0.17520879789610447	0.0340146	0.00125
0.0232	-0.1174	0.0162	0.002490584842595908	0.000932005820564972	0.0007853981633974483	1.04534149	60.2075386	0.9661228	0.09610575041173107	0.0345814	0.00161
0.0231	-0.0589	0.087	0.002251474735072685	0.0008552113334772215	0.0005672320068981572	0.99457997	57.28387833	0.97880531	0.15610353755551326	0.0327883	0.0009
0.0281	0.0155	0.135	0.0018133970928221085	0.0007504915783575615	0.0004729842272904633	1.03548467	59.63982773	0.97593033	0.15925225884889652	0.0339732	0.00101
0.0235	-0.0657	0.1272	0.0019617500792416262	0.0009459684545809266	0.00045902159327450867	1.04832053	60.37912369	0.97582306	0.11148962483294184	0.0322449	0.0008
0.024	-0.1115	0.054	0.002368411794956305	0.0008377580409572782	0.0006859143960337716	1.08474112	62.47680664	0.99078359	0.15658824660487952	0.0329776	0.00117
0.0238	-0.0786	0.0432	0.0023998277214922034	0.0007993607974134029	0.000731292956585624	0.98357242	56.64988708	0.93762246	0.049659586531581285	0.0335838	0.00115
0.0231	-0.0454	0.0628	0.0024137903555081575	0.0008604473212332044	0.0006771877497737998	1.02160072	58.84016418	0.94941513	0.05995771823237898	0.0340925	0.00118
0.0238	0.0019	0.1275	0.002064724505109292	0.000890117918517108	0.0005009094953223725	1.07942355	62.17053223	0.98475284	0.14045073510670983	0.0331249	0.0009
0.0271	-0.0292	0.1306	0.0019425514574696887	0.0008360127117052838	0.0004991641660703782	1.07041454	61.65164948	0.96465736	0.04640117918517109	0.0326121	0.00089
0.0251	-0.1144	0.0848	0.0024242623310201236	0.000947713783832921	0.0007155849933176752	1.04038537	59.92208862	0.97381717	0.17349163864626843	0.0324	0.00094
0.0254	-0.0954	0.0541	0.002495820830351891	0.0008970992355250854	0.0007661995416255106	1.05137777	60.5552063	0.94825876	0.05863937979737192	0.0342426	0.00122
0.0215	-0.0756	0.0576	0.0025464353786597265	0.00091106186954104	0.0007557275661135446	1.04006791	59.90380096	0.9502825	0.030952457891787792	0.0338126	0.00115
0.0212	-0.0211	0.1304	0.0022427480888127134	0.0010262536001726657	0.0005759586531581287	1.06528425	61.35616302	0.97830313	0.15753239667170274	0.0319926	0.00075
0.0243	-0.0108	0.1526	0.0018814649336498872	0.0010140362954087054	0.0005078908123303499	1.00552595	57.9143219	0.93514237	0.05767841503772828	0.0329553	0.00098
0.02	-0.1268	0.1142	0.002488839513343914	0.001186823891356144	0.000577703982410123	1.10268199	63.51012421	1.00811107	0.20119876728606195	0.0314082	0.00089
0.0239	-0.1063	0.0604	0.002593559268463574	0.0009581857593448868	0.0007714355293814937	1.08222806	62.33206177	0.97675599	0.1045544717051144	0.0322812	0.00119
0.0251	-0.075	0.0617	0.0025883232807075904	0.0009372418083209549	0.0007661995416255106	0.98354316	56.64820099	0.93484148	0.035370796326794934	0.0317215	0.00104
0.0218	-0.0279	0.1202	0.002562143341927676	0.0010873401239924673	0.0005916666164260777	1.02187598	58.85601807	0.96446502	0.12644055898254297	0.030426	0.00075
0.0241	0.0075	0.1501	0.0022410027595607188	0.0010314895879286487	0.00045902159327450867	1.02138913	58.82797623	0.95484491	0.09308180707911728	0.030918	0.00077
0.0242	-0.0737	0.1257	0.0025569073541716926	0.0010471975511965976	0.0005131268000863328	1.03559649	59.64626694	0.97199123	0.12498588823453732	0.0289711	0.00054
0.0219	-0.086	0.088	0.0026616271092913526	0.0009808750396208131	0.0007452555906015787	0.98850101	56.93375397	0.94753687	0.07245855286053453	0.0307192	0.00069
0.0245	-0.0816	0.0658	0.002754129559647052	0.0009145525280450286	0.0007644542123735164	0.98756498	56.87984085	0.93590215	0.03810117918517106	0.031284	0.00093
0.0207	-0.0529	0.1352	0.002722713633111154	0.0010786134777324957	0.0005358160803622592	1.06061888	61.08745575	0.98842794	0.12310575041173108	0.0285424	0.00047
0.0233	-0.0166	0.1648	0.002389355745980237	0.0009564404300928925	0.0004363323129985824	1.0387727	59.82920456	0.95838334	0.09625073510670985	0.0290794	0.00052
0.0243	-0.0871	0.1498	0.002665117767795341	0.0011117747335203881	0.00048520153205442357	0.96243548	55.43248367	0.94264856	0.11049827721492204	0.0281923	0.00043
0.0202	-0.1085	0.11	0.003001966313430246	0.001155407964820246	0.0007557275661135446	1.02213168	58.87075043	0.94794831	0.0978503905496942	0.0285033	0.00057
0.021	-0.0849	0.0847	0.0029059732045705585	0.0010873401239924673	0.0008761552845011534	1.01296329	58.34268188	0.9511921	0.06392443340375376	0.0309926	0.0008
0.0233	-0.0642	0.1155	0.00277332818141899	0.0011274826967883368	0.0008080874436733745	1.022264	58.87837219	0.95689469	0.06584277183876086	0.0293865	0.00056
0.0254	-0.007	0.1627	0.002441715623540067	0.0011379546723003027	0.0005724679946541401	0.96600044	55.63780975	0.95039751	0.13538519912050614	0.0290927	0.00048
0.0277	-0.0427	0.1571	0.0025080381351158514	0.0012060225131280816	0.0006318091892219474	0.98125207	56.51624298	0.93760842	0.05328657734856856	0.0288849	0.00053
0.0261	-0.1205	0.0846	0.0029024825460665696	0.0011641346110802177	0.0008674286382411819	1.02848816	59.23685455	0.98310146	0.1854975881008908	0.0296191	0.00063
0.0263	-0.0814	0.0592	0.0028379053637427798	0.0009826203688728075	0.0008080874436733745	1.00321579	57.78126526	0.95060649	0.07997163095495034	0.0308093	0.00092
0.0218	-0.0553	0.0961	0.002820452071222836	0.0010873401239924673	0.0007487462491055673	0.97749478	56.29983902	0.94787614	0.07657571211037055	0.0289131	0.0006
0.0248	-0.0009	0.1493	0.0026668630970473357	0.0011274826967883368	0.0005881759579220891	1.0100894	58.17715836	0.96061336	0.1283150919077424	0.0283192	0.00043
0.0217	-0.0586	0.1447	0.0027960174616949163	0.0013281955607676848	0.0006108652381980154	1.02741873	59.17525864	0.95951635	0.08302782544514271	0.0273566	0.00039
0.0169	-0.1084	0.1009	0.00312413936106985	0.001361356816555577	0.0008779006137531476	1.05518603	60.77454758	0.96984696	0.12981592653589788	0.0272603	0.00046
0.0216	-0.0925	0.0689	0.0031311206780778272	0.0011466813185602744	0.0009581857593448868	0.97469974	56.13885498	0.94113367	0.06769709802975096	0.028674	0.00065
0.0211	-0.0709	0.0833	0.00326551103048139	0.0011850785621041497	0.0008726646259971648	1.02642655	59.11811447	0.94456773	0.049415436464758	0.0288773	0.00064
0.0221	-0.0351	0.1507	0.0031293753488258326	0.0012688543661998775	0.000619591884457987	1.07473886	61.90071106	0.98794749	0.12784921136452315	0.0271568	0.00044
0.026	-0.0301	0.1613	0.0029181905093345183	0.0012147491593880533	0.000619591884457987	1.01407158	58.40651703	0.94260754	0.03276450231515692	0.0272489	0.00032
0.0187	-0.0982	0.1285	0.003298672286269283	0.0014538592669112763	0.0008080874436733745	1.00869381	58.09677887	0.95354615	0.14860437218366876	0.0268179	0.00045
0.0181	-0.103	0.0798	0.0033894294073729884	0.0013857914260834976	0.0009983283321407565	1.03012514	59.33114243	0.96152645	0.07155329251994333	0.0288073	0.00061
0.0179	-0.0778	0.075	0.0032916909692613052	0.0013142329267517303	0.0009843656981248017	1.02768767	59.19075394	0.95070797	0.03936297857297026	0.0287865	0.00056
0.0188	-0.0545	0.1418	0.003235840433197487	0.001500983156715123	0.000804596785169386	0.99559474	57.3423233	0.9602624	0.11211848394913136	0.0261903	0.00027
0.0221	-0.0267	0.1647	0.0031223940318178558	0.0014538592669112763	0.0006928957130417488	0.99603659	57.36777496	0.9372153	0.06761356816555575	0.0267564	0.00028
0.0157	-0.1097	0.138	0.003412118687648914	0.001673770752662562	0.0007906341511534313	1.03300166	59.49681473	0.96824704	0.1464687289847013	0.0262353	0.00031
0.0163	-0.1078	0.0846	0.003447025272688801	0.0014974924982111347	0.0010262536001726657	1.06865215	61.5501442	0.96492971	0.07824021442552746	0.02739	0.00042
0.0218	-0.0917	0.0573	0.0033894294073729884	0.001270599695451872	0.0010297442586766543	0.94622225	54.49866486	0.92638961	0.0632989663289532	0.0289263	0.00058
0.02	-0.0711	0.1141	0.003623303527140228	0.0014259339988793671	0.0008779006137531476	1.04835927	60.38135147	0.97302104	0.10625260340591208	0.0264985	0.00031
0.0243	-0.0328	0.1559	0.0033824480903650108	0.0014189526818713899	0.0007208209810736582	1.05512583	60.77108383	0.96997776	0.1046458193231342	0.0256714	0.00031
0.0205	-0.0759	0.145	0.0034330626386728466	0.0015184364492350666	0.000783652834145454	0.98766613	56.88566971	0.93724531	0.06844650843716543	0.0250604	0.00024
0.0165	-0.108	0.0895	0.003607595563872279	0.0015707963267948967	0.0010524335389525807	1.00750744	58.0284462	0.95221973	0.11638367537831944	0.0266407	0.00046
0.0207	-0.0883	0.0738	0.003426081321664869	0.0013142329267517303	0.0011327186845443199	1.02336287	58.94165802	0.95756997	0.06551813939211577	0.0282122	0.00055
0.0216	-0.0732	0.0722	0.003312634920285238	0.0013404128655316449	0.0010733774899765126	1.02650261	59.12249374	0.95153454	0.027548376736367647	0.0298562	0.0006
0.02	-0.0509	0.1468	0.003145083312093782	0.0014276793281313615	0.0008377580409572782	1.02993679	59.32029343	0.97293101	0.12302187599052036	0.0280516	0.00029
0.0219	-0.0218	0.1646	0.002780309498426967	0.0013526301702956054	0.0008255407361933179	0.93222666	53.69257355	0.92835198	0.07140201381332656	0.0299456	0.00062
0.0211	-0.1207	0.1448	0.0031311206780778272	0.0014974924982111347	0.000726056968829641	1.04737759	60.32481003	0.98349403	0.14925786374650327	0.0278363	0.00045
0.024	-0.1799	0.0537	0.0033702307856010505	0.001350884841043611	0.0009704030641088471	1.07554853	61.94734955	1.00103244	0.1847031929984977	0.030735	0.00106
0.0224	-0.1234	0.0398	0.0033946653951289706	0.0014329153158873448	0.0008604473212332044	1.05405867	60.7096138	0.96983471	0.08282104136236486	0.0305628	0.00084
0.0205	-0.0481	0.1343	0.0032515483964654355	0.001583013631558857	0.0007190756518216638	1.04839158	60.38321304	1.00255396	0.1934293491873294	0.0289523	0.00052
0.0189	-0.0078	0.1683	0.0029269171555944902	0.0015969762655748114	0.0006230825429619757	1.00970328	58.15491867	0.9523825	0.0976293491873294	0.0294578	0.00059
0.0178	-0.1185	0.1116	0.003426081321664869	0.0016929693744344998	0.0007173303225696694	1.12405753	64.74127197	1.01483619	0.202970252726888	0.028967	0.00058
0.0256	-0.1211	0.0524	0.0034871678454846703	0.0013526301702956054	0.0009302604913129776	1.14840734	66.14373016	0.9927155	0.1003177948351002	0.0304862	0.00065
0.027	-0.0823	0.0776	0.003450515931192789	0.0013596114873035826	0.0008709192967451704	0.99127591	57.09357834	0.95177212	0.0705487212933833	0.0290712	0.00044
0.0245	-0.0134	0.1575	0.0031922072018976287	0.0013683381335635543	0.0005689773361501514	1.09377861	62.9973259	0.99582765	0.17974886680750754	0.0287098	0.00053
0.0218	-0.0582	0.1617	0.003190461872645634	0.0014852751934471744	0.0005550147021341969	1.08010185	62.20959854	0.97441017	0.05833225115757847	0.0278184	0.00051
0.0219	-0.1581	0.0764	0.003586651612848347	0.0014608405839192536	0.0007853981633974483	1.15861952	66.73191071	1.02864064	0.21785039054969424	0.0278246	0.00054
0.0234	-0.1316	0.0432	0.0034819318577286873	0.0013700834628155487	0.000853466004225227	0.98053986	56.47522354	0.94187755	0.07437723585255715	0.0298981	0.00069
0.024	-0.0817	0.0924	0.003637266161156183	0.0014590952546672592	0.0006841690667817771	1.06561267	61.37508011	0.97140237	0.1203821516361328	0.0279856	0.0005
0.0244	-0.0227	0.1466	0.003157300616857742	0.0013962634015954637	0.0005480333851262194	1.08885646	62.71383286	0.98141447	0.1475466539512897	0.028173	0.0004
0.0237	-0.0858	0.1391	0.003333578871309169	0.0014590952546672592	0.0005550147021341969	1.030388	59.34627914	0.95841151	0.08360457122656001	0.026427	0.00034
0.024	-0.1308	0.0738	0.0037262779530078936	0.001410226035611418	0.0007644542123735164	1.03710926	59.73339844	0.9668396	0.14315039054969425	0.027055	0.00042
0.0213	-0.0849	0.0537	0.0036128315516282617	0.0014765485471872027	0.0007627088831215222	1.03348589	59.52470779	0.94059328	0.07777571211037054	0.030534	0.00081
0.0166	-0.058	0.0926	0.003581415625092364	0.0015707963267948967	0.0006073745796940267	1.05297399	60.6471405	0.9661929	0.08454990047855437	0.0291974	0.00045
0.0172	-0.0017	0.1491	0.003068288825006031	0.001574286985298885	0.0005131268000863328	1.07179391	61.73109818	0.97782134	0.14394326190990078	0.0286541	0.00047
0.0183	-0.0848	0.1288	0.003478441199224699	0.0016667894356545846	0.0005480333851262194	0.96827364	55.76873779	0.9473776	0.1313780704807127	0.0264908	0.00029
0.0234	-0.1402	0.0741	0.003830997708127553	0.0014364059743913332	0.0007906341511534313	1.03575397	59.65533829	0.96496965	0.15647703680966588	0.0285869	0.00077
0.0216	-0.1175	0.0596	0.0038397243543875246	0.001499237827463129	0.0007190756518216638	1.02201724	58.86415863	0.94684596	0.04615584993317673	0.0290024	0.00065
0.021	-0.0558	0.1317	0.0034609879067047556	0.0015062191444711063	0.0005323254218582705	1.0578022	60.92523193	0.98125047	0.163023399732707	0.0277238	0.00036
0.025	-0.0226	0.1591	0.003218387140677544	0.0013997540600994523	0.0004415683007545654	0.9458698	54.47836304	0.93566859	0.08659114857512853	0.0273789	0.00036
0.0211	-0.1351	0.1162	0.003858922976159462	0.0016318828506146981	0.000598647933434055	1.07601285	61.97409058	0.99187081	0.21078721293383268	0.0272515	0.00051
0.0203	-0.1115	0.0757	0.0038432150128915135	0.0014748032179352085	0.0007435102613495844	1.03097475	59.38007355	0.95786392	0.08078249619314838	0.0287023	0.00061
0.0162	-0.0859	0.0737	0.0037594392087957856	0.001499237827463129	0.0007068583470577034	0.99897301	57.53689957	0.94067141	0.038943116395776474	0.0287479	0.00065
0.0179	-0.0354	0.1488	0.003682644721708035	0.0016458454846306526	0.0005550147021341969	0.97976059	56.43033981	0.96433511	0.14606228945893904	0.0263767	0.00029
0.0238	0.0053	0.1772	0.003375466773357033	0.0015707963267948967	0.0005358160803622592	0.99952215	57.56852722	0.94382999	0.09507128639793479	0.0289931	0.00039
0.0263	-0.1114	0.1525	0.0036931166972200015	0.0016528268016386303	0.0005742133239061344	1.0296222	59.3021698	0.97777869	0.16580388211252886	0.0272188	0.00031
0.0284	-0.1247	0.0953	0.003820525732615587	0.0014172073526193955	0.0007976154681614085	1.03932893	59.8612442	0.96527593	0.10192153143350474	0.0281979	0.00046
0.0266	-0.1005	0.0912	0.0038030724400956446	0.0014416419621473165	0.0007976154681614085	0.92613536	53.34173965	0.92104416	0.03219439510239317	0.027812	0.00044
0.0251	-0.0534	0.1666	0.0038903389026953604	0.001609193570338772	0.0005410520681182421	1.03864753	59.82199478	0.9776876	0.14956907354171692	0.0256234	0.00023
0.0233	-0.0517	0.179	0.0036285395148962112	0.0016126842288427606	0.0005305800926062762	1.0026176	57.74681473	0.94786115	0.029688101090755183	0.0255882	0.00021
0.0202	-0.1212	0.1593	0.0039706240482871	0.0017086773377024485	0.0006178465552059926	0.9954685	57.33505249	0.94879691	0.11856720524251464	0.024033	0.0002
0.0187	-0.108	0.1068	0.004070107815650777	0.001656317460142619	0.0008552113334772215	0.96725035	55.70980072	0.93711182	0.08666042115973677	0.0257558	0.00032
0.0226	-0.0999	0.1021	0.004176572900022431	0.0015428710587629874	0.0008866272600131194	0.99097943	57.07649994	0.94085605	0.02926637061435916	0.0265033	0.00036
0.0205	-0.0562	0.1645	0.003977605365295077	0.0016528268016386303	0.0006440264939859076	1.03567934	59.65103912	0.97077247	0.13577620218151043	0.0245808	0.00016
0.0235	-0.032	0.19	0.003701843343479973	0.001562069680534925	0.0005724679946541401	0.94939011	54.68112183	0.92993641	0.07460388211252882	0.0247841	0.00017
0.0186	-0.1067	0.1606	0.004187044875534397	0.001811651763570114	0.0006946410422937432	1.01201594	58.28812408	0.95060315	0.15184783313646083	0.0243111	0.00023
0.0122	-0.1116	0.1133	0.004317944569433971	0.001932079481957723	0.0009512044423369096	1.00854731	58.08834076	0.95423725	0.08399454061651747	0.02574	0.00033
0.0171	-0.1027	0.0958	0.004169591583014453	0.0017034413499464657	0.0010157816246606998	1.0029366	57.76518631	0.94110874	0.0533784150377283	0.0262456	0.0004
0.0173	-0.0926	0.1268	0.004197516851046362	0.0017767451785302276	0.0008639379797371932	0.94545251	54.45433044	0.93127807	0.05395363707695888	0.0247785	0.00024
0.021	-0.0505	0.1867	0.004145156973486532	0.0018151424220741027	0.0006335545184739417	1.02330792	58.93849564	0.96867121	0.12175702911834783	0.0243001	0.00017
0.0207	-0.0928	0.1733	0.00411199571769864	0.001790707812546182	0.0006510078109938849	1.01185751	58.27899933	0.9546586	0.05975245789178778	0.0238917	0.00022
0.0246	-0.1187	0.1414	0.004248131399354198	0.001614429558094755	0.0007749261878854823	0.99702793	57.42486954	0.93968634	0.0835166156499291	0.0234718	0.00013
0.0291	-0.1138	0.0952	0.004274311338134113	0.001424188669627373	0.0008918632477691023	0.97131675	55.94400787	0.93475503	0.07226789435654586	0.0252354	0.0003
0.025	-0.1082	0.0835	0.0042655846918741415	0.0014364059743913332	0.0009128071987930344	0.98939413	56.98519516	0.94416712	0.023494395102393185	0.0256522	0.00025
0.0207	-0.0661	0.1573	0.004143411644234539	0.0016196655458507376	0.0006841690667817771	1.06132936	61.12837601	0.98435407	0.1469035375555132	0.022353	0.00018
0.0215	-0.0339	0.1708	0.0037437312455278365	0.0016790067404185449	0.0006702064327658224	0.93536568	53.87336731	0.92795366	0.07014921136452322	0.0247392	0.00013
0.0195	-0.1108	0.144	0.004105014400690663	0.0018081611050661253	0.000752236907609556	1.02111959	58.81245804	0.96143127	0.134323399732707	0.0240101	0.00016
0.0234	-0.1302	0.0774	0.0040945424251786966	0.0015184364492350666	0.0010454522219446034	1.04378784	60.11805344	0.97358497	0.11957059728390362	0.0266253	0.0003
0.027	-0.106	0.097	0.004040437218366873	0.001481784534943186	0.0009704030641088471	1.02886057	59.2583046	0.95626389	0.05569031394697303	0.0253891	0.00023
0.0258	-0.0555	0.1599	0.0037088246604879502	0.0015847589608108511	0.000736528944341607	0.99379498	57.23866653	0.96216307	0.1480230551756914	0.025283	0.0003
0.0297	-0.0556	0.1788	0.004234168765338243	0.0014364059743913332	0.0008621926504851988	1.05769992	60.91933441	0.97212874	0.06286803987067013	0.0235447	0.00019
0.0203	-0.117	0.3231	0.007970918693858103	0.001583013631558857	0.0012112585008840647	1.34591973	77.51966095	1.18932793	0.42672117180431246	0.0143701	0.00016
0.0237	-0.2767	0.2306	0.008991936306274786	0.0017383479349863521	0.0010384709049366262	1.15887058	66.74636841	1.09263318	0.32305697558958085	0.013011	0.00025
0.0419	-0.2596	0.0559	0.007944738755078189	0.0019250981649497454	0.0014067353771074296	1.20294285	69.28475952	1.10495433	0.2901106126665396	0.0193201	0.00032
0.0715	-0.2553	-0.315	0.014142402928910051	0.0015219271077390555	0.0013700834628155487	1.72990954	99.63595581	1.587349	0.7366743572667216	0.0441632	0.02588
0.0466	-0.1696	-0.3505	0.012608258516407036	0.002033308578573394	0.0004485496177625427	1.7816149	102.61398315	1.63338962	0.294452986419518	0.0472518	0.02485
0.0428	-0.1169	-0.0311	0.009300859583877783	0.0021938788697568722	0.000593411945678072	1.3981396	80.52732086	1.29526636	0.556541577581413	0.0251255	0.00286
0.04	-0.1234	0.0157	0.009018116245054702	0.0017680185322702558	0.000593411945678072	1.06599867	61.39731598	1.00988581	0.09153018381548486	0.0216249	0.0009
0.0358	-0.162	-0.0386	0.006661921754862355	0.001553343034274953	0.000804596785169386	1.16692162	67.21007538	1.04774922	0.23620274138394817	0.0275545	0.00045
0.0317	-0.1378	-0.0525	0.006548475353482724	0.0017540558982543013	0.0008395033702092724	1.04985642	60.46758652	0.95221839	0.05965329251994329	0.0287257	0.00106
0.0376	-0.1087	0.0323	0.006656685767106373	0.001790707812546182	0.0007120943348136865	1.12748051	64.93842316	1.00307834	0.1334135681655558	0.0246972	0.0006
0.0428	-0.0602	0.1084	0.00653102206096278	0.001726130630222392	0.0007120943348136865	1.14977908	66.22273254	1.00199565	0.13931204442336917	0.0214502	0.00027
0.0418	-0.1819	0.0905	0.0071087260433729035	0.0018325957145940458	0.0006754424205218055	1.04293966	60.06920624	0.97652014	0.1766410490536829	0.0202774	0.00017
0.0452	-0.2037	0.0407	0.007394960040699974	0.0016999506914424768	0.000926769832808989	1.05151713	60.56323242	0.96000575	0.10851032163829112	0.0233425	0.00032
0.0427	-0.1905	0.0394	0.007189011188964644	0.0017243853009703976	0.0009197885158010115	1.0502696	60.49137878	0.95168375	0.028868238913561398	0.0231645	0.00019
0.0358	-0.1377	0.123	0.006819001387541846	0.0018552849948699724	0.0006684611035138282	1.04864872	60.39802551	0.98065755	0.18091184538047783	0.0192678	7e-05
0.0401	-0.0907	0.1576	0.006735225583446118	0.0018517943363659836	0.0005550147021341969	1.02842927	59.23346329	0.94616577	0.09593564319896736	0.0195352	0.00013
0.0393	-0.1711	0.1052	0.007279768310068348	0.0019722220547535923	0.0007190756518216638	1.0371747	59.73716736	0.97347609	0.17505156973486527	0.0205356	0.00011
0.0443	-0.1557	0.0716	0.007112216701876892	0.0017575465567582897	0.0009599310885968812	1.03432083	59.57279587	0.95352675	0.08515412714809883	0.0211306	0.00011
0.0447	-0.1274	0.0681	0.0070528755073090855	0.0017819811662862105	0.0009459684545809266	0.9225654	53.13612366	0.91661469	0.03708692190558408	0.021223	7e-05
0.0414	-0.0949	0.1469	0.007363544114164076	0.00199142067652553	0.0007714355293814937	1.04124248	59.97145462	0.97350699	0.14933205211468717	0.0195314	0.00011
0.0427	-0.0716	0.1896	0.006855653301833726	0.0020298179200694054	0.0006719517620178169	1.03260541	59.47399139	0.96271736	0.09958859116189513	0.0185808	0.00011
0.0427	-0.1531	0.1694	0.007201228493728604	0.0021258110289290935	0.0008569566627292158	0.97175771	55.96940613	0.94401851	0.13302866007329825	0.0173712	3e-05
0.0445	-0.1656	0.114	0.007428121296487867	0.0020280725908174107	0.0010873401239924673	1.00800025	58.05683136	0.94143191	0.09745073510670985	0.019441	0.0001
0.0447	-0.1562	0.0979	0.0073897240529439915	0.0019460421159736775	0.0011257373675363424	0.99290317	57.18730164	0.93833732	0.033641248096574164	0.0203772	9e-05
0.0461	-0.1473	0.1196	0.007206464481484587	0.001895427567665842	0.0011274826967883368	0.99641913	57.38980484	0.94113781	0.04378097245096176	0.0193037	5e-05
0.0476	-0.1128	0.1858	0.007152359274672762	0.0020245819323134223	0.0008656833089891874	0.95277059	54.87582397	0.94310346	0.12445294796292772	0.0169991	4e-05
0.0475	-0.1275	0.1899	0.007347836150896126	0.002171189589480946	0.0008587019919812101	0.99259681	57.16965485	0.93578893	0.0363532925199433	0.0178274	0.00011
0.0433	-0.1741	0.1657	0.007529350393103537	0.0022706733568446224	0.001001818990644745	1.00178051	57.69860077	0.94376644	0.09620575041173118	0.0171112	7e-05
0.0485	-0.1489	0.1525	0.007321656212116212	0.0020210912738094335	0.001090830782496456	0.9687975	55.79890823	0.93373461	0.07091440279371125	0.0168424	4e-05
0.0505	-0.1451	0.1486	0.007435102613495844	0.002061233846605303	0.001043706892692609	0.95468986	54.98636627	0.92165632	0.01973564319896744	0.0171901	5e-05
0.0472	-0.1148	0.2059	0.007335618846132167	0.0022270401255447643	0.0008691739674931761	0.99854004	57.51196289	0.95446372	0.11289114857512857	0.0162569	5e-05
0.0497	-0.0952	0.2053	0.006778858814745977	0.002092649773141201	0.0009145525280450286	1.00831425	58.07492065	0.94556326	0.05952644721708029	0.016503	9e-05
0.0483	-0.1869	0.1851	0.007274532322312366	0.00222529479629277	0.0009983283321407565	0.97714657	56.27978134	0.94819917	0.1489047167406843	0.0149208	4e-05
0.0522	-0.172	0.1421	0.007548549014875476	0.0020472712125893483	0.0012164944886400475	0.96508306	55.58497238	0.93308965	0.09531032163829112	0.0158613	3e-05
0.0564	-0.1661	0.1312	0.007700392659798981	0.0019233528356977512	0.0012322024519079964	0.98328996	56.6336174	0.9376583	0.03557349925415257	0.0160993	5e-05
0.0554	-0.1507	0.1504	0.007518878417591571	0.0018814649336498872	0.0011850785621041497	1.00444579	57.852108	0.94163157	0.04912630170295604	0.0149674	2e-05
0.0571	-0.1107	0.1931	0.007414158662471912	0.0018727382873899156	0.001001818990644745	0.94590867	54.48060226	0.93369963	0.09923529864195174	0.0136905	4e-05
0.0595	-0.1331	0.1875	0.007703883318302971	0.0019931660057775245	0.0010122909661567112	1.00200021	57.71125793	0.9405697	0.051431217486531663	0.0145137	6e-05
0.0585	-0.1668	0.1512	0.007693411342791005	0.0018517943363659836	0.0011274826967883368	1.01914728	58.69885635	0.94729685	0.08435176877775664	0.0147249	5e-05
0.0635	-0.1514	0.1295	0.007506661112827611	0.0016528268016386303	0.0011711159280881952	0.98404872	56.67731857	0.93202644	0.06356754979953023	0.0147764	2e-05
0.0703	-0.1529	0.1119	0.0076009088924353044	0.0015515977050229591	0.001223475805648025	0.95339054	54.91152954	0.92112704	0.03829183768915971	0.0155789	3e-05
0.0625	-0.1468	0.1715	0.007805112414918642	0.0017016960206944712	0.0010210176124166828	1.02535427	59.05635452	0.96425184	0.1013380015693096	0.013486	5e-05
0.0608	-0.1078	0.1906	0.00728849495632832	0.0018081611050661253	0.0009093165402890458	1.02539718	59.05882645	0.95044666	0.09653918075448066	0.0132586	3e-05
0.0635	-0.1709	0.1732	0.007501425125071628	0.0017383479349863521	0.0009512044423369096	0.96450591	55.55173111	0.93320199	0.09943156204354726	0.012704	5e-05
0.071	-0.1705	0.1421	0.007559020990387442	0.0015446163880149814	0.0011030480872604163	0.99640912	57.38922882	0.93968336	0.0591585528605345	0.0148141	4e-05
0.0678	-0.168	0.1247	0.0074996797958196346	0.001593485607070823	0.001165879940332212	0.99598831	57.36499405	0.94089134	0.03165211333477222	0.0155118	6e-05
0.0654	-0.1349	0.173	0.0074228853087318835	0.0016912240451825054	0.0010402162341886204	1.03558147	59.64540482	0.96329101	0.09880983156715123	0.0145445	2e-05
0.0646	-0.1011	0.2108	0.007049384848805097	0.0016912240451825054	0.0009983283321407565	0.98809499	56.91036987	0.94985427	0.09316941809873251	0.0165026	5e-05
0.0636	-0.1441	0.1964	0.0068329640215578	0.001839577031602023	0.0009808750396208131	0.9484216	54.62533951	0.93005046	0.07751135530933789	0.0170114	0.00014
0.0649	-0.2356	0.1591	0.007632324818971204	0.0018744836166419098	0.0011519173063162574	1.00479531	57.87223816	0.96723389	0.1803654824574367	0.0164013	0.00017
0.066	-0.2013	0.1104	0.007449065247511799	0.0016196655458507376	0.0013927727430914749	1.04986346	60.46799088	0.97647128	0.11804665395128972	0.0173083	9e-05
0.0645	-0.1384	0.1785	0.0073897240529439915	0.0016772614111665507	0.0011414453308042916	1.06913733	61.57808685	0.98737775	0.1509132236085402	0.0159945	5e-05
0.0662	-0.0876	0.2115	0.006853907972581732	0.001656317460142619	0.0010332349171806431	0.97426403	56.11375809	0.94149472	0.11874852225049196	0.0175619	0.00016
0.0506	-0.1742	0.2064	0.007099999397112933	0.0016109388995907662	0.0008674286382411819	1.10005069	63.35857773	0.98001615	0.1301638132011257	0.0167429	0.0001
0.0378	-0.1916	0.1737	0.007117452689632876	0.0015603243512829306	0.0010681415022205296	1.11115527	63.99815369	0.96947501	0.0763390352403563	0.0162507	6e-05
0.0446	-0.1606	0.155	0.006564183316750673	0.0014172073526193955	0.0011676252695842063	0.99353868	57.22390366	0.95028836	0.09629350694547072	0.0177268	7e-05
0.0467	-0.1023	0.2306	0.006710790973918196	0.0016598081186466073	0.0008883725892651138	1.08122015	62.2740097	0.98291925	0.16942305517569137	0.0161629	0.0001
0.0562	-0.084	0.2531	0.006541494036474748	0.0015603243512829306	0.0009407324668249436	1.06263804	61.20375443	0.95873889	0.06635702911834775	0.0167896	0.0001
0.0594	-0.1832	0.226	0.006923721142661505	0.0016528268016386303	0.001075122819228507	1.05125833	60.5483284	0.96859998	0.159955995447301	0.0148609	7e-05
0.0661	-0.2166	0.1703	0.007374016089676042	0.0013578661580515882	0.0013072516097437528	1.04215813	60.02419281	0.95293467	0.14466921905584126	0.0162757	0.00013
0.0598	-0.1843	0.166	0.007340854833888149	0.0013892820845874865	0.0013020156219877698	1.04150331	59.9864769	0.95304558	0.04639065850398876	0.0160959	8e-05
0.0589	-0.1209	0.2391	0.007110471372624898	0.0014748032179352085	0.0010454522219446034	1.08525944	62.50665665	0.98065169	0.1660233997327069	0.0144929	5e-05
0.0639	-0.086	0.2666	0.006759660192974038	0.0013334315485236678	0.0009599310885968812	0.96655613	55.66981506	0.93146808	0.09628519912050616	0.0157161	9e-05
0.0556	-0.1979	0.2268	0.007621852843459237	0.0015166911199830724	0.001022762941668677	1.10639882	63.72420502	0.99574275	0.21541420375082	0.0149983	5e-05
0.0581	-0.2129	0.1528	0.007400196028455957	0.0014486232791552935	0.0013107422682477415	1.08364284	62.41354752	0.97853196	0.1203851991205062	0.0156906	7e-05
0.0543	-0.1625	0.1842	0.007323401541368206	0.0013473941825396225	0.0012374384396639797	1.01799226	58.63233566	0.95104662	0.0981663706143592	0.0144295	4e-05
0.0559	-0.092	0.2643	0.007363544114164076	0.0013805554383275148	0.0009564404300928925	1.0446409	60.16719055	0.97586299	0.16991509190774248	0.0150213	7e-05
0.0565	-0.1092	0.2954	0.007346090821644133	0.0013421581947836393	0.0007958701389094143	1.04347038	60.09977341	0.95463357	0.059721041362364856	0.0146314	7e-05
0.0551	-0.2039	0.2551	0.007857472292478471	0.0013421581947836393	0.0009232791743050004	1.04540277	60.2110672	0.9756372	0.16833952531149615	0.0131031	4e-05
0.0564	-0.1792	0.2092	0.007766715171374767	0.0012007865253720988	0.0012339477811599909	1.01143599	58.25471497	0.951165	0.09903986986851171	0.0133628	4e-05
0.0569	-0.1487	0.2365	0.007908086840786307	0.0012374384396639797	0.0010733774899765126	0.96934319	55.83033752	0.93519984	0.07522969374434493	0.0133665	0.00016
0.0581	-0.0968	0.3096	0.007812093731926618	0.0012793263417118436	0.0008307767239493009	1.05801034	60.93721771	0.97846257	0.14522408884673824	0.0133647	7e-05
0.0572	-0.1439	0.3029	0.007847000316966505	0.001270599695451872	0.0008621926504851988	1.01722026	58.58787155	0.9526195	0.0584524578917878	0.0127648	6e-05
0.0586	-0.1868	0.2817	0.00822399143539728	0.0012531464029319286	0.0010384709049366262	1.00704813	58.00199509	0.94206122	0.09403613327010735	0.0114284	2e-05
0.0622	-0.1758	0.2214	0.008246680715673206	0.001155407964820246	0.0012601277199399059	1.02140164	58.82870102	0.94270195	0.09200422666954432	0.0123923	7e-05
0.0584	-0.1532	0.2198	0.008309512568745004	0.0012758356832078548	0.0012740903539558604	1.02682269	59.14093399	0.94608799	0.037861110273768095	0.0127937	7e-05
0.0569	-0.1038	0.313	0.008208283472129332	0.0012723450247038664	0.0009424777960769379	1.0808475	62.25254822	0.98174524	0.16591661564992913	0.0118275	6e-05
0.0604	-0.0903	0.3365	0.008063421144213804	0.0012077678423800758	0.0008377580409572782	0.95473915	54.98920441	0.92312963	0.056207963267948975	0.0126585	9e-05
0.0595	-0.1783	0.3127	0.008986700318518804	0.0012426744274199627	0.0008342673824532895	1.05075705	60.51945877	0.97397129	0.1607838208924438	0.0125201	0.00012
0.0617	-0.1801	0.2571	0.00871966494296367	0.001158898623324235	0.0011833332328521555	1.05728459	60.89541626	0.96722229	0.09459385150248642	0.0120167	5e-05
0.0604	-0.1729	0.2304	0.008524188066740305	0.0011711159280881952	0.0013421581947836393	0.98434091	56.69414902	0.93362372	0.053525957145940446	0.0115067	3e-05
0.0554	-0.1387	0.283	0.008571311956544151	0.0013788101090755204	0.0011397000015522971	0.99095303	57.07498169	0.94351565	0.11466381320112567	0.0128321	2e-05
0.0567	-0.1128	0.3231	0.00828856861772107	0.0013910274138394805	0.0009023352232810684	1.021083	58.81034851	0.95620011	0.09391627109291353	0.0124128	5e-05
0.0577	-0.1526	0.2997	0.008103563717009672	0.0014346606451393388	0.0009983283321407565	1.01821268	58.64502716	0.95231365	0.08043156204354723	0.0121267	6e-05
0.0648	-0.2208	0.2034	0.00828856861772107	0.001270599695451872	0.0013421581947836393	1.07669735	62.01351547	0.99799812	0.20624478565208737	0.0123391	6e-05
0.0688	-0.2056	0.1473	0.008726646259971648	0.0011082840750163993	0.0016318828506146981	0.98459518	56.70879364	0.97006989	0.11980589592585544	0.0133022	0.00018
0.059	-0.1442	0.2396	0.008527678725244294	0.0013997540600994523	0.0012897983172238095	1.04499483	60.18757248	0.99171269	0.2051261026600648	0.0112216	4e-05
0.0574	-0.0884	0.302	0.008178612874845429	0.001403244718603441	0.0010838494654884787	1.03305042	59.49962234	0.96946793	0.1477252680319092	0.0117707	3e-05
0.0573	-0.1735	0.2884	0.008545132017764237	0.001387536755335492	0.0011065387457644049	1.03481686	59.60136414	0.96281685	0.11904581932313411	0.0104005	3e-05
0.0626	-0.1904	0.2467	0.008943067087218945	0.001265363707695889	0.0013805554383275148	0.96562719	55.61631393	0.9362667	0.10360624048287106	0.0100592	4e-05
0.0632	-0.1747	0.2162	0.009145525280450286	0.0012514010736799342	0.0014556045961632708	1.04446208	60.15689087	0.94594228	0.06137349925415264	0.0117121	4e-05
0.0612	-0.1759	0.2084	0.00894132175796695	0.0012339477811599909	0.0015062191444711063	1.03795195	59.78193283	0.9461257	0.02461356816555577	0.0121837	6e-05
0.0601	-0.132	0.2937	0.008969247025998859	0.0012723450247038664	0.0011903145498601325	1.02586949	59.08602905	0.96920432	0.1494113553093379	0.0106565	2e-05
0.0607	-0.1017	0.34	0.009026842891314672	0.001282817000215832	0.0009861110273767962	1.02954531	59.29774475	0.94392644	0.09081356816555575	0.0127945	6e-05
0.0579	-0.1982	0.3041	0.009316567547145731	0.001382300767579509	0.0010821041362364843	1.06648946	61.42557907	0.97715329	0.15946007660272127	0.0122108	5e-05
0.0582	-0.1988	0.2602	0.009189158511750145	0.0012775810124598492	0.0013386675362796509	1.03152001	59.41147614	0.94699745	0.06923460952792063	0.0113052	2e-05
0.0621	-0.1973	0.2251	0.00930784090088576	0.001270599695451872	0.0014433872913993105	0.99632967	57.384655	0.93261236	0.05201917306316257	0.0122784	4e-05
0.0609	-0.1795	0.2096	0.009229301084546015	0.001329940890019679	0.001467821900927231	1.01148915	58.25777817	0.93925427	0.042615781021773616	0.0125123	3e-05
0.0599	-0.1569	0.2743	0.009204866475018093	0.0013456488532876281	0.0012356931104119853	1.02879524	59.25453949	0.96243729	0.10191356816555576	0.0108447	0.0
0.0655	-0.1094	0.3433	0.009363691436949578	0.0013159782560037243	0.0010053096491487337	1.00468218	57.86572266	0.95366069	0.143043951023932	0.0116561	5e-05
0.0669	-0.1618	0.3218	0.009628981483252716	0.0013665928043115599	0.0010978120995044332	1.01789856	58.62693787	0.95238466	0.09572035224833367	0.0115554	5e-05
0.0698	-0.1897	0.2603	0.009443976582541317	0.0011833332328521555	0.001446877949903299	1.0663569	61.41794205	0.96199403	0.12816651612848343	0.0105576	2e-05
0.0703	-0.1826	0.2219	0.009361946107697583	0.001181587903600161	0.0015585790220309364	0.960513	55.32175446	0.93069556	0.05577384381116826	0.0103174	9e-05
0.0658	-0.1724	0.2247	0.009463175204313255	0.001254891732183923	0.0015358897417550098	1.00612974	57.94910049	0.94117132	0.02736111027376805	0.0112588	6e-05
0.064	-0.1687	0.2484	0.009286896949861827	0.0012758356832078548	0.001424188669627373	1.0379293	59.7806282	0.95619624	0.04464616388014978	0.00971508	7e-05
0.0624	-0.1157	0.3362	0.00907396678111852	0.0013212142437597075	0.0011571532940722405	1.03431714	59.57258224	0.97416187	0.1686672052425146	0.00987267	4e-05
0.063	-0.1338	0.3326	0.008908160502179057	0.0013578661580515882	0.0011536626355682519	0.93379033	53.78263474	0.9204018	0.032597442586766605	0.0105176	0.00014
0.0622	-0.2434	0.294	0.009782570457428216	0.0014538592669112763	0.0012618730491919003	1.05214298	60.5992775	0.98492443	0.2029306738866248	0.0102485	0.0001
0.0618	-0.2209	0.2174	0.009580112264196876	0.0012740903539558604	0.001593485607070823	1.06498301	61.3388176	0.98033523	0.13519198320328388	0.0105011	6e-05
0.0582	-0.1901	0.2006	0.009374163412461545	0.0012356931104119853	0.0015847589608108511	1.02820837	59.22074127	0.95188962	0.06385363707695892	0.0104386	2e-05
0.0622	-0.1623	0.2607	0.009740682555380353	0.0012479104151759456	0.001308996938995747	1.00995922	58.16965866	0.96120634	0.1246249234748936	0.0106259	5e-05
0.0627	-0.1126	0.3396	0.00975988117715229	0.001244419756671957	0.0010768681484805013	1.08057857	62.23705673	0.98282593	0.1418409035395586	0.0116013	8e-05
0.0639	-0.1565	0.3448	0.009730210579868387	0.0012322024519079964	0.0010960667702524388	1.06831586	61.53077698	0.96152193	0.05335432619099006	0.010628	2e-05
0.061	-0.1969	0.3259	0.010164797563614976	0.0013386675362796509	0.001158898623324235	0.99951941	57.56837082	0.93621323	0.09239419605950192	0.0101541	7e-05
0.0568	-0.1909	0.2929	0.010419615634406148	0.0014590952546672592	0.0013159782560037243	1.0475359	60.33392715	0.9563666	0.06981627109291351	0.0100821	5e-05
0.0599	-0.1838	0.2487	0.009939650090107706	0.0012775810124598492	0.0015446163880149814	1.068102	61.51845932	0.96101551	0.09890589592585544	0.00935394	1e-05
0.0574	-0.1744	0.3029	0.010042624515975372	0.0013334315485236678	0.0012740903539558604	0.99856699	57.51351547	0.94529304	0.08756754979953028	0.00943667	9e-05
0.0593	-0.1343	0.3627	0.010238101392198736	0.0013578661580515882	0.0010838494654884787	1.05683327	60.86942291	0.96569313	0.12230761871093336	0.0103037	7e-05
0.0595	-0.1681	0.352	0.009834930334988046	0.001308996938995747	0.0011606439525762293	1.06615484	61.40631104	0.96177058	0.07114173816771414	0.0102103	4e-05
0.0631	-0.2246	0.3092	0.00994488607786369	0.0013264502315156904	0.0013281955607676848	1.03902137	59.84352875	0.96236836	0.1176480321793521	0.009242	3e-05
0.0709	-0.2266	0.2122	0.009597565556716819	0.001282817000215832	0.0015865042900628454	1.09531653	63.08590698	0.99117917	0.13926312408709443	0.0105413	4e-05
0.0633	-0.1668	0.3242	0.009817477042468103	0.001329940890019679	0.001223475805648025	1.11019266	63.94271469	1.01226957	0.2109031929984976	0.00953543	4e-05
0.0649	-0.1119	0.3596	0.009269443657341885	0.0011746065865921838	0.0011501719770642632	1.05123079	60.54674149	0.96227695	0.13073357585687378	0.0108091	7e-05
0.0601	-0.2016	0.3521	0.009560913642424935	0.0013927727430914749	0.0011257373675363424	0.98910326	56.96844101	0.95066844	0.1287035375555131	0.0111119	3e-05
0.0638	-0.2504	0.2625	0.009857619615263971	0.001329940890019679	0.0014835298641951804	1.01199865	58.28712845	0.96626092	0.17796651612848352	0.0107949	0.00015
0.062	-0.2173	0.2201	0.009843656981248018	0.001282817000215832	0.001579522973054868	1.0794853	62.17408752	0.98052713	0.08515398163397446	0.0109575	5e-05
0.0603	-0.1549	0.3156	0.00988379955404389	0.001329940890019679	0.0012374384396639797	1.09606206	63.12884521	0.9990068	0.18106754979953033	0.00997895	2e-05
0.061	-0.0976	0.3599	0.009677850702308557	0.0012130038301360591	0.0010611601852125523	1.03567195	59.65061569	0.96006677	0.127258208303519	0.012053	0.00012
0.0581	-0.1945	0.3349	0.010231120075190761	0.0014957471689591403	0.0010768681484805013	1.11431348	64.18005371	0.98906074	0.16738603374866176	0.012103	0.00017
0.0695	-0.2181	0.2268	0.00955393232541696	0.00124965574442794	0.0015446163880149814	1.17028844	67.4039917	1.01137251	0.212651370691974	0.0112855	3e-05
0.0666	-0.1987	0.2287	0.00971101195809645	0.0013665928043115599	0.00152367243699105	1.03846467	59.81146622	0.95100861	0.038948032179352034	0.0110992	0.00024
0.059	-0.1323	0.3357	0.009873327578531921	0.0014416419621473165	0.0011362093430483087	1.13000596	65.08387756	1.00641648	0.2122413936106985	0.0119692	0.00013
0.0629	-0.1268	0.3452	0.00942128730226539	0.0012932889757277981	0.0011571532940722405	1.05514038	60.77191544	0.94989877	0.04996686068549908	0.0116556	7e-05
0.0652	-0.2311	0.3076	0.010032152540463406	0.001420698011123384	0.001256637061435917	1.08160853	62.2963829	0.97580944	0.18608790204786396	0.0104469	0.00013
0.0623	-0.2352	0.2392	0.010046115174479361	0.0014276793281313615	0.0014765485471872027	1.05431259	60.72423935	0.96515147	0.0874427718387609	0.010713	8e-05
0.0587	-0.1807	0.2744	0.009745918543136336	0.0014311699866353504	0.0013456488532876281	1.04504275	60.19033813	0.96006289	0.1150293491873294	0.010321	2e-05
0.061	-0.1067	0.3497	0.009466665862817244	0.0013439035240356337	0.0010803588069844899	1.03355062	59.52843094	0.96475585	0.18319045946109727	0.0110418	0.00015
0.0591	-0.1686	0.3436	0.009922196797587763	0.0015306537539990272	0.001064650843716541	1.04470527	60.17089844	0.95368767	0.10279945640009304	0.0109937	5e-05
0.0593	-0.2244	0.2758	0.010060077808495316	0.001446877949903299	0.0013805554383275148	1.06161237	61.14467621	0.97232833	0.15067807048071283	0.0101864	4e-05
0.0594	-0.1956	0.2396	0.009761626506404286	0.0013020156219877698	0.0014870205226991688	0.9814499	56.52763748	0.93979068	0.09258893571891069	0.0100449	2e-05
0.0558	-0.1582	0.2692	0.010026916552707424	0.0014695672301792255	0.0013369222070276565	1.01183522	58.27770996	0.93822394	0.09974699850830528	0.0106457	2e-05
0.0545	-0.1087	0.3524	0.009897762188059843	0.0014957471689591403	0.0010506882097005862	1.0557133	60.80491638	0.97788671	0.1560784150377283	0.0112699	6e-05
0.0593	-0.1396	0.3636	0.00978431578668021	0.0013805554383275148	0.0010768681484805013	0.99581665	57.35510635	0.93815055	0.05964090353955863	0.0110322	3e-05
0.0604	-0.2153	0.3434	0.010459758207202017	0.001462585913171248	0.0011606439525762293	0.98982495	57.01000595	0.94637939	0.1390624349730634	0.0102514	6e-05
0.0647	-0.2062	0.289	0.010560987303817687	0.0013264502315156904	0.0013735741213195373	1.02299547	58.92050171	0.95458298	0.09031474735072675	0.0107486	6e-05
0.0599	-0.1904	0.2494	0.010060077808495316	0.0013334315485236678	0.0015306537539990272	1.02820706	59.22066879	0.95429393	0.09344852225049184	0.010501	4e-05
0.0578	-0.1661	0.3038	0.010225884087434776	0.0015306537539990272	0.0013002702927357754	0.98290306	56.61133575	0.94543508	0.11047059728390356	0.010093	5e-05
0.0596	-0.1152	0.3843	0.010513863414013842	0.0015638150097869194	0.0010925761117484504	1.04222739	60.02818298	0.97167888	0.15964173816771415	0.011708	5e-05
0.0558	-0.1787	0.3422	0.010449286231690051	0.001658062789394613	0.0011798425743481666	1.03367245	59.5354538	0.96082362	0.12170457122656	0.0105618	6e-05
0.0575	-0.2018	0.2741	0.010398671683382215	0.0016074482410867775	0.0015062191444711063	1.00575638	57.92759705	0.95152798	0.11428028333693054	0.00953245	2e-05
0.0618	-0.1887	0.2334	0.01038470904936626	0.0014887658519511632	0.0015463617172669759	1.01155424	58.26153183	0.94147012	0.06673937979737198	0.010603	3e-05
0.0585	-0.1956	0.1959	0.009807005066956136	0.0015254177662430443	0.0015481070465189703	1.02935362	59.2867012	0.95369362	0.07850506129769999	0.0109978	3e-05
0.055	-0.1604	0.2853	0.010065313796251299	0.0015812683023068625	0.001282817000215832	1.03967845	59.88137436	0.97934629	0.157072465583106	0.00896257	4e-05
0.0623	-0.1198	0.368	0.010508627426257857	0.0014486232791552935	0.0011117747335203881	1.02698517	59.15029144	0.96215443	0.16795004599267854	0.00983399	3e-05
0.0635	-0.1847	0.3495	0.010814060045356866	0.0014276793281313615	0.0011903145498601325	1.02421808	58.99091721	0.95874095	0.1048458193231343	0.00948966	3e-05
0.0655	-0.2026	0.2929	0.010554005986809712	0.0013281955607676848	0.0014590952546672592	1.0590198	60.99535751	0.96055666	0.10791592653589786	0.00833005	2e-05
0.0652	-0.2064	0.2448	0.010416124975902158	0.0013456488532876281	0.0016318828506146981	0.97710234	56.27723694	0.93490049	0.06860609496874681	0.00888884	0.0001
0.0612	-0.2032	0.2314	0.010452776890194039	0.001467821900927231	0.0016283921921107093	1.0159297	58.51353836	0.94847054	0.028715781021773613	0.0094341	6e-05
0.0583	-0.1648	0.3084	0.010494664792241901	0.0015079644737231008	0.001382300767579509	1.08139277	62.28395462	0.98239772	0.13470609496874664	0.00830847	4e-05
0.0598	-0.1274	0.3592	0.010335839830310419	0.0014835298641951804	0.0012356931104119853	0.96536845	55.60140991	0.94055094	0.10619336143134632	0.00921685	5e-05
0.0619	-0.1544	0.3589	0.010489428804485921	0.0015603243512829306	0.0011903145498601325	1.00653052	57.97217941	0.9412766	0.04318810109075527	0.00987148	7e-05
0.0668	-0.2083	0.3211	0.010744246875277093	0.0013177235852557187	0.001350884841043611	1.03801572	59.78560257	0.96040559	0.1294994564000931	0.00961041	9e-05
0.0726	-0.2037	0.2738	0.010494664792241901	0.0010978120995044332	0.0015638150097869194	1.04231095	60.03299713	0.96047852	0.09182118687648928	0.0091812	2e-05
0.0679	-0.1879	0.3138	0.010566223291573671	0.0011780972450961724	0.0013596114873035826	0.97260845	56.01840591	0.94936344	0.0783023583703423	0.0103071	0.0001
0.069	-0.1337	0.3696	0.010634291132401448	0.0012793263417118436	0.0011693705988362008	1.05195844	60.58865356	0.9785991	0.12907689129554148	0.0108136	0.00014
0.0697	-0.1777	0.3642	0.010615092510629512	0.0011606439525762293	0.0011938052083641214	1.05383635	60.69681168	0.96369767	0.05821578102177347	0.011044	0.00011
0.0645	-0.2272	0.2773	0.01048070215822595	0.001282817000215832	0.0014276793281313615	1.08641791	62.57338333	0.98646266	0.1661218759905203	0.010034	4e-05
0.0579	-0.2289	0.2003	0.010131636307827083	0.0014748032179352085	0.0015707963267948967	1.03315198	59.50547409	0.96501554	0.11950845333908885	0.0113868	0.00011
0.0499	-0.1952	0.2147	0.010339330488814408	0.001637118838370681	0.001467821900927231	1.07378781	61.84593582	0.97116532	0.07974921136452316	0.0109383	7e-05
0.0551	-0.149	0.3263	0.01058193125484162	0.0015917402778188286	0.0012339477811599909	1.14026904	65.67499542	1.01265622	0.1890926723173152	0.0097636	1e-05
0.0629	-0.1321	0.3603	0.010588912571849598	0.0014172073526193955	0.0011431906600562858	0.99341971	57.21705246	0.94003535	0.07231356816555586	0.0111177	0.0001
0.0623	-0.2217	0.3109	0.011129964639967842	0.0014416419621473165	0.0012112585008840647	1.10918558	63.8847084	0.99238173	0.1712777259236972	0.0103367	8e-05
0.0573	-0.2083	0.2497	0.010653489754173387	0.0014364059743913332	0.0015515977050229591	1.12260294	64.65749359	0.97926814	0.1207025038844666	0.0094192	3e-05
0.0463	-0.2	0.2025	0.010266026660230645	0.0016755160819145565	0.001514945790731078	0.98702508	56.84874725	0.94012781	0.09966125578789228	0.0100654	4e-05
0.0409	-0.1847	0.2202	0.010543534011297744	0.0019896753472735357	0.001335176877775662	1.0484159	60.38461304	0.95602136	0.07697177646907469	0.0105242	4e-05
0.0451	-0.143	0.295	0.010403907671138198	0.0018622663118779497	0.001192059879112127	1.10115182	63.42199707	0.98912869	0.14120761871093335	0.0102107	5e-05
0.0531	-0.1334	0.3459	0.010142108283339047	0.0017296212887263805	0.0012060225131280816	1.00827396	58.0725975	0.94735275	0.0889203522483337	0.0102075	4e-05
0.0561	-0.161	0.3481	0.010089748405779218	0.0017331119472303693	0.0012426744274199627	1.01361179	58.38003922	0.9310668	0.03742512251778497	0.0106949	6e-05
0.0555	-0.286	0.3044	0.010836749325632793	0.0018622663118779497	0.0012304571226560022	1.0508306	60.52369308	0.9902958	0.21371862946325576	0.0109708	0.00016
0.0648	-0.2669	0.1568	0.009899507517311838	0.0016301375213627037	0.0015899949485668342	1.11291707	64.09962463	1.03340428	0.25244542123735164	0.012754	0.00015
0.0655	-0.2059	0.1901	0.009998991284675513	0.0015987215948268059	0.0015306537539990272	1.01969135	58.73019409	0.97502138	0.10451204442336905	0.0123709	0.00014
0.0631	-0.122	0.293	0.009927432785343747	0.0015323990832510211	0.0013648474750595659	1.09540856	63.09120941	1.00151307	0.20438436449235056	0.0117945	8e-05
0.0613	-0.1512	0.3066	0.010100220381291184	0.001567305668290908	0.0013334315485236678	0.94394624	54.3675766	0.92862285	0.05655550537616114	0.0118988	6e-05
0.0599	-0.2448	0.2703	0.011047934165124106	0.0017435839227423352	0.0014364059743913332	1.09589374	63.11915207	0.99092166	0.19264832320760064	0.0114999	6e-05
0.0623	-0.2241	0.1952	0.010709340290237207	0.0015638150097869194	0.0016947147036864942	1.15977705	66.79857635	0.99882998	0.13703357585687376	0.0118675	0.00017
0.0572	-0.1764	0.2507	0.010691886997717262	0.001656317460142619	0.0014887658519511632	1.04310191	60.07854843	0.96748727	0.1240952297305487	0.0101458	7e-05
0.057	-0.1064	0.3198	0.010597639218109568	0.0015899949485668342	0.0012199851471440364	1.10894156	63.87065125	0.98415847	0.1607675497995303	0.011942	0.0004
0.0541	-0.1731	0.3179	0.010702358973229227	0.001759291886010284	0.001192059879112127	1.11102247	63.99050903	0.9809166	0.0865970980297509	0.0116736	0.00052
0.0532	-0.2398	0.2827	0.011016518238588208	0.0018675022996339327	0.0014660765716752368	1.11975348	64.49337769	0.97391156	0.137619318577287	0.00918287	4e-05
0.0578	-0.2383	0.2176	0.011004300933824247	0.0016196655458507376	0.0016336281798666925	1.05113649	60.54131317	0.95167723	0.0925802833369306	0.00992393	0.00018
0.0517	-0.2036	0.2413	0.011112511347447897	0.001801179788058148	0.0014957471689591403	1.06798112	61.5114975	0.96064238	0.08588028333693062	0.0103699	0.00012
0.0556	-0.1379	0.3506	0.010927506446736497	0.0017121679962064373	0.001228711793404008	1.10593772	63.69764328	0.99620051	0.2059526034059122	0.00950927	3e-05
0.0573	-0.1338	0.3755	0.010887363873940627	0.0016772614111665507	0.0011362093430483087	1.00772786	58.04114151	0.92848012	0.03907758040957275	0.0108125	0.00016
0.0517	-0.2283	0.3548	0.011625638147534229	0.0019216075064457567	0.001158898623324235	1.05456245	60.7386322	0.96970978	0.17106548245743666	0.0113374	0.0001
0.057	-0.2012	0.305	0.011353366784223114	0.0017296212887263805	0.0014451326206513049	1.05196714	60.58915329	0.95632007	0.11972457891787808	0.0102638	6e-05
0.0622	-0.1918	0.238	0.010924015788232508	0.0015481070465189703	0.0016074482410867775	0.9664883	55.66590881	0.9398388	0.12025904293167441	0.00993448	5e-05
0.0521	-0.1751	0.2482	0.0110496794943761	0.0017924531417981763	0.0013910274138394805	1.00403464	57.82843018	0.94372361	0.06632153143350482	0.0108594	5e-05
0.0528	-0.13	0.3491	0.011051424823628093	0.0018133970928221085	0.0011047934165124105	1.07823098	62.1018486	0.99565482	0.1621461638801498	0.0107836	2e-05
0.0557	-0.1328	0.3755	0.010939723751500458	0.0017418385934903407	0.0010978120995044332	0.96111339	55.35633469	0.92860415	0.041612044423369035	0.0103823	2e-05
0.0547	-0.2168	0.3262	0.011520918392414568	0.001947787445225672	0.0013386675362796509	1.03255832	59.47127914	0.96164732	0.18569994647123292	0.00991905	5e-05
0.0469	-0.2177	0.2713	0.011519173063162576	0.00204378055408536	0.0016231562043547262	1.01979637	58.73624039	0.95560939	0.08271135530933772	0.00972563	3e-05
0.0514	-0.197	0.2416	0.011110766018195902	0.001843067690106012	0.0016842427281745281	0.99977052	57.58283234	0.94097433	0.08841032163829118	0.00875437	2e-05
0.0548	-0.1939	0.2341	0.011145672603235787	0.0017400932642383465	0.0016615534478986017	0.95538253	55.02626038	0.91781941	0.022028514559173817	0.00880891	3e-05
0.0494	-0.1731	0.3156	0.011472049173358728	0.002005383310541485	0.0013892820845874865	1.0441556	60.13923645	0.97551051	0.1508968989868597	0.00869447	3e-05
0.0573	-0.1204	0.3715	0.010993828958312283	0.0017889624832941875	0.0012671090369478833	1.06301486	61.22546005	0.97052049	0.15734070449666732	0.00902861	5e-05
0.0584	-0.175	0.3701	0.011110766018195902	0.001778490507782222	0.001228711793404008	0.93881035	54.07176971	0.92350922	0.06539031394697305	0.00817412	1e-05
0.0569	-0.2347	0.3429	0.01180715238974164	0.0019146261894377795	0.0013264502315156904	1.00729215	58.01604843	0.94763338	0.13491302456564885	0.00844783	5e-05
0.0539	-0.2244	0.279	0.011753047182929814	0.0018832102629018814	0.0015865042900628454	1.04129589	59.97453308	0.96270277	0.09447875959474386	0.00813925	9e-05
0.0598	-0.2079	0.2507	0.011379546723003028	0.001673770752662562	0.0016912240451825054	1.03221452	59.45148087	0.94871209	0.0850829862642883	0.00750083	2e-05
0.0587	-0.2012	0.2522	0.011458086539342773	0.0017400932642383465	0.0016057029118347831	0.96940535	55.83391953	0.92832925	0.02081917306316259	0.00793028	0.00012
0.0547	-0.1637	0.3603	0.011906636157105317	0.0018657569703819383	0.0012514010736799342	1.08563328	62.5281868	0.99495139	0.19602575810304923	0.00862271	5e-05
0.057	-0.1289	0.39	0.011435397259066848	0.0017366026057343581	0.0012688543661998775	1.05533493	60.78312302	0.95730695	0.09769232776029965	0.00936073	4e-05
0.0586	-0.2141	0.378	0.011843804304033518	0.0017645278737662671	0.0012775810124598492	0.98336965	56.63820648	0.93903087	0.12105294796292757	0.00847453	3e-05
0.0574	-0.2139	0.3399	0.012213814105456317	0.0018675022996339327	0.0014346606451393388	1.02092612	58.80131531	0.94312522	0.07100319299849774	0.0086813	3e-05
0.0548	-0.2256	0.286	0.012011355912224977	0.0018570303241219666	0.001706932008450454	1.04912639	60.42553711	0.95568537	0.09246007660272104	0.00839269	6e-05
0.0546	-0.2018	0.3421	0.011897909510845343	0.0018308503853420514	0.0014660765716752368	1.02522874	59.04912567	0.95606828	0.09912408884673839	0.0078876	3e-05
0.0599	-0.1617	0.3872	0.011793189755725684	0.0017191493132144146	0.0013020156219877698	1.00109899	57.65934753	0.94460017	0.10952408884673812	0.00918186	3e-05
0.059	-0.1616	0.3892	0.011501719770642632	0.0017819811662862105	0.0012932889757277981	1.01236796	58.30839539	0.94207449	0.02115142422074102	0.00959116	2e-05
0.0588	-0.2372	0.3788	0.011707668622377961	0.0017662732030182616	0.001322959573011702	1.0081898	58.06775284	0.95217058	0.09876637061435907	0.0100464	5e-05
0.0627	-0.2402	0.3235	0.011761773829189788	0.0016982053621904826	0.0015184364492350666	1.03779757	59.77304077	0.96416607	0.07808249619314854	0.0095616	6e-05
0.0614	-0.2424	0.2645	0.011456341210090778	0.001635373509118687	0.0016283921921107093	0.99872243	57.52246857	0.96358189	0.08641101075232238	0.0105365	0.00012
0.0601	-0.1646	0.3617	0.011622147489030243	0.0016859880574265225	0.001298524963483781	1.06811619	61.51927567	1.00215676	0.20361440279371143	0.0113205	0.00012
0.0599	-0.1397	0.3795	0.011442378576074823	0.0016528268016386303	0.001282817000215832	1.03274047	59.48177338	0.95318431	0.05433190660056304	0.012248	0.00014
0.0602	-0.2416	0.3677	0.011838568316277538	0.0016667894356545846	0.001282817000215832	1.09414542	63.01845551	0.98316295	0.13450761871093345	0.0115258	8e-05
0.0709	-0.2468	0.3169	0.012238248714984239	0.0013177235852557187	0.001446877949903299	0.9801625	56.4534874	0.94190507	0.11234035993965168	0.0114595	0.00012
0.0692	-0.2312	0.2365	0.01203753585100489	0.0013037609512397642	0.0015865042900628454	1.18004823	67.96611786	1.00641641	0.11541509190774252	0.0121732	0.00023
0.0643	-0.2134	0.2411	0.011829841670017565	0.0013962634015954637	0.0016126842288427606	1.08344376	62.40208435	0.97049549	0.043618828506147005	0.0107768	0.00011
0.0634	-0.1575	0.3697	0.012390092359907744	0.0014905111812031574	0.0012339477811599909	1.14731717	66.08094025	1.02804745	0.23706174585903209	0.0116379	0.00022
0.061	-0.1407	0.395	0.012245230031992217	0.0016283921921107093	0.0011606439525762293	1.09643674	63.15042877	0.9680428	0.062302358370342086	0.0122237	0.00022
0.0623	-0.2376	0.3767	0.012407545652427689	0.0015969762655748114	0.0012723450247038664	1.09199452	62.8945694	0.97335897	0.13177163095495037	0.00948125	4e-05
0.069	-0.2379	0.3113	0.012679817015738806	0.0014049900478554352	0.0014172073526193955	1.10501945	63.6447525	0.96969193	0.10285599544730106	0.00964969	0.00011
0.0671	-0.2409	0.262	0.01228362727553609	0.0014137166941154068	0.0015987215948268059	1.0885551	62.69647598	0.96638925	0.08352153143350487	0.00900549	4e-05
0.0625	-0.2038	0.3332	0.012269664641520135	0.0014695672301792255	0.0013753194505715315	1.05000019	60.4758606	0.97112471	0.1275607657167524	0.00817686	4e-05
0.064	-0.1521	0.414	0.012634438455186952	0.0015132004614790836	0.0010768681484805013	1.08194232	62.31560135	0.97726697	0.16934291735288523	0.0104527	4e-05
0.0643	-0.1727	0.4077	0.012140510276872556	0.0014922565104551516	0.0011152653920243766	1.05190587	60.58562088	0.95525825	0.05486346864411009	0.0104164	5e-05
0.0665	-0.2502	0.3574	0.012231267397976262	0.001429424657383356	0.0013142329267517303	1.04082179	59.94722748	0.95970075	0.14762782544514275	0.00899237	3e-05
0.0692	-0.253	0.2561	0.01197644932718509	0.0014416419621473165	0.0016615534478986017	1.06145251	61.13547134	0.97838747	0.1375177948351002	0.0087949	4e-05
0.0621	-0.1969	0.3554	0.012253956678252185	0.001553343034274953	0.0012863076587198209	1.07470918	61.89900589	0.99259794	0.20072271061867564	0.00862741	3e-05
0.0637	-0.1413	0.3945	0.011780972450961723	0.0014224433403753785	0.0012269664641520136	1.04435301	60.15060806	0.95836759	0.1294612557878922	0.00981545	5e-05
0.063	-0.2061	0.3909	0.01189616418159335	0.0014643312424232424	0.00119729586686811	0.95189875	54.8256073	0.92994876	0.07843751149816972	0.00938261	2e-05
0.0663	-0.2623	0.3637	0.012629202467430968	0.0013962634015954637	0.0012374384396639797	0.97375584	56.08449173	0.93746527	0.12876243497306328	0.00939405	0.00011
0.0669	-0.2475	0.2932	0.012583823906879114	0.0013334315485236678	0.001446877949903299	1.08289099	62.37024689	0.9817664	0.10178249619314841	0.00934792	4e-05
0.0581	-0.1971	0.3759	0.012374384396639796	0.0014590952546672592	0.0012479104151759456	1.07171321	61.72644806	0.98034088	0.16860353755551313	0.00938272	3e-05
0.0606	-0.1487	0.409	0.012260937995260164	0.001514945790731078	0.0011623892818282235	1.0205133	58.7775383	0.93995876	0.09674090353955864	0.0107078	0.00019
0.0548	-0.2308	0.3908	0.012836896648418295	0.001785471824790199	0.0011397000015522971	1.08053708	62.23466873	0.97138081	0.14955869837465893	0.0113467	0.0001
0.0475	-0.215	0.3251	0.012500048102783386	0.0018779742751458986	0.0015114551322270892	1.10379815	63.5744133	0.97272877	0.12885530633327005	0.00940293	3e-05
0.0509	-0.2169	0.2647	0.012201596800692358	0.0017034413499464657	0.0016999506914424768	0.98092484	56.49739838	0.93580745	0.09877398932529245	0.0087592	5e-05
0.0486	-0.1913	0.3429	0.01273043156404664	0.0018517943363659836	0.0013665928043115599	1.05587089	60.81399155	0.97176293	0.1566272818452358	0.00966555	4e-05
0.0528	-0.1309	0.399	0.01217367153266045	0.001785471824790199	0.0011938052083641214	1.06705117	61.45793533	0.97345598	0.1604935069454707	0.00960994	3e-05
0.0553	-0.1609	0.3981	0.011815879036001611	0.0016947147036864942	0.0011466813185602744	0.94054234	54.17152405	0.91864743	0.05818367537831952	0.00892335	5e-05
0.0551	-0.2384	0.3793	0.012526228041563302	0.0018325957145940458	0.0011641346110802177	0.99859506	57.5151329	0.94500558	0.1397841654494593	0.00931883	4e-05
0.0613	-0.243	0.2921	0.012468632176247491	0.001567305668290908	0.0015166911199830724	1.02801669	59.20970154	0.96776203	0.13177212102609015	0.00846064	4e-05
0.0551	-0.2245	0.3023	0.012226031410220278	0.0016667894356545846	0.0015062191444711063	1.03320706	59.50864792	0.96057415	0.05252782544514276	0.00779682	1e-05
0.0561	-0.1576	0.3857	0.011952014717657167	0.001637118838370681	0.0012479104151759456	1.01994717	58.74493027	0.9688971	0.17939980095710875	0.00854081	4e-05
0.0584	-0.1718	0.3799	0.011936306754389218	0.001656317460142619	0.001186823891356144	0.95775843	55.1631012	0.91618842	0.027099655442984375	0.00858796	4e-05
0.0592	-0.2697	0.3471	0.012810716709638379	0.0016912240451825054	0.0012688543661998775	1.03625989	59.68447876	0.96812142	0.181067350756639	0.00938803	6e-05
0.0567	-0.2552	0.2277	0.011988666631949049	0.0015446163880149814	0.0015882496193148398	1.14962053	66.21360016	1.01622106	0.20080264939859083	0.00909537	5e-05
0.0509	-0.2237	0.1688	0.011220721761071544	0.0017313666179783749	0.0015376350710070042	1.01231766	58.30550003	0.96270109	0.14646548245743668	0.00946969	3e-05
0.0527	-0.1668	0.3135	0.012431980261955609	0.001839577031602023	0.0012409290981679683	1.18287206	68.12876129	1.03944998	0.28420874436733745	0.00995344	6e-05
0.0547	-0.1265	0.3891	0.012370893738135807	0.0017243853009703976	0.0011431906600562858	1.09219766	62.90627289	0.97981067	0.13160083462815547	0.0111302	7e-05
0.0539	-0.1958	0.3823	0.012583823906879114	0.0018081611050661253	0.0011885692206081383	0.99548012	57.33572388	0.94138005	0.0940042266695444	0.00971907	4e-05
0.0493	-0.2315	0.3055	0.012864821916450202	0.00205599785884932	0.001467821900927231	1.06172752	61.15131378	0.96702013	0.15750437218366875	0.0102878	4e-05
0.0524	-0.237	0.2406	0.012360421762623844	0.0017959438003021652	0.001609193570338772	1.06933999	61.58975983	0.96846647	0.11879129408925267	0.00999981	5e-05
0.0513	-0.2196	0.2211	0.011889182864585374	0.0018099064343181197	0.0015463617172669759	0.99673277	57.40787125	0.94292396	0.06540166925631107	0.00913811	3e-05
0.0509	-0.185	0.3689	0.012892747184482113	0.0018500490071139892	0.0011449359893082802	1.14120889	65.72912598	1.03033757	0.2550566310325652	0.00992006	5e-05
0.0536	-0.1594	0.3983	0.01262571180892698	0.0017435839227423352	0.0011431906600562858	1.03552902	59.64237976	0.95391502	0.07646228945893906	0.0103139	6e-05
0.0535	-0.2276	0.3793	0.0128351513191663	0.0016964600329384882	0.00119729586686811	0.99106729	57.08156204	0.94003702	0.10283343034274954	0.00922471	2e-05
0.0577	-0.2355	0.3166	0.01307251609743753	0.0016772614111665507	0.001450368608407288	1.03404057	59.55665588	0.9540424	0.10028180707911724	0.00927842	5e-05
0.0611	-0.2365	0.2611	0.01267458102798282	0.001520181778487061	0.0016074482410867775	1.06119013	61.12035751	0.96445231	0.09550471674068445	0.00885558	3e-05
0.0583	-0.2071	0.3266	0.01266585438172285	0.0015498523757709647	0.001408480706359424	1.03152084	59.41152954	0.96482598	0.10956823891356132	0.0084759	3e-05
0.0566	-0.1622	0.3942	0.01291194580625405	0.0016301375213627037	0.0011903145498601325	1.02582097	59.08323669	0.95816	0.14142713633111156	0.0101051	4e-05
0.0564	-0.1873	0.3915	0.012850859282434247	0.0016336281798666925	0.0012077678423800758	1.0197382	58.7328949	0.94812853	0.03210152374218676	0.0104073	4e-05
0.057	-0.2399	0.3473	0.012967796342317869	0.0016196655458507376	0.0013334315485236678	1.04681516	60.29241562	0.95635749	0.11022817000215844	0.00917435	1e-05
0.0533	-0.2451	0.2599	0.012788027429362452	0.001658062789394613	0.0016388641676226754	1.02541733	59.05998611	0.96452918	0.12247993877991496	0.00964701	0.00018
0.0478	-0.2231	0.2975	0.013086478731453481	0.0017505652397503124	0.0015166911199830724	1.0529753	60.6472168	0.97153972	0.09075634000431658	0.00935346	6e-05
0.0513	-0.1659	0.3767	0.012849113953182252	0.0017208946424664088	0.0013055062804917586	1.09921324	63.31034088	0.99180488	0.16381101075232232	0.00981033	3e-05
0.0567	-0.1551	0.3846	0.012431980261955609	0.0016824973989225337	0.0013055062804917586	0.94830877	54.61883926	0.92817825	0.04687654673852597	0.0106195	9e-05
0.0612	-0.1779	0.3823	0.012438961578963586	0.0016109388995907662	0.0012880529879718153	1.00889659	58.10845566	0.94155777	0.03439965544298442	0.0111056	0.00014
0.0589	-0.275	0.374	0.013301154229448785	0.0017086773377024485	0.0013002702927357754	1.04478014	60.17520905	0.97358792	0.15630741966804212	0.011764	0.00022
0.0746	-0.3205	0.1034	0.02168920661453353	0.0008080874436733745	0.0019006635554218248	1.76538432	101.67916107	1.55056507	0.8262517770899934	0.0296258	0.01181
0.1539	-0.3418	-0.2026	0.025110051948442423	0.0017418385934903407	0.0029688050576423546	1.98965955	114.59653473	1.79295398	0.6777368992973194	0.05067	0.03826
0.1264	-0.3748	0.008	0.014051645807806348	0.002230530784048753	0.002698279023583233	1.89351141	109.05877686	1.70365914	0.8619812182626804	0.0244362	0.00396
0.104	-0.2525	0.2232	0.013941690064930705	0.0022130774915288098	0.002333505209916419	1.20974338	69.67643738	1.12766345	0.38450914245312007	0.0161899	0.0006
0.0922	-0.1779	0.3163	0.01426283064729766	0.0019826940302655584	0.0020350539078253884	1.21891618	70.20475769	1.03650241	0.2219987672860619	0.0160829	0.00066
0.0809	-0.2746	0.3065	0.014971434323607358	0.0021886428820008896	0.0019495327744776662	1.1433953	65.85505676	1.01827745	0.1678036830696376	0.017058	0.00047
0.0895	-0.3014	0.2229	0.01521403508963457	0.0019617500792416262	0.002314306588144481	1.1602118	66.82361603	1.00350714	0.16071336912266443	0.0150447	0.00022
0.0878	-0.2708	0.2031	0.015257668320934429	0.001811651763570114	0.0022898719786165604	1.1150614	64.22312927	0.97694765	0.06300830782496458	0.0159774	0.00058
0.0825	-0.1835	0.3185	0.015104079346758928	0.0019931660057775245	0.0018814649336498872	1.16790628	67.2667923	1.02293663	0.2451755130674792	0.0152674	0.00053
0.0832	-0.1687	0.343	0.014381513036433273	0.0019582594207376374	0.0018901915799098587	1.08619463	62.56052017	0.97011079	0.0783099770812757	0.013812	0.00053
0.0822	-0.2929	0.3252	0.015224507065146536	0.0022060961745208325	0.0018709929581379211	1.12232053	64.64122772	0.99959708	0.19850147021341977	0.0136129	0.00026
0.0819	-0.2962	0.2641	0.01561720614684526	0.002186897552748895	0.0021799162357409173	1.06743157	61.47984314	0.97022799	0.1007410490536829	0.0139637	0.00015
0.0812	-0.264	0.2532	0.015107570005262918	0.0020141099568014562	0.0021799162357409173	1.05835199	60.95689774	0.96127564	0.07792118687648909	0.0127185	4e-05
0.0792	-0.1943	0.3536	0.014723597569824163	0.002082177797629235	0.001778490507782222	1.03481746	59.60139847	0.97414938	0.21477330021126145	0.0126745	0.00013
0.0796	-0.1751	0.382	0.014840534629707783	0.0020629791758572974	0.0016667894356545846	1.01431823	58.42072678	0.94202198	0.06039183768915972	0.0140835	0.0001
0.0765	-0.2919	0.3622	0.015496778428457652	0.0022060961745208325	0.0016301375213627037	1.05178213	60.57849884	0.98153071	0.18150063558526425	0.0151334	0.0001
0.0767	-0.2671	0.3061	0.015404275978101954	0.00217293491873294	0.001954768762233649	1.01236141	58.30802155	0.95373466	0.10361474735072684	0.0140703	5e-05
0.085	-0.2577	0.2497	0.015271630954950384	0.001954768762233649	0.002036799237077382	1.00093615	57.64997101	0.93540587	0.09574208272472973	0.0143091	0.00012
0.0779	-0.1961	0.3692	0.01547583447743372	0.0020856684561332234	0.0016510814723866359	1.09541178	63.0913887	1.00015502	0.2242410490536828	0.015358	0.00012
0.0796	-0.1612	0.4022	0.015074408749475025	0.0020106192982974674	0.001572541656046891	1.00973177	58.15655899	0.95109558	0.09735073510670984	0.0157271	9e-05
0.0807	-0.2559	0.3828	0.015564846269285431	0.0019826940302655584	0.0015987215948268059	0.98669064	56.82948303	0.94658646	0.1424271363311115	0.015579	6e-05
0.0804	-0.257	0.3391	0.01585457092511649	0.002054252529597326	0.0018552849948699724	0.99910492	57.54449844	0.94770325	0.07599232776029953	0.0156449	9e-05
0.0833	-0.254	0.292	0.015515977050229588	0.002015855286053451	0.0020943951023931952	0.99748135	57.45098495	0.94699828	0.08380506129769996	0.0147598	3e-05
0.0775	-0.2224	0.361	0.015275121613454373	0.00209614043164519	0.001762782544514273	0.98666191	56.82782745	0.953614	0.1390376570122938	0.014123	2e-05
0.0803	-0.1631	0.406	0.014940018397071462	0.002033308578573394	0.001621410875102732	0.9719907	55.98282623	0.93771183	0.13406533694331244	0.0142032	5e-05
0.0764	-0.2477	0.401	0.01538682268558201	0.0021921335405048776	0.0015323990832510211	1.00347114	57.79597473	0.9540971	0.1282320521146871	0.0149816	0.00013
0.075	-0.3059	0.3632	0.015769049791768765	0.002171189589480946	0.0017174039839624202	1.02208471	58.86804199	0.95380967	0.12680879789610436	0.0147353	5e-05
0.0806	-0.2822	0.2999	0.015416493282865913	0.0019512781037296606	0.002050761871093337	0.97372419	56.0826683	0.94171778	0.13789129408925277	0.0126312	3e-05
0.0793	-0.2594	0.2647	0.015468853160425742	0.0019495327744776662	0.0021013764194011725	1.00183785	57.70190048	0.93804438	0.06453598775598293	0.0128313	7e-05
0.0721	-0.2225	0.3683	0.01561720614684526	0.002089159114637212	0.0017208946424664088	1.08027232	62.21942139	0.99323955	0.18112305517569144	0.0137086	3e-05
0.0736	-0.1599	0.4222	0.015357152088298104	0.0020141099568014562	0.001574286985298885	1.00058222	57.62958527	0.95635936	0.1420855436775218	0.0140124	4e-05
0.072	-0.2495	0.3913	0.0159121667904323	0.002118829711921116	0.0016318828506146981	1.04287541	60.06550598	0.95893402	0.15796651612848356	0.0147032	7e-05
0.0629	-0.255	0.3369	0.016081463727875753	0.0023387411976724015	0.0018168877513260971	1.0308069	59.37040329	0.95349512	0.09771066619530684	0.0142594	5e-05
0.0701	-0.246	0.2675	0.015515977050229588	0.002036799237077382	0.002078687139125246	1.02055144	58.77973175	0.95693195	0.14206140130201667	0.0124232	2e-05
0.0709	-0.2482	0.255	0.01568178332916905	0.002015855286053451	0.0020594885173533086	1.00033796	57.61551285	0.93176058	0.025797442586766608	0.0123491	2e-05
0.0665	-0.2168	0.368	0.015873769546888426	0.002165953601724963	0.0017191493132144146	1.07239544	61.76573944	0.99258534	0.18292118687648903	0.0129647	4e-05
0.0704	-0.1806	0.4087	0.015439182563141838	0.002097885760897184	0.0016301375213627037	1.01348507	58.37273788	0.94744024	0.1103833308213039	0.0130153	4e-05
0.0655	-0.2654	0.3937	0.015833626974092557	0.0022689280275926286	0.0016458454846306526	0.98414898	56.68309402	0.94213172	0.13375973204570565	0.0128626	9e-05
0.0531	-0.2854	0.3546	0.016308356530635015	0.0026843163895672786	0.0018657569703819383	1.0119549	58.28460693	0.94729081	0.12700147021341962	0.013245	4e-05
0.0575	-0.2679	0.2877	0.01573763386523287	0.0024818581963359366	0.002209586833024821	1.05109489	60.53891373	0.96479215	0.1446505360638185	0.01156	4e-05
0.0644	-0.2331	0.3619	0.015697491292437	0.0021642082724729686	0.001858775653373961	0.99516571	57.31761551	0.96026263	0.1513301838154849	0.0114834	3e-05
0.0694	-0.1794	0.4396	0.015978489302008087	0.0020594885173533086	0.0015882496193148398	1.04709268	60.30840302	0.97104022	0.16921218993749343	0.0136104	4e-05
0.0706	-0.2448	0.431	0.016090190374135723	0.0019826940302655584	0.0016702800941585732	1.036111	59.67589951	0.95540499	0.08872630170295595	0.0137186	5e-05
0.0714	-0.252	0.407	0.016151276897955525	0.001837831702350029	0.0017243853009703976	0.9911831	57.08823013	0.93254107	0.045002702927357835	0.0130726	4e-05
0.0729	-0.2585	0.3377	0.016283921921107097	0.0018692476288859267	0.0018779742751458986	1.04577696	60.23262405	0.96085988	0.09318249619314849	0.0123572	7e-05
0.0722	-0.265	0.3429	0.016198400787759373	0.001785471824790199	0.0018762289458939042	1.05106103	60.53696442	0.95946255	0.020952113334772263	0.0122163	3e-05
0.0688	-0.2144	0.4263	0.01598023463126008	0.0018692476288859267	0.001673770752662562	1.03492737	59.60772705	0.96790407	0.16262000769131826	0.0131148	4e-05
0.0698	-0.216	0.4314	0.015974998643504098	0.0018936822384138475	0.0016004669240788003	0.98668653	56.82924652	0.92703638	0.012848721293383134	0.0134853	4e-05
0.0665	-0.289	0.4155	0.016451473529298547	0.0019268434942017398	0.0016074482410867775	1.03861988	59.82040405	0.95946252	0.11803087292951592	0.0143308	6e-05
0.0667	-0.2822	0.352	0.016210618092523332	0.0019425514574696887	0.0019285888234537342	1.07766271	62.0691185	0.96709569	0.09938519912050599	0.0124366	3e-05
0.0633	-0.288	0.2571	0.015887732180904383	0.002001892652037496	0.0022043508452688383	1.01312006	58.35171509	0.96208664	0.13699945640009295	0.0119181	0.0001
0.06	-0.2611	0.3381	0.0162821765918551	0.002145009650701031	0.001858775653373961	1.08373487	62.41884613	0.9868075	0.15535683007545636	0.0126126	9e-05
0.065	-0.1932	0.4057	0.015905185473424323	0.002038544566329377	0.0017453292519943296	1.09443653	63.0352211	0.98594078	0.17034513020910305	0.0133031	9e-05
0.0666	-0.2057	0.4108	0.015618951476097254	0.0020717058221172693	0.0017662732030182616	0.96770453	55.7359581	0.92707459	0.03621696020694462	0.0131232	3e-05
0.0645	-0.2818	0.3922	0.016240288689807234	0.0021275563581810873	0.0017662732030182616	1.01515019	58.46864319	0.94739208	0.1306593874886899	0.0142018	9e-05
0.0671	-0.2909	0.3365	0.016505578736110374	0.0020839231268812296	0.0020210912738094335	1.04690862	60.29779816	0.96418443	0.09558706741970845	0.0135669	9e-05
0.0668	-0.274	0.2639	0.01591914810744028	0.0019425514574696887	0.0022916173078685546	1.09641469	63.14915848	0.98705648	0.13971641660703776	0.0124096	5e-05
0.0618	-0.2484	0.3579	0.0159121667904323	0.002089159114637212	0.0019355701404617114	1.01829326	58.64966965	0.97463595	0.15008180707911725	0.01306	7e-05
0.0656	-0.1927	0.402	0.015753341828500817	0.0020629791758572974	0.0017662732030182616	1.02460778	59.01336288	0.95572951	0.12131509190774246	0.0139419	7e-05
0.0641	-0.2634	0.394	0.01598896127752005	0.0021467549799530253	0.0017348572764823637	1.05820668	60.94852829	0.96073142	0.09774055898254302	0.0143027	0.00011
0.064	-0.314	0.3728	0.016308356530635015	0.0021118483949131386	0.001853539665617978	1.07948935	62.17432404	0.96760612	0.09554921136452318	0.0147002	4e-05
0.0728	-0.3085	0.2967	0.016114624983663645	0.001843067690106012	0.0021642082724729686	1.01546955	58.48703766	0.96204145	0.1290590429316744	0.0131096	4e-05
0.0674	-0.3028	0.235	0.015936601399960223	0.0019024088846738192	0.0022235494670407763	1.07013392	61.6354866	0.9625216	0.08763529864195185	0.0134968	0.00012
0.0602	-0.2536	0.3581	0.0161896741414994	0.0020943951023931952	0.0018657569703819383	1.14875984	66.16403198	1.01940851	0.2196425727958696	0.0141817	0.00015
0.0613	-0.193	0.4142	0.015769049791768765	0.0020804324683772408	0.0018273597268380628	1.06790197	61.50693512	0.96924503	0.14144921136452326	0.0141409	4e-05
0.0599	-0.26	0.4004	0.015833626974092557	0.0021624629432209744	0.0017156586547104257	1.02907252	59.27051163	0.94418842	0.09511543646475812	0.0138512	0.00016
0.0633	-0.2993	0.363	0.016393877663982738	0.0021589722847169856	0.001843067690106012	1.05045164	60.50186539	0.96795393	0.1146575191894878	0.0149306	6e-05
0.064	-0.3073	0.2576	0.0157585778162568	0.00205599785884932	0.002143264321449037	1.10483038	63.63386536	1.0032402	0.16602354524683136	0.0119481	5e-05
0.0631	-0.238	0.3695	0.015517722379481584	0.00200363798128949	0.001839577031602023	1.07757807	62.06424332	0.99491593	0.21194513020910305	0.0115709	3e-05
0.0622	-0.1824	0.4017	0.015130259285538843	0.0020193459445574393	0.0017296212887263805	0.92921156	53.51891708	0.93130219	0.11435634000431669	0.0119962	4e-05
0.061	-0.2609	0.3958	0.015573572915545402	0.0021642082724729686	0.0016074482410867775	1.00413382	57.83414459	0.94798076	0.12111745027808464	0.0126882	6e-05
0.0578	-0.3256	0.3168	0.016114624983663645	0.00222529479629277	0.0018291050560900572	1.06553268	61.37047195	0.9825841	0.18808977034706612	0.0124878	5e-05
0.0657	-0.2956	0.2333	0.015604988842081299	0.0019198621771937623	0.002124065699677099	1.07189953	61.73718262	0.98238621	0.1769014702134198	0.0110088	5e-05
0.0631	-0.2415	0.306	0.01573414320672888	0.0020664698343612863	0.0018936822384138475	1.06006193	61.05538177	0.97038794	0.15470727415391777	0.0117095	0.00014
0.0576	-0.1748	0.3934	0.015805701706060646	0.002305579941884509	0.0017121679962064373	1.12611878	64.85999298	0.99477659	0.18420914245312	0.0136722	0.00024
0.0567	-0.2226	0.3945	0.015680037999917056	0.002303834612632515	0.0017313666179783749	1.06969225	61.61004639	0.96275827	0.05713038285837604	0.013736	0.0003
0.0563	-0.2827	0.3615	0.01626297797008316	0.0024294983187761066	0.0018413223608540175	1.05623138	60.83475876	0.96151753	0.134427970959267	0.0132822	5e-05
0.0604	-0.2662	0.2883	0.016400858980990713	0.002282890661608583	0.002134537675189065	1.08728766	62.62347794	0.97860348	0.12268519912050614	0.0137217	0.00012
0.0555	-0.2403	0.3224	0.016144295580947546	0.002281145332356589	0.0019617500792416262	1.05405676	60.70950317	0.96788688	0.08645481626212997	0.0135006	7e-05
0.0596	-0.1831	0.4187	0.01607273708161578	0.0022462387473167022	0.0016004669240788003	1.06208825	61.17208862	0.98103163	0.18098741197672397	0.0152622	0.00024
0.0592	-0.2258	0.426	0.01631010185988701	0.0022898719786165604	0.0015498523757709647	1.03577399	59.65649414	0.95292549	0.06698062789394608	0.0169724	0.00022
0.0616	-0.2916	0.3895	0.01653350400414228	0.002190388211252884	0.0016598081186466073	1.04228079	60.03125763	0.95967356	0.12634208272472955	0.0165086	7e-05
0.0679	-0.2785	0.2874	0.016207127434019343	0.0019774580425095754	0.0019285888234537342	1.03584802	59.66075134	0.9795627	0.16190437218366868	0.0148171	0.00012
0.0635	-0.2784	0.2441	0.015964526667992134	0.0020699604928652747	0.0019861846887695473	1.0247575	59.0219841	0.95794204	0.06743495408493612	0.0149498	6e-05
0.0609	-0.2339	0.3245	0.015981979960512073	0.0020664698343612863	0.0017680185322702558	1.0576874	60.91861725	0.98144361	0.13945550537616094	0.0140577	4e-05
0.0617	-0.177	0.4332	0.01631533784764299	0.002143264321449037	0.001509709802975095	1.04675996	60.28924179	0.98684081	0.19982305517569135	0.0160245	7e-05
0.0567	-0.2233	0.4244	0.016512560053118353	0.0023771384412162766	0.001499237827463129	1.01164448	58.26672363	0.95205405	0.08217841503772838	0.0163184	0.00011
0.0502	-0.2731	0.3479	0.016441001553786583	0.0026162485487395003	0.0018570303241219666	1.05351305	60.67819214	0.97308225	0.16622305517569158	0.0143948	2e-05
0.0643	-0.27	0.2664	0.016173966178231452	0.002178170906488923	0.002033308578573394	1.01248693	58.3152504	0.96021684	0.14276956361285667	0.0128645	7e-05
0.0624	-0.2564	0.2596	0.016168730190475468	0.0021799162357409173	0.002045525883337354	1.01169908	58.26987076	0.94668387	0.02325993108859695	0.0129213	6e-05
0.0636	-0.2301	0.3646	0.01631010185988701	0.002092649773141201	0.0017732545200262388	1.08448839	62.46224594	0.99828493	0.15754547476611863	0.0129969	4e-05
0.0783	-0.173	0.4668	0.016556193284418208	0.0016022122533307947	0.0014364059743913332	1.03974664	59.88529968	0.98637819	0.22766887449882556	0.0158913	9e-05
0.0747	-0.2292	0.4223	0.01672199956335767	0.0017540558982543013	0.0014695672301792255	1.03446352	59.58101654	0.95977923	0.12184055898254303	0.015187	5e-05
0.0778	-0.2768	0.3213	0.016252505994571197	0.001647590813882647	0.001820378409830086	1.10069227	63.3955307	0.99153709	0.19803849164044948	0.0127511	2e-05
0.068	-0.2802	0.2353	0.01576206847476079	0.001895427567665842	0.0019303341527057286	1.00387359	57.81915665	0.9595449	0.14161150082346216	0.0117874	0.0001
0.0618	-0.2582	0.2782	0.01631533784764299	0.002036799237077382	0.0017366026057343581	1.04167247	59.99621964	0.96726766	0.11551862946325551	0.0121409	5e-05
0.0648	-0.2148	0.3892	0.016163494202719488	0.0019198621771937623	0.001595230936322817	1.10725796	63.77368546	1.00516316	0.17790761871093316	0.0129055	4e-05
0.0655	-0.1861	0.4373	0.016264723299335156	0.0019233528356977512	0.0015289084247470327	0.9630847	55.46987534	0.93885061	0.0860521133347721	0.0140919	4e-05
0.0684	-0.2562	0.4043	0.016699310283081744	0.0019826940302655584	0.0015550883635269475	1.02570927	59.0768013	0.95478919	0.13200540585471557	0.0145175	6e-05
0.0667	-0.2747	0.3087	0.016502088077606385	0.001970476725501598	0.002005383310541485	1.07111323	61.69189453	0.98183004	0.14878672286269287	0.0129197	7e-05
0.0608	-0.2647	0.296	0.01635024443268288	0.002022836603061428	0.0020682151636132805	1.04331005	60.09053802	0.9607528	0.04195176877775656	0.0121508	2e-05
0.0657	-0.2225	0.4157	0.016653931722529894	0.0018343410438460403	0.0015323990832510211	1.05467868	60.745327	1.00044319	0.2181999464712331	0.0148128	0.00015
0.0632	-0.1993	0.4388	0.016404349639494702	0.0019181168479417679	0.0014940018397071458	1.03336203	59.51757431	0.95814942	0.06738775653373973	0.0150905	4e-05
0.0645	-0.2552	0.4196	0.016418312273510656	0.001960004749989632	0.0016109388995907662	1.06364191	61.26156998	0.96607057	0.08503937979737193	0.0149591	6e-05
0.0628	-0.2937	0.3688	0.016662658368789864	0.0020996310901491783	0.0019041542139258136	1.03559756	59.64632797	0.95535021	0.12485938748869006	0.0142929	3e-05
0.0612	-0.2925	0.2966	0.016716763575601687	0.0021048670779051613	0.0021746802479849347	1.02333391	58.939991	0.95776553	0.09149336143134645	0.0138074	7e-05
0.0546	-0.2701	0.2878	0.01670105561233374	0.002209586833024821	0.0022165681500327986	1.05107045	60.53750992	0.95936404	0.04591578102177354	0.0133942	3e-05
0.0591	-0.2213	0.4012	0.01642354826126664	0.002136283004441059	0.001780235837034216	1.12467122	64.77661896	1.00883425	0.20605717463247217	0.0142021	2e-05
0.063	-0.194	0.4245	0.016252505994571197	0.0021048670779051613	0.0016650441064025902	0.97261733	56.01891708	0.93528077	0.07038249619314833	0.0150312	0.00014
0.0568	-0.2833	0.4129	0.016938420390604968	0.0023404865269243957	0.0016510814723866359	1.09750462	63.21192932	0.98452989	0.15387482395344795	0.0161928	7e-05
0.0512	-0.2815	0.3648	0.01690700446406907	0.002462659574563999	0.001963495408493621	1.09865797	63.27835846	0.97133562	0.07880014551412425	0.0152511	6e-05
0.0465	-0.2787	0.3248	0.016791812733437442	0.002595304597715568	0.002171189589480946	0.98922217	56.97528839	0.93995835	0.07027654673852614	0.0135678	3e-05
0.0431	-0.2656	0.3281	0.016941911049108957	0.0027872908154349444	0.002103121748653167	1.05473685	60.7486763	0.9484315	0.040307618710933496	0.0147323	6e-05
0.0496	-0.2253	0.41	0.016690583636821774	0.002453932928304027	0.0017645278737662671	1.10728693	63.77535629	0.98973325	0.17486395871524998	0.0151614	0.0001
0.0559	-0.1901	0.419	0.0158824961931484	0.002258456052080662	0.001778490507782222	1.04022241	59.91270065	0.95157419	0.10137634769563474	0.0139815	6e-05
0.057	-0.2582	0.4234	0.016046557142835868	0.002331759880664424	0.0016423548261266642	1.02004421	58.7505188	0.94463611	0.0922750229963394	0.0153662	0.00013
0.0588	-0.3172	0.3931	0.016898277817809098	0.0023527038316883565	0.0017226399717184032	1.03792703	59.7804985	0.96593358	0.1387474885794451	0.0162516	7e-05
0.0619	-0.3097	0.2914	0.016371188383706808	0.002165953601724963	0.0020996310901491783	1.07138181	61.70735931	0.99325722	0.16684153912482297	0.0133109	7e-05
0.0525	-0.2609	0.3595	0.016201891446263363	0.0023003439541285265	0.0018308503853420514	1.06099248	61.10897446	0.98806438	0.15492339973270672	0.013256	6e-05
0.0523	-0.1759	0.4207	0.015699236621688994	0.00249931148885588	0.0016598081186466073	0.97000378	55.86838531	0.96179066	0.1900332312998584	0.0138586	4e-05
0.0537	-0.2261	0.414	0.015924384095196264	0.0024312436480281013	0.001609193570338772	0.9992516	57.55294418	0.94440174	0.07549149313214425	0.014158	6e-05
0.0527	-0.3053	0.356	0.0166818569905618	0.002452187599052033	0.001780235837034216	1.07116818	61.69505692	0.98429469	0.18567295565424569	0.0143691	3e-05
0.0603	-0.2842	0.2634	0.016317083176894984	0.0021153390534171274	0.002131047016685076	1.08493388	62.48790359	0.98972078	0.17392167694762908	0.0129162	4e-05
0.0553	-0.2367	0.3151	0.016437510895282597	0.0022741640153486112	0.001912880860185785	1.06602848	61.39902878	0.96977251	0.12907094184091936	0.0136967	0.00015
0.049	-0.1679	0.3989	0.016290903238115072	0.0024853488548399255	0.0015638150097869194	1.13092637	65.13689423	0.99981008	0.19424291735288524	0.0155762	0.00024
0.0515	-0.2027	0.3998	0.01600292391153601	0.00239459173373622	0.0016493361431346415	1.05008268	60.48061752	0.95602999	0.06141287905152454	0.0149266	0.00019
0.0481	-0.2932	0.3672	0.016756906148397557	0.0026511551337793865	0.0017400932642383465	1.07986236	62.19580841	0.97741419	0.18156513790042095	0.0154212	0.00012
0.0529	-0.2862	0.2888	0.016735962197373624	0.0024678955623199817	0.0020106192982974674	1.08802354	62.66585922	0.98207793	0.11393647782712292	0.0149335	0.0001
0.0524	-0.2467	0.3388	0.016434020236778608	0.0024190263432641405	0.0018622663118779497	1.05173779	60.57593918	0.97031241	0.11495820830351879	0.0141243	7e-05
0.0544	-0.177	0.4279	0.01656491993067818	0.002398082392240209	0.0015358897417550098	1.08864331	62.70155334	0.98366439	0.18471101075232227	0.0164834	0.00026
0.0545	-0.2158	0.4324	0.01671850890485368	0.0024870941840919192	0.0015306537539990272	1.05110157	60.53929901	0.9549829	0.05579183768915968	0.0181378	0.00031
0.0559	-0.2838	0.3817	0.01690700446406907	0.0023649211364523163	0.001621410875102732	1.06350791	61.25385666	0.97237898	0.14017128639793489	0.0170107	0.00012
0.0555	-0.2768	0.2547	0.016144295580947546	0.002258456052080662	0.0018971728969178364	1.08149898	62.29006958	1.00293233	0.19164679946541413	0.0150421	0.00011
0.0418	-0.271	0.1985	0.015585790220309363	0.0026302111827554544	0.0017435839227423352	1.04969907	60.45851898	0.97434772	0.1298924732744238	0.0155222	0.00016
0.0457	-0.1987	0.3501	0.01602386786255994	0.0025883232807075904	0.0015114551322270892	1.15709293	66.64398193	1.05483776	0.26340471674068444	0.0150434	4e-05
0.0559	-0.1568	0.4223	0.016510814723866358	0.0024260076602721182	0.001452113937659282	1.02274084	58.9058342	0.96670023	0.1597301838154848	0.0170319	5e-05
0.059	-0.2517	0.3287	0.016852899257257248	0.002410299697004169	0.0016702800941585732	1.06592953	61.39333344	0.99690915	0.22039793265790647	0.0162328	5e-05
0.0627	-0.2552	0.2786	0.01650034274835439	0.002129301687433082	0.0019024088846738192	1.03919864	59.85373688	0.9638802	0.10058416544945951	0.0145226	2e-05
0.0639	-0.2459	0.2747	0.01660157184497006	0.0020943951023931952	0.0019076448724298022	0.95730466	55.13696671	0.93133584	0.02146858347057705	0.0139441	7e-05
0.059	-0.2283	0.3892	0.01698728960966081	0.00222529479629277	0.0015882496193148398	1.08045268	62.22980881	1.0081672	0.17880063558526432	0.0155122	4e-05
0.0601	-0.2023	0.4265	0.016685347649065787	0.0022497294058206906	0.0015638150097869194	1.02830815	59.22649002	0.96036414	0.08194055898254324	0.0156689	3e-05
0.0621	-0.2669	0.3497	0.016957619012376905	0.0022444934180647076	0.0017523105690023068	1.01503766	58.46216202	0.9610114	0.16670014551412443	0.0146422	0.00013
0.0611	-0.2847	0.2662	0.016800539379697416	0.002186897552748895	0.002001892652037496	1.06446385	61.30891418	0.98276266	0.12551287905152456	0.0138146	5e-05
0.0621	-0.2561	0.25	0.016332791140162936	0.0021135937241651332	0.002134537675189065	1.03888798	59.83584213	0.95425251	0.07948485456349053	0.0127386	6e-05
0.0575	-0.2358	0.325	0.01660157184497006	0.0022846359908605773	0.0018814649336498872	1.01869094	58.6725769	0.97266397	0.13454478565208736	0.0135158	0.00011
0.0562	-0.193	0.4258	0.016933184402848984	0.0023474678439323734	0.0016126842288427606	1.08229125	62.33570099	0.99980701	0.17806125578789223	0.0155597	4e-05
0.0603	-0.2179	0.3776	0.01650732406536237	0.0022933626371205488	0.0017715091907742446	1.06271291	61.20806503	0.97166884	0.1091395253114962	0.0141263	4e-05
0.0589	-0.2812	0.2501	0.01632231916465097	0.0022322761133007477	0.002040289895581371	1.09068692	62.81925964	1.00724396	0.2179436064669164	0.0130819	9e-05
0.0453	-0.265	0.1673	0.015716689914208937	0.0024766222085799536	0.0019198621771937623	1.08067942	62.2428627	0.98940817	0.16112015320544226	0.0131923	0.00012
0.037	-0.2528	0.106	0.014617132485452511	0.0027314402793711255	0.0018308503853420514	1.07961643	62.18164444	0.98015988	0.1539693645699654	0.0132011	0.0001
0.0429	-0.2234	0.2277	0.01532224550325822	0.0027401669256310974	0.001778490507782222	1.10233092	63.48990631	1.02880907	0.19530997708127557	0.0126801	0.00012
0.0567	-0.1625	0.414	0.016727235551113655	0.002281145332356589	0.0016947147036864942	1.23829746	71.32104492	1.10034014	0.3583893722612836	0.0158774	0.00014
0.058	-0.1998	0.4224	0.01662426112524599	0.0021938788697568722	0.0017610372152622785	1.04485142	60.17931366	0.9626995	0.059828170002158385	0.0162753	0.00013
0.0586	-0.2871	0.4072	0.016927948415093003	0.002230530784048753	0.0018605209826259553	1.03176296	59.42547226	0.96284782	0.12509114857512862	0.0160483	6e-05
0.0688	-0.2975	0.3408	0.01708851870627648	0.0019198621771937623	0.0020280725908174107	1.00942636	58.13897324	0.95605428	0.11893952531149604	0.0159824	0.00016
0.0717	-0.307	0.2639	0.016905259134817077	0.0017051866791984597	0.0020996310901491783	1.07802987	62.09025955	0.99077479	0.1127746784393236	0.0147801	0.00015
0.0679	-0.2826	0.2749	0.01670105561233374	0.0017226399717184032	0.002049016541841343	1.07282925	61.79072571	0.96903812	0.05281356816555577	0.0143093	6e-05
0.0583	-0.2278	0.3969	0.0168668618912732	0.0020717058221172693	0.0018046704465621369	1.05612898	60.82885742	1.00274025	0.22436091123087676	0.0166313	0.00021
0.0562	-0.206	0.4288	0.016920967098085025	0.0022026055160168437	0.001759291886010284	1.05144477	60.55906677	0.96513705	0.06731917306316258	0.0172429	0.00015
0.055	-0.2763	0.4092	0.017161822534860243	0.002288126649364566	0.001853539665617978	1.0774945	62.05942535	0.97996605	0.11213121748653176	0.0174772	0.00018
0.0628	-0.2819	0.372	0.01714785990084429	0.002082177797629235	0.0020699604928652747	1.04202616	60.01659012	0.95663853	0.07241661564992907	0.0167435	9e-05
0.0768	-0.2831	0.2914	0.01708851870627648	0.0015638150097869194	0.00222529479629277	1.03422439	59.56723785	0.96317401	0.1324519142918811	0.0161389	0.00013
0.0659	-0.2636	0.3774	0.017296212887263806	0.0018517943363659836	0.001960004749989632	1.09946895	63.32506943	0.9930904	0.15444817769347652	0.0168182	0.00015
0.0634	-0.2054	0.4139	0.016735962197373624	0.002001892652037496	0.0018884462506578647	1.09604967	63.12813187	0.98171061	0.13629537524467303	0.0172068	0.00011
0.0609	-0.2688	0.4041	0.016674875673553826	0.0020734511513692635	0.0018570303241219666	0.97727442	56.28714752	0.94207043	0.08390304748437313	0.016606	0.00011
0.0618	-0.3298	0.3827	0.017322392826043722	0.002097885760897184	0.0018343410438460403	1.03858221	59.81823349	0.95827284	0.11803205211468716	0.0179946	0.00014
0.0631	-0.3147	0.3192	0.017339846118563665	0.0019669860669976093	0.0020106192982974674	1.12299526	64.68009186	0.98360508	0.09613156204354723	0.0167168	0.00025
0.0677	-0.2959	0.2949	0.017044885474976623	0.0017558012275062952	0.002097885760897184	1.07075965	61.67152405	0.95744159	0.07737059728390358	0.0153802	0.00011
0.071	-0.2773	0.3415	0.017105971998796425	0.001658062789394613	0.0019285888234537342	1.05581284	60.81064606	0.96144296	0.08490609496874674	0.0161691	0.0003
0.0606	-0.2242	0.4145	0.01700299757292876	0.0020472712125893483	0.0017086773377024485	1.11392736	64.15781403	0.9903914	0.17210471674068428	0.0174499	0.00031
0.0629	-0.2208	0.4236	0.016587609210954108	0.0019879300180215415	0.0017872171540421933	1.10603929	63.70349121	0.96368121	0.04246346864411013	0.0166584	0.00013
0.0644	-0.3042	0.4082	0.017121679962064373	0.002092649773141201	0.0017575465567582897	1.03431976	59.57273102	0.95576857	0.1337230551756914	0.0169549	0.00011
0.0676	-0.2902	0.2765	0.016924457756589014	0.0019722220547535923	0.0020525072003453313	1.15196776	66.34879303	1.03458645	0.17953052837250044	0.0149634	6e-05
0.0607	-0.3002	0.1385	0.015172147187586707	0.0022130774915288098	0.0020804324683772408	1.18489528	68.24528503	1.04386096	0.2559545636904717	0.0136143	9e-05
0.0667	-0.2529	0.2813	0.01577428577952475	0.0019198621771937623	0.0017680185322702558	1.16006136	66.81494904	1.06325919	0.25648839211900376	0.0125247	3e-05
0.0605	-0.1757	0.4058	0.016781340757925478	0.0020141099568014562	0.0015690509975429022	1.16341186	67.00792694	1.0361825	0.2729135146367888	0.0157573	9e-05
0.0663	-0.24	0.4159	0.016985544280408812	0.0017645278737662671	0.0015707963267948967	1.07488966	61.90939713	0.9683288	0.10297654673852588	0.0168242	0.00014
0.0772	-0.2853	0.3498	0.01693143907359699	0.0013997540600994523	0.0017837264955382047	1.06795955	61.51025391	0.96886159	0.1538904594610973	0.0152401	4e-05
0.0768	-0.309	0.2543	0.016697564953829753	0.0015882496193148398	0.002015855286053451	1.04657459	60.27856445	0.97306471	0.1523249234748935	0.0144075	7e-05
0.07	-0.2823	0.3312	0.017259560972971925	0.001647590813882647	0.0017959438003021652	1.08195019	62.31605911	0.98828341	0.15246243497306325	0.0151829	4e-05
0.0612	-0.2129	0.4389	0.017058848108992577	0.0019111355309337906	0.0017296212887263805	1.1300329	65.08543396	1.01685134	0.21242900463031383	0.0168906	9e-05
0.0565	-0.2207	0.452	0.016898277817809098	0.0020315632493213996	0.001706932008450454	0.93947947	54.11030579	0.92197605	0.04078436449235071	0.0170238	5e-05
0.0556	-0.2982	0.4002	0.017425367251911385	0.0021624629432209744	0.0017243853009703976	1.04778469	60.34825897	0.96574006	0.16397212102609027	0.0174279	0.00011
0.0465	-0.3021	0.2867	0.017242107680451983	0.0024609142453120045	0.0020839231268812296	1.1049577	63.64120102	1.00746156	0.16856243497306317	0.0152328	5e-05
0.0649	-0.2884	0.1995	0.016201891446263363	0.002005383310541485	0.002305579941884509	1.0914408	62.86268234	0.98587017	0.20517019919812096	0.0134385	4e-05
0.0638	-0.2528	0.2761	0.016460200175558524	0.002092649773141201	0.0019722220547535923	1.01406705	58.40625763	0.97008928	0.14724665395128966	0.0134445	0.00011
0.0645	-0.1853	0.402	0.0169593643416289	0.002001892652037496	0.0017121679962064373	1.10858047	63.84985733	1.01476631	0.23659876728606183	0.0156816	7e-05
0.0622	-0.2019	0.4239	0.016868607220525193	0.0018867009214058703	0.001710422666954443	1.0392586	59.85718918	0.95197054	0.051184709049366346	0.0165767	9e-05
0.0489	-0.2982	0.3752	0.016784831416429467	0.0020734511513692635	0.0014660765716752368	1.07254028	61.77408218	0.98573027	0.18404360646691628	0.0154539	2e-05
0.0285	-0.3333	0.1218	0.015046483481443114	0.002933898472602468	0.0016004669240788003	1.32663548	76.40896606	1.16343485	0.445559280431156	0.0142979	0.00014
0.0298	-0.2959	0.0778	0.014831807983447812	0.003085742117525975	0.0016632987771505957	1.05092108	60.52890396	0.96770596	0.10416754979953025	0.0150056	0.00027
0.0307	-0.2642	0.0907	0.014610151168444533	0.003068288825006031	0.0015917402778188286	1.06305766	61.22792435	0.96095817	0.06103343034274951	0.0141147	0.00013
0.0295	-0.2079	0.2534	0.014912093129039551	0.0031468286413457764	0.001322959573011702	1.1277132	64.951828	1.03773877	0.25266312408709446	0.0111817	6e-05
0.0353	-0.1719	0.3283	0.015413002624361924	0.0031433379828417875	0.0013700834628155487	1.0356468	59.64916611	0.9559762	0.14427620218151038	0.0128165	8e-05
0.0383	-0.2185	0.3601	0.01622981671429527	0.003082251459021986	0.0014643312424232424	1.03997552	59.89847946	0.95484657	0.13000741966804205	0.0139407	6e-05
0.0376	-0.2961	0.3408	0.0167743594409175	0.0030560715202420713	0.0016074482410867775	1.0215528	58.83740616	0.95327693	0.13329198320328395	0.0146313	7e-05
0.0454	-0.2988	0.2493	0.01664869573477391	0.002663372438543347	0.0019146261894377795	1.04403222	60.13213348	0.97148471	0.1432770368096658	0.0139121	9e-05
0.0427	-0.2892	0.28	0.016530013345638295	0.0026581364507873638	0.001778490507782222	0.99529701	57.32517624	0.96322677	0.056002702927357775	0.0138463	0.00011
0.045	-0.2012	0.3814	0.016763887465405535	0.0026529004630313807	0.0015603243512829306	1.12284696	64.67154694	1.01153887	0.2145638132011257	0.0149677	0.0001
0.0457	-0.2277	0.3894	0.016720254234105676	0.0025586526834236872	0.0016842427281745281	1.07608593	61.978302	0.95722519	0.04828996938995753	0.0157868	0.00012
0.0401	-0.3147	0.3807	0.017172294510372207	0.0027680921936630064	0.0017174039839624202	1.02784848	59.20001602	0.9571849	0.1360320521146871	0.016479	5e-05
0.0407	-0.3046	0.3149	0.017587682872346858	0.002804744107954888	0.0019111355309337906	1.08843541	62.68958282	0.96682501	0.10878859116189513	0.0170801	0.00014
0.0448	-0.2835	0.2551	0.01737126204509956	0.0025289820861397836	0.002090904443889207	1.1448319	65.93779755	0.99006249	0.11859758810089088	0.0168321	0.00026
0.0407	-0.2315	0.3706	0.017334610130807677	0.0026092672317315226	0.0017435839227423352	1.09941506	63.32196808	1.00797558	0.19481287905152464	0.0169888	0.00015
0.0437	-0.1639	0.4431	0.01748819910498318	0.0026895523773232616	0.0016301375213627037	1.1121546	64.05570984	0.99152885	0.16046602605734375	0.0202785	0.00049
0.0416	-0.2331	0.449	0.017598154847858823	0.0027192229746071652	0.001656317460142619	1.06830931	61.53039551	0.97014118	0.08549031394697304	0.0205245	0.00036
0.0381	-0.2882	0.4316	0.017969909978533618	0.0028518679977587343	0.0016877333866785165	1.06386518	61.27442932	0.96486331	0.10279080401811312	0.0204705	0.00021
0.03	-0.285	0.3572	0.018030996502353416	0.003239331091701475	0.0019216075064457567	1.08566713	62.53013992	0.98532401	0.11982118687648896	0.0198241	0.00016
0.0318	-0.2815	0.2854	0.017373007374351556	0.002958333082130389	0.002143264321449037	1.05435944	60.72693634	0.96586902	0.13513219762881135	0.016231	9e-05
0.033	-0.2588	0.3067	0.017509143056007117	0.002933898472602468	0.001891936909161853	1.03136766	59.40270615	0.94942135	0.06579488517353327	0.0164714	8e-05
0.0392	-0.2111	0.4228	0.017252579655963947	0.0028221974004748306	0.001614429558094755	1.09026134	62.79475021	1.00328572	0.2022885911618953	0.0177127	6e-05
0.0454	-0.1942	0.4451	0.016831955306233316	0.002570869988187647	0.0016057029118347831	0.94919914	54.67012024	0.9291325	0.07943392041388933	0.0174599	7e-05
0.0447	-0.2913	0.4283	0.017589428201598853	0.0027593655474030345	0.001553343034274953	1.04818034	60.37104797	0.96223524	0.16451641660703772	0.01907	9e-05
0.0442	-0.3039	0.3893	0.01792453141798176	0.0026406831582674204	0.0017034413499464657	1.00079978	57.64211273	0.93972602	0.08229419605950175	0.0185227	0.00011
0.0538	-0.2825	0.3149	0.017524851019275065	0.0022026055160168437	0.001933824811209717	1.00741494	58.02312469	0.96061184	0.15880707511102618	0.0160058	6e-05
0.0437	-0.2793	0.2992	0.017551030958054978	0.0025481807079117207	0.0020176006153054447	1.00972843	58.15636826	0.93964525	0.05177654673852583	0.0162144	0.0001
0.0402	-0.2205	0.4473	0.01786519022341396	0.002750638901143063	0.0016336281798666925	1.14351892	65.86217499	1.03710844	0.2554294947014538	0.0200434	0.00013
0.0484	-0.1774	0.4934	0.017458528507699276	0.002509783464367846	0.0016039575825827887	0.98904002	56.96479797	0.94751028	0.13125938748869032	0.0208215	0.0001
0.0542	-0.2717	0.4659	0.017989108600305555	0.0024294983187761066	0.001572541656046891	1.03727901	59.74317169	0.96006034	0.15971405823669585	0.0216895	0.00018
0.0655	-0.2834	0.4188	0.01820552942755285	0.0018762289458939042	0.001656317460142619	1.023018	58.92179489	0.9509876	0.11277330021126115	0.0210925	7e-05
0.0697	-0.2792	0.3623	0.017825047650618087	0.0015987215948268059	0.0018570303241219666	0.99831045	57.49873734	0.94818836	0.10783509959906035	0.0183132	3e-05
0.0616	-0.2821	0.3508	0.017828538309122077	0.0019512781037296606	0.001895427567665842	1.00811589	58.06349564	0.94251962	0.042222220547535994	0.0180539	5e-05
0.0502	-0.2327	0.4511	0.017739526517270364	0.002261946710584651	0.0016109388995907662	1.05470538	60.74686432	0.9885529	0.19530845333908892	0.019443	8e-05
0.0518	-0.1996	0.4685	0.017275268936239874	0.0022916173078685546	0.0016231562043547262	0.97473663	56.14097977	0.93433191	0.07740727415391772	0.0193461	8e-05
0.0506	-0.2767	0.4552	0.01757197490907891	0.0023422318561763904	0.001579522973054868	0.96134615	55.36973953	0.93499064	0.11114768762233657	0.019352	9e-05
0.0583	-0.3199	0.4161	0.01820552942755285	0.002057743188101315	0.001658062789394613	1.00586367	57.93377304	0.95500571	0.13982915014443795	0.0195687	5e-05
0.0599	-0.2952	0.3304	0.017715091907742442	0.0018256143975860688	0.0019460421159736775	1.04787254	60.35331726	0.97675442	0.16252728184523585	0.0167067	3e-05
0.0527	-0.279	0.3077	0.017278759594743863	0.002040289895581371	0.0019146261894377795	0.96885413	55.8021698	0.94771519	0.08022118687648902	0.0146295	4e-05
0.0474	-0.2083	0.4523	0.017961183332273645	0.002209586833024821	0.0016196655458507376	1.12193918	64.6192627	1.02848453	0.2779340659280137	0.019024	0.0001
0.0489	-0.2065	0.463	0.0177604704682943	0.0022497294058206906	0.0016283921921107093	1.01630938	58.53540421	0.95139508	0.026479104151759397	0.0195509	0.00014
0.059	-0.2716	0.4232	0.01795943800302165	0.0018657569703819383	0.0016406094968746698	0.99738747	57.44557953	0.95125994	0.1447578637465032	0.018421	5e-05
0.057	-0.2764	0.3345	0.018055431111881338	0.001839577031602023	0.0017645278737662671	1.04414153	60.13842773	0.97067801	0.10780457122656	0.0171963	7e-05
0.0448	-0.2873	0.3039	0.01780584902884615	0.0021642082724729686	0.0018989182261698304	1.03531945	59.63031006	0.95796769	0.08913018381548486	0.0163236	5e-05
0.0343	-0.2417	0.4207	0.01774127184652236	0.0025918139392115793	0.001689478715930511	1.0496614	60.45635223	0.99234903	0.2079811179650861	0.0175336	7e-05
0.0383	-0.2026	0.4717	0.0178826435159339	0.0026319565120074486	0.0015638150097869194	1.00855267	58.08864975	0.94658723	0.1094588974175501	0.0194771	7e-05
0.0382	-0.2775	0.4433	0.018067648416645297	0.0026581364507873638	0.001621410875102732	1.03891587	59.83744812	0.96300235	0.11683903524035624	0.0193884	8e-05
0.0416	-0.2958	0.4203	0.017994344588061536	0.002466150233067988	0.0017645278737662671	1.00808942	58.06196976	0.94100199	0.0651203522483336	0.0178272	3e-05
0.0511	-0.2847	0.3759	0.018160150867001	0.0021048670779051613	0.0018814649336498872	0.97608107	56.21841431	0.93350787	0.09720132469929546	0.0169497	7e-05
0.0511	-0.2749	0.3761	0.01812000829420513	0.0020594885173533086	0.001864011641129944	1.01439869	58.42535782	0.95205666	0.0151487212933833	0.0163792	5e-05
0.0456	-0.2206	0.4562	0.017606881494118796	0.002258456052080662	0.0017313666179783749	1.0654273	61.36440659	0.97776328	0.1821369678982628	0.0174043	6e-05
0.0467	-0.2074	0.4522	0.017301448875019786	0.0022602013813326567	0.0017540558982543013	0.91562891	52.73661041	0.91395578	0.034793361431346516	0.01674	8e-05
0.0463	-0.2963	0.4445	0.017971655307785613	0.0023492131731843676	0.0016755160819145565	1.04625618	60.2602272	0.96438581	0.13888790204786408	0.0184391	0.00012
0.0464	-0.3124	0.3913	0.018318975828932483	0.0022043508452688383	0.0018692476288859267	1.0495162	60.4479866	0.96320433	0.10369571980168853	0.0175663	0.00012
0.0525	-0.2885	0.3261	0.017929767405737748	0.0019076448724298022	0.002134537675189065	1.03234768	59.45914841	0.96050346	0.14276022211684544	0.0152327	4e-05
0.0497	-0.2591	0.397	0.017999580575817523	0.0020629791758572974	0.0018814649336498872	1.02721679	59.16362762	0.96108844	0.12701101075232235	0.0166947	6e-05
0.0447	-0.1993	0.4451	0.017823302321366096	0.0023020892833805202	0.0016999506914424768	1.07270956	61.78383255	0.96756442	0.142745130209103	0.018362	0.00012
0.047	-0.248	0.4385	0.017723818554002416	0.0022270401255447643	0.0017366026057343581	1.06263506	61.20358276	0.9598217	0.06815924197456588	0.018623	0.00019
0.0499	-0.3048	0.4149	0.0182526533173567	0.002150245638457014	0.0017243853009703976	1.0182538	58.6473999	0.94778523	0.1141923277602998	0.0184478	6e-05
0.0557	-0.2862	0.3563	0.018549359290195733	0.0018448130193580064	0.0018797196043978928	1.0646081	61.31721878	0.9672379	0.12087364476827676	0.0183945	0.00012
0.0493	-0.2731	0.2542	0.017385224679115515	0.0020594885173533086	0.0020699604928652747	1.10943973	63.8993454	1.00725469	0.20005254987714516	0.0152307	7e-05
0.0436	-0.2342	0.3959	0.017936748722745723	0.0022846359908605773	0.0016947147036864942	1.1381321	65.5519104	1.02618736	0.2438958653158129	0.0178671	0.00023
0.0389	-0.1981	0.4521	0.01799259925880954	0.0024399702942880727	0.0015446163880149814	1.06391346	61.27721405	0.96632357	0.11506415775814131	0.0200623	0.00012
0.0403	-0.2657	0.3827	0.017975145966289602	0.002441715623540067	0.0017051866791984597	1.07041228	61.65151978	0.97869505	0.14738844564777062	0.018089	9e-05
0.0401	-0.2976	0.3141	0.01799608991731353	0.0024312436480281013	0.0018657569703819383	1.01940262	58.71356201	0.95502411	0.11029931088596862	0.0169601	9e-05
0.0365	-0.2919	0.2225	0.017434093898171358	0.0024731315500759648	0.0019530234329816546	1.08028984	62.22042847	0.9940496	0.13545751918948756	0.015579	0.0001
0.0386	-0.2522	0.2946	0.017280504923995854	0.002398082392240209	0.0017366026057343581	1.07197475	61.74150848	0.98745229	0.1361529479629278	0.0145237	3e-05
0.0396	-0.1966	0.4118	0.017751743822034323	0.002398082392240209	0.0015707963267948967	1.07052112	61.65778732	0.99811332	0.20565225884889649	0.0166931	5e-05
0.0377	-0.2258	0.4228	0.017943730039753702	0.0025464353786597265	0.0015481070465189703	1.01657271	58.55057526	0.94541607	0.060251424220741166	0.0179743	8e-05
0.0361	-0.2897	0.3768	0.01803274183160541	0.0025272367568877894	0.001762782544514273	1.04129505	59.97447968	0.95786242	0.12764429558094742	0.0169474	4e-05
0.0361	-0.2807	0.2997	0.01787915285742991	0.002513274122871834	0.001932079481957723	1.00269186	57.751091	0.95493357	0.10294242728174528	0.0154099	0.00014
0.0347	-0.2743	0.3299	0.018025760514597432	0.0025254914276357948	0.0018273597268380628	1.04452682	60.16061783	0.96765297	0.05117723585255715	0.0159746	6e-05
0.0376	-0.2141	0.4301	0.017819811662862103	0.0024609142453120045	0.001689478715930511	1.09487414	63.06042862	0.99361992	0.18372035224833347	0.0174533	6e-05
0.0418	-0.2178	0.4377	0.017873916869673927	0.0024399702942880727	0.001668534764906579	0.94735521	54.56391907	0.92322322	0.02029965544298433	0.0179822	0.00014
0.0373	-0.2837	0.3629	0.018364354389484337	0.002645919146023404	0.00182212373908208	1.06464148	61.3191452	0.97812981	0.18769876728606208	0.0176614	9e-05
0.0413	-0.2773	0.2666	0.017538813653291015	0.0024609142453120045	0.002183406894244906	1.10615087	63.70991898	0.99687923	0.17529143960337734	0.0149854	5e-05
0.0444	-0.2647	0.2075	0.01698728960966081	0.0023963370629882146	0.002183406894244906	0.99135095	57.09790039	0.94810336	0.10560506129769973	0.0140824	6e-05
0.045	-0.2487	0.2451	0.017327628813799702	0.0023404865269243957	0.0018570303241219666	1.05771852	60.92041016	0.97091319	0.09032831551628252	0.0146937	6e-05
0.0453	-0.2181	0.3516	0.01738697000836751	0.0022218041377887812	0.0017243853009703976	1.11517715	64.22979736	1.00638878	0.15293343034274956	0.0153477	4e-05
0.0409	-0.2058	0.4118	0.01755626694581096	0.0024172810140121463	0.0017435839227423352	0.99520004	57.31959152	0.94856928	0.09609862177193768	0.0169308	5e-05
0.0334	-0.2853	0.2775	0.01755626694581096	0.0027471482426390747	0.0018797196043978928	1.13717854	65.49699402	1.02422645	0.24460014551412423	0.0157424	5e-05
0.02	-0.3043	0.1793	0.016969836317140868	0.0028658306317746896	0.0020193459445574393	1.10236669	63.49196625	0.99674376	0.1728369678982628	0.0154689	0.00015
0.0134	-0.2923	0.14	0.016318828506146982	0.003077015471266003	0.0019163715186897737	1.04007232	59.90405655	0.95878093	0.1061583538176432	0.0149552	0.00015
0.0174	-0.2823	0.1027	0.015784757755036717	0.0030979594222899347	0.0017558012275062952	1.01137805	58.25138092	0.95150905	0.08707924966588379	0.0156208	0.00035
0.0238	-0.2289	0.3013	0.016868607220525193	0.002841396022246768	0.0015463617172669759	1.24602783	71.76628113	1.10584738	0.33589261878854815	0.0148689	7e-05
0.0361	-0.1761	0.4168	0.01749168976348717	0.0025080381351158514	0.0017016960206944712	1.12689483	64.9046936	1.01416215	0.23618873667601953	0.0180832	0.00011
0.0432	-0.239	0.4314	0.01792453141798176	0.0023457225146803788	0.0017505652397503124	1.00117397	57.66366959	0.95252903	0.11680132469929516	0.0196478	0.00019
0.0515	-0.2909	0.3859	0.018373081035744306	0.001998401993533507	0.0018622663118779497	1.03543937	59.63721848	0.97049965	0.1510785605518527	0.0206361	0.00048
0.0526	-0.3023	0.2909	0.018231709366332765	0.0019216075064457567	0.0022026055160168437	1.11216438	64.05627441	1.0186606	0.13542526803190935	0.0193364	0.00042
0.047	-0.3029	0.2903	0.01799608991731353	0.0021153390534171274	0.00217293491873294	1.04532719	60.20671844	0.97904851	0.029751079663725415	0.0196914	0.00067
0.0422	-0.2424	0.4176	0.018341665109208406	0.0022444934180647076	0.0018343410438460403	1.16105747	66.87232208	1.04411515	0.2332661715714678	0.0222982	0.00063
0.0453	-0.2318	0.4301	0.018072884404401284	0.002235766771804736	0.0018657569703819383	1.08924162	62.73601532	0.97135554	0.04164616388014953	0.0221131	0.00059
0.0467	-0.2973	0.416	0.01842020492554815	0.00231779724664847	0.001837831702350029	0.99408841	57.25556564	0.950181	0.10386381320112548	0.0223709	0.00061
0.0588	-0.318	0.3618	0.018940313042642463	0.0018936822384138475	0.0019163715186897737	1.07261562	61.77842331	0.97255522	0.1381381470834339	0.0225876	0.00059
0.0584	-0.3124	0.2522	0.01856332192421169	0.0018901915799098587	0.002230530784048753	1.16896129	67.3275528	1.02491468	0.15033205211468703	0.019991	0.00049
0.054	-0.2901	0.3062	0.018401006303776217	0.0020350539078253884	0.0020664698343612863	1.0773772	62.05267334	0.99167883	0.10426194490192352	0.0191867	0.00026
0.0431	-0.2076	0.4323	0.018774506763703007	0.0023230332344044524	0.0017016960206944712	1.20546901	69.43025208	1.0463763	0.27081268000863346	0.022251	0.00054
0.044	-0.2281	0.4384	0.01849350875413192	0.0022916173078685546	0.001820378409830086	1.10154319	63.4445343	0.97145386	0.049054816262130006	0.0217146	0.0004
0.041	-0.3014	0.412	0.01872563754464716	0.0023911010752322315	0.0018099064343181197	1.06670666	61.43809128	0.96672054	0.11980422666954428	0.0204821	0.00014
0.0342	-0.2961	0.3618	0.0191445165651258	0.002584832622203602	0.0019181168479417679	1.093575	62.98560333	0.96660945	0.0983410490536829	0.0202538	0.00021
0.0177	-0.3033	0.2982	0.018774506763703007	0.0031834805556376572	0.0022985986248765322	1.12311172	64.6867981	0.98744472	0.1547569755895807	0.018478	7e-05
0.0209	-0.2634	0.3725	0.018530160668423796	0.0031503192998497648	0.0019355701404617114	1.04582465	60.23536682	0.97691378	0.14942679177409615	0.0188206	6e-05
0.0336	-0.1976	0.4514	0.018582520545983625	0.0027838001569309555	0.0017331119472303693	1.09262991	62.9311676	0.98789208	0.18846686068549903	0.020733	0.00013
0.0341	-0.2282	0.4513	0.01831024918267251	0.0026965336943312393	0.0017976891295541592	1.07856369	62.12100601	0.96360463	0.05240575041173109	0.0206428	0.00019
0.0321	-0.3118	0.4328	0.018579029887479635	0.0028152160834668534	0.0017697638615222502	1.03542793	59.63655853	0.9557243	0.12486941809873242	0.0208429	0.00012
0.0399	-0.3097	0.3645	0.01887049987256269	0.0025638886711796703	0.0020751964806212577	1.04259348	60.04926682	0.95723628	0.1206115008234624	0.0197284	0.00013
0.0414	-0.3086	0.2661	0.01855284994869972	0.002441715623540067	0.0022270401255447643	1.11492527	64.21529388	0.99812659	0.13058333082130408	0.0176273	0.00013
0.0365	-0.269	0.3634	0.01822821870782878	0.002488839513343914	0.001912880860185785	1.09705317	63.18593216	0.99892297	0.17609571980168828	0.0174229	5e-05
0.0382	-0.2031	0.4442	0.018282323914640606	0.0025289820861397836	0.0017418385934903407	1.06495523	61.33721542	0.97574752	0.16166450231515703	0.0199057	0.00015
0.0391	-0.2389	0.4547	0.018460347498344024	0.0025342180738957666	0.0016964600329384882	1.05241895	60.61517334	0.95110958	0.058631906600562715	0.0209247	0.00019
0.042	-0.3055	0.4011	0.018687240301103285	0.002371902453460294	0.0018064157758141308	1.09708798	63.18793106	0.97733097	0.1480582083035188	0.0198032	7e-05
0.038	-0.3114	0.2651	0.018123498952709118	0.002380629099720265	0.002131047016685076	1.0849992	62.4916687	1.0151092	0.1907549617762542	0.0161842	6e-05
0.033	-0.2811	0.2627	0.018245672000348722	0.0025289820861397836	0.0020996310901491783	1.04350126	60.10155106	0.9496275	0.05279709802975101	0.0167422	9e-05
0.0302	-0.2385	0.3839	0.018369590377240317	0.002584832622203602	0.0017941984710501708	1.12771809	64.95211029	1.01377305	0.19086007660272108	0.018016	9e-05
0.0319	-0.2067	0.4226	0.017994344588061536	0.002570869988187647	0.0017610372152622785	1.01560819	58.49502182	0.94463592	0.09331848394913136	0.018424	7e-05
0.0394	-0.2807	0.3506	0.01819331212278889	0.0025202554398798117	0.001811651763570114	1.07680821	62.01989746	0.97035932	0.1685098315671512	0.0177091	0.00015
0.0419	-0.3474	0.243	0.01819680278129288	0.0023596851486963333	0.00204378055408536	1.13494003	65.36806488	1.01842896	0.19660948701013567	0.0169471	0.0001
0.037	-0.2898	0.2629	0.01819680278129288	0.0023230332344044524	0.002169444260228951	1.06662321	61.43328476	0.95880121	0.09051578102177363	0.0164406	8e-05
0.032	-0.2723	0.3211	0.018158405537749004	0.0024801128670839424	0.002022836603061428	0.99004883	57.02290344	0.9538133	0.0978042266695444	0.0164872	4e-05
0.0354	-0.2057	0.4432	0.01851096204665186	0.002569124658935653	0.0017400932642383465	1.11326206	64.11949921	1.01179836	0.22831558197888227	0.0202439	0.0001
0.0365	-0.231	0.4446	0.018373081035744306	0.0024836035255879313	0.0017941984710501708	1.03529656	59.62899017	0.94952793	0.04167536755335492	0.0205091	0.00017
0.034	-0.3132	0.3831	0.018479546120115962	0.0025586526834236872	0.0018971728969178364	1.04905581	60.42147064	0.96790722	0.16042443340375384	0.0191783	7e-05
0.0337	-0.3206	0.2849	0.01824916265885271	0.0025761059759436306	0.0020996310901491783	1.05720639	60.8909111	0.97201826	0.1284147473507268	0.0178527	0.00011
0.0252	-0.316	0.2484	0.018139206915977066	0.002590068609959585	0.002008873969045473	1.07235849	61.76361465	0.97720174	0.06033377489976519	0.0170608	0.00011
0.0284	-0.2363	0.4093	0.01822996403708077	0.002408554367752175	0.001706932008450454	1.19499874	68.82720947	1.06146699	0.27251066619530667	0.0187513	7e-05
0.0318	-0.1917	0.4549	0.018020524526841452	0.0024975661596038853	0.0017191493132144146	0.95512348	55.01134109	0.93923906	0.10913343034274949	0.019644	7e-05
0.0355	-0.2523	0.4477	0.018243926671096724	0.002518510110627818	0.0017383479349863521	0.98741108	56.87097931	0.93594924	0.08467723585255715	0.0204619	7e-05
0.0268	-0.3287	0.3545	0.018655824374567385	0.0027977627909469105	0.0018971728969178364	1.0679549	61.50998688	0.98562447	0.22079876728606188	0.0195804	0.00012
0.0238	-0.3209	0.233	0.01787915285742991	0.00272096830385916	0.002186897552748895	1.14117539	65.72719574	1.01693667	0.18945953300281412	0.0171234	9e-05
0.0227	-0.2949	0.2201	0.01781283034585413	0.0027384215963791032	0.0021799162357409173	0.95624965	55.07620239	0.93088488	0.04453785605518522	0.0160132	7e-05
0.0241	-0.2438	0.3707	0.0184987447418879	0.0027454029133870805	0.0018168877513260971	1.15781224	66.68540955	1.03338026	0.25589620987282846	0.0188457	0.00012
0.0297	-0.1998	0.4348	0.01841147827928818	0.002673844414055313	0.001837831702350029	1.08275366	62.36233521	0.97530848	0.12268844564777089	0.0203977	0.00013
0.0351	-0.2599	0.4278	0.018348646426216385	0.002537708732399755	0.0018517943363659836	1.02434647	58.99831009	0.94423149	0.08314650843716548	0.0198228	8e-05
0.0386	-0.3119	0.2428	0.017839010284634044	0.0025516713664157096	0.0020420352248333657	1.19702458	68.9438858	1.06620336	0.2761919832032839	0.0169311	0.00012
0.0284	-0.3364	0.1254	0.017044885474976623	0.0028571039855147177	0.0020176006153054447	1.14466822	65.92836761	1.02370798	0.20829960191421745	0.0168855	0.00024
0.0264	-0.2905	0.0839	0.015978489302008087	0.002993239667170275	0.0019373154697137059	1.08338106	62.39846802	0.97075147	0.15354085001079162	0.0157897	0.00029
0.0267	-0.2455	0.2723	0.017142623913088302	0.0029949849964222694	0.0017924531417981763	1.18256032	68.1108017	1.07528129	0.2992371134123869	0.0148476	0.0001
0.0304	-0.1876	0.3683	0.01768891196896253	0.0029321531433504737	0.001689478715930511	1.08277035	62.36329651	0.98658792	0.19320471674068443	0.0168976	8e-05
0.0304	-0.2484	0.3801	0.01803972314861339	0.0028728119487826664	0.0017749998492782332	1.05108345	60.5382576	0.95848738	0.09738367537831946	0.0180088	0.00012
0.0356	-0.2909	0.3569	0.018313739841176496	0.00266860842629933	0.0020315632493213996	1.03478479	59.59951401	0.94345763	0.10763918075448042	0.017903	3e-05
0.0424	-0.2988	0.2734	0.018299777207160545	0.002380629099720265	0.002190388211252884	0.96925223	55.82509995	0.94720109	0.121238346126325	0.0166965	0.00013
0.0366	-0.2628	0.3625	0.018392279657516247	0.0025481807079117207	0.001891936909161853	1.05560088	60.79844284	0.97854672	0.15882526803190947	0.0178337	0.0001
0.0361	-0.2028	0.4372	0.017819811662862103	0.0026162485487395003	0.0018133970928221085	1.03779447	59.7728653	0.96931129	0.17115378259108335	0.0180604	8e-05
0.0384	-0.2405	0.43	0.01775697980979031	0.0025603980126756814	0.0018849555921538759	1.00056779	57.62875366	0.93672599	0.056712044423368926	0.0185072	0.00022
0.0313	-0.348	0.396	0.01837831702350029	0.0028187067419708422	0.0019285888234537342	1.02932382	59.2849884	0.96951288	0.19476395871524993	0.019401	6e-05
0.0394	-0.3405	0.2717	0.01828930523164858	0.0024801128670839424	0.0022026055160168437	1.03727138	59.74273682	0.98272496	0.1749811179650859	0.0171205	7e-05
0.0359	-0.2967	0.2788	0.01841496893779217	0.0025045474766118626	0.0021275563581810873	1.0564369	60.84659195	0.96770709	0.06565737367536331	0.0173713	0.0001
0.0326	-0.2103	0.4204	0.017994344588061536	0.002673844414055313	0.0018901915799098587	1.15493739	66.5198288	1.03219486	0.2726643032722657	0.0193896	0.00028
0.0344	-0.1776	0.432	0.017889624832941875	0.002579596634447619	0.001820378409830086	0.97826868	56.34441376	0.93257714	0.05953903524035636	0.0200608	0.00023
0.0334	-0.2914	0.4166	0.01879021472697095	0.0028187067419708422	0.0018517943363659836	1.11058676	63.96541214	0.99410612	0.18875579640440984	0.0227235	0.00039
0.0312	-0.2979	0.3566	0.01894729435965044	0.002775073510670984	0.0020734511513692635	1.08662081	62.58506393	0.9681337	0.08981848394913144	0.0221435	0.00025
0.0354	-0.281	0.314	0.01864360706980343	0.002562143341927676	0.002237512101056731	0.99110693	57.08384323	0.94393868	0.09773392041388929	0.0201513	0.0001
0.032	-0.2328	0.4323	0.018755308141931066	0.002673844414055313	0.001778490507782222	1.13743532	65.51177979	1.00710461	0.20402118687648912	0.0237794	0.00046
0.0352	-0.2038	0.4715	0.01832595714594046	0.0026040312439755396	0.0017121679962064373	1.04213977	60.02313614	0.95537128	0.09967433388230808	0.0250244	0.00047
0.0361	-0.28	0.4617	0.018490018095627926	0.002633701841259443	0.0016947147036864942	0.98370689	56.65763092	0.94146811	0.09745924197456558	0.024731	0.00042
0.0434	-0.3152	0.4166	0.019086920699809985	0.002389355745980237	0.0017732545200262388	1.0151093	58.46628571	0.94792753	0.1335894257900504	0.0255796	0.00043
0.0469	-0.3083	0.2931	0.01843067690106012	0.0022794000031045943	0.002054252529597326	1.10971141	63.9149971	1.01811214	0.18625987755982973	0.0222973	0.00022
0.058	-0.2951	0.1725	0.017270032948483893	0.0023020892833805202	0.0022759093446006054	1.07572591	61.95756149	1.009452	0.21514950239277164	0.0193086	0.00028
0.0606	-0.2552	0.1883	0.01762084412813475	0.0023265238929084412	0.0022026055160168437	1.00254285	57.74251175	0.94260728	0.08072748088812692	0.0193862	0.00033
0.0524	-0.1938	0.3538	0.01783028363837407	0.002282890661608583	0.0018099064343181197	1.14905167	66.18083954	1.05440047	0.2673885911618952	0.0194547	0.00011
0.045	-0.1475	0.4407	0.01761037215262278	0.0023457225146803788	0.0017156586547104257	0.99497581	57.30667496	0.96480528	0.15944955592153895	0.0207357	0.0001
0.0413	-0.2438	0.4318	0.018121753623457124	0.0025464353786597265	0.0016964600329384882	0.99630958	57.38349533	0.94998006	0.1454646478292813	0.0208471	6e-05
0.0368	-0.3202	0.3986	0.018863518555554713	0.0026529004630313807	0.0018238690683340744	0.99127382	57.09345627	0.95372294	0.16288195259324145	0.0216545	8e-05
0.0407	-0.3011	0.3356	0.01874832682492309	0.00243473430653209	0.0020943951023931952	1.00961578	58.14987946	0.95424141	0.11619419605950165	0.0196318	0.00011
0.0425	-0.275	0.3804	0.01857553922897565	0.0022183134792847924	0.0019181168479417679	0.94337958	54.33493805	0.93898017	0.10097433388230828	0.0191976	5e-05
0.0396	-0.2064	0.4653	0.018579029887479635	0.0024277529895241124	0.0016598081186466073	1.05168998	60.57318878	0.98020569	0.17996194490192327	0.0218707	0.0001
0.041	-0.2569	0.449	0.018638371082047446	0.0024452062820440558	0.001689478715930511	1.03662312	59.70539474	0.95819637	0.07352325421858288	0.0226868	0.00025
0.0367	-0.3065	0.3887	0.01876578011744303	0.0025603980126756814	0.0019722220547535923	1.03237784	59.46088409	0.96213753	0.14046720524251455	0.0211482	4e-05
0.0373	-0.2986	0.2894	0.018737854849411123	0.0025289820861397836	0.002190388211252884	1.0710367	61.68748093	0.98390351	0.12167536755335484	0.0201451	0.00014
0.0363	-0.276	0.2606	0.018484782107871942	0.0024609142453120045	0.002282890661608583	1.03772831	59.7690506	0.95513725	0.0730821516361329	0.0196165	0.00013
0.0282	-0.2328	0.3701	0.018465583486100008	0.0027436575841350863	0.001980948701013564	1.05258584	60.62478638	0.99030907	0.19099419605950171	0.0199838	7e-05
0.0323	-0.1771	0.4682	0.018655824374567385	0.0026720990848033187	0.0016772614111665507	1.0473237	60.32170868	0.97439184	0.18617433388230795	0.0232897	0.00017
0.0323	-0.2271	0.4553	0.018741345507915112	0.0026302111827554544	0.0016755160819145565	1.0209204	58.80097961	0.95325652	0.06935771823237928	0.0233737	0.00016
0.0364	-0.2881	0.376	0.018708184252127218	0.002567379329683659	0.0019530234329816546	1.03742182	59.75139618	0.96902233	0.1630750229963394	0.0208011	4e-05
0.0409	-0.3071	0.2571	0.018407987620784192	0.002380629099720265	0.002169444260228951	1.05884814	60.98546982	0.98894919	0.17756838442768577	0.0186335	0.00011
0.0411	-0.2905	0.2457	0.018407987620784192	0.0024015730507441976	0.0021886428820008896	1.02150249	58.83450699	0.95581075	0.030207128639793544	0.0182198	0.00013
0.0397	-0.2427	0.4042	0.01852667000991981	0.0023404865269243957	0.0019093902016817967	1.13051033	65.1129303	1.04265552	0.23065107966372567	0.0196852	5e-05
0.0399	-0.2043	0.4606	0.018559831265707698	0.002385865087476248	0.001801179788058148	0.97608089	56.21840286	0.94216615	0.10433751149816944	0.0214692	0.0001
0.0373	-0.2897	0.4301	0.01906772207803805	0.002432988977280095	0.0017366026057343581	1.04285896	60.06455994	0.96843609	0.14947959422289947	0.0224593	0.00012
0.0372	-0.2871	0.3664	0.018903661128350582	0.0023439771854283846	0.0019617500792416262	1.07778692	62.07627106	0.96888802	0.09031101075232233	0.0199898	6e-05
