trans_x	trans_y	trans_z	rot_x	rot_y	rot_z	dvars_std	dvars_nstd	dvars_vstd	framewise_displacement	aqi	aor
0.0	-0.0	0.0	-0.0	0.0	-0.0	n/a	n/a	n/a	n/a	0.00973082	0.00237
-0.0008	0.028	0.0254	-5.061454830783555e-05	-8.901179185171081e-05	0.00010995574287564276	1.0453999	50.73110199	1.00462293	0.06667910415175946	0.00957006	0.00127
-0.0037	0.1204	0.0233	-0.00019198621771937622	-0.00020420352248333657	0.00016406094968746698	1.0959475	53.1840744	1.03785812	0.11293343034274952	0.0102365	0.00126
-0.0078	0.1285	0.0195	-0.0002007128639793479	-0.00010821041362364843	0.00010821041362364843	1.04234099	50.58266068	0.99615798	0.024028514559173927	0.0104447	0.00128
-0.002	0.0318	0.0278	1.9198621771937625e-05	-6.9813170079773176e-06	2.268928027592628e-05	1.03849685	50.39611435	1.0115378	0.13113308578573396	0.00905621	0.00048
0.0022	0.0082	0.0491	-0.00017802358370342162	0.0003106686068549907	5.759586531581287e-05	1.03874505	50.40815353	0.99488768	0.07658893571891069	0.00842887	0.00042
0.0072	0.0277	0.0603	-0.00015009831567151235	0.0004520402762665313	0.00018151424220741024	1.03221869	50.09144592	0.98872405	0.050360765716752354	0.00804549	0.0003
0.0021	0.087	0.0577	-0.00048171087355043494	0.0003822271061867582	0.0002670353755551324	1.02924776	49.94727325	0.99422682	0.09134734306532083	0.00869763	0.00044
0.0036	0.0296	0.0427	-0.00018675022996339323	0.00017453292519943296	0.0005689773361501514	1.02797496	49.88550568	0.99580904	0.11412983925846928	0.00850224	0.00049
0.0071	-0.0349	0.0604	-0.00024260076602721178	0.00032463124087094524	0.00018151424220741024	1.03404057	50.17985535	1.00430371	0.1153705972839036	0.00882888	0.00045
0.0124	-0.0144	0.0689	-4.363323129985824e-05	0.0003385938748868999	8.726646259971648e-05	1.03696668	50.32185364	0.9913566	0.049658897417550085	0.00782144	0.00032
0.0105	0.0339	0.0766	-1.3962634015954635e-05	0.00035430183815484887	5.585053606381854e-05	1.06093025	51.48476028	1.00398858	0.06173972435438752	0.00790298	0.00023
0.0006	0.1091	0.0626	-0.00018151424220741024	0.00010821041362364843	-4.18879020478639e-05	1.06576693	51.71947098	1.01995048	0.12466907354171693	0.00878352	0.00039
-0.0052	0.0889	0.0402	-5.93411945678072e-05	-7.330382858376184e-05	0.00021467549799530252	1.04743469	50.82984924	0.99204545	0.076412534494509	0.00893688	0.00051
-0.0147	0.0008	0.0024	0.00033335788713091696	-0.0003769911184307752	0.00013439035240356338	1.06708515	51.78344345	1.02730158	0.17423357585687385	0.00875819	0.00077
-0.0114	-0.0319	0.0111	0.0005567600313861911	-0.0003717551306747922	-5.93411945678072e-05	1.03992593	50.46546173	0.99578204	0.06581848394913137	0.00834787	0.00056
-0.0073	-0.0161	0.0452	0.0006300638599699529	-0.00015707963267948963	-0.00024609142453120044	1.05284619	51.092453	1.0134983	0.07773647782712288	0.00746691	0.00024
-0.006	0.0101	0.0555	0.0006300638599699529	-0.00020420352248333657	-0.00034557519189487725	1.02625716	49.80214691	0.98324394	0.045130382858376186	0.00735545	0.00021
-0.0063	0.0852	0.0527	0.00028623399732707005	-0.00013439035240356338	-0.0001884955592153876	1.06337404	51.60335159	1.00712559	0.10673613327010728	0.0083409	0.00034
-0.0105	0.0962	0.0439	8.203047484373349e-05	-0.00013962634015954637	-0.0001308996938995747	1.06418276	51.64259338	1.02790005	0.037351768777756617	0.0092485	0.00126
-0.0065	0.0175	0.0452	0.0002844886680750757	-9.075712110370512e-05	-0.000153588974175501	1.07393777	52.11598587	1.04505291	0.09770083462815549	0.00842434	0.00034
-0.0015	0.0222	0.061	0.0004468042885105483	6.45771823237902e-05	-0.00015184364492350666	1.03513443	50.23294067	0.99860968	0.04146976265574812	0.00757056	0.00026
0.0005	0.0277	0.0688	0.0003647738136668148	0.00018675022996339323	-8.203047484373349e-05	1.00952673	48.99025345	0.97603183	0.02900083462815549	0.00748491	0.00017
-0.0021	0.0889	0.066	-8.726646259971648e-06	0.0002478367537831948	-5.4105206811824215e-05	1.05989766	51.43465042	0.99974317	0.08972561258892486	0.0081991	0.0003
-0.0082	0.0816	0.0503	-0.00038571776469074686	0.00012740903539558605	6.981317007977319e-05	1.04394794	50.66064072	0.99616259	0.06016686068549908	0.008708	0.00031
-0.0092	-0.0151	0.0309	-7.853981633974481e-05	0.00010297442586766544	0.0001186823891356144	1.03992689	50.46550751	1.00577634	0.1361240888467382	0.00792938	0.00041
-0.0028	-0.0513	0.0425	0.0001186823891356144	0.0002024581932313422	5.235987755982989e-05	1.03186071	50.07407379	1.00089837	0.07235142422074102	0.00790542	0.00064
0.0023	-0.0215	0.0576	0.0003211405823669566	0.0002443460952792061	-2.6179938779914945e-05	1.06211805	51.54240036	1.01459968	0.06614429558094755	0.00744963	0.00024
0.0017	0.0212	0.064	0.00037350045992678646	0.00023212879051524583	-0.00014660765716752367	1.02160931	49.57659149	0.98634104	0.05895024503556994	0.00731391	0.00017
-0.0026	0.1078	0.0568	-2.96705972839036e-05	0.00016231562043547262	-9.599310885968811e-05	1.0832752	52.56911469	1.03009693	0.12427993877991494	0.00868922	0.00042
-0.0087	0.0894	0.0328	-5.4105206811824215e-05	9.075712110370512e-05	6.9813170079773176e-06	1.03208172	50.08479691	0.99852268	0.058448376736367685	0.00876474	0.00038
-0.0061	-0.0047	0.0391	0.0001937315469713706	0.00014486232791552936	-5.235987755982988e-06	1.02483773	49.73326111	0.9992623	0.11870796326794895	0.00759846	0.00023
-0.003	-0.0013	0.0522	0.00038397243543875244	0.0002513274122871834	-9.599310885968811e-05	1.03732395	50.33919525	0.99428602	0.03897315469713706	0.00765312	0.00019
-0.0045	0.0195	0.0729	0.00039095375244672985	0.0002617993877991494	-0.0001186823891356144	1.04740202	50.82825851	0.99527469	0.04500712863979349	0.00756878	0.00012
-0.0091	0.087	0.0684	1.2217304763960308e-05	0.0003473205211468716	6.108652381980153e-05	1.05004406	50.9564743	1.00212137	0.10880132469929536	0.00800419	0.00021
-0.0054	0.0577	0.0375	-0.00013962634015954637	0.0005078908123303499	0.0003961897402027128	1.10160184	53.45846939	1.05172182	0.09627585762449481	0.0090692	0.00205
0.0014	-0.0018	0.0562	-0.0001972222054753592	0.000736528944341607	0.0003089232776029963	1.06565154	51.713871	1.04054502	0.10367502299633932	0.00756621	0.00032
0.0034	-0.0031	0.0706	-1.7453292519943296e-05	0.0006126105674500097	0.00011170107212763708	1.01969635	49.48376465	0.98447517	0.04274547476611862	0.00737774	0.00019
0.0032	0.0498	0.0782	-0.0002513274122871834	0.0006475171524898963	0.00011344640137963142	1.04493833	50.70870209	1.00155696	0.07422630170295605	0.0081405	0.00021
-0.0012	0.082	0.0468	-0.00037524578917878077	0.00047822021504644627	0.0001972222054753592	1.04603803	50.7620697	1.00059363	0.08684955592153877	0.00830275	0.00035
-0.0021	0.0181	0.03	-0.0002513274122871834	0.0004363323129985824	0.00014660765716752367	1.00583208	48.81095505	0.9795514	0.09242104136236483	0.0079217	0.00026
-0.0004	-0.0168	0.0449	5.235987755982988e-06	0.0004921828490624009	4.18879020478639e-05	0.98524725	47.81201935	0.97245036	0.07235668456133222	0.00759399	0.00019
-0.0005	0.0131	0.0545	0.00031415926535897925	0.000705113017805709	0.0002530727415391778	1.04311502	50.620224	1.00369242	0.0762519142918809	0.00752491	0.00024
-0.006	0.0962	0.0475	-0.0005462880558742252	0.0008918632477691023	0.0006754424205218055	1.12334704	54.51371765	1.05908076	0.16907836150896124	0.00959826	0.00074
-0.0058	0.0386	0.0393	-0.0005253441048502931	0.000752236907609556	0.0005916666164260777	1.04279804	50.60483932	1.00758538	0.0782173047639603	0.00921679	0.00054
-0.0001	-0.0215	0.0538	-8.726646259971648e-05	0.0007173303225696694	0.0003193952531149623	1.03632319	50.29062653	1.00277484	0.11756277953007892	0.00772297	0.00032
0.0074	0.004	0.0621	0.0001658062789394613	0.0005619960191421741	0.0003473205211468716	1.00357854	48.70159531	0.97394388	0.06311661564992913	0.00752902	0.00025
0.0016	0.0834	0.0615	-0.00014137166941154068	0.0006544984694978735	0.0003316125578789226	1.08516943	52.66103363	1.0224221	0.10656941809873252	0.00854915	0.00034
-0.0019	0.1134	0.0487	-0.0006841690667817771	0.0006597344572538566	0.0004049163864626844	1.07150578	51.99796677	1.0130856	0.07736686068549906	0.00979328	0.00088
-0.0028	0.015	0.0381	-0.0002251474735072685	0.000593411945678072	0.00026354471705114377	1.05588961	51.24014664	1.02124232	0.14323578871309167	0.0082733	0.00033
0.0	-0.0107	0.056	0.00017104226669544429	0.0005742133239061344	6.283185307179586e-05	1.02633536	49.80593872	0.98971128	0.0772050612976999	0.00752848	0.00017
0.0004	0.0113	0.0644	0.00035430183815484887	0.0005427973973702365	4.363323129985824e-05	1.00824857	48.92822266	0.97771099	0.042493705988362	0.00790739	0.00014
-0.0037	0.0854	0.0647	-0.00035430183815484887	0.0006510078109938849	0.0001239183768915974	1.09274232	53.02853012	1.02341263	0.12335496177625425	0.00860596	0.00039
-0.003	0.0493	0.0621	-0.0004572762640225143	0.0005864306286700947	0.0002617993877991494	1.04044604	50.49069977	0.99399224	0.05467163095495038	0.00812143	0.00031
-0.0001	-0.0247	0.076	-3.316125578789226e-05	0.0005567600313861911	0.00022165681500327985	1.04247403	50.58911514	1.0050699	0.11549640891571976	0.00751472	0.00026
-0.0006	0.0109	0.0895	0.00015009831567151235	0.0005759586531581287	0.0001064650843716541	1.04072762	50.50436401	0.99765381	0.0654824961931484	0.00717294	0.00014
-0.0049	0.0891	0.0803	-0.0003595378259108319	0.0005637413483941684	9.599310885968811e-05	1.05835342	51.35971069	1.01297655	0.11831627109291352	0.00794023	0.0002
-0.0047	0.0641	0.0624	-0.0004328416544945937	0.00045902159327450867	0.00011693705988362007	1.02992427	49.98010254	0.9883837	0.05304837673636767	0.00835782	0.00031
-0.0045	-0.0195	0.0732	-6.981317007977319e-05	0.0005183627878423159	5.585053606381854e-05	1.0483247	50.87303543	1.01358893	0.11877281014012148	0.00859839	0.00024
-0.0002	-0.0151	0.0909	0.00013788101090755203	0.0006021385919380437	-3.490658503988659e-05	1.03047276	50.0067215	0.99136412	0.04551135530933791	0.00717241	0.00017
0.0004	0.0236	0.0865	0.00012740903539558605	0.0006736970912698113	2.792526803190927e-05	1.04400611	50.66346741	0.99872398	0.05094311639577647	0.00733602	0.00017
-0.0057	0.0901	0.0787	-6.632251157578452e-05	0.0003385938748868999	-0.00017627825445142725	1.05132401	51.01858521	1.00807174	0.11705191429188092	0.00795972	0.00023
-0.0094	0.0507	0.0643	-0.00019896753472735358	0.0003193952531149623	-7.330382858376184e-05	1.00339043	48.69246674	0.97703795	0.07024090353955861	0.00794739	0.00016
-0.0028	-0.0221	0.0799	6.806784082777885e-05	0.0002705260340591211	-8.37758040957278e-05	1.01447237	49.23025513	0.99383515	0.11131882850614698	0.00729716	0.00019
-0.0012	-0.0103	0.0936	0.0002652900463031381	0.000296705972839036	-0.00011170107212763708	1.01755238	49.37971878	0.98799572	0.039666370614359195	0.00692701	0.00011
-0.0045	0.0532	0.0904	2.792526803190927e-05	0.0002740166925631097	-0.00014137166941154068	1.07192385	52.01825714	1.01170263	0.08448623279155294	0.00750601	0.00015
-0.0061	0.0702	0.067	-0.00023212879051524583	0.0001675516081914556	-6.632251157578452e-05	1.02627158	49.802845	0.99365687	0.06407841503772825	0.00799769	0.00019
-0.0039	-0.0103	0.064	-2.094395102393195e-05	3.665191429188092e-05	-7.67944870877505e-05	1.01493955	49.25292587	0.99292876	0.10332782544514273	0.0077647	0.0002
-0.0023	-0.0255	0.0876	6.283185307179586e-05	0.00010297442586766544	-9.42477796076938e-05	1.01088595	49.05620956	0.98191048	0.04877758040957278	0.00721627	0.0001
-0.0007	0.0511	0.0827	-6.108652381980153e-05	0.0003577924966588376	3.490658503988659e-05	1.02944207	49.95670319	0.99842299	0.1084945406165175	0.00723946	0.00016
-0.0017	0.0564	0.0683	-0.0003577924966588376	0.000445058959258554	0.00020594885173533088	1.03732574	50.33927917	0.99865329	0.04845073510670984	0.00842297	0.00026
0.0002	0.0015	0.0702	-0.00010471975511965978	0.0003630284844148205	7.155849933176751e-05	1.0235815	49.67229843	0.99578752	0.08217467843932373	0.00734133	0.00018
-0.0013	-0.0036	0.0873	0.0001361356816555577	5.235987755982988e-06	-2.094395102393195e-05	1.04172885	50.55295181	1.00120389	0.058257519189487725	0.00737542	0.00021
-0.0055	0.0501	0.0971	-0.0002565634000431664	4.0142572795869576e-05	1.5707963267948964e-05	1.06779408	51.81784821	1.0262669	0.0909128790515246	0.00822634	0.00043
-0.0084	0.0369	0.097	-0.0008150687606813518	0.00011693705988362007	3.316125578789226e-05	1.03449726	50.20202255	1.0027456	0.04883765701229397	0.00828809	0.00028
-0.0118	-0.0272	0.1038	-0.0005969026041820607	0.00019198621771937622	-0.000158824961931484	1.00901663	48.96549606	0.99110523	0.09856007660272119	0.00787091	0.00024
-0.0132	-0.0156	0.1143	-0.00034208453339088857	0.0002583087292951608	-0.00021642082724729686	1.01525044	49.26800919	0.98457044	0.04243682238413847	0.0081647	0.0003
-0.0166	0.0603	0.1026	-0.0008395033702092724	0.0002373647782712288	-6.108652381980153e-05	1.07733202	52.28070068	1.03173277	0.12468485456349056	0.00874585	0.00032
-0.0159	-0.0204	0.0825	-0.0005811946409141118	0.00016929693744344995	-9.599310885968811e-05	1.04708385	50.81282043	1.01623331	0.11956415775814128	0.0085271	0.00046
-0.0123	-0.0253	0.0989	-0.00021118483949131387	0.0002251474735072685	-0.0002740166925631097	1.02162886	49.57754135	0.99290262	0.0550941960595019	0.00844234	0.00023
-0.0121	0.007	0.118	-0.00030368728984701333	0.00035604716740684323	-0.00024609142453120044	1.01963544	49.48080826	0.99315706	0.06416637061435916	0.00820291	0.00016
-0.0136	0.0828	0.0975	-0.0010943214410004448	0.00023387411976724014	-6.45771823237902e-05	1.06967175	51.90896606	1.03520751	0.1525160720500222	0.00956845	0.00056
-0.0119	-0.0157	0.1062	-0.0007749261878854823	0.00010821041362364843	-0.00017453292519943296	1.05296612	51.09827423	1.02762144	0.13665073510670983	0.00853854	0.00033
-0.0092	-0.0319	0.1201	-0.0004380776422505767	0.00011693705988362007	-0.00023387411976724014	1.0179193	49.39752579	0.99410642	0.05304581932313422	0.00833297	0.00026
-0.0125	0.0434	0.1198	-0.0007888888219014368	0.0001291543646475804	-0.0001291543646475804	1.0737555	52.1071434	1.02848958	0.102287411976724	0.00826544	0.00015
-0.0129	0.0215	0.0943	-0.0007976154681614085	2.268928027592628e-05	-6.806784082777885e-05	1.05158961	51.03147888	1.00420315	0.056613912722571366	0.00807136	0.00027
-0.0085	-0.0358	0.1109	-0.0006108652381980154	4.0142572795869576e-05	-2.6179938779914945e-05	1.05158138	51.03107452	1.00682482	0.09060457122656	0.00769627	0.00018
-0.0085	-0.0005	0.1251	-0.000640535835481919	0.0001239183768915974	-0.0001256637061435917	1.02742147	49.85864639	0.99097829	0.0601465084371654	0.00803107	0.00015
-0.0104	0.0543	0.1057	-0.000932005820564972	0.00017104226669544429	-0.00011519173063162575	1.07465041	52.15056992	1.01402489	0.09355329251994329	0.00955033	0.00031
-0.0098	-0.0342	0.0987	-0.000635299847725936	-1.2217304763960308e-05	-0.00014311699866353502	1.07269001	52.05543518	1.02605566	0.12149454061651747	0.00769109	0.00028
-0.0078	-0.0378	0.1102	-0.00041015237421866745	2.96705972839036e-05	-0.00020594885173533088	1.04400957	50.66363144	0.99161409	0.033593361431346426	0.00801486	0.00024
-0.0088	0.0058	0.105	-0.00030368728984701333	6.981317007977319e-05	-0.00024609142453120044	1.04738939	50.82764816	1.00312105	0.05913751149816968	0.00724554	0.00015
-0.013	0.0818	0.0905	-0.000804596785169386	6.45771823237902e-05	-0.00011693705988362007	1.05587459	51.23941803	1.01942061	0.1264649923862968	0.00855958	0.00025
-0.0172	-0.0077	0.0798	-0.0004415683007545654	2.792526803190927e-05	-0.00011693705988362007	1.04462647	50.69356918	1.01232291	0.12438401993533509	0.0084855	0.00036
-0.0125	-0.0345	0.0998	-0.00027750735106709843	1.0471975511965975e-05	-0.00018500490071139895	1.01331902	49.17428589	0.9893636	0.06397910415175946	0.00800163	0.00023
-0.011	0.0004	0.1125	-0.0001675516081914556	7.853981633974481e-05	-0.00024609142453120044	1.0368253	50.31499481	0.99707315	0.06105550537616116	0.00779951	0.0002
-0.0148	0.0418	0.1144	-0.0004188790204786391	0.0002007128639793479	-7.504915783575618e-05	1.05689847	51.28910446	1.00809131	0.07432713633111153	0.00812066	0.00022
-0.0179	0.0663	0.1	-0.0008761552845011534	0.00028099800957108706	0.00010297442586766544	1.03448093	50.20122528	1.00408642	0.07777924966588376	0.00938845	0.00024
-0.0169	-0.0102	0.0954	-0.0007033676885537148	0.0002740166925631097	6.45771823237902e-05	1.02076626	49.53568268	0.9984056	0.09300830782496458	0.0072239	0.00019
-0.0125	-0.0308	0.1036	-0.0003700098014227979	0.0002024581932313422	-8.552113334772214e-05	1.01964855	49.4814415	0.987635	0.060950735106709834	0.00721091	0.00025
-0.0099	-0.0099	0.1114	-0.0003316125578789226	0.00024085543677521747	-7.504915783575618e-05	1.03134358	50.0489769	0.99826832	0.03566332312998583	0.00688034	0.00018
-0.0123	0.0253	0.1063	-0.0004136430327226561	0.00027576202181510406	-7.330382858376184e-05	1.03856981	50.39965439	0.99710486	0.04863411945678072	0.007052	0.00014
-0.0117	0.0604	0.0947	-0.000804596785169386	0.0002199114857512855	-5.235987755982988e-06	1.02690589	49.83362579	0.99339871	0.07304360646691636	0.00755757	0.00023
-0.0108	-0.0034	0.0816	-0.0005846852994181004	0.00021642082724729686	-2.6179938779914945e-05	1.01744163	49.37434387	0.99345535	0.0900173047639603	0.00697899	0.00013
-0.0071	-0.0289	0.0897	-0.00030194196059501896	0.00017278759594743863	-0.00015707963267948963	1.01135445	49.07894897	0.98345369	0.0601638132011257	0.00699031	0.0002
-0.006	-0.0085	0.0965	-0.00022863813201125715	0.00018151424220741024	-0.00017627825445142725	1.0323472	50.09767914	0.99405957	0.03336145483078356	0.00720793	0.00016
-0.0085	0.0574	0.0809	-0.0007016223593017205	0.00023387411976724014	-8.901179185171081e-05	1.09568548	53.17136002	1.02856817	0.11463052837250048	0.00782299	0.00021
-0.0079	0.006	0.0629	-0.0006318091892219474	0.0001972222054753592	-0.00010995574287564276	1.02889919	49.93035507	0.99591436	0.0763704517697793	0.00729263	0.00026
-0.0055	-0.0425	0.0834	-0.0003787364476827695	0.00017976891295541595	-0.000158824961931484	1.01283336	49.15071487	0.99023188	0.08736976265574813	0.00673908	0.00011
-0.0023	-0.0088	0.0956	-0.00024085543677521747	0.00016929693744344995	-0.00023387411976724014	0.99266672	48.17206955	0.97599854	0.06027010721276371	0.00643593	8e-05
-0.0098	0.0458	0.0999	-0.000322885911618951	0.0002478367537831948	-0.00022165681500327985	1.05371547	51.13463974	1.00299623	0.07503937979737194	0.00743532	0.0001
-0.0111	0.0733	0.0776	-0.0006806784082777885	0.00015707963267948963	-0.00019024088846738194	1.0519743	51.0501442	1.00983513	0.07509827721492203	0.00781262	0.00016
-0.0074	-0.0181	0.0552	-0.0002007128639793479	0.00011170107212763708	-0.0001361356816555577	1.02905381	49.93785858	1.00753926	0.14647246558310587	0.00661874	0.00015
-0.004	-0.0198	0.0676	-0.00011344640137963142	0.0001658062789394613	-0.00017278759594743863	1.01095796	49.05970764	0.97947321	0.026401179185171077	0.00653654	0.00013
-0.0024	0.0063	0.0666	-0.00010821041362364843	0.00015184364492350666	-7.504915783575618e-05	1.02386689	49.6861496	0.98529076	0.03454685299418099	0.00643033	0.00012
-0.0073	0.0604	0.0524	-0.00041015237421866745	0.00023212879051524583	-8.552113334772214e-05	1.03124344	50.04411697	0.98939235	0.09283495408493622	0.00744319	0.00013
-0.0064	0.04	0.0332	-0.00018500490071139895	0.0002617993877991494	1.0471975511965975e-05	1.03929591	50.43488693	0.98979878	0.05804055898254301	0.00754589	0.0002
-0.005	-0.02	0.0431	-9.948376736367679e-05	0.00017976891295541595	-7.504915783575618e-05	1.03638029	50.29339981	0.9976881	0.08395363707695888	0.00724	0.00017
-0.0015	-0.0256	0.0499	4.363323129985824e-05	0.00015707963267948963	-9.773843811168246e-05	1.05286491	51.09336472	0.99354464	0.02532477796076938	0.00694007	0.00019
-0.0009	0.0004	0.0642	0.00014137166941154068	0.0001884955592153876	-0.0001675516081914556	1.02864873	49.91820145	0.98861575	0.05084837673636767	0.00616711	0.00016
-0.006	0.0653	0.0595	-0.00021467549799530252	0.00022340214425527416	-0.0001239183768915974	1.03843939	50.39332199	1.00252395	0.09642934918732941	0.00696337	9e-05
-0.008	0.0877	0.0517	-0.0006161012259539982	0.0002199114857512855	-1.7453292519943296e-05	1.03199351	50.08052063	0.99161541	0.057769073541716925	0.00828624	0.00029
-0.0097	-0.0039	0.0393	-0.00035604716740684323	0.00017453292519943296	-8.726646259971648e-05	1.03270125	50.11486435	1.00143783	0.12446228945893902	0.00733989	0.00029
-0.005	-0.0518	0.0562	-5.4105206811824215e-05	0.00016929693744344995	-0.000148352986419518	1.02049017	49.52228546	0.99801019	0.08791322360854019	0.00661212	0.00014
-0.0025	-0.0269	0.0695	-8.726646259971648e-06	0.00022340214425527416	-0.0002199114857512855	1.06077337	51.47714615	1.00286909	0.04925211333477221	0.00684452	0.00015
-0.0075	0.0416	0.0779	-0.00022165681500327985	0.0002565634000431664	-0.0002007128639793479	1.06826651	51.84077072	1.01307392	0.0951645023151569	0.00651455	0.00012
-0.0099	0.0711	0.0655	-0.0005061454830783556	0.0002373647782712288	-0.00012217304763960306	1.01356399	49.18616867	0.97917116	0.0634113553093379	0.00722283	0.0001
-0.0093	-0.0282	0.0744	-6.806784082777885e-05	0.00021642082724729686	-0.00021642082724729686	1.0611552	51.49567413	1.0205855	0.13646346864411013	0.00651515	0.00013
-0.0079	0.0067	0.0923	0.0001064650843716541	0.0001361356816555577	-0.000296705972839036	1.03320467	50.13929367	0.98808952	0.07095516081914556	0.00618678	0.00013
-0.0134	0.0615	0.0955	-0.00018675022996339323	0.0001658062789394613	-0.00034557519189487725	1.05326831	51.11293793	1.00078535	0.08208775653373963	0.00685591	0.00011
-0.0147	0.0693	0.0886	-0.0003385938748868999	0.0001605702911834783	-0.0003159045946109737	1.01050854	49.0378952	0.98173912	0.025337511498169665	0.00720125	0.00015
-0.0131	-0.0272	0.0936	6.283185307179586e-05	0.0001308996938995747	-0.0004415683007545654	1.03993607	50.46595383	1.00925176	0.13093800156930957	0.00610739	8e-05
-0.008	-0.0254	0.1107	0.00021642082724729686	0.00013788101090755203	-0.00048520153205442357	1.01747656	49.37604141	0.98133597	0.034210176124166825	0.00614995	6e-05
-0.0095	0.0353	0.1018	6.9813170079773176e-06	6.283185307179586e-05	-0.0004328416544945937	1.03659177	50.30366135	0.99098863	0.08794242728174528	0.00658751	0.00015
-0.0152	0.0458	0.0914	-0.0003717551306747922	-7.853981633974481e-05	-0.0004904375198104066	1.05302525	51.1011467	0.99957942	0.055485199120506166	0.00716788	0.00019
-0.0153	-0.0367	0.0982	0.00011693705988362007	-0.0001186823891356144	-0.0006370451769779302	1.03899872	50.42046738	1.00427896	0.12317212102609028	0.00645965	8e-05
-0.0151	-0.0167	0.109	0.0004310963252425994	-5.235987755982989e-05	-0.0007190756518216638	1.02967882	49.96819305	0.98592781	0.05412561258892488	0.0061866	0.00016
-0.0167	0.0428	0.1057	0.0002024581932313422	0.0	-0.0006213372137099814	1.05874956	51.37893295	1.00624058	0.08333682238413846	0.00657874	9e-05
-0.0173	0.0741	0.0926	-0.0002251474735072685	-3.4906585039886588e-06	-0.0005393067388662478	1.03927839	50.43404007	0.99547642	0.07065634000431664	0.00708693	0.00021
-0.0191	-0.0113	0.0944	0.0001308996938995747	-3.839724354387525e-05	-0.0006492624817418905	1.04132903	50.53355026	1.00053773	0.11404547476611862	0.00611383	8e-05
-0.0163	-0.0192	0.1127	0.0004136430327226561	-8.028514559173915e-05	-0.0007225663103256524	0.98694623	47.8944664	0.97211124	0.048896753472735366	0.00614041	0.0001
-0.0201	0.0497	0.1416	6.981317007977319e-05	3.141592653589793e-05	-0.0007417649320975902	1.04248166	50.58948898	1.00470349	0.12533647782712287	0.00748801	0.00019
-0.0237	0.0729	0.1204	-0.00022863813201125715	-2.4434609527920616e-05	-0.0006318091892219474	1.03615928	50.2826767	0.99999107	0.07121287905152461	0.00699645	7e-05
-0.0194	-0.0382	0.1126	0.0001832595714594046	-0.00015009831567151235	-0.0007435102613495844	1.05201232	51.05199051	1.01983301	0.1556631240870945	0.00638133	8e-05
-0.0194	-0.0462	0.1204	0.0005689773361501514	-0.0002722713633111154	-0.0008621926504851988	1.04700756	50.80911636	0.99309101	0.0471286600732982	0.00676709	0.00019
-0.0195	0.0049	0.1271	0.00039269908169872416	-0.00018675022996339323	-0.0008028514559173916	1.05282259	51.09130859	0.99716044	0.07395702911834781	0.00638491	0.0001
-0.0212	0.06	0.1099	-0.00015533430342749534	-0.0002617993877991494	-0.0007923794804054256	1.04772997	50.84417343	1.00133098	0.10567772592369706	0.00700784	0.00014
-0.0116	-0.0208	0.1125	4.363323129985824e-05	-0.0004886921905584122	-0.0009250245035569946	1.03985822	50.46217728	1.00422032	0.12092526803190928	0.00676906	0.0002
-0.0132	-0.0449	0.1346	0.0005009094953223725	-0.0003351032163829112	-0.000900589894029074	1.0218029	49.58598709	0.9920145	0.0795649923862968	0.00669694	0.00017
-0.0165	0.0086	0.1231	0.0005550147021341969	-0.00023387411976724014	-0.0009128071987930344	1.0523783	51.06975174	1.00276594	0.07667758040957279	0.00635761	0.00017
-0.0182	0.0713	0.1071	0.00011170107212763708	-0.00023561944901923448	-0.0006649704450098395	1.07086682	51.96696091	1.01959528	0.11504478565208746	0.00697035	0.00016
-0.0212	0.0103	0.1	0.0003298672286269283	-0.0002530727415391778	-0.0007609635538695277	1.02429187	49.70677567	0.99271231	0.08768062789394612	0.00620747	0.00015
-0.0184	-0.0311	0.1208	0.0005183627878423159	-0.00029845130209103034	-0.0008918632477691023	1.02129257	49.56122589	0.99191111	0.08323869068334074	0.00664991	9e-05
-0.0164	-0.0088	0.1247	0.0007592182246175333	-0.00029845130209103034	-0.0009773843811168245	1.0182507	49.41360855	0.97207939	0.044518828506146975	0.00697446	0.00016
-0.0191	0.0321	0.1218	0.0005689773361501514	-0.00024085543677521747	-0.0009494591130849152	1.06316805	51.59335327	1.00134841	0.060288101090755206	0.00663871	0.00011
-0.0185	0.0635	0.1101	-1.7453292519943294e-06	-0.00023212879051524583	-0.0007504915783575615	1.05772781	51.32935333	1.00717843	0.08262084231947353	0.00675201	0.00011
-0.022	-0.0167	0.1072	0.0003665191429188092	-0.0002740166925631097	-0.0008656833089891874	1.02142739	49.56776428	1.00078107	0.11286720524251465	0.00638717	0.00012
-0.0186	-0.0323	0.1247	0.0005707226654021458	-0.0002600540585471551	-0.000890117918517108	1.01945293	49.47194672	0.98696354	0.0486300383013606	0.00637174	0.00011
-0.0201	-0.0043	0.137	0.000582939970166106	-0.00018151424220741024	-0.000879645943005142	1.01706707	49.35617065	0.98323622	0.04686145483078356	0.0064677	8e-05
-0.0218	0.0724	0.1274	-6.632251157578452e-05	-0.00014486232791552936	-0.0007417649320975902	1.09798419	53.28290939	1.02540823	0.12918977034706616	0.00717062	0.00024
-0.0202	-0.0157	0.1152	0.00017802358370342162	-0.00020769418098732522	-0.0007452555906015787	1.05968571	51.424366	1.02062935	0.11743343034274956	0.0064289	0.00015
-0.0197	-0.0345	0.1107	0.000710349005561692	-0.00014311699866353502	-0.000890117918517108	1.0184412	49.42285156	0.99086772	0.0608882466048795	0.00632501	0.00013
-0.0185	-0.0025	0.1256	0.0005637413483941684	-0.00013962634015954637	-0.0009232791743050004	1.04607892	50.76405334	0.99893179	0.05726297857297022	0.00656384	0.00015
-0.0214	0.0667	0.1233	0.00017802358370342162	-8.552113334772214e-05	-0.0007819075048934597	1.06819916	51.83750534	1.01850145	0.10345973204570556	0.00739074	0.0001
-0.0193	0.0198	0.1045	0.00011170107212763708	-0.00014486232791552936	-0.0007330382858376184	1.01500249	49.25597763	0.98904406	0.07652664625997165	0.00612849	7e-05
-0.0167	-0.0429	0.1154	0.0005201081170943102	-0.0001308996938995747	-0.0008674286382411819	0.99877292	48.46839142	0.98642182	0.10403800156930956	0.0061264	8e-05
-0.0049	-0.0163	0.1366	0.0005707226654021458	-5.759586531581287e-05	-0.0008656833089891874	1.04295802	50.61260223	0.99893575	0.0658831853071796	0.00653744	7e-05
-0.0161	0.0542	0.1182	0.0001239183768915974	-0.00010297442586766544	-0.0007627088831215222	1.10579205	53.66180801	1.02938043	0.1298578637465033	0.00701541	0.00018
-0.0148	0.0187	0.1039	0.0001239183768915974	-0.00014311699866353502	-0.0006928957130417488	1.04236948	50.58404541	0.9968496	0.056597787143782136	0.00612766	7e-05
-0.0136	-0.0496	0.125	0.0005131268000863328	-0.0001308996938995747	-0.0008255407361933179	1.04460764	50.69265747	1.00445687	0.11730353755551325	0.00600606	0.00013
-0.0134	-0.0039	0.1339	0.000593411945678072	-9.250245035569947e-05	-0.0009424777960769379	1.014781	49.24522781	0.98229511	0.0665809724509617	0.00602847	0.0001
-0.0149	0.0643	0.1247	1.0471975511965975e-05	-9.42477796076938e-05	-0.0007435102613495844	1.08435118	52.62132645	1.02050098	0.11808264170727269	0.00673395	0.00015
-0.0169	0.0005	0.1178	0.00010821041362364843	-0.00010821041362364843	-0.0007627088831215222	1.04448342	50.68663025	1.00478108	0.07924498469497873	0.00680447	0.00014
-0.0143	-0.0543	0.1333	0.000445058959258554	-7.155849933176751e-05	-0.0008709192967451704	1.03405035	50.18033218	1.00121389	0.09698554367752174	0.00625211	0.00011
-0.0133	-0.0136	0.1379	0.0005358160803622592	-1.7453292519943296e-05	-0.0009180431865490173	1.03599405	50.27465439	0.99778499	0.055899310885968806	0.00635099	0.00012
-0.0154	0.0434	0.1363	9.773843811168246e-05	1.0471975511965975e-05	-0.0007679448708775049	1.05250633	51.07596207	1.00858947	0.09150506129769993	0.00638169	0.00013
-0.0156	0.0191	0.1133	3.4906585039886588e-06	3.141592653589793e-05	-0.0006649704450098395	1.02870965	49.92115784	0.9864399	0.05840830782496456	0.00589019	9e-05
-0.0141	-0.0466	0.1258	0.0003612831551628262	-5.235987755982988e-06	-0.0008115781021773631	1.02718735	49.84728241	0.99238224	0.10675260340591212	0.00612265	0.0001
-0.0139	-0.0257	0.1375	0.000486946861306418	-2.268928027592628e-05	-0.0008587019919812101	1.03074181	50.01977539	0.98785745	0.04231204442336912	0.00686747	0.00013
-0.0162	0.0315	0.1339	0.00014137166941154068	7.853981633974481e-05	-0.000710349005561692	1.08781552	52.78944397	1.01991266	0.09285786374650334	0.00674319	0.00018
-0.0143	0.0418	0.1097	-2.094395102393195e-05	6.806784082777885e-05	-0.0005654866776461627	1.05348337	51.12337494	1.00493593	0.052282496193148384	0.00628877	0.00012
-0.0145	-0.0552	0.1218	0.0002897246558310587	8.203047484373349e-05	-0.0006684611035138282	1.05917156	51.39941406	1.02073906	0.13068028333693055	0.00603062	6e-05
-0.0105	-0.0261	0.1442	0.0005026548245743669	6.632251157578452e-05	-0.0008063421144213803	1.02763617	49.86906433	0.98286568	0.07382595714594045	0.00657368	9e-05
-0.0146	0.0342	0.1458	0.0002251474735072685	4.363323129985824e-05	-0.0007330382858376184	1.0774895	52.28834152	1.00426228	0.08467502299633936	0.00710046	8e-05
-0.0133	0.0288	0.1288	-2.792526803190927e-05	5.061454830783555e-05	-0.0006161012259539982	1.03356194	50.15663147	0.9924334	0.04254955592153878	0.00631434	7e-05
-0.0122	-0.0441	0.1286	0.0003630284844148205	-0.0	-0.0007190756518216638	1.0245502	49.71931076	0.99837313	0.10142713633111154	0.00629371	7e-05
-0.0109	-0.0188	0.1435	0.00046949356878647465	4.18879020478639e-05	-0.0007679448708775049	1.02560103	49.77030182	0.98943448	0.051361110273767954	0.0065034	8e-05
-0.01	0.0084	0.1498	0.00032637657012293966	8.901179185171081e-05	-0.0006649704450098395	1.02793038	49.88334274	0.9832748	0.049060765716752365	0.0062992	6e-05
-0.0121	0.0582	0.1361	-0.0001361356816555577	0.00014486232791552936	-0.0005969026041820607	1.05702507	51.29524612	1.00099816	0.09492153143350472	0.0068301	0.00015
-0.0135	-0.0337	0.1359	0.00013962634015954637	5.4105206811824215e-05	-0.0006422811647339132	1.07612944	52.22234344	1.02232408	0.11409488517353308	0.0069924	9e-05
-0.011	-0.041	0.1517	0.0003787364476827695	3.839724354387525e-05	-0.0007731808586334879	1.02528882	49.75515366	0.98388761	0.044885888234537354	0.00725806	0.00013
-0.0127	-0.0031	0.1535	0.000291469985083053	0.00013788101090755203	-0.0007539822368615504	1.05233788	51.06778717	0.99628361	0.05169744258676654	0.00701594	9e-05
-0.0153	0.0406	0.1496	-0.0002007128639793479	0.00017802358370342162	-0.0005567600313861911	1.04456401	50.69054031	0.99673908	0.08667738136668146	0.00690424	0.00012
-0.0138	-0.0314	0.1467	7.330382858376184e-05	1.3962634015954635e-05	-0.0008342673824532895	1.02809501	49.89133072	0.99324621	0.11217924966588376	0.0061993	8e-05
-0.0118	-0.0409	0.1593	0.000445058959258554	1.5707963267948964e-05	-0.0008988445647770796	1.01422656	49.21832275	0.98093392	0.04600388211252884	0.00725144	0.00013
-0.0148	0.0098	0.1723	0.00022863813201125715	0.0001256637061435917	-0.0008272860654453122	1.04476881	50.7004776	0.9992774	0.08659675347273536	0.0071876	0.00014
-0.0183	0.059	0.1508	-0.0003106686068549907	0.0002513274122871834	-0.000439822971502571	1.07305586	52.07318878	1.02459145	0.12682167694762905	0.00693953	8e-05
-0.019	-0.0097	0.1419	-4.537856055185256e-05	0.00015009831567151235	-0.0005881759579220891	1.01755762	49.37997437	0.99031653	0.10404360646691636	0.00608927	6e-05
-0.0193	-0.0618	0.163	0.00023911010752322313	0.00016929693744344995	-0.0007819075048934597	1.02757215	49.86595917	0.99128119	0.0983709418409192	0.00692528	5e-05
-0.0147	-0.0399	0.1743	0.00048345620280242926	0.0001937315469713706	-0.0008482300164692441	1.0226965	49.62935257	0.97879447	0.05455516081914556	0.00685149	0.00018
-0.018	0.0249	0.1675	0.0001675516081914556	0.0002443460952792061	-0.0006928957130417488	1.07091665	51.96937561	1.01705182	0.10099267231731522	0.00669992	0.00021
-0.018	0.024	0.1485	-0.000153588974175501	0.0002443460952792061	-0.0005846852994181004	1.03856313	50.39933014	0.99159135	0.04136754979953026	0.00618035	0.00012
-0.0151	-0.0476	0.1484	0.0002548180707911721	0.00015533430342749534	-0.0006998770300497262	1.0116837	49.09492493	0.98443875	0.10523052837250046	0.00595236	0.0001
-0.0128	-0.0314	0.1683	0.0003089232776029963	0.00019024088846738194	-0.000783652834145454	1.02736139	49.85572815	0.98794071	0.04703937979737194	0.00680858	9e-05
-0.0171	0.0325	0.1672	4.18879020478639e-05	0.0002583087292951608	-0.0006894050545377602	1.05169213	51.03644943	1.00393535	0.09076754979953025	0.00680721	8e-05
-0.0176	0.0087	0.1443	-8.028514559173915e-05	0.00022689280275926284	-0.0006510078109938849	1.02913833	49.9419632	0.9831587	0.0567993108859688	0.00681257	7e-05
-0.0138	-0.0575	0.1501	0.0003787364476827695	0.000153588974175501	-0.000726056968829641	1.03353369	50.15525818	0.99558417	0.10616872898470132	0.00665492	9e-05
-0.0133	-0.0332	0.1591	0.0005811946409141118	0.00016231562043547262	-0.0008290313946973065	1.02132976	49.56302643	0.97837573	0.04950796326794896	0.00666803	9e-05
-0.0149	0.0333	0.151	3.839724354387525e-05	0.0002303834612632515	-0.0006859143960337716	1.08057296	52.43797684	1.01784328	0.1138991118430775	0.00659132	0.0001
-0.0162	0.0213	0.1278	-2.4434609527920616e-05	0.0002373647782712288	-0.0006230825429619757	1.01109648	49.06642532	0.98081801	0.04313225115757845	0.0061965	9e-05
-0.0078	-0.0564	0.138	0.00035081117965086024	0.00015009831567151235	-0.0007644542123735164	1.02562988	49.77170181	0.99681734	0.1264941960595019	0.0062114	5e-05
-0.0074	-0.0358	0.1629	0.00040666171571467877	0.0002740166925631097	-0.0007819075048934597	1.02480018	49.73143768	0.9891225	0.055761110273767935	0.00644141	0.0001
-0.0138	0.0408	0.1524	0.00017627825445142725	0.00020769418098732522	-0.0007016223593017205	1.04997301	50.95302582	1.00421583	0.11234955592153877	0.00659734	6e-05
-0.0164	-0.0148	0.1422	0.0002024581932313422	9.599310885968811e-05	-0.0006911503837897545	1.02349961	49.66832733	0.99015976	0.0758176493209759	0.0063557	0.00012
-0.0117	-0.0525	0.1614	0.0005096361415823442	0.00011519173063162575	-0.0008150687606813518	0.98909867	47.99892044	0.97510018	0.08411474735072685	0.00709939	0.0002
-0.0159	-0.0004	0.1706	0.0006562437987498679	-9.948376736367679e-05	-0.0009948376736367678	1.00909352	48.96922684	0.9888349	0.09255260340591213	0.00732213	0.00021
-0.017	0.0633	0.1519	-6.632251157578452e-05	0.00013788101090755203	-0.0006300638599699529	1.08338499	52.57444	1.03277685	0.1497352451131848	0.00707704	0.00017
-0.0178	-0.0351	0.1458	0.0003193952531149623	0.00013264502315156904	-0.0007208209810736582	1.05614865	51.25271606	1.02149296	0.12938554367752172	0.00706273	0.00018
-0.0138	-0.0317	0.1599	0.0005131268000863328	0.0002024581932313422	-0.0008552113334772215	1.03628325	50.28869247	0.98802172	0.04139675347273532	0.00693864	0.00026
-0.0133	-0.0154	0.1652	0.000635299847725936	0.00032463124087094524	-0.0008011061266653974	1.03628337	50.28869629	0.98634749	0.037022565104551534	0.00784588	0.00026
-0.0132	0.0407	0.1433	0.00033684854563490564	0.0003351032163829112	-0.0004799655442984406	1.05015934	50.96206665	0.99839352	0.10960319299849766	0.00668079	0.00023
-0.0131	-0.0421	0.1433	0.00042411500823462205	0.0004485496177625427	-0.0006667157742618339	1.04527032	50.72481155	1.00792722	0.10227315469713706	0.00718451	0.0003
-0.0119	-0.0532	0.163	0.0005899212871740833	0.0003874630939427412	-0.000736528944341607	1.01388454	49.20172501	0.98270405	0.04683529864195178	0.00685155	0.00021
-0.0156	-0.0036	0.1673	0.0004939281783143952	0.00046949356878647465	-0.0007749261878854823	1.05963933	51.42211533	1.00008623	0.06842104136236485	0.00694793	0.00029
-0.0182	0.0558	0.1488	-3.490658503988659e-05	0.0004572762640225143	-0.0006946410422937432	1.07516742	52.17565918	1.01636239	0.11156686068549908	0.00711548	0.00016
-0.0195	-0.0255	0.1459	0.0001239183768915974	0.0004258603374866164	-0.0006719517620178169	1.01814449	49.40845108	0.99337034	0.0961465084371654	0.00611985	0.0001
-0.0176	-0.0584	0.1702	0.0003700098014227979	0.00042760566673861073	-0.000757472895365539	1.00975084	49.00112915	0.98053357	0.07576789435654582	0.00652719	0.00015
-0.0163	-0.0394	0.1639	0.0005166174585903216	0.0003473205211468716	-0.0008569566627292158	0.98730075	47.91167068	0.96280204	0.04291882850614699	0.00632584	0.00011
-0.0195	0.0147	0.1575	0.00037524578917878077	0.00040840704496667313	-0.0008395033702092724	1.06345463	51.60726166	1.00341399	0.07469557428756425	0.00712621	0.00013
-0.0185	0.0514	0.139	-6.632251157578452e-05	0.00035430183815484887	-0.0005358160803622592	1.06174481	51.52428436	1.00917608	0.09616803987067012	0.00635737	0.00014
-0.0161	-0.0429	0.1452	0.00039269908169872416	0.0003106686068549907	-0.0006824237375297829	1.02549124	49.7649765	1.00199434	0.13536312408709447	0.0060519	0.0001
-0.0161	-0.0286	0.1575	0.0005532693728822024	0.0003193952531149623	-0.0008639379797371932	1.00799477	48.91590881	0.98119005	0.044140558982543016	0.00652844	0.00015
-0.014	-0.0055	0.1604	0.000598647933434055	0.00042935099599060504	-0.0008360127117052838	1.00856316	48.94349289	0.98009235	0.03726297857297022	0.00675374	0.00018
-0.0182	0.0545	0.1475	0.00018500490071139895	0.0004956735075663896	-0.000710349005561692	1.03385723	50.17095947	0.99693559	0.1073814625221016	0.00630003	0.0001
-0.0182	0.0041	0.1255	0.00023212879051524583	0.000445058959258554	-0.0007295476273336296	0.99978554	48.51753235	0.97583358	0.078246852994181	0.00584984	0.0001
-0.0041	-0.0669	0.131	0.00029321531433504735	0.00029845130209103034	-0.0005218534463463045	0.99424279	48.24855423	0.985256	0.11136941809873252	0.00615925	0.00013
0.0034	-0.0622	0.1412	0.0003577924966588376	0.00010821041362364843	-0.0005497787143782138	1.02662814	49.82014465	0.98733142	0.036537166941154074	0.00691354	0.00015
-0.0034	-0.0204	0.1435	0.00018675022996339323	0.0001937315469713706	-0.0007138396640656808	1.05443704	51.16965485	0.9988352	0.07193121748653167	0.00642633	0.00016
-0.0103	0.0571	0.1309	-0.00039968039870670147	0.00032463124087094524	-0.0006178465552059926	1.07223237	52.03322601	1.02398452	0.1376661715714679	0.00683182	0.00017
-0.011	-0.0054	0.1192	-0.00010995574287564276	0.000450294947014537	-0.0005846852994181004	1.00483656	48.76264954	0.98162839	0.09732748088812712	0.00609398	9e-05
-0.0132	-0.0738	0.133	0.00041015237421866745	0.00045902159327450867	-0.0007487462491055673	1.01417303	49.21572495	0.99333858	0.11904478565208744	0.00642872	0.00012
-0.002	-0.0586	0.1418	0.0002530727415391778	0.0004956735075663896	-0.0004433136300065597	1.00316954	48.68174744	0.97665403	0.06015820830351892	0.0063206	0.00016
0.0005	-0.0167	0.1444	0.00039968039870670147	0.0004433136300065597	-0.0006056292504420323	1.06255162	51.56344223	0.98884857	0.06506415775814131	0.00662488	0.00022
-0.0036	0.0413	0.141	0.00026878070480712676	0.0005323254218582705	-0.0005969026041820607	1.08006108	52.41313934	1.00471506	0.07693190660056286	0.00639313	0.00019
-0.0104	0.0586	0.1209	-2.094395102393195e-05	0.0006021385919380437	-0.000466002910282486	1.04305136	50.61713409	0.9946758	0.06872187599052032	0.00649679	0.00015
-0.01	-0.0295	0.1224	0.00033684854563490564	0.0005044001538263612	-0.0006440264939859076	1.03610313	50.27994919	1.00238019	0.12167772592369708	0.00580102	8e-05
-0.0082	-0.0532	0.147	0.0005532693728822024	0.00047123889803846896	-0.0007627088831215222	1.01253831	49.13639832	0.98249512	0.06851322360854016	0.00621456	0.00011
-0.0093	-0.0275	0.1498	0.0006824237375297829	0.0005201081170943102	-0.0008237954069413235	0.988536	47.97161484	0.97100172	0.04155550537616115	0.0066821	9e-05
-0.0158	0.0417	0.1358	0.0003438298626428829	0.0005811946409141118	-0.0006161012259539982	1.08048987	52.4339447	1.01286422	0.12006872898470132	0.00649285	0.00015
-0.0191	0.0127	0.1043	0.000312413936106985	0.0005131268000863328	-0.0006108652381980154	1.02272916	49.63093948	0.98768054	0.06903598775598299	0.00573444	8e-05
-0.0128	-0.0679	0.1159	0.000460766922526503	0.0004974188368183839	-0.000783652834145454	1.00255787	48.65206528	0.98678225	0.11534242728174528	0.00592953	0.0001
-0.011	-0.0551	0.1399	0.0006736970912698113	0.0005183627878423159	-0.0009197885158010115	1.02122343	49.55786514	0.99055645	0.05710049007113988	0.00628078	9e-05
-0.011	-0.0019	0.1409	0.0006387905062299246	0.0005742133239061344	-0.0008203047484373349	1.05495334	51.19470978	1.00514745	0.0637120444233691	0.00627863	0.00016
-0.0139	0.0581	0.1256	0.00012217304763960306	0.0005550147021341969	-0.0006527531402458793	1.0569917	51.29362869	1.00323549	0.11336838442768572	0.00637907	0.00012
-0.0155	-0.0119	0.1129	0.0003665191429188092	0.0005497787143782138	-0.0007243116395776468	1.04505432	50.71433258	0.99728539	0.10035702911834785	0.00591725	0.0001
-0.0096	-0.0409	0.134	0.0007557275661135446	0.0004049163864626844	-0.0007976154681614085	1.03984106	50.46134186	0.99510934	0.08636872898470134	0.00637978	0.0001
-0.0077	-0.015	0.1321	0.000598647933434055	0.0005166174585903216	-0.0008098327729253688	1.04988432	50.94872284	0.99941534	0.04374990047855437	0.0064413	0.00015
-0.0111	0.0514	0.1221	0.0001064650843716541	0.0004049163864626844	-0.0006876597252857658	1.06721127	51.78956223	1.01403517	0.11610284844148204	0.00653052	7e-05
-0.0121	-0.0147	0.1038	0.0003473205211468716	0.0003787364476827695	-0.0007766715171374765	1.04873025	50.89271545	0.99990523	0.10320235837034215	0.00669754	0.00015
-0.0103	-0.0576	0.1333	0.0005323254218582705	0.0005218534463463045	-0.0008499753457212384	1.05194783	51.04886246	1.00605196	0.09427128639793475	0.00638998	0.00017
-0.0104	-0.02	0.1408	0.0005148721293383271	0.0006108652381980154	-0.0008290313946973065	1.04661059	50.78985214	0.99392753	0.051570451769779306	0.00618631	0.00014
-0.0295	0.0581	0.1343	-6.9813170079773176e-06	0.0005724679946541401	-0.0007871434926494425	1.08229148	52.52137375	1.02744609	0.13380692959690219	0.00676167	0.00016
-0.0243	-0.0133	0.1283	0.0001291543646475804	0.0006544984694978735	-0.0006806784082777885	1.03425491	50.19026184	0.99559581	0.09883156204354726	0.00583494	0.00013
-0.0173	-0.0548	0.1335	0.0005742133239061344	0.0006003932626860494	-0.0007766715171374765	1.03046858	50.0065155	0.98784016	0.08345786374650332	0.00601763	4e-05
-0.0143	-0.0252	0.1563	0.000593411945678072	0.0007941248096574199	-0.0008447393579652555	1.01196277	49.1084671	0.97386355	0.06944990047855433	0.00681627	0.0002
-0.0204	0.0542	0.1394	7.330382858376184e-05	0.0006440264939859076	-0.000710349005561692	1.09620452	53.19654465	1.03457682	0.14262983925846928	0.00678498	0.0002
-0.0157	0.002	0.1221	0.00012740903539558605	0.000619591884457987	-0.0006265732014659643	1.05492043	51.19311523	1.0028823	0.08231578102177362	0.00577849	0.0001
-0.013	-0.039	0.1355	0.00041189770347066176	0.0006335545184739417	-0.0006911503837897545	1.03569734	50.26025772	0.98954729	0.07525142422074103	0.00609016	0.00015
-0.0097	-0.0131	0.1464	0.0004921828490624009	0.0006161012259539982	-0.0007033676885537148	1.01726353	49.36569977	0.97933088	0.045597787143782126	0.00631601	0.00015
-0.0105	0.0573	0.1359	-7.504915783575618e-05	0.0006283185307179585	-0.0005550147021341969	1.05307877	51.10374069	1.01048221	0.11809011490408176	0.00639313	0.00011
-0.013	0.0155	0.1134	-4.537856055185256e-05	0.000661479786505851	-0.00048345620280242926	1.0458529	50.75308609	0.99824845	0.07351951762017817	0.00668061	0.00012
-0.0167	-0.0741	0.1296	0.0005253441048502931	0.0007504915783575615	-0.0008447393579652555	1.05518436	51.20592499	1.02225869	0.1605508806208341	0.00633675	0.0001
-0.0137	-0.0401	0.134	0.0007976154681614085	0.0007958701389094143	-0.0009616764178488756	1.02369523	49.67782211	0.99063026	0.06312934918732943	0.00666565	9e-05
-0.014	0.0347	0.1259	0.000291469985083053	0.000726056968829641	-0.0007417649320975902	1.10182047	53.46907806	1.02626721	0.1229935069454707	0.00647235	0.00019
-0.0072	0.0273	0.1109	9.773843811168246e-05	0.0007173303225696694	-0.0004886921905584122	1.04261327	50.59587097	0.9922692	0.05197654673852602	0.0059343	5e-05
-0.0132	-0.068	0.1187	0.0006108652381980154	0.0006492624817418905	-0.0007941248096574199	1.04800642	50.85759354	1.01993836	0.153431363000656	0.00577915	8e-05
-0.0111	-0.0301	0.1347	0.0008587019919812101	0.0006911503837897545	-0.0009145525280450286	1.00855672	48.94317627	0.98420082	0.07650761871093335	0.00573713	8e-05
-0.0142	0.0495	0.1154	0.0004485496177625427	0.0006544984694978735	-0.0007557275661135446	1.09378195	53.07898331	1.02211313	0.1322814625221016	0.00618172	0.00019
-0.0135	0.0265	0.0924	0.00035604716740684323	0.0005375614096142535	-0.00062482787221397	1.04315937	50.62237549	0.99785271	0.06371696020694471	0.00574517	8e-05
-0.0093	-0.0486	0.1055	0.0008936085770210966	0.00034906585039886593	-0.0007435102613495844	1.03536701	50.24422455	1.00688186	0.13463696789826277	0.00574893	9e-05
-0.0107	-0.0449	0.124	0.0010821041362364843	0.0004956735075663896	-0.0008098327729253688	1.04000151	50.46912766	1.0015116	0.04367128639793479	0.00593203	6e-05
-0.0122	-0.0014	0.1439	0.0008970992355250854	0.0006562437987498679	-0.0008779006137531476	1.0219146	49.59141159	0.98966912	0.0855821516361328	0.00586295	6e-05
-0.0147	0.06	0.1345	0.00028623399732707005	0.000577703982410123	-0.0007295476273336296	1.03606701	50.27819443	0.99924352	0.1151879020478639	0.00600553	5e-05
-0.0175	-0.0117	0.1163	0.00048171087355043494	0.0005183627878423159	-0.0007452555906015787	1.01391244	49.20308304	0.98187717	0.10622630170295606	0.00560099	3e-05
-0.0145	-0.0606	0.1369	0.000853466004225227	0.0005480333851262194	-0.0008464846872172499	0.9955346	48.31124115	0.97729012	0.09763274122871832	0.00629288	4e-05
-0.0102	-0.0407	0.1312	0.0011239920382843482	0.0005183627878423159	-0.0009826203688728075	1.0379703	50.37055969	0.98943908	0.051716615649929104	0.00598693	9e-05
-0.0115	0.0069	0.1275	0.0007452555906015787	0.0005672320068981572	-0.0008203047484373349	1.06219876	51.54631424	1.00551837	0.08209606435870417	0.00593454	9e-05
-0.0086	0.0464	0.1136	0.00039269908169872416	0.00032463124087094524	-0.0006771877497737998	1.02898729	49.93463135	0.99811791	0.09321371367968007	0.00583982	9e-05
-0.011	-0.0566	0.1116	0.0007470009198535729	0.00038048177693476387	-0.0008220500776893293	1.04367423	50.64735794	1.01349748	0.13515073510670983	0.00546211	8e-05
-0.0114	-0.0442	0.1358	0.000783652834145454	0.0005672320068981572	-0.00091106186954104	1.00562358	48.80084229	0.97803381	0.05262069680534925	0.00578898	6e-05
-0.0136	0.0289	0.1519	0.00042236967898262774	0.0005759586531581287	-0.000890117918517108	1.05642831	51.26628876	1.00930153	0.11094768762233648	0.00630176	0.00011
-0.0151	0.0536	0.1422	-1.5707963267948964e-05	0.0004363323129985824	-0.0007452555906015787	1.05914903	51.39831924	1.00245896	0.07202831551628262	0.00631994	9e-05
-0.0142	-0.0452	0.142	0.0004136430327226561	0.00043458698374658803	-0.0008168140899333463	1.07437181	52.13705063	1.0201146	0.12503274122871835	0.00605106	7e-05
-0.0104	-0.0382	0.1588	0.0005218534463463045	0.0005201081170943102	-0.0009581857593448868	1.02501667	49.74194717	0.98425199	0.04435516081914556	0.00656486	0.00012
-0.0123	0.0052	0.1503	0.0003106686068549907	0.0006265732014659643	-0.0008517206749732328	1.0237354	49.67977142	0.98529917	0.0750057504117311	0.00635517	0.0001
-0.0131	0.0386	0.1289	-0.00012042771838760874	0.000466002910282486	-0.0007627088831215222	1.06636178	51.74834061	1.01596691	0.08963392041388944	0.00672877	0.0002
-0.017	-0.0594	0.1216	0.00040840704496667313	0.0005201081170943102	-0.0008656833089891874	1.08017123	52.41848373	1.03117547	0.14349571980168854	0.00618285	0.0002
-0.0138	-0.0564	0.1378	0.0007208209810736582	0.0005532693728822024	-0.0009285151620609833	1.03702676	50.32477188	0.99188508	0.04282035224833367	0.00618833	4e-05
-0.0133	-0.0242	0.1504	0.0007749261878854823	0.0006318091892219474	-0.0009983283321407565	1.00076938	48.56527328	0.97640835	0.05542290966156711	0.00611395	3e-05
-0.0148	0.0497	0.1452	0.0002740166925631097	0.0006649704450098395	-0.0008691739674931761	1.0694536	51.89837646	1.01468052	0.11376125578789224	0.00750762	0.0001
-0.0139	0.0252	0.1223	0.000158824961931484	0.0005864306286700947	-0.0007696902001294993	1.04297435	50.61339569	0.99673386	0.06296076571675235	0.00604302	0.00013
-0.0148	-0.0483	0.1209	0.0007487462491055673	0.0006073745796940267	-0.0009459684545809266	1.04698145	50.80784988	1.00321729	0.11515717463247215	0.00608402	0.00012
-0.0114	-0.0303	0.1345	0.0010053096491487337	0.0006038839211900379	-0.0010262536001726657	1.01721239	49.36322021	0.9827229	0.052016960206944726	0.00601554	9e-05
-0.0115	0.003	0.1433	0.0009581857593448868	0.00062482787221397	-0.001075122819228507	0.9863258	47.86435699	0.96527033	0.048046852994181016	0.00633883	0.0001
-0.013	0.0614	0.1361	0.00038048177693476387	0.0006230825429619757	-0.0008918632477691023	1.05738604	51.31276321	1.00472197	0.1052354441560761	0.00665301	6e-05
-0.0124	0.026	0.1132	0.00018500490071139895	0.0005393067388662478	-0.000783652834145454	1.03514218	50.23331451	0.9941553	0.07827315469713705	0.00593585	9e-05
-0.0142	-0.0617	0.1188	0.0005166174585903216	0.0005794493116621174	-0.0008779006137531476	1.03006995	49.98717117	1.00372692	0.11840014551412428	0.0066334	8e-05
-0.0106	-0.0626	0.1399	0.0007243116395776468	0.0006440264939859076	-0.0009704030641088471	1.02830732	49.90163422	0.99308842	0.04383869068334074	0.00641429	8e-05
-0.0106	-0.0074	0.1443	0.0005026548245743669	0.0006597344572538566	-0.0009407324668249436	1.03062677	50.01419067	0.99397343	0.07295176877775662	0.00568491	5e-05
-0.0102	0.018	0.1298	0.00011344640137963142	0.0005183627878423159	-0.000783652834145454	1.05951571	51.41611099	0.99752393	0.07468298626428829	0.00610203	0.00014
-0.008	-0.0613	0.14	0.0004572762640225143	0.0005340707511102648	-0.0009302604913129776	1.06086576	51.48162842	1.01687604	0.11700727415391776	0.00636059	0.0001
-0.0077	-0.0457	0.1523	0.0006492624817418905	0.000619591884457987	-0.0009669124056048585	1.03740931	50.3433342	0.99366817	0.043907963267948935	0.0062933	0.00017
-0.0075	0.0111	0.1639	0.0004380776422505767	0.0006440264939859076	-0.0009023352232810684	1.02856016	49.9139061	0.99102206	0.08360983156715121	0.00624245	6e-05
-0.0072	0.0564	0.152	-0.0001884955592153876	0.0006492624817418905	-0.0007278022980816354	1.02750099	49.86250687	0.99237447	0.097817105721069	0.00668603	0.00014
-0.01	-0.0434	0.1513	0.0002181661564992912	0.0005637413483941684	-0.0008220500776893293	1.05909157	51.3955307	1.0189453	0.13262153143350475	0.00643462	0.00019
-0.0099	-0.0474	0.1652	0.0005724679946541401	0.0005602506898901797	-0.0010070549784007281	1.01397729	49.20623016	0.98567448	0.04513986986851184	0.00671351	0.00012
-0.0083	-0.0241	0.1804	0.0004380776422505767	0.0006963863715457374	-0.0009651670763528643	1.03951812	50.44567108	0.99185218	0.05572069680534923	0.0070796	0.00016
-0.0088	0.043	0.1863	-0.000158824961931484	0.000736528944341607	-0.0007923794804054256	1.05808079	51.34648132	1.01230476	0.11399163864626843	0.00712055	0.00013
-0.0085	-0.021	0.1694	-6.981317007977319e-05	0.0006736970912698113	-0.0007871434926494425	1.00700307	48.86778259	0.9857859	0.08905398163397446	0.00639504	8e-05
-0.0074	-0.0725	0.1816	0.00034033920413889426	0.0007086036763096977	-0.0009808750396208131	1.01152992	49.08745956	0.98706377	0.09673952531149625	0.00723064	0.00019
-0.0058	-0.0477	0.194	0.0005166174585903216	0.0007225663103256524	-0.001043706892692609	1.01571834	49.29071808	0.98290954	0.05145363707695888	0.00735706	0.00021
-0.007	-0.0042	0.1948	0.0003054326190990077	0.0008133234314293575	-0.0009721483933608416	1.04106748	50.52085876	0.99027719	0.06417502299633931	0.00736612	0.00024
-0.005	0.0347	0.1813	-0.000158824961931484	0.0007539822368615504	-0.0007853981633974483	1.03037536	50.00199127	0.99608199	0.08991745027808462	0.00692296	0.00013
-0.0035	-0.0601	0.177	0.00031415926535897925	0.000804596785169386	-0.0008412486994612669	1.04318845	50.62378311	1.00893264	0.12957246558310587	0.0065847	0.00012
-0.0007	-0.0475	0.1918	0.0006038839211900379	0.0008552113334772215	-0.0009721483933608416	0.99750668	48.40694427	0.97214187	0.053761944901923445	0.0076617	0.00012
-0.004	0.0058	0.1883	0.000312413936106985	0.0007993607974134029	-0.0009285151620609833	1.04676092	50.79714966	1.00276692	0.07964768762233648	0.00720346	0.00013
-0.0079	0.0237	0.1566	7.155849933176751e-05	0.0006876597252857658	-0.0007801621756414653	1.04942048	50.92621231	1.0068754	0.07854547476611863	0.0060662	9e-05
-0.0079	-0.0548	0.1613	0.0003944444109507184	0.0007470009198535729	-0.0008499753457212384	1.03576779	50.26367569	1.00188221	0.10580201381332656	0.00634176	0.00011
-0.0063	-0.0457	0.179	0.000577703982410123	0.0007400196028455958	-0.0009669124056048585	1.01695669	49.350811	0.98557401	0.0437588974175501	0.00663376	9e-05
-0.0077	0.0079	0.1799	0.00014660765716752367	0.0007417649320975902	-0.0007871434926494425	1.02314281	49.65101242	0.99180143	0.08653052837250051	0.0065046	9e-05
-0.0091	0.0051	0.1636	1.0471975511965975e-05	0.0007243116395776468	-0.0007679448708775049	1.02181709	49.58667755	0.98164199	0.029139379797371957	0.00633335	9e-05
-0.0091	-0.0717	0.1765	0.00037350045992678646	0.000726056968829641	-0.0009407324668249436	1.0226934	49.62919998	0.99701492	0.11657807048071268	0.00725758	0.00013
-0.0079	-0.0458	0.1824	0.0006702064327658224	0.0008098327729253688	-0.0009669124056048585	1.01993024	49.49511337	0.98417549	0.05333308578573395	0.00676095	0.00014
-0.011	0.0154	0.1829	0.0002652900463031381	0.0008447393579652555	-0.0008883725892651138	1.07737958	52.28300858	1.01217622	0.09071813939211576	0.00697052	0.00018
-0.0093	0.0064	0.1651	0.00014311699866353502	0.0007731808586334879	-0.0008063421144213803	1.02880561	49.92581558	0.98879803	0.04228810109075522	0.00654715	0.00015
-0.0057	-0.0736	0.1717	0.0005515240436302081	0.0007993607974134029	-0.0009546951008408983	1.04486001	50.70490265	1.00697859	0.11934699850830532	0.00662208	0.00011
-0.0023	-0.0338	0.179	0.0006440264939859076	0.0008115781021773631	-0.0009948376736367678	1.003178	48.68216324	0.97530877	0.057743116395776464	0.00694466	8e-05
-0.0049	0.0291	0.1782	7.67944870877505e-05	0.0008395033702092724	-0.0008848819307611251	1.06245697	51.55884552	1.00490896	0.10155565089028544	0.00691587	0.00023
-0.0034	0.0024	0.1601	-2.792526803190927e-05	0.0007173303225696694	-0.0007661995416255106	1.04036164	50.4866066	0.99759667	0.06357875959474388	0.00627679	0.00012
-0.0026	-0.0718	0.1712	0.00041015237421866745	0.000736528944341607	-0.0009023352232810684	1.03960562	50.44992065	1.00305337	0.1157705972839036	0.0067693	9e-05
-0.0044	-0.0407	0.1798	0.0005026548245743669	0.0008395033702092724	-0.0009669124056048585	1.03288138	50.12360382	0.98859226	0.05450270292735775	0.00713724	0.00012
-0.0029	0.016	0.1824	0.00021642082724729686	0.000879645943005142	-0.000736528944341607	1.04518974	50.7209053	1.00366608	0.08863800156930957	0.00685883	0.00015
0.0036	0.0167	0.1745	9.773843811168246e-05	0.0011484266478122688	-8.028514559173915e-05	1.03046882	50.00652695	0.99227679	0.06728534463463047	0.00710958	0.00015
0.0025	-0.0827	0.1717	0.00030194196059501896	0.0010524335389525807	-0.0005183627878423159	1.0468663	50.80226517	1.01499076	0.14021371367968008	0.00706118	0.00021
0.0038	-0.0585	0.1746	0.00062482787221397	0.0009075712110370514	-0.000635299847725936	1.0313313	50.04838181	0.98875289	0.057634264970905034	0.0073176	0.00015
0.0024	0.0111	0.174	8.901179185171081e-05	0.0009965830028887623	-0.0005235987755982988	1.07224894	52.03403091	1.01691332	0.10842644721708036	0.00706196	0.00013
0.0017	-0.0052	0.1641	-7.853981633974481e-05	0.0009162978572970229	-0.0004258603374866164	1.01477933	49.24515152	0.97896844	0.044178759594743856	0.00682479	0.00017
0.0045	-0.0717	0.1686	0.0004468042885105483	0.0009407324668249436	-0.0005724679946541401	1.03075278	50.02030945	0.99524704	0.10861931857728688	0.00719452	0.00019
0.0071	-0.0513	0.1837	0.0005445427266222308	0.0009285151620609833	-0.000593411945678072	1.00922108	48.97541809	0.9796209	0.04464498469497873	0.00692141	0.00017
0.0049	0.0335	0.172	-4.886921905584123e-05	0.0008447393579652555	-0.0003874630939427412	1.0618782	51.53076172	1.01297198	0.14285683007545652	0.00709271	0.00013
0.0042	-0.0234	0.1626	-2.094395102393195e-05	0.0008377580409572782	-0.0003351032163829112	1.04551649	50.73675919	0.99680688	0.07136332312998582	0.00690842	0.00017
0.0042	-0.0707	0.1764	0.0003316125578789226	0.000895353906273091	-0.0005358160803622592	1.0291208	49.9411087	0.99510405	0.09164326190990077	0.00745523	0.00013
0.0047	-0.0466	0.1814	0.0005899212871740833	0.0009389871375729493	-0.000582939970166106	1.03976536	50.4576683	0.99041149	0.047053292519943286	0.00720137	0.0002
0.0026	0.0072	0.1829	0.00021642082724729686	0.0009442231253289323	-0.0005375614096142535	1.05443525	51.16956711	1.00415269	0.07860575041173108	0.0067265	0.0001
0.0012	-0.0095	0.1781	5.585053606381854e-05	0.000905825881785057	-0.0005078908123303499	0.98929739	48.008564	0.97137971	0.03433190660056286	0.00638634	0.00011
-0.0013	-0.064	0.1797	0.0004799655442984406	0.0009285151620609833	-0.0005794493116621174	1.00928485	48.97851181	0.98138865	0.08451813939211579	0.00648856	6e-05
0.0003	-0.0461	0.1814	0.0007086036763096977	0.0009093165402890458	-0.0007068583470577034	1.00152874	48.60212326	0.96439301	0.03996228945893904	0.00689465	0.00016
0.0005	0.0169	0.1893	0.00018675022996339323	0.0009808750396208131	-0.0005270894341022875	1.06315053	51.59250641	1.01323149	0.10975904293167436	0.00710696	0.00011
0.0002	0.0044	0.1753	-6.108652381980153e-05	0.0009232791743050004	-0.0004572762640225143	1.03472102	50.21287537	0.99170988	0.045562289458939025	0.00650382	0.00011
-0.0054	-0.0656	0.1635	0.00045553093477052	0.0007801621756414653	-0.0008866272600131194	1.04801083	50.85780716	1.01001074	0.14185427266222309	0.00646156	0.00015
0.0079	-0.0485	0.1758	0.0006021385919380437	0.0011047934165124105	-0.0006422811647339132	1.03046334	50.00625992	0.99670695	0.07847924966588377	0.00652868	0.00015
0.0036	0.0065	0.1728	0.0002478367537831948	0.0010454522219446034	-0.0005811946409141118	1.01896393	49.4482193	0.99191858	0.08603647782712287	0.00681049	9e-05
-0.003	0.0149	0.1364	0.00018675022996339323	0.0009686577348568529	-0.00048345620280242926	1.04435766	50.68052673	0.99234425	0.06318097245096174	0.00588882	8e-05
-0.0051	-0.0614	0.1152	0.0004677482395344803	0.0009232791743050004	-0.000598647933434055	1.02484751	49.73373795	0.99399044	0.12167841503772828	0.0055809	0.00017
0.0102	-0.0866	0.1216	0.0007173303225696694	0.0007208209810736582	-0.0006928957130417488	1.02522576	49.75209427	0.99439666	0.07421440279371123	0.00632864	0.00013
0.0134	-0.0607	0.1049	0.0009930923443847736	0.000874409955249159	-0.0003159045946109737	1.04484403	50.70412827	0.99816623	0.08611710572106901	0.00563776	0.00015
0.0154	-0.0061	0.105	0.0009669124056048585	0.0009529497715889039	-0.0003630284844148205	1.05357981	51.12805557	1.00087428	0.06429218224617535	0.00560302	8e-05
0.0111	0.0515	0.0911	0.0004974188368183839	0.0007644542123735164	-0.0005183627878423159	1.05260527	51.08076477	1.00434006	0.11646617157146787	0.00588059	0.00012
0.006	0.0356	0.0576	0.0004310963252425994	0.000705113017805709	-0.00038048177693476387	1.02474618	49.7288208	0.98129786	0.0676772358525572	0.00574005	6e-05
0.0096	-0.0516	0.0564	0.0008098327729253688	0.0008813912722571365	-0.0004799655442984406	1.01654923	49.33103943	0.99010027	0.12472492347489365	0.00568253	9e-05
0.0127	-0.081	0.0744	0.001069886831472524	0.0010349802464326373	-0.0006283185307179585	1.03787839	50.36610031	0.99083693	0.07859980095710868	0.00647795	0.00015
0.019	-0.0497	0.0759	0.0012130038301360591	0.0012583823906879114	-0.0005358160803622592	1.0654248	51.70286942	1.00576117	0.06205107966372543	0.00580788	0.00017
0.015	-0.0017	0.0777	0.0011362093430483087	0.0011327186845443199	-0.0005585053606381855	1.05654573	51.2719841	1.00379856	0.06505737367536342	0.00610709	9e-05
0.0099	0.0477	0.071	0.000640535835481919	0.0009564404300928925	-0.0004904375198104066	1.04873717	50.89305496	1.00203829	0.09820098014227982	0.00581664	0.00014
0.0059	-0.0093	0.0612	0.0008377580409572782	0.0009529497715889039	-0.000593411945678072	1.01885486	49.44292831	0.98261449	0.08598436449235065	0.0054549	5e-05
0.0062	-0.0455	0.0795	0.0011571532940722405	0.0009407324668249436	-0.0007120943348136865	1.0024159	48.64517975	0.98127979	0.07731474735072685	0.00625974	8e-05
0.0077	-0.0231	0.0931	0.0012740903539558604	0.0009494591130849152	-0.000736528944341607	1.03721952	50.33412552	0.99300456	0.04500491578357561	0.00559217	6e-05
0.0058	0.0271	0.0945	0.0009616764178488756	0.0010402162341886204	-0.000619591884457987	1.06270993	51.57112122	1.00253247	0.0795054058547155	0.00577027	0.0001
0.0056	0.0609	0.0788	0.0005427973973702365	0.0008866272600131194	-0.0005078908123303499	1.03948128	50.4438858	0.99576869	0.08390845333908886	0.00610912	9e-05
0.0089	-0.0248	0.0668	0.0006736970912698113	0.0008098327729253688	-0.0005846852994181004	1.0237124	49.67865372	0.99272216	0.1152244334037538	0.00549716	8e-05
0.0064	-0.0737	0.075	0.0011239920382843482	0.000921533845053006	-0.0006684611035138282	1.02099693	49.54687881	0.98679054	0.0918885911618951	0.00559831	9e-05
0.0119	-0.0594	0.0874	0.0012339477811599909	0.000932005820564972	-0.000705113017805709	1.00987065	49.00693893	0.97745603	0.04005398163397447	0.00609773	7e-05
0.0061	-0.0116	0.0724	0.0012618730491919003	0.0009040805525330626	-0.0006928957130417488	1.08350265	52.5801506	1.00389528	0.07200339204138893	0.00564551	6e-05
0.004	0.0546	0.0557	0.0006702064327658224	0.0008499753457212384	-0.0005340707511102648	1.10352933	53.55200577	1.02761213	0.1252298392584693	0.00652635	0.00012
0.0017	-0.0128	0.0419	0.0008098327729253688	0.0008255407361933179	-0.00048345620280242926	1.03854311	50.39835358	0.99819526	0.0942337748997651	0.00655866	0.00011
0.0042	-0.0585	0.0534	0.00124965574442794	0.0007749261878854823	-0.000619591884457987	1.03167868	50.06523895	0.99328273	0.09102866007329825	0.00575221	7e-05
0.0066	-0.0391	0.0728	0.0014172073526193955	0.0008377580409572782	-0.0007173303225696694	1.01312053	49.16464996	0.98043885	0.05760609496874669	0.0053888	3e-05
0.0039	0.0254	0.0698	0.0011431906600562858	0.0008569566627292158	-0.0006562437987498679	1.06396532	51.63204193	0.99878269	0.08791509190774241	0.00592339	0.00016
0.0038	0.0555	0.0526	0.0007120943348136865	0.0008342673824532895	-0.0005131268000863328	1.05630851	51.26047516	1.00351176	0.07724513020910302	0.00653219	0.0001
0.0011	-0.0308	0.0499	0.0010611601852125523	0.0007958701389094143	-0.0005811946409141118	1.02959204	49.96398163	1.00210097	0.114476546738526	0.00602067	8e-05
0.0011	-0.0348	0.0593	0.0013194689145077131	0.0007906341511534313	-0.0007208209810736582	1.01178932	49.10005188	0.98070563	0.03355855286053451	0.00703782	8e-05
-0.0008	-0.0116	0.0778	0.001244419756671957	0.0008482300164692441	-0.0007155849933176752	1.02839136	49.90571594	0.98549447	0.0504940505453776	0.00532621	6e-05
-0.0009	0.0546	0.0602	0.0008028514559173916	0.0008831366015091308	-0.0005916666164260777	1.04450297	50.68757629	0.99799188	0.11391966313430248	0.00574112	7e-05
-0.0034	-0.0031	0.0515	0.0008360127117052838	0.0008255407361933179	-0.0005672320068981572	1.01079726	49.0519104	0.98401151	0.07465958653158128	0.00550354	0.0001
-0.0034	-0.0594	0.0641	0.0012601277199399059	0.0008621926504851988	-0.0007278022980816354	1.00701284	48.86825562	0.98417552	0.09996686068549908	0.00613242	0.00013
-0.0013	-0.0414	0.0753	0.0014486232791552935	0.0008447393579652555	-0.0008342673824532895	1.0327127	50.11541748	0.99164355	0.046920696805349264	0.00586414	0.0001
-0.0002	0.0155	0.069	0.0010681415022205296	0.0008569566627292158	-0.0007452555906015787	1.06956148	51.90361404	1.011621	0.08838554367752174	0.00564772	9e-05
-0.0009	0.0349	0.0445	0.0011030480872604163	0.0007627088831215222	-0.0006876597252857658	1.03192437	50.0771637	0.99238049	0.05393751149816967	0.0059967	9e-05
-0.0007	-0.0575	0.0534	0.0011955505376161158	0.0008203047484373349	-0.0007627088831215222	1.05634201	51.26210022	1.011775	0.11275737367536344	0.00622392	0.00011
0.0012	-0.0379	0.0638	0.001509709802975095	0.0007766715171374765	-0.0008761552845011534	1.01476312	49.24436188	0.9747329	0.05546194490192343	0.00608099	9e-05
0.001	0.037	0.061	0.0011065387457644049	0.000736528944341607	-0.0007696902001294993	1.09424269	53.10134506	1.02678446	0.10538893571891068	0.0060569	0.00016
0.0001	0.018	0.0482	0.000853466004225227	0.0007120943348136865	-0.0007609635538695277	1.05465448	51.1802063	0.99669556	0.04701169986635349	0.00578487	0.0001
0.0013	-0.0439	0.0562	0.0012740903539558604	0.0007487462491055673	-0.0008360127117052838	1.02622283	49.80047989	0.99593336	0.0977162710929135	0.00545371	6e-05
0.0	-0.0354	0.0752	0.0014049900478554352	0.0007853981633974483	-0.0008429940287132613	1.01966989	49.48247528	0.98455122	0.03752664625997167	0.00657159	0.0001
0.0005	0.0377	0.0723	0.000932005820564972	0.0007923794804054256	-0.0007400196028455958	1.04201317	50.56674957	1.0019398	0.10564699850830528	0.00548738	8e-05
-0.0008	-0.0031	0.0476	0.0009843656981248017	0.0008429940287132613	-0.0007068583470577034	1.03773427	50.35910416	0.98687725	0.07360678408277789	0.00603199	9e-05
0.0005	-0.0682	0.0572	0.0014172073526193955	0.0007033676885537148	-0.0008220500776893293	1.02919018	49.9444809	0.99839337	0.11038298626428827	0.00595534	9e-05
0.0006	-0.0213	0.0697	0.0014695672301792255	0.0007539822368615504	-0.0008813912722571365	1.02847064	49.90956116	0.99005725	0.06761578102177361	0.00667518	0.0001
-0.0013	0.0458	0.0635	0.000895353906273091	0.0008028514559173916	-0.0006597344572538566	1.0951376	53.14477158	1.02148772	0.11743696789826276	0.00609833	9e-05
0.0003	-0.005	0.0487	0.0009930923443847736	0.0007557275661135446	-0.0006283185307179585	1.03070188	50.01783752	0.99047031	0.07601391272257138	0.00601643	6e-05
-0.0029	-0.0557	0.0617	0.0014137166941154068	0.0007923794804054256	-0.0008395033702092724	1.0225209	49.62083435	0.98673951	0.1003230551756914	0.00553262	8e-05
0.0285	-0.0314	0.0971	0.0009913470151327792	0.0009442231253289323	0.00015009831567151235	1.04906344	50.90888596	1.01838766	0.16929075048934597	0.00590879	8e-05
0.0106	0.054	0.0664	0.000736528944341607	0.0007225663103256524	-0.0002181661564992912	1.1096189	53.84751892	1.05272395	0.1762369678982628	0.00641263	0.00013
0.008	-0.0222	0.0563	0.0008360127117052838	0.0007278022980816354	-0.0003647738136668148	1.04257262	50.59390259	1.00209946	0.10146637061435916	0.0060519	6e-05
0.007	-0.0618	0.0816	0.0012601277199399059	0.0007592182246175333	-0.0004904375198104066	1.04328728	50.628582	1.00036215	0.09495973204570558	0.00577658	3e-05
0.0071	-0.0316	0.0893	0.0012514010736799342	0.000778416846389471	-0.0005148721293383271	1.02058101	49.52669144	0.98577288	0.04061799387799149	0.00577074	9e-05
0.0006	0.0228	0.0741	0.0010332349171806431	0.000778416846389471	-0.0003159045946109737	1.0329231	50.12562943	0.99529331	0.09695668456133219	0.00581455	0.0001
0.003	-0.026	0.0509	0.0010122909661567112	0.000731292956585624	-0.00023561944901923448	1.03604805	50.2772789	0.99531351	0.0818176493209759	0.00617641	0.0001
0.0042	-0.0704	0.0677	0.0013543754995475996	0.0007347836150896127	-0.00046949356878647465	0.99845356	48.4528923	0.98276674	0.09137246558310588	0.00617379	8e-05
0.0062	-0.0356	0.0844	0.0014538592669112763	0.0006876597252857658	-0.0005480333851262194	1.01138008	49.08019257	0.98110502	0.06475737367536344	0.00562227	9e-05
0.0044	0.0494	0.0752	0.0008255407361933179	0.0007993607974134029	-0.00033335788713091696	1.09181941	52.98374557	1.03417376	0.1437347550420449	0.00677115	0.00014
-0.0003	-0.0051	0.0566	0.0010838494654884787	0.0007853981633974483	-0.00022165681500327985	1.03799891	50.37194824	1.00532538	0.09699862177193763	0.00638312	0.00017
0.0016	-0.057	0.0752	0.0014346606451393388	0.0007871434926494425	-0.000445058959258554	1.01764786	49.38435364	0.98960894	0.10119793265790641	0.00664985	8e-05
0.0008	-0.0257	0.0915	0.001499237827463129	0.0008290313946973065	-0.0005113814708343385	1.00905228	48.96722794	0.98129915	0.057039379797371934	0.00654823	0.00011
0.0	0.053	0.078	0.0008988445647770796	0.000879645943005142	-0.0003647738136668148	1.06101882	51.48905945	1.01286341	0.1328807734080704	0.0070774	8e-05
-0.0012	-0.0253	0.0594	0.0011065387457644049	0.0008080874436733745	-0.00035430183815484887	1.05238736	51.07018661	1.007663	0.11258623279155291	0.00586635	8e-05
-0.0011	-0.0685	0.0767	0.0013212142437597075	0.0007749261878854823	-0.0004625122517784973	1.00799108	48.91572952	0.98608849	0.07840235837034217	0.00661737	9e-05
0.0042	-0.0195	0.0753	0.001473057888683214	0.0008726646259971648	-0.00034208453339088857	1.0424118	50.58609772	0.99701296	0.0742004900711399	0.0058825	0.00013
0.0019	0.049	0.0644	0.0009180431865490173	0.0008866272600131194	-0.00019547687622336493	1.05887973	51.38525009	1.01326458	0.11747924966588376	0.00634706	8e-05
0.0011	-0.0302	0.0574	0.001059414855960558	0.0008726646259971648	-0.00027576202181510406	1.02101266	49.54763794	0.9965864	0.0987809724509617	0.00612473	5e-05
0.0044	-0.0706	0.0717	0.0015882496193148398	0.0007243116395776468	-0.00046949356878647465	1.00851572	48.94118881	0.98044639	0.1015459648372585	0.00600207	7e-05
0.0024	-0.0235	0.0726	0.0017208946424664088	0.0004886921905584122	-0.0004974188368183839	1.03136504	50.05002213	0.99713411	0.06980948701013563	0.00644642	0.00011
-0.0013	0.056	0.0597	0.0010035643198967395	0.0007958701389094143	-0.000296705972839036	1.11241388	53.9831543	1.04226273	0.15736105674500095	0.00707793	0.0002
-0.0006	-0.0478	0.0523	0.001387536755335492	0.0007679448708775049	-0.0004520402762665313	1.08014822	52.41736603	1.03172646	0.14026160034490787	0.00684398	0.0001
-0.001	-0.0548	0.064	0.0016720254234105676	0.0008011061266653974	-0.00037524578917878077	1.02049875	49.52270126	0.98340882	0.03882222054753593	0.00600052	9e-05
0.0005	-0.015	0.0646	0.0017505652397503124	0.0009407324668249436	-0.0004939281783143952	1.02658081	49.81785202	0.99389255	0.05874242728174528	0.00695288	8e-05
-0.0005	0.0265	0.0557	0.001064650843716541	0.0008115781021773631	-0.00035604716740684323	1.04505813	50.71451569	1.00096542	0.0990474885794452	0.00601804	7e-05
-0.0019	-0.0369	0.0452	0.0014660765716752368	0.0007819075048934597	-0.00045553093477052	1.02259374	49.62436676	0.98890198	0.1018290046303138	0.00667578	0.0001
-0.0002	-0.05	0.0631	0.0017697638615222502	0.0007888888219014368	-0.000645771823237902	1.00147736	48.59963226	0.98020031	0.05774547476611863	0.00658083	0.00012
-0.0008	-0.0145	0.0683	0.001673770752662562	0.0008133234314293575	-0.0006475171524898963	1.02549505	49.76515961	0.9920156	0.047408652381980165	0.00687647	9e-05
-0.0026	0.0392	0.0578	0.0010821041362364843	0.0008063421144213803	-0.0004537856055185257	1.05312908	51.10618591	1.00910916	0.10561897402027128	0.00617915	0.0001
-0.0036	-0.0333	0.0491	0.001504473815219112	0.0007888888219014368	-0.0004974188368183839	1.01908457	49.45407104	0.99398844	0.10637281014012145	0.00602841	4e-05
-0.0028	-0.0483	0.0631	0.0017645278737662671	0.0008656833089891874	-0.0005689773361501514	1.00193858	48.62201309	0.97707596	0.05022035224833367	0.00617731	9e-05
-0.0015	-0.003	0.0729	0.0015323990832510211	0.0009302604913129776	-0.0005811946409141118	0.99700958	48.38282013	0.97715014	0.07184616388014985	0.00629848	8e-05
-0.0008	0.0505	0.0545	0.001090830782496456	0.0008866272600131194	-0.0003961897402027128	1.0564909	51.26932526	1.00289175	0.10611032163829112	0.00657791	0.00011
-0.0022	-0.0392	0.0471	0.001361356816555577	0.0008639379797371932	-0.000450294947014537	1.04716277	50.81665039	1.01315996	0.11586602605734359	0.00701678	9e-05
-0.0005	-0.0657	0.0604	0.0016074482410867775	0.0008831366015091308	-0.000577703982410123	1.02081621	49.53810883	0.98756571	0.0611349540849362	0.00643629	0.0001
0.002	-0.0196	0.069	0.0016126842288427606	0.0009337511498169664	-0.0005323254218582705	1.03478813	50.21613312	0.99583642	0.06226145483078356	0.00602478	0.00012
0.0002	0.0378	0.0573	0.0011309733552923255	0.0008604473212332044	-0.0004415683007545654	1.03602588	50.27620316	0.99927357	0.10318859116189512	0.00633901	0.0001
-0.0023	-0.0352	0.0455	0.0014486232791552935	0.0008482300164692441	-0.0004886921905584122	1.02956104	49.96247482	0.99864847	0.10614955592153878	0.00609976	0.0002
-0.0028	-0.0598	0.0575	0.0017191493132144146	0.0008203047484373349	-0.0005672320068981572	1.01610005	49.30924225	0.98223147	0.05594955592153876	0.0063253	0.00012
-0.0028	-0.023	0.0661	0.0017523105690023068	0.0007923794804054256	-0.0006649704450098395	1.04022193	50.47982788	0.9916139	0.0533412480965742	0.00614119	0.00011
-0.0056	0.0429	0.0609	0.001186823891356144	0.0007941248096574199	-0.0005532693728822024	1.06765592	51.81114197	1.01513811	0.10784665395128969	0.00592607	5e-05
-0.0117	-0.005	0.0396	0.0013735741213195373	0.000726056968829641	-0.000635299847725936	1.02335691	49.66139984	0.98532874	0.09214242728174529	0.0056687	6e-05
-0.0128	-0.0461	0.05	0.0016074482410867775	0.0007435102613495844	-0.0005899212871740833	1.0016408	48.60756302	0.97555981	0.0674352986419518	0.0058704	6e-05
-0.0134	-0.0417	0.0494	0.001963495408493621	0.0006649704450098395	-0.0006894050545377602	1.01548958	49.27961731	0.97585369	0.03230353755551326	0.00591528	0.00013
-0.012	0.0268	0.053	0.0014590952546672592	0.0008080874436733745	-0.0005497787143782138	1.09157479	52.97187424	1.02407001	0.11285717463247216	0.00664032	0.00012
-0.0123	0.0094	0.0397	0.0013281955607676848	0.0007417649320975902	-0.0005375614096142535	1.04078102	50.50695801	0.9957582	0.041471975511965936	0.00579405	9e-05
-0.0146	-0.0511	0.0467	0.001635373509118687	0.000778416846389471	-0.0006073745796940267	1.03386712	50.17144012	0.99631694	0.09048215163613281	0.00630921	9e-05
-0.0109	-0.0421	0.0594	0.0017697638615222502	0.000757472895365539	-0.0006911503837897545	1.00155449	48.60337448	0.97385879	0.037355505376161155	0.00565112	5e-05
-0.0159	0.0073	0.0506	0.0016249015336067207	0.0007731808586334879	-0.0006544984694978735	1.06633615	51.74709702	0.99818765	0.07306111027376797	0.0061059	8e-05
-0.0151	0.0269	0.038	0.0012688543661998775	0.0007487462491055673	-0.0005602506898901797	1.05577242	51.23445892	0.99593214	0.05673647782712288	0.00605208	0.00012
-0.0161	-0.0353	0.0416	0.0015638150097869194	0.0007871434926494425	-0.000614355896702004	1.0420903	50.57049561	0.99621592	0.08617315469713707	0.00590736	0.00013
-0.0141	-0.0318	0.0586	0.0017453292519943296	0.0007888888219014368	-0.000705113017805709	1.01375532	49.19545746	0.97795434	0.03620083462815548	0.00561017	8e-05
-0.0107	-0.0188	0.0663	0.0018814649336498872	0.0008307767239493009	-0.0008011061266653974	1.00723994	48.87927628	0.97103975	0.03780083462815551	0.00596595	9e-05
-0.0169	0.0478	0.055	0.001450368608407288	0.0008813912722571365	-0.0006527531402458793	1.07180119	52.0123024	1.00612488	0.11560319299849764	0.00628549	0.00017
-0.0156	0.0275	0.0321	0.001270599695451872	0.0007382742735936014	-0.0005637413483941684	1.05028069	50.96795654	0.99693153	0.06509488517353311	0.0061788	9e-05
-0.0175	-0.0599	0.0392	0.0016231562043547262	0.0007470009198535729	-0.0006702064327658224	1.05306208	51.10293198	1.01191548	0.119787411976724	0.00699121	0.00011
-0.0168	-0.0535	0.0461	0.0018465583486100008	0.0007609635538695277	-0.0007627088831215222	1.03791392	50.36782455	0.99100743	0.030493361431346466	0.00664556	9e-05
-0.0171	-0.0263	0.0602	0.0018273597268380628	0.0007853981633974483	-0.0007731808586334879	1.02581751	49.7808075	0.98585149	0.044305260340591214	0.00691634	5e-05
-0.0161	0.0403	0.0397	0.0014364059743913332	0.0007731808586334879	-0.0006440264939859076	1.05776036	51.3309288	1.00959001	0.11471627109291352	0.00670421	0.00015
-0.0182	-0.0087	0.0173	0.0016057029118347831	0.0006719517620178169	-0.0005951572749300663	1.03373039	50.16480255	1.00062272	0.08946976265574814	0.00660694	0.00014
-0.0161	-0.0417	0.0338	0.0018465583486100008	0.0007435102613495844	-0.0006527531402458793	1.02686143	49.83147049	0.99165921	0.07010049007113993	0.00620657	9e-05
-0.0147	-0.0152	0.0466	0.0018901915799098587	0.0007731808586334879	-0.0006824237375297829	1.0292244	49.94613647	0.99039854	0.04584872129338326	0.00635099	7e-05
-0.0145	0.0425	0.0503	0.00152367243699105	0.0008970992355250854	-0.000593411945678072	1.04294753	50.61209488	0.99860206	0.09057246558310585	0.006868	9e-05
-0.0142	0.0154	0.0291	0.0014660765716752368	0.0007714355293814937	-0.0005550147021341969	1.0126164	49.14018631	0.9811504	0.059682840750164	0.00682098	5e-05
-0.0146	-0.0466	0.035	0.0017872171540421933	0.0008168140899333463	-0.0006300638599699529	1.02060044	49.52763367	0.98883165	0.09037841503772824	0.00658768	0.00014
-0.0134	-0.04	0.0437	0.002057743188101315	0.0007243116395776468	-0.0007609635538695277	1.03946376	50.44303131	0.98524649	0.04119640891571978	0.00667673	0.00015
-0.0142	0.0119	0.0447	0.001668534764906579	0.0007819075048934597	-0.0006632251157578452	1.08134842	52.47560883	1.01011162	0.08092713633111155	0.00709218	0.00013
-0.0123	0.0308	0.0299	0.0013369222070276565	0.000705113017805709	-0.0005497787143782138	1.07148039	51.99673462	0.99894648	0.06169267231731521	0.00705624	6e-05
-0.0145	-0.0524	0.0363	0.0017034413499464657	0.0007208209810736582	-0.0006510078109938849	1.03459454	50.20674133	0.9984049	0.11597281014012148	0.00649756	0.00014
-0.0124	-0.0299	0.0443	0.0019460421159736775	0.0007382742735936014	-0.0007766715171374765	0.99965417	48.51115799	0.97015512	0.05188588823453734	0.00627971	0.0001
-0.0141	-0.0017	0.0467	0.0017959438003021652	0.000736528944341607	-0.0007330382858376184	1.0466913	50.79377365	0.98621162	0.04207384381116824	0.00643086	9e-05
-0.012	0.046	0.0291	0.0012409290981679683	0.0007208209810736582	-0.00045553093477052	1.08993256	52.8921814	1.01854437	0.1098115008234622	0.00649512	0.00014
-0.014	-0.0224	0.0248	0.0015847589608108511	0.0007400196028455958	-0.0005201081170943102	1.0519408	51.04851913	1.00201333	0.09608028333693053	0.00625104	0.00013
-0.0138	-0.033	0.0363	0.001801179788058148	0.0007749261878854823	-0.0005619960191421741	1.0312866	50.04621506	0.98515279	0.036960765716752365	0.00600356	7e-05
-0.0127	0.0224	0.0317	0.0014835298641951804	0.0008220500776893293	-0.000486946861306418	1.03548062	50.2497406	0.99145637	0.08309114857512856	0.00655252	8e-05
-0.0159	-0.0162	0.0294	0.0012758356832078548	0.0007661995416255106	-0.0005201081170943102	1.05797493	51.34134293	1.00195649	0.05893529864195182	0.00695902	9e-05
-0.0092	-0.0592	0.0378	0.001710422666954443	0.0007400196028455958	-0.0007504915783575615	1.04560983	50.74129105	0.99728764	0.09265751918948771	0.00727177	7e-05
-0.0114	-0.0302	0.0447	0.0017400932642383465	0.0008499753457212384	-0.0006387905062299246	1.05349052	51.12372589	0.99329539	0.05066637061435916	0.00752354	0.00019
-0.0126	0.0377	0.038	0.0012897983172238095	0.0008325220532012951	-0.000466002910282486	1.06966221	51.90850449	1.01354567	0.10782679177409595	0.00720847	0.00017
-0.0142	-0.0191	0.026	0.0013055062804917586	0.0007853981633974483	-0.00043458698374658803	1.01710951	49.35822678	0.98666949	0.07511238898038468	0.00718945	0.00012
-0.0154	-0.0566	0.0291	0.001780235837034216	0.0008063421144213803	-0.0006283185307179585	1.02190971	49.59117126	0.97943887	0.076270252726888	0.00746995	0.0001
-0.0152	-0.0318	0.0412	0.0019268434942017398	0.0008429940287132613	-0.000710349005561692	1.04068542	50.50231934	0.97724239	0.050364502315156906	0.0068115	0.00018
-0.0141	0.0346	0.0371	0.0013596114873035826	0.0008395033702092724	-0.0004939281783143952	1.09578931	53.17639923	1.02452478	0.11095717463247212	0.00660068	0.00015
-0.014	0.0048	0.022	0.00124965574442794	0.0007801621756414653	-0.0003665191429188092	1.04194069	50.56323242	0.99471232	0.05983529864195178	0.00657547	0.00019
-0.0104	-0.0438	0.0278	0.0016510814723866359	0.0007819075048934597	-0.0004380776422505767	1.03640699	50.29469681	0.99323438	0.08173647782712289	0.00639451	9e-05
-0.0096	-0.041	0.0454	0.001811651763570114	0.0008115781021773631	-0.0004799655442984406	1.01859009	49.43008041	0.97735396	0.032806439525762274	0.00627273	6e-05
-0.0092	0.0426	0.0389	0.001291543646475804	0.000853466004225227	-0.0003473205211468716	1.08681655	52.7409668	1.01661346	0.12523205211468716	0.00683898	0.00016
-0.009	-0.01	0.0275	0.0011082840750163993	0.0007749261878854823	-0.0002513274122871834	1.04513037	50.71802139	1.00000452	0.08208962483294185	0.006625	0.00011
-0.0118	-0.0638	0.0347	0.0016493361431346415	0.0007941248096574199	-0.0004258603374866164	1.02935684	49.95256424	0.99552021	0.10053918075448062	0.00629091	9e-05
-0.0119	-0.0346	0.0475	0.0016824973989225337	0.0008552113334772215	-0.00046949356878647465	1.06109464	51.492733	1.00041116	0.0489940505453776	0.00651526	0.00017
-0.0109	0.0419	0.0424	0.0011257373675363424	0.0008587019919812101	-0.0002652900463031381	1.08539629	52.67204285	1.02189108	0.12082271061867585	0.00650901	0.00019
-0.0106	-0.0163	0.031	0.00119729586686811	0.0008011061266653974	-0.0002565634000431664	1.02725923	49.85077286	0.98651855	0.07679405054537758	0.00618219	6e-05
-0.0133	-0.0559	0.0469	0.001656317460142619	0.0008883725892651138	-0.0004433136300065597	1.0173465	49.36972809	0.9887132	0.09485191429188095	0.00646752	0.00013
-0.0142	-0.0089	0.0509	0.001514945790731078	0.0008587019919812101	-0.00035081117965086024	1.04640996	50.78012085	0.99634974	0.0650772358525572	0.00590646	0.00011
-0.0113	0.025	0.038	0.0010332349171806431	0.0008552113334772215	-0.0002007128639793479	1.07947254	52.38457489	1.01476291	0.0814649923862968	0.00695282	0.00011
-0.0112	-0.0585	0.038	0.0015655603390389136	0.0008412486994612669	-0.00031415926535897925	1.06376612	51.62237549	1.01864476	0.11658672286269282	0.00601	0.0001
-0.0123	-0.0458	0.0556	0.001790707812546182	0.0009354964790689606	-0.0003944444109507184	1.02406645	49.6958313	0.98449299	0.051384019935335055	0.00670892	4e-05
-0.0118	0.0259	0.0518	0.0013037609512397642	0.0009616764178488756	-0.00029496064358704166	1.04703653	50.81052399	0.99771063	0.10663052837250046	0.00705481	0.00012
-0.0098	-0.0128	0.0382	0.0012217304763960308	0.0008447393579652555	-0.0002129301687433082	1.03403938	50.17979813	0.99340234	0.06834990047855434	0.00689441	0.00013
-0.0104	-0.0593	0.0447	0.0017435839227423352	0.0008447393579652555	-0.000322885911618951	1.02097499	49.5458107	0.99125347	0.08519045946109736	0.00710624	0.00016
-0.0105	-0.0365	0.055	0.0017819811662862105	0.0008848819307611251	-0.0003944444109507184	1.02282214	49.63544846	0.98357143	0.04070491578357562	0.00630438	0.00011
-0.0067	0.0445	0.0536	0.0011903145498601325	0.0008621926504851988	-0.0002007128639793479	1.07752526	52.29008102	1.0244692	0.1266043721836687	0.00680047	0.00012
-0.0061	-0.0157	0.0434	0.0012723450247038664	0.0008168140899333463	-0.00017627825445142725	1.03180778	50.07150269	0.99031563	0.07859218224617534	0.0065825	0.0001
-0.0071	-0.054	0.0525	0.0017558012275062952	0.0008168140899333463	-0.0003316125578789226	1.01320505	49.16875458	0.98728171	0.08033952531149621	0.00663424	3e-05
-0.0078	-0.0319	0.0576	0.001954768762233649	0.0007871434926494425	-0.0003944444109507184	1.01856256	49.42874146	0.97918337	0.04247349925415266	0.00774819	0.00012
-0.0077	0.0355	0.0552	0.0013124875974997359	0.0008395033702092724	-0.0002722713633111154	1.08184254	52.49958801	1.02089417	0.11074070449666729	0.00624108	0.0001
-0.0099	0.02	0.0404	0.0011711159280881952	0.0008325220532012951	-0.00019024088846738194	1.03341961	50.14972305	0.99309471	0.04401917306316257	0.00624925	9e-05
-0.0124	-0.051	0.0493	0.0015481070465189703	0.0008464846872172499	-0.000291469985083053	1.03264523	50.11214447	0.99580094	0.10700914245312004	0.0059498	0.00012
-0.0149	-0.0336	0.0561	0.0018133970928221085	0.0008552113334772215	-0.00041015237421866745	0.99567032	48.31782913	0.96763869	0.046334954084936215	0.00601572	6e-05
-0.0148	0.0102	0.0561	0.001387536755335492	0.0008499753457212384	-0.00027925268031909274	1.04682076	50.80005646	0.99545052	0.0719998009571087	0.00708997	0.0001
-0.0137	0.013	0.0396	0.0010611601852125523	0.0008011061266653974	-0.00011344640137963142	1.06353867	51.61133957	1.00471482	0.047452603405912105	0.00622118	0.00013
-0.0156	-0.0643	0.0452	0.0015969762655748114	0.0007993607974134029	-0.0002565634000431664	1.04988444	50.94873047	1.00845166	0.1188339204138894	0.00617588	0.0001
-0.0137	-0.0394	0.0648	0.001801179788058148	0.0008412486994612669	-0.0002478367537831948	1.0296849	49.96848679	0.99179813	0.05914090353955861	0.00612968	9e-05
-0.0137	0.018	0.0614	0.0014154620233674013	0.0008604473212332044	-0.0001937315469713706	1.03023124	49.99499893	0.99432914	0.08375107966372541	0.00590354	6e-05
-0.0132	0.0101	0.0414	0.001223475805648025	0.0008203047484373349	-0.0001308996938995747	1.03939819	50.43985367	0.98765537	0.04314803217935208	0.00656384	0.00013
-0.0151	-0.0615	0.0484	0.001706932008450454	0.0007644542123735164	-0.00028797932657906436	1.03831959	50.38750839	1.003929	0.11531931857728683	0.00682294	8e-05
-0.0133	-0.0373	0.0581	0.0018762289458939042	0.0007766715171374765	-0.00037524578917878077	1.03561902	50.25645447	0.98839827	0.04913903524035634	0.00672221	5e-05
-0.0143	0.0006	0.0598	0.0016790067404185449	0.0008604473212332044	-0.00028274333882308137	1.0410285	50.51896667	0.99047354	0.05927502299633933	0.00667578	6e-05
-0.0138	0.0367	0.0488	0.0011850785621041497	0.0008429940287132613	-0.00015533430342749534	1.02335882	49.66149521	0.98802518	0.07953952531149619	0.0061394	0.00012
-0.0139	-0.0356	0.043	0.0014922565104551516	0.0008639379797371932	-0.0001884955592153876	1.01516438	49.26383209	0.98549469	0.09626415775814132	0.00584495	6e-05
-0.0131	-0.0446	0.054	0.0018727382873899156	0.0008499753457212384	-0.0003612831551628262	0.99623311	48.34513855	0.97058296	0.04916160034490788	0.00614709	0.00013
-0.0142	0.0057	0.0603	0.0015812683023068625	0.0008168140899333463	-0.00028099800957108706	1.04723942	50.82037354	0.99589351	0.07794581932313421	0.00587505	0.0001
-0.0135	0.0319	0.0437	0.0012304571226560022	0.000778416846389471	-0.00012217304763960306	1.0509187	50.99891663	1.00113199	0.07090166925631099	0.00610387	9e-05
-0.0169	-0.0505	0.0405	0.001647590813882647	0.0008709192967451704	-0.00022863813201125715	1.06281984	51.57645798	1.0093002	0.11980506129769992	0.00678974	8e-05
-0.017	-0.0574	0.0524	0.0018779742751458986	0.0008098327729253688	-0.00033335788713091696	1.02730584	49.85303497	0.98098174	0.03870948701013565	0.00638735	0.00013
-0.0182	0.007	0.0539	0.001429424657383356	0.0009075712110370514	-0.0002722713633111154	1.03155434	50.05920792	0.99329403	0.09746872898470131	0.00580275	7e-05
-0.0175	0.0035	0.036	0.0013177235852557187	0.0008412486994612669	-0.00016231562043547262	1.02786076	49.87996292	0.98504653	0.03649896632895323	0.00630718	0.00015
-0.0203	-0.0595	0.0484	0.001673770752662562	0.0008412486994612669	-0.00029496064358704166	1.02493107	49.73779297	0.9916309	0.1026346095279206	0.00625217	9e-05
-0.0187	-0.0371	0.0583	0.0017994344588061536	0.0007976154681614085	-0.0003822271061867582	1.05093122	50.99952698	0.99100697	0.04672817000215832	0.00638652	0.0001
-0.0179	0.0351	0.0582	0.001291543646475804	0.0008377580409572782	-0.00024260076602721178	1.08199751	52.50710678	1.01910574	0.10748298626428827	0.00630754	7e-05
-0.0165	-0.0023	0.0404	0.001270599695451872	0.0007557275661135446	-0.00013439035240356338	1.02685773	49.8312912	0.98611182	0.0671592419745657	0.00576699	8e-05
-0.0204	-0.0467	0.0476	0.0017523105690023068	0.0008150687606813518	-0.00030194196059501896	1.01609814	49.30914688	0.98402622	0.09093018381548489	0.00623888	0.00014
-0.0219	-0.0401	0.059	0.0019006635554218248	0.0008150687606813518	-0.0004014257279586958	1.02409339	49.69714355	0.98168933	0.03189183768915973	0.00720578	5e-05
-0.0204	0.0293	0.0584	0.0013281955607676848	0.0008377580409572782	-0.0002513274122871834	1.09453237	53.11539841	1.02137259	0.10876277953007892	0.00688279	0.00016
-0.0184	0.0128	0.0401	0.0011746065865921838	0.0007190756518216638	-0.00015533430342749534	1.04850364	50.8817215	0.99766379	0.055213223608540175	0.0067699	0.00011
-0.021	-0.0724	0.054	0.001572541656046891	0.0007696902001294993	-0.0002652900463031381	1.03849185	50.39586639	1.00657339	0.12962526803190927	0.00661266	7e-05
-0.0188	-0.0495	0.0635	0.0019006635554218248	0.000778416846389471	-0.00039269908169872416	1.00098801	48.57588196	0.97623017	0.05781287905152457	0.00735122	9e-05
-0.0198	0.0125	0.0564	0.001553343034274953	0.0007609635538695277	-0.00034906585039886593	1.0589298	51.38768005	1.00006902	0.09052035224833363	0.00701147	0.00012
-0.0208	0.0147	0.0275	0.0014486232791552935	0.0006038839211900379	-0.00027925268031909274	1.05475736	51.18519974	1.00465774	0.04868062789394612	0.00667506	0.00012
-0.022	-0.0488	0.0367	0.0019076448724298022	0.0007731808586334879	-0.00029321531433504735	1.03029931	49.99830246	0.99530042	0.10601405823669569	0.00718105	0.0001
-0.0229	-0.0287	0.0477	0.002038544566329377	0.0007086036763096977	-0.0003769911184307752	1.01782703	49.39304733	0.98662517	0.04596263401595464	0.00647306	9e-05
-0.0237	0.0359	0.0541	0.0014538592669112763	0.0007749261878854823	-0.0002251474735072685	1.05602551	51.24674225	1.01159693	0.1119425727958696	0.00698298	0.00012
-0.0241	0.0014	0.0398	0.0014800392056911916	0.0007504915783575615	-0.00018151424220741024	1.02080488	49.53755951	0.98048646	0.05391238898038472	0.00686646	9e-05
-0.0274	-0.0526	0.0451	0.0018971728969178364	0.0008063421144213803	-0.0003001966313430247	1.00619745	48.82868576	0.98383719	0.09218333082130391	0.00757796	0.00014
-0.029	-0.0172	0.0517	0.0020106192982974674	0.0007731808586334879	-0.000296705972839036	1.01956081	49.4771843	0.98730781	0.051104915783575615	0.00630581	0.0001
-0.0288	0.0182	0.055	0.0015376350710070042	0.0008848819307611251	-0.0002007128639793479	1.05126095	51.01552582	0.99461315	0.07293392041388942	0.00632548	7e-05
-0.0273	0.0474	0.0313	0.0012932889757277981	0.0007679448708775049	-0.00018151424220741024	1.03229773	50.09527969	0.9932756	0.07342408884673819	0.00671136	0.00015
-0.029	-0.06	0.0274	0.0017400932642383465	0.0007539822368615504	-0.00023387411976724014	1.06668198	51.76387787	1.0171077	0.13865634000431665	0.00687003	0.00011
-0.0294	-0.058	0.0415	0.002040289895581371	0.0007417649320975902	-0.00030368728984701333	1.00975668	49.00141144	0.97742221	0.035611355309337886	0.00770247	0.0001
-0.0276	-0.0029	0.0517	0.0016702800941585732	0.0007592182246175333	-0.0002705260340591211	1.01716864	49.36109543	0.97976809	0.08813121748653166	0.00712746	0.0001
-0.0278	0.0243	0.0332	0.0013159782560037243	0.0007539822368615504	-0.000158824961931484	1.06860971	51.8574295	1.0061059	0.06946194490192345	0.00732398	0.0001
-0.0298	-0.0448	0.0296	0.0017749998492782332	0.0007138396640656808	-0.00026878070480712676	1.05955672	51.41810608	1.0020615	0.10515599544730105	0.00737041	8e-05
-0.0292	-0.0376	0.0346	0.00204378055408536	0.000726056968829641	-0.0003316125578789226	1.03560722	50.25588226	0.98752727	0.029991493132144127	0.00759119	0.00018
-0.0285	0.0045	0.0503	0.0018029251173101424	0.0007504915783575615	-0.0003054326190990077	1.02070725	49.53282166	0.98617975	0.07307349925415264	0.00643492	6e-05
-0.0292	0.0506	0.0324	0.0013194689145077131	0.0007225663103256524	-0.00021118483949131387	1.04936111	50.92333221	0.99527625	0.0949814625221016	0.00714231	0.00019
-0.0319	-0.0353	0.0323	0.0017366026057343581	0.0006440264939859076	-0.0003106686068549907	1.05278218	51.08934784	1.01226016	0.11845786374650331	0.00696105	9e-05
-0.0312	-0.0293	0.0457	0.0019442967867216831	0.000757472895365539	-0.0005131268000863328	1.0255022	49.76550674	0.98582453	0.04627993877991492	0.00665218	0.0001
-0.0303	0.0013	0.0482	0.0018797196043978928	0.0007609635538695277	-0.00045553093477052	1.02808118	49.89066315	0.99030435	0.0402831853071796	0.00646031	8e-05
-0.029	0.0405	0.0381	0.0012863076587198209	0.0007435102613495844	-0.0002722713633111154	1.03450119	50.20220947	0.99768967	0.09030624048287099	0.00626248	7e-05
-0.0297	-0.0066	0.0238	0.001350884841043611	0.0007086036763096977	-0.00028099800957108706	1.0054388	48.79187012	0.97385777	0.06751052068118242	0.00692117	0.0001
-0.0304	-0.0647	0.0367	0.0017034413499464657	0.0007208209810736582	-0.0003892084231947355	0.99902791	48.4807663	0.9811376	0.09534921136452316	0.007456	0.00016
-0.0291	-0.0461	0.0454	0.0019460421159736775	0.0006928957130417488	-0.0005113814708343385	1.02284014	49.63632202	0.98338288	0.04823495408493621	0.00742173	0.0001
-0.0265	0.0019	0.0444	0.0015376350710070042	0.0007155849933176752	-0.0003700098014227979	1.07476079	52.15592575	1.00603717	0.08022339973270701	0.00748742	0.00012
-0.0263	0.0261	0.0222	0.0012322024519079964	0.0006894050545377602	-0.00023212879051524583	1.06814718	51.83498001	1.00136486	0.07007467843932375	0.00699311	0.00015
-0.029	-0.0486	0.0264	0.0016458454846306526	0.0007225663103256524	-0.00032812189937493397	1.03743708	50.3446846	0.99788176	0.10873986986851182	0.0067423	9e-05
-0.0288	-0.0353	0.0399	0.0019041542139258136	0.0006859143960337716	-0.0005096361415823442	1.00415874	48.7297554	0.96999408	0.05082374428972261	0.00724584	6e-05
-0.0277	0.0058	0.0454	0.0017313666179783749	0.0007417649320975902	-0.0003822271061867582	1.03141308	50.05235291	0.98219721	0.06550235837034217	0.00727421	0.0001
-0.022	0.0471	0.0318	0.0013020156219877698	0.0009948376736367678	-0.00017802358370342162	1.07030809	51.93984604	1.00769473	0.10493136300065596	0.00780636	0.0001
-0.0248	-0.0451	0.0297	0.0016441001553786586	0.0008011061266653974	-0.00022689280275926284	1.0628227	51.57659531	1.01880906	0.12633426497090502	0.00750965	0.0001
-0.0275	-0.0357	0.0407	0.0018413223608540175	0.0008866272600131194	-0.000307177948351002	1.03630388	50.28969193	0.97831954	0.041251424220741	0.00673646	0.00014
-0.0255	0.0114	0.0402	0.0016004669240788003	0.0008587019919812101	-0.0002478367537831948	1.01935863	49.46737289	0.97644977	0.06600609496874668	0.006504	0.00011
-0.0235	0.0345	0.0297	0.0013212142437597075	0.0007853981633974483	-0.00022863813201125715	1.05117953	51.01157379	0.99042128	0.0541877565337396	0.00741923	0.00024
-0.0231	-0.0603	0.0289	0.0016720254234105676	0.0007155849933176752	-0.0002443460952792061	1.07726121	52.27726364	1.02048388	0.11781661564992912	0.00735366	0.00015
-0.0224	-0.0497	0.0619	0.0016772614111665507	0.0008883725892651138	-0.00034033920413889426	1.04304469	50.61680984	1.00331379	0.05800083462815549	0.00742328	0.00016
-0.024	0.0064	0.0752	0.0014538592669112763	0.0009442231253289323	-0.0002740166925631097	1.08131814	52.47414017	1.02772568	0.08827875959474388	0.00734138	0.00015
-0.0197	0.0102	0.0467	0.001059414855960558	0.0008464846872172499	-0.0001308996938995747	1.04661882	50.79025269	1.00111274	0.0683649923862968	0.00685108	0.00018
-0.0192	-0.0427	0.0394	0.0014957471689591403	0.0008168140899333463	-0.00019547687622336493	1.00777864	48.9054184	0.9793755	0.08722900463031383	0.00664806	0.00012
-0.018	-0.0426	0.0482	0.0019303341527057286	0.0007819075048934597	-0.0004520402762665313	0.9885475	47.97217178	0.96677013	0.04640284844148207	0.00735199	0.00016
-0.0165	-0.0132	0.0536	0.0020629791758572974	0.000778416846389471	-0.0005672320068981572	1.05284679	51.09248734	0.9913652	0.04886637061435917	0.00738508	0.00021
-0.0196	0.0505	0.0462	0.0013212142437597075	0.000757472895365539	-0.00028797932657906436	1.08493102	52.64946365	1.02279431	0.12629807817203073	0.00717878	0.00019
-0.0198	0.0001	0.033	0.0014433872913993105	0.000783652834145454	-0.00010821041362364843	1.01275706	49.14701462	0.98625646	0.08020609496874669	0.00705355	0.00011
-0.0189	-0.0529	0.0552	0.0019111355309337906	0.000900589894029074	-0.00011519173063162575	1.02464402	49.72386169	0.99471779	0.10568333082130388	0.0068478	8e-05
-0.0196	-0.02	0.0704	0.0021153390534171274	0.0008325220532012951	-0.00037350045992678646	1.01173973	49.09764481	0.98045245	0.07532900463031382	0.00638598	8e-05
-0.0194	0.0103	0.0654	0.0015899949485668342	0.00091106186954104	-0.00023212879051524583	1.05103493	51.00455856	0.99312609	0.07276277953007894	0.00655782	9e-05
-0.0184	0.0194	0.0464	0.0012199851471440364	0.0008203047484373349	-0.0001186823891356144	1.0420258	50.56736374	0.9947028	0.05781066619530672	0.00635099	0.00012
-0.0178	-0.0605	0.0495	0.001595230936322817	0.0008360127117052838	-0.00019547687622336493	1.03585947	50.26812363	1.00152872	0.106987411976724	0.00705779	0.00012
-0.016	-0.0457	0.0582	0.0017872171540421933	0.0007853981633974483	-0.00032637657012293966	1.02853692	49.91277695	0.98482466	0.043975022996339326	0.00676537	0.00015
-0.017	0.0053	0.054	0.0013700834628155487	0.0008098327729253688	-0.00019896753472735358	1.03072655	50.01903534	0.99386683	0.08464886680750755	0.0067091	0.0001
-0.0135	-0.0141	0.0429	0.0012339477811599909	0.0007557275661135446	-0.00012217304763960306	1.02533603	49.75744629	0.97865202	0.04735176877775663	0.00691259	0.00015
-0.0131	-0.0652	0.0489	0.0017575465567582897	0.0007138396640656808	-0.0003106686068549907	1.01839185	49.42045593	0.98763961	0.09519911184307749	0.00724334	0.00016
-0.0139	-0.0201	0.0553	0.0018186330805780916	0.000736528944341607	-0.0003193952531149623	1.02409446	49.69719315	0.98492506	0.05692512251778499	0.00680387	9e-05
-0.0143	0.037	0.0447	0.001308996938995747	0.0007417649320975902	-0.00015009831567151235	1.09002995	52.89690781	1.01959389	0.10230845333908888	0.00782943	0.00028
-0.0131	-0.0156	0.0349	0.0015114551322270892	0.0006998770300497262	-0.00015533430342749534	1.05982375	51.43106079	0.99906504	0.07607910415175945	0.00835025	0.00015
-0.0195	-0.0449	0.0454	0.001801179788058148	0.0007766715171374765	-0.00027576202181510406	1.03445113	50.19978333	0.98155996	0.0705473430653209	0.00682676	0.0001
-0.0204	-0.0105	0.0598	0.0017558012275062952	0.0008133234314293575	-0.0002897246558310587	1.0024544	48.64704514	0.96728016	0.054499655442984414	0.00659049	0.00011
-0.0176	0.0382	0.0527	0.0012583823906879114	0.0008255407361933179	-0.00013788101090755203	1.04340196	50.63414764	1.0024488	0.09167398932529254	0.00697118	0.00011
-0.0173	-0.0176	0.0457	0.0012252211349000194	0.0007976154681614085	-9.599310885968811e-05	1.02029335	49.51273346	0.99004086	0.06824872129338327	0.00671464	0.00015
-0.0189	-0.0573	0.052	0.001579522973054868	0.0008203047484373349	-0.00017278759594743863	1.02878475	49.92480087	0.98602813	0.07028928027592628	0.00731623	0.00016
-0.018	-0.0415	0.0629	0.0016545721308906245	0.0008656833089891874	-0.0002024581932313422	1.01812112	49.40731812	0.98417199	0.03510491578357562	0.00633997	0.0001
-0.0151	0.0233	0.0595	0.0010524335389525807	0.000853466004225227	-1.7453292519943296e-05	1.04177451	50.55516815	1.00008065	0.11106803987067015	0.00698316	0.0001
-0.0136	-0.0069	0.0416	0.0010419615634406148	0.0008080874436733745	6.283185307179586e-05	1.03031301	49.99896622	0.98477184	0.05640678408277788	0.00653821	0.00011
-0.0124	-0.0626	0.0544	0.0014922565104551516	0.0007749261878854823	3.4906585039886588e-06	1.01763761	49.38385391	0.99082963	0.09683986986851183	0.00649714	0.00013
-0.0142	-0.0356	0.0585	0.001710422666954443	0.0008272860654453122	-0.00011170107212763708	1.02235615	49.61283493	0.98238425	0.05218588823453736	0.00661421	0.00015
-0.0142	0.0159	0.0586	0.001308996938995747	0.0008813912722571365	-5.235987755982989e-05	1.07402432	52.12018585	1.0056977	0.07734360646691635	0.00711131	0.00013
-0.0163	0.0432	0.041	0.0009704030641088471	0.0008866272600131194	3.665191429188092e-05	1.04326904	50.62769699	0.99361752	0.06864208272472969	0.00683481	0.00013
-0.0176	-0.0256	0.0363	0.001158898623324235	0.000853466004225227	2.792526803190927e-05	1.02820921	49.89687347	0.98660287	0.08631917306316261	0.0064466	9e-05
-0.0173	-0.0491	0.0608	0.0014573499254152652	0.0008866272600131194	-1.7453292519943296e-05	1.01180398	49.10076141	0.98017427	0.06714955592153876	0.00644457	0.00014
-0.0195	-0.0534	0.0741	0.0017243853009703976	0.0008395033702092724	-0.000153588974175501	1.03816974	50.38023758	0.9926032	0.042314747350726864	0.00641811	0.00016
-0.0203	-0.0043	0.082	0.001424188669627373	0.0008988445647770796	-9.075712110370512e-05	1.07600856	52.21647644	1.00805881	0.07891848394913138	0.00662965	0.00015
-0.0176	0.0402	0.0732	0.000926769832808989	0.0008761552845011534	1.9198621771937625e-05	1.05868053	51.37558365	1.00178046	0.08750319299849765	0.00661409	0.00016
-0.0183	-0.0694	0.0652	0.0011746065865921838	0.0008936085770210966	2.094395102393195e-05	1.03853059	50.39775085	1.00958872	0.13165176877775664	0.00656182	0.00013
-0.0202	-0.077	0.0802	0.001509709802975095	0.0009442231253289323	-8.203047484373349e-05	1.01307166	49.16227722	0.97294222	0.04893460952792061	0.00651562	0.00011
-0.0193	-0.0482	0.087	0.0017558012275062952	0.0009232791743050004	-0.0001884955592153876	1.00891101	48.96036911	0.97129978	0.055175022996339314	0.0068354	0.00013
-0.0198	0.0202	0.0838	0.0011623892818282235	0.0008185594191853405	-6.108652381980153e-05	1.09123683	52.95547485	1.02736757	0.11337703680966588	0.00652593	0.00016
-0.0147	-0.0038	0.0561	0.0008342673824532895	0.0007243116395776468	0.00029321531433504735	1.06404638	51.6359787	1.00977704	0.09563357585687383	0.00658154	0.00011
-0.0179	-0.0818	0.0465	0.0013334315485236678	0.0006684611035138282	0.0001972222054753592	1.05583131	51.23731995	1.01087623	0.12335039054969424	0.00686646	0.00023
-0.0102	-0.054	0.0599	0.0014573499254152652	0.0007155849933176752	0.0002548180707911721	1.03483152	50.21824265	0.99141684	0.06033190660056286	0.00634158	0.00016
-0.02	-0.0236	0.0762	0.0014189526818713899	0.0006928957130417488	-1.7453292519943296e-05	1.01544082	49.27724838	0.98174207	0.07316789435654587	0.00586289	6e-05
-0.0173	0.0394	0.0673	0.0009773843811168245	0.0006003932626860494	0.00014137166941154068	1.06993198	51.92159653	1.00414277	0.10924478565208744	0.00696903	0.00016
-0.017	-0.0156	0.0499	0.0010384709049366262	0.0005078908123303499	0.00019896753472735358	1.03928781	50.43449783	0.99706094	0.08325924197456569	0.00650787	0.00015
-0.0184	-0.0801	0.0545	0.0014573499254152652	0.0006387905062299246	3.839724354387525e-05	1.02424634	49.70456314	0.9945208	0.1060174502780846	0.00629002	0.0001
-0.0184	-0.0694	0.0674	0.0016004669240788003	0.0006632251157578452	-8.552113334772214e-05	1.03797328	50.37070465	0.98840614	0.03817349925415266	0.00638717	0.00019
-0.0214	-0.0259	0.0806	0.0013945180723434693	0.000640535835481919	-0.00010471975511965978	1.04519737	50.72127151	0.99393179	0.07209183768915972	0.00600547	0.0001
-0.0185	0.0333	0.0659	0.0009773843811168245	0.0005724679946541401	6.283185307179586e-05	1.04388332	50.65750885	0.99887885	0.109437657012294	0.00641704	8e-05
-0.0227	-0.0253	0.0668	0.0009843656981248017	0.000635299847725936	9.42477796076938e-05	1.02148044	49.57034302	0.98649976	0.06876145483078354	0.00614101	0.00015
-0.0208	-0.092	0.066	0.0014381513036433276	0.0006178465552059926	-3.490658503988659e-05	1.00157833	48.60453033	0.98221578	0.09941966313430246	0.00642043	0.00015
-0.0235	-0.0717	0.0816	0.001689478715930511	0.0005044001538263612	-0.00021467549799530252	1.01762164	49.38307953	0.98587632	0.06582713633111154	0.00625449	0.00012
-0.02	-0.0096	0.0872	0.00119729586686811	0.0006702064327658224	-4.886921905584123e-05	1.07751894	52.28977585	1.01373761	0.11238977034706618	0.00629264	0.00013
-0.0179	0.0267	0.0643	0.0008691739674931761	0.0006038839211900379	8.901179185171081e-05	1.04306078	50.61758804	1.00232994	0.08791627109291354	0.00615716	0.00012
-0.0189	-0.0664	0.0586	0.001244419756671957	0.0006056292504420323	-1.7453292519943294e-06	1.03218317	50.08972168	1.00264891	0.123187411976724	0.00625437	6e-05
-0.0196	-0.0656	0.0672	0.0015707963267948967	0.0006387905062299246	-0.0001605702911834783	0.99892521	48.47578049	0.97354747	0.03601813939211579	0.00608158	5e-05
-0.0221	-0.0399	0.087	0.0015323990832510211	0.000614355896702004	-0.0002303834612632515	1.03070343	50.01791	0.97771523	0.05463225115757847	0.00657564	0.00015
-0.0219	0.0329	0.0824	0.0009983283321407565	0.0006527531402458793	-7.504915783575618e-05	1.08371925	52.5906601	1.02525962	0.11399011490408176	0.0059762	6e-05
-0.0209	0.0097	0.0595	0.0008412486994612669	0.0005654866776461627	2.094395102393195e-05	1.01346171	49.18120956	0.98649147	0.06411696020694471	0.00601214	8e-05
-0.0235	-0.0697	0.0598	0.0013264502315156904	0.000645771823237902	-7.330382858376184e-05	1.00393009	48.71865845	0.99060411	0.11528672286269281	0.00626826	9e-05
-0.0226	-0.0684	0.0729	0.001562069680534925	0.0006492624817418905	-0.000148352986419518	1.01845443	49.42349625	0.98178263	0.031007963267948968	0.00620717	6e-05
-0.023	-0.046	0.08	0.0015323990832510211	0.0006475171524898963	-0.0001239183768915974	1.01193082	49.10691833	0.97447659	0.03269252680319094	0.00614566	5e-05
-0.0211	0.0331	0.0684	0.0011379546723003027	0.0007504915783575615	-5.93411945678072e-05	1.06769478	51.81302643	1.00934236	0.12069980095710868	0.0064078	0.00012
-0.0224	-0.0188	0.0566	0.0010629055144645468	0.0006632251157578452	-3.141592653589793e-05	1.03288066	50.12356949	0.99877055	0.07451204442336908	0.00615621	0.00017
-0.0211	-0.077	0.0601	0.0015079644737231008	0.000619591884457987	-9.250245035569947e-05	1.00551248	48.7954483	0.98469935	0.0904889357189107	0.00638115	0.00011
-0.0216	-0.0606	0.0705	0.0016109388995907662	0.000640535835481919	-0.00019024088846738194	1.02847183	49.90961838	0.98482588	0.038382840750163995	0.00636888	0.0001
-0.0228	-0.0218	0.0805	0.001462585913171248	0.000645771823237902	-0.00017976891295541595	1.04175055	50.55400467	0.9953534	0.05820304748437336	0.00570112	7e-05
-0.0216	0.0395	0.0731	0.0011205013797803594	0.0005201081170943102	-2.6179938779914945e-05	1.04052413	50.49449158	1.00107687	0.10096686068549907	0.00636458	0.0001
-0.0227	-0.0455	0.0609	0.0011903145498601325	0.0005969026041820607	-5.061454830783555e-05	1.01171839	49.09661102	0.99189612	0.1068521133347722	0.00560033	8e-05
-0.02	-0.0504	0.0728	0.0012025318546240932	0.0005096361415823442	-0.00022340214425527416	0.99895781	48.47736359	0.97817455	0.033113568165555794	0.00657797	0.00015
-0.0318	-0.0397	0.0685	0.001520181778487061	0.0003159045946109737	-0.0005881759579220891	1.14239335	55.43799591	1.10261371	0.07060776422505767	0.0100285	0.00151
-0.0303	-0.0463	0.0667	0.0016964600329384882	0.0003874630939427412	-0.000609119908946021	1.05956519	51.41851425	1.03596762	0.023339035240356337	0.00944728	0.00108
-0.0262	-0.0471	0.0875	0.0010663961729685354	0.0004328416544945937	-0.0006702064327658224	1.02771127	49.87271118	0.99864042	0.06252644721708034	0.00865823	0.00074
-0.0307	-0.0124	0.0979	0.0005846852994181004	0.0004799655442984406	-0.0005358160803622592	1.00649238	48.84300232	0.98517758	0.08276125578789226	0.00862443	0.00069
-0.0378	0.0156	0.0725	0.0003595378259108319	0.0003682644721708035	-0.0003647738136668148	1.01366794	49.19121552	0.99499286	0.08589454061651748	0.00866562	0.00064
-0.036	-0.1031	0.0591	0.0007557275661135446	0.000466002910282486	-0.00038048177693476387	1.05435085	51.16547394	1.02194645	0.1593818070791172	0.00870794	0.00053
-0.0298	-0.1278	0.069	0.0011606439525762293	0.0005026548245743669	-0.0004328416544945937	1.00389016	48.71672058	0.97502037	0.06549640891571977	0.00857359	0.00046
-0.0299	-0.083	0.0782	0.0011013027580084218	0.0005183627878423159	-0.00039968039870670147	1.05782712	51.33416748	0.997223	0.059510520681182434	0.00834656	0.00052
-0.0296	-0.0015	0.0759	0.000460766922526503	0.0005532693728822024	-0.0003001966313430247	1.11261702	53.99301147	1.03514633	0.12284630939427411	0.00823444	0.00031
-0.0312	-0.0612	0.0674	0.0008028514559173916	0.0005846852994181004	-0.000291469985083053	1.05781519	51.33359146	1.01305541	0.0889113553093379	0.00804591	0.00028
-0.0338	-0.0783	0.089	0.0010000736613927507	0.0006230825429619757	-0.00046949356878647465	1.04201329	50.5667572	0.99322504	0.0619821516361328	0.00702107	9e-05
-0.0345	-0.0379	0.0991	0.0010314895879286487	0.000598647933434055	-0.000640535835481919	1.01085567	49.05474091	0.97711443	0.06254464013796315	0.00673968	0.00011
-0.0374	0.0316	0.1004	0.000450294947014537	0.0006771877497737998	-0.0004747295565424576	1.07576489	52.20465088	1.00673166	0.11497703680966592	0.00769091	0.00019
-0.036	-0.0227	0.0796	0.0006230825429619757	0.000577703982410123	-0.00042236967898262774	1.02671897	49.82455826	0.99651577	0.09273156204354728	0.0072915	0.00015
-0.0352	-0.0825	0.0835	0.0011309733552923255	0.0006213372137099814	-0.0005619960191421741	1.00066817	48.56036377	0.98433751	0.09905751918948771	0.00722826	6e-05
-0.0331	-0.0611	0.096	0.0010419615634406148	0.0006440264939859076	-0.0006370451769779302	1.02251029	49.62031555	0.98223069	0.045337511498169655	0.00696272	0.00017
-0.0341	-0.0031	0.0977	0.000577703982410123	0.0006632251157578452	-0.0004747295565424576	1.07152176	51.99874115	1.01506001	0.09298859116189508	0.00737381	0.00017
-0.0313	-0.0196	0.071	0.0004468042885105483	0.000582939970166106	-0.0003211405823669566	1.03856957	50.39963913	0.99699446	0.06423869068334075	0.00749797	0.00013
-0.0298	-0.1211	0.0748	0.000778416846389471	0.0006475171524898963	-0.00048520153205442357	1.05473125	51.18393326	1.01985091	0.134812534494509	0.00753725	0.00012
-0.0265	-0.0913	0.0797	0.0010332349171806431	0.0006265732014659643	-0.0005654866776461627	1.00531435	48.78583527	0.97689868	0.055802358370342135	0.00719464	0.00011
-0.0272	-0.0149	0.089	0.0004328416544945937	0.0006108652381980154	-0.00041015237421866745	1.08156693	52.48621368	1.01436861	0.12497177646907467	0.00740391	0.00018
-0.025	-0.0071	0.0677	0.000307177948351002	0.0005218534463463045	-0.00028099800957108706	1.05587089	51.23923874	1.00300104	0.04849149313214413	0.00758314	0.00019
-0.0229	-0.0939	0.0718	0.0007120943348136865	0.0005846852994181004	-0.00040666171571467877	1.05668855	51.27891541	1.01425396	0.1226705972839036	0.0072605	0.00014
-0.0212	-0.0591	0.0788	0.000932005820564972	0.000582939970166106	-0.000466002910282486	1.04431295	50.67835617	0.9896084	0.057549900478554336	0.00703895	0.00015
-0.0272	0.0157	0.09	0.00046949356878647465	0.0005724679946541401	-0.00034557519189487725	1.06612599	51.73689651	1.01621404	0.1216705972839036	0.00741231	0.00012
-0.0241	-0.0105	0.0713	0.0003787364476827695	0.0005480333851262194	-0.0002600540585471551	1.03267074	50.11338043	0.98602353	0.0580356431989674	0.00693315	7e-05
-0.0259	-0.0935	0.0834	0.0007801621756414653	0.0005619960191421741	-0.0003385938748868999	1.03760064	50.35262299	1.00461719	0.12159640891571975	0.0075689	0.00016
-0.0251	-0.0676	0.0914	0.0009459684545809266	0.0004886921905584122	-0.000582939970166106	1.04067802	50.50195694	0.99465537	0.05887281014012145	0.00710309	9e-05
-0.0277	-0.0063	0.0917	0.0003525565089028545	0.0006475171524898963	-0.0003211405823669566	1.0972898	53.24921036	1.02387484	0.11490181477043526	0.00726146	0.00017
-0.0276	-0.0087	0.0747	0.0002443460952792061	0.0005724679946541401	-0.00020420352248333657	1.04851067	50.882061	0.99883483	0.034509831567151227	0.00686109	0.00013
-0.0283	-0.108	0.0782	0.000778416846389471	0.0005602506898901797	-0.00032637657012293966	1.05527055	51.21010208	1.01659345	0.13692305517569145	0.00747949	0.0001
-0.0264	-0.0841	0.0891	0.0009773843811168245	0.000577703982410123	-0.0005532693728822024	1.01327097	49.17195129	0.97442316	0.058865681500327977	0.00689846	7e-05
-0.0277	-0.0069	0.0912	0.0007155849933176752	0.0006894050545377602	-0.0003525565089028545	1.08113313	52.46516418	1.01212582	0.1093106661953067	0.00739956	0.00021
-0.0273	-0.0021	0.0795	0.00028099800957108706	0.0005864306286700947	-0.00029845130209103034	1.0396421	50.45168686	0.99681184	0.04648333082130389	0.00656813	0.00011
-0.0281	-0.0922	0.0832	0.0006527531402458793	0.0005899212871740833	-0.00042411500823462205	1.04474843	50.69948578	1.00781022	0.11964547476611861	0.00698346	0.00013
-0.0248	-0.0688	0.0861	0.0009075712110370514	0.0005567600313861911	-0.0005410520681182421	1.03883386	50.41246796	0.98931262	0.049845819323134234	0.00694203	0.00014
-0.0182	-0.0063	0.0977	0.00020769418098732522	0.000640535835481919	-0.0001012290966156711	1.07247019	52.04476547	1.02050335	0.14187379028240124	0.007052	0.00016
-0.0216	0.0007	0.0722	0.00016231562043547262	0.0005393067388662478	-0.00016231562043547262	1.03117371	50.04073715	0.98977013	0.046284709049366254	0.00695419	9e-05
-0.0304	-0.0829	0.0812	0.000609119908946021	0.0005183627878423159	-0.0004258603374866164	1.02689898	49.8332901	1.00047876	0.13796464782928122	0.00743234	9e-05
-0.0245	-0.0789	0.0962	0.0008621926504851988	0.0004939281783143952	-0.0005131268000863328	0.99609047	48.33821869	0.97054049	0.04313869068334076	0.00685227	9e-05
-0.0195	-0.021	0.1168	0.0015917402778188286	0.0010402162341886204	-6.108652381980153e-05	1.13097429	54.88385391	1.08612408	0.1698937979737193	0.00834137	0.00105
-0.0193	-0.008	0.1002	0.0008080874436733745	0.0011850785621041497	-2.094395102393195e-05	1.1066308	53.70251083	1.0661249	0.07823288674284265	0.0072487	0.00011
-0.018	-0.1105	0.0947	0.001244419756671957	0.0010314895879286487	-0.00019024088846738194	1.05107379	51.00644302	1.01635547	0.14726091123087665	0.00810242	0.00019
-0.0167	-0.0877	0.1055	0.0013788101090755204	0.0009983283321407565	-0.0003001966313430247	1.04993343	50.95110703	0.99445895	0.04877536755335491	0.00711757	7e-05
-0.0207	-0.0197	0.1056	0.0009128071987930344	0.0010210176124166828	-0.00017104226669544429	1.05689955	51.28915405	1.00689231	0.10299232776029964	0.00650954	0.00012
-0.0206	-0.0225	0.0844	0.0007871434926494425	0.0009512044423369096	-0.00015707963267948963	1.04991961	50.95043182	0.99214243	0.03457197551196598	0.00761551	0.00018
-0.0201	-0.0994	0.0887	0.0013334315485236678	0.0009721483933608416	-0.0002443460952792061	1.07236028	52.03943634	1.01769539	0.11442492347489368	0.00770509	0.00013
-0.0197	-0.0722	0.1053	0.0013857914260834976	0.0009896016858807848	-0.00028274333882308137	1.04548585	50.73527145	0.99603492	0.049610520681182414	0.00745153	0.00014
-0.0193	0.0066	0.1104	0.0008115781021773631	0.0010035643198967395	-0.00010471975511965978	1.07361639	52.10039139	1.02450874	0.12260997708127552	0.00706661	8e-05
-0.0172	-0.0286	0.0928	0.0007592182246175333	0.000890117918517108	-0.00013788101090755203	1.01701462	49.35362625	0.98571097	0.06484837673636767	0.00664103	9e-05
-0.0166	-0.094	0.1009	0.0010960667702524388	0.0010210176124166828	-0.00026878070480712676	1.01437199	49.22537994	0.99196384	0.10403239667170276	0.00710291	0.00012
-0.0167	-0.0776	0.1005	0.0013788101090755204	0.0009930923443847736	-0.00042236967898262774	1.01762724	49.38335419	0.97979861	0.04011287905152459	0.00687385	5e-05
-0.0175	-0.0008	0.1008	0.0009424777960769379	0.0010402162341886204	-0.000317649923862968	1.09666491	53.21888733	1.02696399	0.10730879789610444	0.00715089	0.00019
-0.0151	-0.0271	0.0857	0.0007539822368615504	0.0009407324668249436	-0.00022689280275926284	1.04302561	50.61588287	0.9974251	0.06273682238413847	0.00660032	0.00011
-0.0163	-0.1072	0.0946	0.0012095131716320703	0.00102799892942466	-0.00039968039870670147	1.04080629	50.50818634	1.00801159	0.12597924966588375	0.00735074	0.00012
-0.0163	-0.0883	0.1033	0.0013980087308474581	0.0011100294042683937	-0.0005462880558742252	1.00926113	48.97736359	0.97469933	0.04845668456133226	0.00666821	9e-05
-0.0147	0.0043	0.1071	0.000731292956585624	0.0010053096491487337	-0.0003054326190990077	1.09207451	52.99612427	1.02479584	0.14861454830783555	0.00695443	0.00013
-0.0172	-0.0425	0.0904	0.0009389871375729493	0.000947713783832921	-0.0001937315469713706	1.02114832	49.55422592	0.9906003	0.08484955592153876	0.00616008	9e-05
-0.0184	-0.0952	0.1009	0.0013805554383275148	0.0009896016858807848	-0.0003473205211468716	1.00843692	48.93736649	0.99048497	0.09625225884889654	0.00796807	9e-05
-0.017	-0.0619	0.1109	0.0014905111812031574	0.001054178868204575	-0.00028274333882308137	1.05125606	51.01528931	1.00064846	0.05665550537616116	0.006962	0.00019
-0.0163	0.0122	0.1071	0.00091106186954104	0.0010332349171806431	-0.00024085543677521747	1.07590544	52.21147156	1.02490995	0.11071405823669565	0.00681162	9e-05
-0.0172	-0.0292	0.0921	0.0007696902001294993	0.0009512044423369096	-0.00017104226669544429	1.01049173	49.03708267	0.98582195	0.07196076571675239	0.00613719	8e-05
-0.0166	-0.0923	0.0986	0.0012217304763960308	0.0009564404300928925	-0.00034208453339088857	1.03453195	50.20370102	0.99526901	0.10161592653589792	0.00690675	6e-05
-0.0141	-0.0713	0.1045	0.001541125729510993	0.000947713783832921	-0.0005113814708343385	1.01941204	49.46996307	0.97270853	0.054270941840919185	0.00668693	0.00012
-0.0155	-0.0001	0.1109	0.0013037609512397642	0.0007120943348136865	-0.00016929693744344995	1.09928989	53.34627151	1.03749788	0.1197534380340676	0.00710636	0.00019
-0.0148	-0.033	0.0833	0.0011484266478122688	0.0006021385919380437	-0.0002548180707911721	1.06044793	51.4613533	1.01186745	0.07874055898254302	0.00648963	0.00015
-0.014	-0.0899	0.0834	0.0015079644737231008	0.0007819075048934597	-0.00039793506945470715	1.02095568	49.54487228	0.98941278	0.09192118687648913	0.00730491	0.00012
-0.0139	-0.0774	0.0963	0.0016336281798666925	0.0008621926504851988	-0.0003822271061867582	1.01283848	49.15096664	0.97903429	0.03658284075016399	0.00655729	5e-05
-0.0154	-0.0042	0.0952	0.0011676252695842063	0.0008499753457212384	-0.00019547687622336493	1.04705393	50.81136703	1.00228452	0.10904852225049198	0.00617093	6e-05
-0.0174	-0.0266	0.0818	0.0010890854532444615	0.000921533845053006	-0.00018675022996339323	1.02996802	49.98222733	0.97978755	0.045741248096574205	0.00712216	0.00016
-0.019	-0.1008	0.094	0.001635373509118687	0.0008639379797371932	-0.0003961897402027128	1.04594421	50.75751495	1.00845416	0.12866617157146787	0.00678831	0.00016
-0.0197	-0.0551	0.1066	0.0016824973989225337	0.0009250245035569946	-0.0003612831551628262	1.04368234	50.64775467	0.99917179	0.06615584993317673	0.00649351	0.00015
-0.0175	0.0081	0.099	0.0010175269539126942	0.00091106186954104	-0.0002199114857512855	1.07547164	52.19042206	1.0229333	0.11401523742186674	0.00691116	0.00012
-0.0181	-0.0589	0.0955	0.0011850785621041497	0.0008360127117052838	-0.00021118483949131387	1.0294826	49.95866776	0.99903434	0.08366637061435916	0.00625676	7e-05
-0.0173	-0.0803	0.1089	0.001481784534943186	0.0007906341511534313	-0.00033335788713091696	1.0083698	48.93410873	0.98042662	0.05881287905152458	0.00698179	6e-05
-0.02	-0.0584	0.1167	0.0016126842288427606	0.0008429940287132613	-0.00035604716740684323	1.00966036	48.99673843	0.97084369	0.04269744258676655	0.00690156	0.00011
-0.0202	0.0008	0.1022	0.0011641346110802177	0.0008360127117052838	-0.00022689280275926284	1.06095243	51.48583221	1.01625345	0.10313426497090503	0.006414	0.0001
-0.0168	-0.0432	0.0939	0.0011484266478122688	0.0007976154681614085	-0.0001675516081914556	1.00595462	48.81690598	0.980346	0.06137232006898159	0.00609463	0.0001
-0.0177	-0.0946	0.1034	0.0014590952546672592	0.0008325220532012951	-0.0002844886680750757	1.0135709	49.18650818	0.98685122	0.08492561258892486	0.00732434	0.00012
-0.0162	-0.0703	0.108	0.001748819910498318	0.0008185594191853405	-0.00035430183815484887	1.03299296	50.12901688	0.9938608	0.049075022996339326	0.00661844	0.00012
-0.0187	-0.014	0.11	0.0011449359893082802	0.0006859143960337716	-0.0003473205211468716	1.05769026	51.32752609	1.00496308	0.0979755130674792	0.00686902	9e-05
-0.018	-0.0358	0.0854	0.0010873401239924673	0.0006422811647339132	-0.0002600540585471551	1.00972855	49.00004578	0.97470216	0.05652477796076939	0.00621527	9e-05
-0.0158	-0.0929	0.0964	0.001541125729510993	0.0006335545184739417	-0.00028099800957108706	1.00674856	48.8554306	0.98470399	0.09447281014012146	0.00690311	0.00012
-0.0177	-0.0691	0.1052	0.0017470745812463236	0.0007086036763096977	-0.00039095375244672985	1.02552795	49.76675797	0.98327471	0.05404768762233647	0.00647718	0.00014
-0.0185	-0.0155	0.1079	0.0011990411961201044	0.0007679448708775049	-0.00023387411976724014	1.06862879	51.85835266	1.00690622	0.09532271061867578	0.00619477	7e-05
-0.0166	-0.0103	0.0907	0.0009791297103688187	0.0007400196028455958	-0.0001256637061435917	1.02075863	49.53531265	0.98851053	0.04210235837034215	0.00637531	0.0001
-0.0168	-0.0956	0.1068	0.001282817000215832	0.0007225663103256524	-0.00016406094968746698	1.03478515	50.21599197	1.0018241	0.1195768912955416	0.00668967	0.0001
-0.0171	-0.0746	0.1168	0.0015446163880149814	0.0007888888219014368	-0.00032637657012293966	1.00260961	48.65457916	0.97421871	0.055821875990520325	0.00635141	7e-05
-0.0203	-0.0156	0.1136	0.0011397000015522971	0.0007993607974134029	-0.0002495820830351891	1.04411995	50.66898727	0.9975928	0.09000914245312001	0.00634408	0.00019
-0.0219	-0.0316	0.1094	0.0008237954069413235	0.0006824237375297829	-0.00017104226669544429	1.02975667	49.9719696	0.99121377	0.04736907354171693	0.00621897	6e-05
-0.0175	-0.0915	0.1138	0.0013596114873035826	0.0006579891280018621	-0.00021467549799530252	1.02264571	49.62688828	0.99566962	0.09889419605950191	0.00680715	0.00012
-0.0175	-0.0758	0.1195	0.00152367243699105	0.0007155849933176752	-0.00032637657012293966	1.02107036	49.55044174	0.98316432	0.03806789435654585	0.00714177	8e-05
-0.0208	-0.0112	0.1278	0.0008604473212332044	0.0007627088831215222	-0.0002181661564992912	1.04639876	50.77957535	1.00827744	0.11712797095926704	0.00669265	9e-05
-0.0197	-0.0311	0.1054	0.0008709192967451704	0.0007225663103256524	-0.0001361356816555577	1.00350618	48.6980896	0.97650693	0.05003225115757847	0.00580728	5e-05
-0.0199	-0.086	0.1121	0.0012636183784438947	0.0007016223593017205	-0.00029496064358704166	0.98805636	47.94833755	0.97109275	0.09042339973270702	0.00635648	8e-05
-0.0185	-0.0757	0.1257	0.001499237827463129	0.0006928957130417488	-0.00045902159327450867	1.00225604	48.63741684	0.97464257	0.04572035224833365	0.00709289	0.00012
-0.0202	-0.0294	0.13	0.001158898623324235	0.0007400196028455958	-0.0003525565089028545	1.04137635	50.53585052	0.9973053	0.07699640891571978	0.00667191	6e-05
-0.0218	-0.0015	0.1091	0.000752236907609556	0.000778416846389471	-0.00016929693744344995	1.03850746	50.39662933	0.99840965	0.08181592653589793	0.00602448	0.00011
-0.0153	-0.0719	0.1105	0.0009773843811168245	0.0007731808586334879	-8.552113334772214e-05	1.0088625	48.95801544	0.98660995	0.09400796326794895	0.00616258	0.0001
-0.0189	-0.0979	0.122	0.001298524963483781	0.0007068583470577034	-0.00022863813201125715	1.01041174	49.03319931	0.97717904	0.0676290046303138	0.0063448	0.0001
-0.0245	-0.0744	0.1226	0.0014922565104551516	0.0007888888219014368	-0.0003473205211468716	0.99828947	48.44493103	0.97128779	0.049422220547535936	0.00725973	5e-05
-0.0225	-0.0373	0.1302	0.0012147491593880533	0.0007731808586334879	-0.0002740166925631097	1.03880715	50.41116714	0.99211747	0.06502595714594046	0.00648218	0.00011
-0.0207	-0.0001	0.1103	0.0007888888219014368	0.0007330382858376184	-0.000158824961931484	1.04509473	50.71629333	0.99930423	0.0879597320457056	0.00582772	7e-05
-0.0205	-0.0793	0.1112	0.0010000736613927507	0.0007557275661135446	-0.00018675022996339323	1.01642954	49.32522964	0.99529546	0.09338996938995744	0.00741094	0.0001
-0.0195	-0.0939	0.1182	0.0014329153158873448	0.000710349005561692	-0.0003316125578789226	1.0120492	49.11266327	0.98344572	0.05375412714809881	0.00758505	7e-05
-0.0201	-0.0793	0.1268	0.0014486232791552935	0.0007295476273336296	-0.0003595378259108319	1.01032114	49.02880096	0.97688913	0.026941592653589776	0.00643808	8e-05
-0.021	-0.0015	0.1167	0.000947713783832921	0.0007382742735936014	-0.0002670353755551324	1.06619084	51.74004364	1.00650573	0.11890692959690216	0.00613397	0.00014
-0.0201	-0.0641	0.1054	0.0010454522219446034	0.0006492624817418905	-0.0002024581932313422	1.04123008	50.52875137	0.99719751	0.08736637061435917	0.00715399	7e-05
-0.0182	-0.0975	0.1218	0.001452113937659282	0.0006597344572538566	-0.0002583087292951608	1.00765884	48.89960861	0.98412663	0.07534921136452317	0.00707126	0.0001
-0.0183	-0.0658	0.1262	0.0013962634015954637	0.0007138396640656808	-0.0003298672286269283	1.04288352	50.6089859	0.99318777	0.04527571211037051	0.00716597	0.00012
-0.0187	-0.0068	0.1131	0.0009389871375729493	0.0007120943348136865	-0.00028623399732707005	1.06587696	51.72481155	1.0102432	0.09763274122871833	0.0060125	9e-05
-0.0177	-0.0594	0.1003	0.0009634217471008699	0.0007033676885537148	-0.00021467549799530252	0.99795806	48.42884827	0.97616165	0.071635987755983	0.00625223	8e-05
-0.0189	-0.0992	0.112	0.0013892820845874865	0.0006911503837897545	-0.0002478367537831948	1.01845944	49.42373657	0.98687551	0.07626194490192345	0.00649363	9e-05
-0.0191	-0.0719	0.1191	0.00152367243699105	0.0007295476273336296	-0.000317649923862968	1.00839531	48.9353447	0.97158024	0.04673003830136057	0.0071944	0.00013
-0.0235	-0.0212	0.1156	0.0010768681484805013	0.0007382742735936014	-0.0002443460952792061	1.06039035	51.45855713	1.00366765	0.08504173816771411	0.00653201	0.00012
-0.0209	-0.0197	0.0998	0.0008150687606813518	0.0006824237375297829	-0.00014660765716752367	1.03947079	50.44337463	0.99326335	0.040669418098732514	0.00688106	0.00014
-0.0232	-0.102	0.0971	0.0013980087308474581	0.0006876597252857658	-0.00024260076602721178	1.03310299	50.13436127	1.00164804	0.12150845333908884	0.00786841	8e-05
-0.0245	-0.087	0.1115	0.001556833692778942	0.0007871434926494425	-0.0003001966313430247	1.0220226	49.59665298	0.98232218	0.04649522973054868	0.00675672	0.00012
-0.0231	-0.0623	0.1164	0.0014451326206513049	0.0007539822368615504	-0.000322885911618951	1.02555799	49.76821518	0.98357447	0.03937758040957277	0.00786632	9e-05
-0.0229	0.0011	0.1044	0.0009407324668249436	0.0007557275661135446	-0.00031415926535897925	1.04351318	50.63954163	0.99483386	0.10134360646691634	0.00694031	0.00012
-0.0218	-0.0669	0.1	0.0012060225131280816	0.0007452555906015787	-0.00024609142453120044	1.03040588	50.00347519	0.99409412	0.09069149313214414	0.0066393	0.0001
-0.0164	-0.0883	0.1081	0.0014748032179352085	0.0007923794804054256	-0.0001832595714594046	1.00788057	48.91036606	0.96961833	0.05383682238413848	0.00686914	0.00021
-0.015	-0.0516	0.1106	0.001520181778487061	0.0008185594191853405	-0.0001884955592153876	1.03188336	50.07517242	0.98668535	0.044439724354387526	0.00676894	0.00014
-0.0068	0.0075	0.1077	0.0009407324668249436	0.0009669124056048585	9.250245035569947e-05	1.07560253	52.19677353	1.01764261	0.12064001538263612	0.00714725	0.00028
-0.005	-0.0617	0.0909	0.0011711159280881952	0.0008325220532012951	7.504915783575618e-05	1.02776074	49.87511063	0.99303098	0.10691135530933792	0.00701702	0.00019
-0.0076	-0.1116	0.0902	0.001647590813882647	0.0008691739674931761	-1.0471975511965975e-05	1.01838243	49.41999817	0.98443028	0.08313239667170273	0.00774848	0.00021
-0.0067	-0.0874	0.1109	0.0015777776438028737	0.0008988445647770796	-0.00012217304763960306	1.02256334	49.62289047	0.9821344	0.05635924197456569	0.00734055	0.00016
-0.009	-0.0172	0.1031	0.001129228026040331	0.000895353906273091	-2.4434609527920616e-05	1.06258583	51.56509781	1.00368667	0.10778893571891068	0.00713688	0.00026
-0.0091	-0.0213	0.0862	0.0009162978572970229	0.0008569566627292158	0.0001308996938995747	1.05270243	51.08547974	0.99962249	0.04143308578573393	0.00684321	0.00018
-0.0093	-0.1029	0.0922	0.0012932889757277981	0.0008115781021773631	0.0001012290966156711	1.03984153	50.46136856	1.00190613	0.11040201381332657	0.00689167	0.00017
-0.0108	-0.117	0.102	0.0017819811662862105	0.0008290313946973065	-0.0001064650843716541	1.04585814	50.75333786	0.99128202	0.06109198320328404	0.00808334	0.00027
-0.0079	-0.0814	0.1059	0.0017051866791984597	0.0009162978572970229	-2.6179938779914945e-05	1.06030512	51.454422	1.00526935	0.05461730476396033	0.00715506	0.00024
-0.0086	-0.0137	0.1009	0.0010192722831646884	0.0008272860654453122	0.00012042771838760874	1.08732212	52.76549911	1.0203542	0.11947669225265029	0.00656897	0.00017
-0.0106	-0.0145	0.0873	0.0007347836150896127	0.0008447393579652555	0.00017278759594743863	1.02257347	49.62338257	0.97748195	0.03411509190774244	0.00735313	0.00013
-0.0146	-0.095	0.1048	0.0010925761117484504	0.0010419615634406148	0.00020943951023931956	1.02352619	49.6696167	0.99915239	0.13158333082130388	0.00816321	0.00021
-0.0116	-0.1153	0.1129	0.0015777776438028737	0.000905825881785057	-7.330382858376184e-05	1.02954733	49.96181107	0.98658465	0.07660402762665312	0.00718224	0.00027
-0.0102	-0.0756	0.1159	0.001710422666954443	0.0008918632477691023	-9.948376736367679e-05	1.05494297	51.19421005	0.99932622	0.05273937979737194	0.00676566	0.00024
-0.0096	-0.029	0.1198	0.0013892820845874865	0.0008639379797371932	2.4434609527920616e-05	1.06122887	51.49925232	1.00597244	0.07474921136452316	0.00684607	0.00015
-0.0071	0.0082	0.1045	0.0008429940287132613	0.0008604473212332044	0.00017976891295541595	1.0419662	50.5644722	1.00187747	0.09025565089028548	0.00612336	0.00011
-0.0075	-0.067	0.0949	0.0010943214410004448	0.0008360127117052838	0.00019896753472735358	1.0107677	49.05047226	0.98758437	0.09994803217935208	0.00626332	0.00015
-0.0046	-0.1104	0.1151	0.0015219271077390555	0.0008342673824532895	4.537856055185256e-05	1.00021017	48.53813553	0.98590974	0.09564699850830528	0.00766468	0.00016
-0.0046	-0.0945	0.1277	0.0016650441064025902	0.0008325220532012951	-0.00015009831567151235	1.02600098	49.789711	0.98482327	0.045516960206944714	0.00724727	0.0001
-0.0084	-0.0382	0.126	0.0013212142437597075	0.000895353906273091	-3.141592653589793e-05	1.07547736	52.19070053	1.00919908	0.08806720524251466	0.00678962	0.00016
-0.0077	-0.0057	0.1081	0.0009180431865490173	0.0008429940287132613	7.155849933176751e-05	1.03654766	50.3015213	0.99543653	0.07902526803190926	0.00619131	0.00013
-0.0072	-0.0851	0.1079	0.0012077678423800758	0.0008098327729253688	9.075712110370512e-05	1.00906694	48.96794128	0.98772984	0.09720422666954441	0.00643051	9e-05
-0.0067	-0.1078	0.1226	0.0015969762655748114	0.0008691739674931761	-4.886921905584123e-05	1.01223326	49.12159348	0.9808867	0.06730879789610447	0.00688392	0.0001
-0.0042	-0.072	0.1366	0.0017558012275062952	0.000905825881785057	-0.00010297442586766544	1.00403309	48.7236557	0.97144027	0.06477910415175947	0.00662738	6e-05
-0.0058	-0.0168	0.1298	0.0012374384396639797	0.0009180431865490173	1.2217304763960308e-05	1.06697702	51.77819824	1.00806834	0.09588859116189508	0.00691682	9e-05
-0.0038	-0.0335	0.1128	0.0009843656981248017	0.0008360127117052838	8.552113334772214e-05	1.0312686	50.04533768	0.99038262	0.05612035224833367	0.00634998	9e-05
-0.003	-0.1031	0.1193	0.0014119713648634124	0.0008412486994612669	2.4434609527920616e-05	1.01848531	49.42499542	0.99226214	0.10159640891571976	0.00734943	0.00012
-0.0018	-0.0891	0.1268	0.0016667894356545846	0.0008342673824532895	-0.0001256637061435917	1.01734793	49.36980057	0.98064199	0.04329488517353308	0.00739461	8e-05
-0.0029	-0.052	0.134	0.0013473941825396225	0.000804596785169386	-2.268928027592628e-05	1.03276443	50.11792755	0.9829433	0.06800201381332656	0.00716001	8e-05
-0.0047	-0.0274	0.1171	0.0010367255756846318	0.0007941248096574199	4.886921905584123e-05	1.04969418	50.93949509	0.98485579	0.06293495408493623	0.00694835	0.00016
-0.0052	-0.1025	0.1229	0.0014957471689591403	0.0008098327729253688	-5.4105206811824215e-05	1.04406142	50.66614914	1.00266785	0.11028519912050612	0.0068382	0.00015
-0.0046	-0.085	0.131	0.0017540558982543013	0.0008517206749732328	-0.000153588974175501	0.99702549	48.3835907	0.9732918	0.04618401993533509	0.00771368	8e-05
-0.0041	-0.0323	0.1372	0.0013369222070276565	0.000900589894029074	-2.792526803190927e-05	1.03373039	50.16480255	0.9961406	0.08898333082130387	0.0076251	0.00015
-0.0034	-0.0016	0.1176	0.0008587019919812101	0.0008604473212332044	0.00014660765716752367	1.05057788	50.98237991	0.99947488	0.08564478565208744	0.00727141	0.00013
-0.0003	-0.0983	0.1166	0.001256637061435917	0.0009162978572970229	9.42477796076938e-05	1.04875648	50.89398956	1.01294454	0.12610727415391776	0.00753945	0.00015
-0.0018	-0.1175	0.132	0.0016772614111665507	0.0009843656981248017	-7.853981633974481e-05	1.02744043	49.85956573	0.99028928	0.06917398932529256	0.00817698	0.00019
0.0001	-0.0694	0.147	0.001556833692778942	0.0009983283321407565	-6.45771823237902e-05	1.02107084	49.55046082	0.97802889	0.07241764932097587	0.00766414	0.00026
0.0005	-0.0152	0.1443	0.0009581857593448868	0.0009686577348568529	0.00014486232791552936	1.08248806	52.53091431	1.01375872	0.09918790204786387	0.00761956	0.00023
0.0012	-0.0407	0.1243	0.0009162978572970229	0.0009128071987930344	0.00019896753472735358	1.0292592	49.94782639	0.98882229	0.05379218224617535	0.00717878	0.00016
0.0047	-0.1184	0.1286	0.001361356816555577	0.0008936085770210966	2.96705972839036e-05	1.04732966	50.82474899	1.00172935	0.1171777259236971	0.00777018	0.00016
0.0052	-0.1113	0.1388	0.001572541656046891	0.0009861110273767962	-0.00010297442586766544	1.04215658	50.5737114	0.98275405	0.03961661564992916	0.00778812	0.00024
0.0044	-0.0617	0.1493	0.001520181778487061	0.0009581857593448868	-0.0001239183768915974	1.03975534	50.45718384	0.99352736	0.06596145483078354	0.00721842	0.00015
0.0018	-0.015	0.1383	0.0008464846872172499	0.0009599310885968812	0.000153588974175501	1.04813313	50.86374283	1.00409241	0.10794748857944517	0.00680685	0.00011
0.0045	-0.0753	0.1273	0.0010821041362364843	0.0009180431865490173	8.203047484373349e-05	1.01441002	49.22723007	0.98331441	0.0914532925199433	0.00747466	9e-05
0.0047	-0.1194	0.1426	0.0015184364492350666	0.0009878563566287904	-9.948376736367679e-05	0.98818064	47.95436859	0.97677037	0.09398298626428829	0.00827199	0.00021
0.0069	-0.0827	0.1602	0.0016336281798666925	0.001001818990644745	-0.00013788101090755203	1.00941384	48.98477173	0.98258657	0.06487758040957281	0.00780755	0.00022
0.0053	-0.0033	0.1636	0.0007941248096574199	0.001069886831472524	0.00012740903539558605	1.06496036	51.68033218	1.02072626	0.1430430628670095	0.00715411	0.00016
0.0072	-0.0702	0.1419	0.0009983283321407565	0.0010000736613927507	0.00012217304763960306	1.01309025	49.1631813	0.99427904	0.10446263401595464	0.00753051	0.00014
0.0095	-0.1238	0.151	0.0013962634015954637	0.0009913470151327792	-4.363323129985824e-05	1.01145399	49.08377838	0.98666574	0.09362339973270697	0.00764984	0.00015
0.0082	-0.1071	0.1606	0.0015969762655748114	0.0010105456369047167	-0.00015533430342749534	1.03812873	50.37825012	0.98354883	0.0441806278939461	0.00813031	0.00027
0.0089	-0.0653	0.1697	0.001382300767579509	0.0009494591130849152	-0.00018675022996339323	1.04583085	50.75201416	0.99298809	0.0669588974175501	0.00791901	0.00014
0.0049	-0.0037	0.1486	0.0008779006137531476	0.0008639379797371932	0.0001012290966156711	1.05592573	51.2419014	1.01054497	0.13059503068765735	0.00771326	0.00015
0.0058	-0.0969	0.1451	0.0011519173063162574	0.0008307767239493009	-3.316125578789226e-05	1.02288139	49.63832474	1.00104078	0.11967841503772828	0.00704432	0.00015
0.007	-0.1171	0.1557	0.0015760323145508795	0.0008691739674931761	-0.0002251474735072685	0.98873371	47.9812088	0.97104633	0.06472492347489367	0.00829494	0.0002
0.0095	-0.0924	0.1661	0.0015847589608108511	0.0009354964790689606	-0.00021118483949131387	1.02292788	49.64058304	0.98238605	0.042050589592585536	0.00828123	0.00019
0.0087	-0.0335	0.1616	0.0011013027580084218	0.0010053096491487337	-5.4105206811824215e-05	1.06438196	51.65225983	1.01255217	0.09971745027808461	0.00758314	0.00016
0.006	-0.0042	0.1362	0.0009180431865490173	0.0009372418083209549	9.250245035569947e-05	1.02068627	49.53180313	0.99355531	0.07729675347273536	0.00681096	0.00015
0.0083	-0.0983	0.1342	0.0013142329267517303	0.0009145525280450286	0.0	1.01895285	49.44768143	1.00156082	0.1239690735417169	0.00738794	0.0001
0.0064	-0.1235	0.1527	0.0016964600329384882	0.0009564404300928925	-0.00014137166941154068	1.00001979	48.52889633	0.97926915	0.07387433388230812	0.00787771	0.00017
0.0059	-0.0806	0.1671	0.0018029251173101424	0.0010506882097005862	-0.00017453292519943296	1.00735617	48.88491821	0.97893078	0.06949370598836199	0.00821537	0.00017
0.0062	-0.0172	0.16	0.001158898623324235	0.0009581857593448868	-2.96705972839036e-05	1.0558852	51.23993301	1.00195939	0.1148695636128568	0.00715351	0.00015
0.0046	-0.0545	0.1387	0.0011152653920243766	0.0008639379797371932	4.71238898038469e-05	1.0156492	49.28736115	0.98733347	0.07093377489976513	0.00687122	0.00016
0.0082	-0.118	0.1542	0.0016598081186466073	0.0008063421144213803	-0.0001972222054753592	1.00357783	48.70156479	0.98630677	0.12492423436086252	0.00869286	0.00023
0.004	-0.0844	0.1726	0.0017994344588061536	0.0009389871375729493	-0.0001972222054753592	0.99614447	48.34083939	0.97374171	0.06981356816555576	0.00843108	0.00017
0.0052	-0.0313	0.1748	0.001228711793404008	0.0009442231253289323	-7.155849933176751e-05	1.03124523	50.04420471	1.00035592	0.091581117965086	0.0075475	0.00018
0.0081	-0.0458	0.1574	0.001064650843716541	0.0008464846872172499	7.155849933176751e-05	0.98976576	48.03129196	0.97336415	0.055045819323134224	0.00727057	0.00012
0.0085	-0.1031	0.1592	0.0015254177662430443	0.0008970992355250854	-7.853981633974481e-05	1.00025785	48.54045105	0.98072928	0.09257398932529257	0.00803792	0.00019
0.0098	-0.0899	0.1667	0.0016790067404185449	0.0009791297103688187	-0.00016231562043547262	1.02798223	49.88586044	0.98582768	0.03796976265574807	0.00814515	0.00015
0.0088	-0.0626	0.1748	0.0013718287920675431	0.0010000736613927507	-0.000148352986419518	1.03208399	50.08490753	0.9829473	0.05350422666954442	0.00784385	0.00017
0.0051	-0.0051	0.1448	0.000905825881785057	0.0009983283321407565	2.094395102393195e-05	1.06499112	51.68182373	1.00442765	0.12305225884889652	0.00711137	0.00016
0.0052	-0.0839	0.1299	0.0010576695267085637	0.0008831366015091308	9.948376736367679e-05	1.0371598	50.33122635	1.00312896	0.1110787595947439	0.00717986	0.00023
0.0077	-0.1253	0.1514	0.0014573499254152652	0.0008726646259971648	-3.839724354387525e-05	0.99755394	48.40923691	0.98064967	0.09280166925631099	0.00783551	0.0002
0.0066	-0.1139	0.1573	0.0018291050560900572	0.0009704030641088471	-0.00015707963267948963	1.01121688	49.07226944	0.9805493	0.04780879789610441	0.00785351	0.00015
0.0213	-0.0683	0.1695	0.001387536755335492	0.001085594794740473	0.0003054326190990077	1.07527816	52.18103409	1.01620208	0.12346361415823442	0.00838333	0.00041
0.0155	0.0045	0.1419	0.0009128071987930344	0.0009250245035569946	0.00034906585039886593	1.08394456	52.60159302	1.03354993	0.14014665395128972	0.00804847	0.00021
0.0107	-0.0905	0.138	0.001165879940332212	0.0009128071987930344	0.00027750735106709843	1.05907774	51.39485931	1.00851271	0.12054242728174525	0.00757068	0.00014
0.0116	-0.1136	0.1428	0.0016877333866785165	0.0009372418083209549	5.235987755982989e-05	1.00062287	48.5581665	0.97580497	0.06737177646907469	0.00832832	0.00018
0.0051	-0.0842	0.1415	0.0018692476288859267	0.0009407324668249436	-2.96705972839036e-05	0.99795812	48.42885208	0.97395173	0.050551768777756655	0.00794947	0.00013
0.0055	-0.0161	0.1469	0.0013142329267517303	0.0009407324668249436	0.0001291543646475804	1.05092859	50.99939728	1.00031595	0.10959198320328405	0.00853837	0.00016
0.006	-0.0338	0.1433	0.0011519173063162574	0.0009162978572970229	0.0002024581932313422	1.021047	49.54930496	0.98884512	0.03480270292735776	0.00718832	0.00019
