trans_x	trans_y	trans_z	rot_x	rot_y	rot_z	dvars_std	dvars_nstd	dvars_vstd	framewise_displacement	aqi	aor
0.0	-0.0	0.0	-0.0	0.0	-0.0	n/a	n/a	n/a	n/a	0.053166	0.01056
-0.0012	-0.0199	0.0176	4.0142572795869576e-05	4.537856055185256e-05	8.552113334772214e-05	1.03198612	56.25662231	1.01874742	0.04725211333477221	0.0515904	0.00931
-0.0017	-0.0108	0.024	0.00020769418098732522	0.00010297442586766544	0.0001605702911834783	1.02208364	55.71680832	1.00669409	0.031009831567151237	0.0505919	0.00848
-0.0051	0.0041	0.0278	0.000291469985083053	-1.2217304763960308e-05	0.00012740903539558605	0.96514642	52.61299515	0.97180347	0.033706439525762286	0.0503355	0.00824
-0.0073	0.0353	0.046	0.0008098327729253688	-0.00027750735106709843	0.0001239183768915974	1.00720143	54.90554047	1.00142193	0.09095717463247213	0.0485929	0.00738
-0.0069	-0.0368	0.0385	0.0008691739674931761	-0.0003944444109507184	0.00017976891295541595	1.04024589	56.70689011	1.02535809	0.09160643952576228	0.0465371	0.00535
-0.0042	-0.1088	0.0259	0.0008185594191853405	-0.0002495820830351891	0.0002181661564992912	1.03005898	56.15157318	1.01389256	0.098993705988362	0.0445258	0.00517
0.0044	-0.1118	0.0274	0.0007208209810736582	-0.00018675022996339323	0.00041015237421866745	0.98239231	53.55311966	0.97835519	0.030727825445142725	0.0453436	0.00494
0.0019	-0.1038	0.0347	0.0008621926504851988	-0.0001972222054753592	0.00045553093477052	0.99428189	54.2012558	0.98560512	0.02766111027376795	0.0443605	0.00449
-0.0001	-0.065	0.0306	0.0009442231253289323	-0.00019547687622336493	0.00047123889803846896	1.01723516	55.45250702	0.99878566	0.04987418836818384	0.0440083	0.00407
0.0014	-0.0103	0.0448	0.0007190756518216638	-0.00032463124087094524	0.0005358160803622592	0.9791581	53.37681198	0.98146647	0.09134395102393197	0.0449479	0.00399
0.001	0.0263	0.0584	0.0010210176124166828	-0.00047647488579445195	0.0006911503837897545	1.01632583	55.40293503	1.00353184	0.08105599544730105	0.0439658	0.00356
0.0048	-0.0632	0.0313	0.0010454522219446034	-0.0004049163864626844	0.0007557275661135446	1.04985726	57.23083115	1.03191368	0.12842851455917392	0.0413911	0.00259
0.0054	-0.0827	0.0465	0.0006702064327658224	-0.00040317105721069014	0.0006998770300497262	1.00325882	54.69061279	0.98132888	0.05694208272472966	0.0420832	0.00268
0.0037	-0.0856	0.0432	0.0006841690667817771	-0.000450294947014537	0.000609119908946021	0.99562198	54.27430725	0.9846047	0.015492182246175332	0.0429047	0.00262
0.0073	-0.0778	0.0377	0.00091106186954104	-0.0003874630939427412	0.0007731808586334879	1.00929928	55.01989746	0.99290684	0.039589280275926286	0.0409478	0.00232
0.0055	-0.0375	0.0435	0.0008360127117052838	-0.0004258603374866164	0.0007993607974134029	1.03037024	56.16854095	1.0046693	0.05488131700797732	0.0415017	0.00249
0.0051	-0.0072	0.0709	0.0009250245035569946	-0.0004904375198104066	0.0009354964790689606	0.9813053	53.49386215	0.98024342	0.07258623279155293	0.0412956	0.00237
0.0019	-0.09	0.0429	0.0008848819307611251	-0.0004049163864626844	0.0009773843811168245	1.03910732	56.64482498	1.01438889	0.12237758040957276	0.0400086	0.00177
0.003	-0.1407	0.0376	0.0008133234314293575	-0.00039269908169872416	0.0010122909661567112	1.03251255	56.28532028	1.00770309	0.06303411945678071	0.0402794	0.00194
0.0037	-0.1048	0.0496	0.0004974188368183839	-0.0003630284844148205	0.0010262536001726657	1.03253412	56.28649902	1.00097077	0.06657689129554158	0.0421305	0.00209
0.0039	-0.0933	0.0387	0.0006894050545377602	-0.0003630284844148205	0.0009983283321407565	0.98336971	53.60639954	0.97988366	0.03359557428756428	0.0409896	0.00205
0.0079	-0.0461	0.0476	0.0006667157742618339	-0.0004014257279586958	0.0010506882097005862	1.02309895	55.77215576	1.00763946	0.06577232006898157	0.0415363	0.00208
0.0013	0.0214	0.0828	0.0005707226654021458	-0.0003647738136668148	0.001117010721276371	1.05433977	57.47518539	1.02927502	0.11924837673636768	0.0420616	0.00252
-0.006	-0.076	0.0597	0.00046949356878647465	-0.00042935099599060504	0.0010524335389525807	1.0148592	55.32298279	1.01312346	0.13931917306316255	0.0403908	0.00174
-0.0092	-0.1259	0.0392	0.0005550147021341969	-0.0004468042885105483	0.0009983283321407565	1.02577043	55.91778564	1.00438885	0.08145398163397449	0.0402593	0.00179
-0.0097	-0.1111	0.0432	0.0005707226654021458	-0.00041189770347066176	0.0010070549784007281	1.01457238	55.30735016	0.99200063	0.022267059728390368	0.0403177	0.00185
-0.0077	-0.0956	0.0422	0.0006108652381980154	-0.00038397243543875244	0.0010157816246606998	1.01001894	55.05913162	0.98828951	0.022339724354387528	0.0396694	0.00174
-0.0041	-0.0684	0.0526	0.0005689773361501514	-0.0004939281783143952	0.000900589894029074	0.96026474	52.34687805	0.96520668	0.05455176877775663	0.0406629	0.00198
0.0013	-0.0249	0.1038	0.00039095375244672985	-0.0005846852994181004	0.000752236907609556	1.02468228	55.85847092	1.0090537	0.12095668456133224	0.0418075	0.0025
-0.0002	-0.1197	0.0841	0.00019547687622336493	-0.0007173303225696694	0.0006894050545377602	1.04600155	57.02064514	1.02808465	0.1355476876223365	0.0416482	0.00207
0.002	-0.1571	0.068	0.00028099800957108706	-0.000661479786505851	0.0006841690667817771	1.01628947	55.40095139	0.996621	0.06303038285837616	0.0396184	0.00195
0.0049	-0.1527	0.0681	1.9198621771937625e-05	-0.0005253441048502931	0.0008115781021773631	0.96601671	52.66043472	0.96728918	0.03366720524251464	0.0416824	0.00231
0.0022	-0.1379	0.0764	-0.0001308996938995747	-0.0006003932626860494	0.0006998770300497262	0.99702543	54.35081482	0.98249073	0.04264242728174528	0.0424212	0.00257
0.0024	-0.1148	0.1035	-0.00022689280275926284	-0.0006876597252857658	0.00062482787221397	1.02342439	55.78989792	1.0017876	0.06331543646475803	0.0433597	0.00283
-0.0036	0.0001	0.0465	0.00022165681500327985	-0.00029845130209103034	0.000710349005561692	1.16028726	63.25069809	1.13569927	0.22406395871525	0.0420848	0.00267
-0.0104	-0.1145	-0.0866	0.0010245082709206715	-0.00038571776469074686	0.0004747295565424576	1.14409924	62.36824036	1.13939469	0.3107868683768171	0.039597	0.00209
-0.0036	-0.0842	-0.1309	0.002553416695667704	-0.0011466813185602744	0.00041015237421866745	1.08901942	59.36568069	1.0636022	0.19912245804701753	0.0357016	0.00157
-0.0056	-0.073	-0.117	0.005209807817203074	-0.0007679448708775049	0.00015707963267948963	1.18972766	64.85558319	1.15983245	0.19151001553786584	0.0265701	0.00063
-0.0081	-0.0273	-0.0727	0.004431390970813603	-0.0006108652381980154	0.0004433136300065597	1.07157254	58.41460037	1.03844342	0.1535865238198015	0.0278033	0.0007
-0.0072	0.0124	-0.0046	0.003679154063204046	-0.0005323254218582705	0.0005550147021341969	1.00394285	54.72790527	1.00774196	0.15582388980384693	0.0294492	0.00065
-0.0162	-0.0989	-0.0203	0.003375466773357033	-0.0003944444109507184	0.0005061454830783556	1.05808532	57.67936707	1.03104823	0.1605218759905203	0.0291069	0.00031
-0.0187	-0.1573	-0.0111	0.0032602750427254074	-0.0003961897402027128	0.0005270894341022875	1.02105021	55.66047668	0.999991	0.07699405054537761	0.028776	0.0003
-0.0191	-0.1318	0.0082	0.0029792770331543207	-0.0004415683007545654	0.0004886921905584122	1.02377355	55.80893326	0.99634443	0.06343869068334072	0.0285294	0.0003
-0.0131	-0.0858	0.0527	0.002617993877991494	-0.0006649704450098395	0.0005218534463463045	0.999632	54.49290466	0.99668405	0.12739232776029963	0.0303558	0.00038
-0.0082	-0.1017	0.0503	0.0028658306317746896	-0.0005881759579220891	0.0006963863715457374	1.0091368	55.01103973	0.99529237	0.04815820830351895	0.0298049	0.00038
-0.0064	-0.1886	0.0355	0.002892010570554604	-0.0005672320068981572	0.0008080874436733745	1.02860522	56.07231903	1.00846337	0.11144124809657416	0.0296432	0.00026
-0.0032	-0.1781	0.0517	0.002597049926967562	-0.0005637413483941684	0.000874409955249159	1.01745903	55.46471024	0.98901944	0.04813869068334076	0.0292175	0.00024
-0.0014	-0.1544	0.047	0.0026267205242514655	-0.0005532693728822024	0.0009040805525330626	0.97625703	53.21866608	0.9751985	0.03369065850398867	0.0304348	0.00029
0.002	-0.1033	0.0805	0.002490584842595908	-0.0006213372137099814	0.0010524335389525807	1.03569806	56.45897293	1.01421983	0.10562782544514272	0.0315783	0.00044
0.0012	-0.1217	0.0204	0.0030874874467779687	-0.0009529497715889039	0.0012252211349000194	1.0472244	57.08730698	1.02590922	0.13436513790042107	0.02793	0.00022
-0.0015	-0.2026	0.0147	0.002700024352835228	-0.0011484266478122688	0.0013334315485236678	1.03603852	56.47753525	1.01807193	0.12385751918948767	0.0282806	0.00029
-0.0037	-0.1431	0.0078	0.003005456971934235	-0.0008936085770210966	0.0012514010736799342	1.01511431	55.33689499	0.99666104	0.10071405823669564	0.0283507	0.00018
-0.0062	-0.1217	0.0129	0.0032567843842214186	-0.0009128071987930344	0.0012514010736799342	1.01821363	55.50584412	0.99405027	0.04252630170295607	0.0281615	0.00018
-0.0067	-0.0689	0.0396	0.003258529713473413	-0.0008325220532012951	0.0013857914260834976	1.03211367	56.26358032	1.00215252	0.09082104136236487	0.0281724	0.00029
-0.0071	-0.1248	0.0469	0.0031119220563058892	-0.0007330382858376184	0.0013124875974997359	0.95918715	52.28813553	0.96879566	0.07956976265574811	0.0278951	0.00023
-0.0109	-0.1979	0.0381	0.0030613075079980543	-0.0005445427266222308	0.0013543754995475996	1.02712893	55.99184418	1.00255332	0.09974990047855432	0.0285006	0.00023
-0.0068	-0.2052	0.0391	0.0031258846903218446	-0.0005881759579220891	0.0013264502315156904	1.01221478	55.17883301	0.98863087	0.019206784082777897	0.0286517	0.0002
-0.0061	-0.1788	0.0513	0.0030700341542580253	-0.0005078908123303499	0.0013002702927357754	1.00757205	54.9257431	0.98465413	0.04741578102177367	0.0269648	0.00016
-0.0046	-0.1492	0.0525	0.00308399678827398	-0.0006579891280018621	0.0013020156219877698	1.00000346	54.51315308	0.9861142	0.04059031394697304	0.0285901	0.00019
-0.0067	-0.0921	0.0795	0.003186971214141646	-0.0008290313946973065	0.001228711793404008	1.02542663	55.89904785	1.00321273	0.1035660260573436	0.0273641	0.00019
-0.0075	-0.1456	0.0451	0.0031799898971336684	-0.001022762941668677	0.0010873401239924673	1.02813625	56.04675674	1.00863884	0.10580422666954444	0.02698	0.00018
-0.0141	-0.2226	0.0061	0.0034365532971768345	-0.0010262536001726657	0.001022762941668677	1.02147126	55.6834259	1.01482828	0.1388315620435472	0.0256537	0.00014
-0.016	-0.1725	0.0021	0.0036512287951721376	-0.0008587019919812101	0.0010245082709206715	1.01521099	55.34215927	0.99646022	0.07519862177193766	0.0250882	0.00011
-0.0129	-0.1014	-0.0057	0.0037472219040318253	-0.0008011061266653974	0.0012531464029319286	1.04748535	57.1015358	1.02077969	0.10111135530933786	0.0251756	0.00013
-0.0076	-0.0552	0.0205	0.003677408733952052	-0.0007888888219014368	0.0013194689145077131	1.01242709	55.19040298	0.99442098	0.0851176493209759	0.0253487	0.00013
-0.0151	-0.1311	0.0023	0.003675663404700058	-0.0008552113334772215	0.0011571532940722405	1.01476026	55.31758881	0.99963651	0.11311917306316252	0.0244387	9e-05
-0.0217	-0.1994	-0.0166	0.003830997708127553	-0.0006579891280018621	0.0010122909661567112	1.0168618	55.43215179	1.00442394	0.11867094184091916	0.0243303	0.00013
-0.0228	-0.16	-0.0226	0.004029965242854907	-0.0006667157742618339	0.001069886831472524	1.01849735	55.52131271	0.99764868	0.059764502315156925	0.0241556	9e-05
-0.0172	-0.1339	-0.025	0.00409977841293468	-0.0006789330790257941	0.0010925761117484504	0.97476423	53.13729095	0.9694933	0.03933598775598297	0.0242338	0.00014
-0.0124	-0.1041	-0.0294	0.004214970143566306	-0.0007295476273336296	0.0011362093430483087	0.99141604	54.04502869	0.9802452	0.049471975511965985	0.0249226	0.00015
-0.0081	-0.0795	-0.0124	0.004145156973486532	-0.0009669124056048585	0.001228711793404008	1.00741446	54.91714859	0.98815895	0.06588401993533508	0.025093	0.00013
-0.0078	-0.0604	0.0121	0.003925245487735247	-0.0009965830028887623	0.0012007865253720988	1.01417625	55.28575516	0.99044189	0.05777536755335491	0.0249785	9e-05
-0.0087	-0.1413	-0.0147	0.004118977034706617	-0.0010419615634406148	0.0011431906600562858	1.00500143	54.78560638	0.99992397	0.1234352986419518	0.0232091	8e-05
-0.0111	-0.1761	-0.0211	0.004344124508213886	-0.0010559241974565693	0.0011187560505283654	1.003106	54.68228531	0.98356131	0.0567772358525572	0.0224799	9e-05
-0.0063	-0.1325	0.002	0.004235914094590238	-0.0011484266478122688	0.0012042771838760874	1.03344095	56.33592987	1.00115129	0.08581169986635351	0.0219008	8e-05
-0.0098	-0.1111	0.0285	0.004134684997974567	-0.0011379546723003027	0.0011309733552923255	0.95705146	52.17171478	0.96731997	0.060650245035569934	0.0226394	4e-05
-0.0122	-0.2181	0.0128	0.004042182547618867	-0.0011152653920243766	0.0010786134777324957	1.04929328	57.2000885	1.02354259	0.1334775804095728	0.023666	7e-05
-0.0111	-0.2289	0.0035	0.004201007509550351	-0.001085594794740473	0.0011187560505283654	1.01431882	55.2935257	0.99021412	0.03263190660056288	0.0220825	0.00012
-0.0124	-0.201	-0.0028	0.0042987459476620336	-0.0009965830028887623	0.001181587903600161	1.00097334	54.56602859	0.9809374	0.047979104151759405	0.0214944	8e-05
-0.0097	-0.161	-0.015	0.0045553093477052	-0.0010157816246606998	0.0011903145498601325	0.99363369	54.16592026	0.97854485	0.06912443340375378	0.0215684	7e-05
-0.0091	-0.1197	-0.0002	0.004689699700108763	-0.0011065387457644049	0.001155407964820246	1.01171196	55.15142059	0.99111228	0.06970270292735771	0.0215181	0.0001
-0.0096	-0.0641	0.0265	0.004532620067429273	-0.0011362093430483087	0.0011798425743481666	1.00269914	54.66010284	0.9862326	0.0933592419745657	0.0221539	6e-05
-0.0091	-0.1344	0.0248	0.0043039819354180175	-0.0011676252695842063	0.0011676252695842063	1.00800037	54.94908905	0.99005663	0.08611356816555567	0.0224568	6e-05
-0.0105	-0.1972	-0.0091	0.004754276882432553	-0.001155407964820246	0.0011903145498601325	1.02343583	55.79052353	1.00132101	0.1223600766027211	0.0207028	7e-05
-0.0077	-0.2021	-0.013	0.004656538444320871	-0.0010611601852125523	0.001298524963483781	1.01929677	55.56489182	0.98830787	0.02660983156715124	0.020815	4e-05
-0.0073	-0.1851	-0.0132	0.004656538444320871	-0.001022762941668677	0.0012618730491919003	0.96995574	52.87516403	0.9686913	0.021352457891787812	0.0212933	0.0001
-0.0102	-0.1665	-0.0227	0.005181882549171164	-0.0011100294042683937	0.0012636183784438947	1.01178133	55.15520477	0.99173971	0.061717794835100176	0.019894	4e-05
-0.0128	-0.1098	0.0026	0.00514348530562729	-0.0011082840750163993	0.0014189526818713899	1.02470779	55.85985947	1.00038693	0.09437384381116819	0.0204155	8e-05
-0.0136	-0.1534	-0.0059	0.005260422365510909	-0.0010559241974565693	0.0014782938764391971	0.96647257	52.68528748	0.96772925	0.06433190660056282	0.0191343	4e-05
-0.0121	-0.2152	-0.0227	0.005436700619962336	-0.0011013027580084218	0.0015079644737231008	1.01220274	55.17817307	0.98878541	0.09266637061435917	0.0195629	0.00014
-0.0123	-0.2101	-0.0287	0.0056810467152415434	-0.0011571532940722405	0.001567305668290908	1.00266743	54.65837479	0.98042648	0.029276891295541663	0.0189251	9e-05
-0.0135	-0.1559	-0.001	0.005630432166933707	-0.0011711159280881952	0.0015655603390389136	1.02007449	55.60728455	0.99300172	0.08641612557878926	0.0190979	4e-05
-0.0159	-0.1523	0.0234	0.005281366316534841	-0.0013177235852557187	0.001481784534943186	0.98784584	53.85040665	0.97602486	0.05937246558310586	0.0200909	5e-05
-0.0135	-0.2138	0.0111	0.005197590512439113	-0.0013788101090755204	0.001452113937659282	1.02177441	55.69995499	0.999772	0.08492664625997166	0.0199053	6e-05
-0.0062	-0.2149	-0.0072	0.005330235535590682	-0.001256637061435917	0.0015707963267948967	1.01693082	55.43591309	0.98901145	0.045375022996339366	0.018342	5e-05
-0.0047	-0.1917	-0.0226	0.005633922825437696	-0.0012007865253720988	0.001572541656046891	0.96206707	52.44512939	0.96165348	0.05816415775814133	0.0182897	5e-05
0.0011	-0.1454	0.0148	0.005223770451219028	-0.0012950343049797925	0.0017400932642383465	1.01946652	55.57414246	0.99724684	0.12309758810089085	0.0201939	0.00012
-0.0043	-0.1379	0.0229	0.005482079180514189	-0.0012793263417118436	0.0016126842288427606	1.01652348	55.41370773	0.99286729	0.04107128639793477	0.0192687	0.0001
-0.0085	-0.2071	0.0112	0.005248205060746949	-0.0011955505376161158	0.0015969762655748114	1.01418018	55.28596878	0.99360139	0.10176789435654585	0.019402	6e-05
-0.0045	-0.2326	-0.013	0.005658357434965616	-0.0010821041362364843	0.00152367243699105	0.9769401	53.25590134	0.97566704	0.083545130209103	0.0185285	3e-05
-0.0059	-0.2219	-0.0128	0.005696754678509492	-0.0011571532940722405	0.00152367243699105	0.99650913	54.32266998	0.98007906	0.01797232006898162	0.018446	5e-05
-0.0071	-0.172	0.0139	0.005649630788705644	-0.001254891732183923	0.0015306537539990272	1.02723491	55.99762344	0.99881122	0.08539218224617534	0.0188046	9e-05
-0.0115	-0.1518	0.0213	0.005722934617289407	-0.0012758356832078548	0.00152367243699105	1.00082612	54.55799866	0.9825734	0.03706145483078358	0.0175782	4e-05
-0.01	-0.2238	-0.001	0.005778785153353225	-0.0012583823906879114	0.0015166911199830724	0.99939549	54.48001099	0.98865017	0.09981425727958695	0.0178479	6e-05
-0.0119	-0.2263	-0.0089	0.006092944418712205	-0.0012339477811599909	0.0014364059743913332	1.0000869	54.51770401	0.97907078	0.033243951023932	0.0170885	4e-05
-0.0104	-0.1952	-0.0319	0.00659908990179056	-0.001265363707695889	0.0014782938764391971	1.01311707	55.22801971	0.98853048	0.08457246558310581	0.0155761	5e-05
-0.0083	-0.1388	-0.0086	0.0064612088908830075	-0.0013159782560037243	0.0015847589608108511	0.99150574	54.04991913	0.97989671	0.09654803217935207	0.0162405	5e-05
-0.006	-0.1424	0.0084	0.006307619916707506	-0.001361356816555577	0.0017366026057343581	0.99152154	54.05078125	0.97487475	0.04044055898254304	0.0175274	6e-05
-0.0047	-0.2315	-0.0068	0.006307619916707506	-0.0012426744274199627	0.0018500490071139892	1.0357188	56.46010208	1.01219643	0.11720643952576226	0.0167133	5e-05
-0.0031	-0.2458	-0.0256	0.006592108584782582	-0.001329940890019679	0.0019285888234537342	1.01436758	55.29618454	0.98703222	0.05721474735072682	0.0154856	4e-05
-0.0019	-0.2204	-0.0135	0.006339035843243405	-0.0013281955607676848	0.0019408061282176943	0.96344894	52.52045822	0.96303996	0.05205176877775656	0.0161593	2e-05
-0.001	-0.1575	0.0243	0.006241297405131722	-0.0014154620233674013	0.0018413223608540175	1.03541577	56.44358444	1.01029444	0.11582443340375378	0.0169026	6e-05
-0.0043	-0.2044	0.023	0.006089453760208215	-0.001420698011123384	0.0014957471689591403	1.02260303	55.74512482	0.99945335	0.07663274122871837	0.0172841	6e-05
-0.0115	-0.2735	0.0165	0.005045746867515607	-0.0011763519158441782	0.0013718287920675431	1.04115188	56.75627899	1.01556599	0.15339856824317052	0.0195503	6e-05
-0.0199	-0.2495	0.0275	0.004141666314982544	-0.00102799892942466	0.0008918632477691023	1.0170784	55.44395828	0.99352424	0.12001995416255112	0.0226129	0.00011
-0.0213	-0.1995	0.0474	0.003895574890451344	-0.0011484266478122688	0.0007627088831215222	1.03438056	56.38714981	1.0129916	0.09608367537831945	0.0235932	0.00014
-0.0217	-0.146	0.0722	0.0038030724400956446	-0.0010943214410004448	0.0008848819307611251	1.03629923	56.491745	1.01195228	0.09213903524035633	0.0234777	0.00014
-0.0283	-0.2173	0.0641	0.0034400439556808234	-0.0010768681484805013	0.000757472895365539	0.98352975	53.61512375	0.98738353	0.11139454061651755	0.0236772	0.00017
-0.0218	-0.2519	0.0421	0.0037437312455278365	-0.0009704030641088471	0.000783652834145454	1.0149529	55.32809448	0.99507978	0.08491661564992913	0.0246621	0.00015
-0.0202	-0.2346	0.0234	0.003961897402027128	-0.0008936085770210966	0.0008395033702092724	1.0167346	55.42521667	0.99327131	0.055140558982543046	0.0235139	0.00011
-0.0138	-0.1857	0.0491	0.0034697145529647274	-0.0009232791743050004	0.0008656833089891874	1.03896201	56.63690186	1.00738008	0.108401669256311	0.0245997	9e-05
-0.0116	-0.1728	0.0697	0.0032463124087094525	-0.0010314895879286487	0.0007609635538695277	0.97234553	53.00543976	0.97963032	0.057516615649929145	0.0256311	0.00018
-0.0118	-0.2544	0.028	0.0036337755026521943	-0.0010960667702524388	0.0006998770300497262	1.03093898	56.19953918	1.01510057	0.14915634000431668	0.0243682	0.0001
-0.0126	-0.2548	0.017	0.0038467056713955023	-0.0010035643198967395	0.0006946410422937432	1.00657296	54.87127686	0.98771791	0.02773343034274952	0.0231389	0.00015
-0.0117	-0.2372	0.0174	0.0037262779530078936	-0.0009250245035569946	0.0006440264939859076	0.9952023	54.25143051	0.97621752	0.031379104151759485	0.0229791	0.00013
-0.0026	-0.1638	0.0319	0.0036163222101322505	-0.0010611601852125523	0.0008988445647770796	1.00272465	54.66149521	0.99938395	0.12204547476611861	0.0250418	0.00016
-0.0024	-0.1617	0.048	0.0038693949516714287	-0.0011501719770642632	0.0009180431865490173	1.02051973	55.63155746	1.00323703	0.03646415775814134	0.0239162	9e-05
-0.0056	-0.2239	0.0438	0.003556981015564444	-0.0011519173063162574	0.0008447393579652555	1.02142179	55.68072891	1.00512919	0.08897315469713697	0.023452	9e-05
-0.0069	-0.2457	0.0345	0.003506366467256608	-0.0010262536001726657	0.0008360127117052838	0.99893451	54.45488358	0.97799572	0.04165024503557	0.023106	0.00017
-0.008	-0.2321	0.0253	0.003525565089028546	-0.0009494591130849152	0.0008307767239493009	0.98903406	53.91518021	0.97706238	0.02896145483078357	0.0246651	9e-05
-0.0032	-0.1703	0.0468	0.0036582101121801144	-0.0010821041362364843	0.0009529497715889039	1.02225745	55.72628784	1.00441022	0.10747315469713704	0.0230088	5e-05
-0.0031	-0.1484	0.0627	0.003679154063204046	-0.0011990411961201044	0.0009861110273767962	1.01279688	55.21056366	0.99403689	0.046452113334772206	0.022397	7e-05
-0.0025	-0.251	0.046	0.003467969223712733	-0.0011327186845443199	0.0009459684545809266	0.99700481	54.34968948	0.99753122	0.1357824961931484	0.0235961	0.00011
-0.0021	-0.2436	0.0297	0.0037681658550557575	-0.0010576695267085637	0.000895353906273091	1.00921702	55.01541519	0.98421613	0.04539301687433082	0.022768	9e-05
-0.0027	-0.2308	0.0301	0.0036145768808802567	-0.001075122819228507	0.0008482300164692441	1.00849783	54.97620773	0.98703798	0.02470830782496455	0.0232778	9e-05
-0.0003	-0.1622	0.0654	0.003316125578789226	-0.0010105456369047167	0.0009564404300928925	1.05559206	57.54345703	1.01808839	0.1298619449019235	0.0241521	0.00016
-0.0029	-0.175	0.0731	0.003438298626428829	-0.0009930923443847736	0.0008272860654453122	0.96320069	52.50692749	0.96930436	0.03653903524035632	0.0241895	0.00014
-0.0045	-0.2687	0.0498	0.0035133477842645856	-0.0009878563566287904	0.0008325220532012951	1.03835583	56.60385513	1.01649966	0.12287605666738614	0.0243157	0.00012
-0.004	-0.2786	0.047	0.0033300882128051803	-0.0010349802464326373	0.0009372418083209549	1.01438189	55.29696655	0.98891438	0.02995516081914562	0.0245984	0.00012
0.0008	-0.2452	0.0427	0.003506366467256608	-0.001069886831472524	0.0010384709049366262	1.00989318	55.0522728	0.98542105	0.05812069680534929	0.0232878	0.00011
0.0041	-0.1794	0.084	0.0032044245066615894	-0.001186823891356144	0.0010786134777324957	1.01570702	55.36920166	1.0031381	0.1333510796637254	0.0253254	0.00012
0.001	-0.2317	0.0907	0.002825688058978819	-0.0011414453308042916	0.0010000736613927507	1.01721907	55.45162964	0.99815724	0.08723274122871838	0.0260105	0.00016
-0.0004	-0.2815	0.0614	0.0030595621787460597	-0.0010402162341886204	0.0011222467090323538	1.02574289	55.91629028	1.00256331	0.10336381320112573	0.0253574	0.00017
0.0012	-0.2437	0.0472	0.0031503192998497648	-0.0009756390518648303	0.0011606439525762293	0.99376041	54.17282867	0.98526961	0.06328657734856849	0.0248723	0.0001
0.0023	-0.195	0.0544	0.0033545228223331013	-0.001069886831472524	0.0012269664641520136	1.01250553	55.19467926	0.99647763	0.0752386906833407	0.0238426	0.00019
0.0028	-0.1755	0.0839	0.0030473448739821	-0.001117010721276371	0.0012618730491919003	1.01800346	55.49438858	0.99749721	0.06896042115973679	0.0251465	0.00017
0.0016	-0.2393	0.0661	0.0031764992386296795	-0.0011379546723003027	0.0012479104151759456	1.0145793	55.30772781	0.99650614	0.09100304748437331	0.0237454	0.00011
0.0045	-0.3024	0.0569	0.002930407814098479	-0.0011274826967883368	0.001244419756671957	0.98883486	53.90431976	0.98761124	0.08820270292735774	0.0269322	0.00027
0.0032	-0.2681	0.0375	0.0033667401270970616	-0.0011431906600562858	0.0012880529879718153	1.01114798	55.12067795	0.99772502	0.07978367537831949	0.0241469	0.00022
0.0069	-0.2343	0.0375	0.0033894294073729884	-0.0013124875974997359	0.0012932889757277981	1.01918638	55.55887222	0.99857431	0.04736111027376799	0.0245005	0.00016
0.01	-0.1558	0.068	0.0032899456400093115	-0.0013177235852557187	0.0011344640137963143	1.02430165	55.83772278	1.0063283	0.12527723585255723	0.0236276	0.00018
0.01	-0.2207	0.0567	0.0034417892849328176	-0.0014957471689591403	0.00102799892942466	0.99046254	53.99304962	0.98390562	0.09801661564992913	0.0238136	0.00016
0.0097	-0.2881	0.043	0.003530801076784529	-0.0016074482410867775	0.00102799892942466	1.01221359	55.17876816	0.99836619	0.09143564319896744	0.0240076	0.00018
0.0072	-0.261	0.0321	0.0035831609543443585	-0.0014835298641951804	0.0009826203688728075	1.01792765	55.49025345	0.99432555	0.05158284075016398	0.0228007	0.00016
0.0052	-0.2405	0.0504	0.003178244567881674	-0.0014782938764391971	0.0009930923443847736	0.98492008	53.69091415	0.97409211	0.06183121748653171	0.0247708	0.00011
-0.0028	-0.1705	0.0877	0.0028728119487826664	-0.001410226035611418	0.001001818990644745	1.03387558	56.35962296	1.0130294	0.13441135530933787	0.026598	0.0002
-0.0081	-0.218	0.0974	0.003014183618194207	-0.0014748032179352085	0.0009232791743050004	1.02698255	55.98386383	1.0037394	0.07672443340375378	0.0260823	0.00025
-0.0098	-0.2909	0.0728	0.003139847324337799	-0.0014067353771074296	0.0009040805525330626	1.02310789	55.77264786	1.00242366	0.10984650843716544	0.0242748	0.00016
-0.0037	-0.3019	0.0602	0.003166027263117714	-0.0014067353771074296	0.0009861110273767962	0.97393054	53.09184265	0.97187075	0.03511052068118244	0.0247517	0.00015
-0.0049	-0.2791	0.0573	0.0032602750427254074	-0.0014049900478554352	0.0008569566627292158	1.00684822	54.88628006	0.98774153	0.0381573736753634	0.0243564	0.00014
-0.0048	-0.2254	0.0714	0.0032567843842214186	-0.0014695672301792255	0.0008970992355250854	1.03233552	56.27567291	1.00704652	0.07331052068118246	0.0247837	0.00016
-0.0075	-0.179	0.0989	0.0030874874467779687	-0.0014538592669112763	0.00102799892942466	1.02260935	55.74546814	0.99841347	0.09239522973054867	0.024529	0.00016
-0.005	-0.2564	0.0723	0.0031799898971336684	-0.001439896632895322	0.001054178868204575	1.0084945	54.97602844	1.0000204	0.11313225115757848	0.0246482	0.00014
-0.0044	-0.2912	0.0589	0.0033772121026090277	-0.001446877949903299	0.0010262536001726657	0.9983775	54.42451859	0.98009763	0.06040643952576229	0.0243268	0.00014
-0.0091	-0.2488	0.0613	0.003309144261781249	-0.0014137166941154068	0.0009704030641088471	1.02458346	55.85308075	0.99592529	0.057353981633974496	0.0248875	7e-05
-0.0123	-0.1804	0.1089	0.0031956978604016175	-0.0014852751934471744	0.001022762941668677	1.0358454	56.46700668	1.01419654	0.13106823891356142	0.0245383	0.00017
-0.0152	-0.2486	0.107	0.0029513517651224112	-0.0014905111812031574	0.0008674286382411819	1.00399208	54.73058319	0.99181583	0.09324581932313421	0.025389	0.00014
-0.0129	-0.3128	0.069	0.003427826650916863	-0.001429424657383356	0.0009494591130849152	1.01780772	55.48371506	1.00044112	0.13547959422289935	0.0242426	0.00016
-0.0114	-0.2795	0.0507	0.0037297686115118824	-0.0012863076587198209	0.0009791297103688187	1.02460945	55.85449982	0.9984086	0.07683647782712288	0.024054	0.00016
-0.0105	-0.2223	0.071	0.003577924966588375	-0.0012880529879718153	0.0010262536001726657	0.99145776	54.04730225	0.98151447	0.08843564319896748	0.0230354	9e-05
-0.0077	-0.1842	0.1107	0.0033649947978450674	-0.0013665928043115599	0.0009616764178488756	1.01125562	55.12654495	0.99451776	0.09840235837034211	0.0249298	0.00017
-0.0034	-0.2683	0.0883	0.0033318335420571745	-0.0014957471689591403	0.0009250245035569946	1.03814435	56.59232712	1.01953296	0.12074837673636768	0.0248511	0.00012
-0.0	-0.2967	0.0525	0.0036582101121801144	-0.001462585913171248	0.0009826203688728075	1.0199815	55.60221481	0.99978892	0.0884566845613323	0.02245	0.00012
0.0022	-0.2737	0.0317	0.0041661009245104645	-0.0014765485471872027	0.0009965830028887623	0.98036897	53.4428215	0.97021563	0.07279080401811297	0.0204046	8e-05
0.004	-0.207	0.0811	0.0037699111843077517	-0.0016318828506146981	0.0008918632477691023	1.03629971	56.4917717	1.0106156	0.1507121899374934	0.0229895	0.00011
-0.0009	-0.2266	0.0943	0.003782128489071712	-0.0017837264955382047	0.0007871434926494425	1.0172857	55.45526123	0.9937832	0.05113903524035632	0.0228391	7e-05
0.0009	-0.3024	0.062	0.003961897402027128	-0.0016650441064025902	0.0007766715171374765	1.023803	55.81053543	0.99888044	0.12534616388014985	0.0217193	9e-05
0.0025	-0.2949	0.0379	0.004337143191205909	-0.0017156586547104257	0.0008674286382411819	0.9674536	52.73876572	0.96578699	0.05903087292951607	0.0198584	7e-05
0.0058	-0.2503	0.0436	0.004551818689201211	-0.0017575465567582897	0.0009686577348568529	1.01421916	55.28809357	0.9934201	0.07148962483294183	0.0198317	0.00011
0.0038	-0.1991	0.0791	0.004195771521794368	-0.0018500490071139892	0.00091106186954104	1.03900659	56.63933182	1.00877685	0.11400727415391777	0.0212427	8e-05
0.0014	-0.2622	0.0695	0.004148647631990522	-0.0016807520696705393	0.0008918632477691023	1.00555789	54.81594467	0.98779266	0.08688097245096169	0.0200032	8e-05
0.0008	-0.3257	0.042	0.00428129265514209	-0.0016598081186466073	0.0008255407361933179	1.02197361	55.71081161	0.99662477	0.10259557428756425	0.0214772	8e-05
0.0028	-0.3014	0.0344	0.004630358505540956	-0.001656317460142619	0.0008011061266653974	0.99378479	54.17415619	0.98092047	0.05274955592153874	0.020388	0.00011
0.0045	-0.2572	0.0242	0.004714134309636684	-0.001726130630222392	0.0007592182246175333	1.02115726	55.66630936	0.99531675	0.06587384381116831	0.0192235	6e-05
-0.0002	-0.1907	0.0587	0.004600687908257053	-0.0018186330805780916	0.0008080874436733745	0.99143219	54.04590988	0.98787553	0.1184409035395586	0.0196986	7e-05
-0.0034	-0.2132	0.0637	0.0048415433450322695	-0.0019076448724298022	0.0006510078109938849	1.00056541	54.5437851	0.98610906	0.05504734306532084	0.0186514	6e-05
0.0021	-0.314	0.0348	0.005129522671611334	-0.001933824811209717	0.0006789330790257941	1.0472374	57.08801651	1.0240874	0.15230422666954446	0.0196548	9e-05
0.0032	-0.2879	0.0137	0.005482079180514189	-0.001932079481957723	0.0007120943348136865	1.02913761	56.10134506	0.99656946	0.06767315469713704	0.0163774	6e-05
0.0045	-0.288	-0.0046	0.0062063908200918365	-0.0020594885173533086	0.0006981317007977319	0.97704381	53.26155472	0.97313852	0.06298416544945938	0.0156901	4e-05
0.0026	-0.219	0.0341	0.006042329870404369	-0.002165953601724963	0.0007278022980816354	1.03318846	56.32217026	1.00437026	0.1246098315671512	0.0163881	4e-05
0.0012	-0.2564	0.0346	0.005993460651348527	-0.002282890661608583	0.000710349005561692	1.0028373	54.66763687	0.98366183	0.04846297857297029	0.0152831	5e-05
-0.0019	-0.3317	0.0241	0.005761331860833282	-0.0022008601867648495	0.0006754424205218055	0.98722607	53.81661987	0.98347082	0.10635329251994324	0.0165376	4e-05
-0.0035	-0.3402	0.0142	0.005951572749300664	-0.00209614043164519	0.0006667157742618339	1.01218784	55.17736435	0.98504477	0.03518436449235065	0.0177134	6e-05
-0.0028	-0.3113	0.0153	0.005925392810520749	-0.0021013764194011725	0.0006632251157578452	1.01272774	55.20679092	0.98718123	0.03244532925199427	0.0164286	8e-05
-0.0066	-0.2654	0.0092	0.006021385919380436	-0.002040289895581371	0.0006003932626860494	0.98856246	53.88947296	0.97421502	0.0667955742875642	0.0151704	7e-05
-0.0061	-0.2461	0.0168	0.005866051615952942	-0.002050761871093337	0.0005899212871740833	0.99468911	54.22345352	0.97868315	0.03621391272257132	0.0165849	0.00012
-0.0095	-0.1869	0.0432	0.005705481324769463	-0.002050761871093337	0.0006073745796940267	1.03579235	56.46411133	1.00851481	0.09790117918517113	0.0165213	6e-05
-0.0129	-0.2461	0.0518	0.005532693728822024	-0.0020315632493213996	0.0005916666164260777	0.99217957	54.08665085	0.97983302	0.08158470904936625	0.0158889	4e-05
-0.0136	-0.321	0.0432	0.005213298475707063	-0.00199142067652553	0.0005375614096142535	1.01762748	55.47389221	0.99658259	0.10488215163613276	0.0191755	5e-05
-0.018	-0.3321	0.0355	0.005649630788705644	-0.0019303341527057286	0.0005462880558742252	1.00515068	54.79374695	0.98411846	0.0485072741539177	0.0175698	7e-05
-0.0163	-0.2851	0.0494	0.005586798935633849	-0.001956514091485643	0.000661479786505851	1.03057516	56.17971039	0.99744256	0.07281017612416678	0.0163166	2e-05
-0.0182	-0.2421	0.0664	0.005557128338349946	-0.002090904443889207	0.0006108652381980154	0.94806194	51.68166733	0.95920338	0.07263377489976511	0.0166922	6e-05
-0.0221	-0.3197	0.0617	0.005494296485278149	-0.0021205750411731105	0.0005253441048502931	1.02105057	55.66049576	0.99813469	0.09510117918517107	0.0193622	9e-05
-0.0242	-0.3741	0.0378	0.0058974675424888386	-0.0020996310901491783	0.00040317105721069014	1.02392757	55.81732941	1.00073895	0.1077144027937112	0.0182031	6e-05
-0.0208	-0.3394	0.0237	0.00588525023772488	-0.0019687313962496035	0.0004799655442984406	1.01777434	55.48189926	0.98607179	0.06319557428756421	0.0168133	7e-05
-0.0219	-0.3173	0.0207	0.006049311187412347	-0.0019268434942017398	0.000439822971502571	0.96917135	52.83240509	0.96549794	0.03850457122655999	0.0171451	6e-05
-0.0204	-0.2792	0.0163	0.006335545184739415	-0.001960004749989632	0.0004363323129985824	0.99833316	54.42210007	0.97949122	0.060144295580947485	0.016099	4e-05
-0.0189	-0.1992	0.0339	0.0063006385996995295	-0.0020298179200694054	0.0005201081170943102	1.04001665	56.69439316	1.00452699	0.10852477796076936	0.015164	2e-05
-0.0187	-0.1794	0.0461	0.006379178416039275	-0.0021624629432209744	0.0005846852994181004	0.94179016	51.33977509	0.95332791	0.045988101090755226	0.0160295	4e-05
-0.0198	-0.2541	0.0481	0.006398377037811212	-0.0023352505391684127	0.0005567600313861911	1.02225387	55.72608948	0.99797155	0.08879557428756418	0.0155545	3e-05
-0.0181	-0.3542	0.0367	0.006230825429619756	-0.0022846359908605773	0.0005009094953223725	1.04625905	57.03468704	1.02003712	0.12690083462815552	0.0173868	8e-05
-0.0178	-0.3838	0.029	0.006267477343911637	-0.0021519909677090087	0.00062482787221397	1.00679922	54.88360977	0.98361863	0.05226076571675229	0.0178735	6e-05
-0.0168	-0.3757	0.0128	0.006401867696315201	-0.0020682151636132805	0.000752236907609556	1.00126576	54.5819664	0.9812844	0.042578759594743935	0.0176854	7e-05
-0.0139	-0.3531	0.0145	0.006352998477259359	-0.0020734511513692635	0.0007766715171374765	1.01617992	55.39498138	0.98957104	0.03112699081698724	0.0168191	8e-05
-0.0142	-0.2887	0.0175	0.0063669611112753145	-0.0019792033717615696	0.0007801621756414653	1.01979315	55.59194946	0.99143437	0.07328505360638192	0.0149704	4e-05
-0.0095	-0.2197	0.0413	0.0063721970990312975	-0.002061233846605303	0.0008813912722571365	1.01889825	55.54316711	1.0001228	0.1069247779607694	0.0160174	8e-05
-0.0079	-0.221	0.0517	0.006354743806511354	-0.0021746802479849347	0.0008918632477691023	1.0110482	55.11523438	0.98852477	0.02036858347057705	0.0160586	5e-05
-0.0098	-0.2976	0.038	0.006250024051391693	-0.002124065699677099	0.0007696902001294993	1.02752137	56.013237	1.00285763	0.10607536755335496	0.0162796	5e-05
-0.0112	-0.3076	0.0216	0.006524040743954804	-0.0021572269554649913	0.0008866272600131194	1.00964165	55.03855896	0.98557616	0.04900575041173119	0.0158168	7e-05
-0.0072	-0.3151	0.0129	0.006681120376634293	-0.0021676989309769574	0.0008970992355250854	1.0063318	54.85813141	0.98403463	0.029101179185171046	0.0152071	5e-05
-0.0059	-0.2989	0.0206	0.006686356364390277	-0.0021991148575128553	0.0008604473212332044	1.00912726	55.01052094	0.98104529	0.028865191429188128	0.0142961	2e-05
-0.0028	-0.258	0.0656	0.006349507818755371	-0.002314306588144481	0.0009442231253289323	1.00846577	54.9744606	0.9931272	0.11579080401811298	0.0169715	9e-05
-0.0023	-0.3014	0.0585	0.006490879488166912	-0.002373647782712288	0.000947713783832921	1.02109826	55.66309738	0.99514958	0.061210176124166855	0.0165749	7e-05
-0.0027	-0.3566	0.0267	0.006677629718130304	-0.0023457225146803788	0.0010402162341886204	1.01901603	55.54958725	0.99165554	0.10275889741755004	0.0148579	5e-05
-0.0002	-0.3791	0.0186	0.006464699549386996	-0.0023928464044842257	0.0010192722831646884	0.99215031	54.0850563	0.98077591	0.04714990047855439	0.0182901	0.00011
0.0004	-0.315	0.0224	0.006827728033801816	-0.0024190263432641405	0.0010332349171806431	1.04476917	56.95346832	1.01820597	0.08865855286053446	0.0162295	7e-05
-0.0018	-0.2353	0.0463	0.006738716241950105	-0.002333505209916419	0.001239183768915974	1.04880428	57.17343521	1.01353945	0.12482408884673817	0.01408	7e-05
-0.0006	-0.3171	0.0336	0.006578145950766627	-0.0023492131731843676	0.0011135200627723821	0.99836481	54.42382812	0.9903443	0.11079709802975092	0.0157281	6e-05
-0.0001	-0.3235	0.0018	0.007175048554948689	-0.0023212879051524586	0.0011955505376161158	1.01027369	55.07301712	0.98934245	0.07404291735288523	0.0144352	7e-05
0.0014	-0.2938	-0.0025	0.007353072138652111	-0.0022968532956245376	0.0012374384396639797	1.02457774	55.85277176	0.99034551	0.047717304763960335	0.013144	2e-05
0.0059	-0.2654	0.0271	0.007260569688296411	-0.002331759880664424	0.0012897983172238095	0.98980564	53.95724106	0.98264452	0.07148844564777078	0.0146593	6e-05
0.0035	-0.2549	0.0541	0.007218681786248547	-0.002368411794956305	0.001298524963483781	1.0054481	54.80995941	0.98740819	0.04426332312998582	0.0151817	7e-05
0.0014	-0.3224	0.03	0.007408922674715928	-0.0022759093446006054	0.0013002702927357754	1.02290297	55.76147461	0.99764906	0.10792443340375377	0.0138942	4e-05
0.0014	-0.3518	0.0178	0.007518878417591571	-0.0022427480888127134	0.0013107422682477415	0.98126382	53.49160004	0.97076138	0.04927944870877504	0.0153091	4e-05
0.0035	-0.3513	0.011	0.007707373976806959	-0.0022933626371205488	0.0013404128655316449	1.00941741	55.02634048	0.98835896	0.022839035240356336	0.0151608	4e-05
0.0068	-0.2897	0.0361	0.007576474282907384	-0.0021956241990088664	0.0015289084247470327	1.04942358	57.20719147	1.01059106	0.11085668456133224	0.013935	4e-05
0.0043	-0.2985	0.0488	0.007471754527787724	-0.0022008601867648495	0.0014905111812031574	0.95169574	51.87975693	0.95949893	0.0314176493209759	0.0151826	8e-05
0.0028	-0.3812	0.0317	0.0074385932719998335	-0.0021921335405048776	0.0014259339988793671	1.03058589	56.18029404	1.0055541	0.10662325421858262	0.0158243	7e-05
0.0046	-0.3682	0.0148	0.007548549014875476	-0.002176425577236929	0.001356120828799594	1.02337694	55.78731537	0.9980933	0.04147384381116815	0.0151414	7e-05
0.003	-0.3319	0.007	0.007686430025783027	-0.0021886428820008896	0.001377064779823526	1.00338376	54.69742203	0.98307895	0.05425211333477225	0.0140846	7e-05
0.005	-0.2904	0.0136	0.007724827269326902	-0.0022218041377887812	0.0015079644737231008	1.00154948	54.59743118	0.98755373	0.060222909661567056	0.0148066	6e-05
0.0002	-0.2557	0.0425	0.0075834555999153615	-0.002324778563656447	0.001509709802975095	1.02530396	55.89235687	1.00115474	0.08070457122656004	0.0149616	4e-05
-0.0018	-0.3047	0.0358	0.007655014099247129	-0.002380629099720265	0.0013439035240356337	1.00063562	54.54761887	0.98162717	0.07236076571675237	0.0137928	5e-05
0.0004	-0.3846	0.0238	0.007468263869283736	-0.002288126649364566	0.0013631021458075715	0.99326116	54.14561081	0.99000589	0.10902256510455142	0.0154838	7e-05
-0.0003	-0.38	0.0073	0.007843509658462517	-0.002239257430308725	0.0013404128655316449	1.00632393	54.85770416	0.98703204	0.04414021442552743	0.0143511	7e-05
0.0023	-0.3566	-0.0143	0.008117526351025627	-0.0022113321622768156	0.0014049900478554352	1.01282966	55.21234894	0.98837365	0.06592595714594049	0.0130208	3e-05
0.0026	-0.3283	-0.0238	0.008203047484373348	-0.0022026055160168437	0.0013700834628155487	0.96140087	52.40881348	0.96179986	0.044557718232378994	0.0129269	4e-05
0.0048	-0.3052	-0.0293	0.008466592201424492	-0.002331759880664424	0.0013159782560037243	1.00678205	54.88267899	0.98244259	0.05314021442552736	0.0128958	2e-05
0.0068	-0.2414	0.0125	0.008185594191853404	-0.002333505209916419	0.0014660765716752368	1.02975237	56.13485336	1.0019865	0.1292420827247298	0.0129374	2e-05
0.0049	-0.264	0.0127	0.008196066167365372	-0.002371902453460294	0.0013962634015954637	0.95367056	51.9874115	0.96009493	0.03063411945678081	0.0128936	3e-05
0.0028	-0.3607	-0.0136	0.008361872446304834	-0.002368411794956305	0.0013194689145077131	1.03120232	56.21389389	1.00759464	0.1374045712265601	0.0138271	2e-05
0.0054	-0.3865	-0.0155	0.008346164483036884	-0.0024137903555081575	0.001291543646475804	1.01644444	55.40940094	0.99317048	0.03475058959258557	0.0136289	7e-05
0.0064	-0.3569	-0.0148	0.008346164483036884	-0.002361430477948328	0.0013386675362796509	1.01427519	55.29114914	0.98814571	0.03627418836818384	0.0127159	4e-05
0.0109	-0.3264	-0.0038	0.008192575508861382	-0.002356194490192345	0.001462585913171248	1.0125047	55.1946373	0.99227257	0.06013716694115408	0.0139955	5e-05
0.0147	-0.275	0.0092	0.008162904911577479	-0.002490584842595908	0.001439896632895322	1.02648962	55.9569931	0.99972419	0.07753751149816963	0.0126705	2e-05
0.0114	-0.3294	-0.0033	0.00807912910748175	-0.0024207716725161347	0.001270599695451872	1.0167625	55.42673874	0.99364398	0.08634429558094761	0.0126556	0.00011
0.0083	-0.362	-0.0299	0.008080874436733746	-0.0019861846887695473	0.0012793263417118436	0.98998779	53.96717072	0.98321947	0.08455294796292771	0.0139157	7e-05
0.007	-0.3162	-0.0681	0.00950157244785713	-0.0015376350710070042	0.0012461650859239514	1.03989267	56.68763351	1.01417374	0.1804204442336909	0.0120651	0.0001
0.0113	-0.2068	-0.0433	0.010489428804485921	-0.001054178868204575	0.0013386675362796509	1.10444081	60.2063446	1.0680934	0.21669075048934597	0.0125661	4e-05
-0.0087	-0.1883	0.0396	0.00860272788308005	-0.001361356816555577	0.0007888888219014368	1.04833484	57.14783859	1.03179683	0.2585828792067544	0.0153348	7e-05
-0.0152	-0.2437	0.0595	0.00665144977935039	-0.0016772614111665507	0.0008866272600131194	1.09522927	59.70419693	1.07603314	0.20004605682261573	0.0181164	0.0001
-0.0176	-0.2844	0.0762	0.006965609044709369	-0.0018273597268380628	0.000609119908946021	0.98327893	53.60145187	0.99677607	0.09688824660487949	0.0207742	0.00032
-0.0191	-0.2525	0.0713	0.00674395222970609	-0.0017086773377024485	0.0005462880558742252	1.00295985	54.67431641	1.01565749	0.058458552860534446	0.0212501	0.00062
-0.0188	-0.2579	0.0439	0.00661479786505851	-0.0015376350710070042	0.00047647488579445195	0.96213353	52.44875336	0.98543295	0.051600490071139926	0.021207	0.00081
-0.0074	-0.2079	0.0759	0.006202900161587847	-0.001689478715930511	0.000635299847725936	0.96453506	52.57966614	0.98758265	0.12952831551628266	0.0235326	0.0013
-0.0125	-0.2338	0.0735	0.007012732934513216	-0.0018151424220741027	0.0006824237375297829	1.1156913	60.81964493	1.06907836	0.08253101844364037	0.0218784	0.00081
-0.0081	-0.3218	0.0233	0.006525786073206799	-0.001350884841043611	0.0007470009198535729	1.07234168	58.45652771	1.05376705	0.1933890812330349	0.0211955	0.00061
-0.0054	-0.3292	0.0218	0.00654673002423073	-0.0012775810124598492	0.000804596785169386	0.99460202	54.21870804	0.99223572	0.019192182246175325	0.0200024	0.00042
-0.0017	-0.2988	0.0322	0.006724753607934152	-0.0012514010736799342	0.0007539822368615504	1.02034855	55.62222672	0.99931824	0.0572409035395586	0.0192078	0.00013
0.0023	-0.2723	0.03	0.0072640603468004	-0.001296779634231787	0.0009128071987930344	1.01689053	55.43371582	0.9990503	0.06987551306747929	0.0172649	9e-05
0.0099	-0.1917	0.1	0.006647959120846402	-0.0014364059743913332	0.001296779634231787	1.05970979	57.76792526	1.03237786	0.2151850000776148	0.0183271	8e-05
0.0116	-0.2593	0.1001	0.006787585461005948	-0.0013718287920675431	0.0012793263417118436	0.99882662	54.44900131	0.99415905	0.08048284075016397	0.0192532	0.00011
0.012	-0.3388	0.0543	0.007093018080104955	-0.0014329153158873448	0.0013473941825396225	1.04904246	57.18641663	1.02311746	0.1474293491873294	0.0174938	6e-05
0.0125	-0.3476	0.0357	0.0072623150175484055	-0.0011117747335203881	0.0014451326206513049	1.01686585	55.43237305	0.99463053	0.0573087978961045	0.0166278	9e-05
0.0116	-0.3118	0.0429	0.007070328799829028	-0.0011536626355682519	0.0013945180723434693	0.99589247	54.28905106	0.97805352	0.05812443340375381	0.0164359	4e-05
0.0176	-0.2416	0.0768	0.0068975412038815905	-0.0013683381335635543	0.0016057029118347831	1.0325073	56.28503418	1.01221902	0.14003239667170272	0.0165	7e-05
0.0177	-0.2571	0.0882	0.006780604143997971	-0.0014224433403753785	0.001626646862858715	1.00724161	54.90772629	0.99024567	0.036599310885968794	0.0177014	4e-05
0.0153	-0.3227	0.0398	0.006831218692305806	-0.0012374384396639797	0.0018360863730980347	1.02796566	56.03745651	1.01221661	0.13865294796292765	0.0151874	7e-05
0.0166	-0.3384	0.0224	0.006867870606597688	-0.0010873401239924673	0.001895427567665842	0.98624945	53.76338196	0.97448563	0.04670457122656009	0.0162244	4e-05
0.0204	-0.2752	0.0301	0.00688532389911763	-0.0011030480872604163	0.0019669860669976093	1.02035511	55.6225853	0.99811153	0.07993598775598286	0.0156963	4e-05
0.0236	-0.2228	0.0865	0.0065659286460026675	-0.001296779634231787	0.0020245819323134223	1.05143273	57.31671524	1.02247059	0.1405361332701073	0.0183942	6e-05
0.0236	-0.2566	0.0632	0.006548475353482724	-0.0012793263417118436	0.0019390607989657003	1.00214136	54.62969971	0.99077947	0.06312138591938043	0.0158411	6e-05
0.031	-0.3477	0.0381	0.006468190207890985	-0.0010663961729685354	0.0019390607989657003	1.00751281	54.92251205	0.99719182	0.13826076571675236	0.0168806	7e-05
0.0281	-0.3047	0.0247	0.006756169534470049	-0.0010733774899765126	0.0018692476288859267	1.01158428	55.14446259	0.98708553	0.07753869068334072	0.016405	6e-05
0.0274	-0.2634	0.06	0.006480407512654946	-0.0012042771838760874	0.0020350539078253884	1.02731109	56.00177383	1.00179085	0.105923399732707	0.0180262	5e-05
0.0258	-0.212	0.0931	0.0061121430404841425	-0.0012583823906879114	0.0019774580425095754	1.02684677	55.97646332	1.00205727	0.11009827721492206	0.0176834	6e-05
0.0225	-0.305	0.0508	0.006241297405131722	-0.0011414453308042916	0.002054252529597326	1.00160992	54.60072708	1.00029915	0.15474429558094752	0.0159433	5e-05
0.0215	-0.3434	0.0219	0.006550220682734718	-0.001064650843716541	0.0020699604928652747	1.01912475	55.55551147	0.9908241	0.08837128639793476	0.0175896	7e-05
0.0214	-0.3043	0.0117	0.006979571678725324	-0.000973893722612836	0.0019826940302655584	1.01856911	55.52522278	0.98978036	0.07976872898470129	0.0153366	4e-05
0.0234	-0.2383	0.0403	0.007012732934513216	-0.0011449359893082802	0.0020350539078253884	1.04076374	56.73511887	1.00688944	0.10942817000215832	0.0148172	5e-05
0.0224	-0.2116	0.0603	0.006606071218798537	-0.0012269664641520136	0.0018727382873899156	0.95327163	51.96566391	0.96446368	0.08025039054969423	0.0155891	3e-05
0.0183	-0.3071	0.0091	0.006942919764433443	-0.0012426744274199627	0.001973967384005587	1.04794955	57.12683868	1.01912031	0.1734892802759263	0.0150767	6e-05
0.0191	-0.3265	-0.0025	0.007265805676052394	-0.0011746065865921838	0.0019268434942017398	1.002159	54.6306572	0.98426392	0.05370388211252887	0.0153944	9e-05
0.0188	-0.2806	-0.0063	0.007436847942747837	-0.0011501719770642632	0.0018552849948699724	1.00247228	54.64773941	0.98371699	0.06335176877775654	0.0130474	2e-05
0.0234	-0.2327	0.0426	0.0071471232869167785	-0.0013212142437597075	0.0020717058221172693	1.0004102	54.53532791	0.98450237	0.13525938748869	0.0140905	6e-05
0.0209	-0.2335	0.0686	0.006742206900454094	-0.0015655603390389136	0.001980948701013564	0.99075973	54.00925064	0.9782708	0.06630098014227982	0.0164227	9e-05
0.0178	-0.3069	0.0223	0.007157595262428746	-0.001424188669627373	0.0021275563581810873	1.0266118	55.96365738	1.00981152	0.1579683844276858	0.0140452	3e-05
0.0203	-0.3188	-0.0056	0.007543313027119492	-0.0013072516097437528	0.0022113321622768156	1.00598907	54.83944702	0.98297788	0.07162153143350465	0.0130036	5e-05
0.0229	-0.2809	0.0058	0.007400196028455957	-0.0013648474750595659	0.002261946710584651	0.99599963	54.29489517	0.97992975	0.06446637061435917	0.0140406	9e-05
0.0257	-0.2198	0.0372	0.007740535232594851	-0.001481784534943186	0.0022602013813326567	1.03104842	56.20550919	1.00634651	0.1182510796637254	0.0138482	2e-05
0.0218	-0.2894	0.0151	0.00792554013330625	-0.0014049900478554352	0.002324778563656447	1.01644003	55.40916061	1.00037093	0.11191882850614696	0.013271	5e-05
0.0199	-0.3225	-0.0225	0.008504989444968369	-0.0014573499254152652	0.002389355745980237	1.03265393	56.29302979	1.00076072	0.10741931857728695	0.0124897	4e-05
0.0192	-0.3101	-0.0982	0.010873401239924672	-0.0014852751934471744	0.0025080381351158514	1.04311323	56.86319733	1.02007478	0.21455097260619127	0.0108888	4e-05
0.0148	-0.2781	-0.0176	0.009368927424705562	-0.0017837264955382047	0.002453932928304027	1.05625546	57.57961655	1.02616878	0.20985151620609815	0.0128008	2e-05
0.0082	-0.2137	0.0062	0.008991936306274786	-0.0016964600329384882	0.0022427480888127134	1.02784216	56.03072357	1.00756807	0.1285721210260903	0.0125895	6e-05
0.0059	-0.3074	-0.028	0.0089570297212349	-0.0015376350710070042	0.0022235494670407763	1.01352632	55.25032806	1.00227607	0.14084650843716537	0.0124047	3e-05
0.0076	-0.3198	-0.0572	0.009377654070965533	-0.0014172073526193955	0.0021135937241651332	0.97368777	53.07860947	0.97090163	0.07585039054969421	0.0110939	3e-05
0.0055	-0.2939	-0.0584	0.00938463538797351	-0.0015446163880149814	0.002033308578573394	0.99842691	54.42721176	0.98318552	0.03993377489976509	0.0125198	5e-05
0.0054	-0.2523	-0.0271	0.009395107363485476	-0.0016755160819145565	0.0019163715186897737	1.03063345	56.18288803	1.00432233	0.08591543646475806	0.011581	7e-05
0.0053	-0.2227	0.0107	0.008913396489935041	-0.0018517943363659836	0.0016912240451825054	1.0114218	55.13560486	0.99170565	0.11165683007545654	0.0122082	5e-05
0.005	-0.3177	-0.0266	0.009281660962105845	-0.0016999506914424768	0.0016528268016386303	1.00973701	55.04375839	0.99911421	0.16052526803190928	0.0122921	4e-05
0.0039	-0.3382	-0.0508	0.00987681823703591	-0.001843067690106012	0.001499237827463129	1.00995982	55.05590439	0.98714271	0.0903931623884551	0.0119153	3e-05
0.0039	-0.2978	-0.0407	0.009892526200303859	-0.0018046704465621369	0.0015079644737231008	1.02436566	55.84120941	0.99595727	0.05364159265358973	0.0110012	2e-05
0.0057	-0.2265	0.0038	0.009531243045141035	-0.0018517943363659836	0.001462585913171248	0.98259693	53.56427383	0.98404205	0.14028928027592616	0.0119957	2e-05
0.0057	-0.3167	-0.002	0.009543460349904992	-0.0018657569703819383	0.0014556045961632708	1.02425456	55.83515167	1.003809	0.09765806278939443	0.0126891	8e-05
0.0058	-0.357	-0.0237	0.01000946326018748	-0.0017767451785302276	0.0014835298641951804	1.00976765	55.04542923	0.98973386	0.09124699850830545	0.0120097	4e-05
0.0061	-0.3128	-0.0163	0.010037388528219388	-0.0017453292519943296	0.0015638150097869194	1.01773894	55.47996902	0.98871896	0.05888131700797718	0.0113227	6e-05
0.0075	-0.2683	0.0093	0.00992917811459574	-0.0016842427281745281	0.0016074482410867775	0.9927308	54.11669922	0.98536318	0.08214650843716542	0.0132402	4e-05
0.0053	-0.329	-0.0156	0.010304423903774522	-0.0018832102629018814	0.0014800392056911916	1.02196562	55.71038055	1.00323784	0.12288111796508612	0.011535	4e-05
0.0093	-0.3521	-0.0412	0.010552260657557717	-0.0018867009214058703	0.0014259339988793671	1.0106144	55.09159088	0.98867505	0.06797163095495043	0.0115768	2e-05
0.0091	-0.3111	-0.0676	0.01093623309299647	-0.001891936909161853	0.0014172073526193955	0.9885354	53.88799667	0.9787336	0.08749675347273538	0.00996745	7e-05
0.0099	-0.2715	-0.0349	0.010688396339213275	-0.0017819811662862105	0.0015550883635269475	1.01173973	55.15293503	0.99247835	0.09788367537831946	0.0109663	4e-05
0.0071	-0.2569	0.0008	0.01032362252554646	-0.0018483036778619948	0.0015079644737231008	1.02039802	55.62492371	0.99604151	0.0770110107523223	0.0124165	6e-05
0.0074	-0.3227	-0.0008	0.009766862494160268	-0.0017976891295541592	0.0015271630954950383	1.01601052	55.385746	0.9947391	0.09902866007329825	0.011921	4e-05
0.0053	-0.3416	-0.033	0.010056587149991327	-0.0017924531417981763	0.001562069680534925	0.97620231	53.21568298	0.96936695	0.06969336143134648	0.0118594	7e-05
0.0088	-0.336	-0.0518	0.010665707058937348	-0.0017139133254584315	0.001583013631558857	1.00297093	54.67492294	0.9830013	0.06333018381548487	0.0112221	7e-05
0.0115	-0.2967	-0.0189	0.010192722831646883	-0.0016842427281745281	0.0015760323145508795	1.03189206	56.25149918	1.00127103	0.10038180707911729	0.0116541	6e-05
0.0081	-0.2488	-0.0127	0.010173524209874947	-0.0018291050560900572	0.0015847589608108511	0.97735566	53.27855682	0.97760536	0.06613937979737186	0.0112115	4e-05
0.0102	-0.337	-0.0586	0.010554005986809712	-0.0019826940302655584	0.0015114551322270892	1.03614092	56.48311615	1.01178596	0.16656872898470143	0.0115256	7e-05
0.0124	-0.3654	-0.0772	0.01064650843716541	-0.0018675022996339327	0.001408480706359424	1.02538645	55.8968544	0.99767196	0.06473343034274945	0.0115581	4e-05
0.0095	-0.3165	-0.0654	0.010711085619489202	-0.0020472712125893483	0.001361356816555577	1.01837838	55.51482773	0.99361547	0.07817349925415269	0.0116568	3e-05
0.0075	-0.2463	-0.0133	0.010145598941843038	-0.002007128639793479	0.0013753194505715315	1.02563918	55.91063309	1.00252011	0.1552795942228994	0.0124208	6e-05
0.0076	-0.3046	-0.0301	0.010236356062946742	-0.00199142067652553	0.001377064779823526	1.01966953	55.58520889	0.99694212	0.08061052068118237	0.0115888	3e-05
0.0038	-0.3589	-0.0508	0.01006182313774731	-0.0019442967867216831	0.0013631021458075715	1.01495409	55.32815552	0.98748127	0.0905809724509617	0.0119068	4e-05
0.0074	-0.3356	-0.0557	0.010002481943179504	-0.0017243853009703976	0.0014329153158873448	0.99936414	54.478302	0.97687663	0.0492532925199432	0.0124882	7e-05
0.0102	-0.2905	-0.038	0.010037388528219388	-0.0019442967867216831	0.001403244718603441	1.02744234	56.00892639	1.00082411	0.0798244334037537	0.0119738	4e-05
0.0102	-0.2288	0.0015	0.009810495725460127	-0.0018500490071139892	0.0014049900478554352	1.04974556	57.22474289	1.01588724	0.11734429558094744	0.0118858	5e-05
0.0118	-0.319	-0.0113	0.009613273519984766	-0.0019530234329816546	0.0013439035240356337	0.99057496	53.99917984	0.99562851	0.1226641577581414	0.0119413	2e-05
0.0168	-0.3676	-0.0442	0.009889035541799871	-0.0018797196043978928	0.001420698011123384	1.02354956	55.79672241	0.99811558	0.10779301687433088	0.0120857	0.00012
0.019	-0.341	-0.0459	0.009902998175815827	-0.0019582594207376374	0.001335176877775662	1.01874542	55.534832	0.99666701	0.039401179185171054	0.0126221	4e-05
0.0188	-0.3032	-0.0544	0.01015083492959902	-0.0018832102629018814	0.0013072516097437528	1.03331816	56.32923889	1.00389398	0.06404055898254292	0.0113412	6e-05
0.0147	-0.23	-0.0068	0.00957836693494488	-0.0019076448724298022	0.0013404128655316449	1.00044191	54.53705597	0.99609959	0.15640319299849767	0.0120396	5e-05
0.0126	-0.3069	-0.0182	0.009644689446520666	-0.0020001473227855013	0.0013439035240356337	1.02202952	55.71386337	1.00182081	0.09851578102177368	0.0122918	8e-05
0.0145	-0.373	-0.0636	0.010281734623498594	-0.001954768762233649	0.001350884841043611	1.03072238	56.18773651	1.003976	0.14787025272688792	0.0117828	4e-05
0.0128	-0.3433	-0.0717	0.010381218390862272	-0.0019216075064457567	0.001335176877775662	1.03179741	56.24633408	0.99489905	0.046917649320976	0.0113522	4e-05
0.0098	-0.2841	-0.0237	0.00999375529691953	-0.001980948701013564	0.0013334315485236678	1.00905216	55.00642395	0.99818304	0.13262748088812715	0.0118681	3e-05
0.0076	-0.2784	-0.0191	0.010393435695626231	-0.0021572269554649913	0.001322959573011702	1.01568198	55.367836	0.9929633	0.04182153143350473	0.0110901	5e-05
0.015	-0.3488	-0.06	0.01071457627799319	-0.002253220064324679	0.001218239817892042	1.02265704	55.74806595	1.00480525	0.14479267231731527	0.010664	6e-05
0.0199	-0.3636	-0.0655	0.010752973521537063	-0.0022130774915288098	0.0011501719770642632	1.01204813	55.1697464	0.98598495	0.032530382858376054	0.0113009	4e-05
0.019	-0.3232	-0.0753	0.011229448407331515	-0.0020629791758572974	0.0011187560505283654	1.00917876	55.01332474	0.99244175	0.08399945640009315	0.0124477	7e-05
0.0195	-0.2517	-0.0532	0.011555824977454455	-0.002209586833024821	0.0012130038301360591	1.04058504	56.72537613	1.01523968	0.12246160034490786	0.0105569	6e-05
0.018	-0.2651	-0.0484	0.011273081638631376	-0.0023003439541285265	0.0011641346110802177	1.00394785	54.72817612	0.98826661	0.040818483949131325	0.0104111	4e-05
0.0189	-0.363	-0.0605	0.011143927273983794	-0.0023387411976724015	0.0012479104151759456	1.01891828	55.5442543	1.00618762	0.12346637061435924	0.0102623	4e-05
0.021	-0.3588	-0.086	0.011505210429146621	-0.0022235494670407763	0.0012322024519079964	0.99759424	54.38182068	0.98459594	0.05640914245312007	0.0108271	6e-05
0.021	-0.3514	-0.0841	0.011524409050918559	-0.002356194490192345	0.0011938052083641214	1.0164634	55.41043472	0.99198047	0.018812044423369076	0.0114125	4e-05
0.0221	-0.3023	-0.0809	0.011430161271310866	-0.0023003439541285265	0.0011850785621041497	1.03766608	56.56625748	1.00329108	0.061341248096574125	0.0103558	2e-05
0.0216	-0.2346	-0.0509	0.011236429724339494	-0.0022985986248765322	0.0013439035240356337	1.0087322	54.98898315	0.99789282	0.11591509190774252	0.0113196	2e-05
0.0166	-0.304	-0.0606	0.011576768928478387	-0.0024033183799961914	0.001291543646475804	1.02717292	55.99423981	1.00586397	0.10897094184091911	0.0108456	6e-05
0.0148	-0.3722	-0.0851	0.011665780720330098	-0.0023771384412162766	0.0013020156219877698	1.02388477	55.81499863	1.00303459	0.10078318530717954	0.0103981	0.00011
0.01	-0.3629	-0.0943	0.011725121914897906	-0.002398082392240209	0.0012740903539558604	0.99046797	53.99334717	0.978181	0.028710520681182412	0.0101807	4e-05
0.0112	-0.3465	-0.1013	0.012051498485020845	-0.0023474678439323734	0.001282817000215832	1.00996006	55.05591583	0.98578212	0.043885888234537374	0.0110438	2e-05
0.0117	-0.3083	-0.0903	0.012039281180256885	-0.002303834612632515	0.0012793263417118436	1.01192307	55.16292953	0.99064831	0.052667059728390336	0.0108055	3e-05
0.0097	-0.2271	-0.0477	0.011705923293125966	-0.0023073252711365037	0.001420698011123384	1.00566447	54.82175064	0.99649863	0.1497110107523224	0.01133	6e-05
0.0096	-0.2941	-0.0477	0.011671016708086082	-0.0024242623310201236	0.0013980087308474581	1.01558089	55.36232376	1.00019104	0.07582664625997149	0.0126292	5e-05
0.009	-0.3839	-0.0643	0.011688470000606023	-0.00238237442897226	0.0012775810124598492	1.04506159	56.96940613	1.01936856	0.11598844564777072	0.0123669	7e-05
0.0097	-0.3634	-0.0749	0.011723376585645911	-0.0023527038316883565	0.0013107422682477415	1.02768457	56.02213669	0.99655122	0.0366869219055842	0.0112103	2e-05
0.0079	-0.3638	-0.0836	0.011849040291789504	-0.002319542575900464	0.0013124875974997359	0.99308282	54.13589096	0.98206065	0.01892851455917401	0.0117707	4e-05
0.0084	-0.3343	-0.0922	0.012184143508172414	-0.002331759880664424	0.0013421581947836393	1.02645266	55.95497894	1.00070678	0.05744955592153868	0.0116768	3e-05
0.005	-0.2603	-0.0383	0.011423179954302887	-0.002176425577236929	0.0014137166941154068	1.05690277	57.61490631	1.02070491	0.18069281783143948	0.0115275	5e-05
0.0056	-0.2834	-0.0433	0.011889182864585374	-0.002258456052080662	0.0014381513036433276	0.98340827	53.60850143	0.97914846	0.05732339973270704	0.0116487	4e-05
0.0082	-0.3619	-0.0632	0.012086405070060733	-0.0022898719786165604	0.0014049900478554352	1.02687144	55.97780609	1.00124596	0.11408996938995752	0.0118307	2e-05
0.0089	-0.3894	-0.0465	0.011292280260403314	-0.002251474735072685	0.0015062191444711063	1.03058672	56.180336	0.99648769	0.09158755749084832	0.0127479	0.00013
0.007	-0.3533	-0.0589	0.011761773829189788	-0.0022148228207808044	0.001439896632895322	0.9829672	53.5844574	0.97392038	0.07902339973270697	0.0118173	2e-05
0.0068	-0.2978	-0.0376	0.01189616418159335	-0.00222529479629277	0.0016510814723866359	1.02101171	55.6583786	0.99660628	0.09480235837034208	0.0116565	5e-05
0.0079	-0.2651	-0.0265	0.01165007275706215	-0.0023404865269243957	0.0017523105690023068	1.02442706	55.8445549	0.99755978	0.06802561258892487	0.0117214	3e-05
0.0056	-0.3692	-0.0419	0.011445869234578814	-0.002281145332356589	0.0015847589608108511	1.00834703	54.96799088	0.99961489	0.14335481626212987	0.0117541	4e-05
0.0111	-0.3842	-0.0891	0.012269664641520135	-0.0022130774915288098	0.0015847589608108511	1.0145632	55.30684662	0.99187337	0.11229316238845503	0.0129616	6e-05
0.0151	-0.3674	-0.0835	0.01217890752041643	-0.0022985986248765322	0.0015847589608108511	1.02238798	55.73339844	0.99411103	0.03521391272257138	0.0103583	4e-05
0.0138	-0.3367	-0.0734	0.011978194656437085	-0.002288126649364566	0.0014800392056911916	1.00164104	54.60242462	0.9799149	0.057895229730548545	0.011153	6e-05
0.0113	-0.2832	-0.0541	0.012067206448288795	-0.0022235494670407763	0.001499237827463129	1.01534164	55.34928513	0.99764344	0.0839393797973719	0.0124116	5e-05
0.0066	-0.2635	-0.0371	0.012355185774867857	-0.0022741640153486112	0.0014957471689591403	1.02453387	55.85037994	0.99819494	0.058504226669544246	0.0123446	7e-05
0.0087	-0.3531	-0.0473	0.012020082558484945	-0.0023876104167282427	0.001473057888683214	1.02408099	55.82569122	1.00400581	0.12546194490192347	0.0120763	2e-05
0.0106	-0.3987	-0.0744	0.012362167091875835	-0.0022636920398366456	0.0014364059743913332	1.00021052	54.52444077	0.98437994	0.09973274122871836	0.0119609	4e-05
0.0132	-0.39	-0.0722	0.01241627229868766	-0.002253220064324679	0.0014608405839192536	1.00719118	54.90497971	0.98554184	0.017950589592585577	0.0125884	4e-05
0.0184	-0.3692	-0.0789	0.012527973370815296	-0.0020350539078253884	0.0015393804002589986	1.0200069	55.60360336	0.98900679	0.053120352248333606	0.011578	3e-05
0.0115	-0.3163	-0.0568	0.012444197566719568	-0.002150245638457014	0.0015358897417550098	0.97699755	53.2590332	0.97618565	0.0920229096615671	0.0115075	3e-05
0.0145	-0.311	-0.0254	0.01219461548368438	-0.002171189589480946	0.0015690509975429022	1.00953937	55.03298569	0.98846307	0.05488436449235064	0.0131087	4e-05
0.0172	-0.3693	-0.058	0.012693779649754757	-0.00205599785884932	0.0016441001553786586	1.01361167	55.25497818	0.99552421	0.128070252726888	0.011534	6e-05
0.0159	-0.4285	-0.0697	0.012524482712311309	-0.0019198621771937623	0.001579522973054868	1.0040077	54.73143768	0.98412662	0.09070049007113981	0.0127198	2e-05
0.0167	-0.3913	-0.0741	0.012604767857903047	-0.002050761871093337	0.0016022122533307947	1.00505149	54.78833771	0.98402815	0.05409370598836196	0.0125464	2e-05
0.019	-0.3808	-0.0917	0.01302888286613767	-0.0018901915799098587	0.0016074482410867775	1.01080656	55.10206604	0.98687942	0.05989606435870422	0.0119261	6e-05
0.0208	-0.317	-0.0683	0.01275137551507057	-0.0019425514574696887	0.001706932008450454	1.02610946	55.93626785	0.99632497	0.11046754979953036	0.011024	4e-05
0.021	-0.29	-0.0445	0.01268679833274678	-0.001820378409830086	0.0015882496193148398	0.97802371	53.31497192	0.97522639	0.06627163095495035	0.0132237	7e-05
0.0186	-0.3727	-0.0738	0.01309346004846146	-0.00209614043164519	0.0013892820845874865	1.03637743	56.49600983	1.01131472	0.15846956361285683	0.0123815	6e-05
0.0225	-0.413	-0.1158	0.01361356816555577	-0.001970476725501598	0.001322959573011702	1.01926982	55.56342316	0.99358088	0.12180471674068433	0.0139935	4e-05
0.0259	-0.3835	-0.1273	0.014180800172453928	-0.0021799162357409173	0.001420698011123384	0.9963454	54.31374359	0.98241069	0.08812049776245795	0.0116567	6e-05
0.0258	-0.3214	-0.074	0.013521065715200072	-0.002319542575900464	0.0015114551322270892	1.02316546	55.77578354	1.0013659	0.1600058959258554	0.0114837	2e-05
0.023	-0.3553	-0.0611	0.013329079497480696	-0.002466150233067988	0.0013805554383275148	1.00954604	55.0333519	0.98840742	0.07307467843932366	0.0124213	3e-05
0.0239	-0.4321	-0.08	0.013554226970987961	-0.0024486969405480446	0.0013369222070276565	0.99876398	54.44558716	0.98628616	0.11091169986635328	0.0120288	5e-05
0.0258	-0.4225	-0.1053	0.013843951626819022	-0.002357939819444339	0.001308996938995747	0.99761468	54.38293457	0.97921203	0.05722035224833381	0.013192	5e-05
0.0273	-0.3949	-0.1132	0.014302973220093532	-0.002597049926967562	0.0013107422682477415	1.01405537	55.27916336	0.99391544	0.07199385150248636	0.0134113	7e-05
0.03	-0.3101	-0.0745	0.013925982101662756	-0.0026284658535034606	0.0014329153158873448	1.04278791	56.8454628	1.00957468	0.15272900463031383	0.0124471	5e-05
0.027	-0.3493	-0.0751	0.01418603616020991	-0.0028309240467348025	0.0014782938764391971	0.97120482	52.94325638	0.96742443	0.06819454061651743	0.0125985	5e-05
0.0288	-0.4204	-0.0968	0.014480996803796952	-0.0028571039855147177	0.001583013631558857	1.01434302	55.29484558	0.99068249	0.11589301687433085	0.0130603	3e-05
0.0318	-0.4262	-0.1112	0.014744541520848095	-0.0027890361446869386	0.0016632987771505957	1.01178372	55.15533447	0.97926783	0.043794885173533096	0.0122657	4e-05
0.0341	-0.4173	-0.1044	0.014805628044667897	-0.0027925268031909274	0.0017278759594743865	0.98754388	53.83394623	0.9755311	0.02445771823237908	0.0148917	2e-05
0.0313	-0.3409	-0.0741	0.01498016096986733	-0.002858849314766712	0.0016406094968746698	1.03449607	56.39345169	1.00638281	0.12590609496874672	0.0140361	4e-05
0.0322	-0.3565	-0.075	0.015015067554907217	-0.002885029253546627	0.0017226399717184032	1.00047266	54.53873062	0.97476834	0.024555849933176804	0.0136567	5e-05
0.035	-0.4582	-0.0947	0.015039502164435139	-0.0028396506929947744	0.0017086773377024485	1.00157833	54.59900284	0.99329311	0.12838879020478647	0.014831	4e-05
0.0349	-0.4805	-0.0984	0.015091862041994968	-0.002813470754214859	0.0017278759594743865	1.00311351	54.68268967	0.9809305	0.03098692190558408	0.014715	6e-05
0.0339	-0.4449	-0.0969	0.015030775518175164	-0.0027960174616949163	0.0016336281798666925	1.02483988	55.86706161	0.99236682	0.04673937979737199	0.01474	4e-05
0.0239	-0.3834	-0.0761	0.014531611352104788	-0.0028187067419708422	0.001579522973054868	0.98510593	53.70104599	0.98085531	0.12109793265790632	0.0130947	0.00011
0.0278	-0.3447	-0.0433	0.014451326206513047	-0.002930407814098479	0.0017470745812463236	1.01854587	55.5239563	0.99302674	0.09337689129554168	0.0135852	5e-05
0.0316	-0.4056	-0.0637	0.014508922071828861	-0.002834414705238791	0.0016493361431346415	1.01838219	55.51503372	0.99827418	0.09766637061435923	0.0155389	7e-05
0.0269	-0.4463	-0.0918	0.01493129175081149	-0.002900737216814576	0.0016667894356545846	0.99344236	54.15549088	0.98017567	0.09880727415391781	0.0130795	4e-05
0.0246	-0.4403	-0.1019	0.014800392056911913	-0.0027611108766550296	0.0016039575825827887	0.99425846	54.19997787	0.97622764	0.0350678943565459	0.0137083	7e-05
0.0274	-0.4089	-0.0682	0.014460052852773022	-0.002537708732399755	0.0016039575825827887	1.02331364	55.78386307	0.99687845	0.09608706741970835	0.0140409	7e-05
0.0277	-0.3621	-0.0421	0.014222688074501789	-0.0026005405854715507	0.001616174887346749	1.01201761	55.16807938	0.99102643	0.08882069680534943	0.0139219	0.00011
0.0243	-0.4487	-0.0715	0.014021975210522444	-0.002490584842595908	0.001403244718603441	1.02057505	55.63457489	1.00109371	0.1455799387799148	0.0161456	4e-05
0.0286	-0.4603	-0.095	0.014587461888168606	-0.0026249751949994717	0.0014835298641951804	1.01626587	55.39966965	0.99215573	0.07840810878207324	0.0152856	5e-05
0.0324	-0.4348	-0.0991	0.014547319315372738	-0.002597049926967562	0.0015027284859671175	1.02232909	55.73019409	0.99165759	0.0377633231299857	0.0127474	2e-05
0.0365	-0.3926	-0.071	0.013994049942490533	-0.0025603980126756814	0.0016057029118347831	0.98425663	53.65474701	0.98031911	0.10904478565208756	0.0142223	7e-05
0.0354	-0.3781	0.0176	0.013798573066267167	-0.0029146998508305304	0.0012636183784438947	1.07458258	58.57868195	1.04293696	0.1487931623884552	0.0155615	0.00012
0.0458	-0.3967	0.0517	0.013341296802244653	-0.0030927234345339517	0.0009529497715889039	1.03974319	56.67948532	1.02115214	0.11039842272904628	0.0171599	0.00014
0.0424	-0.4785	-0.1094	0.014381513036433273	-0.0027296949501191318	0.0010035643198967395	1.11638486	60.85745239	1.0905709	0.31899296334556376	0.0140666	4e-05
0.0354	-0.4878	-0.1524	0.014549064644624733	-0.002015855286053451	0.0011938052083641214	1.02968967	56.13143921	1.00588749	0.11288160803622611	0.0145846	6e-05
0.0372	-0.3703	-0.1322	0.01369385331114751	-0.001956514091485643	0.0013369222070276565	1.07639146	58.67728806	1.04052444	0.19238347633542827	0.0121673	5e-05
0.0345	-0.261	-0.1879	0.012749630185818579	-0.0018744836166419098	0.0011798425743481666	1.06489694	58.05069351	1.05764958	0.2268666616426077	0.01063	2e-05
0.0435	-0.3252	-0.2565	0.01275486617357456	-0.001499237827463129	0.0009285151620609833	1.05354071	57.43162918	1.02676539	0.1733904594610972	0.0130559	7e-05
0.0499	-0.3156	-0.3122	0.013442525898860325	-0.0008918632477691023	0.0008813912722571365	1.02402008	55.82237244	1.00413022	0.13880790973918192	0.012013	4e-05
0.0587	-0.256	-0.298	0.012756611502826556	-0.0009302604913129776	0.0010786134777324957	1.00328493	54.69203568	0.98746779	0.1286766922526502	0.013721	0.00012
0.0602	-0.2324	-0.2993	0.01345648853287628	-0.0008185594191853405	0.0010768681484805013	1.02653491	55.95946503	0.99838616	0.06706617157146784	0.0149496	7e-05
0.0564	-0.1498	-0.2168	0.01235169511636387	-0.000804596785169386	0.0009040805525330626	1.07819104	58.77539062	1.03890569	0.23347718232379025	0.0144572	0.0001
0.053	-0.2096	-0.2416	0.012356931104119851	-0.0008848819307611251	0.0007033676885537148	0.99647951	54.32105255	0.99160819	0.10231169986635348	0.0130567	4e-05
0.058	-0.3017	-0.2956	0.0125890598946351	-0.0010663961729685354	0.0008761552845011534	1.04378307	56.89971161	1.01609629	0.18042153143350484	0.013531	8e-05
0.0625	-0.2956	-0.3022	0.012692034320502763	-0.000926769832808989	0.0010524335389525807	1.02114391	55.66558075	0.9883073	0.03814395102393192	0.0123867	5e-05
0.0702	-0.2758	-0.2895	0.012777555453850486	-0.0009808750396208131	0.0011571532940722405	0.98105109	53.48000336	0.97578455	0.05241730476396039	0.0140315	7e-05
0.0673	-0.2257	-0.2138	0.011683234012850043	-0.0006632251157578452	0.0011327186845443199	1.04002452	56.6948204	1.0156257	0.20052029871956656	0.0130845	9e-05
0.0745	-0.2426	-0.2357	0.011890928193837367	-0.0005602506898901797	0.001322959573011702	1.01351941	55.24995041	0.99567199	0.07104547476611855	0.0119367	7e-05
0.084	-0.323	-0.2825	0.011934561425137224	-0.0004485496177625427	0.0013369222070276565	1.01900184	55.54881287	1.00077267	0.1451648468721724	0.0129129	7e-05
0.0856	-0.2857	-0.3027	0.012334241823843928	-0.00024085543677521747	0.001322959573011702	1.0016793	54.60450745	0.98735876	0.09016686068549923	0.0133049	0.0001
0.0827	-0.2488	-0.3031	0.011765264487693777	-0.00012042771838760874	0.0011833332328521555	1.06185353	57.88478851	1.02972167	0.0816515697348653	0.0155933	0.00014
0.0734	-0.1549	-0.2475	0.010250318696962697	-0.0003385938748868999	0.001281071670963838	1.12178814	61.15199661	1.07883737	0.2503425192671026	0.0147007	0.00014
0.0631	-0.1607	-0.2421	0.010845475971892763	-0.0006335545184739417	0.001048942880448592	0.99070626	54.00633621	0.98640111	0.07761233545161765	0.0138947	6e-05
0.0641	-0.2322	-0.3103	0.011301006906663283	-0.0005619960191421741	0.0010419615634406148	1.03133523	56.22114563	1.01131641	0.16740353755551327	0.0151767	0.00012
0.0666	-0.2447	-0.3086	0.011281808284891344	-0.0005567600313861911	0.001054178868204575	1.01688385	55.43335724	0.99184764	0.018532595714594174	0.0135663	0.0001
0.0667	-0.2074	-0.2986	0.01118232451752767	-0.0005410520681182421	0.0010262536001726657	0.98795396	53.85630035	0.97974778	0.0545558499331766	0.0140921	0.0001
0.0692	-0.1519	-0.2307	0.010721557595001166	-0.0006824237375297829	0.0012112585008840647	1.04229271	56.81846619	1.01498314	0.1652571746324722	0.0136738	5e-05
0.0797	-0.2118	-0.2369	0.010794861423584929	-0.0007016223593017205	0.0011152653920243766	1.02356029	55.79730988	1.00288713	0.0860247779607694	0.0130454	9e-05
0.0823	-0.2836	-0.2713	0.010613347181377518	-0.0006510078109938849	0.001064650843716541	1.01578522	55.37346268	0.99950197	0.12293716694115411	0.0130638	8e-05
0.0767	-0.2765	-0.2951	0.010999064946068265	-0.0005794493116621174	0.0009669124056048585	1.01024568	55.07148743	0.98640329	0.06425073510670984	0.0136246	0.00012
0.0723	-0.2452	-0.2803	0.011391764027766987	-0.0008220500776893293	0.0010367255756846318	1.01511419	55.33688354	0.99345885	0.08575565089028538	0.0134058	6e-05
0.0634	-0.1774	-0.2292	0.010887363873940627	-0.0009808750396208131	0.0010210176124166828	1.04093659	56.74454117	1.01003091	0.16174665395128968	0.0124003	4e-05
0.0676	-0.2463	-0.2351	0.011002555604572252	-0.0012095131716320703	0.0011309733552923255	0.98103321	53.47903061	0.97763162	0.10168928027592623	0.0107685	5e-05
0.0757	-0.2838	-0.2409	0.010927506446736497	-0.0010105456369047167	0.0014782938764391971	1.00459266	54.76332855	0.98788292	0.08246686068549905	0.0118442	8e-05
0.0746	-0.2553	-0.2493	0.01072679358275715	-0.0009651670763528643	0.0013578661580515882	1.03828418	56.59994888	1.00476139	0.05632595714594037	0.0122378	5e-05
0.0744	-0.2571	-0.2642	0.011107275359691913	-0.0008709192967451704	0.0013753194505715315	0.99710417	54.35510635	0.98020856	0.04150914245311999	0.012548	0.0001
0.0742	-0.2026	-0.2078	0.01067443370519732	-0.0009913470151327792	0.001467821900927231	1.03330004	56.32825089	1.00506447	0.14338859116189506	0.0137526	4e-05
0.0705	-0.1827	-0.2075	0.01084023998413678	-0.0009616764178488756	0.001429424657383356	1.01227462	55.18209457	0.9855818	0.03559370598836202	0.0122009	7e-05
0.0692	-0.291	-0.248	0.011070623445400033	-0.0009145525280450286	0.001308996938995747	1.01780069	55.48333359	1.00679426	0.16999675347273535	0.0122574	4e-05
0.0704	-0.3232	-0.2588	0.011301006906663283	-0.0009197885158010115	0.0014172073526193955	1.01905203	55.55155182	0.99525239	0.06139149313214408	0.0133922	0.00012
0.071	-0.2734	-0.2699	0.011854276279545488	-0.0008831366015091308	0.0015446163880149814	1.03510237	56.42650223	1.00216658	0.09736651612848356	0.0117248	3e-05
0.0723	-0.2194	-0.2229	0.011506955758398614	-0.0010419615634406148	0.0014451326206513049	0.99028337	53.983284	0.99070677	0.13258146252210168	0.0135593	1e-05
0.0743	-0.2298	-0.2183	0.012014846570728963	-0.001228711793404008	0.001553343034274953	1.00122499	54.57974243	0.98396932	0.05714257279586952	0.0114085	6e-05
0.0724	-0.3037	-0.2403	0.012130038301360588	-0.0013055062804917586	0.0017208946424664088	1.02218592	55.72238922	1.00236992	0.11577689129554163	0.0120823	6e-05
0.0724	-0.3116	-0.2544	0.012395328347663728	-0.001298524963483781	0.0017715091907742446	0.99369651	54.16934586	0.97547908	0.03814429558094763	0.0113597	4e-05
0.0756	-0.2815	-0.2639	0.01293638041578197	-0.0015498523757709647	0.0017889624832941875	1.00341856	54.69932175	0.98452368	0.08329163864626844	0.0120169	6e-05
0.0788	-0.2304	-0.228	0.012812462038890374	-0.0016179202165987434	0.001785471824790199	1.02191639	55.70769501	0.99793026	0.09997384381116818	0.0119225	4e-05
0.0791	-0.2537	-0.2156	0.012203342129944355	-0.0016650441064025902	0.0017174039839624202	0.99250084	54.10416412	0.97761023	0.07221558197888224	0.0113984	4e-05
0.079	-0.3113	-0.2519	0.012274900629276119	-0.001621410875102732	0.001668534764906579	0.98548836	53.72189331	0.98031975	0.10220304748437321	0.0111367	3e-05
0.0772	-0.3189	-0.2699	0.012564625285107179	-0.0017016960206944712	0.0016720254234105676	0.99628019	54.31018829	0.98178279	0.04607502299633932	0.0112317	2e-05
0.0795	-0.2774	-0.2729	0.012527973370815296	-0.0016458454846306526	0.0016057029118347831	1.01747024	55.46532059	0.99269081	0.05474124809657431	0.0119472	5e-05
0.0811	-0.201	-0.2192	0.01194852405915318	-0.0017156586547104257	0.0016667894356545846	1.01534951	55.34971619	1.00058689	0.16721745027808455	0.0130498	0.00012
0.0774	-0.2342	-0.223	0.012199851471440362	-0.0018500490071139892	0.0015219271077390555	0.99804974	54.40665054	0.98099095	0.06722900463031375	0.011302	3e-05
0.0751	-0.3098	-0.2515	0.012360421762623844	-0.0018989182261698304	0.0015114551322270892	1.01808918	55.49905777	0.99770686	0.11739557428756452	0.0119427	2e-05
0.0766	-0.3088	-0.2742	0.012585569236131109	-0.0018308503853420514	0.0015498523757709647	1.01927638	55.56378174	0.98797211	0.04178062789394596	0.0116722	3e-05
0.0803	-0.2778	-0.2561	0.01241976295719165	-0.002015855286053451	0.0015917402778188286	0.99316347	54.14028549	0.98475273	0.07243495408493614	0.0129499	8e-05
0.0751	-0.2288	-0.2172	0.01242848960345162	-0.0021572269554649913	0.0015271630954950383	1.03017175	56.15771866	1.00331535	0.103833774899765	0.0121917	4e-05
0.073	-0.284	-0.226	0.012641419772194929	-0.0021519909677090087	0.0014765485471872027	1.0142808	55.29145432	0.99581358	0.07953903524035635	0.0129521	9e-05
0.0702	-0.322	-0.2541	0.012716468930030686	-0.00204378055408536	0.001514945790731078	0.98851788	53.887043	0.98366151	0.0799828407501641	0.0105047	3e-05
0.072	-0.3011	-0.2573	0.012664109052470856	-0.0020717058221172693	0.0016074482410867775	1.00324905	54.69007874	0.98266647	0.034539379797371976	0.0119538	2e-05
0.0732	-0.2425	-0.2224	0.012630947796682963	-0.0020263272615654165	0.0015550883635269475	1.03110051	56.20834732	1.00379534	0.10124498469497877	0.0120682	5e-05
0.0714	-0.24	-0.219	0.01269028899125077	-0.00199142067652553	0.0014800392056911916	0.97078294	52.92025757	0.96860212	0.01616484687217248	0.0111897	4e-05
0.0742	-0.3152	-0.2445	0.012541936004831252	-0.0019146261894377795	0.0015446163880149814	1.00824046	54.96217728	0.98797487	0.1179862327915529	0.012809	2e-05
0.0729	-0.3105	-0.2622	0.012967796342317869	-0.0018797196043978928	0.0015062191444711063	0.99843532	54.42766953	0.98416914	0.0486582083035189	0.0117237	6e-05
0.073	-0.287	-0.278	0.013110913340981403	-0.0018605209826259553	0.001514945790731078	1.01195407	55.16461563	0.98598807	0.04795211333477221	0.0118039	5e-05
0.0776	-0.2546	-0.2675	0.012870057904206186	-0.001820378409830086	0.0015603243512829306	0.97421843	53.10753632	0.97418782	0.06381882850614692	0.014135	7e-05
0.0808	-0.1907	-0.2308	0.013138838609013314	-0.0019285888234537342	0.0016406094968746698	1.02991962	56.14397049	1.00879645	0.1266638132011257	0.0127776	5e-05
0.08	-0.2731	-0.2291	0.012918927123262026	-0.0020420352248333657	0.0015428710587629874	1.01986468	55.5958519	1.00053535	0.1064548162621301	0.01285	4e-05
0.0783	-0.3274	-0.2599	0.012765338149086525	-0.0019495327744776662	0.0014433872913993105	1.01274526	55.20774841	0.98944536	0.10407875959474389	0.0120361	6e-05
0.0721	-0.3351	-0.2663	0.012461650859239512	-0.001843067690106012	0.0013439035240356337	0.98050207	53.45007706	0.97725161	0.04578180707911715	0.01263	2e-05
0.0678	-0.3034	-0.2724	0.0127112329422747	-0.0020472712125893483	0.0012269664641520136	1.01701581	55.44054794	0.99135367	0.07063613327010722	0.011693	1e-05
0.0687	-0.2415	-0.2334	0.012316788531323983	-0.0019949113350295183	0.001281071670963838	1.03120828	56.21422195	1.00584184	0.12684547476611854	0.0120066	4e-05
0.0643	-0.2171	-0.2183	0.011941542742145204	-0.0018622663118779497	0.0011938052083641214	0.9782899	53.32948303	0.97515307	0.07365786374650324	0.0126448	5e-05
0.0573	-0.3097	-0.2354	0.011869984242813434	-0.0018343410438460403	0.0010838494654884787	1.0061003	54.84550858	0.99669819	0.1271719755119661	0.0129839	2e-05
0.0568	-0.319	-0.2541	0.01223475805648025	-0.0018064157758141308	0.0012269664641520136	0.99788618	54.3977356	0.98475639	0.05529080401811298	0.0115033	4e-05
0.062	-0.3013	-0.2519	0.012316788531323983	-0.0017976891295541592	0.0013735741213195373	1.01143503	55.13632584	0.98703879	0.03696823891356144	0.0128708	8e-05
0.0616	-0.2595	-0.2334	0.012534954687823273	-0.0018675022996339327	0.0013456488532876281	1.00334191	54.69514465	0.98561523	0.07649522973054863	0.0122598	5e-05
0.0626	-0.2042	-0.2187	0.013042845500153624	-0.0023422318561763904	0.0011990411961201044	1.00531435	54.80266571	0.99214429	0.1274614013020166	0.0125062	4e-05
0.0662	-0.2947	-0.226	0.013138838609013314	-0.002368411794956305	0.0012112585008840647	1.02140021	55.67955399	1.00412645	0.10811951762017824	0.0121196	6e-05
0.077	-0.3236	-0.2481	0.013060298792673565	-0.0023265238929084412	0.001296779634231787	1.00953102	55.03253174	0.98661887	0.07209744258676669	0.0126954	0.0001
0.0803	-0.3324	-0.2689	0.014138912270406066	-0.0025289820861397836	0.001155407964820246	0.9956665	54.2767334	0.98650946	0.10402216701876912	0.0142161	4e-05
0.0814	-0.3127	-0.2763	0.014700908289548238	-0.002707005669843205	0.001054178868204575	1.01038265	55.0789566	0.99329848	0.07026243497306325	0.0159624	0.0001
0.0765	-0.2584	-0.2244	0.014006267247254494	-0.003029891581462156	0.0010384709049366262	1.03127766	56.21800232	1.00634871	0.16276174585903216	0.0130276	7e-05
0.0761	-0.2874	-0.2144	0.013772393127487254	-0.00312413936106985	0.001129228026040331	0.97686183	53.25163651	0.96697336	0.06034395102393188	0.0126291	2e-05
0.0745	-0.3591	-0.2642	0.014154620233674012	-0.0029740410453983376	0.0010122909661567112	0.98985636	53.96000671	0.98638795	0.15556312408709447	0.0151805	7e-05
0.0792	-0.3457	-0.3016	0.014550809973876724	-0.0028763026072866553	0.001223475805648025	1.00771499	54.93353271	0.99300462	0.09075565089028537	0.0156705	7e-05
0.0801	-0.3137	-0.2924	0.014566517937144674	-0.0029059732045705585	0.0012531464029319286	1.02500391	55.87600327	0.99798527	0.04585245789178785	0.013475	6e-05
0.0788	-0.2097	-0.2293	0.013775883785991243	-0.0029199358385865134	0.0013665928043115599	1.0479368	57.12614059	1.02242196	0.2143021593274508	0.0128437	4e-05
0.0793	-0.2825	-0.226	0.013686871994139533	-0.002967059728390361	0.0014014993893514465	0.97641557	53.22731018	0.97945552	0.08515211333477221	0.0134376	6e-05
0.0813	-0.3636	-0.2516	0.014388494353441252	-0.002998475654926258	0.0014311699866353504	1.01427066	55.290905	1.00151831	0.14683544415607605	0.0146751	7e-05
0.0816	-0.344	-0.2909	0.015399039990345968	-0.0030927234345339517	0.001069886831472524	1.03335595	56.33129883	1.00818329	0.13250382858376183	0.0163299	6e-05
0.0838	-0.3081	-0.292	0.01582315499858059	-0.002892010570554604	0.0009354964790689606	1.02979159	56.13699722	1.00020778	0.07716091123087654	0.0165484	4e-05
0.0847	-0.238	-0.2689	0.015844098949604524	-0.0028658306317746896	0.0010192722831646884	0.98712176	53.81093597	0.98593887	0.1006449846949789	0.0171261	7e-05
0.0824	-0.3136	-0.2755	0.015789993742792698	-0.003040363556974122	0.0010681415022205296	1.00986588	55.05078506	0.99428968	0.09837536755335509	0.0148587	3e-05
0.0791	-0.3769	-0.295	0.015978489302008087	-0.0031677725923697077	0.0010122909661567112	1.01063955	55.09296036	0.99154623	0.10468775653373968	0.0163462	4e-05
0.073	-0.3469	-0.3109	0.016339772457170915	-0.0032218777991815323	0.0009773843811168245	1.00855482	54.9793129	0.98195228	0.074514747350727	0.0148768	5e-05
0.0727	-0.3185	-0.3181	0.01670105561233374	-0.003321361566545209	0.0009861110273767962	0.99265522	54.11257935	0.97624945	0.05937467843932357	0.0164505	3e-05
0.0744	-0.2485	-0.2437	0.01610938899590766	-0.0033981560536329595	0.0011047934165124105	1.04008198	56.69795227	1.01106484	0.18545717463247216	0.0176434	0.0001
0.0724	-0.2768	-0.2466	0.01607273708161578	-0.003309144261781249	0.0011833332328521555	0.99553633	54.26963806	0.9813323	0.04341017612416678	0.0153654	5e-05
0.0707	-0.3796	-0.272	0.015938346729212217	-0.0033649947978450674	0.0011780972450961724	1.01187813	55.1604805	1.00346825	0.13967384381116824	0.0165626	7e-05
0.0683	-0.3856	-0.2778	0.01628566725035909	-0.0033911747366249826	0.0011449359893082802	1.00761831	54.92826462	0.98680215	0.034533085785734045	0.0176197	4e-05
0.0652	-0.3319	-0.2685	0.016365952395950827	-0.003532546406036523	0.001129228026040331	1.03290212	56.3065567	1.0031601	0.07796823891356129	0.0153478	6e-05
0.0665	-0.2643	-0.2307	0.015913912119684296	-0.003530801076784529	0.0012950343049797925	1.00275016	54.66288376	0.99171638	0.13767959422289938	0.0150415	6e-05
0.0661	-0.336	-0.2432	0.01600815989929199	-0.00352731041828054	0.0011850785621041497	1.00802302	54.95032501	0.99004295	0.09498470904936629	0.017942	6e-05
0.0609	-0.3917	-0.2691	0.01633104581091094	-0.0034417892849328176	0.0010663961729685354	1.02877581	56.08161926	1.00496788	0.11315447170511445	0.0166876	6e-05
0.0623	-0.3817	-0.297	0.016763887465405535	-0.003295181627765294	0.001181587903600161	1.026582	55.96203232	0.9997418	0.07403205211468714	0.0190331	8e-05
0.0649	-0.3432	-0.2876	0.01664869573477391	-0.00326551103048139	0.0012863076587198209	0.98563147	53.72969437	0.97804887	0.0629791041517594	0.0163834	4e-05
0.066	-0.275	-0.2491	0.016336281798666925	-0.0032847096522533284	0.0014259339988793671	1.03972292	56.67837906	1.0151958	0.1313619449019235	0.0181491	0.00014
0.0678	-0.2485	-0.222	0.016050047801339853	-0.0033929200658769764	0.001595230936322817	1.02292418	55.76263428	1.00155701	0.08358706741970849	0.0164312	6e-05
0.0653	-0.3285	-0.2394	0.016116370312915636	-0.0034766958699727043	0.001509709802975095	0.99946052	54.48355865	0.98927647	0.11168097245096165	0.0166837	6e-05
0.0665	-0.3993	-0.2718	0.01631010185988701	-0.0033702307856010505	0.001481784534943186	0.98480225	53.6844902	0.98326052	0.12080609496874678	0.0159366	2e-05
0.0727	-0.3995	-0.2978	0.01696285500013289	-0.0032637657012293962	0.0014416419621473165	1.00933182	55.0216713	0.98781412	0.07236803987067024	0.0192511	6e-05
0.0755	-0.3559	-0.2745	0.016920967098085025	-0.003452261260444784	0.0015166911199830724	1.02560103	55.90855408	0.99767805	0.08497163095495042	0.0179607	7e-05
0.0728	-0.2628	-0.235	0.01642005760276265	-0.003378957431861022	0.0015899949485668342	1.01816189	55.50302505	1.00383654	0.1676758576244949	0.0164769	5e-05
0.069	-0.3477	-0.2558	0.016336281798666925	-0.003543018381548489	0.001710422666954443	1.00689042	54.88858414	0.99339279	0.12791322360854013	0.0161897	4e-05
0.0638	-0.4147	-0.2806	0.01668709297831778	-0.003525565089028546	0.001572541656046891	1.01783288	55.48508835	0.99993672	0.12230727415391757	0.0184574	0.00011
0.0625	-0.3914	-0.2993	0.01703964948722064	-0.003417354675404897	0.0015550883635269475	1.01759601	55.47217941	0.99304026	0.06721101075232248	0.0165741	6e-05
0.071	-0.359	-0.2761	0.016929693744344998	-0.003443534614184812	0.0016912240451825054	0.98346692	53.61169815	0.9768071	0.07771356816555575	0.0180579	9e-05
0.0729	-0.2912	-0.2358	0.016872097879029182	-0.003419100004656891	0.0017540558982543013	1.04008198	56.69795227	1.01133122	0.11724311639577661	0.0178178	7e-05
0.074	-0.3276	-0.2359	0.016889551171549125	-0.003563962332572421	0.0018168877513260971	1.00352645	54.70520401	0.98758429	0.04885737367536339	0.0181188	9e-05
0.0779	-0.4067	-0.2508	0.0167743594409175	-0.003600614246864302	0.001891936909161853	0.99428558	54.20145798	0.98896805	0.10924464013796312	0.0187292	7e-05
0.0771	-0.4171	-0.2469	0.01725781564371993	-0.0037245326237558994	0.0018936822384138475	1.01506138	55.33400345	0.9904431	0.04555599544730119	0.0189245	8e-05
0.0812	-0.3631	-0.2166	0.016898277817809098	-0.003687880709464018	0.0020141099568014562	1.035267	56.4354744	1.00452583	0.1142308729295162	0.0203372	0.0001
0.0837	-0.3216	-0.2007	0.016763887465405535	-0.0036931166972200015	0.002064724505109292	0.96827263	52.78341293	0.97007801	0.06941204442336908	0.0204417	0.00013
0.0782	-0.4223	-0.2264	0.01719672911990013	-0.0038275070496235643	0.002171189589480946	1.03522635	56.43326187	1.01435426	0.1655848545634905	0.0186628	0.0001
0.0817	-0.4472	-0.2407	0.01753357766553503	-0.0038501963298994907	0.0021118483949131386	1.00211453	54.62823868	0.98413	0.06364395102393178	0.0192673	7e-05
0.0829	-0.4299	-0.2562	0.017671458676442584	-0.0038432150128915135	0.002186897552748895	0.98447138	53.66645432	0.97237923	0.044995574287564254	0.0198227	3e-05
0.0858	-0.3786	-0.2456	0.017751743822034323	-0.003757693879543791	0.0023352505391684127	1.00419331	54.74155807	0.98911776	0.08050796326794894	0.0208074	9e-05
0.0858	-0.3242	-0.2193	0.01752834167777905	-0.0037734018428117405	0.0024260076602721182	1.02087867	55.65112305	0.99864995	0.09719336143134638	0.0210081	7e-05
0.0829	-0.3705	-0.2282	0.0174218765934074	-0.0037978364523396607	0.0022724186860966175	0.96956617	52.85392761	0.97235577	0.07232443340375366	0.018233	5e-05
0.0857	-0.4115	-0.2593	0.017690657298214525	-0.003790855135331684	0.0021956241990088664	1.00073862	54.55323029	0.9841478	0.09252782544514265	0.0184906	4e-05
0.085	-0.4195	-0.2756	0.017973400637037607	-0.003745476574779831	0.0022026055160168437	0.99587601	54.2881546	0.97759318	0.04175516081914568	0.0186603	6e-05
0.0884	-0.3943	-0.2755	0.0180065618928255	-0.003605850234620285	0.0021170843826691216	0.99848419	54.430336	0.98369647	0.04161543646475797	0.019842	4e-05
0.0903	-0.3098	-0.2324	0.01756499359207093	-0.0037350045992678655	0.0023701571242082994	1.02000225	55.60334778	1.00298621	0.17068977034706623	0.0188424	0.00011
0.0873	-0.3764	-0.2239	0.017339846118563665	-0.0038798669271833948	0.0022741640153486112	1.01828349	55.509655	0.9982089	0.1014001455141242	0.0196638	0.00015
0.0833	-0.4373	-0.26	0.017552776287306972	-0.0038519416591514853	0.002230530784048753	1.00259614	54.65449142	0.98815066	0.1152244334037538	0.0178015	7e-05
0.0866	-0.434	-0.2778	0.017751743822034323	-0.003837979025135531	0.00222529479629277	0.98671705	53.78887177	0.97261113	0.035308307824964406	0.0195516	7e-05
0.0893	-0.4165	-0.269	0.017852972918649995	-0.0037943457938356727	0.0021607176139689798	1.01429057	55.29198456	0.99439688	0.039471975511966	0.0214383	7e-05
0.0872	-0.3382	-0.2249	0.01710771732804842	-0.003895574890451344	0.00243473430653209	1.04800487	57.12985611	1.01754425	0.18052506898901785	0.0178363	0.0001
0.0865	-0.3605	-0.2194	0.017175785168876197	-0.003913028182971286	0.002197369528260861	0.96571195	52.64382172	0.96843026	0.044644295580947395	0.0198651	6e-05
0.0855	-0.4336	-0.2361	0.0172054557661601	-0.0039723693775390945	0.002078687139125246	1.02312803	55.77374268	1.00178075	0.10118470904936624	0.0196517	9e-05
0.0896	-0.4342	-0.2557	0.017357299411083608	-0.004181808887778414	0.00199142067652553	1.01210892	55.17306137	0.99071196	0.046727480888127185	0.0205969	0.00011
0.093	-0.4204	-0.2552	0.0174218765934074	-0.004218460802070294	0.0020629791758572974	0.99056733	53.99876404	0.97622593	0.026339379797371935	0.0209548	0.0001
0.0942	-0.3369	-0.2133	0.017053612121236593	-0.004209734155810323	0.002230530784048753	1.02225304	55.72604752	1.00367069	0.15382713633111167	0.0184688	0.00011
0.0986	-0.3715	-0.206	0.017057102779740582	-0.0042324234360862495	0.002356194490192345	1.00379312	54.71974182	0.98590892	0.0538921822461754	0.0184777	9e-05
0.1007	-0.4361	-0.2421	0.017146114571592295	-0.0041887902047863905	0.0022933626371205488	1.01273	55.20691681	0.99504366	0.1125738438111684	0.0205994	9e-05
0.1072	-0.4245	-0.2609	0.017240362351199988	-0.004221951460574283	0.0023928464044842257	0.97295868	53.03886414	0.96925916	0.04824464013796316	0.0186257	5e-05
0.1087	-0.4269	-0.2663	0.017709855919986462	-0.004185299546282402	0.0023282692221604354	1.02372873	55.80648804	0.99464032	0.037836133270107264	0.0223558	6e-05
0.1076	-0.3457	-0.2297	0.01731017552127976	-0.004202752838802345	0.00243473430653209	1.04600942	57.0210762	1.01653449	0.14507993877991499	0.0215756	7e-05
0.1113	-0.3209	-0.2332	0.017549285628802983	-0.004447098934081553	0.0023073252711365037	0.96397018	52.5488739	0.96777236	0.06254326190990087	0.0197713	7e-05
0.1072	-0.4153	-0.2465	0.01746725515395925	-0.004602433237509047	0.0023404865269243957	1.0216819	55.69491196	1.00265837	0.12532630170295597	0.0192987	0.0001
0.1043	-0.457	-0.2556	0.01747074581246324	-0.004511676116405342	0.002281145332356589	1.00446177	54.75618744	0.98673731	0.06137944870877505	0.0201902	0.00012
0.0998	-0.4286	-0.2702	0.017744762505026348	-0.004178318229274424	0.0022654373690886398	1.02352917	55.79561234	0.99858558	0.07865412714809884	0.021458	7e-05
0.0971	-0.3879	0.0021	0.016816247342965364	-0.004274311338134113	0.0021851522234969008	1.30648422	71.22032928	1.27291686	0.37093967082562046	0.0237738	0.0007
0.0872	-0.3396	-0.1585	0.017018705536196707	-0.003939208121751202	0.002001892652037496	1.26095569	68.73843384	1.22446533	0.25484104905368293	0.0198818	0.00025
0.0878	-0.5079	-0.2971	0.017402677971635458	-0.0036163222101322505	0.0018814649336498872	1.20589125	65.73670959	1.17628128	0.3488643032722656	0.022572	0.00012
0.0666	-0.4205	-0.3499	0.0180065618928255	-0.0027331856086231197	0.0014364059743913332	1.0487417	57.17002106	1.04031512	0.2580039740978863	0.0207364	0.00012
0.0796	-0.4077	-0.3589	0.018887953165082634	-0.003085742117525975	0.001158898623324235	1.02794015	56.03606415	1.01200469	0.11037275661135444	0.0236378	0.00019
0.0818	-0.3012	-0.3251	0.0161285876176796	-0.0028902652413026098	0.0011344640137963143	1.08259821	59.01564026	1.07707528	0.2914638516577158	0.0187325	0.00014
0.0763	-0.2601	-0.2968	0.014941763726323453	-0.0027925268031909274	0.0013439035240356337	0.96246099	52.46660233	0.9794919	0.1496000919853575	0.0185761	0.00016
0.0741	-0.1839	-0.2387	0.014149384245918028	-0.0027244589623631483	0.0017278759594743865	1.02036226	55.62297058	1.01950571	0.19872098783359787	0.0170254	0.00011
0.0662	-0.2884	-0.2507	0.013959143357450647	-0.0028675759610266834	0.0016388641676226754	1.05219865	57.3584671	1.03045391	0.1455184839491313	0.0150817	0.0001
0.0654	-0.3614	-0.3009	0.014046409820050362	-0.0026406831582674204	0.0016283921921107093	1.0403558	56.71287918	1.0161953	0.1402315620435472	0.0154883	8e-05
0.0688	-0.3582	-0.2978	0.013777629115243236	-0.002336995868420407	0.0018186330805780916	1.01438248	55.29699707	0.99321692	0.047835444156076046	0.0146383	4e-05
0.0728	-0.3264	-0.2988	0.014023720539774437	-0.002319542575900464	0.0019146261894377795	1.01791728	55.48968887	0.99597138	0.05477689129554156	0.0141919	7e-05
0.0813	-0.3276	-0.2934	0.014041173832294382	-0.0023527038316883565	0.0019058995431778078	1.02651978	55.95863724	0.99871145	0.018067059728390428	0.0157034	0.00011
0.0834	-0.2508	-0.2333	0.013285446266180835	-0.0023439771854283846	0.0020629791758572974	1.03120756	56.21417999	1.01316967	0.18507669225265036	0.0147881	6e-05
0.0808	-0.2536	-0.2214	0.01349314044716816	-0.0023230332344044524	0.002089159114637212	0.99885446	54.45051956	0.98860944	0.030040903539558583	0.0148197	9e-05
0.0817	-0.3607	-0.254	0.013351768777756621	-0.002324778563656447	0.0021607176139689798	1.05158651	57.32509995	1.02406116	0.1513337748997651	0.015572	0.00011
0.0756	-0.3798	-0.2577	0.013346532790000637	-0.0023352505391684127	0.0022741640153486112	1.02522731	55.88817978	0.99548235	0.035357718232379036	0.016029	5e-05
0.0714	-0.356	-0.2629	0.013470451166892236	-0.0021956241990088664	0.0022026055160168437	0.97182143	52.97686768	0.96999066	0.04995516081914569	0.0152324	5e-05
0.0726	-0.2998	-0.2276	0.013014920232121715	-0.002368411794956305	0.0022444934180647076	1.02191889	55.70783234	1.00073786	0.12621032163829116	0.014444	0.0001
0.0659	-0.2596	-0.1978	0.012231267397976262	-0.0026249751949994717	0.002230530784048753	1.02960038	56.12657166	1.0040252	0.1294089434102287	0.0133458	9e-05
0.0642	-0.3757	-0.2209	0.011962486693169135	-0.0027279496208671367	0.0020717058221172693	1.03178513	56.24567032	1.01807233	0.1674290046303138	0.0129368	6e-05
0.0633	-0.4068	-0.2625	0.012360421762623844	-0.002542944720155738	0.0020594885173533086	1.00665414	54.8757019	0.98714238	0.10335786374650344	0.0152676	4e-05
0.0603	-0.3887	-0.2633	0.012646655759950913	-0.0027558748888990466	0.0019931660057775245	1.01175666	55.15385437	0.98978401	0.05017433388230801	0.0142274	6e-05
0.0625	-0.3422	-0.2493	0.012836896648418295	-0.0028361600344907856	0.0020001473227855013	1.03885901	56.63128662	1.00103349	0.0765753675533549	0.0159765	6e-05
0.0541	-0.2688	-0.1893	0.012477358822507462	-0.003214896482173555	0.0018797196043978928	0.99558055	54.27204895	0.99427753	0.18473509959906056	0.014173	7e-05
0.0479	-0.366	-0.2	0.013128366633501346	-0.0034487706019407953	0.0016982053621904826	1.03926444	56.65338898	1.0149078	0.1674198086484267	0.0170772	7e-05
0.0445	-0.4191	-0.2247	0.013667673372367593	-0.0034749505407207105	0.0014276793281313615	1.00483465	54.77651978	0.98645716	0.12300063558526418	0.0179423	7e-05
0.0303	-0.4078	-0.229	0.01393994473567871	-0.0035150931135165793	0.0011379546723003027	0.99127048	54.03709412	0.97534645	0.05990692959690219	0.0180134	7e-05
0.0226	-0.4034	-0.2035	0.013646729421343665	-0.003480186528476693	0.0010157816246606998	1.00447524	54.75692368	0.98516305	0.06011474735072676	0.0182962	0.00011
0.0099	-0.3433	-0.1372	0.012508774749043359	-0.0034086280291449255	0.0011013027580084218	1.04634607	57.0394249	1.01456618	0.20385171524898976	0.0174801	0.00011
-0.0038	-0.3909	-0.1337	0.01266585438172285	-0.0036337755026521943	0.0008656833089891874	0.96244138	52.46553421	0.96471312	0.0956923277602997	0.0177009	0.0001
-0.0014	-0.4704	-0.1674	0.013407619313820441	-0.003935717463247213	0.0005305800926062762	1.02613795	55.93782043	1.00173792	0.184540505453776	0.0190658	0.00014
0.0029	-0.4852	-0.2059	0.014411183633717179	-0.0041329396687225725	0.000582939970166106	1.02970421	56.13222885	1.00579842	0.12025732014659637	0.016914	7e-05
0.0012	-0.4622	-0.1918	0.013692107981895515	-0.0042167154728183	0.0006946410422937432	1.01609159	55.39016342	0.99014475	0.08452762640225149	0.0150968	7e-05
-0.0024	-0.4266	-0.1914	0.013688617323391526	-0.004194026192542374	0.0008011061266653974	1.01749575	55.46671295	0.99650984	0.046232251157578494	0.0151265	8e-05
-0.0053	-0.3937	-0.1876	0.014046409820050362	-0.004071853144902771	0.0008552113334772215	1.03283894	56.30311584	1.00658825	0.0663035375555132	0.0168241	8e-05
-0.0049	-0.431	-0.214	0.014255849330289684	-0.004194026192542374	0.0008552113334772215	0.9799667	53.42089081	0.97580501	0.08068062789394627	0.016643	7e-05
0.0006	-0.4614	-0.2384	0.014505431413324872	-0.004195771521794368	0.0008377580409572782	0.99748039	54.37561417	0.97890173	0.07373903524035624	0.0177506	7e-05
0.0022	-0.4508	-0.2387	0.014693926972540261	-0.004169591583014453	0.0008482300164692441	1.00514531	54.7934494	0.98130873	0.023757373675363527	0.0170679	2e-05
0.0007	-0.3862	-0.1866	0.014002776588750506	-0.004108505059194652	0.0009616764178488756	1.00639796	54.86174011	0.99324726	0.16148416544945937	0.0151869	4e-05
-0.0017	-0.3722	-0.1799	0.014467034169780997	-0.004145156973486532	0.00102799892942466	1.00196207	54.61992645	0.98407708	0.05146160034490776	0.0159757	4e-05
0.0025	-0.4688	-0.2134	0.014594443205176584	-0.004129449010218584	0.0008866272600131194	1.02679467	55.97362137	1.00727132	0.14852443340375387	0.0167572	8e-05
0.0034	-0.4762	-0.2251	0.014638076436476442	-0.004136430327226561	0.0008866272600131194	0.99076772	54.00968552	0.9748701	0.022530727415391708	0.0164933	7e-05
0.0047	-0.4606	-0.2208	0.01465378439974439	-0.0042603487041181585	0.0007819075048934597	1.00642085	54.8629837	0.98601604	0.03341730476396027	0.0173239	4e-05
0.0046	-0.4445	-0.2393	0.015006340908647246	-0.00400727596257898	0.0008761552845011534	1.02195823	55.7099762	0.99468625	0.06969385150248641	0.016247	6e-05
-0.0024	-0.3716	-0.2123	0.014784684093643963	-0.003993313328563026	0.0008848819307611251	1.00620687	54.85131836	0.99394692	0.11911730476396049	0.0156062	6e-05
-0.003	-0.3493	-0.1774	0.014718361582068183	-0.003947934768011174	0.0010419615634406148	0.99605829	54.29809189	0.97958551	0.07123903524035609	0.0160214	4e-05
0.0026	-0.4411	-0.2105	0.014854497263723739	-0.004000294645571003	0.0009040805525330626	1.02502561	55.87718582	1.0067119	0.14681882850614683	0.0161368	6e-05
0.0049	-0.4828	-0.2123	0.014458307523521027	-0.003953170755767157	0.0009721483933608416	0.99391794	54.18141556	0.97842496	0.07136907354171682	0.0158124	4e-05
0.0074	-0.458	-0.2352	0.014877186543999667	-0.003920009499979264	0.0009354964790689606	0.99668467	54.33223724	0.9799699	0.07463460952792068	0.0156471	5e-05
0.0088	-0.4474	-0.2289	0.014721852240572169	-0.0037000980142279784	0.000905825881785057	1.00580895	54.82963181	0.98425582	0.03854581932313438	0.0162736	7e-05
0.0181	-0.35	-0.1996	0.01467298302151633	-0.003626794185644217	0.001329940890019679	1.02357233	55.797966	1.011392	0.16331440279371115	0.0159227	5e-05
0.0142	-0.3787	-0.2052	0.014788174752147956	-0.0038152897448596045	0.0011327186845443199	0.98462784	53.67498398	0.97544789	0.06324547476611868	0.0156149	5e-05
0.013	-0.4574	-0.2427	0.015009831567151233	-0.0038170350741115982	0.001218239817892042	1.02087855	55.65111542	1.00373992	0.13284616388014964	0.0163504	8e-05
0.0104	-0.4442	-0.2553	0.015161675212074741	-0.003563962332572421	0.0012007865253720988	1.01776385	55.48132324	0.990867	0.04951848394913141	0.0166306	9e-05
0.0121	-0.4319	-0.2624	0.015610224829837285	-0.003673918075448063	0.0012374384396639797	0.96682465	52.70447922	0.96873342	0.050857863746503314	0.0163491	7e-05
0.015	-0.3627	-0.2065	0.015002850250143257	-0.003679154063204046	0.0014259339988793671	1.0304184	56.17116165	1.00538746	0.16805530633326993	0.0158791	5e-05
0.0099	-0.3701	-0.201	0.014973179652859353	-0.0037384952577718534	0.0013456488532876281	1.00445831	54.75600433	0.9866186	0.026464846872172435	0.0154321	6e-05
0.0116	-0.4769	-0.2183	0.014840534629707783	-0.003680899392456041	0.0013857914260834976	1.01477766	55.31854248	0.9993516	0.13731917306316255	0.0176505	7e-05
0.0127	-0.4775	-0.2222	0.014995868933135278	-0.0036948620264719957	0.0013753194505715315	0.97856581	53.34452438	0.97083724	0.014588445647770804	0.0166106	7e-05
0.0205	-0.472	-0.2233	0.015425219929125884	-0.0036948620264719957	0.0014276793281313615	1.0131861	55.23177719	0.9874223	0.0384855436775218	0.0185801	9e-05
0.0355	-0.4007	-0.1794	0.014896385165771603	-0.0035674529910764093	0.0017226399717184032	1.05008924	57.24347687	1.01486782	0.17776022211684545	0.015446	4e-05
0.0381	-0.3847	-0.1703	0.014851006605219751	-0.003560471674068432	0.0016318828506146981	0.95527804	52.07503891	0.96147607	0.034855849933176725	0.0156037	5e-05
0.0406	-0.4763	-0.1949	0.014662511046004361	-0.0035499996985564664	0.0016824973989225337	1.02845061	56.06389618	1.00674416	0.13117910415175957	0.016273	3e-05
0.0421	-0.513	-0.2095	0.014857987922227728	-0.003637266161156183	0.0016493361431346415	1.01187885	55.16051865	0.98765482	0.06859522973054877	0.0171072	8e-05
0.0417	-0.4793	-0.2063	0.014873695885495674	-0.003570943649580398	0.0016702800941585732	1.01216221	55.17596436	0.98503534	0.04244872129338315	0.0169267	4e-05
0.0428	-0.4091	-0.1686	0.014627604460964474	-0.0036459928074161546	0.0017994344588061536	1.02568638	55.91320801	1.00537841	0.13151474735072682	0.0158395	7e-05
0.0395	-0.4265	-0.1593	0.014700908289548238	-0.003867649622419434	0.0018151424220741027	1.00572014	54.82479095	0.98736077	0.04553343034274961	0.0157163	4e-05
0.0431	-0.4974	-0.1799	0.014524630035096811	-0.0038519416591514853	0.0016667894356545846	1.00526297	54.79986572	0.98941651	0.11211696020694473	0.0166553	5e-05
0.0477	-0.5186	-0.1986	0.014597933863680572	-0.0037751471720637348	0.0017366026057343581	0.96944177	52.84714508	0.96784035	0.05549557428756419	0.0174868	3e-05
0.0503	-0.4909	-0.2023	0.014854497263723739	-0.004016002608838952	0.0016772614111665507	1.00295806	54.67422104	0.98439695	0.06183800156930951	0.0169577	9e-05
0.0459	-0.4434	-0.1659	0.014720106911320177	-0.004234168765338243	0.0016598081186466073	1.03105855	56.2060585	1.00279674	0.10680049007113979	0.0168703	6e-05
0.0426	-0.4355	-0.1509	0.014854497263723739	-0.00446629755585349	0.0017715091907742446	0.99235189	54.09604645	0.98017766	0.05011101075232226	0.0177029	7e-05
0.0409	-0.5086	-0.1888	0.015454890526409786	-0.0045867252742410975	0.001790707812546182	1.00880337	54.9928627	0.99571758	0.14970098014227967	0.0181773	6e-05
0.0467	-0.5201	-0.2009	0.016536994662646274	-0.0048415433450322695	0.0018151424220741027	1.00518644	54.79569626	0.9867355	0.09746784082777897	0.0201328	0.00011
0.0495	-0.4607	-0.1767	0.01660506250347405	-0.0052499503899989435	0.0017331119472303693	1.03519154	56.43136215	1.00574033	0.1143252680319092	0.0216119	9e-05
0.0448	-0.4706	-0.1775	0.01657190124768616	-0.0058869955669768725	0.0015603243512829306	0.96123868	52.39997101	0.96668613	0.05754970143566296	0.0208154	7e-05
0.0516	-0.5538	-0.2094	0.0169593643416289	-0.00622035345410779	0.0014695672301792255	1.0253768	55.89633179	1.00413508	0.1624789051088681	0.0258427	0.00017
0.0536	-0.5545	-0.2382	0.0177604704682943	-0.006654940437854378	0.0012897983172238095	1.02428746	55.83694839	1.00016147	0.10227310116837018	0.025915	0.00019
0.0508	-0.482	-0.2173	0.0174829631172272	-0.006606071218798537	0.0013072516097437528	1.03268421	56.29467773	1.0042675	0.11339149313214412	0.0236217	0.00012
0.0429	-0.447	-0.1799	0.01711644397430839	-0.006550220682734718	0.0012112585008840647	0.97698277	53.2582283	0.9813304	0.10621813939211588	0.024571	0.00017
0.0369	-0.523	-0.1867	0.01714087858383631	-0.006564183316750673	0.0010803588069844899	1.01332247	55.23921204	1.00142723	0.09726484687217257	0.0247633	0.00017
0.028	-0.568	-0.2221	0.017400932642383467	-0.006253514709895682	0.0008499753457212384	1.00169909	54.60559082	0.98841114	0.12935530633326983	0.0251889	0.00025
0.0244	-0.5365	-0.2283	0.01725432498521594	-0.005838126347921033	0.0007888888219014368	1.01279581	55.21050644	0.99187166	0.07245412714809876	0.0221198	0.00014
0.016	-0.478	-0.1824	0.01656491993067818	-0.005921902152016759	0.0008185594191853405	0.99188197	54.07042694	0.98766522	0.15294257279586948	0.0221127	0.00012
0.0119	-0.4571	-0.1764	0.016358971078942852	-0.005838126347921033	0.0006998770300497262	1.00735259	54.9137764	0.99075716	0.05142035224833345	0.0226638	0.00017
0.0084	-0.5342	-0.2155	0.016578882564694135	-0.005838126347921033	0.0006440264939859076	1.02524102	55.88893127	1.00955395	0.13348810109075504	0.0225478	0.0002
0.0069	-0.5225	-0.236	0.016880824525289155	-0.005530948399570031	0.0007627088831215222	1.00995159	55.05545425	0.99066126	0.07009011490408189	0.0224904	0.00016
0.0086	-0.4609	-0.2194	0.016552702625914222	-0.005448917924726297	0.0009232791743050004	0.9874413	53.82835388	0.98270517	0.10843613327010725	0.0193793	7e-05
0.0096	-0.4071	-0.1702	0.016255996653075186	-0.0055710909723658995	0.001022762941668677	1.00885963	54.99593353	0.99352268	0.12991813939211577	0.0199294	9e-05
0.014	-0.4965	-0.1888	0.016292648567367066	-0.005738642580557355	0.0010733774899765126	1.01637185	55.4054451	1.00051566	0.1251409035395586	0.0208482	0.00011
0.0162	-0.5482	-0.2257	0.016709782258593712	-0.0054052846934264384	0.0012583823906879114	1.01443827	55.3000412	0.9949514	0.1375748239534481	0.0228427	0.0001
0.0145	-0.517	-0.2422	0.01692620308584101	-0.005373868766890541	0.0013281955607676848	0.97899091	53.36769867	0.97276961	0.06528249619314837	0.020008	4e-05
0.0192	-0.4692	-0.2013	0.016920967098085025	-0.005407030022678433	0.0013578661580515882	1.01412594	55.28301239	0.9972943	0.09680339204138896	0.0196524	6e-05
0.0253	-0.4346	-0.1655	0.01606924642311179	-0.005813691738393112	0.001541125729510993	1.02635407	55.94960403	1.00619391	0.14858209810736586	0.0208117	9e-05
0.0244	-0.523	-0.1878	0.016250760665319202	-0.005689773361501514	0.0015987215948268059	1.0136795	55.25867462	1.00011636	0.12975142422074107	0.0219752	6e-05
0.0248	-0.5643	-0.2314	0.01702394152395269	-0.005379104754646523	0.0015882496193148398	0.97628534	53.22021103	0.97575225	0.14001607205002228	0.0234134	8e-05
0.0251	-0.5362	-0.2239	0.017126915949820354	-0.005496041814530144	0.001609193570338772	1.00435781	54.75052261	0.98623266	0.047942771838760806	0.0213658	6e-05
0.0261	-0.4758	-0.1664	0.016521286699378322	-0.005632177496185701	0.0016109388995907662	1.03057551	56.17972565	1.00356093	0.15607551306747916	0.0212377	6e-05
0.0214	-0.4683	-0.1609	0.01631010185988701	-0.005668829410477582	0.0017226399717184032	0.99120414	54.03347778	0.97650656	0.03567689129554154	0.0193553	0.00012
0.0245	-0.5628	-0.2043	0.01654397597965425	-0.005455899241734273	0.0017348572764823637	0.98374766	53.62700272	0.98741787	0.16395107966372546	0.0204151	3e-05
0.0255	-0.5694	-0.2157	0.016732471538869635	-0.0053058009260627615	0.0016964600329384882	1.00479066	54.77412033	0.98526654	0.03784955592153872	0.0231906	0.00016
0.0243	-0.5339	-0.217	0.017144369242340297	-0.0053546701451186035	0.0016598081186466073	1.01906383	55.55219269	0.99173363	0.0628709418409192	0.0209752	0.00011
0.0254	-0.4635	-0.1708	0.016683602319813796	-0.005363396791378575	0.0016999506914424768	1.02760696	56.01790237	1.00079959	0.14318180707911712	0.0200399	8e-05
0.0286	-0.5074	-0.1688	0.016770868782413514	-0.005567600313861911	0.0016912240451825054	0.97615647	53.21318436	0.97055862	0.06410983156715122	0.0222002	9e-05
0.03	-0.5682	-0.2041	0.017142623913088302	-0.005590289594137836	0.0016632987771505957	1.01753294	55.46873856	0.99685739	0.11861848394913121	0.0244607	0.00014
0.0362	-0.562	-0.2224	0.017320647496791724	-0.005799729104377157	0.0017139133254584315	1.01906729	55.55237961	0.99279542	0.05260388211252889	0.0225347	0.00012
0.0381	-0.4956	-0.1804	0.016824973989225337	-0.005888740896228867	0.0018727382873899156	0.995152	54.24868774	0.98741264	0.1474755130674791	0.0216873	0.00011
0.04	-0.4759	-0.1502	0.016421802932014645	-0.0058538343111889804	0.002038544566329377	1.00571525	54.82452011	0.98988476	0.08199419605950198	0.0242682	0.00018
0.0343	-0.5639	-0.1778	0.016713272917097698	-0.005928883469024737	0.0020141099568014562	1.03258145	56.28907776	1.01253771	0.14084768762233643	0.024688	0.00016
0.0324	-0.5854	-0.2053	0.016868607220525193	-0.005691518690753509	0.0020594885173533086	1.02356803	55.79772949	1.00440131	0.07280388211252883	0.0217682	0.00011
0.0323	-0.5436	-0.2199	0.01699252559741679	-0.00564788545945365	0.002256710722828668	0.97212797	52.99357986	0.97044285	0.07473869068334088	0.0205989	9e-05
0.0351	-0.5244	-0.2198	0.01704314014572463	-0.005712462641777441	0.0023387411976724015	0.9894976	53.94044876	0.97534774	0.03196111027376813	0.0213338	7e-05
0.0362	-0.4792	-0.1708	0.016636478430009947	-0.005815437067645105	0.002333505209916419	1.04456925	56.94256973	1.01100605	0.12104360646691636	0.0216954	9e-05
0.0337	-0.4614	-0.1522	0.016385151017722765	-0.005925392810520749	0.0023509585024363614	0.98968369	53.95059204	0.97700065	0.057836822384138495	0.0200544	0.0001
0.0298	-0.5632	-0.1878	0.016844172610997275	-0.005787511799613196	0.0022235494670407763	1.0260452	55.93276596	1.0098331	0.17751558197888245	0.0252371	0.0001
0.0242	-0.5627	-0.2155	0.01754754029955099	-0.005605997557405786	0.0021607176139689798	1.01798105	55.49316788	0.99920171	0.0811856891916461	0.0241408	0.00011
0.0239	-0.5573	-0.2427	0.018058921770385327	-0.0056042522281537915	0.0021327923459370708	1.0246582	55.85715866	0.99777967	0.05995260340591206	0.024318	0.00015
0.0215	-0.5033	-0.2384	0.017210691753916083	-0.005501277802286126	0.0022078415037728267	0.99052691	53.99655914	0.98575519	0.11201268000863332	0.0201151	6e-05
0.0258	-0.4512	-0.1869	0.016898277817809098	-0.005609488215909776	0.00210835773640915	1.01436746	55.29617691	0.99842309	0.13390540585471553	0.0212072	0.00011
0.0225	-0.4899	-0.2026	0.017250834326711952	-0.005635668154689691	0.0019373154697137059	1.00674582	54.88070297	0.99115226	0.08518893571891065	0.0225669	0.00012
0.0077	-0.6541	0.0242	0.016816247342965364	-0.005635668154689691	0.0014451326206513049	1.40942812	76.83210754	1.36476116	0.4521384916404496	0.0313441	0.00496
0.0073	-0.5467	0.0593	0.01667313034430183	-0.005803219762881146	0.0007766715171374765	1.4497174	79.02839661	1.40491723	0.19185648551844087	0.032384	0.00447
0.0029	-0.6083	-0.3118	0.018352137084720374	-0.005461135229490257	0.0010402162341886204	1.51102221	82.37030029	1.45142615	0.5513317995430288	0.0262282	0.00024
-0.025	-0.3225	-0.5039	0.01974141916930786	-0.0050893800988154655	0.0012740903539558604	1.48311281	80.84887695	1.44555911	0.6055455667514756	0.0320615	0.00137
-0.042	-0.4338	-0.6023	0.020512854698689357	-0.0050405108797596234	0.001192059879112127	1.06033003	57.80173492	1.06343287	0.2718167611640536	0.0323422	0.00235
-0.0431	-0.4084	-0.5912	0.020006709215611	-0.004907865856608054	0.0012304571226560022	1.00699115	54.89407349	0.98870793	0.07145938748869016	0.0327542	0.0022
-0.0361	-0.3519	-0.5754	0.020589649185777104	-0.004874704600820162	0.0014748032179352085	1.01911139	55.55478668	1.00289212	0.12232236606166008	0.0318763	0.00191
-0.0256	-0.2755	-0.5628	0.020594885173533087	-0.004914847173616032	0.0014224433403753785	1.05270362	57.38599777	1.02271263	0.1043869219055842	0.0342692	0.00259
-0.0166	-0.2001	-0.5609	0.020786871391252463	-0.0048904125640881115	0.001298524963483781	1.00636768	54.86008835	1.00270028	0.10331696020694472	0.0364504	0.0029
-0.0062	-0.1468	-0.52	0.02055125194223323	-0.004872959271568168	0.001658062789394613	1.02900982	56.09437561	1.0104593	0.13523052837250044	0.0365411	0.00246
0.0052	-0.2668	-0.5284	0.020430824223845623	-0.004961971063419879	0.0014486232791552935	1.05254328	57.37725449	1.0363637	0.1607439510239317	0.0345963	0.00163
0.0034	-0.3894	-0.551	0.02029992452994605	-0.004888667234836118	0.001350884841043611	1.05498505	57.51036453	1.03336813	0.16209709802975095	0.0316804	0.0011
0.0097	-0.3958	-0.5294	0.019737928510803873	-0.004975933697435834	0.0012514010736799342	0.99698222	54.34845734	0.98248138	0.07173731245527848	0.030695	0.00086
0.0168	-0.3861	-0.5316	0.0199456226917912	-0.004948008429403923	0.0012880529879718153	1.02478397	55.86401367	0.99989611	0.03261356816555591	0.0310549	0.00071
0.0247	-0.3033	-0.477	0.019071212736542036	-0.004790928796724435	0.0017348572764823637	1.06397855	58.00062561	1.03485884	0.21921469382196	0.0281612	0.00034
0.0323	-0.3344	-0.4577	0.018809413348742893	-0.004811872747748367	0.0017505652397503124	0.98160064	53.50996399	0.98414624	0.07292256510455113	0.0280168	0.00022
0.0355	-0.3931	-0.4952	0.018940313042642463	-0.004900884539600078	0.0018797196043978928	1.02745771	56.00976562	1.00975851	0.11685329251994309	0.0275684	0.0003
0.0389	-0.3992	-0.5011	0.019125317943353863	-0.00474904089467657	0.0019792033717615696	1.01642871	55.40854263	0.99398913	0.03721661564992922	0.0295174	0.0005
0.0391	-0.3533	-0.5028	0.019390607989657003	-0.004820599394008338	0.0019687313962496035	0.99352133	54.15979385	0.98080887	0.06516602605734373	0.0284628	0.00042
0.0477	-0.2835	-0.4497	0.018760544129687046	-0.004991641660703782	0.002261946710584651	1.0149647	55.32873917	1.00144506	0.18621607205002247	0.0283767	0.00035
0.0594	-0.2796	-0.4385	0.018102555001685183	-0.005146975964131278	0.0024242623310201236	1.02298319	55.76585007	1.00425577	0.07558195259324157	0.0270893	0.00029
0.0598	-0.375	-0.4815	0.018496999412635905	-0.005195845183187119	0.0024713862208239705	1.02956247	56.12450409	1.01361288	0.16332187599052048	0.0272376	0.00035
0.0645	-0.3924	-0.495	0.01899441824945429	-0.005242969072990966	0.0025254914276357948	0.98193753	53.52832794	0.97716137	0.06553239667170283	0.0294533	0.00051
0.0683	-0.3915	-0.4806	0.01965240737745615	-0.006033603224144398	0.002673844414055313	1.0151118	55.33675385	0.99717765	0.0989488132787405	0.031098	0.00062
0.076	-0.3238	-0.4354	0.01943424122095686	-0.006279694648675598	0.002722713633111154	1.04580736	57.01005936	1.01870179	0.14625634000431673	0.0308326	0.00038
0.083	-0.3762	-0.4216	0.019223056381465542	-0.0065886179262785935	0.0027157323161031764	0.97514564	53.15808105	0.9812802	0.09955447170511453	0.0291787	0.0004
0.0873	-0.4339	-0.4524	0.01930508685630928	-0.006536258048718765	0.0028763026072866553	1.01186275	55.15963745	0.99785831	0.10754803217935233	0.0318828	0.00056
0.0878	-0.4122	-0.4648	0.019573867561116405	-0.006646213791594407	0.0028274333882308137	1.0121063	55.17291641	0.99437329	0.055980283336930434	0.0316379	0.00053
0.0893	-0.3861	-0.4194	0.0190520141147701	-0.006620033852814493	0.002925171826342496	1.00335908	54.69607925	0.98888911	0.10528859116189516	0.0292533	0.00042
0.092	-0.3756	-0.4089	0.01909564734606996	-0.006841690667817772	0.0028274333882308137	0.99501938	54.24145889	0.98350365	0.04185142422074121	0.0315991	0.00047
0.0854	-0.4297	-0.4276	0.019154988540637765	-0.006780604143997971	0.0027523842303950577	1.01355731	55.25201797	0.99824505	0.08917384381116807	0.0301936	0.00038
0.0841	-0.4015	-0.442	0.019004890224966254	-0.006682865705886288	0.0027244589623631483	1.01667547	55.42199707	0.99176052	0.05768810109075517	0.0277787	0.00029
0.0847	-0.4051	-0.447	0.019041542139258134	-0.006572909963010645	0.0026529004630313807	0.98541373	53.71782684	0.97583241	0.020108307824964557	0.0286819	0.00046
0.0825	-0.3626	-0.4554	0.01937839068489304	-0.00650658745143486	0.0025603980126756814	1.00959492	55.03601074	0.99443765	0.07788367537831956	0.0294723	0.00047
0.0792	-0.305	-0.4144	0.018835593287522802	-0.00626049602690366	0.0026389378290154262	1.04627144	57.03536224	1.01665246	0.14527143191205924	0.0294022	0.00038
0.0764	-0.3414	-0.416	0.01902757950524218	-0.006344271830999388	0.002583087292951608	0.95869875	52.26151276	0.96933104	0.05738062789394625	0.0276561	0.00029
0.0767	-0.4446	-0.4194	0.018847810592286764	-0.006471680866394974	0.0026057765732275338	1.02728236	56.00020599	1.01149311	0.12339336143134644	0.02747	0.00025
0.0761	-0.4623	-0.4358	0.019282397576033353	-0.006415830330331155	0.0026040312439755396	1.01119018	55.12297821	0.99152813	0.059309142453120085	0.029955	0.00037
0.0727	-0.4297	-0.4466	0.019640190072692187	-0.006447246256867054	0.0024731315500759648	1.02839124	56.0606575	0.99822001	0.07280540585471537	0.0285987	0.00035
0.0763	-0.3652	-0.4005	0.019008380883470243	-0.006567673975254662	0.002574360646691636	0.98689449	53.79854584	0.98943498	0.15687330021126117	0.029076	0.00033
0.0778	-0.4208	-0.4085	0.019134044589613836	-0.0065886179262785935	0.0026145032194875057	1.01361966	55.25541306	0.99926075	0.07443751149816963	0.0298248	0.00025
0.0765	-0.456	-0.4459	0.019640190072692187	-0.006375687757535285	0.0025883232807075904	1.01531255	55.34770203	0.99790688	0.1111627795300788	0.0318146	0.00042
0.0749	-0.4205	-0.4429	0.019589575524384357	-0.006513568768442837	0.002537708732399755	1.00952256	55.03207016	0.99353205	0.05205550537616094	0.0300327	0.00051
0.0784	-0.3645	-0.4075	0.01915324321138577	-0.0065833819385226105	0.002590068609959585	1.00993562	55.05458832	0.99336602	0.12282526803190952	0.0316602	0.00051
0.0801	-0.3534	-0.3923	0.019209093747449592	-0.006586872597026601	0.0025394540616517493	1.00556099	54.81611252	0.98742381	0.03349778714378236	0.0313801	0.00052
0.0804	-0.3961	-0.4137	0.019343484099853155	-0.006529276731710787	0.0025481807079117207	1.00803864	54.95117569	0.99038153	0.07443564319896742	0.0300861	0.00043
0.0856	-0.4166	-0.4358	0.019638444743440196	-0.006471680866394974	0.002617993877991494	0.97855586	53.3439827	0.97641037	0.06891848394913144	0.0308486	0.0006
0.0867	-0.3726	-0.4105	0.019366173380129078	-0.00661479786505851	0.002701769682087222	1.00713658	54.90200424	0.99418343	0.0953582083035192	0.0291443	0.00037
0.0858	-0.3589	-0.396	0.019114845967841895	-0.006712536303170191	0.0027401669256310974	1.01670039	55.42335129	1.00015727	0.04847315469713693	0.0316569	0.00039
0.0809	-0.418	-0.4069	0.019127063272605858	-0.0067369709126981125	0.0026563911215353696	0.99262124	54.11072922	0.9856289	0.08092138591938054	0.0283735	0.00038
0.0788	-0.4562	-0.434	0.019264944283513406	-0.006653195108602383	0.0026441738167714093	0.98380834	53.63031006	0.97581996	0.07909370598836195	0.0292365	0.00035
0.0725	-0.4437	-0.4432	0.019664624682220112	-0.006817256058289851	0.0025272367568877894	0.99421257	54.19747543	0.97874923	0.06203392041388969	0.0295495	0.00046
0.072	-0.384	-0.4334	0.019587830195132362	-0.0069097585086455495	0.002515019452123829	1.02739823	56.00652695	1.00069375	0.0790757121103704	0.0304148	0.00044
0.0743	-0.3188	-0.3923	0.019092156687565972	-0.0069481557521894255	0.002659881780039358	0.98299265	53.58584595	0.98499517	0.14254665395128982	0.0310985	0.00043
0.075	-0.3916	-0.408	0.019420278586940905	-0.006984807666481306	0.002713986986851182	1.02345955	55.79181671	1.00545933	0.11014395102393187	0.0296807	0.00051
0.0763	-0.4509	-0.4234	0.01931032284406526	-0.006990043654237291	0.0027401669256310974	1.01360869	55.25481415	0.9989692	0.0830685834705773	0.03193	0.00064
0.0719	-0.4367	-0.4214	0.019521507683556576	-0.006810274741281873	0.0027384215963791032	1.00491703	54.78100967	0.98678888	0.04023495408493644	0.0292439	0.0004
0.0732	-0.4145	-0.4088	0.019367918709381073	-0.006836454680061789	0.0027576202181510408	0.99129003	54.03815842	0.98117819	0.04604837673636782	0.0313114	0.00051
0.0703	-0.3552	-0.3718	0.019168951174653722	-0.006789330790257941	0.0028885199120506156	1.0276624	56.02092743	1.00591155	0.11804955592153855	0.030861	0.00034
0.0666	-0.3749	-0.3646	0.019001399566462265	-0.006935938447425466	0.002933898472602468	1.00496614	54.78368378	0.9893294	0.04857689129554174	0.0302845	0.0003
0.0679	-0.4852	-0.3871	0.01922131105221355	-0.006927211801165493	0.0029478611066184224	1.00522625	54.79786301	1.00327326	0.14623003830136067	0.0319751	0.00042
0.0612	-0.4952	-0.3764	0.019563395585604437	-0.006972590361717347	0.0029199358385865134	1.01097858	55.11143875	0.99156889	0.0481694180987324	0.0312856	0.00043
0.0564	-0.4602	-0.3636	0.01968556863324404	-0.007075564787585011	0.0028675759610266834	1.01785493	55.48629379	0.99436074	0.06647536755335492	0.032012	0.00049
0.0509	-0.398	-0.3351	0.019273670929773383	-0.0071069807141209106	0.002820452071222836	1.00035322	54.53222275	0.99008988	0.12072187599052016	0.0309355	0.00042
0.0482	-0.4774	-0.3473	0.019352210746113124	-0.007227408432508519	0.002717477645355171	1.00964677	55.03883743	0.99523524	0.10939709802975069	0.0311505	0.00047
0.0487	-0.4987	-0.3696	0.019582594207376378	-0.007098254067860938	0.0027890361446869386	1.01236808	55.18718719	0.99224211	0.06565481626213007	0.0337839	0.00057
0.0455	-0.4575	-0.3798	0.019746655157063843	-0.006977826349473328	0.002766346864411012	1.02806866	56.04307175	1.00105041	0.06995889741755006	0.0330101	0.00052
0.0433	-0.408	-0.3441	0.01940631595292495	-0.0070197142515211934	0.0027436575841350863	0.99434894	54.20491028	0.99576196	0.1076458193231342	0.0299271	0.00041
0.0402	-0.4212	-0.3384	0.01938188134339703	-0.007166321908688717	0.002623229865747477	1.00658774	54.87208557	0.99358657	0.03657349925415279	0.0289258	0.00033
0.0427	-0.4996	-0.3614	0.019631463426432218	-0.007209955139988575	0.0027628562059070234	1.01416171	55.28496552	0.9994233	0.1255420827247296	0.0307385	0.00053
0.0423	-0.4901	-0.3675	0.01992991472852325	-0.007112216701876892	0.002665117767795341	0.99457157	54.21704483	0.97770041	0.04069640891571983	0.0297529	0.0004
0.0397	-0.4795	-0.357	0.01968556863324404	-0.00701447826376521	0.002633701841259443	0.98571277	53.73412704	0.97627887	0.04237502299633935	0.0318279	0.0003
0.0373	-0.4046	-0.3342	0.019641935401944182	-0.006955137069197403	0.002698279023583233	1.03545094	56.44550323	1.01646471	0.10847758040957275	0.0308366	0.00031
0.033	-0.4242	-0.3381	0.019610519475408286	-0.007099999397112933	0.0027366762671271086	1.00249159	54.64878845	0.98781604	0.03853377489976511	0.0292397	0.00029
0.0371	-0.4961	-0.3511	0.019357446733869108	-0.007204719152232592	0.0027680921936630064	0.97483438	53.14111328	0.97797706	0.10846042115973668	0.0313239	0.00037
0.0385	-0.5096	-0.3602	0.01961924612166826	-0.007374016089676042	0.002825688058978819	1.00412405	54.73777771	0.98737132	0.04843460952792074	0.032784	0.00052
0.0359	-0.4917	-0.3496	0.019561650256352446	-0.007403686686959946	0.0028623399732707008	1.01499224	55.33023453	0.99087095	0.03729591884457992	0.0332713	0.00053
0.031	-0.4223	-0.3309	0.019397589306664978	-0.0070581114950650685	0.002670353755551324	0.99992818	54.50905228	0.99087938	0.12808111796508612	0.0324793	0.00031
0.0316	-0.4852	-0.3581	0.01945867583048478	-0.006836454680061789	0.0023963370629882146	1.0231986	55.77759171	1.0051665	0.11853800156930952	0.0304874	0.00047
0.024	-0.4672	-0.396	0.017502161738999135	-0.006590363255530588	0.0027925268031909274	1.11269248	60.65616989	1.08636292	0.193439762810978	0.0274698	0.00035
0.0261	-0.3803	-0.4052	0.01555262896452147	-0.006513568768442837	0.0031311206780778272	1.10743701	60.36967468	1.08143555	0.21644605682261572	0.0241174	0.00031
-0.0063	-0.1834	-0.3214	0.011660544732574116	-0.006686356364390277	0.0022060961745208325	1.29827523	70.77283478	1.2517355	0.5625948165725894	0.0240598	0.00125
-0.0458	-0.062	-0.1373	0.0036250488563922224	-0.0052115531464550675	-0.00010821041362364843	1.68885016	92.06423187	1.57663264	0.9362302841130794	0.0315637	0.00518
-0.0645	0.0046	-0.2358	-0.0002548180707911721	-0.003040363556974122	-0.0013316862192716734	1.51541471	82.60974884	1.50813213	0.5475266161156184	0.0523699	0.02026
-0.1139	0.1743	-0.5356	0.0028326693759867967	-0.005511749777798093	-0.0010960667702524388	1.51795805	82.74839783	1.52716579	0.8086246558310586	0.06586	0.04426
-0.1058	0.2006	-0.5726	0.0024120450262561633	-0.006426302305843123	0.0007173303225696694	1.15989733	63.2294426	1.16364999	0.22882869852988855	0.0677796	0.04909
-0.1048	0.2204	-0.647	0.004476769531365455	-0.006304129258203518	0.000947713783832921	1.0555594	57.54167175	1.0598505	0.21606405070060744	0.0697265	0.04919
-0.1233	0.2225	-0.6505	0.004858996637552213	-0.005911430176504794	0.0013892820845874865	1.10539389	60.25829697	1.09053734	0.08492472443200233	0.0684023	0.04896
-0.129	0.0712	-0.64	0.011472049173358728	-0.005728170605045389	0.0012322024519079964	1.59090066	86.72471619	1.58441091	0.5151695869972704	0.0469062	0.02114
-0.1345	0.057	-0.6462	0.010663961729685353	-0.006014404602372459	0.0015166911199830724	1.05998147	57.78273392	1.04339386	0.09484050545377604	0.0483564	0.02143
-0.1472	0.0266	-0.6379	0.010159561575858992	-0.00628493063643158	0.001637118838370681	1.00260162	54.65478516	1.00249066	0.09616769531365453	0.0469549	0.02041
-0.1572	0.0251	-0.7052	0.010843730642640768	-0.00721170046924057	0.0018360863730980347	1.09659564	59.77867889	1.07310912	0.16929532171590603	0.0540811	0.02604
-0.1596	0.11	-0.6174	0.011597712879502318	-0.0068923052161256075	0.0013107422682477415	1.165079	63.51190948	1.14757153	0.25503607974134035	0.0492462	0.02413
-0.1622	0.0308	-0.5636	0.011962486693169135	-0.006283185307179587	0.0013892820845874865	1.07493591	58.59794617	1.09065429	0.1882216769476291	0.0408593	0.01499
-0.1658	-0.1339	-0.6187	0.012611749174911025	-0.006016149931624455	0.0013945180723434693	1.05796242	57.67267227	1.06987482	0.26947669225265025	0.0379087	0.01102
-0.1589	-0.0981	-0.6243	0.013042845500153624	-0.0053825954131505125	0.001556833692778942	0.95281655	51.94085693	0.96792675	0.1096483232076006	0.0386925	0.01101
-0.1539	-0.0762	-0.63	0.013439035240356337	-0.005148721293383272	0.0017994344588061536	1.00968266	55.04079437	0.99546867	0.07623323129985833	0.0397441	0.01127
-0.1479	0.0238	-0.5658	0.012897983172238095	-0.005054473513775579	0.002466150233067988	1.11691868	60.8865509	1.07702918	0.23530078109938848	0.0404856	0.01261
-0.1422	-0.001	-0.5507	0.01290845514775006	-0.0048136180770003605	0.002645919146023404	1.02133048	55.67575073	1.01297651	0.06715481626212995	0.0387174	0.01043
-0.147	-0.0997	-0.5896	0.013142329267517301	-0.004756022211684548	0.0025446900494077327	1.05947208	57.75496292	1.04407117	0.1620349540849363	0.036472	0.00927
-0.155	-0.0818	-0.5836	0.01322610507161303	-0.004834562028024293	0.002462659574563999	1.01742363	55.46278	1.00181791	0.04411730476396037	0.0379471	0.01014
-0.1523	-0.0546	-0.5896	0.01330289955870078	-0.004684463712352781	0.0025202554398798117	1.03411078	56.37244797	1.01126552	0.05012443340375374	0.0401242	0.01088
-0.15	0.0204	-0.5263	0.01244070690821558	-0.004717624968140673	0.003026400922958167	1.0287565	56.08057022	1.0227408	0.2106749694675724	0.0375162	0.01117
-0.1338	0.0111	-0.4925	0.012061970460532812	-0.004836307357276287	0.003347541505325124	1.01251006	55.19492722	1.00322258	0.100227970959267	0.0358105	0.00939
-0.1251	-0.1321	-0.5333	0.012264428653764155	-0.004621631859280984	0.0035377823937925057	1.07837915	58.78564835	1.06043224	0.22306872898470145	0.0353631	0.00659
-0.1313	-0.1631	-0.5359	0.012142255606124551	-0.004667010419832838	0.0033684854563490563	1.01254761	55.19697571	0.99124672	0.0566424272817454	0.0324225	0.00629
-0.1284	-0.1536	-0.5346	0.012074187765296772	-0.004722860955896656	0.00342259066316088	0.9849472	53.69239426	0.97571759	0.022601179185171124	0.0311301	0.00633
-0.1187	-0.0748	-0.5044	0.01163087413529021	-0.0049672070511758626	0.003712315318991939	1.04087019	56.74092102	1.01930945	0.16756921905584132	0.0321468	0.00683
-0.1147	-0.0256	-0.4631	0.011046188835872113	-0.005208062487951079	0.0039235001584832525	1.01986301	55.59576035	1.00002824	0.14633627878423133	0.0320497	0.00741
-0.1085	-0.1355	-0.4843	0.010629055144645468	-0.0052010811709431014	0.004080579791162742	1.01331413	55.23875809	1.01564599	0.16635973204570564	0.0319473	0.0065
-0.1172	-0.1552	-0.508	0.010852457288900741	-0.005312782243070739	0.004038691889114879	1.00876975	54.99103165	0.99145152	0.07094955592153873	0.0335118	0.00706
-0.1182	-0.1178	-0.5067	0.010892599861696611	-0.005227261109723017	0.004101523742186674	1.02327836	55.78193665	1.00204965	0.04912477796076937	0.0324179	0.00773
-0.1123	-0.0746	-0.4796	0.010403907671138198	-0.005398303376418462	0.004391248398017733	0.99119687	54.03308105	0.98332444	0.12367295565424588	0.0339077	0.00828
-0.106	-0.0304	-0.4144	0.009976302004399588	-0.005818927726149094	0.00493404579538797	1.03515947	56.42961502	1.01804192	0.185251370691974	0.0320612	0.00831
-0.1007	-0.0911	-0.415	0.009885544883295882	-0.005993460651348527	0.00503527489200364	1.0087024	54.98735809	0.99744958	0.08492595714594048	0.0298519	0.00734
-0.1047	-0.175	-0.4303	0.009681341360812546	-0.005982988675836561	0.0050841441110594816	1.00265193	54.65753174	0.99482164	0.1163772358525572	0.0286878	0.00676
-0.1088	-0.167	-0.437	0.009679596031560551	-0.00610341639422417	0.005134758659367318	0.99767417	54.38617706	0.98272909	0.02743937979737198	0.0308343	0.00734
-0.1101	-0.1631	-0.4427	0.009927432785343747	-0.006154030942532006	0.005232497097479001	1.02271438	55.751194	1.00046886	0.03070948701013567	0.0295449	0.00787
-0.1159	-0.0842	-0.3841	0.009206611804270088	-0.0062168627956038025	0.005171410573659199	1.01958561	55.58063507	1.00917892	0.18553696789826285	0.0312594	0.0083
-0.1178	-0.1502	-0.4121	0.009506808435613112	-0.006161012259539982	0.0050789081233034985	1.00550401	54.81300735	0.99309027	0.11832748088812724	0.0285198	0.00778
-0.1167	-0.2307	-0.4465	0.009780825128176223	-0.0062482787221397	0.0050893800988154655	1.02884698	56.08550262	1.00880239	0.1345877565337398	0.0287699	0.00769
-0.114	-0.1818	-0.426	0.009423032631517385	-0.006141813637768045	0.005138249317871306	1.01995015	55.60050583	0.99642484	0.09775634000431667	0.0294718	0.00792
-0.1081	-0.1637	-0.4309	0.009623745495496733	-0.006181956210563915	0.00507541746479951	1.00259507	54.65443039	0.98787992	0.044084364492350696	0.0291765	0.00758
-0.1035	-0.1274	-0.3909	0.008998917623282763	-0.006236061417375739	0.005394812717914472	1.0272212	55.99687576	1.00563266	0.13081641660703783	0.0299159	0.00806
-0.1079	-0.1074	-0.3469	0.008597491895324067	-0.00628493063643158	0.0054593899002382635	1.00969684	55.04156876	0.99322579	0.09414360646691645	0.0302309	0.00831
-0.108	-0.1817	-0.3653	0.00857829327355213	-0.006267477343911637	0.005256931707006921	1.01386011	55.26852417	1.00177852	0.10475550537616123	0.0293593	0.00709
-0.1106	-0.2179	-0.4	0.00918741318249815	-0.0063721970990312975	0.005162683927399226	1.01855135	55.52425385	0.99918429	0.11390437218366883	0.0301965	0.00685
-0.1055	-0.1971	-0.3887	0.008974483013754843	-0.006499606134426883	0.005323254218582705	1.02804065	56.04154205	0.99904198	0.06224547476611863	0.0286999	0.00724
-0.1046	-0.1808	-0.3527	0.008499753457212385	-0.006455972903127025	0.005377359425394529	1.00362074	54.71034241	0.9946365	0.08182339973270691	0.0305917	0.00726
-0.1075	-0.1751	-0.3476	0.008780751466783471	-0.006347762489503377	0.005279620987282846	1.00900364	55.00378036	0.99552725	0.03804734306532082	0.0295718	0.0071
-0.1078	-0.2488	-0.3812	0.009115854683166382	-0.00644201026911107	0.005153957281139256	1.02866602	56.07563782	1.00884159	0.13535073510670967	0.0273269	0.00664
-0.1096	-0.2443	-0.3918	0.009243263718561968	-0.006508332780686855	0.005054473513775579	0.97386974	53.08852768	0.9707643	0.03156076571675239	0.0282511	0.00677
-0.1083	-0.2033	-0.3745	0.009279915632853849	-0.006726498937186146	0.005174901232163186	1.01218772	55.17735672	0.99616161	0.07836228945893894	0.0296282	0.00688
-0.1036	-0.1955	-0.3646	0.009234537072301997	-0.006796312107265919	0.005141739976375294	1.01191843	55.16267395	0.99243273	0.02981764932097584	0.0296754	0.00647
-0.0985	-0.2059	-0.3926	0.009367182095453565	-0.006766641509982015	0.005064945489287545	0.97363049	53.07548523	0.97366384	0.055455505376161056	0.030494	0.00634
-0.0983	-0.2128	-0.4046	0.009726719921364398	-0.007037167544041136	0.005059709501531561	0.99839509	54.42547607	0.98333609	0.050864992386296895	0.0307375	0.00626
-0.0973	-0.1876	-0.4018	0.009815731713216109	-0.007007496946757234	0.005028293574995664	1.01286364	55.21419907	0.99411656	0.03650491578357557	0.0306219	0.00644
-0.0988	-0.141	-0.3802	0.009705775970340468	-0.006970845032465352	0.005026548245743668	0.98582238	53.74010086	0.98413584	0.07711764932097594	0.0305411	0.00695
-0.1005	-0.2232	-0.4004	0.009822713030224086	-0.007042403531797119	0.004907865856608054	1.02430582	55.83795166	1.00794742	0.11945889741754996	0.0285511	0.00634
-0.1081	-0.2622	-0.4232	0.010088003076527224	-0.006918485154905522	0.004867723283812185	1.01146603	55.13801575	0.99653298	0.09086754979953025	0.0270344	0.00659
-0.1087	-0.2412	-0.4123	0.009793042432940184	-0.006944665093685436	0.004921828490624009	1.00431836	54.74837494	0.98863744	0.051262289458938945	0.0270215	0.00688
-0.109	-0.185	-0.3802	0.009367182095453565	-0.007005751617505238	0.004960225734167885	1.01258779	55.19916153	1.0015302	0.11486720524251484	0.0290542	0.00749
-0.1098	-0.1887	-0.3775	0.009594074898212828	-0.006888814557621618	0.004960225734167885	1.00130141	54.5839119	0.98879936	0.024391493132144126	0.0268627	0.00692
-0.1065	-0.2604	-0.4097	0.00988379955404389	-0.006791076119509936	0.004925319149127998	1.01728201	55.45506287	1.00096673	0.1283184839491315	0.0260458	0.00687
-0.1076	-0.2876	-0.4218	0.009936159431603718	-0.006707300315414208	0.004949753758655919	0.9843694	53.6608963	0.9847264	0.048428514559173866	0.0289376	0.00728
-0.1081	-0.2507	-0.4308	0.010122909661567111	-0.006991788983489284	0.00486946861306418	1.04818571	57.13971329	1.02063118	0.07397620218151042	0.0287506	0.00726
-0.1108	-0.1938	-0.4103	0.010025171223455429	-0.006970845032465352	0.0048939032225921	1.03245533	56.28220367	1.00488358	0.08725584993317664	0.0274206	0.00747
-0.1128	-0.1578	-0.3645	0.009812241054712121	-0.006941174435181449	0.004939281783143952	0.98517406	53.70476151	0.98368437	0.09819896632895318	0.0277436	0.007
-0.1112	-0.2315	-0.3724	0.00986809159077594	-0.006984807666481306	0.0049672070511758626	1.02259946	55.74493027	1.00978387	0.08957045176977935	0.0279103	0.00646
-0.1064	-0.2998	-0.4092	0.010545279340549737	-0.006974335690969341	0.004867723283812185	1.03058922	56.18047333	1.01283921	0.14925717463247204	0.0280744	0.00594
-0.1109	-0.2818	-0.424	0.01096066770252439	-0.007094763409356949	0.00462337718853298	0.98591137	53.74495316	0.9828646	0.0763081087820733	0.0256264	0.00578
-0.1157	-0.2592	-0.4127	0.010808824057600882	-0.007178539213452678	0.00463559449329694	1.00412095	54.73760986	0.98979902	0.051091837689159786	0.0259138	0.00573
-0.1197	-0.1982	-0.3724	0.010468484853461989	-0.007073819458333017	0.004534365396681268	1.022861	55.75918961	1.00691601	0.1326144027937113	0.0252407	0.00562
-0.1197	-0.2338	-0.358	0.010136872295583067	-0.006939429105929455	0.0044261549830576195	0.9836278	53.62046814	0.98054239	0.07871066619530666	0.0257211	0.00522
-0.1182	-0.2925	-0.3822	0.010161306905110986	-0.006939429105929455	0.0044436082755775624	0.99898714	54.45775223	0.9884153	0.08649439510239308	0.0257933	0.00524
-0.1211	-0.3005	-0.4004	0.010489428804485921	-0.006967354373961363	0.004349360495969869	1.00299335	54.67614365	0.98697428	0.05161474735072679	0.025378	0.00549
-0.1197	-0.258	-0.3965	0.01032362252554646	-0.0069586277277013915	0.004310963252425994	1.01112938	55.11965942	0.98836643	0.05844650843716531	0.0250874	0.00548
-0.1181	-0.2208	-0.363	0.009964084699635627	-0.006949901081441421	0.004399975044277705	0.98751825	53.83255005	0.98225222	0.09516381320112575	0.0271607	0.00562
-0.1148	-0.1815	-0.3441	0.01006182313774731	-0.007024950239277177	0.0043266712156939426	1.01871109	55.5329628	1.00128029	0.07380457122656003	0.0275087	0.00566
-0.1132	-0.2677	-0.3573	0.010049605832983349	-0.0070581114950650685	0.004420918995301637	1.02858591	56.07126617	1.01257753	0.10798131700797732	0.0253164	0.00544
-0.1119	-0.3202	-0.375	0.010101965710543179	-0.00713141532364883	0.0042987459476620336	0.9847939	53.68403625	0.98243075	0.08389183768915978	0.0271563	0.00528
-0.1138	-0.3172	-0.3822	0.010464994194958001	-0.007250097712784445	0.004211479485062317	1.0069499	54.89182281	0.98569329	0.04054886680750763	0.0277633	0.005
-0.1173	-0.2636	-0.3759	0.010512118084761846	-0.007127924665144842	0.004368559117741807	1.02734828	56.00380325	1.00675445	0.07971882850614681	0.0287964	0.00569
-0.1151	-0.1908	-0.3658	0.01051735407251783	-0.007063347482821051	0.004319689898685966	0.98250294	53.5591507	0.98504828	0.0910341194567808	0.0294464	0.00555
-0.1129	-0.2748	-0.3998	0.01102175422634419	-0.007194247176720626	0.004256858045614169	1.0246681	55.85769653	1.01052514	0.15510658503988656	0.0273624	0.00494
-0.1136	-0.3193	-0.4177	0.011505210429146621	-0.007414158662471912	0.004223696789826277	1.01083291	55.10350037	0.99519919	0.0999264472170805	0.0282548	0.00505
