trans_x	trans_y	trans_z	rot_x	rot_y	rot_z	dvars_std	dvars_nstd	dvars_vstd	framewise_displacement	aqi	aor
0.0	-0.0	0.0	-0.0	0.0	-0.0	n/a	n/a	n/a	n/a	0.0254533	0.00106
0.0009	0.0529	0.0119	-0.000307177948351002	-5.061454830783555e-05	3.490658503988659e-05	1.02871132	56.70227814	0.97016228	0.0853349540849362	0.0255535	0.00094
-0.0018	-0.0388	-0.0197	-2.6179938779914945e-05	0.0001256637061435917	-6.9813170079773176e-06	1.02686417	56.60046387	0.99307422	0.15095820830351894	0.0268579	0.00127
-0.0022	-0.0444	-0.0177	0.00022165681500327985	9.773843811168246e-05	-8.726646259971648e-06	1.0088681	55.60852432	0.96834718	0.02187536755335492	0.0270619	0.00138
-0.005	0.0032	0.0009	0.00017104226669544429	0.00010821041362364843	-1.3962634015954635e-05	0.98832136	54.47599411	0.967339	0.07231612557878923	0.0254276	0.00108
-0.0009	0.0802	0.0246	-0.0002600540585471551	-1.5707963267948964e-05	5.93411945678072e-05	1.04293275	57.48615646	0.98212	0.13621592653589792	0.0265186	0.00124
-0.0002	0.0098	0.0034	-2.96705972839036e-05	7.155849933176751e-05	3.316125578789226e-05	1.00812125	55.56735611	0.97819748	0.10949149313214417	0.0271229	0.00126
-0.0032	-0.0414	-0.0073	0.0002303834612632515	0.00016231562043547262	-5.235987755982989e-05	0.99835247	55.02890396	0.97101775	0.08671661564992911	0.0273575	0.00118
-0.0011	0.0143	0.028	-7.67944870877505e-05	0.0001012290966156711	0.00011170107212763708	1.01629865	56.01809692	0.98247341	0.11971627109291352	0.0242793	0.00068
0.0052	0.06	0.054	-0.0005253441048502931	-1.2217304763960308e-05	0.00022165681500327985	0.9571982	52.76049423	0.95656977	0.11159758810089083	0.023109	0.00061
0.0043	-0.035	0.0194	-0.0001361356816555577	0.00015009831567151235	0.00011693705988362007	0.99256361	54.70982361	0.98103352	0.1633121899374934	0.0243674	0.00075
0.0024	-0.0368	0.0089	8.203047484373349e-05	0.00018151424220741024	6.806784082777885e-05	0.97869647	53.94547272	0.96032713	0.02912256510455152	0.024726	0.00088
0.0003	-0.021	0.0109	0.0001186823891356144	0.00022165681500327985	0.00014137166941154068	0.98468071	54.27532196	0.95602764	0.027404915783575623	0.0244971	0.00078
0.0028	0.024	0.0566	-0.0002530727415391778	0.0001239183768915974	0.00023387411976724014	0.99111062	54.62973785	0.97289863	0.12129980095710872	0.0216603	0.00032
0.0057	0.0734	0.0488	-0.0003211405823669566	3.4906585039886588e-06	0.00019547687622336493	1.01440835	55.91389847	0.9703376	0.07144464013796313	0.0236816	0.00068
0.0057	-0.0325	0.0216	-0.00017627825445142725	0.0001239183768915974	5.061454830783555e-05	1.02358603	56.41976929	0.9971257	0.15360761871093337	0.024554	0.00093
-0.0001	-0.0148	0.0159	0.00029496064358704166	0.00022863813201125715	-4.0142572795869576e-05	0.99022269	54.58079529	0.96618398	0.06253578871309169	0.0250226	0.00057
0.0032	0.0804	0.0486	-0.000296705972839036	6.108652381980153e-05	5.061454830783555e-05	1.03823221	57.22706604	1.00172032	0.1736987672860619	0.0250643	0.00079
0.0036	0.051	0.0284	-0.0003054326190990077	-4.0142572795869576e-05	0.00010821041362364843	0.95820189	52.81581497	0.95676958	0.058377580409572784	0.0243348	0.00075
0.0022	-0.0745	0.0076	0.00010821041362364843	9.075712110370512e-05	2.792526803190927e-05	1.02697802	56.60673523	1.00762275	0.17894139361069852	0.0256352	0.00088
-0.0013	-0.0138	0.0102	0.00041713369122664475	0.00013962634015954637	-1.7453292519943296e-05	1.00275421	55.27152634	0.97655043	0.08695855286053451	0.0241634	0.00068
0.0053	0.0642	0.0554	-0.00039793506945470715	-7.67944870877505e-05	0.0001605702911834783	1.03485	57.04063797	1.00244122	0.19027565858160347	0.0225471	0.00056
0.0021	0.0085	0.0286	-6.108652381980153e-05	1.5707963267948964e-05	0.00012740903539558605	0.97784656	53.89862442	0.96808525	0.10882561258892486	0.023079	0.00048
-0.0016	-0.0698	0.016	0.00017627825445142725	0.00017627825445142725	0.00013788101090755203	0.97575837	53.78352356	0.96943732	0.11502035224833364	0.0235901	0.00059
-0.001	-0.0133	0.0097	0.0007295476273336296	9.075712110370512e-05	0.00014660765716752367	1.00280166	55.27414322	0.96567058	0.09577585762449482	0.0253698	0.00061
0.0054	0.0723	0.0454	0.00039968039870670147	3.4906585039886588e-06	0.0002129301687433082	1.04569566	57.63845062	1.00032561	0.15187281014012147	0.0241739	0.00047
0.0039	0.0507	0.0367	0.00016929693744344995	6.806784082777885e-05	0.0001291543646475804	0.98246288	54.15307617	0.96923721	0.05073682238413847	0.0235596	0.00051
0.0047	-0.0309	0.0276	0.00043458698374658803	0.00015707963267948963	5.585053606381854e-05	1.00144875	55.1995697	0.97843187	0.11288028333693052	0.0238042	0.00041
0.0043	0.012	0.0408	0.00031415926535897925	0.00013439035240356338	9.773843811168246e-05	0.95810479	52.81046295	0.9501596	0.06575024503556995	0.0235769	0.00045
0.0109	0.1174	0.0661	-0.0005445427266222308	-8.726646259971648e-05	0.00020594885173533088	1.03913009	57.27655411	1.00575639	0.1967284610304069	0.0253617	0.00084
0.0129	0.0069	0.0383	-0.0002443460952792061	-0.00014486232791552936	0.0002495820830351891	1.01683199	56.04749298	1.00254002	0.1603712863979348	0.0242695	0.00057
0.0109	-0.0903	0.031	0.00028274333882308137	2.6179938779914945e-05	0.0001291543646475804	1.00309169	55.2901268	0.99339792	0.147427970959267	0.0256814	0.00081
0.0091	-0.008	0.0501	0.00014660765716752367	-1.7453292519943294e-06	0.00012217304763960306	1.00825512	55.57473755	0.98132141	0.11175211333477222	0.0251314	0.0005
0.0119	0.0851	0.0639	-0.0004991641660703782	-0.00010821041362364843	0.00017976891295541595	0.98449552	54.26511383	0.9820335	0.15019163864626844	0.0261011	0.00068
0.0087	-0.0416	0.0191	0.00016406094968746698	2.6179938779914945e-05	0.0001012290966156711	1.01178145	55.769104	0.99847724	0.2185077642250577	0.0238124	0.00059
0.0047	-0.033	0.0149	0.000291469985083053	0.00014660765716752367	-1.7453292519943294e-06	0.96880335	53.40016556	0.95888439	0.034340558982543005	0.0234048	0.00071
0.0115	0.0638	0.0725	-0.00023561944901923448	-4.0142572795869576e-05	0.00010821041362364843	1.05443788	58.12031937	1.01067776	0.20238977034706615	0.0211507	0.00041
0.0173	0.1132	0.0764	-0.0007661995416255106	-0.00021118483949131387	0.00018151424220741024	0.99407393	54.79307175	0.9752258	0.09784630939427409	0.0226632	0.00063
0.0171	-0.0596	0.0671	-0.0002844886680750757	-0.00011170107212763708	0.0001064650843716541	1.06073284	58.4672966	1.04071001	0.21511218993749337	0.0206715	0.00041
0.0145	-0.07	0.0582	8.37758040957278e-05	0.0001012290966156711	4.71238898038469e-05	0.95499384	52.63898849	0.94812471	0.05392679177409596	0.0208393	0.00033
0.011	-0.039	0.0431	0.00019198621771937622	0.0002478367537831948	-1.0471975511965975e-05	1.00674963	55.49175262	0.96865223	0.06522069680534925	0.021909	0.00038
0.0132	-0.0039	0.0732	-7.67944870877505e-05	6.283185307179586e-05	9.773843811168246e-05	1.03104949	56.83115768	0.98544058	0.09549980095710867	0.0202801	0.00026
0.0186	0.0697	0.0852	-0.0005410520681182421	-0.000153588974175501	0.00021642082724729686	1.00181413	55.2197113	0.97760601	0.13096803987067013	0.0205384	0.00033
0.0173	-0.0396	0.0756	-7.155849933176751e-05	-8.37758040957278e-05	0.0002129301687433082	1.02123463	56.29016495	0.98942518	0.14733986986851183	0.020452	0.00029
0.0148	-0.032	0.0692	0.0001012290966156711	0.00010821041362364843	0.00017627825445142725	1.00535572	55.41492462	0.96070526	0.0365712863979348	0.0208732	0.00019
0.0125	-0.0004	0.0823	2.268928027592628e-05	8.028514559173915e-05	0.00019198621771937622	1.00276172	55.27194214	0.96927585	0.05310865238198016	0.0204876	0.00025
0.0119	0.0342	0.0957	-0.00020943951023931956	-1.0471975511965975e-05	0.0002007128639793479	0.95881844	52.84980011	0.95064315	0.06518062789394612	0.0200189	0.00023
0.0092	-0.0213	0.0847	-2.094395102393195e-05	0.0001186823891356144	0.0002478367537831948	0.98322934	54.19532394	0.96027884	0.08743869068334073	0.0202252	0.00021
0.0042	-0.0238	0.0709	0.0001256637061435917	0.0002705260340591211	0.0003385938748868999	0.99390483	54.78375244	0.96176419	0.04076042115973676	0.0207345	0.00026
0.0039	-0.0002	0.0846	2.96705972839036e-05	0.0002024581932313422	0.00037350045992678646	0.99437481	54.80965805	0.96373987	0.04754837673636767	0.0199447	0.00014
0.0047	0.0497	0.1016	-0.0002897246558310587	4.71238898038469e-05	0.00030368728984701333	0.95400918	52.5847168	0.94837692	0.09492713633111155	0.019327	0.00019
0.0038	-0.0244	0.0967	-0.00013788101090755203	8.552113334772214e-05	0.00031415926535897925	0.99461865	54.82309723	0.971688	0.0899356431989674	0.0189234	0.00016
0.006	-0.0288	0.0933	-0.000148352986419518	0.00018675022996339323	0.0002722713633111154	0.97849107	53.9341507	0.95752304	0.017679448708775043	0.0187391	0.0002
0.0058	0.0111	0.1022	-0.0004729842272904633	0.00022340214425527416	0.00013962634015954637	0.99381834	54.77898407	0.96713291	0.07369640891571978	0.0187641	0.00014
0.0086	0.0695	0.1068	-0.0012025318546240932	0.00013439035240356338	0.00015009831567151235	0.96580732	53.23502731	0.96634572	0.10725156973486535	0.0201184	0.00026
0.0054	-0.0398	0.0872	-0.0007487462491055673	0.00020420352248333657	8.028514559173915e-05	0.97420985	53.69816971	0.97131441	0.1617705972839036	0.0197068	0.00026
0.0037	-0.0571	0.0712	-0.0003438298626428829	0.00035604716740684323	8.726646259971648e-06	0.95876473	52.8468399	0.95365075	0.06641592653589792	0.0202319	0.00035
0.0033	-0.0087	0.0986	-0.000312413936106985	0.00028274333882308137	9.773843811168246e-05	0.99393022	54.78515244	0.96928588	0.08588657734856851	0.0186675	0.00023
0.0068	0.0636	0.1187	-0.0006387905062299246	0.00015707963267948963	0.00020594885173533088	1.01639414	56.02335739	0.9832122	0.123912534494509	0.018915	0.00023
0.0019	-0.0274	0.0947	-0.0002617993877991494	0.0002670353755551324	0.00028099800957108706	0.9850564	54.29602814	0.97513286	0.14799980095710868	0.0186738	0.00021
-0.0038	-0.0175	0.0688	-1.2217304763960308e-05	0.0005009094953223725	0.00020943951023931956	0.99898678	55.06386948	0.95360407	0.06925073510670984	0.0206556	0.00035
-0.0023	-0.0049	0.0917	-1.7453292519943294e-06	0.00048520153205442357	0.0002705260340591211	1.01682532	56.04712296	0.96933443	0.041363323129985835	0.0193055	0.00025
0.0034	0.0718	0.1231	-0.0005218534463463045	0.00031415926535897925	0.00033335788713091696	1.03267622	56.92081833	0.99451113	0.15149911184307752	0.0190423	0.00019
0.0025	-0.0051	0.1026	-0.0003351032163829112	0.000322885911618951	0.000322885911618951	0.96778315	53.34393311	0.96078303	0.10859744258676654	0.0186692	0.00014
-0.0001	-0.0392	0.0779	-0.00017627825445142725	0.0004468042885105483	0.0003054326190990077	0.98453331	54.26719666	0.95724323	0.07640983156715121	0.0204015	0.00023
0.0025	-0.0205	0.0891	-0.0002024581932313422	0.0004415683007545654	0.00026354471705114377	0.99936169	55.08453369	0.96300687	0.036165191429188094	0.0188876	0.00016
0.0072	0.0623	0.1162	-0.0009040805525330626	0.00024085543677521747	0.0002670353755551324	1.03529465	57.0651474	1.00517164	0.15989129408925284	0.0186791	0.00018
0.0078	-0.0129	0.0961	-0.0006859143960337716	0.0002129301687433082	0.00023387411976724014	0.98747468	54.4293251	0.97774418	0.10986263401595461	0.0182031	0.00015
0.0058	-0.0792	0.0829	-0.0003682644721708035	0.00031415926535897925	0.00017104226669544429	0.97316766	53.64072418	0.96562608	0.10558554367752176	0.0189602	0.00024
0.0061	-0.0218	0.0906	-0.00027925268031909274	0.0003612831551628262	0.0002024581932313422	0.98149937	54.09996796	0.95582563	0.0737775804095728	0.0184331	0.0002
0.0099	0.0713	0.1099	-0.0008918632477691023	0.00021467549799530252	0.00019024088846738194	1.03238571	56.90480804	0.99671009	0.15477177646907467	0.018932	0.00023
0.0055	-0.0325	0.0928	-0.0004921828490624009	0.00038571776469074686	0.0002129301687433082	0.99938709	55.08593369	0.98793038	0.15497059728390364	0.0189852	0.00017
0.0013	-0.0362	0.0776	-0.0001239183768915974	0.0005602506898901797	0.00017453292519943296	0.98375773	54.22444916	0.95896312	0.052159732045705565	0.0196208	0.0002
0.0032	-0.0039	0.0852	-0.00010821041362364843	0.0005410520681182421	8.901179185171081e-05	0.94527358	52.10321045	0.94431239	0.04782138591938043	0.019105	0.00022
0.0079	0.0729	0.1135	-0.0005096361415823442	0.00034208453339088857	0.00011519173063162575	1.05812955	58.32380295	0.98869083	0.1411286600732982	0.0198626	0.00036
0.0059	-0.0127	0.0948	-0.00028623399732707005	0.00039095375244672985	0.0002251474735072685	1.02773786	56.64861679	0.98961489	0.12541135530933792	0.0192158	0.00018
0.0021	-0.0346	0.075	-9.599310885968811e-05	0.0005078908123303499	0.00029321531433504735	1.01515186	55.95487976	0.97228734	0.06426228945893904	0.0199721	0.00025
0.0035	-0.004	0.0805	-0.00017453292519943296	0.000445058959258554	0.0003700098014227979	0.95742506	52.77299881	0.94884583	0.048408307824964567	0.0193985	0.00017
0.0087	0.0476	0.1151	-0.0005201081170943102	0.00024085543677521747	0.0003351032163829112	1.01700401	56.0569725	0.97594509	0.120634264970905	0.0188045	0.00021
0.0042	-0.0122	0.0869	-0.00034557519189487725	0.00040317105721069014	0.0003193952531149623	1.00810421	55.56641769	0.977016	0.11012782544514273	0.0196729	0.00021
-0.0045	-0.0486	0.051	-0.0001308996938995747	0.0006894050545377602	0.00014311699866353502	1.0051738	55.40489197	0.97597344	0.11485938748868998	0.0215964	0.00034
-0.0073	-0.0173	0.0742	-0.00015184364492350666	0.0006946410422937432	0.000153588974175501	0.96558732	53.22290039	0.95817474	0.05913259571459405	0.0200073	0.00016
0.0055	0.0697	0.1205	-0.000619591884457987	0.00041713369122664475	0.00021118483949131387	1.02299666	56.38728714	0.99256163	0.18624257279586956	0.018419	0.00022
0.007	-0.0002	0.0989	-0.0004310963252425994	0.00042760566673861073	0.00024609142453120044	0.9882375	54.4713707	0.973881	0.104693705988362	0.0181756	0.00022
0.0034	-0.0426	0.07	-0.00020769418098732522	0.0005009094953223725	0.0002303834612632515	0.97623807	53.80996704	0.96346365	0.09052069680534923	0.0196006	0.00021
0.0077	-0.0013	0.1096	-0.00028623399732707005	0.0003700098014227979	0.00029321531433504735	1.01578057	55.9895401	0.98370091	0.09881356816555575	0.0175245	0.00015
0.0105	0.0574	0.1189	-0.0006422811647339132	0.00029321531433504735	0.00032637657012293966	0.96203113	53.02688217	0.95800937	0.09410014551412432	0.0176997	0.00014
0.005	-0.0441	0.0902	-0.00027750735106709843	0.0005235987755982988	0.00027925268031909274	1.00026119	55.13411331	0.97911813	0.16781405823669568	0.0187529	0.00017
0.0005	-0.0294	0.0648	-0.00010297442586766544	0.0006981317007977319	0.00016231562043547262	0.99056232	54.59951401	0.96487605	0.06790014551412432	0.0201261	0.00025
0.0032	-0.0135	0.1013	-0.0001937315469713706	0.0005009094953223725	0.00024260076602721178	1.01638162	56.02266693	0.9783027	0.07351322360854019	0.0180058	0.00017
0.0099	0.0607	0.1279	-0.0006387905062299246	0.0003595378259108319	0.0002617993877991494	0.99192339	54.67453766	0.97525556	0.13778146252210163	0.0174868	0.00013
0.0072	-0.0274	0.1122	-0.00032463124087094524	0.0005410520681182421	0.00026354471705114377	1.00983191	55.66165161	0.97588619	0.1313709418409192	0.017893	0.00014
0.0078	-0.0282	0.0887	-0.00017802358370342162	0.0006649704450098395	0.0002181661564992912	1.01738012	56.07770157	0.97415025	0.040695229730548656	0.0186909	0.00017
0.0131	0.0092	0.1154	-0.0003298672286269283	0.00045902159327450867	0.00035081117965086024	1.02422464	56.45497513	0.98509033	0.09392187599052032	0.017378	0.00017
0.0191	0.0494	0.1279	-0.000635299847725936	0.0003577924966588376	0.000460766922526503	0.96463287	53.1702919	0.95679338	0.0845308729295161	0.0170044	0.00012
0.0156	-0.0463	0.1095	-0.0002495820830351891	0.00048520153205442357	0.000450294947014537	1.00575614	55.43699265	0.98373139	0.14377993877991496	0.017186	0.00013
0.0126	-0.0385	0.0933	-0.0001972222054753592	0.0006387905062299246	0.0003351032163829112	0.99969804	55.10307312	0.96814516	0.04305702911834784	0.0181984	0.00016
0.0113	-0.0016	0.1211	-0.000317649923862968	0.0006335545184739417	0.0002303834612632515	1.02182245	56.32256317	0.98413362	0.07751917306316257	0.0169181	0.00019
0.0238	0.0722	0.1356	-0.000726056968829641	0.0004258603374866164	0.0003961897402027128	0.98934066	54.53217697	0.97892696	0.139895375244673	0.0168101	0.00013
0.0178	-0.0385	0.1181	-0.0005567600313861911	0.0004520402762665313	0.00030368728984701333	1.01410162	55.89699173	0.99525867	0.1485989663289532	0.0171316	0.00015
0.0146	-0.0508	0.0941	0.00015533430342749534	0.0005811946409141118	0.0001186823891356144	0.99632901	54.91737366	0.97551426	0.09081268000863327	0.018138	0.00025
0.014	0.0162	0.1042	3.839724354387525e-05	0.0005393067388662478	0.00013264502315156904	1.01712835	56.0638237	0.99192271	0.08633937979737193	0.0187299	0.00029
0.0192	0.1245	0.1102	-0.0008936085770210966	0.00034208453339088857	0.0001937315469713706	1.05281556	58.03089523	1.03002034	0.17901572749300665	0.0215603	0.0006
0.0194	-0.0169	0.0812	-0.00039269908169872416	0.000307177948351002	0.00015533430342749534	1.04699934	57.71030807	1.03626101	0.19931066619530677	0.0202512	0.00035
0.0112	-0.074	0.0533	0.00024609142453120044	0.0005585053606381855	6.9813170079773176e-06	0.97614616	53.80490112	0.97840988	0.14512354524683127	0.0222588	0.00053
0.0111	0.0262	0.0864	-0.00014486232791552936	0.0004136430327226561	6.45771823237902e-05	1.06989586	58.9723587	1.0362157	0.1630705972839036	0.0202027	0.00037
0.0143	0.102	0.082	-0.0005654866776461627	0.0002670353755551324	8.726646259971648e-05	1.04779327	57.75407028	1.01853153	0.11289606435870415	0.0225297	0.00064
0.0139	-0.0485	0.0645	2.792526803190927e-05	0.00035081117965086024	6.283185307179586e-05	1.07292068	59.13908386	1.04312438	0.203481117965086	0.0211549	0.00037
0.0081	-0.0625	0.0624	3.839724354387525e-05	0.00047822021504644627	1.7453292519943294e-06	0.99190187	54.67335129	0.98126736	0.03184837673636768	0.0193786	0.00035
0.0103	0.0765	0.0994	-0.0004572762640225143	0.0003159045946109737	9.599310885968811e-05	1.13496315	62.55884933	1.06393882	0.21581184538047785	0.0196866	0.00034
0.0144	0.0437	0.0939	-0.0005637413483941684	0.0002251474735072685	0.00016406094968746698	1.03487825	57.04219818	0.99419301	0.05566450231515691	0.0196419	0.00041
0.0131	-0.0683	0.068	-1.7453292519943294e-06	0.0003595378259108319	1.9198621771937625e-05	1.06169903	58.52054977	1.01818199	0.18126243497306327	0.019275	0.00032
0.0101	-0.0444	0.0786	8.028514559173915e-05	0.00046949356878647465	5.061454830783555e-05	0.97638136	53.81786346	0.96255675	0.04867010721276371	0.0186048	0.00018
0.0115	0.0922	0.1062	-0.0005166174585903216	0.00027576202181510406	8.37758040957278e-05	1.11198962	61.29255295	1.05225655	0.20678977034706625	0.0196817	0.00037
0.0138	-0.0508	0.0824	-0.000148352986419518	0.0003577924966588376	2.96705972839036e-05	1.08171928	59.62406158	1.04464933	0.19432000769131808	0.0192944	0.00036
0.0121	-0.0207	0.089	0.0001605702911834783	0.00040666171571467877	1.5707963267948964e-05	1.04938102	57.84158325	0.99792708	0.0569877565337396	0.0185648	0.0002
0.0115	0.1137	0.1068	-0.0004956735075663896	0.0003193952531149623	5.759586531581287e-05	1.06043017	58.45061111	1.03157932	0.19206990816987243	0.0202333	0.00039
0.0142	-0.0045	0.0844	-4.886921905584123e-05	0.00029321531433504735	-8.726646259971648e-06	1.05751145	58.28973007	1.02148618	0.1702653369433124	0.0210626	0.00041
0.0116	-0.0557	0.0649	0.0001884955592153876	0.00048520153205442357	-0.000153588974175501	1.0273813	56.62896347	0.99726848	0.10201066619530672	0.0210807	0.00033
0.0113	0.0609	0.0964	-7.155849933176751e-05	0.00031415926535897925	-3.839724354387525e-05	1.10078764	60.67510223	1.05112745	0.17571440279371123	0.0199561	0.0003
0.0144	0.0609	0.095	-0.0003717551306747922	0.0002251474735072685	3.490658503988659e-05	0.98471981	54.27747726	0.98439316	0.027625612588924865	0.020864	0.00031
0.0144	-0.0646	0.062	6.9813170079773176e-06	0.00033335788713091696	-2.96705972839036e-05	1.03349376	56.96588135	1.02172794	0.1860762021815104	0.0202217	0.00022
0.0102	0.0045	0.081	4.71238898038469e-05	0.00037350045992678646	-4.0142572795869576e-05	1.02604532	56.55532837	0.99458423	0.09683785605518526	0.0198388	0.0003
0.0156	0.1223	0.1195	-0.0009634217471008699	9.948376736367679e-05	0.0001064650843716541	1.12338281	61.92054367	1.06618459	0.2332584993317675	0.0209322	0.00056
0.0177	-0.0412	0.0987	-0.00028099800957108706	0.00013264502315156904	0.00012740903539558605	1.08653653	59.8895874	1.06047618	0.22322644721708035	0.0190682	0.0003
0.0147	-0.0527	0.0795	0.00017104226669544429	0.00028099800957108706	0.00010821041362364843	1.02981949	56.76335526	0.98938077	0.06467959422289934	0.0199249	0.00026
0.0112	-0.0212	0.0879	0.0002303834612632515	0.00035430183815484887	0.00013788101090755203	0.95393246	52.5804863	0.96014953	0.05151578102177364	0.0195112	0.00017
0.0114	0.0501	0.124	8.37758040957278e-05	0.0002024581932313422	0.00010297442586766544	1.0780344	59.42094803	1.02278139	0.12426789435654584	0.0194363	0.00047
0.007	-0.0043	0.1128	0.0001361356816555577	0.00038048177693476387	-1.0471975511965975e-05	1.05095637	57.92841721	1.00825096	0.08719149313214414	0.019823	0.00041
0.0047	-0.018	0.0913	0.000322885911618951	0.00048345620280242926	-3.839724354387525e-05	1.0285064	56.69098282	0.98801133	0.0533824961931484	0.0202242	0.00036
0.0086	0.0029	0.1145	0.00022689280275926284	0.0003682644721708035	6.632251157578452e-05	1.01643527	56.02562332	0.98114929	0.06379522973054869	0.0194699	0.00028
0.0165	0.0492	0.1357	-0.00014311699866353502	0.00019547687622336493	0.0001972222054753592	1.02922106	56.73037338	1.00051608	0.10908485456349054	0.019624	0.00039
0.0184	-0.025	0.1301	6.9813170079773176e-06	0.00028797932657906436	0.0001658062789394613	1.00699997	55.5055542	0.99111685	0.0954008346281555	0.0194897	0.00034
0.0226	-0.0307	0.1246	-3.4906585039886588e-06	0.00039793506945470715	0.00012740903539558605	1.00145137	55.19971466	0.97724528	0.023341248096574188	0.0197651	0.00027
0.0319	-0.0338	0.1429	-0.0001012290966156711	0.0004747295565424576	0.00023212879051524583	0.96352232	53.10907745	0.96180967	0.04466263401595463	0.0187044	0.00024
0.0343	0.0014	0.1857	-0.0002705260340591211	0.0004380776422505767	0.0003089232776029963	1.02054727	56.25227356	0.99482903	0.09453716694115406	0.0175498	0.00024
0.0333	-0.0293	0.1675	-0.00012217304763960306	0.00048520153205442357	0.0003106686068549907	0.98758745	54.43553925	0.97214938	0.059761110273767945	0.0177773	0.00019
0.0269	-0.0338	0.1499	5.061454830783555e-05	0.000614355896702004	0.00011519173063162575	0.98460072	54.27091217	0.96990768	0.0533709418409192	0.0177336	0.00011
0.0201	-0.0223	0.144	0.00014137166941154068	0.0007068583470577034	5.585053606381854e-05	0.98323381	54.19556808	0.96408886	0.036330038301360605	0.0171191	0.00017
0.0203	0.0266	0.1564	-5.585053606381854e-05	0.000582939970166106	0.0001361356816555577	1.01731014	56.07384872	0.99550092	0.08157128639793482	0.0158811	0.0001
0.0211	0.028	0.1448	-0.0003595378259108319	0.00041538836197465044	0.0001308996938995747	0.99106449	54.62719345	0.98359321	0.037623744289722594	0.0167408	0.00016
0.0207	-0.041	0.1246	0.0002600540585471551	0.0005497787143782138	-1.0471975511965975e-05	1.01079309	55.71462631	0.99453869	0.13436769531365458	0.0162195	0.00017
0.0197	-0.0558	0.1266	0.0002251474735072685	0.000619591884457987	-7.853981633974481e-05	0.97156769	53.55253601	0.96913429	0.02643937979737192	0.0155613	7e-05
0.0228	0.0326	0.1588	-0.0002251474735072685	0.0004939281783143952	0.0001291543646475804	1.02660036	56.58592224	1.00050382	0.1628826417072727	0.0142844	0.00011
0.0239	0.0117	0.1502	-0.0003159045946109737	0.00042935099599060504	0.00018500490071139895	0.99029344	54.58469391	0.97970852	0.04115924197456569	0.0144176	0.0001
0.022	-0.0636	0.1393	6.806784082777885e-05	0.0005270894341022875	0.0001291543646475804	0.99688089	54.94779205	0.98551134	0.11497807048071268	0.0145814	0.0001
0.0221	-0.0322	0.1088	0.0002600540585471551	0.0006754424205218055	4.18879020478639e-05	1.01446438	55.91699219	0.98716927	0.08338028333693054	0.0157354	0.0001
0.0231	-0.0217	0.1433	0.0001884955592153876	0.0006178465552059926	8.901179185171081e-05	0.97831136	53.92424393	0.97448197	0.05481391272257138	0.0141187	5e-05
0.0258	0.0572	0.1638	-0.00010471975511965978	0.0004258603374866164	9.773843811168246e-05	1.04120946	57.3911705	1.0029207	0.12679640891571975	0.015078	0.0001
0.0234	-0.0349	0.1461	0.0001972222054753592	0.0005270894341022875	0.0001256637061435917	1.03247452	56.90970612	1.00044488	0.13375481626212996	0.0147461	0.00011
0.0258	-0.0292	0.1333	0.000445058959258554	0.0006422811647339132	-2.6179938779914945e-05	1.01219082	55.79167175	0.97941438	0.04664360646691636	0.0150709	0.00011
0.0252	-0.0065	0.1348	0.00028797932657906436	0.0006824237375297829	-0.0001012290966156711	0.9625212	53.05389404	0.9585597	0.038413568165555766	0.0143656	0.00011
0.0253	-0.01	0.13	0.0003787364476827695	0.0006510078109938849	-6.806784082777885e-05	1.00964224	55.65119553	0.97734041	0.01616671517137477	0.0146165	0.0001
0.0253	0.0544	0.1512	-0.0003001966313430247	0.0004921828490624009	5.759586531581287e-05	1.07511473	59.2600174	1.02282959	0.13377108735504348	0.0153198	0.00014
0.0296	0.0128	0.143	-0.0006544984694978735	0.00034208453339088857	0.0001012290966156711	1.0056268	55.42986679	0.99269452	0.08150166925631097	0.0152084	0.0001
0.0244	-0.0988	0.1117	4.71238898038469e-05	0.0005689773361501514	-3.316125578789226e-05	1.02565229	56.5336647	1.01172621	0.20124527572322728	0.0160325	0.00013
0.0172	-0.0872	0.098	0.00024085543677521747	0.0007470009198535729	-8.37758040957278e-05	0.99810475	55.01525116	0.9819757	0.053618483949131365	0.0169302	0.00017
0.019	0.0234	0.1466	-0.0002199114857512855	0.0005759586531581287	-4.886921905584123e-05	1.0844599	59.7751236	1.0405828	0.19433578871309168	0.0151473	8e-05
0.0226	0.0645	0.1228	-0.0005532693728822024	0.00042411500823462205	1.7453292519943294e-06	1.0195303	56.1962204	0.99899976	0.09529080401811296	0.016782	0.00021
0.0213	-0.0974	0.1039	0.0001012290966156711	0.0005166174585903216	-5.759586531581287e-05	1.06844556	58.89241409	1.04967461	0.22241710572106896	0.0162952	0.00016
0.0162	-0.0471	0.0848	0.0003577924966588376	0.000640535835481919	-5.93411945678072e-05	1.03673351	57.14445496	0.98752029	0.09361135530933792	0.0173552	0.00018
0.0169	0.0612	0.1373	-6.283185307179586e-05	0.0004991641660703782	5.235987755982988e-06	1.08783686	59.96125793	1.03170877	0.19282866007329824	0.0160135	0.00013
0.0183	0.0692	0.1303	-0.0003385938748868999	0.0004921828490624009	-4.18879020478639e-05	1.00934863	55.63501358	0.98567136	0.03289336143134643	0.0170012	0.00013
0.0212	-0.0565	0.1128	0.00026878070480712676	0.0005323254218582705	-0.00016929693744344995	1.03270257	56.92227554	1.01513972	0.18484630939427407	0.0160085	0.0001
0.0201	-0.0207	0.1145	0.0004415683007545654	0.0005550147021341969	-0.00010995574287564276	1.02769613	56.64632034	0.98025383	0.051340903539558634	0.0163298	0.00027
0.0198	0.0455	0.1481	-3.665191429188092e-05	0.00042760566673861073	-1.2217304763960308e-05	1.07084262	59.02454376	1.01261646	0.1352683844276857	0.0160696	0.00022
0.0231	0.0275	0.1327	-0.00013788101090755203	0.0003647738136668148	3.141592653589793e-05	1.00979483	55.65960693	0.98122589	0.047084709049366257	0.0164459	0.00014
0.0218	-0.0757	0.1213	0.00032463124087094524	0.0004886921905584122	-0.0001239183768915974	1.00550246	55.42300797	0.99181087	0.1529882466048795	0.0159484	8e-05
0.0203	-0.051	0.126	0.0005096361415823442	0.0005881759579220891	-0.0001361356816555577	1.01932204	56.18474197	0.97203765	0.045735298641951805	0.0164247	0.00013
0.02	0.0207	0.1556	0.00011344640137963142	0.00040317105721069014	2.6179938779914945e-05	1.0560894	58.21134949	1.00145946	0.1387755130674792	0.0161645	0.00017
0.0219	0.0121	0.1459	5.4105206811824215e-05	0.00037350045992678646	7.330382858376184e-05	1.00350606	55.31296921	0.97764549	0.027006784082777877	0.0162934	0.00013
0.0188	-0.0484	0.1331	0.0003717551306747922	0.0005410520681182421	3.839724354387525e-05	0.97838658	53.9283905	0.97385514	0.10240540585471553	0.0163505	0.0001
0.0166	-0.0217	0.1175	0.000466002910282486	0.0006736970912698113	-6.283185307179586e-05	1.02383161	56.43330765	0.98183717	0.06090609496874669	0.0175336	0.00013
0.0183	0.0106	0.1518	0.00023561944901923448	0.0005393067388662478	-0.0	1.03001392	56.77407837	0.98852418	0.08968028333693052	0.0163474	0.00013
0.0209	0.0184	0.1506	0.00011170107212763708	0.000486946861306418	4.0142572795869576e-05	0.98867971	54.49574661	0.96765439	0.022421041362364814	0.016056	0.00011
0.0163	-0.0436	0.125	0.0003874630939427412	0.0006579891280018621	3.316125578789226e-05	0.99704933	54.95707703	0.97163228	0.11488928027592628	0.0165486	8e-05
0.0145	-0.0291	0.1237	0.0003717551306747922	0.0007033676885537148	0.00012217304763960306	1.0024668	55.2556839	0.97191314	0.02510491578357561	0.016561	0.0001
0.0197	0.0168	0.1586	-1.7453292519943296e-05	0.0004974188368183839	0.000148352986419518	1.02776945	56.65036392	0.99044718	0.11706686068549904	0.0151294	0.00013
0.0172	-0.0163	0.15	6.632251157578452e-05	0.0006318091892219474	0.0001308996938995747	0.96843624	53.3799324	0.95548374	0.05598097245096172	0.0144933	5e-05
0.018	-0.026	0.142	0.0002007128639793479	0.0007173303225696694	0.0001012290966156711	0.98633987	54.36677551	0.95532473	0.030979104151759456	0.014528	7e-05
0.0195	-0.0152	0.1406	0.0002373647782712288	0.0006667157742618339	4.363323129985824e-05	0.99670553	54.93812561	0.96309989	0.020943116395776444	0.0143281	7e-05
0.0228	0.0148	0.163	4.18879020478639e-05	0.0006126105674500097	6.108652381980153e-05	1.00616765	55.45967865	0.97030841	0.06905176877775662	0.0132403	4e-05
0.0226	0.0665	0.1631	-0.000486946861306418	0.000450294947014537	7.155849933176751e-05	0.96771491	53.34017181	0.95724086	0.08708111796508601	0.014226	4e-05
0.0213	-0.0513	0.1529	-7.67944870877505e-05	0.0005654866776461627	7.155849933176751e-05	1.02695692	56.60557556	0.99958548	0.15556720524251463	0.0136831	0.0001
0.0212	-0.0483	0.1491	0.00015184364492350666	0.0006597344572538566	2.6179938779914945e-05	0.98546726	54.31867599	0.96049744	0.02531322360854017	0.0136066	0.0001
0.0227	-0.0171	0.1571	0.00014311699866353502	0.000609119908946021	1.0471975511965975e-05	1.00137115	55.19529343	0.96589043	0.0444524578917878	0.0131671	8e-05
0.026	0.0302	0.1788	-0.0002495820830351891	0.000486946861306418	3.490658503988659e-05	0.96728855	53.31666946	0.95273435	0.09926533694331238	0.012969	0.0001
0.0275	-0.0229	0.1684	-9.250245035569947e-05	0.0005323254218582705	5.93411945678072e-05	0.99440145	54.81112671	0.96806659	0.07634464013796313	0.0134805	9e-05
0.0281	-0.0371	0.1496	0.00012217304763960306	0.0006265732014659643	1.0471975511965975e-05	0.99956739	55.09587097	0.96670384	0.051489624832941866	0.014239	8e-05
0.0284	-0.0097	0.1661	8.726646259971648e-06	0.0005846852994181004	5.061454830783555e-05	0.99659979	54.93229675	0.96230046	0.05397384381116824	0.0137409	4e-05
0.03	0.0424	0.1781	-0.0003193952531149623	0.0005078908123303499	8.028514559173915e-05	0.99318522	54.74408722	0.95343519	0.08742934918732942	0.0141693	7e-05
0.0282	-0.0348	0.1644	-4.363323129985824e-05	0.0006038839211900379	8.552113334772214e-05	1.00193644	55.22645187	0.97346572	0.11154955592153876	0.0134782	0.00013
0.029	-0.0411	0.156	0.00012740903539558605	0.0005846852994181004	-1.7453292519943294e-06	0.98837131	54.47874832	0.9611312	0.029375367553354903	0.0136825	0.00011
0.0353	-0.0097	0.1674	-4.0142572795869576e-05	0.0004886921905584122	9.948376736367679e-05	1.00251567	55.25837708	0.96730166	0.06733869068334074	0.0130488	7e-05
0.0319	0.0388	0.1739	-0.000450294947014537	0.00041015237421866745	5.061454830783555e-05	0.97029126	53.48217773	0.95544865	0.08527807048071269	0.0140554	5e-05
0.0311	-0.0362	0.164	-0.0001832595714594046	0.0004468042885105483	7.67944870877505e-05	0.9805932	54.05001831	0.97114138	0.1021933614313464	0.0137722	0.00016
0.0294	-0.0448	0.1503	4.886921905584123e-05	0.000598647933434055	-3.4906585039886588e-06	0.96761274	53.33454132	0.95569716	0.0472128790515246	0.0139317	0.00021
0.0284	-0.0307	0.1466	0.00018500490071139895	0.0006265732014659643	1.5707963267948964e-05	0.99095273	54.62103271	0.96186246	0.02796297857297021	0.0138782	0.00011
0.0408	0.0456	0.2018	-0.00018675022996339323	0.00033335788713091696	2.792526803190927e-05	0.99987334	55.11273575	0.98278079	0.17775938748869	0.0129758	8e-05
0.0451	0.0321	0.1928	-9.42477796076938e-05	0.0003211405823669566	6.108652381980153e-05	0.98157454	54.10411072	0.95459628	0.033694050545377614	0.0133348	0.00011
0.0412	-0.0504	0.1506	0.00027576202181510406	0.0005358160803622592	-3.490658503988659e-05	1.01726127	56.07115173	0.98601689	0.1626339204138894	0.0138311	0.00014
0.0417	-0.0135	0.1772	0.0001308996938995747	0.0005044001538263612	2.094395102393195e-05	1.02084947	56.26893234	0.97557752	0.07560643952576229	0.0126906	5e-05
0.0421	0.048	0.2178	-0.00024085543677521747	0.00028274333882308137	0.00018500490071139895	0.98606908	54.3518486	0.96967584	0.1403736447682769	0.0123273	4e-05
0.04	-0.0495	0.1895	0.00014660765716752367	0.0003822271061867582	0.00013788101090755203	1.01718867	56.06715012	0.97761964	0.1546035375555132	0.0127031	0.00014
0.0324	-0.054	0.1409	0.00038571776469074686	0.0006876597252857658	3.141592653589793e-05	1.03673792	57.1446991	0.98645095	0.09325039054969424	0.0138544	0.00011
0.036	-0.0165	0.1809	0.00012740903539558605	0.0005515240436302081	9.948376736367679e-05	1.04580748	57.64461517	0.99113692	0.10422561258892486	0.0117162	4e-05
0.0417	0.0908	0.1979	-0.0004468042885105483	0.00034557519189487725	0.00017976891295541595	1.02500379	56.49792099	0.99467148	0.1730223660616602	0.0129117	7e-05
0.044	-0.0463	0.1769	3.839724354387525e-05	0.00032637657012293966	0.00016231562043547262	1.02605748	56.55599976	0.99967347	0.1864926723173152	0.0124783	9e-05
0.0399	-0.0703	0.1408	0.000439822971502571	0.0005742133239061344	1.0471975511965975e-05	0.99360538	54.76724625	0.9648477	0.10425530633326983	0.0135158	0.00012
0.0422	-0.0023	0.1817	5.93411945678072e-05	0.0005515240436302081	6.45771823237902e-05	1.0293231	56.73599625	0.99682132	0.13406381320112573	0.0127457	0.0001
0.044	0.0476	0.1861	-0.00021467549799530252	0.0004939281783143952	0.00010297442586766544	0.97599387	53.79650497	0.96509909	0.07460049007113988	0.0135257	7e-05
0.0394	-0.0836	0.15	0.00020943951023931956	0.0006440264939859076	1.3962634015954635e-05	1.0099597	55.66868973	0.99988107	0.20506125578789225	0.0141895	0.00013
0.0332	-0.05	0.1254	0.0005899212871740833	0.0007888888219014368	-3.141592653589793e-05	1.03334928	56.95792007	0.9818893	0.09293613327010723	0.0150999	0.0001
0.0396	0.0504	0.1937	0.00021118483949131387	0.0004677482395344803	1.2217304763960308e-05	1.11094475	61.23496246	1.03267437	0.2122755130674792	0.0129653	0.00015
0.0453	0.0509	0.1959	-5.585053606381854e-05	0.00039968039870670147	7.155849933176751e-05	1.01382518	55.88175964	0.97446833	0.028122220547535895	0.0124688	7e-05
0.054	-0.0534	0.1737	0.0004258603374866164	0.0003089232776029963	-0.0002722713633111154	1.00125444	55.18886185	0.97874111	0.18101489286485112	0.0119976	5e-05
0.0578	-0.0219	0.1675	0.000710349005561692	0.00015184364492350666	-0.00042935099599060504	1.00569785	55.43378067	0.9665188	0.07143239667170273	0.0120812	0.00013
0.0554	-0.0272	0.1803	0.0005846852994181004	6.806784082777885e-05	-0.00029496064358704166	1.01280546	55.82555008	0.96550068	0.03769149313214412	0.0114796	0.00011
0.055	0.0474	0.2183	-3.4906585039886588e-06	-3.141592653589793e-05	-0.00010297442586766544	1.01459181	55.92401123	0.98262021	0.15698229715025708	0.0108281	2e-05
0.0604	0.0343	0.212	-0.00021467549799530252	-0.00010995574287564276	8.726646259971648e-06	0.98894101	54.51014709	0.9433838	0.04487128639793479	0.0116924	0.00015
0.0627	-0.1039	0.1961	0.0004572762640225143	-3.141592653589793e-05	-7.504915783575618e-05	1.06074905	58.46818542	1.01897801	0.19811336912266445	0.0114576	8e-05
0.0581	-0.0793	0.1762	0.0007208209810736582	0.0001239183768915974	-0.00017976891295541595	0.98374689	54.22385025	0.95503101	0.07527993877991497	0.011199	8e-05
0.0572	-0.0067	0.2062	0.0003647738136668148	2.792526803190927e-05	3.316125578789226e-05	1.0214957	56.30455399	0.9811376	0.136748522250492	0.0104649	7e-05
0.0611	0.0569	0.2138	-0.00018500490071139895	-6.283185307179586e-05	0.000158824961931484	0.97245592	53.60149384	0.96160402	0.11340997708127552	0.0112496	3e-05
0.0606	-0.0763	0.1904	0.0004520402762665313	5.061454830783555e-05	3.665191429188092e-05	1.02128923	56.29317093	1.0006363	0.20073323129985823	0.0110994	8e-05
0.0556	-0.0591	0.1651	0.0007557275661135446	0.0002478367537831948	-4.18879020478639e-05	0.98593634	54.34453201	0.96002089	0.0764724655831059	0.0116642	5e-05
0.0679	0.0253	0.2332	0.00047647488579445195	8.726646259971648e-06	0.0001256637061435917	1.07406843	59.2023468	1.01564595	0.19909571980168855	0.0107922	9e-05
0.0908	0.0438	0.262	0.0006667157742618339	-0.0005253441048502931	0.00021467549799530252	0.99833488	55.02793503	0.97693428	0.11086617157146791	0.0106967	8e-05
0.0791	-0.0693	0.2134	0.0010629055144645468	-0.0003316125578789226	0.00010297442586766544	1.01753736	56.08636856	0.99945664	0.208481117965086	0.0105664	4e-05
0.0711	-0.0458	0.1842	0.0010629055144645468	0.00011170107212763708	0.00010995574287564276	1.01649332	56.02882385	0.96766689	0.08321474735072688	0.0116402	0.00011
0.0769	0.0037	0.2507	0.0006265732014659643	-0.00015533430342749534	0.00011693705988362007	1.07574224	59.29460526	1.00213413	0.1573174502780846	0.0110255	0.00019
0.0829	0.0468	0.2711	0.00020594885173533088	-0.00038571776469074686	0.00017976891295541595	0.9967643	54.94136429	0.96890882	0.10519198320328409	0.01112	3e-05
0.0818	-0.0561	0.2508	0.0006597344572538566	-0.00032463124087094524	6.108652381980153e-05	1.02444279	56.46699524	0.97640822	0.15597772592369705	0.0113437	0.00013
0.0815	-0.0773	0.2171	0.0009756390518648303	-0.0001675516081914556	8.726646259971648e-06	1.01595235	55.99900436	0.96906191	0.0814672052425147	0.0115583	8e-05
0.0842	-0.0355	0.2566	0.0007190756518216638	-0.000307177948351002	0.00013439035240356338	1.0133971	55.85816193	0.97607546	0.1100926723173152	0.010848	7e-05
0.0837	0.02	0.2828	0.000296705972839036	-0.00042935099599060504	0.0001256637061435917	0.97011513	53.47246933	0.95859201	0.10986346864411012	0.010709	3e-05
0.0816	-0.0688	0.2561	0.0007208209810736582	-0.0002478367537831948	7.504915783575618e-05	0.98272401	54.16746902	0.9636063	0.1504121899374934	0.010511	4e-05
0.0822	-0.0631	0.2154	0.0010384709049366262	-0.00011693705988362007	-1.2217304763960308e-05	0.99085701	54.61575699	0.96294991	0.07379080401811294	0.0107435	5e-05
0.0785	-0.0426	0.2344	0.0009407324668249436	-0.00018675022996339323	0.00014137166941154068	0.99095887	54.62137222	0.96204732	0.05925702911834783	0.0102363	4e-05
0.0788	0.0538	0.2781	0.0004433136300065597	-0.0004328416544945937	0.00018500490071139895	1.01197493	55.77977371	0.98630015	0.17975717463247215	0.0107166	4e-05
0.0797	-0.0353	0.2586	0.0007766715171374765	-0.0003892084231947355	0.00013788101090755203	0.96459836	53.16838837	0.95684361	0.1307057504117311	0.0100785	3e-05
0.0786	-0.0495	0.2314	0.0010716321607245184	-0.0001937315469713706	0.00010297442586766544	0.95598704	52.69373322	0.94688335	0.06876720524251467	0.010143	4e-05
0.0763	-0.0292	0.213	0.0011449359893082802	-1.2217304763960308e-05	1.9198621771937625e-05	0.98160887	54.10600281	0.95663221	0.05792969374434498	0.009992	2e-05
0.0776	0.0081	0.2611	0.0007190756518216638	-0.00016231562043547262	0.0001064650843716541	1.01241779	55.80418015	0.97634767	0.11986125578789224	0.00959539	4e-05
0.0814	0.0685	0.2768	0.0002007128639793479	-0.0003211405823669566	0.00013439035240356338	0.97101206	53.52190781	0.96142091	0.11515565089028544	0.0102295	5e-05
0.0818	-0.0668	0.2556	0.0008203047484373349	-0.0003647738136668148	0.00012042771838760874	1.02622664	56.56531906	1.00407086	0.19075938748869	0.0101057	8e-05
0.0834	-0.0723	0.2357	0.0012863076587198209	-0.00016231562043547262	-3.490658503988659e-05	0.98697448	54.40175247	0.96270819	0.06818977034706619	0.00988984	4e-05
0.0805	-0.0468	0.2541	0.0010402162341886204	-0.00023911010752322313	4.0142572795869576e-05	0.99557841	54.87599945	0.97046121	0.06669675347273536	0.00985497	8e-05
0.076	0.0242	0.2662	0.0005148721293383271	-0.00041015237421866745	5.759586531581287e-05	0.99462092	54.82322311	0.97552926	0.12329198320328404	0.0100427	7e-05
0.0792	-0.1049	0.2517	0.0008936085770210966	-0.00035081117965086024	-3.4906585039886588e-06	0.99590147	54.89380646	0.99034482	0.17175820830351896	0.010451	9e-05
0.0731	-0.0757	0.2292	0.0017139133254584315	-0.0002007128639793479	-0.0002478367537831948	0.97400975	53.68714142	0.95887333	0.11853745796940265	0.011358	0.0001
0.0686	-0.0232	0.2497	0.0015707963267948967	-0.00017976891295541595	-0.0003892084231947355	1.00178313	55.21800232	0.97198233	0.0927716309549504	0.0111518	7e-05
0.0665	0.0212	0.2493	0.0011763519158441782	-0.00028623399732707005	-0.0003944444109507184	0.99761075	54.98802185	0.9688633	0.07220727415391777	0.0115997	0.00014
0.0711	-0.0647	0.2472	0.001308996938995747	-0.0002897246558310587	-0.00026354471705114377	1.0008738	55.16788101	0.98098777	0.10595176877775658	0.01024	7e-05
0.0732	0.0036	0.2613	0.0010663961729685354	-0.000291469985083053	-0.00026354471705114377	0.97975212	54.00365829	0.95881579	0.09671730476396029	0.0104228	8e-05
0.0752	0.0278	0.2678	0.00045553093477052	-0.00039793506945470715	-8.726646259971648e-06	0.98944402	54.53787231	0.96769321	0.08130741966804209	0.0107931	7e-05
0.0755	-0.092	0.2641	0.0011065387457644049	-0.0002844886680750757	-3.141592653589793e-05	1.02176917	56.31962585	0.99990954	0.16315717463247212	0.0103641	6e-05
0.0708	-0.0835	0.2436	0.0013927727430914749	1.7453292519943294e-06	5.4105206811824215e-05	1.0021795	55.23985291	0.96781337	0.06659945640009308	0.0104628	8e-05
0.0694	-0.0448	0.2566	0.0012060225131280816	4.537856055185256e-05	5.93411945678072e-05	0.97340852	53.65400314	0.95956789	0.06488097245096171	0.00996286	6e-05
0.0725	0.0503	0.2841	0.0006946410422937432	-0.00014486232791552936	0.0001361356816555577	1.04099047	57.3791008	0.99341383	0.16462084231947355	0.0116853	7e-05
0.0735	-0.0603	0.2741	0.001186823891356144	-0.0001256637061435917	8.552113334772214e-05	1.02379441	56.43125916	0.99117941	0.14969980095710872	0.0107309	8e-05
0.0693	-0.0593	0.2329	0.0014643312424232424	3.141592653589793e-05	8.028514559173915e-05	0.99871427	55.0488472	0.97135117	0.06839114857512855	0.0110219	9e-05
0.0676	-0.0612	0.2232	0.0012880529879718153	0.0001239183768915974	5.93411945678072e-05	0.97001982	53.46721649	0.95662116	0.02778623279155292	0.00995052	3e-05
0.0746	0.0243	0.2673	0.0009389871375729493	-6.283185307179586e-05	3.141592653589793e-05	1.04108632	57.38438416	0.99404177	0.1647870674197084	0.00987828	7e-05
0.0794	0.0777	0.2821	0.00017104226669544429	-0.00028274333882308137	0.00011693705988362007	1.01255727	55.81187057	0.98479268	0.12666887449882566	0.0108109	7e-05
0.0793	-0.069	0.2557	0.0005864306286700947	-0.0002722713633111154	9.075712110370512e-05	1.01439786	55.91332245	1.00134578	0.19580201381332657	0.00978422	5e-05
0.0799	-0.0728	0.237	0.0005410520681182421	-0.0002251474735072685	1.7453292519943294e-06	0.96266425	53.06177902	0.94917706	0.03217571211037051	0.0100845	7e-05
0.0801	-0.0734	0.2062	0.0006440264939859076	-1.5707963267948964e-05	-0.0001291543646475804	0.93900943	51.75793457	0.94453932	0.05376568150032799	0.0104309	7e-05
0.0697	-0.0688	0.1458	0.0006073745796940267	0.00014137166941154068	-0.00011344640137963142	1.03005862	56.77653885	0.98043738	0.08587197551196597	0.0126746	9e-05
0.0732	0.0337	0.2253	0.0007208209810736582	8.726646259971648e-06	-0.00017453292519943296	1.12099528	61.78894424	1.05641032	0.2008588974175501	0.0117263	0.00012
0.0769	0.07	0.2463	2.268928027592628e-05	-0.00022165681500327985	-3.839724354387525e-05	1.01144183	55.75038528	0.99329492	0.11423254218582704	0.0119753	0.00016
0.079	-0.0404	0.2528	0.00040666171571467877	-0.0002251474735072685	-3.141592653589793e-05	1.00823236	55.57348251	0.98559467	0.13872222054753594	0.0107919	4e-05
0.0769	-0.0625	0.2184	0.0009389871375729493	-0.00010297442586766544	-9.42477796076938e-05	0.9552936	52.65551376	0.94818857	0.09446651612848349	0.0108526	3e-05
0.0622	-0.0428	0.1706	0.0008168140899333463	0.0001361356816555577	-7.853981633974481e-05	1.04400814	57.54543304	0.98032723	0.10104955592153876	0.0125535	0.00011
0.0436	-0.0453	0.1379	0.0005899212871740833	0.0004956735075663896	-9.948376736367679e-05	1.03880382	57.25857162	0.98696744	0.08416872898470136	0.0140496	0.00011
0.0363	-0.0123	0.1418	0.0007278022980816354	0.0008150687606813518	-0.0002495820830351891	1.00745082	55.53040314	0.97022439	0.07456872898470136	0.0139322	0.00013
0.057	0.04	0.2177	0.0007243116395776468	0.0007330382858376184	-0.00014311699866353502	1.03564501	57.0844574	1.00800861	0.1584993108859688	0.0114961	5e-05
0.0702	0.0928	0.2546	0.0003700098014227979	0.0002897246558310587	4.886921905584123e-05	1.03246689	56.90928268	0.99203051	0.1523800842940392	0.0126467	7e-05
0.0769	-0.0524	0.2499	0.0006736970912698113	0.00017627825445142725	-3.316125578789226e-05	1.04740465	57.73264694	1.01255371	0.18155820830351888	0.0109506	0.0001
0.08	-0.0563	0.2508	0.000757472895365539	0.0001012290966156711	-5.4105206811824215e-05	0.97555012	53.77204514	0.96051713	0.01688844564777081	0.0104044	3e-05
0.0857	0.0256	0.2894	-1.7453292519943296e-05	-2.094395102393195e-05	4.71238898038469e-05	1.04034567	57.34355927	1.00433127	0.1761164166070378	0.0109461	8e-05
0.0887	-0.0494	0.2666	0.00016231562043547262	-0.00010471975511965978	9.075712110370512e-05	0.97220957	53.58791733	0.96702425	0.11615889741755007	0.00992966	7e-05
0.0882	-0.099	0.2368	0.0005567600313861911	-2.792526803190927e-05	1.0471975511965975e-05	0.97950172	53.98985672	0.96156079	0.1074762021815104	0.0106127	4e-05
0.0844	-0.0789	0.1999	0.0005811946409141118	0.00013788101090755203	-9.075712110370512e-05	0.99430829	54.80599213	0.96680777	0.07537349925415267	0.0109293	5e-05
0.0819	-0.0512	0.1775	0.0003769911184307752	0.00022863813201125715	-0.0001186823891356144	1.0012542	55.1888504	0.966989	0.06874429558094754	0.0114207	9e-05
0.0788	-0.0209	0.171	0.0005375614096142535	0.00034033920413889426	-0.00012217304763960306	0.96424741	53.14904404	0.95129611	0.0536881010907552	0.0112832	5e-05
0.0777	0.0041	0.18	0.0006946410422937432	0.0004485496177625427	-0.00013788101090755203	1.02166545	56.31391144	0.96516212	0.04914990047855432	0.0119182	0.00013
0.0815	0.0826	0.2691	0.000614355896702004	0.0002007128639793479	-9.599310885968811e-05	1.10603833	60.9645195	1.03180809	0.18990049007113993	0.0124858	9e-05
0.0794	0.0337	0.2565	0.0008482300164692441	0.000322885911618951	0.00021642082724729686	1.01243794	55.80529404	0.97791928	0.09702305517569139	0.0115447	0.0001
0.0763	-0.0545	0.2174	0.0012007865253720988	0.0005567600313861911	4.886921905584123e-05	1.01632178	56.01936722	0.98925973	0.16809911184307752	0.0107412	7e-05
0.0795	-0.0452	0.2121	0.0013980087308474581	0.0005131268000863328	-5.235987755982989e-05	0.99772936	54.99456024	0.95894238	0.03490422666954443	0.0111893	9e-05
0.0778	-0.0579	0.2042	0.001462585913171248	0.0004956735075663896	1.0471975511965975e-05	1.00868702	55.59854126	0.96521863	0.029543116395776475	0.0115686	8e-05
0.0805	-0.0638	0.2332	0.0014276793281313615	0.0004049163864626844	6.283185307179586e-05	1.00591719	55.44586945	0.97490626	0.04650117918517108	0.0109733	4e-05
0.0869	-0.0102	0.3058	0.0011414453308042916	0.00011170107212763708	0.00013439035240356338	1.03632045	57.12169266	0.99089914	0.16515039054969427	0.0111917	9e-05
0.084	-0.044	0.2805	0.0012339477811599909	0.0003473205211468716	0.00013788101090755203	1.0102253	55.68333435	0.97696088	0.07858062789394611	0.0097549	8e-05
0.0838	-0.0718	0.2583	0.001158898623324235	0.00041713369122664475	0.00014660765716752367	1.00521708	55.40727997	0.96862743	0.0578794487087751	0.00949413	7e-05
0.0862	-0.0324	0.2951	0.0009546951008408983	0.0001675516081914556	0.0001186823891356144	1.00121725	55.18680954	0.97449713	0.10268554367752177	0.0096308	4e-05
0.0921	0.0509	0.3281	0.0005235987755982988	-0.0001186823891356144	0.0001832595714594046	1.0096308	55.6505661	0.9788005	0.161295375244673	0.0104026	8e-05
0.0888	-0.0705	0.3094	0.001048942880448592	6.806784082777885e-05	0.00017104226669544429	1.04481733	57.5900383	1.00824255	0.1796155819788823	0.00963598	7e-05
0.0827	-0.0642	0.2691	0.001165879940332212	0.0003089232776029963	0.00014660765716752367	0.99840206	55.0316391	0.97081948	0.0718113553093379	0.00901145	5e-05
0.0848	-0.0443	0.2782	0.0011571532940722405	0.0002548180707911721	9.42477796076938e-05	0.99045694	54.59370422	0.9670255	0.03685958653158127	0.00918788	5e-05
0.0916	0.0453	0.325	0.0005183627878423159	-5.235987755982988e-06	0.0001012290966156711	1.01773	56.09698868	0.98825942	0.18849129408925283	0.0105869	0.0001
0.0898	-0.0355	0.3094	0.000757472895365539	-8.726646259971648e-06	8.901179185171081e-05	1.00786555	55.55326462	0.98595621	0.1109409035395586	0.00985533	6e-05
0.0753	-0.0806	0.2437	0.0009686577348568529	0.0003630284844148205	7.504915783575618e-05	1.03086162	56.82079697	0.99492488	0.1551451302091031	0.0102441	8e-05
0.0474	-0.0617	0.1865	0.0008133234314293575	0.0007225663103256524	0.00013788101090755203	1.05627275	58.22145462	1.0046627	0.13288519912050617	0.0109746	8e-05
0.0582	0.0183	0.2528	0.0004468042885105483	0.0005288347633542819	0.0002722713633111154	1.03541422	57.07173538	0.9972301	0.1918320521146872	0.0103401	5e-05
0.0701	0.059	0.267	0.00016406094968746698	0.000296705972839036	0.0002024581932313422	1.00837255	55.58120728	0.97532384	0.09603426497090499	0.0108771	0.0001
0.0719	-0.0765	0.248	0.0008272860654453122	0.0004921828490624009	0.00022863813201125715	1.03977776	57.31225204	1.01145698	0.20054409653805627	0.00997722	8e-05
0.0752	-0.047	0.2326	0.001090830782496456	0.0006126105674500097	0.00011170107212763708	1.00631428	55.46775818	0.96889768	0.0732454747661186	0.00931758	7e-05
0.08	-0.0158	0.2729	0.0008988445647770796	0.0004258603374866164	0.0001291543646475804	0.98843467	54.48223877	0.97142119	0.09610948701013565	0.0093413	7e-05
0.0917	0.0681	0.316	0.0005288347633542819	4.0142572795869576e-05	0.0001291543646475804	1.0318737	56.8765831	0.99725257	0.17648637830567726	0.0106086	0.0001
0.093	-0.0347	0.3085	0.0008429940287132613	0.00017627825445142725	7.504915783575618e-05	1.01837933	56.13277817	0.99055501	0.13682000769131805	0.00968522	0.00011
0.0891	-0.0581	0.2636	0.0010332349171806431	0.0004520402762665313	3.4906585039886588e-06	1.01294744	55.83337784	0.97401081	0.09907807048071264	0.00925237	2e-05
0.0864	-0.0474	0.249	0.0010629055144645468	0.0005026548245743669	-0.0	0.98054188	54.04719162	0.95477199	0.03218879020478639	0.00935113	2e-05
0.0951	0.0324	0.3078	0.0006754424205218055	0.0001256637061435917	3.839724354387525e-05	1.04721105	57.72197723	1.00320399	0.1874425727958696	0.010188	5e-05
0.0903	-0.0135	0.3093	0.0007278022980816354	0.00014137166941154068	3.490658503988659e-05	1.00310957	55.29111862	0.97014422	0.05577792496658838	0.00953484	7e-05
0.0827	-0.0691	0.2811	0.001129228026040331	0.0005131268000863328	0.00010297442586766544	1.00752831	55.53467178	0.96939284	0.13346243497306337	0.00875181	4e-05
0.073	-0.0659	0.2524	0.0012618730491919003	0.0007976154681614085	0.00015184364492350666	1.0333935	56.96035767	0.95736608	0.0649001455141243	0.00931269	0.00013
0.0781	-0.012	0.2947	0.0009913470151327792	0.0005619960191421741	0.0001256637061435917	1.05558956	58.18379593	0.98627495	0.1279162710929135	0.00915068	8e-05
0.0848	0.0703	0.2922	0.00045902159327450867	0.0003106686068549907	0.0001658062789394613	1.0441556	57.55355835	1.00074096	0.1326897703470662	0.00960886	0.0001
0.0829	-0.0842	0.289	0.0010070549784007281	0.0003892084231947355	0.00018151424220741024	1.04254663	57.46487808	1.01916082	0.19171405823669568	0.0087474	5e-05
0.0803	-0.0579	0.2664	0.0014224433403753785	0.0005951572749300663	0.00021642082724729686	1.0199579	56.2197876	0.96474549	0.08431218993749334	0.00901312	5e-05
0.0797	-0.0408	0.2655	0.0013596114873035826	0.0006527531402458793	0.00013788101090755203	1.00417376	55.34976959	0.96151954	0.028548376736367703	0.00859994	4e-05
0.086	0.0438	0.3143	0.0007749261878854823	0.00035430183815484887	7.853981633974481e-05	1.03973293	57.30978775	0.99671989	0.18682388980384687	0.00925922	5e-05
0.0817	-0.0004	0.2939	0.0007923794804054256	0.0003438298626428829	0.00013962634015954637	0.95055515	52.39432907	0.94912641	0.07335058959258556	0.00856096	5e-05
0.0577	-0.0701	0.2133	0.0010140362954087054	0.0009180431865490173	0.00018151424220741024	1.0455718	57.6316185	1.01035502	0.21618790204786392	0.00981063	4e-05
0.0398	-0.0625	0.1669	0.0008517206749732328	0.001270599695451872	-6.45771823237902e-05	1.05020738	57.88713455	0.99555998	0.10994817769347635	0.0110793	7e-05
0.0629	0.008	0.2613	0.0008639379797371932	0.0008691739674931761	0.00013439035240356338	1.11255777	61.32387161	1.04803284	0.2186305283725005	0.00863433	3e-05
0.0889	0.0811	0.3112	0.0006998770300497262	0.00041015237421866745	0.0001605702911834783	1.03788507	57.20793152	0.9916318	0.18146312408709453	0.0098905	8e-05
0.0816	-0.0416	0.2687	0.0011780972450961724	0.0008918632477691023	0.0003595378259108319	1.06021047	58.43849945	1.01480732	0.23044493116621173	0.00843549	1e-05
0.0759	-0.0528	0.2315	0.0012095131716320703	0.0010576695267085637	0.0003351032163829112	1.02366006	56.42385101	0.97578818	0.06518284075016399	0.00854236	8e-05
0.0759	-0.0394	0.2474	0.001129228026040331	0.0009983283321407565	0.000291469985083053	0.98167002	54.109375	0.96063314	0.03846297857297024	0.00820458	3e-05
0.0874	0.0477	0.3143	0.0007609635538695277	0.0005218534463463045	0.00022340214425527416	1.06928337	58.93859482	1.00903668	0.21114035993965172	0.00941986	7e-05
0.0876	-0.012	0.3018	0.0009023352232810684	0.0005916666164260777	0.00030194196059501896	1.01710224	56.06238937	0.97351219	0.08688623279155294	0.0088135	6e-05
0.0791	-0.0631	0.2615	0.0011397000015522971	0.0009372418083209549	0.00047647488579445195	1.02164757	56.31292343	0.97584536	0.13777364476827697	0.00840145	8e-05
0.08	-0.0565	0.2446	0.0012007865253720988	0.0010506882097005862	0.00037350045992678646	1.00857687	55.59247208	0.95141571	0.03827536755335492	0.0090543	3e-05
0.09	0.0017	0.3037	0.0008604473212332044	0.0007190756518216638	0.000322885911618951	1.06492972	58.69862747	0.99951469	0.16342831551628265	0.00865179	3e-05
0.0966	0.06	0.3153	0.0003682644721708035	0.000445058959258554	0.0003089232776029963	1.0238663	56.43521881	0.98478683	0.11550810878207328	0.0093801	2e-05
0.0924	-0.0811	0.2929	0.0008831366015091308	0.0007452555906015787	0.0003577924966588376	1.03812873	57.22136307	1.01033073	0.21089689898685973	0.00861508	4e-05
0.0819	-0.0622	0.2273	0.0010995574287564276	0.001059414855960558	0.0003089232776029963	1.03514683	57.05699921	0.98874388	0.12397246558310585	0.00927353	5e-05
0.0993	-0.0376	0.2513	0.0010192722831646884	0.0005585053606381855	4.886921905584123e-05	1.0432601	57.5042038	0.9926174	0.10806243497306336	0.00894099	4e-05
0.1023	0.0585	0.3168	0.0006702064327658224	0.0003874630939427412	0.0001658062789394613	1.0742619	59.2130127	1.02067825	0.19645225884889647	0.00907189	6e-05
0.0984	0.004	0.3105	0.0006928957130417488	0.0002722713633111154	0.00014137166941154068	0.97531563	53.75912094	0.95608184	0.07281578102177366	0.00877041	2e-05
0.0904	-0.076	0.2606	0.0011379546723003027	0.00047123889803846896	0.00024609142453120044	1.03215086	56.89186096	0.99524842	0.1753373124552784	0.00877881	8e-05
0.0843	-0.0701	0.2143	0.0010890854532444615	0.0007539822368615504	0.0001064650843716541	1.02752173	56.63670349	0.98172517	0.08186194490192346	0.0087949	5e-05
0.0848	-0.0421	0.266	0.0011763519158441782	0.000804596785169386	0.00037524578917878077	1.01715469	56.0652771	0.98802373	0.10053308578573396	0.00783414	4e-05
0.092	0.0587	0.315	0.0007487462491055673	0.0007086036763096977	0.0004520402762665313	1.05677569	58.24917603	1.0037708	0.1870196631343025	0.00894409	4e-05
0.0835	-0.0382	0.2454	0.0011676252695842063	0.0007871434926494425	-3.141592653589793e-05	1.0647651	58.68955231	1.01971541	0.22404375198104065	0.0081622	5e-05
0.0937	-0.0615	0.249	0.0012356931104119853	0.0005794493116621174	-0.00022863813201125715	1.02187085	56.32523346	0.97918335	0.06074921136452315	0.00805181	4e-05
0.1107	-0.0003	0.3406	0.0010175269539126942	0.0005096361415823442	-0.00020943951023931956	1.05041742	57.89870834	1.01721378	0.18515889741755007	0.00883001	6e-05
0.1269	0.0508	0.4169	0.001656317460142619	0.0005113814708343385	-0.0005864306286700947	1.08372414	59.73456573	1.03826453	0.19447634769563468	0.0117814	0.00015
0.1198	-0.0992	0.3629	0.0017348572764823637	0.0005794493116621174	-0.00034033920413889426	1.07718587	59.37417984	1.03747594	0.2307349540849362	0.00969768	4e-05
0.1144	-0.098	0.3224	0.001933824811209717	0.0007295476273336296	-0.00033684854563490564	1.0106113	55.7046051	0.97166145	0.06472782544514268	0.00873512	6e-05
0.1121	-0.0554	0.3319	0.0015254177662430443	0.0007295476273336296	-0.0002740166925631097	0.96723467	53.31370163	0.95573849	0.07796194490192337	0.00838131	4e-05
0.1141	0.0114	0.3439	0.0008709192967451704	0.0005270894341022875	-0.00022689280275926284	1.01705253	56.05964661	0.98257141	0.1260040276266531	0.00933063	4e-05
0.1143	-0.1258	0.3362	0.001635373509118687	0.000582939970166106	-0.00024260076602721178	1.04690731	57.70523453	1.01843043	0.18690063558526415	0.00952768	5e-05
0.1072	-0.0928	0.3005	0.0018500490071139892	0.000905825881785057	-0.0001308996938995747	1.0079968	55.5605011	0.97718103	0.10826312408709451	0.00832707	6e-05
0.1052	-0.0769	0.3154	0.0016982053621904826	0.0008779006137531476	-9.948376736367679e-05	0.97457838	53.71848297	0.96182649	0.04335924197456572	0.0081616	1e-05
0.1133	0.0374	0.3603	0.0013072516097437528	0.0006387905062299246	-0.00017627825445142725	1.11156142	61.2689476	1.00857157	0.2026429173528852	0.0103078	0.00028
0.1107	-0.0525	0.3529	0.0017296212887263805	0.0006894050545377602	-0.00015707963267948963	1.02050662	56.25003815	0.98130243	0.12450914245312004	0.00962871	0.00011
0.1041	-0.062	0.3097	0.0017697638615222502	0.0009669124056048585	-7.504915783575618e-05	1.02554345	56.52766418	0.98231839	0.0792840199353351	0.009197	9e-05
0.1044	-0.0576	0.3128	0.0016650441064025902	0.0010454522219446034	-4.71238898038469e-05	0.98073322	54.05773544	0.9598917	0.018359241974565767	0.00853288	4e-05
0.1086	0.0411	0.3515	0.0011466813185602744	0.0007819075048934597	-9.42477796076938e-05	1.06643236	58.78145218	1.00781722	0.18305156973486525	0.010636	0.00022
0.1099	-0.0412	0.3316	0.0015079644737231008	0.0007138396640656808	-0.00014311699866353502	1.02243102	56.35610962	0.99011603	0.12741101075232228	0.0106984	0.00016
0.107	-0.1312	0.3163	0.0022549653935766737	0.0009128071987930344	-0.00030194196059501896	1.03766119	57.19559097	0.99690411	0.16343967082562047	0.0114467	6e-05
0.1094	-0.0987	0.3272	0.0020717058221172693	0.0008831366015091308	-0.0002478367537831948	0.96844774	53.38056564	0.95491484	0.05915176877775658	0.0102139	4e-05
0.1139	-0.0009	0.3516	0.001410226035611418	0.0007068583470577034	-0.0002181661564992912	1.00652635	55.47945023	0.98007969	0.17007143191205915	0.0101923	5e-05
0.1125	-0.0764	0.3425	0.0017156586547104257	0.0006213372137099814	-0.0001605702911834783	0.97565454	53.77780151	0.96594956	0.10842748088812712	0.0101169	4e-05
0.1063	-0.1188	0.33	0.002197369528260861	0.0008831366015091308	-6.9813170079773176e-06	0.97820824	53.91856003	0.95972528	0.10595496177625428	0.0104783	7e-05
0.099	-0.0818	0.2892	0.0022916173078685546	0.0011135200627723821	0.00013264502315156904	0.99067789	54.60588455	0.96575318	0.10831287905152456	0.00949252	5e-05
0.1051	-0.0386	0.339	0.0020682151636132805	0.0008936085770210966	3.839724354387525e-05	1.02866149	56.69953156	0.96498595	0.12597807048071266	0.010482	0.00013
0.1085	0.0093	0.3609	0.001801179788058148	0.0007068583470577034	-1.0471975511965975e-05	1.01900601	56.16732407	0.9733966	0.09833274122871832	0.0115261	0.0001
0.1044	-0.0711	0.347	0.002106612407157156	0.0009093165402890458	0.00015009831567151235	1.01368308	55.87392426	0.98214155	0.13182305517569143	0.0109674	0.00011
0.0962	-0.056	0.3273	0.0021048670779051613	0.0012147491593880533	0.00023911010752322313	0.98728144	54.41867447	0.95775074	0.06280948701013565	0.0101055	5e-05
0.0909	-0.0532	0.3133	0.0019879300180215415	0.0015254177662430443	0.00028797932657906436	1.00288975	55.27899933	0.96631408	0.04592374428972257	0.0106839	5e-05
0.1003	-0.0263	0.3698	0.001689478715930511	0.0011501719770642632	0.00011170107212763708	1.03873456	57.25475311	0.99619012	0.1352987672860619	0.0115516	7e-05
0.1051	0.0053	0.3851	0.001467821900927231	0.0010053096491487337	1.7453292519943294e-06	0.96669793	53.28411484	0.95101854	0.0755237442897226	0.0116977	5e-05
0.1008	-0.0981	0.3668	0.002022836603061428	0.0013177235852557187	4.363323129985824e-05	1.02211237	56.33854294	0.99048554	0.17146582701445232	0.0120046	6e-05
0.0931	-0.0934	0.3067	0.002089159114637212	0.0017174039839624202	0.00017976891295541595	1.02871788	56.70264053	0.98848903	0.10260692959690222	0.0110143	5e-05
0.1001	-0.0851	0.3359	0.001820378409830086	0.0014765485471872027	6.45771823237902e-05	0.99396312	54.78696442	0.97182266	0.07574139361069847	0.0107145	6e-05
0.1082	0.0161	0.3808	0.0014748032179352085	0.001186823891356144	-3.839724354387525e-05	1.03942657	57.29290009	0.99610471	0.1911137136796801	0.0116782	5e-05
0.1063	-0.0558	0.3623	0.0017575465567582897	0.0013020156219877698	-7.330382858376184e-05	1.00661373	55.48426437	0.97373483	0.11394208272472968	0.0113794	8e-05
0.1022	-0.0562	0.3203	0.0018517943363659836	0.0015079644737231008	0.0	1.00941563	55.63870621	0.97250604	0.06517502299633937	0.0103254	6e-05
0.0992	-0.0433	0.2989	0.0018465583486100008	0.0016406094968746698	-6.632251157578452e-05	0.96122366	52.9823761	0.94703497	0.0475101761241668	0.00989705	5e-05
0.101	-0.0357	0.3042	0.0018936822384138475	0.0015969762655748114	-7.504915783575618e-05	0.99274141	54.71962357	0.96420465	0.01967418836818387	0.0101414	2e-05
0.1061	0.0076	0.371	0.001574286985298885	0.0012583823906879114	-4.71238898038469e-05	1.05570257	58.19002914	1.00679949	0.14949571980168855	0.0113984	8e-05
0.1093	0.0239	0.3801	0.0011641346110802177	0.001069886831472524	-9.075712110370512e-05	0.97532207	53.75947571	0.95937058	0.06071405823669564	0.011497	5e-05
0.0935	-0.0801	0.3187	0.0016109388995907662	0.0018186330805780916	-1.0471975511965975e-05	1.05658782	58.23881912	1.01541347	0.2449917841603928	0.0108474	6e-05
0.0887	-0.0958	0.276	0.0017976891295541592	0.0018832102629018814	-3.665191429188092e-05	1.03069198	56.81145096	0.99505148	0.07707536755335485	0.0107022	8e-05
0.0951	-0.0398	0.3509	0.0015899949485668342	0.001473057888683214	-1.5707963267948964e-05	1.0731225	59.15020752	1.02110267	0.1692395253114962	0.010974	7e-05
0.0993	0.025	0.3801	0.001256637061435917	0.001223475805648025	-8.203047484373349e-05	0.98998839	54.56787872	0.97503483	0.13066312408709452	0.0117077	7e-05
0.0911	-0.0674	0.3306	0.0017558012275062952	0.001574286985298885	3.141592653589793e-05	1.01717198	56.06623077	0.98934032	0.1982710873550435	0.0111669	3e-05
0.0782	-0.0666	0.2758	0.0018099064343181197	0.0019163715186897737	8.726646259971648e-05	1.03419602	57.0045929	0.99095258	0.0911020138133266	0.0107301	5e-05
0.0866	-0.0227	0.3298	0.0015882496193148398	0.001609193570338772	1.7453292519943294e-06	1.05454147	58.12602997	1.00369383	0.13701779483510018	0.0107995	4e-05
0.0985	0.0552	0.374	0.0012269664641520136	0.0012775810124598492	-0.00011693705988362007	1.00158978	55.20734406	0.97922931	0.17457890510886814	0.0121573	8e-05
0.0954	-0.052	0.3561	0.001726130630222392	0.0014695672301792255	-2.4434609527920616e-05	1.02201879	56.33338547	0.99131867	0.16738264170727268	0.0115429	4e-05
0.0887	-0.0671	0.3163	0.001912880860185785	0.0017889624832941875	3.665191429188092e-05	1.01976562	56.20919037	0.97566413	0.08996160034490783	0.0114166	6e-05
0.0888	-0.0612	0.3199	0.0017959438003021652	0.0017034413499464657	-3.4906585039886588e-06	1.02232063	56.35002136	0.97787849	0.02173003830136057	0.0110471	6e-05
0.1025	0.0265	0.383	0.0012514010736799342	0.0013753194505715315	-8.726646259971648e-05	1.06078196	58.47000122	0.9969887	0.2123220215046446	0.0127951	5e-05
0.1036	-0.0489	0.3689	0.001462585913171248	0.0013177235852557187	-4.18879020478639e-05	1.0269177	56.60341263	0.9868941	0.10630796326794896	0.0116673	9e-05
0.0979	-0.1128	0.3215	0.0019111355309337906	0.0016336281798666925	-1.7453292519943294e-06	1.03320003	56.94969559	0.98871972	0.15722983925846928	0.0112534	2e-05
0.1065	-0.0876	0.2956	0.0018325957145940458	0.0014974924982111347	-0.00023911010752322313	1.0164566	56.02680206	0.97584077	0.0823020138133266	0.0103916	4e-05
0.1092	-0.0129	0.3749	0.0014765485471872027	0.0012531464029319286	-0.00017278759594743863	1.0782392	59.43223953	1.00362132	0.1900357887130917	0.0120729	7e-05
0.1079	0.0054	0.3878	0.0013718287920675431	0.0011676252695842063	-0.0001972222054753592	1.0064013	55.47255707	0.96684285	0.0432337748997651	0.0121535	8e-05
0.114	-0.1057	0.3729	0.0018500490071139892	0.001244419756671957	-0.00023911010752322313	1.04185736	57.4268837	1.00022993	0.16194513020910303	0.0124707	7e-05
0.1138	-0.0713	0.3139	0.0019006635554218248	0.0013334315485236678	-0.0003473205211468716	1.02552152	56.52645493	0.98301559	0.10599183768915972	0.010668	5e-05
0.1186	-0.0682	0.3447	0.001837831702350029	0.0012322024519079964	-0.0003892084231947355	1.0215621	56.30821609	0.96854854	0.04899744258676655	0.0118608	3e-05
0.1163	0.0411	0.412	0.001473057888683214	0.0009930923443847736	-0.00023387411976724014	1.09251511	60.21912384	1.02760359	0.21686091123087656	0.013451	8e-05
0.1111	-0.0408	0.3902	0.001499237827463129	0.0010925761117484504	-4.71238898038469e-05	1.01160371	55.75930786	0.98382964	0.12452069680534925	0.0120732	0.0001
0.0996	-0.0924	0.3337	0.0018762289458939042	0.0016231562043547262	0.0001064650843716541	1.02062249	56.25642014	0.98611875	0.1726580092606276	0.0108274	2e-05
0.0998	-0.0766	0.3029	0.001965240737745615	0.001689478715930511	0.00011519173063162575	1.05260158	58.01910019	0.97933335	0.05500304748437335	0.0109835	0.00011
0.1123	0.0107	0.4002	0.0015707963267948967	0.0012723450247038664	-3.665191429188092e-05	1.10458887	60.8846283	1.03459124	0.24527108735504344	0.0122528	5e-05
0.1145	0.0157	0.4026	0.0015114551322270892	0.0011623892818282235	2.96705972839036e-05	0.99607021	54.90310669	0.96625082	0.02138097245096177	0.0123776	5e-05
0.1134	-0.106	0.3669	0.0019181168479417679	0.0013421581947836393	-5.93411945678072e-05	1.02644706	56.57747269	0.99634376	0.19227212102609031	0.0119638	5e-05
0.1136	-0.0921	0.3262	0.002050761871093337	0.0014765485471872027	-0.00015707963267948963	1.02259445	56.36511612	0.96711389	0.07303869068334076	0.0113799	9e-05
0.1183	-0.0238	0.3925	0.001759291886010284	0.0012461650859239514	-6.108652381980153e-05	1.05988646	58.42064285	1.00225487	0.1701923277602997	0.0121058	0.00011
0.1188	0.0095	0.3999	0.0014782938764391971	0.0010821041362364843	-4.18879020478639e-05	0.98921776	54.52540207	0.96634131	0.06441287905152454	0.0123848	8e-05
0.1174	-0.1077	0.3934	0.001956514091485643	0.00119729586686811	-8.028514559173915e-05	1.0182358	56.12486649	0.99083049	0.15669045946109728	0.0125381	7e-05
0.1043	-0.0891	0.3337	0.0020594885173533086	0.0016074482410867775	1.0471975511965975e-05	0.99481994	54.83419418	0.97052927	0.12159419605950192	0.0111697	5e-05
0.1158	-0.0563	0.3902	0.0018832102629018814	0.0014486232791552935	-0.00011519173063162575	1.01195776	55.77882385	0.98560236	0.12383834612632512	0.0127259	0.0001
0.1145	0.0493	0.4245	0.001452113937659282	0.0013159782560037243	-7.330382858376184e-05	1.04772985	57.7505722	1.00345104	0.1714814625221016	0.014045	0.00011
0.1157	-0.067	0.4018	0.0019198621771937623	0.001296779634231787	-8.901179185171081e-05	1.01943421	56.1909256	0.99233059	0.16533274122871833	0.0130053	8e-05
0.1191	-0.0906	0.3849	0.002145009650701031	0.0013753194505715315	-0.00020420352248333657	0.95965898	52.89612961	0.95311468	0.06484395102393192	0.0129382	8e-05
0.1196	-0.0692	0.3339	0.00222529479629277	0.0014608405839192536	-0.0003822271061867582	1.07597482	59.30743027	0.98566538	0.09009149313214418	0.0121762	0.00023
0.1159	-0.0009	0.4175	0.0019512781037296606	0.0013281955607676848	-0.00016929693744344995	1.12550128	62.03731155	1.02789143	0.18657959422289927	0.0145468	0.00035
0.1077	0.0014	0.3992	0.0019792033717615696	0.0017243853009703976	0.00012217304763960306	1.07069707	59.01651764	1.02036825	0.06457924966588373	0.0138845	0.00017
0.1043	-0.1333	0.3209	0.0024731315500759648	0.0023422318561763904	0.0004485496177625427	1.1768856	64.86959839	1.11066223	0.2883075651821663	0.0124364	0.00019
0.109	-0.0462	0.3104	0.002565634000431664	0.0017034413499464657	0.00020594885173533088	1.0832814	59.71016693	1.0304297	0.1509946861306418	0.00902826	5e-05
0.1087	-0.0545	0.3251	0.002775073510670984	0.0016929693744344998	4.0142572795869576e-05	1.02405548	56.44564819	0.98258216	0.04258588823453735	0.0103016	7e-05
0.1135	0.0458	0.3606	0.0016074482410867775	0.0015917402778188286	0.00016231562043547262	1.02610981	56.55888367	1.00651384	0.210151370691974	0.00955927	6e-05
0.1131	-0.0486	0.342	0.0018046704465621369	0.0014608405839192536	0.00024085543677521747	1.02751982	56.63660431	0.97948095	0.13373308578573387	0.00900918	0.00011
0.1124	-0.1273	0.3088	0.0023457225146803788	0.0017086773377024485	0.00013788101090755203	1.02545536	56.52281189	0.98912566	0.15719316238845513	0.00912613	4e-05
0.1081	-0.1044	0.3092	0.0022444934180647076	0.0017156586547104257	0.00012042771838760874	1.00386083	55.33252335	0.97588013	0.033883185307179535	0.00894594	5e-05
0.1097	0.0283	0.3858	0.0015638150097869194	0.0014765485471872027	0.00023561944901923448	1.07878554	59.46235275	1.03322689	0.26264901232163185	0.0107725	9e-05
0.1102	-0.0399	0.3653	0.0017366026057343581	0.0014870205226991688	0.00022165681500327985	0.96382195	53.12559128	0.95101801	0.09906111027376792	0.0100947	2e-05
0.1085	-0.0821	0.3273	0.002171189589480946	0.0017366026057343581	7.67944870877505e-05	0.99008393	54.57314682	0.96374028	0.12335156973486539	0.0108331	0.00019
0.1068	-0.0631	0.3163	0.002176425577236929	0.0018029251173101424	5.93411945678072e-05	1.02215564	56.34093094	0.97310366	0.03615058959258549	0.0113081	0.00013
0.1107	0.0272	0.4036	0.001858775653373961	0.0015393804002589986	0.0001239183768915974	1.07821894	59.43112183	1.02709533	0.21378859116189508	0.0136926	0.0002
0.1092	0.0134	0.4011	0.001891936909161853	0.001504473815219112	0.0001832595714594046	0.97163522	53.55625916	0.94454095	0.02417045176977929	0.0138897	8e-05
0.1064	-0.0798	0.358	0.0023352505391684127	0.0017976891295541592	0.0001064650843716541	1.02359307	56.4201622	0.99083153	0.1797661715714679	0.0137015	0.0002
0.1002	-0.0852	0.3	0.0022706733568446224	0.0019774580425095754	6.283185307179586e-05	1.0559963	58.20621872	0.99678839	0.08399896632895323	0.0132707	0.00016
0.1065	-0.0385	0.3826	0.0020525072003453313	0.0016702800941585732	0.00014660765716752367	1.06250775	58.56512451	1.01312938	0.16605599544730104	0.0141073	7e-05
0.1111	0.0163	0.4181	0.0018448130193580064	0.0015114551322270892	0.00012740903539558605	1.02096069	56.27506638	0.96743761	0.11418588823453736	0.0155793	0.00018
0.1112	-0.0905	0.3834	0.002251474735072685	0.0016912240451825054	0.0002199114857512855	1.03552794	57.07800674	0.9934727	0.1755466539512897	0.0145919	0.00016
0.1084	-0.0881	0.3289	0.0022933626371205488	0.0018779742751458986	0.0001308996938995747	1.01600516	56.00191498	0.97902415	0.07558249619314839	0.0136657	0.00016
0.1058	-0.0693	0.3255	0.002228785454796759	0.0018413223608540175	0.0001012290966156711	0.96760792	53.33427429	0.95507816	0.03134498469497873	0.0125683	5e-05
0.1128	0.0217	0.3995	0.0017715091907742446	0.0015812683023068625	0.00018675022996339323	1.05702102	58.26269913	1.01511222	0.2121425727958696	0.0142058	0.00013
0.1115	-0.0238	0.4003	0.0018413223608540175	0.001514945790731078	0.0001884955592153876	0.99187976	54.67213058	0.96979616	0.05449405054537755	0.01401	8e-05
0.1031	-0.0946	0.3535	0.002251474735072685	0.001864011641129944	0.0002670353755551324	1.02363336	56.42238235	0.99056431	0.1678879020478639	0.013211	8e-05
0.0989	-0.0976	0.2998	0.002230530784048753	0.0020682151636132805	0.00016929693744344995	0.99860436	55.04278946	0.97696445	0.0770442955809475	0.0117039	4e-05
0.1023	-0.0354	0.372	0.002136283004441059	0.0017959438003021652	0.00019024088846738194	1.03175545	56.8700676	1.00320741	0.15717315469713702	0.0124145	7e-05
0.1072	0.0458	0.4118	0.0016545721308906245	0.0015865042900628454	0.00017104226669544429	1.02809942	56.66854858	0.99783189	0.16141745027808463	0.0133239	8e-05
0.106	-0.0625	0.3744	0.0019879300180215415	0.0016318828506146981	0.00019896753472735358	1.01645052	56.02646255	0.98973752	0.16723308578573393	0.0118338	5e-05
0.1025	-0.0974	0.3276	0.0022060961745208325	0.0018465583486100008	4.363323129985824e-05	0.96750093	53.32837677	0.9600389	0.11460879789610447	0.0109386	3e-05
0.0954	-0.0625	0.3348	0.0022951079663725434	0.001980948701013564	0.00017802358370342162	0.98899359	54.51304626	0.95784198	0.06708962483294187	0.0109878	7e-05
0.1051	0.0228	0.4179	0.0019233528356977512	0.0017470745812463236	0.0002548180707911721	1.0760572	59.31196594	1.02201334	0.2122211868764892	0.0132118	6e-05
0.1044	-0.0228	0.4092	0.0020664698343612863	0.0016702800941585732	0.0002530727415391778	0.98474538	54.27888489	0.96128196	0.06608284075016396	0.0126315	6e-05
0.0974	-0.0888	0.3792	0.002361430477948328	0.00200363798128949	0.0003769911184307752	0.97531188	53.75891495	0.96146858	0.14061184538047783	0.0119361	4e-05
0.0925	-0.0751	0.3092	0.0023073252711365037	0.0021991148575128553	0.00042411500823462205	1.07218874	59.09873962	1.00574196	0.1034352986419518	0.0113554	5e-05
0.1022	-0.0358	0.3759	0.002061233846605303	0.001858775653373961	0.000322885911618951	1.07416832	59.20785522	1.00501212	0.15008298626428832	0.0122994	0.00012
0.1062	0.0009	0.3931	0.0018814649336498872	0.001726130630222392	0.000312413936106985	0.99073434	54.60899734	0.96448428	0.07404429558094755	0.0123518	2e-05
0.0974	-0.0811	0.3261	0.002239257430308725	0.0021258110289290935	0.00027576202181510406	1.038746	57.25538635	0.99576297	0.19750624048287097	0.0116037	5e-05
0.0998	-0.0694	0.2897	0.0022794000031045943	0.0020943951023931952	0.00013264502315156904	1.0180136	56.11262131	0.97202968	0.06123377489976512	0.0111645	2e-05
0.1035	-0.0421	0.3496	0.00217293491873294	0.0018465583486100008	0.0002478367537831948	1.05026627	57.89037704	1.00273455	0.11437467843932372	0.0115884	4e-05
0.1098	0.0383	0.4009	0.0018832102629018814	0.001658062789394613	0.000307177948351002	1.01136863	55.74635315	0.98862682	0.16487807048071265	0.0117918	8e-05
0.1082	-0.0492	0.3638	0.0023387411976724015	0.0017226399717184032	0.00027750735106709843	1.00973046	55.65605545	0.979291	0.15368893571891062	0.0101575	5e-05
0.1095	-0.0807	0.3237	0.002553416695667704	0.0019530234329816546	0.00016231562043547262	1.01207292	55.78517532	0.97385026	0.100912534494509	0.0099957	7e-05
0.112	-0.0499	0.3914	0.0023404865269243957	0.0017575465567582897	0.00020420352248333657	1.03776193	57.20114517	0.99388112	0.12351474735072691	0.011101	8e-05
0.1123	0.0192	0.4209	0.001947787445225672	0.001572541656046891	0.0001937315469713706	0.9723345	53.59480286	0.96171118	0.1283087978961044	0.0125381	5e-05
0.1067	-0.0829	0.3927	0.002366666465704311	0.0017470745812463236	0.00022340214425527416	1.00081778	55.16479111	0.98199629	0.16705412714809875	0.0120779	5e-05
0.092	-0.0842	0.314	0.002314306588144481	0.0021153390534171274	0.00029496064358704166	1.01711476	56.06307602	0.99250347	0.11930914245312006	0.0108441	5e-05
0.0971	-0.0598	0.3546	0.0020943951023931952	0.0019512781037296606	0.0003106686068549907	1.03476453	57.03593063	0.99349155	0.0900840199353351	0.0113786	3e-05
0.111	0.0519	0.4143	0.0020001473227855013	0.0017139133254584315	0.0001675516081914556	1.03615987	57.11283875	1.0066043	0.20903647782712287	0.0134066	5e-05
0.1036	-0.0411	0.3703	0.00238237442897226	0.0018971728969178364	0.0002024581932313422	1.01716518	56.06585693	0.9900575	0.1744196631343025	0.0118133	5e-05
0.097	-0.0705	0.3013	0.0024033183799961914	0.00210835773640915	0.00017802358370342162	1.04399407	57.54465866	0.99579311	0.11782817000215826	0.0107527	4e-05
0.0976	-0.0559	0.3418	0.0022654373690886398	0.0019495327744776662	0.00011344640137963142	1.0059185	55.44594193	0.98045369	0.07376415775814128	0.010721	4e-05
0.1059	0.0579	0.4098	0.001895427567665842	0.0017016960206944712	0.000158824961931484	1.08872211	60.01005554	1.01937272	0.22326125578789224	0.0134136	0.00011
0.1065	-0.0344	0.3999	0.00217293491873294	0.0017749998492782332	0.00016929693744344995	1.01928318	56.18259811	0.98034825	0.12086415775814131	0.0127993	8e-05
0.0971	-0.0714	0.3238	0.0023230332344044524	0.0020734511513692635	0.0002705260340591211	1.05229187	58.00202942	1.00077141	0.14998893571891067	0.0111852	6e-05
0.1007	-0.0736	0.3151	0.0022148228207808044	0.001970476725501598	0.0001064650843716541	0.99850768	55.03746033	0.96979357	0.033262289458938984	0.0110191	4e-05
0.1081	0.0144	0.4006	0.0020193459445574393	0.001647590813882647	0.00017802358370342162	1.08048642	59.55610657	1.02330517	0.21039606435870417	0.0129704	8e-05
0.1121	-0.0425	0.3845	0.0021170843826691216	0.0016842427281745281	0.00012740903539558605	0.99062902	54.60319138	0.96233264	0.08625024503556995	0.0122251	6e-05
0.1124	-0.08	0.3478	0.0022898719786165604	0.0016510814723866359	-0.00011344640137963142	0.97611886	53.80339432	0.95679457	0.09684021442552743	0.0116182	4e-05
0.0981	-0.0715	0.3043	0.0023003439541285265	0.0019268434942017398	-1.2217304763960308e-05	1.02372658	56.42751694	0.97052349	0.08567315469713704	0.0110451	6e-05
0.1041	-0.0055	0.3941	0.0021799162357409173	0.001759291886010284	0.00015707963267948963	1.08371365	59.73398972	1.01876275	0.18466381320112568	0.0124009	7e-05
0.1109	0.0273	0.409	0.002012364627549462	0.0015987215948268059	0.00019198621771937622	1.00356519	55.31623077	0.96679419	0.07265142422074097	0.0127243	8e-05
0.1052	-0.0793	0.3694	0.0022898719786165604	0.001858775653373961	0.00017104226669544429	1.00315046	55.29336929	0.98270689	0.17982526803190924	0.0116562	2e-05
0.1037	-0.0664	0.31	0.002361430477948328	0.00200363798128949	9.42477796076938e-05	1.01865757	56.14811707	0.98148846	0.08846076571675235	0.0106781	4e-05
0.1055	-0.0613	0.2981	0.002336995868420407	0.0019617500792416262	4.0142572795869576e-05	1.00149262	55.20199203	0.96332709	0.02482138591938048	0.0104616	7e-05
0.1078	-0.0201	0.3759	0.002150245638457014	0.0017610372152622785	0.00019198621771937622	1.0389781	57.26818085	0.99872371	0.1482653369433124	0.0112661	4e-05
0.1117	0.0112	0.3965	0.0020176006153054447	0.001609193570338772	0.0001884955592153876	0.98406327	54.24128723	0.95237368	0.07019896632895323	0.0120968	8e-05
0.1125	-0.075	0.3538	0.002384119758224254	0.001785471824790199	0.0001012290966156711	1.02928472	56.7338829	0.98794168	0.16120319299849767	0.0101845	5e-05
0.1203	-0.071	0.3117	0.0025603980126756814	0.0017226399717184032	-0.00010821041362364843	1.00944042	55.64007187	0.96948811	0.07632748088812717	0.00890642	2e-05
0.1134	-0.0585	0.3071	0.0025394540616517493	0.00182212373908208	-0.000148352986419518	0.96430701	53.15232849	0.94901514	0.03202851455917391	0.00891423	2e-05
0.1114	0.0032	0.3791	0.0022863813201125715	0.0017610372152622785	0.0001361356816555577	1.03489912	57.04334641	0.99846222	0.16563239667170276	0.0107076	8e-05
0.1154	0.0292	0.393	0.0018151424220741027	0.0015481070465189703	0.00013439035240356338	0.9881894	54.46871948	0.96925156	0.07819571980168857	0.0114707	8e-05
0.1159	-0.0899	0.3664	0.0023265238929084412	0.0015777776438028737	-1.7453292519943296e-05	1.04392207	57.54068756	1.00792739	0.1808447856520874	0.0112453	0.00012
0.1012	-0.0902	0.2788	0.0022724186860966175	0.0017313666179783749	-0.0002705260340591211	1.0459348	57.6516304	1.01221244	0.12563834612632516	0.0109052	5e-05
0.0965	-0.0751	0.3211	0.002171189589480946	0.001801179788058148	-1.7453292519943296e-05	1.02580893	56.54229736	0.98860139	0.08330575041173113	0.0118261	0.0001
0.1024	0.0429	0.3685	0.0017749998492782332	0.0016196655458507376	9.42477796076938e-05	1.08860099	60.00337982	1.03183239	0.20577025272688804	0.0133786	0.0001
0.096	-0.0517	0.3063	0.002022836603061428	0.0016964600329384882	-2.6179938779914945e-05	1.04928136	57.83609009	1.00756409	0.1854529479629277	0.0116504	6e-05
0.0723	-0.0911	0.2213	0.0019460421159736775	0.0022043508452688383	-0.00020594885173533088	1.04144466	57.40413666	1.00748145	0.18632271061867584	0.0120388	8e-05
0.0743	-0.0484	0.2368	0.0019617500792416262	0.0024399702942880727	-0.00013264502315156904	1.03661966	57.13817978	0.98590968	0.07643156204354724	0.0123655	7e-05
0.0983	0.0332	0.3751	0.002012364627549462	0.002040289895581371	4.0142572795869576e-05	1.19543481	65.89202881	1.0961144	0.2750541271480988	0.0134039	0.00016
0.1021	0.0364	0.3765	0.002057743188101315	0.0018133970928221085	0.00010821041362364843	1.00429142	55.35625839	0.97398225	0.02541696020694472	0.011948	6e-05
0.0943	-0.0866	0.2614	0.0021589722847169856	0.0021991148575128553	3.490658503988659e-05	1.15161633	63.47676849	1.06919388	0.273912534494509	0.0113478	0.00011
0.0788	-0.093	0.2361	0.0018936822384138475	0.0025045474766118626	-9.599310885968811e-05	1.04213011	57.44191742	0.99074616	0.08228111796508601	0.0110668	6e-05
0.1054	-0.001	0.3665	0.001912880860185785	0.0023596851486963333	-1.3962634015954635e-05	1.18016875	65.05056763	1.09484799	0.26130457122656003	0.0113698	3e-05
0.0926	-0.0012	0.3303	0.002001892652037496	0.002282890661608583	-0.00013962634015954637	0.99390614	54.78382492	0.9788509	0.06377349925415264	0.0107747	2e-05
0.0872	-0.1105	0.2584	0.002253220064324679	0.002384119758224254	-0.0004328416544945937	1.08035231	59.54871368	1.02399446	0.218888591161895	0.0114985	4e-05
0.0778	-0.0618	0.2455	0.0022218041377887812	0.0024609142453120045	-0.0005148721293383271	1.00737476	55.52621078	0.96356263	0.08051204442336914	0.0110298	6e-05
0.0749	-0.0225	0.3247	0.0019512781037296606	0.0023439771854283846	-0.0002129301687433082	1.06298423	58.5913887	1.0125095	0.15587025272688798	0.0109437	7e-05
0.0757	0.0459	0.3268	0.001762782544514273	0.0023073252711365037	-0.00020943951023931956	0.99165678	54.65983963	0.97667891	0.08273190660056284	0.0110641	5e-05
0.0768	-0.0578	0.2573	0.0020315632493213996	0.0024277529895241124	-0.0004520402762665313	1.04407907	57.54934311	1.01058205	0.20589045946109732	0.0110381	7e-05
0.0636	-0.0493	0.2045	0.0018186330805780916	0.0025289820861397836	-0.0005759586531581287	1.02109051	56.28221893	0.98332273	0.0964038821125288	0.0121006	7e-05
0.0652	-0.0193	0.2789	0.0018884462506578647	0.002707005669843205	-0.000296705972839036	1.07117462	59.04283905	1.01869006	0.13235447170511433	0.0115351	7e-05
0.0884	0.0775	0.3753	0.0018797196043978928	0.0023492131731843676	-8.726646259971648e-06	1.06623554	58.77060318	1.02955216	0.24912492347489368	0.013781	0.00013
0.079	-0.0356	0.3177	0.0022113321622768156	0.0027104963283471934	4.537856055185256e-05	1.05276322	58.02800751	1.01792812	0.21745004599267867	0.011766	0.00012
0.0868	-0.0824	0.2553	0.002190388211252884	0.0026546457922833754	-0.0003298672286269283	1.04434776	57.56415558	0.99961143	0.1396020138133265	0.0113694	8e-05
0.0883	-0.0513	0.2461	0.0022060961745208325	0.0025726153174396417	-0.0004747295565424576	1.01748097	56.0832634	0.97359241	0.0539300383013606	0.0109149	5e-05
0.0937	-0.024	0.3146	0.002150245638457014	0.002410299697004169	-0.00034033920413889426	1.02314711	56.39558029	0.9919277	0.11882782544514268	0.0108619	5e-05
0.1102	0.0486	0.3663	0.00182212373908208	0.0021991148575128553	-0.0001256637061435917	1.04466116	57.58142853	1.00422682	0.17849911184307757	0.011566	7e-05
0.1233	-0.0676	0.2721	0.0019949113350295183	0.0020176006153054447	-0.000322885911618951	1.10513675	60.91482162	1.05067269	0.25107620218151044	0.00979459	6e-05
0.1136	-0.1111	0.2216	0.0021118483949131386	0.0020682151636132805	-0.0004206243497306334	1.0276804	56.64545059	0.9850907	0.11696450231515695	0.00953507	7e-05
0.1005	-0.0693	0.2344	0.002237512101056731	0.001996656664281513	-0.00042236967898262774	1.00552738	55.42438507	0.95724988	0.0776483767363677	0.00940657	3e-05
0.1014	-0.0124	0.3256	0.0022846359908605773	0.002040289895581371	-7.155849933176751e-05	1.08596063	59.85784531	1.02313732	0.17107841503772825	0.00961936	4e-05
0.1069	0.0577	0.3665	0.0018867009214058703	0.0018448130193580064	7.853981633974481e-05	1.03948283	57.29599762	0.9988903	0.1536755130674792	0.0108541	0.0001
0.112	-0.0762	0.3384	0.0023230332344044524	0.0018500490071139892	-8.552113334772214e-05	1.02711928	56.61452484	1.00309809	0.1973814625221016	0.00967145	3e-05
0.1175	-0.0819	0.3009	0.002649409804527392	0.0017051866791984597	-0.00042236967898262774	0.98724955	54.41691589	0.96322526	0.0891043721836687	0.0103236	0.00016
0.1065	-0.0801	0.3046	0.002452187599052033	0.002092649773141201	-0.0002670353755551324	0.98926753	54.52814484	0.97301973	0.05350098014227976	0.0105405	0.00013
0.1095	0.0227	0.3871	0.0021258110289290935	0.0020280725908174107	-0.00013264502315156904	1.08993387	60.07684708	1.03733725	0.21456720524251463	0.0128576	0.00016
0.1138	-0.018	0.3918	0.0022724186860966175	0.001932079481957723	-0.00013439035240356338	0.97603256	53.79863739	0.96027054	0.06191730476396028	0.0130734	0.0001
0.1132	-0.0985	0.3356	0.0025551620249196984	0.002078687139125246	-0.00023212879051524583	1.01060963	55.70451736	0.98429457	0.16365447170511427	0.0127707	0.0001
0.1026	-0.097	0.2711	0.0024120450262561633	0.002282890661608583	-0.00013788101090755203	1.05227959	58.0013504	1.00708038	0.09867841503772828	0.0120459	0.00012
0.1096	-0.0129	0.364	0.002234021442552742	0.002106612407157156	-8.726646259971648e-06	1.11450267	61.43107224	1.04147456	0.20817281014012143	0.0122814	0.00021
0.1146	0.0368	0.3925	0.002178170906488923	0.0019390607989657003	-1.7453292519943296e-05	0.99905008	55.06735611	0.96662135	0.09480643952576234	0.0132769	0.00016
0.1156	-0.09	0.3606	0.0026249751949994717	0.002090904443889207	-9.948376736367679e-05	1.03934646	57.28848267	1.00575461	0.19373392041388948	0.0124875	0.00018
0.1042	-0.069	0.3007	0.002597049926967562	0.002398082392240209	-0.0001291543646475804	1.06470919	58.68647003	0.99871983	0.11053869068334073	0.0110141	0.00016
0.105	-0.0232	0.3645	0.0024155356847601517	0.0022794000031045943	3.316125578789226e-05	1.05854189	58.34653091	1.00234137	0.1335256125889248	0.0104849	5e-05
0.1115	0.0221	0.3908	0.0024312436480281013	0.0021851522234969008	5.235987755982989e-05	0.99866796	55.04629517	0.95975315	0.08455771823237902	0.0118071	0.0001
0.1054	-0.0935	0.3335	0.0027977627909469105	0.0023404865269243957	0.0001064650843716541	1.05272722	58.02602768	1.01228518	0.2077979326579064	0.0100627	4e-05
0.109	-0.1011	0.236	0.0026511551337793865	0.002258456052080662	0.00032637657012293966	1.07849228	59.44618607	1.02189629	0.1311274808881272	0.00937682	7e-05
0.1094	-0.0894	0.2472	0.002584832622203602	0.0021519909677090087	0.00010821041362364843	1.02363217	56.4223175	0.98214697	0.04284768762233647	0.00845432	4e-05
0.1174	0.0084	0.3405	0.0023073252711365037	0.002015855286053451	0.00029321531433504735	1.092489	60.21768188	1.02666057	0.2290323966717028	0.00952423	7e-05
0.1189	0.0144	0.3494	0.0021327923459370708	0.0018570303241219666	0.0003159045946109737	0.99637496	54.91990662	0.9646937	0.034202358370342134	0.00935286	8e-05
0.1172	-0.1232	0.3259	0.0027855454861829498	0.0020717058221172693	0.0002565634000431664	1.03094041	56.82514191	1.00964018	0.20913849164044945	0.0094977	7e-05
0.1084	-0.0821	0.2782	0.0029199358385865134	0.0022410027595607188	0.00021118483949131387	1.01517892	55.95637131	0.9800702	0.11505329251994328	0.00859237	5e-05
0.1105	-0.0454	0.3392	0.0027680921936630064	0.0020193459445574393	0.0002722713633111154	0.99705654	54.95747375	0.97391511	0.1215293491873294	0.00917244	7e-05
0.1155	0.0237	0.375	0.0025551620249196984	0.0018692476288859267	0.0002443460952792061	1.04288626	57.48359299	0.99328025	0.1294476876223365	0.0110916	0.00018
0.1135	-0.0929	0.3344	0.0029077185338225527	0.0020699604928652747	0.00020769418098732522	1.04871976	57.80513382	1.00830437	0.18869606435870415	0.0104985	0.00021
0.1058	-0.0954	0.2854	0.002909463863074547	0.0022113321622768156	5.759586531581287e-05	1.01251197	55.80937576	0.97473799	0.07386076571675235	0.00963604	5e-05
0.1041	-0.0412	0.3206	0.0028012534494508993	0.0023073252711365037	0.000148352986419518	1.03145194	56.85333633	0.97753108	0.10584803217935204	0.0109178	0.0001
0.109	0.0518	0.4578	0.0020664698343612863	0.002701769682087222	0.0004380776422505767	1.17143869	64.56936646	1.0918088	0.3060476340935695	0.0153682	0.00036
0.1092	-0.0497	0.3885	0.0024609142453120045	0.002136283004441059	0.0001884955592153876	1.05220246	57.99710083	1.01479617	0.2314756585816035	0.011969	0.00011
0.1143	-0.1106	0.3693	0.002892010570554604	0.002155481626212997	1.9198621771937625e-05	0.98085809	54.06462097	0.96321138	0.11617959422289936	0.0118295	9e-05
0.1142	-0.082	0.3759	0.0033178709080412204	0.002136283004441059	-0.00012042771838760874	0.98592651	54.34399033	0.9598966	0.06453426497090504	0.0123814	9e-05
0.1196	0.0012	0.416	0.0027331856086231197	0.0019879300180215415	7.330382858376184e-05	1.02417755	56.45237732	0.9879307	0.17503849164044943	0.0130451	0.0001
0.1215	-0.0563	0.4038	0.002883283924294633	0.0019285888234537342	6.806784082777885e-05	0.97519952	53.75271988	0.96251529	0.08233377489976515	0.0124118	0.00011
0.1205	-0.094	0.3434	0.0029740410453983376	0.0020996310901491783	-0.00014486232791552936	0.98251712	54.15606689	0.97194677	0.12283647782712286	0.0110866	5e-05
0.1163	-0.0866	0.3214	0.002895501229058593	0.0021589722847169856	-0.00018675022996339323	0.97584361	53.78822327	0.95802053	0.04258844564777076	0.0112023	8e-05
0.1184	0.0124	0.415	0.002574360646691636	0.002049016541841343	3.4906585039886588e-06	1.07175219	59.07467651	1.02443996	0.22576686068549903	0.0137191	0.0001
0.1192	0.0006	0.4131	0.002501056818107874	0.0019181168479417679	6.108652381980153e-05	0.96189255	53.01924515	0.95486366	0.02758996938995744	0.0140675	8e-05
0.1192	-0.0879	0.4075	0.002722713633111154	0.0020106192982974674	3.316125578789226e-05	0.97780627	53.89640427	0.96755258	0.11120422666954448	0.0146357	0.00015
0.1172	-0.0725	0.3724	0.0027995081201989047	0.00217293491873294	-2.6179938779914945e-05	1.01054835	55.70113754	0.95696724	0.0674225651045515	0.0136017	8e-05
0.1208	-0.0353	0.4259	0.002621484536495483	0.0020176006153054447	9.075712110370512e-05	1.03291845	56.93416977	0.98187204	0.11681474735072685	0.0153137	0.00015
0.1227	-0.0312	0.4209	0.002516764781375823	0.0019826940302655584	5.93411945678072e-05	0.97852635	53.93609619	0.95564609	0.01955211333477221	0.0149909	0.0001
0.1265	-0.0911	0.385	0.0027419122548830916	0.002008873969045473	-0.00017453292519943296	0.968638	53.39105225	0.95877448	0.12386007660272116	0.014007	5e-05
0.126	-0.0814	0.3567	0.0025603980126756814	0.0019949113350295183	-0.00016406094968746698	0.99471921	54.82863998	0.96423443	0.048797442586766555	0.0130641	7e-05
0.1223	-0.022	0.4286	0.002537708732399755	0.001970476725501598	4.71238898038469e-05	1.03610861	57.11001587	0.99849229	0.147915436464758	0.0148022	0.00011
0.1223	-0.0056	0.4311	0.0024050637092481865	0.0019268434942017398	0.00010995574287564276	0.97266573	53.61306	0.95411059	0.030855505376161135	0.0149629	8e-05
0.1178	-0.101	0.3986	0.002748893571891069	0.002118829711921116	1.0471975511965975e-05	0.98007858	54.02165222	0.97029016	0.16416499238629675	0.0139368	4e-05
0.1207	-0.0725	0.35	0.0026319565120074486	0.0021467549799530253	1.7453292519943296e-05	0.99355876	54.76467896	0.96664054	0.08759218224617539	0.0122614	5e-05
0.117	-0.0576	0.3678	0.002633701841259443	0.002169444260228951	6.981317007977319e-05	1.01890969	56.16201401	0.97957537	0.04023972435438755	0.0127589	8e-05
0.1173	0.0142	0.4242	0.0023876104167282427	0.002007128639793479	0.0001239183768915974	1.02890384	56.71288681	0.9931035	0.15162561258892485	0.0140702	5e-05
0.1155	-0.0607	0.4015	0.0026249751949994717	0.0020734511513692635	0.0001064650843716541	0.98875135	54.49969482	0.95762756	0.11545702911834783	0.013334	8e-05
0.1116	-0.0882	0.3504	0.00285012266850674	0.0023422318561763904	7.330382858376184e-05	1.01762772	56.09135437	0.97796179	0.1088544717051144	0.01234	4e-05
0.1075	-0.0722	0.3093	0.0028152160834668534	0.002410299697004169	-1.3962634015954635e-05	1.0094676	55.64157104	0.97270183	0.07071204442336905	0.0113079	5e-05
0.1085	-0.0434	0.3642	0.002712241657599188	0.0022759093446006054	6.632251157578452e-05	1.0013026	55.19151306	0.97805604	0.1005824961931484	0.0118957	7e-05
0.1141	0.0271	0.4103	0.002553416695667704	0.00214850030920502	0.00013439035240356338	1.01994193	56.21891022	0.9865383	0.1399150919077424	0.0135628	5e-05
0.1066	-0.0653	0.3561	0.0027611108766550296	0.002368411794956305	0.00016231562043547262	1.03861809	57.24833298	1.00224008	0.17687654673852596	0.0123587	8e-05
0.1075	-0.0818	0.299	0.0027436575841350863	0.0024801128670839424	3.141592653589793e-05	1.02191305	56.32756042	0.97908967	0.08750270292735779	0.0112777	6e-05
0.1081	-0.0603	0.2822	0.002712241657599188	0.002464404903815993	-5.4105206811824215e-05	0.96140695	52.99247742	0.94799767	0.04553225115757848	0.0108802	2e-05
0.1093	-0.0337	0.3598	0.002782054827678961	0.002331759880664424	5.4105206811824215e-05	1.04688168	57.70381927	1.00374535	0.12093343034274952	0.01214	7e-05
0.1143	0.0213	0.4034	0.0024312436480281013	0.002106612407157156	0.0001361356816555577	1.02890611	56.7130127	0.98950751	0.136499456400093	0.0133312	0.00011
0.1149	-0.0731	0.3761	0.0026808257310632897	0.0022741640153486112	5.235987755982989e-05	1.00628769	55.46629333	0.97680651	0.14734547476611856	0.0123548	8e-05
0.1136	-0.0937	0.3215	0.0028431413514987624	0.0023998277214922034	-1.3962634015954635e-05	1.00516844	55.40459824	0.97210937	0.09421509190774244	0.0121462	7e-05
0.116	-0.0793	0.3288	0.002811725424962865	0.00238237442897226	-8.028514559173915e-05	0.99017221	54.57801056	0.97102795	0.029859586531581245	0.0120218	0.0001
0.1199	-0.0033	0.4066	0.002457423586808016	0.0022026055160168437	3.839724354387525e-05	1.05570412	58.19011307	1.0191724	0.190337657012294	0.0141287	0.00016
0.1211	-0.0196	0.3934	0.0024207716725161347	0.0020525072003453313	2.4434609527920616e-05	0.97051525	53.49452591	0.95964595	0.04073564319896739	0.0138947	0.00014
0.119	-0.1181	0.3549	0.0028675759610266834	0.0022724186860966175	-0.0001239183768915974	0.98825681	54.472435	0.97757802	0.17985343803406773	0.0137967	0.00013
0.1175	-0.084	0.2908	0.0029146998508305304	0.00238237442897226	-0.0002617993877991494	1.02888906	56.71207428	0.98811676	0.11444803217935207	0.0134286	0.00019
0.116	-0.0448	0.36	0.0027768188399229783	0.002251474735072685	-0.00010821041362364843	1.06498694	58.70177841	1.00566016	0.13101848394913135	0.0142792	0.00029
0.1158	0.03	0.3903	0.0023963370629882146	0.002045525883337354	-5.061454830783555e-05	1.025787	56.5410881	0.9857274	0.13750132469929535	0.014936	0.00021
0.1115	-0.0977	0.3649	0.0027628562059070234	0.002282890661608583	-1.9198621771937625e-05	1.02716243	56.61690521	0.99161053	0.18916499238629675	0.0142605	0.00022
0.1062	-0.0878	0.3037	0.002909463863074547	0.0025045474766118626	-2.4434609527920616e-05	1.0316658	56.86512375	0.99022135	0.09507502299633923	0.0126913	0.00016
0.1092	-0.0495	0.3559	0.0025987952562195565	0.0022776546738526	6.45771823237902e-05	1.04915226	57.82897186	0.99531503	0.12482866007329815	0.0128363	0.0001
0.1131	0.0016	0.3871	0.0024434609527920616	0.002097885760897184	2.792526803190927e-05	0.98959368	54.5461235	0.96897065	0.1047877565337396	0.0123838	6e-05
0.1023	-0.0864	0.3458	0.002892010570554604	0.0024556782575560214	0.00014660765716752367	1.0181998	56.12288666	0.98074561	0.1863512251778497	0.0121729	7e-05
0.0897	-0.096	0.2741	0.0030176742766981957	0.002909463863074547	0.0003351032163829112	1.07073295	59.01849747	1.00643513	0.13229724354387523	0.0111111	0.0001
0.1092	-0.0343	0.3453	0.002883283924294633	0.0023387411976724015	5.759586531581287e-05	1.09153187	60.16492462	1.0297784	0.20153101844364027	0.0104257	7e-05
0.116	0.0553	0.4012	0.0024556782575560214	0.0021048670779051613	3.839724354387525e-05	1.0232445	56.40094376	0.99551227	0.18633392041388944	0.0121841	0.00011
0.1066	-0.0795	0.3472	0.0028675759610266834	0.002441715623540067	0.00011344640137963142	1.06043863	58.45107651	1.02368785	0.23938977034706613	0.0109772	9e-05
0.1021	-0.0951	0.2949	0.002841396022246768	0.0025481807079117207	6.632251157578452e-05	1.03948152	57.29592514	0.99316894	0.08138844564777081	0.0105093	7e-05
0.1093	-0.0139	0.3671	0.002513274122871834	0.0022602013813326567	8.203047484373349e-05	1.07833946	59.43776703	1.01789963	0.19219045946109736	0.0112224	7e-05
0.1072	-0.0266	0.3313	0.0026145032194875057	0.002305579941884509	9.250245035569947e-05	0.96261144	53.05886841	0.95211138	0.058453981633974486	0.0107114	8e-05
0.1025	-0.0932	0.2376	0.0024120450262561633	0.0025045474766118626	-0.00015533430342749534	1.08114064	59.59216309	1.032686	0.1974631240870945	0.011738	8e-05
0.099	-0.0629	0.2487	0.0024294983187761066	0.0024748768793279594	-0.0001605702911834783	1.01934147	56.18581009	0.97822232	0.047517993877991466	0.0114107	8e-05
0.1089	0.0162	0.3623	0.002453932928304027	0.0022165681500327986	8.203047484373349e-05	1.11971045	61.71812439	1.05723448	0.22886720524251464	0.0117893	5e-05
0.1125	0.0301	0.3757	0.0023073252711365037	0.0021258110289290935	9.773843811168246e-05	0.95062262	52.3980484	0.94395391	0.04355363707695885	0.0125829	0.0001
0.1071	-0.0857	0.2725	0.0025865779514555962	0.002398082392240209	-0.00018151424220741024	1.09905851	60.57979202	1.05087803	0.265938836197465	0.0111778	0.00011
0.0914	-0.0788	0.2099	0.0022898719786165604	0.002432988977280095	-0.0002740166925631097	1.0413208	57.39730835	1.00004895	0.10640575041173111	0.0117475	0.00011
0.1014	-0.0367	0.2935	0.0022462387473167022	0.002309070600388498	-8.203047484373349e-05	1.10236526	60.76205826	1.04194741	0.15367689129554155	0.0110754	9e-05
0.1103	0.0512	0.3636	0.0022270401255447643	0.0021537362969610025	5.585053606381854e-05	1.02645338	56.57781601	1.0048115	0.18252069680534927	0.0124983	0.0001
0.1114	-0.0536	0.305	0.0025516713664157096	0.0022113321622768156	7.330382858376184e-05	1.03459895	57.02679825	1.00282348	0.18448401993533503	0.0110978	7e-05
0.1144	-0.0754	0.2357	0.002509783464367846	0.002373647782712288	2.792526803190927e-05	1.05031443	57.89303589	0.99946096	0.1065791041517594	0.0110735	7e-05
0.1139	-0.0512	0.2721	0.002535963403147761	0.0022113321622768156	6.806784082777885e-05	1.04725266	57.72426987	0.99860158	0.07253190660056284	0.0104139	7e-05
0.1142	0.043	0.3714	0.002333505209916419	0.0020856684561332234	0.00012740903539558605	1.06584477	58.74906158	1.0309205	0.21317315469713707	0.0122004	0.00011
0.109	-0.0164	0.3233	0.0023876104167282427	0.002124065699677099	0.00013264502315156904	1.00840271	55.58287048	0.98337646	0.11758692190558415	0.0110168	8e-05
0.099	-0.1104	0.2289	0.002593559268463574	0.0023509585024363614	3.4906585039886588e-06	1.09980142	60.6207428	1.04086139	0.22649980095710867	0.0109423	0.00012
0.086	-0.0705	0.2003	0.0024713862208239705	0.002410299697004169	-0.00016929693744344995	1.02196062	56.33018112	0.97866514	0.09921509190774248	0.0102834	0.0001
0.0943	-0.0269	0.3085	0.0026057765732275338	0.0021886428820008896	0.00012042771838760874	1.07471085	59.23775482	1.03523982	0.19238859116189505	0.00999618	6e-05
0.1068	0.0588	0.3702	0.0024120450262561633	0.0019582594207376374	0.00022165681500327985	1.04174888	57.42090225	0.9969449	0.18616720524251468	0.0119236	0.0001
0.1036	-0.0569	0.3154	0.002892010570554604	0.0021013764194011725	0.00013788101090755203	1.04500353	57.60029984	1.00623569	0.20904291735288516	0.0101436	8e-05
0.0973	-0.0988	0.2449	0.0029530970943744054	0.0023282692221604354	3.665191429188092e-05	1.02734303	56.62685394	0.99155215	0.13816042115973676	0.00991845	8e-05
0.0909	-0.0668	0.2254	0.002900737216814576	0.00231779724664847	-6.108652381980153e-05	1.00095117	55.17214584	0.96731381	0.0659285145591739	0.00946826	0.0001
0.0976	-0.0277	0.3259	0.002841396022246768	0.002141518992197042	9.948376736367679e-05	1.06995225	58.97546768	1.01420401	0.16610948701013573	0.0100856	0.00011
0.1056	0.0376	0.3629	0.0026302111827554544	0.001895427567665842	0.00013264502315156904	1.03340042	56.96073914	0.98934214	0.13482187599052028	0.0114167	0.00017
0.1002	-0.0944	0.2787	0.002993239667170275	0.0022043508452688383	7.155849933176751e-05	1.09054565	60.11056519	1.03759288	0.25825191429188094	0.00991857	0.00013
0.0953	-0.109	0.2182	0.0029478611066184224	0.002331759880664424	-6.632251157578452e-05	1.04836619	57.78564835	0.99170481	0.09553343034274953	0.00960678	7e-05
0.0925	-0.063	0.2306	0.0028221974004748306	0.002267182698340634	-0.00010821041362364843	0.97513217	53.74900818	0.95593839	0.07280643952576225	0.00888669	5e-05
0.0999	0.0187	0.345	0.0025324727446437724	0.0021537362969610025	4.537856055185256e-05	1.13686848	62.66386795	1.05056715	0.23133800156930953	0.0107665	0.0002
0.1049	0.0044	0.3373	0.0023404865269243957	0.0021519909677090087	1.2217304763960308e-05	1.03154743	56.85860062	0.98335452	0.03834464013796311	0.0106002	0.00014
0.1035	-0.0792	0.2659	0.002478367537831948	0.002314306588144481	-0.0002565634000431664	1.0432837	57.50550079	1.00225298	0.18484886680750756	0.0101571	2e-05
0.0986	-0.0546	0.2374	0.002501056818107874	0.0024277529895241124	-0.0003054326190990077	1.01288855	55.83013153	0.96841252	0.06725024503556999	0.0116239	0.00013
0.0968	-0.0421	0.31	0.002583087292951608	0.002366666465704311	-7.330382858376184e-05	1.06982708	58.96856308	1.00696753	0.10566228945893905	0.0117145	5e-05
0.1016	0.0614	0.3852	0.002197369528260861	0.0021938788697568722	8.37758040957278e-05	1.08226001	59.653862	1.02846	0.21927924966588375	0.0132657	0.0001
0.1042	-0.063	0.328	0.002567379329683659	0.0023596851486963333	-6.9813170079773176e-06	1.02361751	56.42150879	1.00096859	0.21552866007329816	0.0113001	4e-05
0.1356	-0.0939	0.269	0.002886774582798621	0.0022043508452688383	-0.000486946861306418	1.04612219	57.6619606	1.00815807	0.16903475504204488	0.0108146	7e-05
0.1205	-0.0655	0.2722	0.0027384215963791032	0.0019233528356977512	-0.0003612831551628262	1.00973797	55.65646744	0.98109195	0.0744507351067098	0.00909853	4e-05
0.1112	-0.0145	0.3608	0.0026022859147235454	0.0019111355309337906	9.42477796076938e-05	1.06546605	58.72818375	1.02182448	0.17909419605950197	0.0098058	4e-05
0.1114	0.0153	0.3722	0.0023928464044842257	0.001891936909161853	0.00017453292519943296	0.9547838	52.62741089	0.95218435	0.05684616388014979	0.0101259	8e-05
0.1109	-0.0999	0.2774	0.002700024352835228	0.0021519909677090087	0.00013264502315156904	1.06790876	58.8628273	1.03391499	0.2409559954473011	0.00932127	8e-05
0.1192	-0.0877	0.2216	0.0025202554398798117	0.0021205750411731105	-8.552113334772214e-05	1.02642846	56.57644653	0.99241385	0.09776754979953027	0.00962222	0.0001
0.114	-0.0325	0.3019	0.0024836035255879313	0.0019303341527057286	0.00019896753472735358	1.08683586	59.90608215	1.02764491	0.16626907354171688	0.00909764	5e-05
0.1117	0.0338	0.3376	0.002518510110627818	0.0019111355309337906	0.00022165681500327985	0.99788898	55.00335693	0.9713366	0.10813972435438755	0.0101171	5e-05
0.104	-0.0775	0.2538	0.0026127578902355115	0.0022113321622768156	7.155849933176751e-05	1.08163953	59.61966705	1.03364087	0.23002713633111152	0.00960457	0.00011
0.0961	-0.0811	0.2142	0.0024120450262561633	0.00233001455141243	-5.585053606381854e-05	1.02820408	56.67432022	0.98265068	0.07344021442552745	0.0100234	5e-05
0.0983	-0.0283	0.2982	0.0023998277214922034	0.00222529479629277	0.00010471975511965978	1.064803	58.69164276	1.017531	0.15287536755335493	0.00935537	4e-05
0.1104	0.0552	0.3795	0.0021205750411731105	0.0021938788697568722	0.00023561944901923448	1.05497229	58.14977264	0.99984032	0.19897841503772823	0.0121719	8e-05
0.1093	-0.0493	0.3469	0.0025569073541716926	0.0022846359908605773	0.00028274333882308137	1.04282224	57.48006439	1.00055971	0.16691066619530673	0.010473	0.00011
0.1119	-0.1106	0.281	0.002708750999095199	0.002361430477948328	0.0001361356816555577	1.04753494	57.73983002	0.99770514	0.148562289458939	0.010031	7e-05
0.1155	-0.0978	0.2544	0.0026546457922833754	0.0022968532956245376	-1.3962634015954635e-05	0.99357796	54.76573563	0.96375849	0.05643903524035634	0.00926918	4e-05
0.1175	-0.0556	0.3235	0.002825688058978819	0.0022043508452688383	0.00010995574287564276	1.06365025	58.62809753	0.99993887	0.132673154697137	0.0102979	9e-05
0.1206	0.0513	0.3969	0.0024050637092481865	0.001954768762233649	0.00019198621771937622	1.09510481	60.36186981	1.02909931	0.2210118453804777	0.0120991	8e-05
0.1213	-0.0663	0.3633	0.0026790804018112955	0.001960004749989632	0.00015009831567151235	1.03379691	56.98258972	0.99772583	0.1679570291183478	0.0106924	5e-05
0.1215	-0.0841	0.2969	0.0027838001569309555	0.0020751964806212577	-9.42477796076938e-05	1.00246775	55.2557373	0.98046619	0.1076128790515246	0.00957203	2e-05
0.1192	-0.0736	0.2781	0.002775073510670984	0.0022113321622768156	-0.00010995574287564276	1.01453006	55.92060852	0.96859367	0.03962851455917389	0.0101381	5e-05
0.1191	-0.0031	0.3768	0.0026040312439755396	0.002054252529597326	0.00010995574287564276	1.08974767	60.06658173	1.02277801	0.19670166925631105	0.0117222	7e-05
0.1222	0.0216	0.3997	0.0024015730507441976	0.0019669860669976093	0.00014311699866353502	1.00214899	55.23816681	0.96789419	0.06684429558094751	0.0126866	8e-05
0.1189	-0.1068	0.3442	0.002717477645355171	0.0021275563581810873	0.00011170107212763708	1.03402448	56.99513626	1.00657168	0.21259454061651747	0.0112378	3e-05
0.1201	-0.0972	0.2905	0.0027995081201989047	0.002230530784048753	-4.363323129985824e-05	1.0192492	56.1807251	0.97928947	0.08151696020694477	0.0110869	6e-05
0.1201	-0.063	0.3629	0.0027314402793711255	0.0021275563581810873	6.283185307179586e-05	1.0553658	58.17146683	1.00025773	0.12047536755335496	0.0120156	5e-05
0.1215	0.0173	0.4075	0.002366666465704311	0.0019355701404617114	0.0001884955592153876	1.01809144	56.11691284	0.98560035	0.16042118687648907	0.01326	0.0001
0.1209	-0.0899	0.3776	0.0026790804018112955	0.0021223203704251047	0.00013264502315156904	1.00274038	55.2707634	0.97273553	0.1654507351067098	0.012998	9e-05
0.1157	-0.0923	0.3133	0.002813470754214859	0.0023474678439323734	2.268928027592628e-05	1.02493465	56.49410629	0.98977241	0.0953746784393237	0.012015	8e-05
0.117	-0.0538	0.3779	0.0026022859147235454	0.0021642082724729686	0.0001186823891356144	1.0475558	57.74098206	0.99869196	0.12892187599052032	0.0128173	8e-05
0.1206	0.0194	0.4144	0.0023073252711365037	0.0019669860669976093	0.00019547687622336493	1.00402963	55.34183121	0.97930475	0.14174886680750756	0.0139955	8e-05
0.1187	-0.092	0.3924	0.002834414705238791	0.0020664698343612863	0.0001291543646475804	1.00777411	55.54822159	0.98106122	0.1699447856520874	0.0136319	7e-05
0.1175	-0.0861	0.3345	0.0029845130209103033	0.002256710722828668	4.537856055185256e-05	1.00617969	55.46033859	0.97709951	0.08620575041173112	0.0126079	8e-05
0.115	-0.0549	0.3762	0.0027872908154349444	0.0022148228207808044	0.00017453292519943296	1.01819324	56.12252426	0.97867158	0.09381322360854008	0.0132446	8e-05
0.1169	0.0463	0.4158	0.002441715623540067	0.002001892652037496	0.00026354471705114377	1.02664125	56.58817291	0.9916978	0.17507585762449485	0.0148984	7e-05
0.1134	-0.0871	0.3957	0.0029146998508305304	0.002190388211252884	0.0001972222054753592	1.00942707	55.63933563	0.99483205	0.1933901149040818	0.013765	7e-05
0.1096	-0.0944	0.3537	0.0029949849964222694	0.0024120450262561633	0.0002513274122871834	0.97575212	53.78318024	0.95665232	0.07090235837034212	0.0129566	0.0001
0.1105	-0.0814	0.3643	0.0029077185338225527	0.002363175807200322	0.00020943951023931956	0.98420763	54.24924469	0.96132444	0.033401179185171076	0.0127589	7e-05
0.1157	0.0272	0.4125	0.00238237442897226	0.002131047016685076	0.0002652900463031381	1.05298758	58.04037857	1.01316723	0.20266617157146785	0.0141571	0.00014
0.1133	-0.048	0.3827	0.0026284658535034606	0.0022863813201125715	0.00031415926535897925	0.98469299	54.27599716	0.96712137	0.12991474735072683	0.0128289	4e-05
0.1017	-0.0947	0.3261	0.002879793265790644	0.002593559268463574	0.00035604716740684323	0.97799069	53.90657043	0.96340533	0.1449196631343025	0.0117159	6e-05
0.1071	-0.0581	0.2874	0.002848377339254746	0.0024731315500759648	0.00011170107212763708	1.00203478	55.23187256	0.970063	0.10050948701013568	0.0110838	5e-05
0.1125	-0.0256	0.3612	0.00277332818141899	0.002209586833024821	0.00014660765716752367	1.06516099	58.71137238	1.0071324	0.13037502299633935	0.0121906	8e-05
0.1172	0.0367	0.401	0.0024050637092481865	0.0020839231268812296	0.00016929693744344995	1.00213706	55.23751068	0.97749328	0.13263087292951603	0.0129777	6e-05
0.1068	-0.0723	0.3683	0.002764601535159018	0.0024713862208239705	0.00031415926535897925	1.03492892	57.04498672	0.98677004	0.1966931623884551	0.0124742	5e-05
0.1023	-0.0854	0.3272	0.0029914943379182805	0.0027366762671271086	0.0004485496177625427	1.02171862	56.31684113	0.9722392	0.09002866007329823	0.0120017	5e-05
0.1146	-0.0694	0.3271	0.0028815385950426383	0.0025481807079117207	0.00028623399732707005	1.01155734	55.75675201	0.97229774	0.05143834612632512	0.0109944	7e-05
0.1163	0.0157	0.3904	0.0025638886711796703	0.002190388211252884	0.0002199114857512855	1.03192961	56.87966537	1.00023512	0.1871882466048795	0.0116438	5e-05
0.1113	-0.0474	0.3584	0.002892010570554604	0.0022968532956245376	0.00019024088846738194	0.98352432	54.21158218	0.95826377	0.12331287905152456	0.0104997	5e-05
0.1055	-0.0981	0.2882	0.003115412714809878	0.0025761059759436306	0.0002513274122871834	1.03918207	57.27941895	0.9970756	0.15488706741970842	0.00990528	8e-05
0.1104	-0.079	0.2509	0.0030124382889422127	0.0024870941840919192	6.981317007977319e-05	1.0068897	55.49947357	0.97650661	0.07997502299633936	0.00947797	7e-05
0.1154	-0.0215	0.3284	0.0028379053637427798	0.0022165681500327986	0.00016929693744344995	1.06196475	58.53519821	1.02327402	0.16722713633111155	0.010258	7e-05
0.1116	0.0365	0.3344	0.002314306588144481	0.0020245819323134223	0.00013264502315156904	0.98269302	54.16576004	0.97247268	0.10541184538047772	0.0109048	0.0001
0.1189	-0.0821	0.2271	0.0027715828521669953	0.0020106192982974674	0.0006335545184739417	1.13287747	62.44388199	1.08461109	0.28180741966804207	0.0117846	0.00053
0.1322	-0.0879	0.2093	0.002565634000431664	0.0020420352248333657	0.0002722713633111154	1.12621212	62.07649612	1.07860558	0.06683239667170277	0.0118657	0.00017
0.123	0.0564	0.3365	0.0025202554398798117	0.0019792033717615696	0.0002548180707911721	1.19118774	65.65792847	1.11120619	0.28698318530717964	0.012662	0.00023
0.1261	0.0174	0.3375	0.002665117767795341	0.0018517943363659836	0.00038571776469074686	0.97280008	53.62046432	0.96727732	0.0632585528605345	0.0129732	0.00031
0.1255	-0.0831	0.2547	0.003447025272688801	0.0019250981649497454	0.0002495820830351891	1.09144258	60.16000366	1.05174786	0.23346735075663896	0.0140389	0.00084
0.1214	-0.0987	0.248	0.003005456971934235	0.0022689280275926286	-9.773843811168246e-05	1.08025765	59.54349899	1.0247119	0.08303593422721603	0.0116528	0.00025
0.1159	-0.0019	0.3388	0.0026022859147235454	0.0021607176139689798	0.00012740903539558605	1.11359322	61.3809433	1.04752306	0.22992644721708036	0.0115703	0.00013
0.1155	-0.003	0.3449	0.002909463863074547	0.002022836603061428	0.00019198621771937622	0.99824357	55.02290344	0.95929156	0.03308180707911716	0.0118755	0.00016
0.1169	-0.0974	0.2985	0.003178244567881674	0.0022165681500327986	0.00015533430342749534	1.04234505	57.45376205	1.00036338	0.1671582083035189	0.0111678	0.00016
0.116	-0.0811	0.2409	0.003038618227722128	0.0022916173078685546	-8.901179185171081e-05	1.05487049	58.14416504	0.99723882	0.09775107966372541	0.0102373	0.00014
0.1141	-0.058	0.2921	0.002892010570554604	0.002178170906488923	1.5707963267948964e-05	1.02959919	56.75121689	0.98858449	0.09443869068334082	0.00937921	4e-05
0.1173	0.0361	0.37	0.0025464353786597265	0.00209614043164519	0.0001291543646475804	1.06681812	58.80271149	1.00461998	0.20225260340591208	0.0116841	0.00018
0.1168	-0.0341	0.3458	0.0027104963283471934	0.002209586833024821	9.250245035569947e-05	1.02431464	56.45993423	0.98212254	0.11060796326794892	0.0107821	4e-05
0.114	-0.0689	0.2758	0.002766346864411012	0.002368411794956305	1.5707963267948964e-05	1.04172146	57.41939163	0.99512356	0.12217349925415268	0.0102942	5e-05
0.1114	-0.0674	0.2906	0.002780309498426967	0.0023492131731843676	-5.585053606381854e-05	0.99555153	54.87451935	0.97434047	0.02413598775598304	0.0100784	6e-05
0.1156	0.034	0.383	0.0026441738167714093	0.0021956241990088664	0.00010995574287564276	1.08434772	59.76893616	1.02951738	0.22077654673852604	0.0122136	9e-05
0.1146	-0.0206	0.3781	0.0026354471705114374	0.0021799162357409173	8.726646259971648e-05	1.00750434	55.5333519	0.97081124	0.06285619449019239	0.0119157	7e-05
0.1118	-0.0856	0.3149	0.0028379053637427798	0.0023998277214922034	2.6179938779914945e-05	1.04165637	57.415802	0.99549078	0.1551728101401215	0.0109543	8e-05
0.1095	-0.0833	0.2798	0.002811725424962865	0.0024591689160600103	-9.250245035569947e-05	0.99076158	54.61049652	0.96933665	0.049910176124166816	0.0104166	7e-05
0.1121	-0.0012	0.3717	0.0026930430358272505	0.002288126649364566	3.490658503988659e-05	1.07127881	59.04858398	1.02297516	0.19745668456133225	0.01217	7e-05
0.1137	0.0073	0.3806	0.002513274122871834	0.002097885760897184	8.552113334772214e-05	1.00252795	55.25905609	0.9714046	0.04003121748653172	0.0127604	0.00011
0.1097	-0.0946	0.3176	0.002778564169174973	0.002333505209916419	1.3962634015954635e-05	1.04475844	57.58679199	1.00568149	0.19752339973270705	0.0114003	6e-05
0.1044	-0.1028	0.2606	0.002707005669843205	0.002462659574563999	-0.00015009831567151235	1.04942584	57.84405518	0.98478817	0.08873869068334075	0.0115942	7e-05
0.1101	-0.0147	0.3595	0.0026092672317315226	0.0022951079663725434	6.9813170079773176e-06	1.10846221	61.09812546	1.03909528	0.21381848394913136	0.0122485	8e-05
0.1071	0.0136	0.3455	0.0024050637092481865	0.0022148228207808044	1.0471975511965975e-05	1.01174498	55.76709366	0.98028559	0.05969896632895321	0.0122757	4e-05
0.0962	-0.0933	0.2605	0.0026127578902355115	0.00239459173373622	-0.0002600540585471551	1.06446588	58.67305756	1.02272275	0.23569945640009304	0.0110226	4e-05
0.0998	-0.0533	0.2827	0.0026075219024795284	0.0023701571242082994	-0.0001937315469713706	1.02741432	56.6307869	0.97620622	0.0705996554429844	0.0112764	4e-05
0.1097	0.0424	0.371	0.002356194490192345	0.0022165681500327986	5.235987755982989e-05	1.09207821	60.19504166	1.03006839	0.22645039054969424	0.012592	5e-05
0.1143	-0.0166	0.3238	0.002436479635784084	0.0020664698343612863	-0.00010995574287564276	1.01030397	55.68766785	0.9789911	0.1304349540849362	0.0110208	0.0001
0.1078	-0.0848	0.2971	0.0029705503868943488	0.0023003439541285265	-0.00011693705988362007	0.99519688	54.85496902	0.97478419	0.1401463093942741	0.0107508	4e-05
0.0892	-0.0394	0.2838	0.0029845130209103033	0.002537708732399755	0.00038048177693476387	1.01847744	56.13818741	0.97389429	0.11473731245527836	0.0110872	0.0001
0.1017	-0.0037	0.3662	0.0026057765732275338	0.002239257430308725	0.0004363323129985824	1.05846775	58.34244537	1.01175204	0.1672519142918809	0.0115283	6e-05
0.1132	0.0153	0.3724	0.0024294983187761066	0.0020629791758572974	0.00032463124087094524	0.99678355	54.94242859	0.96791909	0.05991287905152458	0.0110886	7e-05
0.1042	-0.1066	0.2786	0.0026668630970473357	0.002333505209916419	0.00034208453339088857	1.06859469	58.90063858	1.03105208	0.2509672052425147	0.00963569	2e-05
0.1039	-0.0913	0.2484	0.0026441738167714093	0.0022898719786165604	0.00017104226669544429	1.02791464	56.65836716	0.98126832	0.05766823891356146	0.00966692	0.0001
0.1081	-0.0049	0.3261	0.0025499260371637153	0.002078687139125246	0.0003351032163829112	1.06328487	58.60796356	1.01850779	0.19177467843932372	0.00992185	0.00011
0.1063	-0.006	0.2652	0.0024678955623199817	0.002176425577236929	0.00028623399732707005	1.02559054	56.53026199	0.99838042	0.07523190660056289	0.00990617	9e-05
0.0975	-0.0868	0.1712	0.002384119758224254	0.002235766771804736	-1.7453292519943296e-05	1.07443178	59.22237396	1.03263383	0.2059402144255274	0.0110149	0.00018
0.0949	-0.0463	0.1766	0.002356194490192345	0.0022602013813326567	-2.4434609527920616e-05	0.97709435	53.85716248	0.9542898	0.05146705972839037	0.0115316	0.0002
0.1085	0.0244	0.3011	0.002522000769131806	0.0021589722847169856	0.0002670353755551324	1.1593014	63.90036392	1.07840389	0.23672526803190924	0.0113865	0.0001
0.1143	0.0381	0.3175	0.0026511551337793865	0.0020629791758572974	0.00033335788713091696	1.0090543	55.61878586	0.97620681	0.0504734992541527	0.0115605	0.00012
0.1112	-0.0597	0.2433	0.002775073510670984	0.002281145332356589	0.00019896753472735358	1.04747844	57.73671722	1.01129932	0.19892374428972265	0.010155	7e-05
0.1044	-0.0715	0.1974	0.0027768188399229783	0.0023282692221604354	4.18879020478639e-05	1.05805504	58.31969452	0.99004629	0.0747974425867665	0.0113032	0.00028
0.1105	-0.0028	0.3155	0.0027628562059070234	0.0021327923459370708	0.0003159045946109737	1.14592397	63.16300201	1.05822106	0.21707281014012153	0.0106852	0.00015
0.1142	0.0232	0.341	0.0025865779514555962	0.0021118483949131386	0.00040840704496667313	1.01987541	56.21524048	0.97704103	0.06968623279155296	0.010465	8e-05
0.1163	-0.0847	0.2852	0.0027366762671271086	0.002237512101056731	0.0002583087292951608	1.01973951	56.20775223	0.99142059	0.18709301687433083	0.0091877	5e-05
0.1157	-0.0794	0.2437	0.002802998778702893	0.002309070600388498	0.0001064650843716541	1.01684272	56.04808426	0.97306803	0.06188623279155293	0.00967753	7e-05
0.1143	-0.0298	0.329	0.0026825710603152844	0.0021938788697568722	0.0002495820830351891	1.07922888	59.4867897	1.01040726	0.15523682238413847	0.00972801	9e-05
0.1158	0.0149	0.3503	0.002450442269800039	0.0020996310901491783	0.0003438298626428829	1.00568604	55.43312836	0.97019901	0.08853121748653164	0.00996572	3e-05
0.1162	-0.0793	0.3113	0.0027523842303950577	0.0022043508452688383	0.0002600540585471551	0.99049199	54.59563828	0.9721317	0.15812187599052027	0.00942206	6e-05
0.1146	-0.0593	0.2567	0.0027035150113392165	0.0023439771854283846	7.853981633974481e-05	1.01046801	55.69671249	0.9805533	0.09470049007113994	0.00961173	8e-05
0.1147	-0.0315	0.3174	0.002659881780039358	0.0021572269554649913	0.0002303834612632515	1.04148996	57.40663147	0.99585314	0.10771135530933797	0.00971568	5e-05
0.1187	0.0443	0.357	0.0023422318561763904	0.0019582594207376374	0.00037350045992678646	1.02343333	56.41135788	0.98890677	0.1523867228626928	0.0106514	7e-05
0.1203	-0.0749	0.3239	0.002522000769131806	0.0020210912738094335	0.0005759586531581287	1.00222862	55.24255753	0.98298843	0.17615294796292763	0.00950515	7e-05
0.1178	-0.0787	0.2592	0.002775073510670984	0.002235766771804736	0.0005131268000863328	1.02240384	56.35460663	0.98408489	0.09752900463031389	0.0094896	8e-05
0.117	-0.0741	0.2809	0.0029164451800825246	0.002183406894244906	0.0003193952531149623	1.00531507	55.41268158	0.97137863	0.046473154697137045	0.00938022	4e-05
0.1209	0.032	0.352	0.0023876104167282427	0.001960004749989632	0.0004625122517784973	1.06878495	58.91112137	1.0188183	0.22586769531365447	0.0104508	0.0001
0.1199	-0.0292	0.339	0.0023963370629882146	0.0019024088846738192	0.00047647488579445195	0.9586643	52.84130478	0.95281961	0.07921425727958693	0.009664	3e-05
0.1135	-0.0916	0.3173	0.002874557278034661	0.0021537362969610025	0.00048171087355043494	0.98276561	54.16976166	0.96527916	0.12723918075448065	0.0101406	0.0001
0.1099	-0.0613	0.2896	0.003014183618194207	0.0022951079663725434	0.0004729842272904633	0.98327398	54.19778442	0.95900521	0.07608623279155292	0.0098623	5e-05
0.1092	-0.0481	0.2499	0.0029688050576423546	0.002253220064324679	0.0003944444109507184	0.99175131	54.66505051	0.96403475	0.061890313946973086	0.00954241	7e-05
0.1119	-0.02	0.3224	0.0029722957161463434	0.002118829711921116	0.0004572762640225143	1.00229526	55.24622726	0.98131139	0.1133356431989674	0.0101132	4e-05
0.114	0.0507	0.342	0.0025202554398798117	0.0019844393595175526	0.0005445427266222308	0.9542374	52.59729385	0.95103763	0.12608485456349058	0.0112553	0.00012
0.1127	-0.0833	0.2924	0.0029548424236264	0.0021013764194011725	0.0004572762640225143	1.01866603	56.14858246	1.00249917	0.2168395253114963	0.0104883	8e-05
0.1113	-0.0837	0.2261	0.0030124382889422127	0.002261946710584651	0.0002478367537831948	1.00592828	55.4464798	0.9824708	0.08948028333693053	0.0106095	0.00013
0.111	-0.0381	0.2984	0.002820452071222836	0.0020839231268812296	0.00035081117965086024	1.05621064	58.21802902	1.0065752	0.14184921136452316	0.0106964	7e-05
0.1162	0.0139	0.3204	0.0026075219024795284	0.0019268434942017398	0.0005026548245743669	0.99463594	54.8240509	0.96998983	0.10529267231731523	0.0109562	7e-05
0.0986	-0.086	0.2494	0.002659881780039358	0.0028326693759867967	-0.00014137166941154068	1.06395352	58.64481735	1.03069647	0.2686106126665397	0.0110046	0.0001
0.0995	-0.0772	0.2057	0.0029269171555944902	0.0027192229746071652	-4.537856055185256e-05	1.02994609	56.77033615	0.99292099	0.0772237442897226	0.0112901	0.0001
0.1033	-0.0383	0.2313	0.002893755899806598	0.0025062928058638572	1.7453292519943296e-05	1.04336822	57.51016235	0.98452959	0.08374616388014981	0.0104564	9e-05
0.1101	0.0369	0.3178	0.002457423586808016	0.002165953601724963	0.0001658062789394613	1.06160593	58.51541901	1.01402333	0.21475122517784972	0.0104837	4e-05
0.1151	0.0124	0.3137	0.00238237442897226	0.0020996310901491783	0.0002513274122871834	1.00914741	55.62391663	0.95310052	0.04494464013796317	0.0106121	0.00013
0.1094	-0.0869	0.2366	0.0027593655474030345	0.002336995868420407	-3.4906585039886588e-06	1.07011616	58.98450089	1.01792951	0.22555869837465875	0.0103604	7e-05
0.1028	-0.0899	0.2029	0.0026930430358272505	0.0023544491609403502	-4.71238898038469e-05	1.02345288	56.41243362	0.97919353	0.04967045176977927	0.0100678	9e-05
0.1074	-0.0038	0.3084	0.0024766222085799536	0.002171189589480946	0.00015184364492350666	1.09325802	60.2600708	1.04420659	0.2261323966717027	0.00957787	2e-05
0.1156	0.0279	0.3225	0.002305579941884509	0.0020734511513692635	0.00024085543677521747	0.98095596	54.07001495	0.95513122	0.0718896248329419	0.010055	7e-05
0.1151	-0.1018	0.2705	0.0027366762671271086	0.0023544491609403502	8.901179185171081e-05	1.05468643	58.13401413	1.01370647	0.2253968989868597	0.00971138	6e-05
0.1149	-0.0906	0.219	0.0027925268031909274	0.0024172810140121463	-1.5707963267948964e-05	1.00715113	55.51388168	0.97259339	0.07407010721276375	0.0097667	7e-05
0.1142	-0.0395	0.3058	0.002659881780039358	0.0022218041377887812	0.00015707963267948963	1.05516994	58.16067123	1.0140905	0.16364547476611868	0.00957108	5e-05
0.1165	0.045	0.3431	0.0023771384412162766	0.0020682151636132805	0.0002705260340591211	1.03331387	56.95596695	0.9872896	0.1515889357189107	0.0113074	0.0001
0.1142	-0.0851	0.3024	0.0028396506929947744	0.0022026055160168437	0.0002530727415391778	1.04177272	57.42221451	1.0093156	0.20381779483510024	0.0101733	4e-05
0.1118	-0.0907	0.2351	0.0029181905093345183	0.0024242623310201236	9.42477796076938e-05	1.02026308	56.23661423	0.98783784	0.09825107966372543	0.0101541	0.0001
0.1117	-0.065	0.2528	0.0028763026072866553	0.0023265238929084412	0.00010995574287564276	1.01345825	55.8615303	0.97969802	0.051266715171374745	0.00988084	6e-05
0.1156	0.0315	0.3228	0.0026127578902355115	0.0021676989309769574	0.00021118483949131387	1.09212875	60.19782639	1.01922888	0.1965799387799149	0.0114778	0.00014
0.1133	-0.0399	0.2914	0.002844886680750757	0.0021921335405048776	0.00022689280275926284	1.01809216	56.11695099	0.98497656	0.11871356816555571	0.0105955	4e-05
0.1206	-0.0896	0.2094	0.0029059732045705585	0.0022060961745208325	-4.363323129985824e-05	1.06913543	58.93044281	1.01441321	0.15627875959474383	0.0108127	0.00017
0.1178	-0.0567	0.2787	0.002883283924294633	0.0021851522234969008	2.094395102393195e-05	1.01728082	56.07222748	0.99156509	0.11041052068118236	0.00988042	6e-05
0.1178	0.0413	0.3378	0.0025569073541716926	0.002106612407157156	0.0002181661564992912	1.05883181	58.36251068	1.00320282	0.1872069295969022	0.0115283	7e-05
0.1172	-0.0603	0.3255	0.0028152160834668534	0.002143264321449037	0.00021118483949131387	1.01509356	55.9516716	0.98676567	0.12959709802975092	0.0108387	8e-05
0.1175	-0.0967	0.2782	0.002975786374650332	0.0022933626371205488	9.42477796076938e-05	1.01414859	55.89958572	0.9788936	0.1053802833369305	0.0104113	0.0001
0.1187	-0.0851	0.2694	0.0029740410453983376	0.0022933626371205488	5.061454830783555e-05	0.96440208	53.15756989	0.95633682	0.023868928027592655	0.0099048	5e-05
0.1211	0.0151	0.3356	0.0027349309378751144	0.0021275563581810873	0.00023911010752322313	1.08355772	59.7253952	1.0179727	0.19847059728390365	0.0118576	0.00017
0.1235	-0.0448	0.3305	0.0028099800957108703	0.002038544566329377	0.0002181661564992912	1.01065528	55.70703125	0.975246	0.0766502450355699	0.0116712	0.00023
0.124	-0.0911	0.3015	0.0030909781052819575	0.002150245638457014	0.0001972222054753592	1.01289558	55.83051682	0.97153056	0.09648215163613283	0.0112018	8e-05
0.1222	-0.0845	0.2687	0.0030647981665020423	0.002181661564992912	0.0001012290966156711	1.01286209	55.82867432	0.95972308	0.04887944870877504	0.0115761	0.00029
0.1235	-0.0101	0.3432	0.002855358656262723	0.002103121748653167	0.00022340214425527416	1.06820107	58.87893677	1.00607161	0.17070761871093337	0.0125492	0.00018
0.1245	-0.0074	0.3436	0.0027768188399229783	0.0019879300180215415	0.000296705972839036	0.98884875	54.5050621	0.96409879	0.01745176877775663	0.0128725	0.0002
0.1236	-0.0856	0.3022	0.0030717794835100195	0.0021275563581810873	0.0002251474735072685	0.98613292	54.35536575	0.97027153	0.14580727415391773	0.0118246	0.00015
0.1237	-0.0659	0.2628	0.003164281933865719	0.0022165681500327986	6.632251157578452e-05	1.01550376	55.97428131	0.97328612	0.07621696020694477	0.0124556	0.00025
0.123	-0.0153	0.3385	0.0028902652413026098	0.00205599785884932	0.00023561944901923448	1.06564188	58.73788071	1.0033755	0.1571941960595019	0.0131156	0.00014
0.1245	-0.0034	0.3533	0.0026965336943312393	0.001947787445225672	0.0003106686068549907	0.97927243	53.97721863	0.95801115	0.04704955592153873	0.0128148	0.0001
0.1154	-0.0888	0.2678	0.002900737216814576	0.0021938788697568722	0.00016406094968746698	1.06257617	58.56889725	1.01302964	0.20984513020910303	0.0123306	0.00023
0.1008	-0.1178	0.1925	0.0025516713664157096	0.002319542575900464	-0.0001186823891356144	1.08161056	59.6180687	1.02613374	0.15677364476827696	0.0128638	0.00033
0.1082	-0.024	0.3034	0.002748893571891069	0.0021921335405048776	0.000158824961931484	1.13911915	62.78792572	1.07536365	0.2422069295969022	0.0117224	0.0001
0.114	0.027	0.3397	0.0027611108766550296	0.002145009650701031	0.0002373647782712288	0.97719944	53.862957	0.96817664	0.0999940505453776	0.0118374	0.00011
0.1116	-0.0555	0.2918	0.0029914943379182805	0.002267182698340634	0.00022863813201125715	1.01956272	56.19800568	0.98688667	0.15086415775814127	0.01113	0.00011
0.113	-0.0545	0.2439	0.003001966313430246	0.00238237442897226	3.141592653589793e-05	1.00557244	55.42686462	0.97712018	0.06644429558094754	0.010874	0.00011
0.1091	-0.044	0.2789	0.002963569069886372	0.0022741640153486112	0.00016406094968746698	1.0130285	55.83784103	0.98092731	0.06336263401595459	0.0102517	3e-05
0.1154	0.0266	0.362	0.0026773350725593018	0.002178170906488923	0.0002844886680750757	1.02179241	56.32091141	0.99719403	0.18513274122871837	0.0109532	8e-05
0.1162	-0.0233	0.3565	0.0026546457922833754	0.0021118483949131386	0.00024260076602721178	0.97479105	53.73020554	0.96107113	0.06274498469497873	0.0102829	6e-05
0.1181	-0.1109	0.3229	0.002981022362406315	0.0022654373690886398	0.00013962634015954637	0.99215704	54.68741608	0.97595666	0.15224699850830525	0.0100504	4e-05
0.1199	-0.0937	0.2903	0.002855358656262723	0.002230530784048753	7.67944870877505e-05	0.98882377	54.503685	0.96128476	0.06277010721276374	0.00911701	4e-05
0.1233	-0.0011	0.3366	0.0019844393595175526	0.002134537675189065	0.00021467549799530252	1.00475967	55.38206863	0.99229374	0.19753967082562052	0.00919527	5e-05
0.1264	0.0245	0.3384	0.001298524963483781	0.001956514091485643	0.0003438298626428829	0.98357666	54.21446609	0.96311724	0.0801546172192387	0.0104156	0.00014
0.1314	-0.1225	0.3161	0.0018849555921538759	0.002090904443889207	0.00023561944901923448	1.03663754	57.13916779	1.01846281	0.21575156973486528	0.0107696	6e-05
0.1324	-0.1106	0.2929	0.0025080381351158514	0.0022270401255447643	-5.4105206811824215e-05	0.96923268	53.42383194	0.9610501	0.08854714402242958	0.0115014	0.00011
0.1345	-0.0405	0.3168	0.0019722220547535923	0.0021938788697568722	1.2217304763960308e-05	1.02660072	56.5859375	0.99342189	0.12786499238629684	0.0116507	0.00013
0.1354	0.0364	0.3386	0.0012042771838760874	0.00210835773640915	-8.726646259971648e-06	0.99279702	54.72269058	0.98349974	0.1433204977624579	0.0130818	0.00022
0.1314	-0.0657	0.3015	0.0016964600329384882	0.002124065699677099	-4.537856055185256e-05	0.97461504	53.72050476	0.9793024	0.1704271363311115	0.0129417	0.00014
0.1244	-0.1005	0.2517	0.002049016541841343	0.0022130774915288098	-0.00018151424220741024	0.95251566	52.50239182	0.95977546	0.12048519912050616	0.0119411	9e-05
0.1202	-0.0453	0.2786	0.002090904443889207	0.002384119758224254	-0.0002007128639793479	1.00600255	55.45057297	0.98771242	0.09790643952576232	0.0127033	0.00013
0.1229	0.0001	0.2451	0.0023073252711365037	0.002438224965036078	-0.0003944444109507184	1.03411496	57.00012589	1.01623706	0.10481287905152456	0.0135452	0.00028
0.1249	-0.0363	0.2264	0.002022836603061428	0.002176425577236929	-0.0004363323129985824	0.97327936	53.6468811	0.97625779	0.08650879789610447	0.0124521	0.00018
0.1296	0.0619	0.3142	0.0007347836150896127	0.0020001473227855013	-0.0003211405823669566	1.02148902	56.30418396	1.01240603	0.26967614865274336	0.0131599	0.00043
0.132	0.0054	0.2952	0.000874409955249159	0.0018064157758141308	-0.0002024581932313422	0.94592941	52.13936234	0.9511411	0.10050201381332652	0.0128031	0.00028
0.1318	-0.1489	0.2228	0.0016074482410867775	0.0019949113350295183	-0.00042236967898262774	1.06008625	58.43165207	1.04029916	0.28397226654021457	0.0136102	0.00023
0.1304	-0.0981	0.2323	0.0016109388995907662	0.0020106192982974674	-0.0003577924966588376	0.98653251	54.37739182	0.97802906	0.06588879020478641	0.0141472	0.00025
0.1292	0.0606	0.2915	0.0007871434926494425	0.0018692476288859267	-0.0002565634000431664	1.11180282	61.28225708	1.05227074	0.27241980864842674	0.014506	0.0005
0.13	-0.0747	0.232	0.0015289084247470327	0.001895427567665842	-0.0003351032163829112	1.01997447	56.22070312	1.00756671	0.2379242343608625	0.014119	0.00018
0.1293	-0.1056	0.1987	0.001583013631558857	0.0020193459445574393	-0.000445058959258554	0.95956796	52.89111328	0.96129511	0.07929896632895325	0.0137544	0.00022
0.1257	0.0458	0.2688	0.0012531464029319286	0.0018989182261698304	-0.0003089232776029963	1.07647157	59.33480453	1.03975862	0.2544215314335048	0.0146885	0.0002
0.1294	0.043	0.2528	0.0009913470151327792	0.0017208946424664088	-0.00035081117965086024	0.94370264	52.01662064	0.95348314	0.046585543677521685	0.0146703	0.00036
0.1286	-0.1144	0.1993	0.0015917402778188286	0.0019355701404617114	-0.0004974188368183839	1.03072786	56.81343079	1.01701611	0.2597838208924438	0.0146797	0.00022
0.1278	-0.0008	0.257	0.0014224433403753785	0.0019425514574696887	-0.00039095375244672985	1.01762366	56.0911293	1.00234373	0.18623716694115408	0.0142384	0.00017
0.1313	0.0858	0.2733	0.0009861110273767962	0.0016842427281745281	-0.0002373647782712288	0.96769863	53.33927536	0.97012267	0.14881150082346217	0.0150925	0.00045
0.1317	-0.0978	0.2333	0.0012671090369478833	0.0018675022996339327	-0.0004206243497306334	1.05549359	58.17850876	1.03634109	0.2563758576244948	0.0126178	0.00018
0.1319	-0.0991	0.2003	0.0014940018397071458	0.0020315632493213996	-0.0004433136300065597	0.96049708	52.94232559	0.95273994	0.05518215163613276	0.0132933	0.00018
0.1312	0.0234	0.2545	0.0012723450247038664	0.0018692476288859267	-0.00033684854563490564	1.0348233	57.03916931	1.0160847	0.20192187599052033	0.0136198	0.0002
0.134	0.024	0.2674	0.0008272860654453122	0.0016947147036864942	-0.0002617993877991494	0.99267983	54.7162323	0.96214589	0.05103205211468716	0.0131879	0.0002
0.1354	-0.1121	0.22	0.0017558012275062952	0.001811651763570114	-0.0004363323129985824	1.0185076	56.13985062	1.00650684	0.24589925735720183	0.0142251	0.00019
0.1333	-0.0634	0.2095	0.0016999506914424768	0.0018797196043978928	-0.0004188790204786391	0.95741481	52.77243423	0.95798992	0.06836858347057703	0.0127168	0.00017
0.1346	0.032	0.2798	0.0011431906600562858	0.0017034413499464657	-0.000296705972839036	1.03193831	56.88014984	1.00728057	0.20976056667386103	0.014045	0.00032
0.1395	0.0131	0.2701	0.0011117747335203881	0.0015515977050229591	-0.0002670353755551324	0.95616949	52.70379257	0.95564488	0.04414650843716538	0.0138057	0.00032
0.1423	-0.0863	0.2377	0.0014486232791552935	0.001673770752662562	-0.00042236967898262774	1.00513232	55.40260696	0.9860392	0.16531779483510015	0.0128906	0.0002
0.1443	-0.0525	0.2435	0.0016842427281745281	0.0016109388995907662	-0.00039793506945470715	0.96006775	52.91866302	0.96182287	0.05774429558094756	0.0140641	0.00021
0.1427	0.098	0.2859	0.0006126105674500097	0.0013526301702956054	-0.00034208453339088857	1.03909528	57.27463531	1.03011504	0.26378957130417485	0.0151861	0.00065
0.1425	-0.0772	0.2545	0.0008203047484373349	0.0014346606451393388	-0.0005096361415823442	1.0371927	57.16976929	1.02562925	0.2296638132011257	0.013352	0.00017
0.1407	-0.0829	0.2341	0.0018727382873899156	0.0016545721308906245	-0.0006161012259539982	0.94363505	52.01289749	0.95564636	0.096840505453776	0.0126673	0.00017
0.1346	-0.0829	0.2095	0.003373721444105039	0.0017121679962064373	-0.0006230825429619757	0.97254574	53.60644531	0.98230542	0.10897801695194569	0.0145434	0.00054
0.1514	-0.014	0.1681	0.0022741640153486112	0.0015760323145508795	-0.000582939970166106	1.06002533	58.42829514	1.04567157	0.1908917841603928	0.0165711	0.00058
0.1526	-0.0304	0.1587	0.0021572269554649913	0.0012042771838760874	-0.00062482787221397	0.96846634	53.3815918	0.97520879	0.05352900463031379	0.0154889	0.0004
0.148	0.0625	0.223	0.0020245819323134223	0.0010175269539126942	-0.0004328416544945937	1.00567186	55.43234634	0.99974395	0.18736907354171692	0.0156907	0.00044
0.1466	-0.0104	0.2018	0.0022060961745208325	0.000900589894029074	-0.00046425758103049166	0.96565425	53.2265892	0.97015722	0.11199336143134637	0.0136291	0.00031
0.1454	-0.1371	0.1653	0.0022759093446006054	0.001165879940332212	-0.0005602506898901797	0.98673052	54.38830566	0.9845743	0.18595481626212995	0.0142012	0.00024
0.1434	-0.0734	0.1827	0.0024434609527920616	0.001155407964820246	-0.0005497787143782138	0.94526076	52.10250473	0.9557408	0.09252477796076937	0.0136961	0.0002
0.1449	0.0401	0.2496	0.0017732545200262388	0.0008587019919812101	-0.00032463124087094524	1.0598495	58.4186058	1.01387123	0.2415029939556064	0.0133174	0.00026
0.1479	-0.0888	0.2136	0.0021676989309769574	0.000900589894029074	-0.0004380776422505767	1.0097723	55.65836334	0.99572212	0.19538893571891067	0.0136352	0.00031
0.1464	-0.1084	0.1866	0.0023265238929084412	0.0011623892818282235	-0.000582939970166106	0.95652777	52.72354126	0.94894243	0.07637433388230815	0.014455	0.00032
0.1449	-0.0676	0.2052	0.0021537362969610025	0.001117010721276371	-0.0005497787143782138	0.99217486	54.68839645	0.96594267	0.07346637061435916	0.014546	0.00029
0.1468	0.05	0.264	0.0015132004614790836	0.0008395033702092724	-0.00032637657012293966	1.04668951	57.69322968	1.01671551	0.23537226654021456	0.0152955	0.00041
0.1498	-0.0581	0.2359	0.0017889624832941875	0.0007993607974134029	-0.00033684854563490564	0.98309475	54.18790436	0.97882065	0.15551882850614696	0.0151009	0.00026
0.1508	-0.1253	0.2038	0.002089159114637212	0.0010611601852125523	-0.0004433136300065597	0.96577114	53.23303223	0.95851616	0.13372305517569139	0.016165	0.0003
0.1479	-0.063	0.2108	0.0021607176139689798	0.0010663961729685354	-0.0004747295565424576	0.93586737	51.5847435	0.94595645	0.07761052068118236	0.0158933	0.00023
0.1488	0.0144	0.2776	0.0016999506914424768	0.0008028514559173916	-0.00021467549799530252	1.01396894	55.88968277	0.98240526	0.1943182849062401	0.0157213	0.0003
0.1533	-0.0455	0.2454	0.0017400932642383465	0.0007696902001294993	-0.00022863813201125715	0.95870692	52.84365463	0.95784467	0.10096332312998582	0.0152734	0.00025
0.1513	-0.0982	0.1947	0.002012364627549462	0.0009948376736367678	-0.00033684854563490564	0.95636785	52.71472549	0.95619122	0.1356814625221016	0.0158926	0.00027
0.1471	-0.0803	0.1848	0.0020280725908174107	0.0011903145498601325	-0.00034906585039886593	0.93055576	51.2919693	0.936348	0.04317010721276368	0.0156734	0.0002
