trans_x	trans_y	trans_z	rot_x	rot_y	rot_z	dvars_std	dvars_nstd	dvars_vstd	framewise_displacement	aqi	aor
0.0	-0.0	0.0	-0.0	0.0	-0.0	n/a	n/a	n/a	n/a	0.0219395	0.00247
0.0008	-0.0187	-0.0081	0.0001658062789394613	-6.108652381980153e-05	4.71238898038469e-05	1.02415061	50.43318176	1.02975653	0.04130083462815548	0.0227407	0.00287
0.0038	0.0032	0.0017	5.585053606381854e-05	-0.00019024088846738194	8.203047484373349e-05	1.01525474	49.99511337	1.02864089	0.04840083462815549	0.0219043	0.00232
0.0013	0.0447	0.012	-0.0001605702911834783	-0.00018151424220741024	0.00018675022996339323	1.0346663	50.95101547	1.04027316	0.07079336143134642	0.0208452	0.00154
0.0017	-0.0315	-0.0062	6.981317007977319e-05	-0.00019024088846738194	0.00016406094968746698	1.04487407	51.45368576	1.05763177	0.10788996938995749	0.0227426	0.0027
0.0045	-0.0044	-0.0086	0.00017278759594743863	-0.0003089232776029963	0.00017627825445142725	1.02372301	50.41212463	1.03189849	0.043993705988362	0.0220811	0.00237
0.0089	0.0625	0.0194	-0.0002670353755551324	-0.00029321531433504735	0.000307177948351002	1.06668794	52.52788925	1.06495013	0.12862153143350474	0.0203764	0.00131
0.0076	0.0037	0.0141	-0.00017278759594743863	-0.0002495820830351891	0.000312413936106985	1.02686048	50.5666275	1.04120619	0.07255584993317675	0.0217143	0.0017
0.0113	-0.0449	0.0062	1.5707963267948964e-05	-0.0003193952531149623	0.0003298672286269283	1.018314	50.1457634	1.03170722	0.07398810109075521	0.0230837	0.00265
0.0138	-0.0028	0.0052	9.075712110370512e-05	-0.0004433136300065597	0.0004415683007545654	1.01912081	50.18549728	1.03215695	0.06113343034274953	0.0225001	0.00201
0.0113	0.0513	0.0221	-0.0002530727415391778	-0.0003473205211468716	0.0005340707511102648	1.07798946	53.08441925	1.06844925	0.10011627109291352	0.0205305	0.00115
0.0101	-0.0383	0.0116	-3.490658503988659e-05	-0.00033335788713091696	0.0005323254218582705	1.06747079	52.56643677	1.07797397	0.112993705988362	0.0228984	0.00218
0.0127	-0.0247	0.0039	0.00013264502315156904	-0.00041015237421866745	0.0005532693728822024	1.03081489	50.76136017	1.03185236	0.037164502315156896	0.0228105	0.00199
0.0154	0.0116	0.0185	-6.283185307179586e-05	-0.0004485496177625427	0.0005078908123303499	1.02363884	50.40797806	1.03455863	0.06756263401595464	0.0216489	0.00148
0.0127	0.0495	0.0322	-0.00038397243543875244	-0.0003665191429188092	0.0006021385919380437	1.04705894	51.56127548	1.04392375	0.07917094184091919	0.0207272	0.00099
0.0125	-0.0262	0.0195	-0.00012217304763960306	-0.00035430183815484887	0.0005724679946541401	1.04959035	51.68593597	1.0590539	0.10378436449235068	0.0229396	0.00188
0.0134	-0.018	0.0167	-8.203047484373349e-05	-0.00037524578917878077	0.0005532693728822024	1.02110755	50.28332901	1.02796439	0.01591425727958696	0.0227386	0.00197
0.0162	0.0516	0.0409	-0.0004485496177625427	-0.00035081117965086024	0.0006422811647339132	1.07508886	52.94158173	1.06978866	0.120598277214922	0.0210769	0.00099
0.0182	0.007	0.0426	-0.00048171087355043494	-0.00034208453339088857	0.0007278022980816354	1.0188061	50.16999817	1.03117376	0.0546704517697793	0.0219002	0.00131
0.0175	-0.0481	0.028	-0.00019024088846738194	-0.0003089232776029963	0.0007155849933176752	1.00809252	49.64242172	1.03133575	0.08724242728174526	0.0237058	0.00216
0.021	-0.0215	0.0149	-0.00014486232791552936	-0.00041189770347066176	0.0007679448708775049	1.0356338	50.99865723	1.03759624	0.053235643198967376	0.0229258	0.00178
0.0216	0.0454	0.0379	-0.0006387905062299246	-0.00028099800957108706	0.000905825881785057	1.09566557	53.95485687	1.08342445	0.1286354441560761	0.020705	0.0008
0.0248	0.0225	0.0289	-0.0006597344572538566	-0.0002583087292951608	0.0008761552845011534	1.04327893	51.37513733	1.04294516	0.038765191429188085	0.0209784	0.00075
0.0235	-0.014	0.0164	-0.00042935099599060504	-0.0003525565089028545	0.0007958701389094143	1.02547801	50.4985466	1.03212308	0.07054581932313422	0.0220342	0.00136
0.0269	0.0065	0.0118	-0.000322885911618951	-0.00034557519189487725	0.0008866272600131194	1.01757252	50.10924911	1.02683926	0.038710176124166815	0.0221014	0.00119
0.0257	0.0659	0.0311	-0.0006998770300497262	-0.00021467549799530252	0.0009651670763528643	1.09679222	54.01034164	1.07867686	0.10922153143350471	0.0203103	0.00063
0.0299	-0.0091	0.0233	-0.0006178465552059926	-0.0002513274122871834	0.0009075712110370514	1.06414628	52.40272522	1.0670084	0.09581391272257136	0.0219548	0.00111
0.0294	-0.002	0.0149	-0.0003822271061867582	-0.0003787364476827695	0.0009040805525330626	1.04969251	51.69096756	1.04073563	0.034325957145940465	0.0218441	0.00126
0.0312	0.0342	0.0347	-0.0007120943348136865	-0.0003089232776029963	0.0009023352232810684	1.0295788	50.70048523	1.04020797	0.07787128639793478	0.0206034	0.00085
0.0294	0.0424	0.04	-0.0008761552845011534	-0.00021642082724729686	0.0009093165402890458	1.01669073	50.06583023	1.02451133	0.028477235852557188	0.0206228	0.00076
0.0287	-0.0264	0.0263	-0.000593411945678072	-0.00027576202181510406	0.0008866272600131194	1.04775047	51.59532928	1.0581481	0.10143869068334074	0.0226336	0.00157
0.0334	-0.0041	0.0212	-0.0006021385919380437	-0.00037350045992678646	0.0008674286382411819	1.03734148	51.08275223	1.03660994	0.03838318530717958	0.0221193	0.00123
0.0397	0.058	0.0466	-0.0010995574287564276	-0.00026354471705114377	0.000973893722612836	1.08365238	53.36328125	1.07379425	0.12949198320328403	0.0204781	0.00065
0.038	0.0173	0.0427	-0.0011990411961201044	-0.00028099800957108706	0.0010768681484805013	1.0174104	50.10126495	1.02831369	0.05729557428756427	0.0205977	0.00065
0.0338	-0.0019	0.0297	-0.0010384709049366262	-0.0008307767239493009	0.0010716321607245184	1.0037955	49.43081665	1.02376032	0.07217924966588374	0.021806	0.00094
0.0316	0.0257	0.0255	-0.001043706892692609	-0.0008866272600131194	0.001075122819228507	1.07627571	53.0000267	1.05515186	0.037228859116189485	0.0210906	0.00067
0.0378	0.0792	0.057	-0.0016859880574265225	-0.0007592182246175333	0.0011501719770642632	1.099527	54.1450119	1.08263665	0.1334369678982628	0.0196087	0.00024
0.0371	0.0219	0.0523	-0.0016807520696705393	-0.0007452555906015787	0.0012147491593880533	1.04409671	51.41540909	1.04463246	0.0668887902047864	0.0203698	0.00037
0.038	0.019	0.0378	-0.00147131255943122	-0.0007958701389094143	0.0012304571226560022	1.01038277	49.75519943	1.020515	0.032088101090755196	0.0203461	0.00034
0.0516	0.0491	0.0392	-0.0015166911199830724	-0.0007609635538695277	0.0014887658519511632	1.05810797	52.1053772	1.04550848	0.062029693744345	0.0202132	0.00038
0.0503	0.1038	0.0687	-0.001996656664281513	-0.0005654866776461627	0.0015515977050229591	1.07797062	53.08349228	1.07107886	0.12241371367968006	0.0190378	0.00013
0.0511	0.0406	0.0554	-0.0018605209826259553	-0.0004886921905584122	0.001595230936322817	1.05420411	51.91313171	1.05526152	0.09012817000215831	0.0200276	0.00021
0.054	0.0381	0.0608	-0.0018744836166419098	-0.0005707226654021458	0.0016615534478986017	1.02443349	50.44711304	1.02905164	0.018915781021773635	0.0201782	0.00026
0.0507	0.0851	0.0769	-0.0020943951023931952	-0.0004188790204786391	0.0017470745812463236	1.01009214	49.7408905	1.0297634	0.08926381320112568	0.0197775	0.0002
0.0521	0.0052	0.0553	-0.001895427567665842	-0.0004328416544945937	0.001762782544514273	1.05117869	51.76415253	1.05858124	0.11433190660056286	0.021061	0.00034
0.0528	0.0093	0.0432	-0.0017400932642383465	-0.0005497787143782138	0.0017278759594743865	1.02972186	50.70753098	1.03539295	0.03225889741755009	0.02084	0.00042
0.0531	0.0591	0.0579	-0.002022836603061428	-0.0005044001538263612	0.0018570303241219666	1.07058501	52.71979523	1.06022285	0.08766381320112569	0.0197383	0.00022
0.0505	0.0849	0.0698	-0.0022479840765686964	-0.00048345620280242926	0.0018832102629018814	1.04046917	51.23677444	1.03691171	0.05391356816555576	0.0187548	0.0001
0.0555	0.0079	0.0555	-0.002090904443889207	-0.0005742133239061344	0.0018029251173101424	1.03627598	51.03028488	1.05278388	0.11270609496874669	0.0202774	0.00027
0.0575	0.0589	0.0561	-0.002045525883337354	-0.000619591884457987	0.0017976891295541592	1.03378367	50.90755081	1.04337587	0.05839965544298442	0.0196322	0.00018
0.0565	0.1167	0.0751	-0.0024050637092481865	-0.0004904375198104066	0.0018605209826259553	1.05712855	52.05714417	1.05746115	0.10537620218151043	0.0185491	0.0001
0.0222	0.0287	0.0599	-0.00200363798128949	-0.0006422811647339132	0.0010419615634406148	1.1049304	54.41109467	1.12274803	0.2060914396033772	0.0201077	0.00036
0.0315	0.0481	0.0555	-0.001710422666954443	-0.0005148721293383271	0.0012077678423800758	1.01178312	49.82415771	1.04545166	0.06242153143350472	0.0199155	0.00029
0.0416	0.0347	0.0385	-0.0018413223608540175	-0.0004886921905584122	0.001424188669627373	0.95634788	47.09431076	1.00445055	0.05917502299633933	0.0194129	0.00028
0.0527	0.0935	0.0659	-0.002314306588144481	-0.00048171087355043494	0.0016196655458507376	1.0489459	51.65420151	1.0607493	0.13107212102609028	0.0188951	0.00016
0.054	0.0671	0.0701	-0.0024853488548399255	-0.00035081117965086024	0.0018291050560900572	1.01510286	49.98763657	1.03015407	0.057469073541716945	0.0190784	9e-05
0.0495	0.0015	0.0532	-0.0021589722847169856	-0.0004625122517784973	0.0016755160819145565	1.03315699	50.87669373	1.04739907	0.11658333082130388	0.020151	0.0003
0.052	0.0392	0.0453	-0.0020996310901491783	-0.0005654866776461627	0.0016807520696705393	1.04928792	51.67103958	1.04658313	0.05647758040957277	0.019735	0.00017
0.0486	0.1061	0.0789	-0.002574360646691636	-0.00041015237421866745	0.0017645278737662671	1.11634886	54.97338486	1.09738942	0.139591983203284	0.0186423	0.00012
0.0485	0.0535	0.0662	-0.002509783464367846	-0.0003193952531149623	0.0017208946424664088	1.07354045	52.86533356	1.06085299	0.07534837673636764	0.0188281	0.0001
0.0479	0.0318	0.0613	-0.0024609142453120045	-0.0004258603374866164	0.001656317460142619	1.03105426	50.77314758	1.03359966	0.038195574287564274	0.0189527	0.00014
0.0474	0.0562	0.0705	-0.002686061718819273	-0.00041538836197465044	0.0016650441064025902	1.0359503	51.01424789	1.03796184	0.04631730476396029	0.0190274	0.0001
0.0454	0.0992	0.0943	-0.0030072023011862297	-0.0002583087292951608	0.0017645278737662671	1.07158267	52.7689209	1.05885847	0.09768519912050615	0.0183815	8e-05
0.0456	0.0076	0.0708	-0.002778564169174973	-0.0002583087292951608	0.0017121679962064373	1.07424867	52.90020752	1.07570216	0.12934990047855432	0.0198644	0.00015
0.0489	0.0192	0.062	-0.0027192229746071652	-0.0003717551306747922	0.0017453292519943296	1.05106878	51.75873947	1.04072527	0.03399744258676657	0.0191212	0.00014
0.0516	0.0624	0.0834	-0.0029199358385865134	-0.0003612831551628262	0.00182212373908208	1.03269565	50.85397339	1.04128729	0.08169896632895321	0.0186629	9e-05
0.0489	0.0914	0.0929	-0.0030927234345339517	-0.0002303834612632515	0.0019111355309337906	1.0443629	51.42851257	1.04304723	0.06083495408493617	0.0184373	6e-05
0.0496	0.0272	0.0798	-0.002848377339254746	-0.00023212879051524583	0.0018989182261698304	1.04308045	51.36536407	1.0526007	0.090915436464758	0.0196677	0.00015
0.0522	0.0401	0.0688	-0.002713986986851182	-0.0003298672286269283	0.001956514091485643	1.03653431	51.0430069	1.03541673	0.04098623279155295	0.0195823	0.00011
0.0566	0.0983	0.0873	-0.0030455995447301047	-0.0003473205211468716	0.0020751964806212577	1.09045315	53.69818115	1.07495032	0.104487411976724	0.0187752	6e-05
0.0516	0.104	0.0821	-0.0030490902032340936	-0.0002548180707911721	0.002015855286053451	1.02881467	50.66285706	1.03469481	0.023666715171374753	0.0161511	3e-05
0.047	0.0467	0.0475	-0.0027244589623631483	-0.0003647738136668148	0.0018901915799098587	1.08027077	53.19675827	1.06905584	0.124512534494509	0.016885	0.00011
0.051	0.0716	0.0516	-0.002790781473938933	-0.0004886921905584122	0.0019181168479417679	1.07947779	53.15770721	1.06117653	0.04390830782496456	0.0165354	9e-05
0.0564	0.1391	0.0901	-0.0033684854563490563	-0.0003700098014227979	0.002082177797629235	1.11150289	54.73475266	1.09144618	0.15442236606166027	0.0157944	5e-05
0.0547	0.0609	0.0765	-0.0032131511529215613	-0.000291469985083053	0.002082177797629235	1.03007627	50.72498703	1.04917221	0.105193705988362	0.0167543	5e-05
0.057	0.0499	0.0599	-0.002939134460358451	-0.00030368728984701333	0.002097885760897184	1.05810201	52.10508347	1.04639275	0.04499709802975099	0.0173354	6e-05
0.0606	0.0679	0.0551	-0.0029548424236264	-0.00039269908169872416	0.0021642082724729686	1.09089255	53.7198143	1.064195	0.034952113334772224	0.016839	7e-05
0.0622	0.1233	0.0913	-0.003497639820996636	-0.0003385938748868999	0.002234021442552742	1.09474099	53.90932846	1.07887461	0.12653578871309168	0.0159919	4e-05
0.0599	0.0496	0.0771	-0.003321361566545209	-0.00028274333882308137	0.0022026055160168437	1.0194658	50.20248413	1.04243928	0.1033772358525572	0.0171474	5e-05
0.0595	0.0511	0.0574	-0.00312413936106985	-0.00035430183815484887	0.0021938788697568722	1.04209697	51.31692886	1.03472934	0.0354753675533549	0.016735	5e-05
0.0587	0.0758	0.0597	-0.0031119220563058892	-0.0004380776422505767	0.002237512101056731	1.06956923	52.6697731	1.05189071	0.03478131700797736	0.0162296	5e-05
0.0561	0.1249	0.0897	-0.003543018381548489	-0.00039095375244672985	0.0022497294058206906	1.09066105	53.70841599	1.07044913	0.10622187599052033	0.0153891	4e-05
0.0539	0.0596	0.0751	-0.003303908274025266	-0.0004188790204786391	0.0022060961745208325	1.02836883	50.64090347	1.04282629	0.09763343034274952	0.01612	5e-05
0.0512	0.0597	0.0627	-0.0030560715202420713	-0.00046949356878647465	0.0021746802479849347	1.02746093	50.59619522	1.02474375	0.0316933614313464	0.0162006	5e-05
0.0517	0.0844	0.0556	-0.0029688050576423546	-0.0005532693728822024	0.0022060961745208325	1.07976294	53.17174911	1.05502488	0.04242290966156712	0.015821	5e-05
0.0546	0.1268	0.0784	-0.003309144261781249	-0.0005794493116621174	0.002228785454796759	1.10270846	54.3016777	1.07774334	0.08756042115973676	0.0148757	3e-05
0.0511	0.1048	0.0743	-0.0033649947978450674	-0.0005288347633542819	0.0021746802479849347	1.02372706	50.412323	1.03269155	0.037628514559173896	0.0149061	4e-05
0.0527	0.0494	0.0504	-0.003113667385557884	-0.000640535835481919	0.0021380283336930534	1.04399669	51.4104805	1.04744446	0.1008840199353351	0.0159817	7e-05
0.0527	0.0808	0.0486	-0.0030927234345339517	-0.0007731808586334879	0.0022410027595607188	1.05183804	51.79661942	1.04761629	0.04602817000215832	0.0154076	7e-05
0.0547	0.1427	0.0859	-0.003602359576116296	-0.0006021385919380437	0.002230530784048753	1.10549438	54.43886566	1.09087924	0.13575751918948772	0.0153227	5e-05
0.0522	0.0639	0.071	-0.003415609346152903	-0.000598647933434055	0.0022200588085367874	1.04702294	51.55950546	1.06028968	0.10623564319896736	0.0157356	5e-05
0.0523	0.0422	0.0455	-0.0032044245066615894	-0.0006911503837897545	0.0021746802479849347	0.99788243	49.13963318	1.0199354	0.06475329251994327	0.0159695	5e-05
0.0517	0.0858	0.0536	-0.0031852258848896514	-0.000726056968829641	0.002251474735072685	1.05984139	52.19073868	1.05120782	0.05884498469497873	0.0156993	5e-05
0.049	0.145	0.079	-0.003452261260444784	-0.0006178465552059926	0.0023282692221604354	1.08302426	53.33235168	1.07413098	0.10990201381332657	0.0152842	3e-05
0.0461	0.071	0.0667	-0.0033353242005611634	-0.0005689773361501514	0.0022968532956245376	1.06790805	52.58796692	1.06563987	0.099061110273768	0.0162178	3e-05
0.0486	0.0719	0.071	-0.0034819318577286873	-0.0006422811647339132	0.0023265238929084412	1.02702606	50.57477951	1.02780681	0.02017910415175948	0.0159249	6e-05
0.0477	0.0895	0.0705	-0.003501130479500625	-0.0007382742735936014	0.002281145332356589	1.06392908	52.39202881	1.04420721	0.027028514559173888	0.0166342	3e-05
0.0485	0.1363	0.0933	-0.0037402405870238476	-0.000736528944341607	0.00217293491873294	1.09627652	53.98494339	1.07327836	0.08785329251994331	0.0164998	4e-05
0.0501	0.0772	0.084	-0.003661700770684103	-0.0007086036763096977	0.002181661564992912	1.08611226	53.48441696	1.07157968	0.07575958653158128	0.0167334	5e-05
0.0521	0.0765	0.0603	-0.0036651914291880917	-0.0007853981633974483	0.002209586833024821	1.03536594	50.985466	1.03505894	0.03181052068118244	0.0157588	4e-05
0.0535	0.1304	0.0939	-0.0040229839258469294	-0.0006824237375297829	0.0022776546738526	1.0991112	54.12453461	1.07792085	0.11534173816771408	0.0162397	4e-05
0.0511	0.0944	0.0941	-0.003993313328563026	-0.0006527531402458793	0.002258456052080662	1.05833244	52.11643219	1.05017011	0.04252699081698726	0.0165082	4e-05
0.0404	0.053	0.0723	-0.003745476574779831	-0.0006771877497737998	0.0022741640153486112	1.0598259	52.18997192	1.05502839	0.0882989663289532	0.0160645	5e-05
0.0369	0.0812	0.0606	-0.0036512287951721376	-0.0007330382858376184	0.002281145332356589	1.01547647	50.00603104	1.023726	0.05125398163397449	0.0143811	3e-05
0.0413	0.1425	0.0861	-0.004106759729942657	-0.0007068583470577034	0.0022933626371205488	1.08666837	53.51180267	1.06774163	0.11589640891571971	0.014936	2e-05
0.0398	0.1022	0.0808	-0.0039514254265151615	-0.0006719517620178169	0.0022462387473167022	1.03643072	51.03790283	1.04061447	0.058968238913561434	0.0148623	4e-05
0.04	0.0735	0.0623	-0.003820525732615587	-0.0007086036763096977	0.0022060961745208325	1.03915143	51.17187881	1.03494825	0.05778470904936624	0.0153217	4e-05
0.0446	0.117	0.0795	-0.0039723693775390945	-0.0007766715171374765	0.0022497294058206906	1.0487318	51.64365768	1.04340718	0.07847723585255721	0.0148347	4e-05
0.0426	0.1356	0.0869	-0.004174827570770436	-0.0006440264939859076	0.002314306588144481	1.00039017	49.26312256	1.01734749	0.04798401993533504	0.014662	2e-05
0.0458	0.0684	0.0736	-0.003824016391119576	-0.000710349005561692	0.0023160519173964756	1.02567267	50.50813675	1.04195566	0.10464395102393197	0.0157486	4e-05
0.0456	0.0828	0.0649	-0.0037402405870238476	-0.0007487462491055673	0.002356194490192345	1.02667511	50.55749893	1.03199164	0.031415781021773635	0.0152176	1e-05
0.0449	0.1325	0.0891	-0.00419228086329038	-0.0006736970912698113	0.0023788837704682713	1.06846929	52.61560822	1.05846478	0.10208893571891071	0.015046	8e-05
0.0444	0.0783	0.0702	-0.00400727596257898	-0.0006492624817418905	0.0023509585024363614	1.04293144	51.3580246	1.04538839	0.0854682389135615	0.0150278	3e-05
0.0458	0.0455	0.0599	-0.0038117990863556156	-0.0007225663103256524	0.0022863813201125715	1.02169466	50.31224442	1.02972509	0.06116789435654582	0.0154775	3e-05
0.0454	0.0909	0.0601	-0.0038449603421435077	-0.0007208209810736582	0.002356194490192345	1.00270724	49.37722778	1.0214832	0.05123598775598297	0.0149926	1e-05
0.0411	0.1479	0.0859	-0.004169591583014453	-0.0005462880558742252	0.0023753931119642824	1.08832681	53.59347153	1.07137354	0.1130181393921158	0.0144253	3e-05
0.0395	0.0756	0.0639	-0.003909537524467298	-0.0005480333851262194	0.0023701571242082994	1.05496085	51.95039749	1.06080518	0.1092517687777566	0.0146933	4e-05
0.0405	0.101	0.044	-0.003778637830567723	-0.0006963863715457374	0.0023509585024363614	1.0455209	51.48553848	1.04071706	0.06122256510455154	0.0139453	3e-05
0.046	0.1288	0.0681	-0.0040282199136029125	-0.0007661995416255106	0.0023911010752322315	1.03646827	51.03974915	1.04119876	0.0753768912955416	0.0139722	3e-05
0.0437	0.1537	0.081	-0.004169591583014453	-0.0006126105674500097	0.0025080381351158514	1.01768482	50.11478424	1.02810406	0.060694885173533074	0.0144309	4e-05
0.0433	0.0824	0.0535	-0.0038449603421435077	-0.0006789330790257941	0.0024801128670839424	1.05638993	52.02077484	1.05923171	0.12014395102393192	0.0147139	4e-05
0.0455	0.1039	0.0443	-0.0037751471720637348	-0.0008011061266653974	0.0025342180738957666	1.03990865	51.20916748	1.03812823	0.04520457122656001	0.0141026	4e-05
0.0477	0.1705	0.0776	-0.0042882739721500675	-0.0006806784082777885	0.0025883232807075904	1.08227825	53.29561615	1.07321058	0.13648298626428823	0.014213	2e-05
0.0417	0.1034	0.0617	-0.004194026192542374	-0.000640535835481919	0.0025551620249196984	1.04085481	51.25576019	1.04721342	0.09737758040957274	0.0140183	3e-05
0.0415	0.0924	0.0306	-0.004000294645571003	-0.000804596785169386	0.002457423586808016	0.99705833	49.09905243	1.02011341	0.06507654673852606	0.0138276	8e-05
0.0416	0.124	0.0309	-0.004080579791162742	-0.000804596785169386	0.0025446900494077327	1.06037021	52.2167778	1.04580195	0.04037758040957281	0.0136951	5e-05
0.038	0.1709	0.0715	-0.0044436082755775624	-0.0005969026041820607	0.002569124658935653	1.06223953	52.30883026	1.06076325	0.12085786374650329	0.0136068	3e-05
0.0391	0.1178	0.0628	-0.004169591583014453	-0.0006283185307179585	0.002595304597715568	1.02704251	50.57558823	1.03610965	0.07948062789394612	0.0140344	4e-05
0.038	0.1048	0.0445	-0.004000294645571003	-0.0007190756518216638	0.0026965336943312393	1.02886939	50.66555405	1.03103982	0.05046415775814134	0.013761	3e-05
0.0396	0.1217	0.0466	-0.004077089132658754	-0.0008587019919812101	0.0026546457922833754	1.01812065	50.13624191	1.02468596	0.03351543646475807	0.0135682	3e-05
0.034	0.1831	0.064	-0.004352851154473858	-0.0006719517620178169	0.0027314402793711255	1.0868032	53.51844025	1.06829198	0.11136533694331238	0.0134547	1e-05
0.0295	0.1203	0.0373	-0.004029965242854907	-0.0007661995416255106	0.0026354471705114374	1.05535626	51.96987152	1.0587867	0.11965634000431664	0.0130398	3e-05
0.0308	0.136	0.0212	-0.003904301536711315	-0.0009424777960769379	0.0026878070480712674	1.06529403	52.45924377	1.04611236	0.050815091907742485	0.0129163	4e-05
0.0388	0.1745	0.0694	-0.0044924774946334045	-0.0007435102613495844	0.00266860842629933	1.06528902	52.45899963	1.06481707	0.135017105721069	0.0133371	3e-05
0.04	0.1302	0.0589	-0.0043929937272697275	-0.0006876597252857658	0.0026912977065752563	1.03129625	50.78506088	1.03665904	0.06490117918517108	0.0139763	3e-05
0.0392	0.0931	0.035	-0.00411199571769864	-0.0008447393579652555	0.0026825710603152844	1.0441395	51.4175148	1.04496844	0.08414021442552742	0.0140006	8e-05
0.0409	0.1183	0.0334	-0.004096287754430691	-0.0009634217471008699	0.0027436575841350863	1.0705198	52.71658325	1.05155792	0.03827384381116827	0.0137268	9e-05
0.041	0.1771	0.0666	-0.0043929937272697275	-0.0008133234314293575	0.0027192229746071652	1.07376504	52.87638855	1.0691934	0.11566194490192352	0.0133471	4e-05
0.0361	0.1113	0.0481	-0.004194026192542374	-0.0007888888219014368	0.0025516713664157096	1.02513433	50.4816246	1.04553601	0.10874768762233653	0.0131678	3e-05
0.0348	0.1064	0.0275	-0.004082325120414737	-0.0007976154681614085	0.002495820830351891	1.05420434	51.91314316	1.04481054	0.03561391272257139	0.0124595	7e-05
0.0397	0.1528	0.063	-0.004480260189869444	-0.0006056292504420323	0.002595304597715568	1.09645462	53.99371719	1.07885481	0.121270252726888	0.012874	3e-05
0.035	0.1633	0.0606	-0.004536110725933263	-0.0005654866776461627	0.0026912977065752563	1.0442574	51.42331696	1.03739192	0.02719931088596883	0.0118551	3e-05
0.0359	0.0911	0.0337	-0.004310963252425994	-0.0007347836150896127	0.002567379329683659	1.03733933	51.08264923	1.05010606	0.12591813939211577	0.0122568	4e-05
0.0357	0.1329	0.024	-0.004248131399354198	-0.0007295476273336296	0.0026441738167714093	1.06565464	52.477005	1.05340032	0.05894311639577648	0.0117285	3e-05
0.0312	0.1721	0.0542	-0.004344124508213886	-0.0005009094953223725	0.0023457225146803788	1.10457611	54.39364624	1.08025789	0.10505412714809884	0.0120406	1e-05
0.0247	0.1226	0.0307	-0.003946189438759179	-0.0005270894341022875	0.0023457225146803788	1.06416154	52.40347672	1.06201932	0.1007057504117311	0.0119559	2e-05
0.0317	0.0905	0.0105	-0.0038397243543875246	-0.000736528944341607	0.0023701571242082994	1.03289759	50.8639183	1.0426268	0.07631696020694474	0.0114197	6e-05
0.0335	0.1246	0.0113	-0.003906046865963309	-0.000726056968829641	0.0024294983187761066	1.04028964	51.22793198	1.04308485	0.04350678408277791	0.0127243	3e-05
0.0292	0.1825	0.0361	-0.004270820679630125	-0.0006230825429619757	0.0024399702942880727	1.07107413	52.74387741	1.06858358	0.11091101075232232	0.010985	3e-05
0.0265	0.1047	0.0132	-0.004180063558526419	-0.0006300638599699529	0.002331759880664424	1.05601537	52.00232697	1.0655845	0.11369744258676656	0.0113555	1e-05
0.0303	0.124	0.0026	-0.003965388060531117	-0.0007888888219014368	0.002361430477948328	1.06085753	52.24077225	1.04664927	0.05385855286053452	0.0110227	3e-05
0.0318	0.1616	0.0222	-0.00419228086329038	-0.0007417649320975902	0.002371902453460294	1.04510331	51.46497726	1.04825304	0.07292443340375379	0.0109869	2e-05
0.0261	0.1838	0.034	-0.004300491276914028	-0.0006056292504420323	0.0023963370629882146	1.09220552	53.7844696	1.0670127	0.05313903524035633	0.0118137	8e-05
0.0261	0.0943	0.0164	-0.004221951460574283	-0.0006300638599699529	0.00238237442897226	1.10428154	54.37914276	1.08780135	0.112946852994181	0.0122482	6e-05
0.0304	0.1181	0.0144	-0.004197516851046362	-0.0008203047484373349	0.0024713862208239705	1.06507814	52.44861603	1.0501747	0.04528436449235069	0.011668	1e-05
0.0339	0.1554	0.0459	-0.004499458811641381	-0.000731292956585624	0.0024818581963359366	1.0515784	51.78383255	1.05279224	0.09237128639793485	0.0123126	4e-05
0.0288	0.1428	0.0408	-0.00445058959258554	-0.0006283185307179585	0.002488839513343914	1.05802345	52.10121155	1.04797582	0.030741248096574195	0.0118691	3e-05
0.0262	0.0877	0.0225	-0.004277801996638102	-0.000598647933434055	0.002469640891571976	1.06181669	52.28800964	1.05293135	0.08708284075016398	0.0121511	4e-05
0.0273	0.1268	0.0208	-0.0042882739721500675	-0.0007749261878854823	0.002522000769131806	1.04120982	51.27324677	1.03602666	0.05385550537616113	0.0113767	3e-05
0.0287	0.1711	0.0451	-0.004571017310973149	-0.0006684611035138282	0.002488839513343914	1.0211302	50.2844429	1.03284412	0.0911184839491314	0.0113538	4e-05
0.0255	0.1578	0.0429	-0.004633849164044945	-0.0005811946409141118	0.002518510110627818	1.01020789	49.74658585	1.02120311	0.027688445647770815	0.0117408	4e-05
0.0272	0.1172	0.0277	-0.004431390970813603	-0.0006038839211900379	0.002530727415391778	1.04584503	51.50149918	1.0462239	0.06936823891356142	0.0115575	3e-05
0.034	0.1214	0.0143	-0.004331907203449926	-0.0007347836150896127	0.002570869988187647	1.06433702	52.41212082	1.04992243	0.03792630170295605	0.0113996	2e-05
0.037	0.1781	0.0453	-0.004783947479716458	-0.0006859143960337716	0.0026075219024795284	1.07855713	53.11237335	1.06916099	0.11757807048071274	0.011238	3e-05
0.0341	0.1626	0.0429	-0.004872959271568168	-0.0005951572749300663	0.002597049926967562	1.01884913	50.17211914	1.0307716	0.030312044423369103	0.0117513	3e-05
0.032	0.1108	0.0215	-0.0046478117980608994	-0.0006806784082777885	0.0026284658535034606	1.05756962	52.07886505	1.05177119	0.09240422666954448	0.0119469	3e-05
0.0297	0.1253	0.0142	-0.0044540802510895285	-0.000853466004225227	0.0026668630970473357	1.06289804	52.34125519	1.05076462	0.04434581932313422	0.0116872	3e-05
0.0304	0.1852	0.048	-0.004824090052512327	-0.0006736970912698113	0.0026720990848033187	1.09176409	53.76273346	1.07649386	0.12215073510670985	0.0113745	3e-05
0.0234	0.1467	0.0473	-0.004801400772236401	-0.0005619960191421741	0.002617993877991494	1.014238	49.94504929	1.02777762	0.055624777960769395	0.0109123	2e-05
0.0241	0.0904	0.0274	-0.0046198865300289904	-0.0006126105674500097	0.0026284658535034606	1.00642467	49.56028748	1.02921987	0.0890300383013606	0.0117524	2e-05
0.0292	0.1246	0.0096	-0.004539601384437251	-0.000783652834145454	0.0027890361446869386	1.03749335	51.09022903	1.03910052	0.07769488517353308	0.0109379	4e-05
0.0273	0.1939	0.0469	-0.005000368306963754	-0.000598647933434055	0.002892010570554604	1.07951963	53.15977097	1.07925152	0.14593731245527833	0.0113317	3e-05
0.0243	0.173	0.0355	-0.004855505979048225	-0.0005585053606381855	0.002886774582798621	1.04004633	51.21595001	1.04359546	0.04481204442336907	0.0112535	5e-05
0.0227	0.1278	0.0133	-0.004637339822548933	-0.0007871434926494425	0.002928662484846485	1.04327071	51.37473297	1.04677159	0.09343460952792061	0.0108883	4e-05
0.0231	0.1581	0.0094	-0.004778711491960474	-0.0008848819307611251	0.0028187067419708422	1.023296	50.39109802	1.03480801	0.05205329251994327	0.010496	3e-05
0.025	0.2164	0.0467	-0.005304055596810768	-0.0005794493116621174	0.0029129545215785357	1.08224726	53.29409027	1.07103641	0.14375122517784977	0.011617	2e-05
0.0205	0.1402	0.0245	-0.0048415433450322695	-0.0006038839211900379	0.0029478611066184224	1.05218863	51.81388474	1.0622231	0.12899267231731526	0.0111244	4e-05
0.0243	0.1157	-0.004	-0.004639085151800928	-0.0008150687606813518	0.0029914943379182805	1.06049204	52.22277451	1.04959868	0.07966381320112564	0.0112761	5e-05
0.0248	0.184	0.0365	-0.005031784233499652	-0.0007016223593017205	0.0029373891311064567	1.08678257	53.51742554	1.07723635	0.13731253449450895	0.0111147	4e-05
0.0183	0.1698	0.035	-0.004977679026687828	-0.0005253441048502931	0.0029199358385865134	0.99920869	49.20494461	1.01855508	0.03459183768915973	0.0109186	3e-05
0.0135	0.1177	0.0202	-0.0047246062851486505	-0.0005654866776461627	0.0029740410453983376	1.02318609	50.38568497	1.0334038	0.08906602605734355	0.0115649	3e-05
0.012	0.1379	0.0137	-0.004553564018453206	-0.0006283185307179585	0.0030578168494940655	1.04414105	51.41759109	1.03756214	0.044082496193148385	0.0110996	5e-05
0.0204	0.1817	0.0399	-0.0049462631001519295	-0.0005183627878423159	0.0030752701420140084	1.09150124	53.74979019	1.06281437	0.10440540585471544	0.0116696	3e-05
0.019	0.1857	0.0439	-0.005017821599483697	-0.0004799655442984406	0.003040363556974122	1.03035951	50.73893356	1.03315128	0.016643116395776442	0.0108915	2e-05
0.0176	0.1297	0.0282	-0.004752531553180559	-0.0004729842272904633	0.0029722957161463434	1.00541914	49.51076889	1.03232594	0.09011696020694471	0.0110376	1e-05
0.0208	0.1695	0.0224	-0.004806636759992383	-0.0005462880558742252	0.003113667385557884	1.04106081	51.26590729	1.03834194	0.06223903524035632	0.0110406	5e-05
0.026	0.2155	0.0508	-0.005218534463463045	-0.00046425758103049166	0.0031415926535897933	1.07255781	52.81694412	1.06061039	0.10569267231731524	0.0117643	2e-05
0.0251	0.1796	0.0468	-0.005223770451219028	-0.000460766922526503	0.003139847324337799	1.0430975	51.36620331	1.04501059	0.04132359877559828	0.0116272	5e-05
0.0225	0.1134	0.0343	-0.0050073496239717305	-0.0005846852994181004	0.0031834805556376572	1.04039979	51.23335648	1.0486092	0.10049862177193768	0.011994	3e-05
0.0266	0.1359	0.0227	-0.004935791124639963	-0.0007120943348136865	0.0032882003107573173	0.9956665	49.03051376	1.0136163	0.05338436449235064	0.0114166	0.0
0.0237	0.197	0.0497	-0.005237733085234983	-0.0005916666164260777	0.003295181627765294	1.07422674	52.89912415	1.06313791	0.11246754979953026	0.0118709	4e-05
0.0221	0.1632	0.0408	-0.005052728184523583	-0.0005846852994181004	0.0032567843842214186	1.02215242	50.33478546	1.03068153	0.05581917306316261	0.0114476	3e-05
0.0224	0.1376	0.0181	-0.004876449930072156	-0.0006178465552059926	0.0033318335420571745	1.05342364	51.87470245	1.04196625	0.06282443340375378	0.0115473	4e-05
0.0262	0.1631	0.0311	-0.005066690818539539	-0.0007173303225696694	0.003337069529813158	1.03366578	50.90174866	1.03484444	0.05704803217935213	0.011183	2e-05
0.0277	0.2015	0.0494	-0.005396558047166466	-0.0004956735075663896	0.0033178709080412204	1.03229547	50.83426666	1.03668497	0.08673613327010726	0.0117488	4e-05
0.0232	0.1287	0.0266	-0.005021312257987686	-0.0005096361415823442	0.0033300882128051803	1.04977334	51.69494629	1.05694412	0.12017128639793474	0.0116436	1e-05
0.0243	0.1375	0.007	-0.00481710873550435	-0.0007208209810736582	0.0033964107243809652	1.0438683	51.40415573	1.03721267	0.05358554367752176	0.0111986	3e-05
0.0254	0.1745	0.0268	-0.005131268000863328	-0.0006911503837897545	0.0034068826998929313	1.07205403	52.79213333	1.05590085	0.07561509190774239	0.011152	3e-05
0.0208	0.1998	0.0372	-0.0053616514621265795	-0.0005218534463463045	0.0032916909692613052	1.01604366	50.03396606	1.02905044	0.06604360646691639	0.0107594	2e-05
0.0172	0.1367	0.0146	-0.005047492196767601	-0.0005846852994181004	0.0033196162372932147	1.03693628	51.06280136	1.04678092	0.10954581932313417	0.0111151	2e-05
0.0154	0.1513	-0.0047	-0.0049846603436958055	-0.000757472895365539	0.0033859387488689996	1.03134489	50.78745651	1.03614056	0.05079709802975097	0.0103243	2e-05
0.0182	0.2041	0.0274	-0.0054663712172462395	-0.0005148721293383271	0.0033597588100890844	1.09180176	53.7645874	1.07287064	0.12522457891787808	0.0109197	2e-05
0.0142	0.2068	0.0404	-0.005593780252641826	-0.0004520402762665313	0.003412118687648914	1.03389251	50.91291428	1.03580065	0.031830038301360615	0.0109794	2e-05
0.0134	0.1283	0.0207	-0.005209807817203074	-0.0005305800926062762	0.003235840433197487	1.04296041	51.35944748	1.06141967	0.1309395253114962	0.0113594	3e-05
0.0233	0.1615	0.0041	-0.005082398781807488	-0.0007487462491055673	0.003186971214141646	1.03204978	50.82217026	1.03546721	0.0794222205475359	0.0106351	2e-05
0.025	0.2155	0.0388	-0.0055484016920899736	-0.0005619960191421741	0.003270747018237374	1.09869814	54.10419464	1.07791832	0.12722644721708032	0.0112388	5e-05
0.0202	0.2048	0.0362	-0.005585053606381855	-0.00043458698374658803	0.0033196162372932147	1.06418335	52.40454865	1.04802733	0.028746508437165395	0.0111443	5e-05
0.0173	0.1402	0.0097	-0.005274384999526864	-0.0005846852994181004	0.003303908274025266	1.04512942	51.466259	1.05137642	0.11782374428972262	0.0105537	5e-05
0.0178	0.1672	0.0073	-0.005274384999526864	-0.0006387905062299246	0.0033702307856010505	1.05641448	52.02198029	1.04390298	0.03592138591938043	0.0109822	4e-05
0.0213	0.2285	0.0384	-0.005599016240397809	-0.0004328416544945937	0.0033702307856010505	1.10249925	54.29137421	1.08309188	0.12242900463031382	0.0115051	4e-05
0.0175	0.1608	0.0211	-0.005174901232163186	-0.00042760566673861073	0.0033562681515850955	1.08378899	53.37000656	1.07172074	0.11096568150032804	0.0115551	4e-05
0.0178	0.1553	0.0111	-0.005021312257987686	-0.0004886921905584122	0.0033143802495372316	1.02870071	50.65724945	1.0299579	0.02862817000215829	0.0103438	1e-05
0.0204	0.1892	0.0277	-0.00514348530562729	-0.0004049163864626844	0.003373721444105039	1.08837342	53.59576416	1.0608979	0.06636450231515695	0.0111361	0.0001
0.0221	0.1825	0.0253	-0.00493055513688398	-0.00041189770347066176	0.0033196162372932147	1.08039117	53.20269012	1.05979553	0.024500834628155554	0.0124473	3e-05
0.0189	0.1341	0.022	-0.004932300466135976	-0.0004572762640225143	0.0031922072018976287	1.06142807	52.26886749	1.05850267	0.0636266462599717	0.0110068	2e-05
0.0204	0.151	0.015	-0.005045746867515607	-0.000486946861306418	0.0031834805556376572	1.02081609	50.26897812	1.02639615	0.032992182246175325	0.00996506	1e-05
0.0223	0.2062	0.0363	-0.005267403682518886	-0.000307177948351002	0.0032515483964654355	1.06480742	52.43528366	1.05616084	0.10187467843932368	0.010361	4e-05
0.0172	0.1567	0.0238	-0.0050789081233034985	-0.0003298672286269283	0.0031834805556376572	1.03662121	51.04728317	1.04360423	0.0810626340159546	0.00995219	3e-05
0.0204	0.1449	0.0081	-0.0049741883681838385	-0.00041015237421866745	0.0032724923474893677	1.04738879	51.57751846	1.03622393	0.044400834628155486	0.0100299	3e-05
0.026	0.1802	0.0225	-0.005213298475707063	-0.0004380776422505767	0.0033824480903650108	1.03573108	51.00344849	1.0375992	0.07414955592153884	0.00998801	0.0
0.0232	0.1993	0.0306	-0.005319763560078716	-0.0003001966313430247	0.0033981560536329595	1.04599202	51.50873566	1.03952066	0.04300270292735769	0.0106111	3e-05
0.0213	0.1406	0.0147	-0.005019566928735692	-0.00035430183815484887	0.0034051373706409367	1.05506575	51.95556641	1.05563228	0.09456415775814125	0.0107006	4e-05
0.0263	0.1453	0.0035	-0.00493055513688398	-0.0005619960191421741	0.0034086280291449255	1.08922648	53.63777161	1.06098399	0.0359098315671513	0.0132049	9e-05
0.0334	0.1859	0.0239	-0.005009094953223725	-0.0005794493116621174	0.0034068826998929313	1.07356524	52.86655426	1.06425956	0.07298692190558412	0.0142162	4e-05
0.0324	0.2092	0.033	-0.005242969072990966	-0.0004520402762665313	0.0035098571257605967	1.0748322	52.92894363	1.06204232	0.056612879051524595	0.0130482	6e-05
0.0284	0.1406	0.0111	-0.00486597795456019	-0.0004729842272904633	0.0033859387488689996	1.08498549	53.42893219	1.07779065	0.12059267231731524	0.0107377	4e-05
0.0317	0.1681	-0.0028	-0.004714134309636684	-0.0006038839211900379	0.003427826650916863	1.08123314	53.24414825	1.05869098	0.060931562043547195	0.0101736	4e-05
0.0326	0.2001	0.0292	-0.00503527489200364	-0.00043458698374658803	0.0034871678454846703	1.06270838	52.33191681	1.05705639	0.09238893571891066	0.010347	1e-05
0.0241	0.1843	0.0355	-0.005366887449882563	-0.00021467549799530252	0.003454006589696778	0.99806136	49.14844513	1.01755496	0.05983426497090505	0.0108717	4e-05
0.0158	0.1079	0.0034	-0.0051557026103912496	-0.00038397243543875244	0.003258529713473413	1.04787838	51.60163116	1.06015287	0.14559793265790644	0.0109462	3e-05
0.0197	0.1413	-0.0129	-0.004920083161372014	-0.0006213372137099814	0.003307398932529255	1.03017008	50.72960663	1.03803294	0.07969267231731529	0.010581	6e-05
0.0228	0.1849	0.0192	-0.0053389621818506535	-0.00038571776469074686	0.00342259066316088	1.06064379	52.23025131	1.06134739	0.11728451000647495	0.0112091	8e-05
0.0202	0.1796	0.0159	-0.0054663712172462395	-0.00024260076602721178	0.003454006589696778	1.02992427	50.71750259	1.03404946	0.026297098029750943	0.0107678	3e-05
0.0163	0.1412	0.008	-0.00540179403492245	-0.00034208453339088857	0.0033911747366249826	1.02336407	50.39444733	1.02903259	0.061544640137963104	0.0107521	4e-05
0.0148	0.1648	-0.0036	-0.005227261109723017	-0.00035430183815484887	0.0033597588100890844	1.01717818	50.08983231	1.02710946	0.0476083078249646	0.0104546	4e-05
0.0171	0.2082	0.0135	-0.005490805826774161	-0.00019896753472735358	0.003307398932529255	1.11981189	55.1439209	1.08151246	0.08636194490192346	0.0109767	6e-05
0.0195	0.2124	0.0141	-0.005471607205002223	-0.00018500490071139895	0.003270747018237374	1.08614969	53.48625946	1.05987707	0.010690658503988662	0.0103775	8e-05
0.0193	0.1718	0.001	-0.005153957281139256	-0.0003106686068549907	0.003274237676741362	1.04129469	51.27742386	1.04475032	0.07624021442552736	0.00950086	3e-05
0.0212	0.173	-0.0088	-0.004892157893340105	-0.0004468042885105483	0.0034295719801688577	1.09256256	53.80205154	1.0619554	0.040563468644110166	0.0106642	0.00011
0.0266	0.2092	0.0301	-0.005365142120630569	-0.00028274333882308137	0.0034330626386728466	1.11732519	55.0214653	1.08733242	0.11252679177409596	0.011373	9e-05
0.0236	0.176	0.0288	-0.005258677036258915	-0.0002199114857512855	0.003309144261781249	1.04452884	51.43668747	1.04400323	0.05216076571675237	0.0105064	3e-05
0.0246	0.1207	0.0138	-0.0050405108797596234	-0.00035081117965086024	0.003375466773357033	1.0436734	51.39456177	1.04737749	0.09206941809873248	0.0131497	6e-05
0.0244	0.1528	0.0115	-0.004932300466135976	-0.000486946861306418	0.0034016467121369483	1.04690075	51.55348969	1.04369968	0.048126301702956016	0.0112748	3e-05
0.027	0.1909	0.0426	-0.005440191278466324	-0.0003193952531149623	0.0034016467121369483	1.06465971	52.42800903	1.05977648	0.1055721210260902	0.0114011	6e-05
0.0202	0.1599	0.0235	-0.0054052846934264384	-0.00023387411976724014	0.0034662238944607386	1.02900183	50.67207336	1.03717987	0.06615024503556992	0.0103333	3e-05
0.0216	0.1187	0.0029	-0.005241223743738971	-0.0005078908123303499	0.003525565089028546	1.02355754	50.40398026	1.03571624	0.08807094184091921	0.0104315	1e-05
0.0239	0.1706	0.0164	-0.005558873667601939	-0.0004939281783143952	0.0035377823937925057	1.00951874	49.7126503	1.03321249	0.08489149313214411	0.0101361	4e-05
0.0216	0.2277	0.0394	-0.005852088981936987	-0.00018675022996339323	0.0036721727461960694	1.07496464	52.93546295	1.06461765	0.11913918075448068	0.0106793	4e-05
0.0178	0.1543	0.0145	-0.005489060497522166	-0.0002530727415391778	0.0035360370645405115	1.04844356	51.6294632	1.05777522	0.13037433388230815	0.010067	3e-05
0.0208	0.1806	-0.0037	-0.005323254218582705	-0.00037350045992678646	0.003560471674068432	1.07709301	53.04027557	1.06060822	0.06303343034274952	0.00980961	3e-05
0.0231	0.2076	0.021	-0.005572836301617893	-0.0002495820830351891	0.003518583772020568	1.0456636	51.49256516	1.04892632	0.07476941809873244	0.00999308	3e-05
0.0163	0.2116	0.0286	-0.005602506898901799	-0.0001012290966156711	0.003516838442768574	1.06151569	52.27318573	1.04256569	0.02738844564777088	0.0108058	3e-05
0.0023	0.1367	0.0147	-0.005113814708343385	-0.00014137166941154068	0.0031922072018976287	1.07416797	52.8962326	1.07176289	0.14547330021126142	0.0105314	4e-05
0.02	0.1275	0.0246	-0.0047088983218807005	-0.00023387411976724014	0.0033300882128051803	1.0881654	53.5855217	1.06281437	0.06856499238629678	0.011654	4e-05
0.0212	0.1737	0.0541	-0.004944517770899936	-0.0003961897402027128	0.0031381019950858045	1.05948198	52.17303848	1.05850586	0.10639606435870418	0.011443	4e-05
0.0158	0.1478	0.0526	-0.004775220833456485	-0.00032463124087094524	0.0030211649352021846	1.0493542	51.67430496	1.04196227	0.050689624832941885	0.0116212	4e-05
0.0143	0.0699	0.0315	-0.004733332931408622	-0.0003595378259108319	0.0029845130209103033	1.0463959	51.5286293	1.05901712	0.10617232006898156	0.0122304	6e-05
0.0173	0.1044	0.0229	-0.004412192349041665	-0.000445058959258554	0.0030962140930379405	1.0439384	51.40761185	1.04107318	0.07201813939211582	0.0113159	3e-05
0.0235	0.1563	0.0449	-0.004745550236172582	-0.00040840704496667313	0.0032009338481576006	1.05417204	51.91155243	1.05705364	0.10383647782712287	0.0110964	1e-05
0.0197	0.1402	0.0376	-0.00493055513688398	-0.000296705972839036	0.0033405601883171464	0.99541903	49.01832581	1.02008535	0.04901661564992908	0.01095	3e-05
0.0202	0.0883	0.0114	-0.004714134309636684	-0.0004677482395344803	0.003375466773357033	1.02708125	50.57749939	1.04142803	0.09971848394913133	0.0112493	3e-05
0.0265	0.1146	0.0025	-0.004509930787153347	-0.000661479786505851	0.003452261260444784	1.05839467	52.11949539	1.05210645	0.06523647782712293	0.0107	3e-05
0.0294	0.1947	0.0355	-0.005169665244407204	-0.00042236967898262774	0.0036477381366681488	1.12012577	55.15937424	1.0977306	0.17071607205002226	0.0111216	3e-05
0.0282	0.1394	0.0272	-0.005159193268895238	-0.00034208453339088857	0.00365646478292812	1.04788363	51.60188675	1.05391689	0.06977418836818383	0.0116987	7e-05
0.0286	0.1094	0.0034	-0.004738568919164605	-0.0005340707511102648	0.0037315139407638766	1.05427015	51.91638565	1.05094904	0.0885829862642883	0.011703	7e-05
0.0361	0.1469	0.0113	-0.004743804906920588	-0.0005637413483941684	0.003911282853719292	1.09292817	53.82006073	1.06720655	0.06363377489976509	0.0117468	3e-05
0.042	0.2046	0.0482	-0.005311036913818745	-0.00035604716740684323	0.004002039974822997	1.107512	54.53822327	1.0850102	0.1437841654494594	0.011964	4e-05
0.0392	0.1217	0.0299	-0.005098106745075437	-0.00033684854563490564	0.0040055306333269865	1.03979301	51.20347595	1.05420848	0.11578097245096176	0.0118479	3e-05
0.0394	0.1125	0.0121	-0.004731587602156627	-0.0005340707511102648	0.004143411644234539	1.05937779	52.1679039	1.04640244	0.06228111796508604	0.012608	6e-05
0.0407	0.1699	0.0483	-0.005307546255314756	-0.00023387411976724014	0.00411199571769864	1.10907531	54.61520767	1.08744221	0.1402785605518526	0.0127259	3e-05
0.0367	0.1415	0.0458	-0.005263913024014897	-0.00022340214425527416	0.0040282199136029125	1.04247439	51.33551788	1.03971037	0.041794050545377645	0.0122702	3e-05
0.0279	0.0797	0.0286	-0.005049237526019596	-0.0003193952531149623	0.0038781215979314006	1.02846742	50.64575577	1.04034078	0.11083834612632507	0.0124596	2e-05
0.0044	0.1297	0.0197	-0.0049864056729478	-0.00024260076602721178	0.0038484510006474965	1.03820789	51.12541962	1.04330424	0.09086484687217251	0.0112806	3e-05
-0.0014	0.1833	0.0416	-0.005586798935633849	-5.235987755982988e-06	0.0035883969421003415	1.08195782	53.27983475	1.07394469	0.1361906049752216	0.0110244	3e-05
0.0038	0.1479	0.0343	-0.0053389621818506535	-6.981317007977319e-05	0.0035238197597765512	1.04470229	51.44522858	1.04210241	0.06674955592153876	0.0107944	3e-05
0.0117	0.1162	0.014	-0.004939281783143952	-0.00034033920413889426	0.003717551306747922	1.02507675	50.47878647	1.03241195	0.10309689898685968	0.0109662	3e-05
0.0188	0.1476	0.0046	-0.004811872747748367	-0.0004921828490624009	0.0037699111843077517	1.01107502	49.78929138	1.03075148	0.06448062789394608	0.0108074	2e-05
0.0244	0.2074	0.039	-0.005426228644450371	-0.00014486232791552936	0.0038484510006474965	1.12709403	55.5025177	1.10082376	0.151810811709431	0.0117885	6e-05
0.0271	0.1462	0.0306	-0.005386086071654501	-0.00015009831567151235	0.0038135444156076103	1.07589257	52.98115921	1.07208715	0.07631425727958696	0.0120232	3e-05
0.0303	0.1288	0.007	-0.005188863866179142	-0.00040666171571467877	0.0038397243543875246	1.05854666	52.12697601	1.05124007	0.06819827721492201	0.0112126	4e-05
0.0342	0.1275	0.0157	-0.005347688828110626	-0.0004363323129985824	0.0038746309394274117	1.02381063	50.41644287	1.03226536	0.025070107212763745	0.0121393	3e-05
0.0339	0.1839	0.052	-0.005761331860833282	-8.203047484373349e-05	0.003965388060531117	1.10364413	54.34775162	1.09411703	0.13593509959906047	0.0128967	0.00012
0.0333	0.1197	0.0432	-0.005503023131538122	-0.00010297442586766544	0.004019493267342941	1.06403637	52.39731216	1.06768709	0.09026789435654582	0.0130443	6e-05
0.0347	0.1003	0.0337	-0.005447172595474302	-0.00032812189937493397	0.003956661414271145	1.03846049	51.13785553	1.0398817	0.047491493132144194	0.0134284	8e-05
0.0392	0.1262	0.0356	-0.005263913024014897	-0.0004136430327226561	0.004036946559862884	1.02878475	50.6613884	1.03968826	0.04975329251994328	0.0150741	7e-05
0.0409	0.1867	0.0645	-0.005777039824101231	-0.00013788101090755203	0.004085815778918725	1.10335875	54.33370209	1.08618273	0.13298790204786395	0.0129922	6e-05
0.0393	0.1278	0.0391	-0.005581562947877866	-0.00021642082724729686	0.004012511950334963	1.0512073	51.76556015	1.0486895	0.1032660260573436	0.0126848	3e-05
0.0395	0.1233	0.0225	-0.005427973973702364	-0.00047647488579445195	0.004045673206122856	1.02994764	50.71865082	1.02861066	0.04364021442552746	0.0122234	4e-05
0.0399	0.1529	0.0358	-0.0056758107274855595	-0.0003473205211468716	0.004050909193878839	1.0145818	49.96197891	1.0287131	0.062411355309337925	0.0120118	5e-05
0.0382	0.1988	0.0534	-0.006082472443200237	-4.537856055185256e-05	0.004178318229274424	1.07093883	52.73721695	1.06288912	0.10700063558526408	0.0130339	0.00011
0.0338	0.1067	0.0285	-0.005804965092133139	-0.00014660765716752367	0.004108505059194652	1.05935538	52.16680527	1.07338019	0.14382748088812708	0.0129824	6e-05
0.0375	0.1286	0.0051	-0.005597270911145814	-0.0004363323129985824	0.004176572900022431	1.04943728	51.67839432	1.04701235	0.07727433388230814	0.0123881	0.00011
0.0371	0.1496	0.0228	-0.005717698629533424	-0.0003769911184307752	0.00419228086329038	1.02743018	50.59468079	1.03944467	0.048873843811168334	0.0127277	7e-05
0.0379	0.1845	0.0363	-0.005923647481268755	-0.00015184364492350666	0.0042167154728183	1.06117833	52.25657272	1.05353128	0.07197654673852598	0.0129753	8e-05
0.039	0.126	0.0179	-0.005689773361501514	-0.0002513274122871834	0.004063126498642799	1.04750824	51.58340073	1.05224635	0.1023473430653209	0.012522	6e-05
0.0416	0.1222	0.0001	-0.005344198169606637	-0.0004258603374866164	0.004049163864626845	1.04179847	51.30223083	1.04193813	0.0509035375555132	0.0119439	5e-05
0.043	0.1696	0.0326	-0.005701990666265475	-0.0002670353755551324	0.004131194339470578	1.0677892	52.58211899	1.06395402	0.11123239667170272	0.0120608	6e-05
0.0416	0.1893	0.0331	-0.005808455750637128	-6.981317007977319e-05	0.004131194339470578	1.00813913	49.64471436	1.02426803	0.0367843644923506	0.011327	4e-05
0.0376	0.1171	0.0132	-0.00558330827712986	-0.0001832595714594046	0.004002039974822997	1.03200197	50.81981277	1.04220865	0.11948741197672395	0.0116996	4e-05
0.0414	0.1439	0.0032	-0.0054768431927582064	-0.0003193952531149623	0.004131194339470578	1.04347336	51.3847084	1.04056652	0.0591877565337396	0.0111504	5e-05
0.043	0.1789	0.027	-0.005792747787369179	-0.00017104226669544429	0.004180063558526419	1.0811286	53.23900223	1.0568936	0.08605634000431661	0.0119745	5e-05
0.0407	0.1939	0.0337	-0.005942846103040692	-6.108652381980153e-05	0.004125958351714595	1.02994466	50.71850204	1.03196891	0.03970796326794897	0.0112492	3e-05
0.0408	0.1172	0.0132	-0.005757841202329294	-0.00016231562043547262	0.004068362486398782	1.03671026	51.05166626	1.0622886	0.11449149313214411	0.012	2e-05
0.0421	0.1381	0.0009	-0.005588544264885843	-0.00029321531433504735	0.004120722363958612	1.04982257	51.69737244	1.05138148	0.05212782544514273	0.0113074	2e-05
0.0457	0.1759	0.0315	-0.00596204472481263	-9.599310885968811e-05	0.00422893277758226	1.08811557	53.58306503	1.06176701	0.10594665395128967	0.0120164	3e-05
0.0467	0.1585	0.0355	-0.006056292504420323	-4.886921905584123e-05	0.004223696789826277	1.03057826	50.74970245	1.02724653	0.029730382858376148	0.0117435	3e-05
0.0459	0.1115	0.0158	-0.005696754678509492	-0.00016929693744344995	0.004098033083682686	1.00819194	49.64731598	1.02426531	0.09778146252210157	0.0122277	3e-05
0.0497	0.151	0.0021	-0.00541401133968641	-0.0003438298626428829	0.004122467693210606	1.0662812	52.50785446	1.05367821	0.08108554367752174	0.0117243	3e-05
0.0491	0.1854	0.0258	-0.0057264252757933945	-0.00021467549799530252	0.004077089132658754	1.06862509	52.62327957	1.05702632	0.08304734306532091	0.012189	3e-05
0.0485	0.1912	0.0241	-0.005773549165597242	-0.00010995574287564276	0.004057890510886817	1.04774022	51.59482956	1.0381042	0.016652113334772185	0.0114295	3e-05
0.042	0.118	0.0065	-0.005377359425394529	-0.00023911010752322313	0.0037419859162758423	1.0503391	51.72280884	1.06869509	0.13936243497306344	0.011758	4e-05
0.0412	0.1362	-0.0099	-0.005251695719250937	-0.0003612831551628262	0.00386590429316744	1.04853857	51.63414001	1.0508223	0.053987756533739606	0.0112295	2e-05
0.0453	0.1855	0.0184	-0.005651376117957638	-0.00019198621771937622	0.003965388060531117	1.10618484	54.47286987	1.08009564	0.1151230551756914	0.0111321	3e-05
0.0431	0.1702	0.0191	-0.005735151922053367	-0.00011693705988362007	0.0039235001584832525	1.05278563	51.84328461	1.04041103	0.02823564319896747	0.010601	4e-05
0.0444	0.1109	0.0106	-0.005555383009097951	-0.00020420352248333657	0.003858922976159462	1.02925491	50.68453598	1.03952537	0.0856806278939461	0.0112281	3e-05
0.0467	0.145	0.0039	-0.005433209961458348	-0.0002495820830351891	0.003926990816987242	1.02782249	50.61400223	1.03296557	0.05488097245096175	0.0109849	3e-05
0.0418	0.1915	0.0188	-0.005626941508429718	-9.075712110370512e-05	0.003963642731279122	1.08421373	53.39092636	1.06643978	0.08576042115973671	0.0107774	3e-05
0.0401	0.1535	0.0087	-0.005530948399570031	-5.585053606381854e-05	0.0038990655489553323	1.05401242	51.90369415	1.0455056	0.059573843811168224	0.010711	3e-05
0.0418	0.1381	0.0012	-0.005506513790042109	-0.00018675022996339323	0.003954916085019151	1.04083908	51.25498581	1.03478112	0.03515924197456573	0.0105771	1e-05
0.043	0.1373	-0.0062	-0.005372123437638546	-0.0002897246558310587	0.003981096023799066	1.0064069	49.5594101	1.01924234	0.02257723585255717	0.0109472	3e-05
0.0424	0.19	0.0138	-0.005644394800949661	-8.028514559173915e-05	0.003940953451003196	1.10055363	54.19556808	1.07296823	0.0993926723173152	0.0108886	2e-05
0.0411	0.1454	0.0065	-0.005469861875750229	-8.901179185171081e-05	0.003904301536711315	1.06185937	52.29010773	1.05232049	0.06419557428756428	0.012287	4e-05
0.0401	0.1396	-0.004	-0.005263913024014897	-0.0002478367537831948	0.003949680097263168	1.05431175	51.91843414	1.04488253	0.03780761871093342	0.0113181	4e-05
0.0451	0.1575	-0.0027	-0.005295328950550796	-0.0003665191429188092	0.003858922976159462	1.03144228	50.7922554	1.03466661	0.03624277183876096	0.0106704	1e-05
0.0442	0.2045	0.0187	-0.005679301385989549	-0.00017278759594743863	0.0038851029149393774	1.07466602	52.92075729	1.06079766	0.09949419605950188	0.011678	1e-05
0.0424	0.1348	0.0055	-0.005434955290710342	-0.00023212879051524583	0.0038275070496235643	1.05496109	51.95040894	1.05904772	0.10276415775814132	0.0116522	4e-05
0.0428	0.1229	-0.0124	-0.0050841441110594816	-0.00047123889803846896	0.0038065630985996326	1.04437768	51.429245	1.03559906	0.060743261909900766	0.0116743	4e-05
0.0438	0.1549	0.0098	-0.005377359425394529	-0.0004363323129985824	0.0038187804033635933	1.06089401	52.24256897	1.04945058	0.07221696020694474	0.0117155	3e-05
0.0416	0.1759	0.0188	-0.005427973973702364	-0.00027925268031909274	0.003841469683639519	1.0318526	50.81245804	1.03910012	0.04371917306316254	0.0126474	5e-05
0.0358	0.1073	-0.0067	-0.005024802916491674	-0.0002652900463031381	0.003691371367968007	1.08171499	53.26787567	1.07400149	0.12826160034490783	0.0127279	0.00011
0.0387	0.1375	-0.0144	-0.0048520153205442364	-0.00047647488579445195	0.0036704274169440743	1.09734821	54.03771973	1.0736711	0.06104581932313422	0.011084	4e-05
0.0371	0.1838	0.0009	-0.0050073496239717305	-0.0003961897402027128	0.0035203291012725624	1.10417724	54.37400818	1.07971932	0.08248588823453723	0.0117412	5e-05
0.0318	0.1378	-0.0074	-0.004899139210348083	-0.00032637657012293966	0.0034487706019407953	1.04535484	51.47736359	1.05760182	0.07207910415175937	0.0123317	0.00012
0.029	0.1103	-0.0262	-0.004476769531365455	-0.0005602506898901797	0.0034400439556808234	1.08184409	53.27423477	1.07059503	0.08234852225049198	0.0121142	4e-05
0.028	0.1689	-0.001	-0.004763003528692525	-0.0005009094953223725	0.0034243359924128747	1.06798542	52.59178162	1.0669482	0.10286415775814126	0.0106602	4e-05
0.0277	0.2059	0.0251	-0.005188863866179142	-0.00039968039870670147	0.0035482543693044722	1.02859724	50.6521492	1.04221575	0.09595039054969427	0.011454	0.00015
0.0151	0.1601	0.0225	-0.005092870757319453	-0.00029845130209103034	0.003488913174736664	1.00813174	49.64435196	1.0317008	0.07382817000215841	0.0116066	0.00014
-0.0169	0.1482	-0.0112	-0.004665265090580842	-0.0006859143960337716	0.0029688050576423546	1.06337368	52.36468124	1.07772655	0.1443588438887831	0.0112078	0.00016
-0.0427	0.081	-0.0702	-0.004766494187196514	-0.0006318091892219474	0.0025324727446437724	1.09474385	53.9094696	1.11597285	0.18158333082130393	0.0111625	0.00025
-0.0393	-0.1155	-0.0693	-0.004668755749084832	-0.0003630284844148205	0.0026441738167714093	1.23150814	60.64427948	1.26853036	0.22471101075232236	0.01679	0.00101
-0.0397	-0.0369	-0.072	-0.004366813788489812	-0.0006178465552059926	0.0024556782575560214	1.04994643	51.70347214	1.09419739	0.11896277953007896	0.0140157	0.0003
-0.0539	0.102	-0.0872	-0.0037629298672997745	-0.0009843656981248017	0.002319542575900464	1.19164932	58.68147659	1.18261548	0.22362693728822025	0.0110925	0.00013
-0.0503	0.1809	-0.0818	-0.0036337755026521943	-0.0014119713648634124	0.0022776546738526	1.08978641	53.66534424	1.08652011	0.11783239667170274	0.0104263	8e-05
-0.0599	0.2529	-0.0691	-0.004068362486398782	-0.0018064157758141308	0.00222529479629277	1.11085176	54.70268631	1.10651938	0.13836956361285682	0.0121456	0.00013
-0.0548	0.3356	-0.0906	-0.0032847096522533284	-0.0015271630954950383	0.0023649211364523163	1.06861949	52.62300491	1.09644298	0.1694265927312046	0.0118538	0.00011
-0.0493	0.2864	-0.097	-0.0032969269570172887	-0.0015289084247470327	0.0024713862208239705	1.01220167	49.84477234	1.03110862	0.06712138591938047	0.0109579	0.0001
-0.042	0.2648	-0.0668	-0.003576179637336381	-0.001186823891356144	0.002778564169174973	1.02661955	50.55476379	1.0442611	0.10552575810304916	0.0107123	6e-05
-0.0459	0.1829	-0.09	-0.0031555552876057474	-0.0011362093430483087	0.0027925268031909274	1.04270864	51.34705353	1.06406092	0.13326007660272113	0.0110395	0.0001
-0.0437	0.0736	-0.1005	-0.0029530970943744054	-0.0013316862192716734	0.002748893571891069	1.04993367	51.70284271	1.07879203	0.14407841503772825	0.0123016	0.00013
-0.0418	0.0675	-0.1033	-0.003043854215478111	-0.0013857914260834976	0.002825688058978819	1.05151749	51.7808342	1.04523883	0.021882840750163998	0.0128514	0.0003
-0.0392	0.0785	-0.0914	-0.003258529713473413	-0.0013700834628155487	0.002933898472602468	1.03674829	51.05354309	1.04604369	0.04242969374434501	0.0130662	0.00034
-0.0351	0.1301	-0.0584	-0.0037489672332838195	-0.0010384709049366262	0.0030560715202420713	1.09461772	53.90325928	1.08170626	0.1359111562664466	0.0134114	0.00035
-0.0384	0.1504	-0.0524	-0.003855432317655474	-0.0009372418083209549	0.0031852258848896514	1.04321897	51.37218475	1.04746614	0.04644242728174532	0.0130332	0.00039
-0.0392	0.1203	-0.0692	-0.0036599554414321086	-0.001192059879112127	0.0031171580440618727	1.01871848	50.16568375	1.03044972	0.07361813939211581	0.0135075	0.00039
-0.0412	0.1787	-0.0778	-0.003501130479500625	-0.0012601277199399059	0.0031747539093776853	1.06210792	52.30234909	1.0572299	0.08322443340375375	0.0133165	0.00041
-0.0457	0.2331	-0.047	-0.00382576172037157	-0.0009040805525330626	0.003145083312093782	1.06936896	52.65991211	1.06865601	0.1252174502780846	0.0122049	0.00031
-0.0487	0.2428	-0.0505	-0.0038798669271833948	-0.0007225663103256524	0.003225368457685521	1.02618062	50.53314972	1.03252247	0.031995229730548684	0.0113174	0.00015
-0.0484	0.1674	-0.0786	-0.0036948620264719957	-0.0008098327729253688	0.00326551103048139	1.05856431	52.12784576	1.06361296	0.1194206968053492	0.0104292	0.0001
-0.0441	0.167	-0.0828	-0.0037245326237558994	-0.0009965830028887623	0.0032306044454415038	1.00559449	49.51940536	1.01771295	0.02146637061435914	0.00980407	6e-05
-0.0431	0.1722	-0.0839	-0.003790855135331684	-0.0009389871375729493	0.0032602750427254074	0.99345767	48.92174149	1.01180816	0.01497944870877504	0.00905806	4e-05
-0.0436	0.1975	-0.0695	-0.004178318229274424	-0.0007120943348136865	0.0032969269570172887	1.03930998	51.1796875	1.03786022	0.07275039054969425	0.00859642	3e-05
-0.045	0.1248	-0.0825	-0.00401076662108297	-0.0007330382858376184	0.003371976114853045	1.06133902	52.26448441	1.0608879	0.10027723585255718	0.00928873	4e-05
-0.037	0.1036	-0.086	-0.004009021291830974	-0.0008988445647770796	0.0034016467121369483	1.0504452	51.72803116	1.04011651	0.042561110273767966	0.00944084	4e-05
-0.0387	0.1633	-0.072	-0.004267330021126135	-0.0008272860654453122	0.0034016467121369483	1.07462108	52.91854858	1.06330053	0.09189336143134641	0.00866866	2e-05
-0.0415	0.2103	-0.067	-0.004417428336797647	-0.0008569566627292158	0.003232349774693498	1.02527428	50.48851395	1.03526378	0.07225329251994327	0.00822544	1e-05
-0.0418	0.1685	-0.0909	-0.004213224814314312	-0.0010960667702524388	0.0032602750427254074	1.01587927	50.02587128	1.03409472	0.08956194490192335	0.00897217	3e-05
-0.0381	0.1991	-0.1091	-0.004064871827894794	-0.0011047934165124105	0.003267256359733385	1.06640327	52.51387024	1.05235812	0.06070304748437337	0.00943398	5e-05
-0.0336	0.2538	-0.0755	-0.004447098934081553	-0.0008936085770210966	0.0032480577379614467	1.08559036	53.45871353	1.07543762	0.12343052837250058	0.00899595	4e-05
-0.0354	0.2383	-0.0843	-0.004525638750421296	-0.0007190756518216638	0.003316125578789226	1.04400599	51.41093826	1.04379362	0.042157029118347775	0.0086503	0.0001
-0.0333	0.1687	-0.1024	-0.004328416544945937	-0.001085594794740473	0.0032864549815053226	1.05169189	51.78942108	1.05193161	0.11947059728390357	0.00910109	6e-05
-0.0326	0.191	-0.1029	-0.004246386070102203	-0.0011100294042683937	0.0032480577379614467	1.01635599	50.04934692	1.02700827	0.030743116395776565	0.00898665	0.00015
-0.0347	0.2359	-0.0925	-0.004436626958569585	-0.0007068583470577034	0.0032306044454415038	1.07740271	53.05552292	1.06157727	0.08794326190990077	0.00924152	8e-05
-0.0343	0.164	-0.1192	-0.004167846253762459	-0.0007976154681614085	0.003193952531149623	1.06049955	52.22314453	1.06391508	0.11880948701013556	0.00853866	4e-05
-0.0312	0.1578	-0.1314	-0.004103269071438669	-0.000973893722612836	0.0032131511529215613	1.03815854	51.12298965	1.02958113	0.034502702927357805	0.00886512	6e-05
-0.0294	0.2143	-0.1139	-0.004349360495969869	-0.0007871434926494425	0.0031974431896536117	1.08227885	53.29564667	1.06274298	0.09822748088812717	0.00817078	5e-05
-0.035	0.2239	-0.116	-0.00443837228782158	-0.000645771823237902	0.003113667385557884	1.03978002	51.20283508	1.03604924	0.03300796326794897	0.00774127	3e-05
-0.0331	0.1617	-0.1394	-0.004129449010218584	-0.0007033676885537148	0.0030927234345339517	1.02920568	50.68211365	1.04139601	0.10687315469713704	0.00833726	4e-05
-0.0262	0.1997	-0.1486	-0.004014257279586958	-0.0006841690667817771	0.0030927234345339517	1.0671376	52.55002975	1.04725275	0.060819517620178176	0.00791568	3e-05
-0.0281	0.2612	-0.1181	-0.004253367387110181	-0.0005358160803622592	0.003073524812762014	1.09054887	53.7028923	1.06869781	0.11423308578573392	0.00810069	6e-05
-0.0324	0.2489	-0.1249	-0.004180063558526419	-0.0004904375198104066	0.0031311206780778272	1.05930936	52.16453552	1.04250194	0.03221391272257135	0.00805795	2e-05
-0.0316	0.1844	-0.1422	-0.004080579791162742	-0.0007330382858376184	0.003106686068549906	1.04759097	51.58747864	1.05081737	0.10092595714594048	0.0088678	3e-05
-0.0339	0.2211	-0.1516	-0.003974114706791089	-0.000879645943005142	0.0031468286413457764	1.02698576	50.57279587	1.03319535	0.06306076571675233	0.00913543	5e-05
-0.0358	0.2471	-0.1252	-0.004272566008882118	-0.0005480333851262194	0.003085742117525975	1.08733404	53.54457855	1.06178595	0.08885751918948764	0.00803584	1e-05
-0.0343	0.2261	-0.1196	-0.00429700061841004	-0.0005235987755982988	0.0031258846903218446	1.0439074	51.40608215	1.03687633	0.03255058959258559	0.00758469	3e-05
-0.029	0.1787	-0.1376	-0.00416435559525847	-0.0006230825429619757	0.0032114058236695662	1.05888808	52.1437912	1.04956585	0.08658249619314842	0.00779855	3e-05
-0.0291	0.1972	-0.1398	-0.004195771521794368	-0.0007347836150896127	0.0031834805556376572	1.02283466	50.36837769	1.02222929	0.02935211333477221	0.00746632	2e-05
-0.0331	0.2409	-0.1156	-0.004527384079673291	-0.00040840704496667313	0.0031363566658338103	1.07078397	52.72959137	1.05306672	0.1071556508902855	0.00784564	4e-05
-0.0339	0.2051	-0.1238	-0.004352851154473858	-0.00040317105721069014	0.0031223940318178558	1.0330981	50.87379074	1.0358615	0.054486577348568536	0.00749671	2e-05
-0.0326	0.1902	-0.1428	-0.004211479485062317	-0.0005480333851262194	0.0031258846903218446	1.05178237	51.79387665	1.03778756	0.04968623279155295	0.00781107	2e-05
-0.0305	0.2214	-0.135	-0.004365068459237818	-0.0005201081170943102	0.003120648702565861	1.04805863	51.61050415	1.03749399	0.050437511498169656	0.0071826	1e-05
-0.0355	0.2506	-0.1161	-0.004565781323217166	-0.00024260076602721178	0.0030752701420140084	1.04036486	51.23163605	1.03723881	0.07927993877991497	0.00777036	4e-05
-0.0368	0.1946	-0.1263	-0.004270820679630125	-0.0003054326190990077	0.003145083312093782	1.04426312	51.42359924	1.04340344	0.08888028333693057	0.00748312	1e-05
-0.0332	0.1892	-0.136	-0.004108505059194652	-0.0005218534463463045	0.0031328660073298214	1.03171372	50.8056221	1.02690519	0.0382476876223365	0.00766355	3e-05
-0.029	0.2218	-0.117	-0.004312708581677988	-0.00047123889803846896	0.00318871654339364	1.0528084	51.84440231	1.04326821	0.07133343034274948	0.00739974	1e-05
-0.0318	0.2443	-0.0922	-0.004661774432076854	-0.0002844886680750757	0.003237585762449481	1.03770709	51.1007576	1.04023884	0.07933426497090501	0.0072763	3e-05
-0.0374	0.1627	-0.1123	-0.004365068459237818	-0.00034906585039886593	0.0032044245066615894	1.02585983	50.51735306	1.04626187	0.12702222054753587	0.00772268	3e-05
-0.0391	0.1827	-0.132	-0.004162610266006475	-0.0005672320068981572	0.0032882003107573173	1.02234471	50.34425354	1.02556891	0.06662000769131807	0.00812894	2e-05
-0.0363	0.204	-0.1278	-0.004125958351714595	-0.0005550147021341969	0.003349286834577118	1.04515934	51.46773148	1.03895377	0.033797787143782065	0.00874126	3e-05
-0.0357	0.2423	-0.0923	-0.004523893421169302	-0.0003612831551628262	0.003267256359733385	1.05945909	52.17190933	1.05859153	0.10808485456349053	0.00819629	3e-05
-0.0403	0.1872	-0.115	-0.004237659423842232	-0.0004188790204786391	0.003269001688985379	1.03273308	50.8558197	1.04742023	0.09967875959474384	0.00756776	4e-05
-0.0398	0.1648	-0.1379	-0.00398284135305106	-0.0007190756518216638	0.003237585762449481	1.03217256	50.82821274	1.03252739	0.07512153143350472	0.00772321	3e-05
-0.0396	0.2017	-0.127	-0.004143411644234539	-0.0005672320068981572	0.0031834805556376572	1.01529205	49.99695206	1.02933336	0.06632595714594046	0.00769717	2e-05
-0.0404	0.2575	-0.0987	-0.004513421445657336	-0.0002740166925631097	0.0031764992386296795	1.10413957	54.37215042	1.07833072	0.11841032163829114	0.0076865	2e-05
-0.0467	0.1742	-0.1206	-0.0041329396687225725	-0.0003961897402027128	0.0032096604944175725	1.07366228	52.87133026	1.0698144	0.138290804018113	0.00755864	2e-05
-0.0451	0.1846	-0.1383	-0.003949680097263168	-0.0006178465552059926	0.0033248522250491977	1.06494343	52.44198227	1.04858275	0.055705405854715485	0.00754762	2e-05
-0.0444	0.2165	-0.1191	-0.004239404753094226	-0.0005410520681182421	0.003267256359733385	1.05030859	51.72130203	1.04503578	0.0730057504117311	0.00744683	1e-05
-0.0437	0.2392	-0.1062	-0.004351105825221863	-0.00032812189937493397	0.003274237676741362	1.08020163	53.19335175	1.05836458	0.05288062789394608	0.00755978	3e-05
-0.0469	0.1469	-0.126	-0.004029965242854907	-0.0004014257279586958	0.003227113786937515	1.10043442	54.18969727	1.08723688	0.1373784150377282	0.00770497	2e-05
-0.0444	0.182	-0.1403	-0.0038571776469074684	-0.0006789330790257941	0.003333578871309169	1.06508279	52.44884109	1.05221237	0.07973800156930953	0.00735772	1e-05
-0.0413	0.2172	-0.1102	-0.004209734155810323	-0.0004206243497306334	0.0033108895910332428	1.0547564	51.94033051	1.05258509	0.10007772592369708	0.0076353	3e-05
-0.0427	0.2227	-0.1001	-0.004319689898685966	-0.0003089232776029963	0.003300417615521277	1.0646919	52.42959595	1.05080588	0.02860643952576231	0.00737703	1e-05
-0.0435	0.1443	-0.1217	-0.004043927876870862	-0.00041713369122664475	0.003235840433197487	1.06901598	52.64252853	1.06560482	0.12322748088812714	0.00792456	8e-05
-0.0413	0.182	-0.1383	-0.003867649622419434	-0.000635299847725936	0.003298672286269283	1.05406415	51.90624237	1.04730513	0.07936381320112573	0.00795305	4e-05
-0.0421	0.2065	-0.1176	-0.004178318229274424	-0.0004363323129985824	0.0031834805556376572	1.03435493	50.9356842	1.04027092	0.07724139361069848	0.00783843	4e-05
-0.0505	0.2321	-0.1102	-0.004344124508213886	-0.00020420352248333657	0.003178244567881674	1.01756656	50.1089592	1.03090287	0.06155855286053455	0.00823963	6e-05
-0.0541	0.1665	-0.1378	-0.004075343803406759	-0.00033684854563490564	0.0032044245066615894	1.04604506	51.51134872	1.05228236	0.11818028333693056	0.00851303	0.00015
-0.0542	0.1927	-0.1483	-0.003939208121751202	-0.0005288347633542819	0.0032079151651655774	1.05843568	52.12151337	1.05026978	0.05338062789394606	0.0086953	4e-05
-0.0508	0.2535	-0.1153	-0.00445058959258554	-0.0002373647782712288	0.0031555552876057474	1.11238539	54.77820969	1.08358716	0.13996056667386103	0.00866675	4e-05
-0.0556	0.217	-0.1171	-0.004457570909593518	-0.00024085543677521747	0.003080506129769991	1.04562092	51.49046326	1.03910294	0.04737605666738614	0.0080266	0.0
-0.0519	0.1531	-0.1419	-0.004139920985730549	-0.0005427973973702365	0.003038618227722128	1.04465258	51.44277954	1.05486719	0.12547398932529252	0.00865084	1e-05
-0.0519	0.1881	-0.1412	-0.00398284135305106	-0.0005393067388662478	0.0030490902032340936	1.13747966	56.01395035	1.09005897	0.04425211333477217	0.00902307	4e-05
-0.0457	0.2432	-0.1022	-0.0044645522266014955	-0.00031415926535897925	0.003026400922958167	1.13473821	55.87894821	1.10122032	0.13677738136668155	0.00796539	2e-05
-0.048	0.1883	-0.1117	-0.0042271874483302664	-0.000317649923862968	0.0030124382889422127	1.04063046	51.24471664	1.04503197	0.07944090353955863	0.0078733	2e-05
-0.048	0.1855	-0.1251	-0.0039671333897831115	-0.0004380776422505767	0.003040363556974122	1.08650088	53.5035553	1.05802008	0.03662035224833365	0.00889575	9e-05
-0.0417	0.202	-0.1078	-0.0041381756564785556	-0.0003665191429188092	0.0030560715202420713	1.10044277	54.19010925	1.06554186	0.05301543646475802	0.00843436	6e-05
-0.042	0.2292	-0.0897	-0.004354596483725852	-0.00022340214425527416	0.0030455995447301047	1.06251287	52.32228851	1.05355261	0.0641004900711399	0.00870001	4e-05
-0.0427	0.1663	-0.108	-0.0040945424251786966	-0.00032463124087094524	0.002993239667170275	1.06305647	52.34905624	1.05794231	0.10258215163613282	0.00924963	4e-05
-0.0445	0.1779	-0.126	-0.0038467056713955023	-0.0005707226654021458	0.003010692959690218	1.06190646	52.29242706	1.05241068	0.05696907354171688	0.0101013	4e-05
-0.0427	0.2097	-0.1097	-0.00400727596257898	-0.0004380776422505767	0.002993239667170275	1.0849973	53.42950821	1.06305481	0.06543343034274948	0.00789928	4e-05
-0.0455	0.2376	-0.0888	-0.004324925886441949	-0.000312413936106985	0.0029688050576423546	1.02641296	50.54459	1.03299766	0.07498741197672404	0.00733322	3e-05
-0.0494	0.1521	-0.1137	-0.00408756110817072	-0.0003717551306747922	0.002885029253546627	1.02423906	50.43753815	1.04897505	0.1333240888467382	0.00747657	1e-05
-0.0449	0.1733	-0.1304	-0.003918264170727269	-0.0005497787143782138	0.00301941960595019	1.00866711	49.67071533	1.02033116	0.06648554367752173	0.00791043	5e-05
-0.0445	0.2007	-0.1203	-0.004012511950334963	-0.0004886921905584122	0.0030560715202420713	1.03937721	51.18300247	1.03711305	0.04749931088596881	0.00761843	1e-05
-0.0459	0.2335	-0.1074	-0.0042882739721500675	-0.000296705972839036	0.0030717794835100195	1.05649996	52.0261879	1.04598176	0.07127281014012146	0.00773561	1e-05
-0.0477	0.1669	-0.1217	-0.004071853144902771	-0.0003525565089028545	0.00301941960595019	1.04550231	51.48462296	1.04798587	0.09893156204354726	0.00793815	3e-05
-0.0469	0.1804	-0.1348	-0.003834488366631542	-0.0005148721293383271	0.003038618227722128	1.0224911	50.3514595	1.02976274	0.04834395102393198	0.00851166	2e-05
-0.0423	0.2059	-0.1333	-0.003829252378875559	-0.0005742133239061344	0.0030979594222899347	1.07950032	53.15882111	1.05425777	0.037795918844579855	0.00878513	4e-05
-0.0402	0.2386	-0.1023	-0.00428129265514209	-0.0002443460952792061	0.0031415926535897933	1.09903145	54.12060547	1.07514399	0.10707703680966588	0.00820065	4e-05
-0.0434	0.2001	-0.1052	-0.004185299546282402	-0.00026878070480712676	0.003118903373313867	1.04437447	51.42908478	1.03986319	0.05175584993317674	0.00755835	3e-05
-0.0429	0.1495	-0.1173	-0.003904301536711315	-0.0004520402762665313	0.003029891581462156	1.01096869	49.78404999	1.02574835	0.09086346864411013	0.0081349	1e-05
-0.0421	0.1862	-0.1273	-0.0037681658550557575	-0.0005270894341022875	0.003110176727053895	1.07555795	52.96467972	1.0523004	0.06207349925415264	0.00831288	3e-05
-0.0402	0.2195	-0.1038	-0.004108505059194652	-0.000291469985083053	0.003159045946109736	1.09005761	53.67870331	1.05689228	0.0899413936106985	0.00823122	4e-05
-0.0387	0.184	-0.1017	-0.004157374278250492	-0.0002513274122871834	0.0031328660073298214	1.03432238	50.93407822	1.03391904	0.04485958653158125	0.00759244	1e-05
-0.0389	0.1502	-0.1151	-0.003932226804743224	-0.00037524578917878077	0.0030997047515419294	1.02547002	50.49815369	1.03111215	0.06651135530933788	0.00870782	3e-05
-0.0413	0.1819	-0.1279	-0.003755948550291797	-0.000486946861306418	0.0031171580440618727	1.07741964	53.05635834	1.05785108	0.0621716309549504	0.00842071	1e-05
-0.0376	0.2441	-0.0996	-0.004202752838802345	-0.0003159045946109737	0.0031503192998497648	1.10495257	54.41218948	1.07861776	0.12675039054969423	0.00775504	1e-05
-0.0411	0.2073	-0.1003	-0.004286528642898074	-0.0002600540585471551	0.0031311206780778272	1.04440403	51.43053818	1.03757767	0.04894124809657424	0.00698495	1e-05
-0.0408	0.161	-0.1279	-0.003937462792499207	-0.0003717551306747922	0.003160791275361731	1.03593528	51.01350784	1.04348573	0.09872187599052039	0.00927955	3e-05
-0.0438	0.1918	-0.1433	-0.0036686820876920805	-0.00046425758103049166	0.0032079151651655774	1.08564031	53.46117783	1.07162047	0.06962035224833361	0.00997931	3e-05
-0.0362	0.2554	-0.1126	-0.00419228086329038	-0.00028797932657906436	0.003160791275361731	1.10631001	54.47903061	1.08711869	0.13925004599267868	0.00821918	4e-05
-0.0388	0.2364	-0.1159	-0.004380776422505768	-0.0002024581932313422	0.0030944687637859463	1.03866267	51.1478157	1.03943754	0.041916960206944735	0.00761312	3e-05
-0.0429	0.1371	-0.1429	-0.00408756110817072	-0.000439822971502571	0.0030560715202420713	1.0621835	52.30606842	1.07538278	0.1588488668075076	0.00818133	6e-05
-0.0389	0.1803	-0.1487	-0.003977605365295077	-0.0005323254218582705	0.003118903373313867	1.02742827	50.59458923	1.03836562	0.06626450231515689	0.00864339	3e-05
-0.042	0.2384	-0.124	-0.004312708581677988	-0.00024609142453120044	0.003127630019573839	1.11551178	54.93216324	1.08918028	0.11740319299849768	0.00911951	4e-05
-0.0464	0.1928	-0.1386	-0.004190535534038385	-0.00020594885173533088	0.0031223940318178558	1.07613754	52.9932251	1.06232431	0.07297758040957276	0.0088039	3e-05
-0.0421	0.172	-0.151	-0.003960152072775134	-0.0005340707511102648	0.0031258846903218446	1.05713367	52.05739594	1.04700235	0.0655998009571087	0.00778115	1e-05
-0.0404	0.2063	-0.134	-0.0041661009245104645	-0.00032637657012293966	0.0031171580440618727	1.08410859	53.38574982	1.05858699	0.0741184839491314	0.00802499	3e-05
-0.0416	0.2391	-0.1129	-0.004305727264670011	-0.0001256637061435917	0.0031014500807939236	1.08227861	53.29563522	1.06272875	0.07290235837034217	0.00747639	5e-05
-0.043	0.1704	-0.1294	-0.00400727596257898	-0.0001972222054753592	0.003120648702565861	1.0656426	52.47640991	1.0565736	0.1060604211597368	0.00760865	3e-05
-0.0396	0.182	-0.1419	-0.003841469683639519	-0.0004729842272904633	0.003089232776029963	1.03068388	50.7549057	1.0294458	0.05114921136452319	0.00767845	3e-05
-0.0399	0.2079	-0.13	-0.004035201230610889	-0.00034557519189487725	0.0031468286413457764	1.04402256	51.41175461	1.03623296	0.057036822384138486	0.0078311	2e-05
-0.0401	0.2508	-0.1082	-0.004305727264670011	-0.00015707963267948963	0.0031171580440618727	1.06113839	52.25460815	1.05413425	0.08933460952792067	0.00758642	3e-05
-0.0427	0.1708	-0.1223	-0.004017747938090946	-0.00019198621771937622	0.003080506129769991	1.05743015	52.0719986	1.06001032	0.11467689129554168	0.00733817	5e-05
-0.0417	0.1791	-0.1385	-0.0038536869884034796	-0.00037350045992678646	0.0032009338481576006	1.03296876	50.86742401	1.03050449	0.048800145514124336	0.00715864	3e-05
-0.0423	0.2079	-0.1205	-0.004199262180298357	-0.00024260076602721178	0.0031555552876057474	1.01891828	50.17552185	1.03273082	0.07349267231731524	0.00688499	4e-05
-0.0508	0.2237	-0.1208	-0.0043039819354180175	-8.203047484373349e-05	0.003139847324337799	1.03974223	51.20097351	1.03255126	0.03864990047855439	0.00725949	3e-05
-0.0558	0.16	-0.1335	-0.004059635840138811	-0.000148352986419518	0.003106686068549906	1.05721426	52.06136703	1.0560132	0.09859149313214423	0.00732648	3e-05
-0.0625	0.1937	-0.1424	-0.004012511950334963	-3.490658503988659e-05	0.002935643801854462	1.08837593	53.59589005	1.05887088	0.06588062789394615	0.00723606	4e-05
-0.0809	0.2545	-0.1293	-0.005005604294719737	0.0020751964806212577	0.00239459173373622	1.17885602	58.05148315	1.16734312	0.274512373908208	0.00766742	4e-05
-0.079	0.2312	-0.1276	-0.005019566928735692	0.002282890661608583	0.0023928464044842257	1.13208699	55.7483902	1.10639088	0.03807010721276377	0.00885093	8e-05
-0.0848	0.1844	-0.1394	-0.0046809730538487915	0.0019198621771937623	0.0022479840765686964	1.10231876	54.28248596	1.07537349	0.1067242343608625	0.00866628	4e-05
-0.0865	0.2453	-0.1886	-0.0045867252742410975	0.001658062789394613	0.0016842427281745281	1.12531793	55.41505432	1.11787896	0.15778942579005056	0.00828409	1e-05
-0.0864	0.27	-0.1722	-0.005190609195431136	0.0020664698343612863	0.001520181778487061	1.07711077	53.04114914	1.06609634	0.10001759579220897	0.00928944	3e-05
-0.0954	0.2587	-0.2007	-0.00481710873550435	0.0018517943363659836	0.0014643312424232424	1.06448436	52.41937256	1.05970747	0.0810013246992954	0.00949377	4e-05
-0.0913	0.2305	-0.2088	-0.004679227724596798	0.0016755160819145565	0.0014014993893514465	1.07676637	53.024189	1.05602458	0.05924955592153874	0.00998145	5e-05
-0.0824	0.2781	-0.1922	-0.004899139210348083	0.0017156586547104257	0.0014800392056911916	1.06151938	52.27336502	1.05595046	0.09002969374434498	0.00931561	4e-05
-0.0849	0.3197	-0.1735	-0.005331980864842677	0.0021135937241651332	0.001616174887346749	1.06607831	52.49786377	1.05670389	0.11114562028024294	0.0100112	3e-05
-0.086	0.2574	-0.2002	-0.004982915014443811	0.0018797196043978928	0.001609193570338772	1.05483592	51.9442482	1.05807121	0.11959606435870412	0.00939822	3e-05
-0.0817	0.2411	-0.2113	-0.0049235738198760036	0.0017400932642383465	0.001567305668290908	1.07424426	52.89999008	1.04828414	0.04374277183876088	0.00931996	3e-05
-0.0822	0.298	-0.1918	-0.005185373207675152	0.0018308503853420514	0.0016249015336067207	1.06785321	52.58526993	1.05743778	0.09740761871093329	0.0089801	1e-05
-0.0873	0.3266	-0.1802	-0.005523967082562053	0.002183406894244906	0.0017976891295541592	1.06896806	52.64017105	1.05082863	0.08849689898685971	0.0100729	3e-05
-0.0917	0.2539	-0.209	-0.005052728184523583	0.0018936822384138475	0.0017400932642383465	1.0911535	53.73266602	1.07898555	0.14682797095926703	0.00941563	4e-05
-0.0835	0.2622	-0.2158	-0.005010840282475721	0.0017505652397503124	0.0016790067404185449	1.09699643	54.02039337	1.06082448	0.03560457122655994	0.00973475	2e-05
-0.0819	0.296	-0.2075	-0.005044001538263612	0.001839577031602023	0.001626646862858715	1.04572284	51.4954834	1.04176341	0.05242664625997159	0.00972968	1e-05
-0.0833	0.3215	-0.1963	-0.00529707427980279	0.0021956241990088664	0.001759291886010284	1.10437071	54.38353348	1.07287278	0.07518824660487954	0.0118287	6e-05
-0.0883	0.2527	-0.2038	-0.005085889440311476	0.002143264321449037	0.0019024088846738192	1.11041212	54.68103409	1.0843662	0.10163308578573396	0.0107016	0.00015
-0.0827	0.2678	-0.2102	-0.004906120527356061	0.0018343410438460403	0.0017767451785302276	1.07205141	52.79200745	1.05604874	0.057817794835100175	0.00912148	1e-05
-0.0825	0.2818	-0.1874	-0.0051399946471233	0.00205599785884932	0.0017243853009703976	1.07059896	52.72048187	1.05321864	0.062394540616517474	0.00943732	6e-05
-0.0826	0.3113	-0.1688	-0.005304055596810768	0.0022741640153486112	0.0017732545200262388	1.06930315	52.65666962	1.05888214	0.06975481626213001	0.00988525	4e-05
-0.0844	0.2431	-0.1918	-0.004995132319207771	0.002169444260228951	0.001762782544514273	1.08902466	53.62783432	1.07143119	0.11420575041173114	0.0108891	8e-05
-0.0844	0.2434	-0.2043	-0.004878195259324152	0.0019826940302655584	0.0017505652397503124	1.03856671	51.14308929	1.03367	0.028595229730548625	0.0107904	9e-05
-0.0865	0.2712	-0.1981	-0.0051452306348792835	0.0020943951023931952	0.0016999506914424768	1.07956922	53.16221237	1.05475742	0.0575675497995302	0.0108095	8e-05
-0.0812	0.3173	-0.1764	-0.005426228644450371	0.0022794000031045943	0.0017366026057343581	1.11111557	54.71567917	1.08133858	0.0982327412287184	0.0095517	4e-05
-0.0829	0.2532	-0.1921	-0.005194099853935124	0.0021886428820008896	0.001759291886010284	1.06574142	52.48127747	1.0553524	0.09877875959474394	0.00834221	3e-05
-0.0815	0.2467	-0.1995	-0.0049898963314517885	0.002008873969045473	0.0016982053621904826	1.03584242	51.00893021	1.03574723	0.03755294796292765	0.00856483	4e-05
-0.0791	0.3097	-0.1664	-0.005358160803622591	0.0023457225146803788	0.0017016960206944712	1.10717964	54.5218544	1.08157637	0.13393018381548483	0.00901002	6e-05
-0.0813	0.2753	-0.1755	-0.005197590512439113	0.002373647782712288	0.0017086773377024485	1.06292677	52.34267426	1.04627431	0.05547384381116822	0.00860631	4e-05
-0.0828	0.2382	-0.1956	-0.004965461721923867	0.0021258110289290935	0.0017243853009703976	1.04734564	51.57539749	1.04374286	0.0834836753783195	0.0081479	2e-05
-0.0814	0.2643	-0.1957	-0.005030038904247658	0.0021223203704251047	0.0017348572764823637	1.03210783	50.82502747	1.03671426	0.0315269908169873	0.00886095	4e-05
-0.0834	0.3143	-0.1712	-0.005387831400906495	0.002408554367752175	0.0017418385934903407	1.09767628	54.05387115	1.07463022	0.10905039054969425	0.00913745	6e-05
-0.0852	0.2535	-0.1825	-0.005148721293383272	0.002410299697004169	0.001726130630222392	1.06806374	52.59563828	1.05620718	0.08672817000215831	0.00860775	3e-05
-0.084	0.2509	-0.2021	-0.004948008429403923	0.0022026055160168437	0.0018099064343181197	1.03625584	51.02928925	1.03167082	0.048009142453120074	0.00860626	3e-05
-0.0859	0.269	-0.2093	-0.004935791124639963	0.002176425577236929	0.0017226399717184032	1.01653123	50.05797195	1.02438354	0.033483185307179565	0.0092721	2e-05
-0.0838	0.337	-0.1792	-0.005434955290710342	0.0025289820861397836	0.0016877333866785165	1.11761379	55.03567505	1.08373825	0.14453136300065603	0.0107455	3e-05
-0.088	0.2745	-0.1842	-0.0052010811709431014	0.002462659574563999	0.0017156586547104257	1.06298959	52.34576416	1.05618027	0.0881060949687467	0.0100617	2e-05
-0.0904	0.2453	-0.198	-0.005010840282475721	0.0023265238929084412	0.0017383479349863521	1.06098342	52.24697495	1.04687038	0.06285329251994329	0.00974679	4e-05
-0.0905	0.2715	-0.207	-0.0049898963314517885	0.0022008601867648495	0.001689478715930511	1.02375245	50.41357803	1.02691235	0.045073843811168274	0.00987935	1e-05
-0.0926	0.3243	-0.1878	-0.005372123437638546	0.002478367537831948	0.0017331119472303693	1.10564351	54.44620895	1.08095064	0.10926838442768567	0.0109927	6e-05
-0.0937	0.2748	-0.1955	-0.005232497097479001	0.0025394540616517493	0.001726130630222392	1.08126235	53.2455864	1.06213611	0.06868470904936622	0.0102235	3e-05
-0.0943	0.2543	-0.2133	-0.0049741883681838385	0.0022863813201125715	0.0017086773377024485	1.05693579	52.0476532	1.04697315	0.0653417381677141	0.00935352	6e-05
-0.0942	0.2734	-0.2132	-0.0050509828552715895	0.002288126649364566	0.001656317460142619	1.0443579	51.42826843	1.03743776	0.025844984694978687	0.0103605	6e-05
-0.0935	0.3275	-0.1817	-0.005527457741066041	0.002583087292951608	0.0016929693744344998	1.09843528	54.09125137	1.07938912	0.12670437218366876	0.010719	8e-05
-0.0937	0.2723	-0.1944	-0.005267403682518886	0.0026127578902355115	0.0016964600329384882	1.07553196	52.96340179	1.06115349	0.08276076571675238	0.00942641	5e-05
-0.0925	0.2504	-0.2109	-0.0050230575872396805	0.0023439771854283846	0.0016720254234105676	1.03884339	51.15671158	1.03753536	0.06647807048071265	0.00897092	3e-05
-0.0922	0.2929	-0.1988	-0.005318018230826722	0.0025726153174396417	0.0016528268016386303	1.08181143	53.27262497	1.06252262	0.08203986986851178	0.00974715	8e-05
-0.0937	0.3195	-0.1823	-0.005544911033585984	0.002686061718819273	0.0016755160819145565	1.06086278	52.24103165	1.05331212	0.06275142422074101	0.0100098	8e-05
-0.0975	0.2482	-0.2015	-0.005237733085234983	0.0026546457922833754	0.0016388641676226754	1.06853211	52.61869812	1.06655486	0.11306228945893904	0.0102675	6e-05
-0.0984	0.2623	-0.2146	-0.005077162794051505	0.002380629099720265	0.0017331119472303693	1.05192888	51.80109024	1.04378833	0.054541738167714085	0.00999016	5e-05
-0.0978	0.2928	-0.2035	-0.005351179486614613	0.0025569073541716926	0.0016842427281745281	1.06828654	52.60660553	1.05851797	0.06715820830351893	0.010609	6e-05
-0.0987	0.3339	-0.1824	-0.005717698629533424	0.0027942721324429216	0.0017016960206944712	1.08271801	53.31727219	1.07012656	0.09416686068549909	0.0109183	4e-05
-0.099	0.2573	-0.1959	-0.005398303376418462	0.002713986986851182	0.0016859880574265225	1.08303654	53.33295822	1.07322281	0.11116941809873251	0.0103284	4e-05
-0.1024	0.2733	-0.2153	-0.005133013330115323	0.002441715623540067	0.0017418385934903407	1.0339154	50.91403961	1.03152577	0.06847059728390363	0.0107521	4e-05
-0.101	0.2946	-0.2158	-0.005239478414486977	0.0025865779514555962	0.001658062789394613	1.09255672	53.80176926	1.06134377	0.03995516081914558	0.0118127	6e-05
-0.0953	0.3354	-0.1894	-0.00574038790980935	0.002834414705238791	0.0016615534478986017	1.10531437	54.43000412	1.08083759	0.11051184538047779	0.0119784	6e-05
-0.0964	0.2493	-0.1949	-0.005496041814530144	0.002764601535159018	0.0016022122533307947	1.07621944	52.99725342	1.07076173	0.11137502299633927	0.0101613	4e-05
-0.0992	0.2452	-0.2171	-0.0050893800988154655	0.0025761059759436306	0.0016074482410867775	1.05803049	52.10155869	1.04680688	0.059119663134302426	0.0106609	4e-05
-0.098	0.2848	-0.2258	-0.004981169685191816	0.002462659574563999	0.001593485607070823	1.11767387	55.03863525	1.08391628	0.06128097245096176	0.0115531	4e-05
-0.0937	0.3337	-0.1873	-0.005628686837681713	0.0026895523773232616	0.001553343034274953	1.10509861	54.41938019	1.08310488	0.13742762640225145	0.00987351	6e-05
-0.0966	0.2918	-0.1839	-0.005609488215909776	0.002806489437206882	0.001574286985298885	1.03025019	50.73354721	1.03857617	0.05605398163397442	0.0102704	4e-05
-0.0982	0.2436	-0.2025	-0.0051557026103912496	0.0026755897433073067	0.0015882496193148398	1.06477714	52.43379211	1.05240263	0.09833239667170282	0.00952357	2e-05
-0.0958	0.2723	-0.2099	-0.005082398781807488	0.0024748768793279594	0.0015184364492350666	1.06684375	52.53556061	1.0572424	0.05569149313214408	0.00991714	4e-05
-0.0965	0.3158	-0.1764	-0.0057037359955174685	0.0027680921936630064	0.0016039575825827887	1.09497142	53.92067719	1.07909813	0.12770368306963753	0.00971848	4e-05
-0.0998	0.2807	-0.1833	-0.0056653387519735934	0.0028675759610266834	0.0016231562043547262	1.02445328	50.44808578	1.03259439	0.05315398163397449	0.00972861	3e-05
-0.1037	0.2322	-0.2026	-0.005220279792715039	0.0027419122548830916	0.001595230936322817	1.06414652	52.40273666	1.05441332	0.1016323966717028	0.0103989	8e-05
-0.1015	0.2718	-0.2166	-0.005049237526019596	0.0024836035255879313	0.0015655603390389136	1.09181535	53.76525879	1.06937715	0.07875107966372531	0.0110614	3e-05
-0.1003	0.3123	-0.1866	-0.005574581630869889	0.0027052603405912107	0.0014748032179352085	1.0811739	53.24123001	1.06512902	0.11358790204786393	0.010821	3e-05
-0.1008	0.2962	-0.177	-0.005707226654021458	0.00294262511886244	0.0014974924982111347	1.02575338	50.51210785	1.03295171	0.04583495408493621	0.0105245	5e-05
-0.0989	0.2362	-0.1941	-0.005281366316534841	0.0027471482426390747	0.0013805554383275148	1.08527398	53.44313812	1.06977706	0.11591371367968012	0.00950325	5e-05
-0.0945	0.2561	-0.2019	-0.0052831116457868355	0.0025481807079117207	0.0013683381335635543	1.10226989	54.2800827	1.0666531	0.04274650843716546	0.00928664	7e-05
-0.0947	0.3207	-0.1778	-0.005815437067645105	0.0027960174616949163	0.0013648474750595659	1.08678091	53.51734161	1.07411791	0.12808264170727268	0.00953084	4e-05
-0.0962	0.2646	-0.1777	-0.005523967082562053	0.002855358656262723	0.0013665928043115599	1.05803275	52.10166931	1.05245647	0.07532782544514265	0.00944555	4e-05
-0.0954	0.2304	-0.1936	-0.005248205060746949	0.0026092672317315226	0.0012688543661998775	1.06649101	52.51818848	1.05226076	0.08187959422289932	0.00925839	6e-05
-0.0888	0.272	-0.1806	-0.005440191278466324	0.0026057765732275338	0.0013037609512397642	1.07430112	52.90279007	1.05596522	0.07271917306316254	0.00867802	3e-05
-0.0894	0.294	-0.159	-0.0057526052145733106	0.002886774582798621	0.0013281955607676848	1.03255212	50.84690475	1.03530427	0.07509232776029964	0.00967717	8e-05
-0.1	0.2256	-0.1848	-0.005368632779134557	0.002813470754214859	0.0013945180723434693	1.06362712	52.37715912	1.06214379	0.13097993877991496	0.00913179	2e-05
-0.1039	0.2412	-0.2041	-0.0051277773423593406	0.002642428487519415	0.0015062191444711063	1.05639815	52.02117538	1.04666958	0.0649799387799149	0.00952119	0.0001
-0.103	0.2861	-0.1888	-0.005553637679845957	0.002748893571891069	0.0014224433403753785	1.07528055	52.9510231	1.06215652	0.09190506129769992	0.00957865	3e-05
-0.1106	0.2909	-0.1824	-0.005766567848589266	0.0029530970943744054	0.0014189526818713899	1.01477814	49.97164536	1.0235129	0.039831217486531685	0.00997025	6e-05
-0.1138	0.2441	-0.1989	-0.005485569839018178	0.0028780479365386495	0.0014660765716752368	1.05810893	52.10542297	1.04704555	0.08665855286053453	0.00987649	4e-05
-0.1119	0.2667	-0.1998	-0.0054593899002382635	0.002778564169174973	0.0014538592669112763	1.08937144	53.64490891	1.05946636	0.03229405054537756	0.0102656	7e-05
-0.1069	0.3204	-0.1679	-0.0060021872976084994	0.002981022362406315	0.0013962634015954637	1.08789122	53.57201767	1.07080251	0.13074257279586957	0.010113	3e-05
-0.1076	0.2447	-0.1789	-0.005773549165597242	0.0030613075079980543	0.0014416419621473165	1.04706609	51.56163025	1.05683955	0.10511509190774251	0.0101222	6e-05
-0.1115	0.2247	-0.1951	-0.005387831400906495	0.002829178717482808	0.0014486232791552935	1.07534981	52.95443344	1.05956534	0.07134139361069852	0.0100259	7e-05
-0.1048	0.2805	-0.1701	-0.0057089719832734516	0.0029146998508305304	0.0014573499254152652	1.120942	55.1995697	1.08806162	0.10826941809873256	0.0098635	4e-05
-0.1051	0.2992	-0.1562	-0.0059306287982767315	0.0030997047515419294	0.0014119713648634124	1.04719722	51.56808472	1.0455426	0.055502013813326576	0.0100523	3e-05
-0.1086	0.2208	-0.171	-0.005461135229490257	0.003035127569218139	0.0013473941825396225	1.08091509	53.22848892	1.07196164	0.12663239667170276	0.00996202	2e-05
-0.1104	0.2556	-0.1789	-0.005206317158699085	0.0029077185338225527	0.0014556045961632708	1.09477699	53.91109848	1.069278	0.06902187599052031	0.0101041	3e-05
-0.1189	0.2919	-0.1692	-0.0054593899002382635	0.003082251459021986	0.00124965574442794	1.09011269	53.68141556	1.07016744	0.08617772592369713	0.0109859	4e-05
-0.1265	0.2981	-0.1661	-0.005728170605045389	0.0034749505407207105	0.0013526301702956054	1.03858685	51.1440773	1.04226235	0.05512271061867574	0.0123821	6e-05
-0.1265	0.2237	-0.1831	-0.0051783918906671755	0.0033545228223331013	0.0013212142437597075	1.09540784	53.94216919	1.07975643	0.126481117965086	0.0125116	5e-05
-0.1226	0.2311	-0.1878	-0.0050230575872396805	0.003139847324337799	0.0013369222070276565	1.07915461	53.14179611	1.05635476	0.03528588823453728	0.0117759	4e-05
-0.1136	0.2874	-0.1658	-0.005445427266222308	0.0032131511529215613	0.0012950343049797925	1.08663797	53.51030731	1.06989456	0.11417807048071264	0.0105584	4e-05
-0.1129	0.2977	-0.1546	-0.005761331860833282	0.0034313173094208515	0.0013334315485236678	1.02466261	50.4583931	1.03027454	0.05082339973270703	0.0106758	5e-05
-0.1138	0.2309	-0.1838	-0.005304055596810768	0.003218387140677544	0.001361356816555577	1.06724274	52.55521011	1.06256866	0.1318065850398866	0.0108203	4e-05
-0.1131	0.2498	-0.1896	-0.005115560037595381	0.003033382239966145	0.001377064779823526	1.04757249	51.58656693	1.04416597	0.044860421159736735	0.0101883	4e-05
-0.1105	0.3082	-0.1624	-0.005668829410477582	0.00326551103048139	0.0013997540600994523	1.09902811	54.12044144	1.07619115	0.12860437218366863	0.0107582	5e-05
-0.1146	0.2864	-0.1615	-0.005768313177841259	0.0034243359924128747	0.001446877949903299	1.02269042	50.36127853	1.02675176	0.04207163095495038	0.0104242	6e-05
-0.1196	0.2193	-0.1832	-0.005419247327442393	0.0033143802495372316	0.0014276793281313615	1.02519083	50.48440552	1.04035756	0.11771101075232232	0.0105565	6e-05
-0.1197	0.2431	-0.191	-0.005199335841691108	0.003159045946109736	0.001408480706359424	1.06348014	52.36992264	1.04810178	0.05142222054753593	0.0104779	5e-05
-0.1163	0.2837	-0.1606	-0.005618214862169747	0.0033649947978450674	0.0014276793281313615	1.08862972	53.60838318	1.06667047	0.1066013246992954	0.011027	4e-05
-0.1181	0.2848	-0.1533	-0.005696754678509492	0.0034609879067047556	0.0014189526818713899	1.04266214	51.34476471	1.03340323	0.019362978572970212	0.0110328	6e-05
-0.1203	0.2155	-0.1735	-0.005384340742402506	0.003384193419617005	0.0013700834628155487	1.02420115	50.43566895	1.04244082	0.11360388211252888	0.0103568	4e-05
-0.1197	0.2545	-0.1913	-0.005115560037595381	0.003225368457685521	0.0014573499254152652	1.08183515	53.27379608	1.06178102	0.08314360646691632	0.0108769	1e-05
-0.1178	0.3017	-0.1697	-0.0055710909723658995	0.003384193419617005	0.0014922565104551516	1.10087776	54.21152878	1.07395098	0.10316312408709448	0.0108878	4e-05
-0.1187	0.3074	-0.1632	-0.005721189288037411	0.0034627332359567498	0.001504473815219112	1.04480326	51.45019913	1.0366355	0.02514277183876081	0.0104213	7e-05
-0.1207	0.2202	-0.1789	-0.0054105206811824215	0.0034365532971768345	0.001452113937659282	1.04061294	51.24385071	1.05732083	0.12436042115973676	0.0104024	6e-05
-0.1241	0.2489	-0.1937	-0.005133013330115323	0.0033056536032772606	0.0015289084247470327	1.09309542	53.82829666	1.06578037	0.07116007660272118	0.0104083	8e-05
-0.1189	0.3013	-0.1646	-0.00560774288665778	0.003494149162492647	0.0014957471689591403	1.10749602	54.53743362	1.07738902	0.1215193185772868	0.0109956	7e-05
-0.1203	0.281	-0.1644	-0.005578072289373877	0.0035849062835963527	0.0014940018397071458	1.02732587	50.5895462	1.02779431	0.028008652381980123	0.0105428	6e-05
-0.1247	0.2302	-0.1884	-0.005190609195431136	0.0034871678454846703	0.001452113937659282	1.07629049	53.0007515	1.05759166	0.1055544717051144	0.0111194	6e-05
-0.1216	0.247	-0.199	-0.005024802916491674	0.0033196162372932147	0.0015184364492350666	1.09474373	53.90946198	1.06745767	0.05048401993533513	0.0127071	4e-05
-0.1163	0.3031	-0.1665	-0.0055763269601218825	0.0035465090400524776	0.0014573499254152652	1.1038084	54.35584641	1.07936287	0.13587516851046363	0.012885	0.0001
-0.1182	0.2608	-0.1654	-0.005527457741066041	0.003680899392456041	0.0014224433403753785	1.01279879	49.87417603	1.02907234	0.056208307824964575	0.01166	9e-05
-0.1209	0.2314	-0.1886	-0.005174901232163186	0.0035116024550125905	0.0015079644737231008	1.07217348	52.79801559	1.05387287	0.08566872898470136	0.0116199	6e-05
-0.1178	0.2547	-0.1902	-0.005167919915155209	0.003373721444105039	0.0014922565104551516	1.07663631	53.01778412	1.05728829	0.03602851455917387	0.010856	6e-05
-0.1103	0.3137	-0.1562	-0.005656612105713622	0.0035465090400524776	0.001462585913171248	1.08677328	53.51696777	1.07203152	0.13505751918948775	0.0113765	6e-05
-0.114	0.2437	-0.1681	-0.00554665636283798	0.003569198320328404	0.0014049900478554352	1.02469611	50.46004486	1.04220427	0.09511204442336904	0.0109287	4e-05
-0.1176	0.2379	-0.1896	-0.005237733085234983	0.0034365532971768345	0.0014346606451393388	1.05185056	51.79723358	1.04130221	0.054461944901923486	0.0111143	4e-05
-0.1177	0.2631	-0.1899	-0.0052499503899989435	0.003351032163829113	0.0014590952546672592	1.08128726	53.24681473	1.05824516	0.03170865238198016	0.0111054	5e-05
-0.1155	0.3184	-0.1655	-0.0057648225193372695	0.003572688978832392	0.0014800392056911916	1.08099258	53.23230362	1.06928507	0.11977364476827689	0.0118846	9e-05
-0.1194	0.2535	-0.1818	-0.005550147021341968	0.0035831609543443585	0.0014154620233674013	1.02212405	50.33338928	1.03855594	0.09958623279155289	0.0112965	5e-05
-0.1209	0.2482	-0.204	-0.005232497097479001	0.003417354675404897	0.0013910274138394805	1.04717231	51.5668602	1.0390206	0.05439454061651748	0.0120079	4e-05
-0.121	0.2686	-0.2072	-0.005160938598147233	0.0032829643230013338	0.0014189526818713899	1.09402633	53.87413788	1.0678848	0.03539370598836205	0.0137489	0.00015
-0.1178	0.3154	-0.1774	-0.005684537373745532	0.003563962332572421	0.0014276793281313615	1.10910559	54.61669922	1.08224959	0.12046617157146788	0.0138756	0.0001
-0.1188	0.2867	-0.1767	-0.005710717312525446	0.003661700770684103	0.0013980087308474581	1.02506912	50.47841263	1.03657819	0.038079448708775	0.0118003	5e-05
-0.1194	0.2464	-0.1961	-0.005318018230826722	0.003490658503988659	0.0013526301702956054	1.05966234	52.1819191	1.05305254	0.09075599544730102	0.0108812	7e-05
-0.1158	0.2733	-0.1943	-0.005293583621298802	0.00334579617607313	0.001356120828799594	1.06980181	52.68122482	1.05577972	0.04093937979737191	0.0107601	6e-05
-0.1115	0.3176	-0.1631	-0.0058747782622129135	0.003570943649580398	0.0013962634015954637	1.09037423	53.69429398	1.07249597	0.1221242343608625	0.0110964	4e-05
-0.1172	0.2649	-0.1672	-0.005824163713905078	0.003686135380212024	0.0013980087308474581	1.01612926	50.03817749	1.03147064	0.07087758040957276	0.0105343	6e-05
-0.1209	0.2151	-0.1906	-0.005431464632206353	0.0035849062835963527	0.0013648474750595659	1.0354867	50.99141693	1.03643891	0.10325447170511443	0.0106483	5e-05
-0.1216	0.2486	-0.2005	-0.005276130328778859	0.0034068826998929313	0.0013892820845874865	1.06948662	52.66570663	1.05591263	0.061989624832941806	0.0104082	3e-05
-0.116	0.3105	-0.171	-0.005789257128865191	0.003661700770684103	0.0013665928043115599	1.10960484	54.64128494	1.08510935	0.13653170755767152	0.0114461	6e-05
-0.1176	0.2822	-0.1752	-0.005761331860833282	0.003679154063204046	0.0013526301702956054	1.03418028	50.92708206	1.03282343	0.0370670597283903	0.0106913	6e-05
-0.1199	0.2426	-0.1962	-0.005384340742402506	0.003488913174736664	0.001356120828799594	1.05814445	52.1071701	1.04678272	0.09143613327010736	0.0105393	6e-05
-0.1203	0.2794	-0.1968	-0.005377359425394529	0.00342259066316088	0.001377064779823526	1.07940066	53.15391159	1.06048062	0.04251238898038464	0.0108692	4e-05
-0.1153	0.3238	-0.1672	-0.0059411007737886976	0.003675663404700058	0.001403244718603441	1.08425641	53.39302444	1.0658418	0.12114970143566312	0.0111169	9e-05
-0.1199	0.2493	-0.1746	-0.0057805304826052195	0.0037472219040318253	0.0013700834628155487	1.03393686	50.91509628	1.04384538	0.09976450231515688	0.0104993	0.0001
-0.1221	0.2203	-0.1935	-0.005424483315198376	0.003600614246864302	0.0013700834628155487	1.02325606	50.38912964	1.03087077	0.07523274122871834	0.0107643	4e-05
-0.1248	0.2568	-0.2074	-0.00518013721991917	0.003450515931192789	0.0013910274138394805	1.08299625	53.33097076	1.06500641	0.07386941809873249	0.0109388	5e-05
-0.1186	0.3127	-0.1827	-0.0057246799465414016	0.003639011490408177	0.0013055062804917586	1.10709691	54.5177803	1.08053032	0.12772797095926705	0.0114459	8e-05
-0.1185	0.2986	-0.1829	-0.005719443958785417	0.003783873818323706	0.001298524963483781	1.03877223	51.15320587	1.0359301	0.0222539816339746	0.0123755	4e-05
-0.1173	0.2483	-0.1955	-0.005391322059410484	0.0036634460999360975	0.0013020156219877698	1.06960499	52.67153168	1.05695895	0.08670201381332648	0.0114353	7e-05
-0.1078	0.2811	-0.1996	-0.0052778756580308525	0.0035412730522964946	0.0014154620233674013	1.08314347	53.3382225	1.06447896	0.0638532925199433	0.0109413	4e-05
-0.0976	0.3244	-0.1715	-0.005995205980600523	0.0036983526849759846	0.0014765485471872027	1.09540045	53.94180298	1.07699535	0.12837482395344807	0.0107355	4e-05
-0.1004	0.2835	-0.1737	-0.005963790054064624	0.00376118453804778	0.0014137166941154068	1.02414477	50.43289566	1.03690433	0.05375398163397449	0.0110887	0.0001
-0.0975	0.243	-0.19	-0.005595525581893821	0.003611086222376268	0.0013316862192716734	1.08001697	53.18426132	1.05834868	0.08971966313430242	0.0108178	0.0001
-0.0956	0.2569	-0.2018	-0.005539675045830002	0.0033946653951289706	0.001350884841043611	1.07873869	53.121315	1.05609216	0.04217349925415271	0.0104061	5e-05
-0.0922	0.2795	-0.212	-0.005530948399570031	0.003159045946109736	0.0013526301702956054	1.05816567	52.10821533	1.04382318	0.04850457122656	0.00987548	9e-05
-0.0883	0.278	-0.205	-0.005668829410477582	0.003218387140677544	0.001403244718603441	1.05089509	51.75018692	1.04367855	0.024791837689159733	0.0106272	3e-05
-0.0881	0.3464	-0.1593	-0.006241297405131722	0.003576179637336381	0.001462585913171248	1.10572338	54.45014572	1.09324299	0.16378008429403915	0.0116907	0.00011
-0.088	0.339	-0.1277	-0.006492624817418905	0.0037262779530078936	0.0013543754995475996	1.0463928	51.5284729	1.04648688	0.06458180707911715	0.0122524	0.00012
-0.1009	0.2449	-0.0915	-0.005976007358828583	0.0037978364523396607	0.0011327186845443199	1.07747757	53.05920792	1.10301476	0.18369163864626847	0.0120727	0.00018
-0.1174	0.2452	-0.1297	-0.005513495107050087	0.003480186528476693	0.0007225663103256524	1.0583086	52.11525726	1.08455015	0.1145157274930066	0.0131955	0.00052
-0.1307	0.1037	-0.1862	-0.00507541746479951	0.0038990655489553323	0.000582939970166106	1.15546286	56.89951324	1.18859613	0.26112915014443816	0.0146955	0.00101
-0.1363	-0.0541	-0.195	-0.004766494187196514	0.00415213829049451	0.0006318091892219474	1.18275845	58.24365234	1.20718858	0.20274326190990077	0.0180116	0.00271
-0.1277	-0.006	-0.2008	-0.003680899392456041	0.003516838442768574	0.00040666171571467877	1.23828447	60.97797394	1.19097198	0.15980210579868387	0.0155974	0.00131
-0.1559	0.1425	-0.22	-0.002314306588144481	0.0028309240467348025	9.599310885968811e-05	1.30129325	64.0807724	1.28644137	0.31405879036001605	0.0147619	0.0003
-0.1675	0.2315	-0.2472	-0.0012932889757277981	0.0026406831582674204	-8.901179185171081e-05	1.17181897	57.70495224	1.18285056	0.1976131700797732	0.0170249	0.00026
-0.144	0.3483	-0.2498	-0.0014852751934471744	0.002750638901143063	0.00010821041362364843	1.11002827	54.66213226	1.14249342	0.1678582083035189	0.0173208	0.00041
-0.1311	0.3884	-0.2488	-0.002045525883337354	0.002707005669843205	0.0002530727415391778	1.05367291	51.88697815	1.06691302	0.09143731245527836	0.0157669	0.00032
-0.1431	0.4297	-0.2295	-0.0025202554398798117	0.002981022362406315	0.00020594885173533088	1.07131028	52.75550842	1.07694477	0.11239350694547072	0.0175121	0.00055
-0.1521	0.2938	-0.2672	-0.0013945180723434693	0.0028902652413026098	9.773843811168246e-05	1.18553269	58.38026428	1.1867947	0.2488352451131848	0.0177884	0.00045
-0.1536	0.2216	-0.2759	-0.0016301375213627037	0.003038618227722128	4.0142572795869576e-05	1.10541379	54.43490219	1.12586421	0.10447841503772824	0.0178241	0.00027
-0.1526	0.1748	-0.271	-0.0016074482410867775	0.0030997047515419294	6.108652381980153e-05	1.0307883	50.76004791	1.0565416	0.05793598775598289	0.0177953	0.00024
-0.1539	0.1001	-0.281	-0.0015585790220309364	0.0028710666195306722	-1.5707963267948964e-05	1.05138135	51.77412796	1.06767658	0.10371509190774245	0.0192388	0.00071
-0.1539	0.1357	-0.2527	-0.0016807520696705393	0.0032114058236695662	3.839724354387525e-05	1.02767718	50.60684586	1.04948222	0.08973087292951609	0.0192045	0.00069
-0.158	0.1496	-0.2636	-0.001658062789394613	0.0033178709080412204	0.00017104226669544429	1.06366181	52.3788681	1.06310877	0.04198996938995753	0.0202541	0.00115
-0.1552	0.1336	-0.2744	-0.001308996938995747	0.003038618227722128	0.00021642082724729686	1.05707359	52.05443954	1.06338431	0.06328485456349053	0.021165	0.0017
-0.1486	0.2121	-0.2741	-0.0011780972450961724	0.0029321531433504737	0.00021642082724729686	1.14323282	56.29725647	1.14081721	0.09726823891356141	0.0224079	0.00187
-0.1519	0.3118	-0.2661	-0.0013002702927357754	0.003085742117525975	0.000312413936106985	1.13983464	56.12991714	1.15273159	0.12958775653373963	0.0233966	0.00194
-0.1605	0.2598	-0.2901	-0.0005358160803622592	0.003312634920285238	0.0001658062789394613	1.15332723	56.79434586	1.14488955	0.1414977336150152	0.0255954	0.00312
-0.1469	0.2686	-0.269	-0.0009808750396208131	0.00308399678827398	0.0004415683007545654	1.07220912	52.79977036	1.088755	0.09097295565424585	0.0246295	0.00237
-0.1349	0.3336	-0.2458	-0.001424188669627373	0.002939134460358451	0.0004991641660703782	1.14208376	56.24067307	1.16434798	0.13248859116189507	0.0223194	0.00118
-0.1298	0.2485	-0.2537	-0.0010803588069844899	0.0028012534494508993	0.00042236967898262774	1.05725706	52.06347275	1.08815058	0.12602526803190925	0.0205185	0.00066
-0.1309	0.1945	-0.2523	-0.0011501719770642632	0.0029059732045705585	0.00030194196059501896	1.05550814	51.97735214	1.07114992	0.071248032179352	0.0184253	0.0003
-0.1383	0.2058	-0.2228	-0.0018605209826259553	0.0033807027611130165	0.0003630284844148205	1.03353596	50.89535141	1.05321951	0.11050825429619764	0.0166343	0.00019
-0.1369	0.1008	-0.2483	-0.001296779634231787	0.003586651612848347	0.0004363323129985824	1.08391571	53.37625122	1.10330595	0.17404970143566303	0.0177087	0.00053
-0.1388	0.115	-0.2442	-0.0019250981649497454	0.0033964107243809652	0.00041015237421866745	1.08045197	53.20568085	1.07870015	0.06243696789826276	0.0170994	0.00039
-0.1315	0.1473	-0.2443	-0.001308996938995747	0.003415609346152903	0.0005462880558742252	1.02680361	50.5638237	1.05195656	0.07827177646907466	0.0170379	0.00027
-0.1325	0.1691	-0.2473	-0.0015166911199830724	0.0031922072018976287	0.0005026548245743669	0.99612194	49.05294037	1.02702151	0.04953647782712291	0.0163272	0.00019
-0.1271	0.2352	-0.2314	-0.0019006635554218248	0.002925171826342496	0.0006963863715457374	1.0881567	53.58509445	1.10344434	0.1296369678982628	0.0155557	0.00021
-0.1263	0.2697	-0.237	-0.0013962634015954637	0.003417354675404897	0.0007190756518216638	1.07404613	52.8902359	1.08278059	0.0918636141582344	0.016177	0.00021
-0.1281	0.2682	-0.2498	-0.0008552113334772215	0.003782128489071712	0.0006894050545377602	1.08042264	53.20423508	1.09377583	0.06287482395344805	0.0184535	0.00077
-0.1238	0.1533	-0.2913	0.0005515240436302081	0.003946189438759179	0.0007993607974134029	1.17029059	57.62968445	1.18707055	0.24473760348352697	0.0228326	0.00185
-0.1174	0.1907	-0.276	8.203047484373349e-05	0.003956661414271145	0.0009634217471008699	1.03576958	51.00534439	1.04460903	0.09130132469929536	0.0221727	0.00152
-0.1152	0.2044	-0.255	-0.0012147491593880533	0.0035290557475325343	0.0009564404300928925	1.06554222	52.47146606	1.08905062	0.12346833089891876	0.0193863	0.0006
-0.1178	0.1891	-0.2629	-0.0005497787143782138	0.003497639820996636	0.0007976154681614085	1.01386678	49.92676926	1.04612628	0.06856056667386112	0.019287	0.00073
-0.1245	0.2273	-0.2825	-0.0005445427266222308	0.0032567843842214186	0.0006649704450098395	1.02731442	50.58898163	1.07030914	0.08343682238413844	0.0182019	0.00046
-0.1301	0.146	-0.313	-0.00022340214425527416	0.0032009338481576006	0.00047822021504644627	1.02306116	50.37953568	1.07486441	0.14558706741970842	0.0187874	0.00069
-0.1352	0.2346	-0.265	-0.0008133234314293575	0.0037210419652519105	0.0004729842272904633	1.09395504	53.87062836	1.11259547	0.1974632696012188	0.0185503	0.00067
-0.1406	0.1382	-0.293	-0.0004956735075663896	0.0037245326237558994	0.0004677482395344803	1.02605104	50.52676773	1.06266824	0.146118828506147	0.0186914	0.0008
-0.1361	0.1076	-0.3168	-0.0001832595714594046	0.0034871678454846703	0.00048171087355043494	1.00041473	49.26433563	1.02667488	0.08708706741970847	0.0190765	0.00108
-0.1351	0.1922	-0.3275	9.075712110370512e-05	0.0033545228223331013	0.0005811946409141118	1.06790555	52.58784866	1.08215851	0.12160727415391775	0.0186765	0.00073
-0.1378	0.2782	-0.2754	-0.000619591884457987	0.003673918075448063	0.000466002910282486	1.09956706	54.14698029	1.1056275	0.19804679946541404	0.0182158	0.00063
-0.1396	0.253	-0.286	-0.0003665191429188092	0.003687880709464018	0.0004729842272904633	1.02444923	50.44788742	1.03911121	0.05130083462815549	0.0186544	0.00066
-0.1381	0.1779	-0.3108	1.2217304763960308e-05	0.0034295719801688577	0.0003700098014227979	1.05203545	51.80633926	1.06707952	0.1384009801422798	0.0185857	0.00053
-0.1362	0.2133	-0.3232	0.00017627825445142725	0.003337069529813158	0.0004433136300065597	1.05979145	52.18827438	1.0557303	0.06619336143134638	0.0183399	0.0005
-0.1414	0.2616	-0.2916	-0.00027576202181510406	0.003707079331235956	0.00041713369122664475	1.04861009	51.63766479	1.05463477	0.1275115008234622	0.0186165	0.00051
-0.1403	0.2085	-0.2985	-0.0001658062789394613	0.003783873818323706	0.0004310963252425994	1.04695332	51.55607605	1.04994171	0.07113564319896734	0.0185058	0.0005
-0.1387	0.1398	-0.3084	-1.7453292519943294e-06	0.003570943649580398	0.0004258603374866164	1.07422543	52.8990593	1.07037669	0.09931135530933792	0.0181243	0.00057
-0.1359	0.1665	-0.3233	0.0001186823891356144	0.0033108895910332428	0.00040317105721069014	1.06879294	52.63154602	1.05553006	0.06455855286053448	0.0183616	0.0005
-0.1352	0.2015	-0.3007	-0.00026354471705114377	0.0035395277230445004	0.00037524578917878077	1.08188152	53.27607727	1.06875154	0.09023952531149625	0.017545	0.00036
-0.1457	0.2316	-0.2897	-0.0006667157742618339	0.0038781215979314006	0.0004991641660703782	1.03051758	50.74671936	1.04070848	0.09488416544945939	0.0182683	0.00026
-0.1483	0.1479	-0.3039	-0.0004380776422505767	0.0036686820876920805	0.0006527531402458793	1.08180928	53.27252197	1.07766531	0.13008333082130388	0.0179891	0.00037
-0.1478	0.195	-0.3153	-9.948376736367679e-05	0.0035203291012725624	0.0006824237375297829	1.06603909	52.49593353	1.06169304	0.08483087292951613	0.0182377	0.00031
-0.1414	0.2458	-0.2946	-0.0005532693728822024	0.003712315318991939	0.0005393067388662478	1.1027633	54.30437851	1.08221803	0.1173444410950719	0.0175612	0.00024
-0.1452	0.2701	-0.2737	-0.0010210176124166828	0.003986332011555049	0.0005253441048502931	1.05708897	52.05519867	1.05279714	0.08678637830567723	0.0171745	0.00026
-0.148	0.1738	-0.2898	-0.0006946410422937432	0.003939208121751202	0.0005044001538263612	1.08104646	53.23495483	1.0825568	0.13492222054753594	0.0177359	0.00029
-0.1502	0.1818	-0.3013	-0.0003717551306747922	0.003733259270015871	0.0005427973973702365	1.0831151	53.33682632	1.06280896	0.05006160034490785	0.0179873	0.00027
-0.1468	0.2054	-0.297	-0.0005550147021341969	0.0037734018428117405	0.0005654866776461627	1.08907938	53.6305275	1.06750738	0.04360457122656005	0.0174842	0.00022
-0.1436	0.2473	-0.269	-0.0009546951008408983	0.003981096023799066	0.0005532693728822024	1.06765497	52.57550812	1.06688837	0.10407959422289932	0.0179933	0.00029
-0.1484	0.1855	-0.2756	-0.0009040805525330626	0.004124213022462601	0.0006283185307179585	1.06394792	52.39295578	1.05532152	0.08663903524035632	0.0183244	0.00022
-0.153	0.1628	-0.2886	-0.0005602506898901797	0.003932226804743224	0.000705113017805709	1.0589987	52.14923859	1.04981123	0.07093052837250052	0.0182865	0.00031
-0.1786	0.272	-0.4097	-0.0009162978572970229	0.003947934768011174	0.0006073745796940267	1.30661595	64.34288025	1.38285982	0.2793746784393238	0.0226815	0.00064
-0.1727	0.3062	-0.6656	-0.0008639379797371932	0.004811872747748367	-0.000296705972839036	1.42406499	70.12653351	1.57893608	0.3870189204915042	0.0351062	0.00453
-0.1654	0.4146	-0.6875	-0.001350884841043611	0.005157447939643243	-0.0005969026041820607	1.18837559	58.52026367	1.253509	0.194235934227216	0.0382556	0.00582
-0.1642	0.5537	-0.6749	-0.0013945180723434693	0.004796164784480418	-0.00024609142453120044	1.19185698	58.69169998	1.2009531	0.19068637830567708	0.0415182	0.00802
-0.1583	0.4627	-0.701	-0.0011222467090323538	0.004516912104161324	-0.00037524578917878077	1.09202468	53.77556992	1.11853654	0.15703392041388936	0.0398514	0.00762
-0.1501	0.3856	-0.6856	-0.0012356931104119853	0.004649557127312894	-0.0008150687606813518	1.0667752	52.5321846	1.09322264	0.1349957198016886	0.0371306	0.00617
-0.1515	0.4983	-0.6827	-0.001748819910498318	0.004808382089244378	-0.0009250245035569946	1.14118135	56.19623566	1.16316154	0.15609537524467298	0.0398356	0.00746
-0.1509	0.5471	-0.6139	-0.0029129545215785357	0.005003858965467743	-0.0007155849933176752	1.13981593	56.1289978	1.14664844	0.19665254987714503	0.0381406	0.00506
-0.1557	0.4705	-0.6203	-0.0024207716725161347	0.004771730174952496	-0.0006632251157578452	1.08205605	53.28467178	1.09903827	0.1266335758568739	0.0352451	0.00364
-0.1591	0.446	-0.6282	-0.002331759880664424	0.004562290664713178	-0.0009337511498169664	1.03619134	51.02611542	1.04895343	0.0642488668075075	0.0350475	0.00389
-0.1563	0.4817	-0.6163	-0.0026249751949994717	0.004665265090580842	-0.0009389871375729493	1.10144889	54.23965454	1.0751526	0.0704712863979348	0.0353242	0.00403
-0.1573	0.512	-0.578	-0.0032969269570172887	0.004982915014443811	-0.0007888888219014368	1.10304248	54.31812668	1.0949948	0.1265850000776149	0.0346865	0.00311
-0.1616	0.4208	-0.6043	-0.0027942721324429216	0.004932300466135976	-0.0006161012259539982	1.08622801	53.49011612	1.11455172	0.15810284844148204	0.0326907	0.00257
-0.1662	0.4009	-0.6161	-0.002537708732399755	0.004775220833456485	-0.0006300638599699529	1.02634144	50.54106522	1.03707229	0.05768028333693064	0.0329464	0.00292
-0.1688	0.4567	-0.6048	-0.0027942721324429216	0.0049235738198760036	-0.0006108652381980154	1.10557401	54.44279099	1.10343009	0.09090575041173114	0.0336369	0.00326
-0.1689	0.4952	-0.5822	-0.0033894294073729884	0.005232497097479001	-0.0005497787143782138	1.0869112	53.52375793	1.09055522	0.1094583538176432	0.0340751	0.00285
-0.1728	0.4178	-0.6055	-0.0029862583501622975	0.005091125428067459	-0.0004747295565424576	1.0654093	52.46492386	1.07153976	0.1355795942228994	0.032735	0.00251
-0.1742	0.4311	-0.6152	-0.002804744107954888	0.0048939032225921	-0.0005427973973702365	1.01599658	50.03164673	1.03542986	0.046740214425527275	0.033751	0.00293
-0.1741	0.4951	-0.6046	-0.0029653143991383657	0.005120796025351363	-0.0005131268000863328	1.10495424	54.41226959	1.09523112	0.09555668456133212	0.0353944	0.0036
-0.1724	0.527	-0.5827	-0.0033859387488689996	0.005300564938306779	-0.00039968039870670147	1.09233975	53.79108047	1.08275973	0.09119198320328416	0.0362037	0.00355
-0.1707	0.4469	-0.6023	-0.0029269171555944902	0.0050562188430275734	-0.00041713369122664475	1.08184552	53.27430344	1.09339253	0.1374410490536829	0.0349042	0.00315
-0.171	0.4608	-0.6098	-0.0027872908154349444	0.0049235738198760036	-0.000445058959258554	1.04152977	51.28899765	1.05087519	0.036709831567151296	0.0352797	0.00364
-0.1756	0.5123	-0.5792	-0.0033981560536329595	0.005366887449882563	-0.00039095375244672985	1.10817003	54.57062912	1.11815101	0.1421142037508199	0.0353335	0.0031
-0.1754	0.4682	-0.5868	-0.003274237676741362	0.0052726396702748686	-0.00035081117965086024	1.06701028	52.54376221	1.08107023	0.06481543646475801	0.0346047	0.00307
-0.1739	0.4159	-0.6035	-0.003078760800517997	0.004988151002199794	-0.00042760566673861073	1.0528332	51.84562302	1.06930321	0.09833800156930957	0.0335929	0.00287
-0.1744	0.4562	-0.5906	-0.003375466773357033	0.005134758659367318	-0.0005288347633542819	1.0236572	50.40888596	1.04284051	0.08092713633111158	0.0337548	0.00282
-0.176	0.5031	-0.5655	-0.003949680097263168	0.005633922825437696	-0.000486946861306418	1.09291863	53.81958771	1.10848058	0.12936326960121883	0.0345505	0.00261
-0.1799	0.4362	-0.5929	-0.003530801076784529	0.005366887449882563	-0.00038048177693476387	1.06308627	52.3505249	1.08141191	0.13781897402027127	0.0339126	0.00258
-0.1791	0.4523	-0.6038	-0.003452261260444784	0.005255186377754926	-0.0004485496177625427	1.05019224	51.71557236	1.04960733	0.04071543646475809	0.0350962	0.00316
-0.1808	0.4964	-0.5768	-0.003918264170727269	0.005503023131538122	-0.0004485496177625427	1.03809083	51.11965179	1.0511216	0.10849198320328408	0.0346394	0.00289
-0.1843	0.4866	-0.5786	-0.003937462792499207	0.005743878568313338	-0.000317649923862968	1.03056061	50.74883652	1.04432164	0.0346476876223365	0.0351095	0.00265
-0.1873	0.4331	-0.6048	-0.003443534614184812	0.005567600313861911	-0.00022863813201125715	1.05377245	51.89187622	1.05670144	0.12066091123087665	0.0346469	0.00285
-0.1858	0.4559	-0.6063	-0.0032724923474893677	0.005427973973702364	-0.0002181661564992912	1.05570018	51.98680878	1.04955745	0.04185702911834785	0.0352524	0.0035
-0.1845	0.5121	-0.5756	-0.003858922976159462	0.005729915934297383	-0.0002181661564992912	1.06662917	52.52499008	1.07420484	0.13261862946325556	0.0350776	0.00316
-0.1856	0.4769	-0.584	-0.003766420525803763	0.0057526052145733106	-0.00016929693744344995	1.00543976	49.51178741	1.02656249	0.05290304748437337	0.0342214	0.00255
-0.1869	0.434	-0.6021	-0.0034452799434368064	0.005574581630869889	-0.0001186823891356144	1.01183569	49.82674789	1.03181497	0.08978893571891072	0.0341675	0.00264
-0.1871	0.4699	-0.6047	-0.0034348079679248403	0.005599016240397809	-0.00023387411976724014	1.06017387	52.20711136	1.06254977	0.04620491578357564	0.0352228	0.00311
-0.1858	0.5122	-0.5779	-0.00401076662108297	0.005806710421385134	-0.0003193952531149623	1.08045864	53.20600891	1.0786667	0.11385869837465884	0.0356188	0.00302
-0.1886	0.4574	-0.5997	-0.0037402405870238476	0.005712462641777441	-7.853981633974481e-05	1.05143929	51.77698135	1.06600024	0.10968146252210167	0.0346933	0.00268
-0.1881	0.4477	-0.6141	-0.003480186528476693	0.005550147021341968	-9.773843811168246e-05	1.02022123	50.23968506	1.04800818	0.0466784150377282	0.0349544	0.00314
-0.187	0.5177	-0.594	-0.003920009499979264	0.005836381018669037	-0.00019896753472735358	1.11190367	54.75448608	1.10617868	0.13256430327226557	0.0365527	0.00349
-0.1876	0.4922	-0.6012	-0.003855432317655474	0.005818927726149094	-7.67944870877505e-05	1.08481121	53.42034912	1.09062979	0.04351017612416679	0.0363815	0.00339
-0.1886	0.4552	-0.615	-0.0036721727461960694	0.005667084081225588	-5.585053606381854e-05	1.05365551	51.88611984	1.06361409	0.06960235837034219	0.0354609	0.00321
-0.1888	0.4779	-0.6089	-0.0038170350741115982	0.0057648225193372695	-0.00011344640137963142	1.04448938	51.43474579	1.04509729	0.044009831567151166	0.0360063	0.00319
-0.1909	0.5157	-0.5811	-0.004207988826558329	0.006019640590128442	-0.00015184364492350666	1.08339512	53.35061646	1.07596317	0.10190845333908904	0.0357594	0.0029
-0.1919	0.4487	-0.6033	-0.0037437312455278365	0.005867796945204936	3.4906585039886588e-06	1.08144295	53.25448227	1.07762304	0.12877177646907478	0.0348983	0.0029
-0.1933	0.4575	-0.5929	-0.003623303527140228	0.005848598323432999	3.665191429188092e-05	1.05421555	51.91369629	1.0546227	0.029239379797371873	0.0340852	0.00284
-0.1897	0.5045	-0.5634	-0.0038798669271833948	0.006173229564303944	6.283185307179586e-05	1.0595361	52.17570114	1.06156173	0.11046872898470124	0.0341259	0.00239
-0.1953	0.4467	-0.5863	-0.0034487706019407953	0.006054547175168328	0.00017976891295541595	1.07160926	52.77022934	1.07095174	0.11963578871309176	0.0333556	0.00239
-0.1953	0.4448	-0.603	-0.0030525808617380824	0.005850343652684992	0.00022165681500327985	1.06236911	52.31521225	1.06037449	0.05071405823669559	0.0343487	0.00278
-0.1917	0.4928	-0.5828	-0.0035447637108004834	0.006012659273120465	0.00019024088846738194	1.09078729	53.71463394	1.09785026	0.1060957198016886	0.0337448	0.00249
-0.1962	0.511	-0.571	-0.00394269878025519	0.006202900161587847	0.0001186823891356144	1.03730488	51.08095169	1.07507697	0.06748672286269286	0.0339257	0.00231
-0.1974	0.4403	-0.5931	-0.0034819318577286873	0.0060580378336723174	0.0002129301687433082	1.06875479	52.62966537	1.06778864	0.12899385150248627	0.0329715	0.00219
-0.1983	0.4522	-0.6051	-0.0032934362985133003	0.005916666164260778	0.000291469985083053	1.06627834	52.50771713	1.05863363	0.04522035224833356	0.0338507	0.0027
-0.1915	0.5108	-0.5786	-0.003986332011555049	0.006190682856823887	0.00014311699866353502	1.10955942	54.63904572	1.10068803	0.1476632696012188	0.0344902	0.00272
-0.1951	0.4795	-0.5847	-0.003965388060531117	0.0062168627956038025	0.00017104226669544429	1.03330195	50.88383102	1.061487	0.04475245789178786	0.0337549	0.0023
-0.195	0.4377	-0.6183	-0.0036250488563922224	0.005888740896228867	0.0001361356816555577	1.07204878	52.79187775	1.06123809	0.11066838442768578	0.034658	0.00257
-0.1949	0.4737	-0.6129	-0.0037594392087957856	0.005836381018669037	9.075712110370512e-05	1.09545839	53.94465637	1.07877369	0.053106439525762314	0.0357824	0.00302
-0.1856	0.5215	-0.5683	-0.004494222823885398	0.006204645490839842	4.0142572795869576e-05	1.11664391	54.98791504	1.10197568	0.1593831317784126	0.0344185	0.00237
-0.1918	0.4531	-0.5795	-0.004146902302738527	0.006166248247295967	4.537856055185256e-05	1.03783715	51.10715866	1.05655022	0.1053476876223364	0.0330905	0.00203
-0.1958	0.454	-0.6049	-0.003787364476827695	0.005934119456780722	5.585053606381854e-05	1.0925523	53.80155182	1.07627172	0.06040692959690215	0.0346304	0.00265
-0.1929	0.4756	-0.5945	-0.0038536869884034796	0.006077236455444256	5.4105206811824215e-05	1.10827553	54.57582474	1.08707505	0.04545924197456564	0.0352957	0.00256
-0.2378	0.5412	-0.5916	-0.004483750848373432	0.00541401133968641	0.00021642082724729686	1.11651802	54.98171616	1.12732951	0.1861802298081636	0.0365273	0.003
-0.2257	0.4295	-0.5575	-0.005358160803622591	0.005269149011770881	0.000635299847725936	1.1085757	54.59060287	1.21635978	0.2298075651821664	0.0311891	0.00127
-0.2156	0.4884	-0.5306	-0.005492551156026155	0.005255186377754926	0.0005550147021341969	1.12592518	55.44496155	1.1147757	0.10733190660056297	0.0309734	0.00113
-0.2096	0.5413	-0.5952	-0.005087634769563471	0.005197590512439113	0.0004939281783143952	1.17743206	57.98135757	1.20487431	0.14967993877991487	0.0364042	0.00357
-0.1861	0.4858	-0.704	-0.004063126498642799	0.004386012410261751	-7.67944870877505e-05	1.18639672	58.42281342	1.22521583	0.30814045192500894	0.039591	0.00618
-0.181	0.4566	-0.7291	-0.0038065630985996326	0.004572762640225143	-0.0006911503837897545	1.05918264	52.15829849	1.07179707	0.11228347633542816	0.0414464	0.00721
-0.1811	0.5616	-0.7141	-0.0044645522266014955	0.005108578720587403	-0.00041538836197465044	1.15843403	57.04582214	1.16880003	0.19357836150896135	0.0443552	0.00846
-0.1903	0.5495	-0.7785	-0.0028728119487826664	0.004733332931408622	-0.000609119908946021	1.1691705	57.57452774	1.19174954	0.19373588069844905	0.0480877	0.01259
-0.1836	0.4907	-0.7922	-0.0005951572749300663	0.004237659423842232	-0.0006492624817418905	1.12584758	55.44113922	1.1696061	0.219873537710743	0.0471658	0.0141
-0.1874	0.5755	-0.8343	-0.0008499753457212384	0.004632103834792951	-0.0008185594191853405	1.15166736	56.71260452	1.19193619	0.1716279709592671	0.052809	0.01927
-0.1913	0.6721	-0.8676	-0.0011728612573401894	0.004773475504204492	-0.000783652834145454	1.14254177	56.26322556	1.16748864	0.1587582083035189	0.0592467	0.0257
-0.2262	0.6147	-0.892	-0.0009826203688728075	0.005120796025351363	-0.0004415683007545654	1.09477556	53.91103363	1.11294111	0.16068229715025703	0.0591557	0.02461
-0.2636	0.5845	-0.86	-0.0015254177662430443	0.0057421332390613445	-0.00018151424220741024	1.07159972	52.76976013	1.18291822	0.17080943348136868	0.0569515	0.02051
-0.2769	0.588	-0.8783	-0.0035150931135165793	0.0060685098091842835	-6.9813170079773176e-06	1.04659545	51.53845215	1.10217102	0.1596292421297953	0.0592194	0.02238
-0.2841	0.4548	-0.912	-0.00352731041828054	0.006440264939859076	-0.00014660765716752367	1.06316137	52.35422516	1.13398066	0.20027993877991504	0.057085	0.0195
-0.287	0.529	-1.0983	-0.003235840433197487	0.006455972903127025	0.00048520153205442357	1.22374749	60.26211166	1.40678138	0.3103493568786475	0.0702288	0.03933
-0.2958	0.535	-1.167	-0.0033981560536329595	0.006344271830999388	0.00021467549799530252	1.24282026	61.20133209	1.28706954	0.11072713633111159	0.0751392	0.04774
-0.2888	0.7066	-1.1042	-0.004382521751757761	0.006462954220135002	-2.268928027592628e-05	1.25214553	61.66054153	1.31956439	0.30842064327658214	0.0749836	0.0461
-0.2895	0.8493	-1.0586	-0.00478918346747244	0.0065554566704907015	2.268928027592628e-05	1.18537712	58.37260437	1.24219474	0.2162271363311116	0.0778576	0.05148
-0.2899	0.9597	-1.0337	-0.005351179486614613	0.006468190207890985	0.00015707963267948963	1.15969849	57.10808945	1.20187622	0.17488264170727252	0.0815151	0.05962
-0.2898	1.0087	-1.0618	-0.006466444878638991	0.0053162729015747276	-1.7453292519943294e-06	1.10695863	54.51097107	1.14774719	0.19850038301360587	0.0855388	0.06931
-0.2888	1.0152	-1.1422	-0.0058869955669768725	0.0054052846934264384	0.0003089232776029963	1.13909531	56.09350586	1.16564357	0.13685648551844115	0.091185	0.0807
-0.2795	0.8991	-1.1472	-0.005475097863506211	0.005377359425394529	0.0002548180707911721	1.13793766	56.03650284	1.1988603	0.15509640891571974	0.087711	0.07149
-0.2772	0.8371	-1.136	-0.005096361415823441	0.0054436819369703135	9.250245035569947e-05	1.07303619	52.84049988	1.13186351	0.10586872898470152	0.085103	0.06724
-0.2825	0.7393	-1.0948	-0.005171410573659199	0.005691518690753509	2.094395102393195e-05	1.1144321	54.87899399	1.17357866	0.16402222054753585	0.0811682	0.0583
-0.2785	0.7012	-1.0124	-0.005619960191421741	0.006138322979264057	0.00011170107212763708	1.15022588	56.64162445	1.19616806	0.17380555136883963	0.0762701	0.05042
-0.2723	0.6596	-0.9579	-0.005407030022678433	0.006263986685407648	1.2217304763960308e-05	1.12282276	55.29218292	1.18074913	0.1242038821125289	0.072227	0.04443
-0.2685	0.6578	-0.9449	-0.004914847173616032	0.006309365245959501	-0.00021642082724729686	1.05408871	51.90745163	1.07821975	0.056909977081275445	0.0720171	0.04466
-0.2683	0.7053	-0.9388	-0.004670501078336825	0.00636521578202332	-0.0003438298626428829	1.08968639	53.66041946	1.10130721	0.0751802833369306	0.0740318	0.04993
-0.2687	0.7485	-0.9321	-0.00478918346747244	0.006342526501747393	-0.0003473205211468716	1.08642673	53.49990082	1.08995448	0.05754311639577646	0.07587	0.0538
-0.2668	0.7826	-0.9223	-0.004834562028024293	0.006342526501747393	-0.0003298672286269283	1.03658235	51.04536819	1.05234849	0.04894159265358976	0.0762982	0.05493
-0.2656	0.7524	-0.9268	-0.0045867252742410975	0.006274458660919614	-0.0003892084231947355	1.017838	50.1223259	1.03833343	0.054662289458938994	0.0750551	0.05107
-0.2657	0.7679	-0.9327	-0.004431390970813603	0.006276203990171609	-0.0004380776422505767	1.06322169	52.35719299	1.06931369	0.03179744258676662	0.0749505	0.05107
-0.2605	0.7441	-0.9195	-0.004593706591249075	0.006286675965683575	-0.0004572762640225143	1.06437576	52.41402817	1.07743431	0.05179931088596883	0.0725666	0.04614
-0.2566	0.7451	-0.9139	-0.004742059577668593	0.00626049602690366	-0.00042760566673861073	1.04683149	51.55007553	1.05652327	0.0207101761241668	0.0710635	0.04276
-0.2595	0.724	-0.9069	-0.004778711491960474	0.00637743308678728	-0.0003769911184307752	1.0188334	50.17134094	1.05626766	0.04121017612416682	0.0687719	0.0384
-0.2597	0.6806	-0.923	-0.004537856055185257	0.00631285590446349	-0.0004014257279586958	1.05664408	52.03328705	1.06592057	0.07619336143134631	0.0669899	0.0355
-0.2558	0.6673	-0.9233	-0.00451865743341332	0.006263986685407648	-0.00045902159327450867	1.0525676	51.83254623	1.05791161	0.023783185307179527	0.0661526	0.03418
-0.2544	0.7008	-0.9306	-0.004584979944989103	0.006197664173831864	-0.0005235987755982988	1.04242218	51.33294678	1.05522783	0.05206111027376783	0.0670077	0.035
-0.2564	0.7024	-0.9464	-0.00434586983746588	0.006187192198319898	-0.0005183627878423159	1.03170919	50.80539703	1.05518815	0.032140903539558674	0.0679631	0.03514
-0.2587	0.753	-0.9419	-0.004654793115068877	0.0064001223670632065	-0.0004188790204786391	1.07135546	52.75773621	1.11500349	0.08846686068549912	0.069415	0.03844
-0.2582	0.7629	-0.9466	-0.004649557127312894	0.006384414403795257	-0.0004380776422505767	1.06151474	52.27313995	1.06674688	0.017107128639793547	0.0700889	0.04001
-0.2575	0.7375	-0.9536	-0.00443837228782158	0.00620813614934383	-0.0005166174585903216	1.03183639	50.81166077	1.0491202	0.05640014551412425	0.069342	0.0375
-0.2584	0.758	-0.967	-0.004394739056521722	0.006253514709895682	-0.00062482787221397	1.0766418	53.01805115	1.07020374	0.04466111027376786	0.0705753	0.0404
-0.2594	0.7706	-0.9595	-0.004447098934081553	0.00629714794119554	-0.0005288347633542819	1.07896817	53.13261032	1.07853473	0.03069931088596873	0.0705968	0.03936
-0.2569	0.7879	-0.9424	-0.004927064478379992	0.0064332836228510985	-0.0004520402762665313	1.0566597	52.03405762	1.06003497	0.07154478565208751	0.0697012	0.03802
-0.2612	0.7239	-0.9562	-0.004656538444320871	0.00645771823237902	-0.0003874630939427412	1.03126943	50.783741	1.07720246	0.1000768912955417	0.0671668	0.03419
-0.262	0.701	-0.9704	-0.004483750848373432	0.006352998477259359	-0.00041538836197465044	1.06988764	52.68545532	1.07255207	0.05317163095495048	0.0666696	0.03314
-0.263	0.7159	-0.9666	-0.00451516677490933	0.00632507320922745	-0.000466002910282486	1.06218374	52.30607986	1.06556784	0.02519778714378219	0.0669023	0.03314
-0.2607	0.753	-0.9456	-0.0049864056729478	0.006618288523562498	-0.0004188790204786391	1.07183194	52.78120041	1.07090268	0.10097890510886828	0.0668545	0.03317
-0.2657	0.7081	-0.9602	-0.004872959271568168	0.006735225583446118	-0.0003159045946109737	1.03246403	50.84256744	1.05103539	0.08116789435654598	0.0655681	0.03074
-0.2674	0.6889	-0.9816	-0.004546582701445229	0.006469935537142979	-0.0003298672286269283	1.03574634	51.00419998	1.04977241	0.07258146252210161	0.0658748	0.03125
-0.2646	0.7318	-0.9837	-0.004539601384437251	0.006485643500410928	-0.00034906585039886593	1.0731045	52.84386444	1.06977318	0.04989439510239329	0.0670716	0.03406
-0.2611	0.7883	-0.9494	-0.005202826500195096	0.006941174435181449	-0.0003473205211468716	1.0787195	53.12036896	1.08861584	0.15032506898901798	0.0682992	0.03498
-0.2622	0.7269	-0.961	-0.004752531553180559	0.006810274741281873	-0.000296705972839036	1.06160343	52.27750397	1.08266195	0.10569045946109734	0.0659811	0.03192
-0.2635	0.6998	-0.9723	-0.004384267081009755	0.006520550085450815	-0.0002897246558310587	1.01554656	50.00948334	1.0654313	0.0729485222504921	0.0654194	0.03076
-0.2621	0.7437	-0.9677	-0.0044977134823893875	0.00647866218340295	-0.00035604716740684323	1.04676604	51.54685211	1.06544383	0.06098284075016418	0.0669778	0.03313
-0.2609	0.7976	-0.9465	-0.005241223743738971	0.006974335690969341	-0.00034557519189487725	1.07039297	52.71033859	1.09763253	0.13878278722139692	0.0681397	0.03552
-0.2654	0.7139	-0.9584	-0.004633849164044945	0.006742206900454094	-0.0002443460952792061	1.06780148	52.58272171	1.1033005	0.1471366233412472	0.0653765	0.03066
-0.2641	0.6973	-0.9787	-0.004258603374866164	0.0065764006215146345	-0.00022165681500327985	1.06370711	52.3810997	1.06405834	0.06638706741970829	0.0655811	0.03111
-0.2623	0.7349	-0.9761	-0.004527384079673291	0.006558947328994691	-0.0001972222054753592	1.04558539	51.48871231	1.0585337	0.05753343034274962	0.0665435	0.03216
-0.2651	0.7791	-0.9638	-0.0050789081233034985	0.006914994496401533	-0.00022863813201125715	1.0480938	51.61223602	1.0627022	0.10624935687864742	0.0689873	0.03488
-0.2683	0.6875	-0.9892	-0.00446629755585349	0.006806784082777885	-0.00013264502315156904	1.07132101	52.75603485	1.09009988	0.1610407044966672	0.0664877	0.03138
-0.2654	0.7084	-0.9934	-0.004316199240181977	0.006419320988835145	-0.0002617993877991494	1.07056463	52.71878815	1.07573313	0.06133578871309162	0.0680266	0.03381
-0.261	0.7423	-0.9786	-0.004508185457901353	0.00642979296434711	-0.00035604716740684323	1.07317364	52.84726715	1.08374668	0.0679352986419516	0.0678775	0.03449
-0.2633	0.785	-0.9593	-0.0049741883681838385	0.006799802765769907	-0.00039269908169872416	1.03361356	50.89917374	1.06104791	0.1079332312998582	0.0686469	0.03532
-0.2662	0.6929	-0.9754	-0.004565781323217166	0.006789330790257941	-0.00021467549799530252	1.05475891	51.94045258	1.08546265	0.14094513020910307	0.0661317	0.03103
-0.2664	0.6956	-0.9852	-0.00441393767829366	0.0065886179262785935	-0.00021642082724729686	1.04806328	51.61073303	1.05389326	0.03041509190774242	0.0664825	0.03222
-0.2614	0.7351	-0.9685	-0.004682718383100785	0.006679375047382299	-0.00024085543677521747	1.06537044	52.46300888	1.06948751	0.0803986217719375	0.0677904	0.03365
-0.2597	0.7763	-0.96	-0.005185373207675152	0.006921975813409511	-0.0003682644721708035	1.03562224	50.99808884	1.05260294	0.09503323129985837	0.0691252	0.03528
-0.2623	0.6787	-0.9744	-0.004754276882432553	0.006766641509982015	-0.00021118483949131387	1.04702032	51.55937576	1.089208	0.15177551306747933	0.065713	0.03011
-0.2605	0.7085	-0.9812	-0.004684463712352781	0.006553711341238707	-0.0003438298626428829	1.00743973	49.61027145	1.03793665	0.059169418098732426	0.0666441	0.03263
-0.2608	0.7412	-0.988	-0.0044977134823893875	0.006464699549386996	-0.00041189770347066176	1.08347631	53.35461044	1.09523562	0.0569914931321441	0.0676405	0.03462
-0.26	0.7948	-0.9584	-0.0050841441110594816	0.0067771134854939805	-0.00046949356878647465	1.09006536	53.67908478	1.0919453	0.13182202150464448	0.0693138	0.03687
-0.2655	0.7419	-0.9714	-0.0047193702973926666	0.006888814557621618	-0.00031415926535897925	1.06735933	52.56094742	1.09533353	0.10299045946109736	0.0680137	0.03414
-0.2641	0.6716	-0.9812	-0.004157374278250492	0.006541494036474748	-0.00032463124087094524	1.04123998	51.27473068	1.06977994	0.1274894257900505	0.0658168	0.03069
-0.2632	0.7165	-0.9938	-0.004180063558526419	0.006511823439190843	-0.000466002910282486	1.08195102	53.27949905	1.08380611	0.06808657734856872	0.0686158	0.03427
-0.2621	0.791	-0.9561	-0.005026548245743668	0.006819001387541846	-0.00047123889803846896	1.11926544	55.11700821	1.12445871	0.1712449311662118	0.0691077	0.03675
-0.2662	0.719	-0.97	-0.004560545335461182	0.007000515629749256	-0.0003385938748868999	1.07672513	53.02215576	1.09856501	0.12900810878207333	0.0668499	0.03275
-0.263	0.6699	-0.9763	-0.00415213829049451	0.006564183316750673	-0.0003612831551628262	1.02853048	50.64886475	1.05313715	0.10197143191205894	0.0649912	0.03101
-0.2643	0.7273	-0.9636	-0.004408701690537677	0.006670648401122327	-0.00046425758103049166	1.02025855	50.24152374	1.04936143	0.09470014551412409	0.0664362	0.03325
-0.2695	0.7862	-0.9489	-0.005057964172279567	0.007103490055616921	-0.0004380776422505767	1.07213771	52.79625702	1.08447669	0.13421420375082016	0.0684072	0.03632
-0.2762	0.6883	-0.974	-0.004225442119078272	0.006857398631085722	-0.00026354471705114377	1.06874239	52.62905502	1.10520089	0.1923573201465964	0.065622	0.0317
-0.2705	0.7014	-0.9742	-0.004173082241518442	0.006538003377970758	-0.00033684854563490564	1.04531896	51.47559738	1.06573761	0.04125294796292773	0.0662752	0.03266
-0.2697	0.7722	-0.9523	-0.0049183378321200205	0.006894050545377602	-0.00042760566673861073	1.06221247	52.30749893	1.08619739	0.1531029939556063	0.0674153	0.0349
-0.274	0.7346	-0.9669	-0.004703662334124718	0.0070808007753409945	-0.0003647738136668148	1.02053642	50.25520706	1.06452272	0.07971287905152447	0.0670219	0.03307
-0.2769	0.6864	-0.9871	-0.004064871827894794	0.006894050545377602	-0.0003211405823669566	1.05619538	52.01119232	1.06338228	0.11475869837465874	0.0661324	0.03183
-0.2732	0.7206	-0.9843	-0.004017747938090946	0.0067160269616741795	-0.00032463124087094524	1.0695256	52.66762161	1.07988223	0.05213190660056295	0.0676025	0.03492
-0.267	0.7815	-0.9569	-0.004766494187196514	0.0069533917399454085	-0.0004206243497306334	1.08845639	53.5998497	1.09676287	0.14860520681182415	0.0687937	0.0364
-0.2713	0.7584	-0.9657	-0.004642575810304917	0.007012732934513216	-0.00039968039870670147	1.02578437	50.51363373	1.04976924	0.0464101761241668	0.0694525	0.03624
-0.274	0.69	-0.988	-0.003935717463247213	0.006794566778013924	-0.0002844886680750757	1.05977201	52.18732071	1.1002643	0.14541081170943107	0.0671366	0.03399
-0.2736	0.7414	-0.9686	-0.0042935099599060505	0.006773622826989993	-0.0003892084231947355	1.07142472	52.76114273	1.0780607	0.0953728101401214	0.0680217	0.03559
-0.2722	0.8091	-0.9468	-0.00482932604026831	0.0070685834705770355	-0.0003385938748868999	1.06277311	52.3351059	1.10450533	0.13496956361285703	0.0703403	0.03851
-0.2814	0.6933	-0.965	-0.004302236606166022	0.007007496946757234	-0.00017278759594743863	1.07019067	52.7003746	1.15322742	0.18089911184307747	0.0663333	0.0323
-0.2809	0.681	-0.9786	-0.003974114706791089	0.006658431096358368	-0.00027576202181510406	0.99887604	49.1885643	1.02799742	0.06540810878207325	0.0660734	0.03255
-0.2775	0.7719	-0.9652	-0.004843288674284265	0.0068975412038815905	-0.0004310963252425994	1.08685899	53.52118683	1.12546276	0.1708809189221947	0.0694893	0.03739
-0.2816	0.7677	-0.963	-0.004968952380427856	0.0070912727508529606	-0.0003612831551628262	1.03177774	50.80877304	1.05280192	0.029960421159736683	0.069317	0.03704
-0.2837	0.6818	-0.9754	-0.004237659423842232	0.006796312107265919	-0.0002897246558310587	1.05881643	52.1402626	1.07861177	0.15529060497522185	0.067181	0.03313
-0.2779	0.721	-0.9804	-0.004230678106834255	0.006628760499074463	-0.00027750735106709843	1.03983152	51.20537186	1.05511549	0.05933751149816969	0.068485	0.03565
-0.2755	0.7904	-0.9642	-0.004927064478379992	0.006894050545377602	-0.0003298672286269283	1.06346786	52.36931992	1.08152234	0.1387018147704354	0.0711328	0.03947
-0.2806	0.7396	-0.9715	-0.004534365396681268	0.007044148861049114	-0.0002722713633111154	1.07516432	52.94529724	1.10570092	0.09321966313430248	0.0699903	0.03672
-0.2781	0.6973	-0.9722	-0.00420449816805434	0.006682865705886288	-0.0003630284844148205	1.07392383	52.88420868	1.09585649	0.08459537524467288	0.0687375	0.03549
-0.272	0.7345	-0.9759	-0.004176572900022431	0.0064071036840711824	-0.0003089232776029963	1.0509975	51.75522995	1.06029079	0.06488962483294199	0.0693501	0.03779
-0.2723	0.7643	-0.9678	-0.004529129408925285	0.00662352451131848	-0.0005305800926062762	1.00760722	49.61851883	1.03370897	0.0777317075576715	0.0704325	0.0395
-0.2751	0.7715	-0.9778	-0.004707152992628707	0.006810274741281873	-0.0005358160803622592	1.04642618	51.53011703	1.06250274	0.03850049007113992	0.0720202	0.04143
-0.277	0.698	-0.9831	-0.004176572900022431	0.00659908990179056	-0.0004956735075663896	1.04357231	51.38958359	1.11676219	0.11979537524467296	0.0688155	0.03651
-0.2755	0.7281	-0.9853	-0.003864158963915446	0.0064071036840711824	-0.0005026548245743669	1.03794181	51.11231613	1.08676259	0.05936907354171695	0.0704693	0.03901
-0.2757	0.7633	-0.9746	-0.0042324234360862495	0.006644468462342412	-0.0005270894341022875	1.0356158	50.99777222	1.07031292	0.07760319299849763	0.0713449	0.04026
-0.2766	0.7576	-0.9662	-0.004434881629317591	0.006805038753525891	-0.0005846852994181004	1.00949752	49.71160889	1.05831795	0.03603121748653168	0.0706109	0.03843
-0.2756	0.6923	-0.9762	-0.004009021291830974	0.006517059426946826	-0.0006562437987498679	1.03486979	50.96103668	1.06854457	0.11556990816987248	0.0683478	0.03504
-0.274	0.7222	-0.9787	-0.003988077340807043	0.0064612088908830075	-0.0008464846872172499	1.02668417	50.55794525	1.04800206	0.04735176877775658	0.0687329	0.03588
-0.2745	0.7881	-0.9476	-0.00463559449329694	0.006679375047382299	-0.0008360127117052838	1.03269911	50.85414505	1.0678658	0.1413077642250578	0.0699098	0.03784
-0.2725	0.7584	-0.9544	-0.004633849164044945	0.006723008278682157	-0.0007679448708775049	1.00795031	49.63541412	1.0481127	0.04417232006898168	0.0691403	0.03635
-0.2574	0.7001	-0.9844	-0.004649557127312894	0.0060301125656404084	-0.0011850785621041497	1.06422341	52.40652466	1.08082231	0.1596868683768172	0.0691301	0.0374
