trans_x	trans_y	trans_z	rot_x	rot_y	rot_z	dvars_std	dvars_nstd	dvars_vstd	framewise_displacement	aqi	aor
0.0	-0.0	0.0	-0.0	0.0	-0.0	n/a	n/a	n/a	n/a	0.0269674	0.00166
0.0012	-0.0177	0.0039	1.2217304763960308e-05	7.155849933176751e-05	1.9198621771937625e-05	1.04836249	56.00139999	0.98397101	0.027948721293383272	0.0275272	0.00113
0.0106	0.0149	0.035	0.000148352986419518	-0.0001937315469713706	1.7453292519943296e-05	1.06039214	56.64399719	0.9890112	0.0932585528605345	0.0271173	0.00115
0.0148	0.0272	0.0291	0.0001972222054753592	-0.00017976891295541595	-4.537856055185256e-05	0.98477471	52.60466766	0.96446953	0.028683185307179584	0.0257087	0.00086
0.0097	-0.036	0.0117	0.00016231562043547262	5.4105206811824215e-05	-8.901179185171081e-05	1.01893294	54.42932892	0.97485797	0.10132069680534923	0.0267733	0.00088
0.007	-0.0153	0.0088	2.792526803190927e-05	0.00013264502315156904	-7.67944870877505e-05	1.03118122	55.08361053	0.96950794	0.037557373675363416	0.0274216	0.00098
0.0114	0.0152	0.0178	-0.0001308996938995747	9.075712110370512e-05	-3.316125578789226e-05	0.98741281	52.74559021	0.95770237	0.05611730476396031	0.0269451	0.00082
0.0184	0.0494	0.0364	-0.00012217304763960306	-7.330382858376184e-05	-1.9198621771937625e-05	1.01530337	54.23545074	0.95690956	0.06913751149816967	0.0272861	0.00113
0.0127	-0.009	0.0096	-0.00028797932657906436	-1.3962634015954635e-05	-0.00010821041362364843	1.02968335	55.00359726	0.97271982	0.10660796326794895	0.0277231	0.00105
0.0103	-0.0381	-0.0065	-0.0004956735075663896	0.000153588974175501	-0.00013439035240356338	1.02552187	54.78129959	0.96820763	0.0676712863979348	0.028425	0.0011
0.0072	-0.0098	-0.0047	-0.0006300638599699529	0.0002740166925631097	-0.00013962634015954637	0.97067946	51.85173035	0.95128893	0.04620270292735776	0.028173	0.00124
0.0178	0.0803	0.0553	-0.0006038839211900379	-0.0001064650843716541	-1.0471975511965975e-05	1.06845176	57.07452393	1.02233475	0.18749080401811297	0.0280008	0.00156
0.0229	0.0901	0.0827	-0.0006719517620178169	-0.0002443460952792061	-1.7453292519943294e-06	0.97359353	52.00739288	0.96123967	0.05303377489976513	0.0279619	0.00189
0.0212	-0.047	0.0305	-0.0006283185307179585	-0.0001361356816555577	-0.00012217304763960306	1.06009245	56.62799072	1.01882968	0.20461356816555573	0.0276149	0.00126
0.0169	-0.0974	-0.0028	-0.0007644542123735164	0.0001605702911834783	-0.00013264502315156904	0.97471851	52.06748581	0.96231155	0.11016568150032796	0.0289398	0.0015
0.0149	-0.0401	-0.0151	-0.0008499753457212384	0.0003700098014227979	-0.00017802358370342162	1.01620519	54.28361893	0.97490028	0.08861696020694472	0.0283492	0.00146
0.0212	0.0084	0.0015	-0.0006335545184739417	0.00020769418098732522	-0.0001012290966156711	1.0661974	56.95410538	0.99108413	0.09417654673852595	0.0274596	0.00134
0.0334	0.1027	0.0347	-0.0005916666164260777	-3.839724354387525e-05	1.7453292519943296e-05	1.0384022	55.46934128	1.00247867	0.16003308578573394	0.0265368	0.00167
0.0372	0.0399	0.0093	-0.0006597344572538566	3.490658503988659e-05	-3.490658503988659e-05	1.01175249	54.04576874	0.97446047	0.10168657734856852	0.0266483	0.00126
0.0279	-0.0588	-0.0249	-0.0007347836150896127	0.0001605702911834783	-0.0001308996938995747	1.04732621	55.94604111	0.99790647	0.1570352986419518	0.0276213	0.00132
0.0254	-0.0224	-0.0272	-0.0006702064327658224	0.0002600540585471551	-0.00011170107212763708	1.029526	54.99519348	0.97176078	0.05036297857297024	0.0274886	0.00116
0.0264	0.0036	-0.0217	-0.0006894050545377602	0.00033335788713091696	1.7453292519943294e-06	0.95782477	51.16505814	0.94443638	0.04279744258676656	0.0272158	0.00118
0.0369	0.0743	0.0142	-0.0005131268000863328	0.000153588974175501	0.00013264502315156904	1.05093729	56.13894272	0.99290417	0.1414473430653209	0.0266655	0.00145
0.0445	0.0516	0.0264	-0.0004258603374866164	-2.094395102393195e-05	0.00016406094968746698	1.00241196	53.54681396	0.96560953	0.05716076571675236	0.0257028	0.00135
0.0404	-0.0636	-0.0202	-0.00031415926535897925	2.96705972839036e-05	0.00014486232791552936	1.04920781	56.04655457	1.0040289	0.17497571211037052	0.0262172	0.00083
0.0418	-0.0624	-0.0285	-0.00045553093477052	0.0002897246558310587	0.00022863813201125715	0.9628824	51.43522644	0.95147762	0.03516007660272119	0.0272213	0.00099
0.0451	-0.0115	-0.0288	-0.00027576202181510406	0.00028623399732707005	0.0003193952531149623	1.00724232	53.8048439	0.96561618	0.06820083462815549	0.0264426	0.00093
0.0509	0.0913	0.0193	-0.0003647738136668148	5.235987755982988e-06	0.0005585053606381855	1.08629131	58.02748108	1.02389031	0.18715599544730108	0.026002	0.0013
0.0644	0.1132	0.1006	-0.0003351032163829112	-0.00014137166941154068	0.0006894050545377602	1.02436161	54.71931839	1.0058015	0.1320588974175501	0.0270711	0.00259
0.0629	0.0582	0.2053	-0.0005009094953223725	-0.0004921828490624009	0.00039269908169872416	1.06436813	56.85638809	1.05990372	0.20186617157146788	0.0303816	0.00555
0.0609	-0.1126	0.1837	0.0001937315469713706	-0.0005218534463463045	0.00047822021504644627	1.09739792	58.62077332	1.06591302	0.23489163864626844	0.0298404	0.00436
0.0681	-0.1495	0.1502	-4.0142572795869576e-05	-0.00017976891295541595	0.0006265732014659643	0.97401685	52.03000641	0.9723067	0.11381558197888228	0.0301017	0.00384
0.0642	-0.1068	0.096	-4.71238898038469e-05	0.00013788101090755203	0.0008272860654453122	1.18790472	63.45545959	1.06658381	0.12706720524251466	0.0292899	0.00249
0.0611	-0.0496	0.0687	-0.00021118483949131387	0.00024609142453120044	0.000757472895365539	1.11471534	59.54583359	1.0231584	0.10470422666954445	0.0275014	0.0016
0.0638	0.0207	0.0432	-8.726646259971648e-06	0.0003001966313430247	0.0008970992355250854	1.09693849	58.59622955	1.0135085	0.1183094870101356	0.0264373	0.00127
0.0734	0.1189	0.0429	8.726646259971648e-05	-0.0001361356816555577	0.0010245082709206715	1.10903275	59.24228287	1.02193853	0.14108672286269283	0.0263567	0.00134
0.0764	0.1285	0.0435	-4.363323129985824e-05	-0.00028623399732707005	0.000926769832808989	1.01116371	54.01431656	0.96495282	0.03213682238413845	0.0256458	0.00117
0.0626	-0.0035	0.0148	-0.0002129301687433082	6.806784082777885e-05	0.000726056968829641	1.04193914	55.6582756	1.00465765	0.21071558197888235	0.0254588	0.00067
0.0543	0.0109	0.0342	-0.0004904375198104066	0.00034033920413889426	0.0006492624817418905	0.93203276	49.78730011	0.93595674	0.07342866007329821	0.0268676	0.00108
0.0484	-0.012	0.0311	-0.0007033676885537148	0.00048520153205442357	0.0007173303225696694	0.92323112	49.31713486	0.93216847	0.05319301687433083	0.02747	0.00126
0.048	-0.0244	0.0048	-0.0006335545184739417	0.0004310963252425994	0.0007155849933176752	1.0841552	57.91337585	0.99574117	0.045383185307179566	0.028196	0.00148
0.0517	-0.0106	0.0023	-0.0006736970912698113	0.0004363323129985824	0.0008168140899333463	1.00424218	53.64458084	0.96868092	0.027330382858376183	0.027612	0.00116
0.062	0.0561	0.054	-0.0006422811647339132	0.00019547687622336493	0.00091106186954104	1.07107866	57.21485138	1.00975801	0.14702595714594044	0.0281661	0.00175
0.0599	-0.0256	0.0272	-0.0006318091892219474	0.00019024088846738194	0.0008587019919812101	1.04226553	55.67571259	0.99637675	0.11400339204138892	0.027824	0.00126
0.0571	-0.0887	0.0072	-0.0007958701389094143	0.0003647738136668148	0.0008325220532012951	1.02572811	54.79231644	0.97576023	0.10413869068334076	0.0293082	0.00145
0.0533	-0.0349	-0.0003	-0.0008517206749732328	0.0005183627878423159	0.0008115781021773631	0.94575661	50.520401	0.94375495	0.07661917306316257	0.0283552	0.00117
0.0549	0.0125	-0.0038	-0.000932005820564972	0.0004747295565424576	0.0008866272600131194	1.01599145	54.27220154	0.96504332	0.06244837673636769	0.0289616	0.00127
0.0626	0.0978	0.0356	-0.0007592182246175333	0.00016231562043547262	0.00102799892942466	1.08241272	57.82029343	1.00336444	0.1637286600732982	0.0288267	0.00173
0.0651	0.1379	0.1027	-0.0006911503837897545	-0.0002303834612632515	0.0011047934165124105	1.02221477	54.60464096	0.9884728	0.13657807048071263	0.0294067	0.00243
0.055	0.1121	0.1527	-0.0012025318546240932	-0.0002251474735072685	0.0012740903539558604	0.96200645	51.38843536	0.96471301	0.12019571980168858	0.0321975	0.00458
-0.0225	0.0725	0.2792	-0.000577703982410123	-0.00045902159327450867	0.0012793263417118436	1.17838264	62.94681168	1.14258889	0.28679689898685967	0.0375956	0.00958
-0.0962	0.0841	0.3894	0.001520181778487061	-0.0011239920382843482	0.002078687139125246	1.19010961	63.57324219	1.13433771	0.3736108501660213	0.0444238	0.01801
-0.1542	0.0832	0.5537	0.0016790067404185449	-0.0023160519173964756	0.0030490902032340936	1.16696346	62.33682251	1.14776499	0.33926439525762286	0.0597271	0.04124
-0.1644	-0.0888	0.4424	0.0017610372152622785	-0.0019896753472735357	0.002012364627549462	1.21336544	64.81552124	1.15493197	0.3657566310325652	0.0508347	0.02919
-0.155	-0.2457	0.2669	0.0011990411961201044	-0.002209586833024821	0.0017435839227423352	1.4256705	76.15642548	1.26953946	0.39433441048502926	0.0428308	0.01828
-0.1389	-0.1556	0.1389	4.71238898038469e-05	-0.0017889624832941875	0.0018465583486100008	1.24380958	66.44178772	1.16052599	0.3179758040957279	0.03636	0.00773
-0.1346	-0.0445	0.0588	-0.00038397243543875244	-0.0022497294058206906	0.002050761871093337	1.20830655	64.54528809	1.11628612	0.250303338512622	0.0352259	0.0041
-0.1448	0.0654	-0.0881	0.00062482787221397	-0.0019425514574696887	0.001329940890019679	1.3015331	69.52526093	1.22317756	0.36883996185386914	0.0319585	0.00204
-0.1313	0.1921	-0.2344	0.0014608405839192536	-0.0014870205226991688	0.0002007128639793479	1.37480438	73.43926239	1.28057348	0.40753858362580664	0.0310022	0.00328
-0.1471	0.2002	-0.293	-0.001054178868204575	-0.0015638150097869194	-0.0002670353755551324	1.34493744	71.84383392	1.25093828	0.23547810893730295	0.0376601	0.00702
-0.141	0.2554	-0.2502	-0.00032463124087094524	-0.0013194689145077131	-0.00042411500823462205	1.00156641	53.50164413	0.99808005	0.16064866776461637	0.0346449	0.00459
-0.1211	0.2817	-0.1757	-0.0001605702911834783	-0.001218239817892042	-0.00043458698374658803	0.98493016	52.61297226	0.99045665	0.13448810109075515	0.0321391	0.00342
-0.1055	0.1833	-0.0772	0.00047822021504644627	-0.0009651670763528643	-0.0003159045946109737	1.06363797	56.81738281	1.05682912	0.2630272818452359	0.0261179	0.00085
-0.084	-0.0743	-0.1292	0.0005969026041820607	-0.0011414453308042916	-0.0001884955592153876	1.21785283	65.05522919	1.13987988	0.3522184839491314	0.0257692	0.00054
-0.0856	-0.2942	-0.1755	0.0008464846872172499	-0.0010681415022205296	-8.028514559173915e-05	1.14118898	60.9600029	1.09535491	0.28935481626212994	0.0318245	0.00388
-0.0785	-0.2683	-0.1866	0.0010245082709206715	-0.0009040805525330626	5.93411945678072e-05	1.07336283	57.33686447	1.00750095	0.06818554367752178	0.0328268	0.00527
-0.0683	-0.1189	-0.1104	0.001218239817892042	-0.0010611601852125523	0.00020943951023931956	1.2423836	66.36561584	1.12392472	0.2608454747661186	0.0295178	0.00281
-0.0631	0.0274	-0.0528	0.001075122819228507	-0.0010943214410004448	0.00014486232791552936	1.1840328	63.24863052	1.09546963	0.22114277183876088	0.0289754	0.00371
-0.058	0.0361	-0.0147	0.0009896016858807848	-0.0010210176124166828	0.00013264502315156904	1.05740333	56.48434067	1.0151949	0.06045211333477223	0.0290163	0.0041
-0.0602	-0.0536	-0.0798	0.001192059879112127	-0.000895353906273091	8.028514559173915e-05	1.05443263	56.32565308	1.02845771	0.17602408884673815	0.0297153	0.00427
-0.0621	0.0096	-0.0849	0.0009773843811168245	-0.0005951572749300663	-2.96705972839036e-05	0.97626895	52.1503067	0.97201609	0.10144139361069852	0.0297195	0.00382
-0.0406	0.1096	-0.0812	0.0009808750396208131	-0.0006562437987498679	0.00019198621771937622	1.0995239	58.73434067	1.02792646	0.13951169986635353	0.0296606	0.00325
-0.0241	0.1606	-0.1008	0.0013648474750595659	-0.0009669124056048585	8.37758040957278e-05	1.01652193	54.30054092	0.99112759	0.1272425727958696	0.0281296	0.00273
-0.0205	0.0483	-0.127	0.0017400932642383465	-0.0007731808586334879	-0.00012217304763960306	1.01043499	53.97539139	0.99066252	0.18084630939427407	0.0259345	0.00214
-0.0036	0.0876	-0.0586	0.002186897552748895	-0.0011205013797803594	0.00014486232791552936	1.04313588	55.7222023	1.0001109	0.17765800926062764	0.0250914	0.00202
0.0051	0.0685	-0.0174	0.0025028021473598684	-0.0012758356832078548	2.792526803190927e-05	0.96338385	51.46201324	0.96420773	0.09840879789610445	0.0239251	0.00192
-0.0014	-0.1144	-0.1084	0.0026668630970473357	-0.0011135200627723821	-0.00021467549799530252	1.11284995	59.44618988	1.06340694	0.3088488668075076	0.0241684	0.00165
-0.0031	-0.1528	-0.1432	0.0027977627909469105	-0.0007033676885537148	-0.00032637657012293966	0.91560364	48.90969086	0.93647391	0.10753765701229397	0.0244594	0.00147
0.0012	-0.0695	-0.1116	0.003043854215478111	-0.0009075712110370514	-0.0001256637061435917	1.04964662	56.06999207	1.00774225	0.15175039054969425	0.0219615	0.00111
0.0102	0.0476	-0.0556	0.0033353242005611634	-0.0011623892818282235	1.7453292519943296e-05	1.08920848	58.18330765	1.02799503	0.21657025272688804	0.0194877	0.00066
0.0095	0.0046	-0.0807	0.0033021629447732717	-0.00119729586686811	-6.981317007977319e-05	0.97276294	51.96302414	0.97161654	0.07656671517137471	0.0197018	0.00065
-0.001	-0.0695	-0.1032	0.0032166418114255493	-0.0009896016858807848	-0.00017976891295541595	0.96855885	51.7384491	0.96192454	0.1272585528605345	0.0209766	0.00079
-0.0119	-0.0053	-0.1012	0.0027960174616949163	-0.0009930923443847736	-0.0004433136300065597	0.96486413	51.54108429	0.96565786	0.11148298626428828	0.0218208	0.00088
-0.0191	0.0507	-0.101	0.0024923301718479027	-0.0010384709049366262	-0.0005742133239061344	1.00338149	53.59860611	0.97968487	0.08739827721492203	0.0223696	0.00082
-0.0239	0.0629	-0.1127	0.0026145032194875057	-0.0010716321607245184	-0.0006544984694978735	1.00422645	53.64373779	0.96055824	0.040480972450961696	0.0213521	0.00046
-0.0304	0.0555	-0.1251	0.0025324727446437724	-0.0011484266478122688	-0.0007086036763096977	1.00368488	53.61481094	0.96875393	0.036946508437165376	0.0223945	0.00068
-0.0344	0.0473	-0.1227	0.0022235494670407763	-0.0010506882097005862	-0.000731292956585624	0.98354667	52.53907013	0.95337369	0.03606754979953024	0.0224251	0.00052
-0.0345	0.0276	-0.1246	0.0022794000031045943	-0.0010070549784007281	-0.0006754424205218055	0.91463876	48.85814667	0.92301281	0.029466715171374735	0.0218249	0.00037
-0.0271	0.0393	-0.1159	0.002410299697004169	-0.0011379546723003027	-0.0004904375198104066	0.91996801	49.14282608	0.92578922	0.05014021442552742	0.0209332	0.00023
-0.027	-0.0005	-0.1282	0.002452187599052033	-0.0011100294042683937	-0.0005410520681182421	0.90834773	48.52209473	0.92606226	0.05822138591938044	0.020178	0.00016
-0.0281	-0.0439	-0.1404	0.0025394540616517493	-0.0009965830028887623	-0.0005585053606381855	0.89631224	47.87918091	0.92208041	0.06760830782496455	0.0197405	0.0002
-0.0265	-0.0377	-0.1562	0.0026162485487395003	-0.0009197885158010115	-0.00047822021504644627	0.94360882	50.40567017	0.94294093	0.03529370598836207	0.0191368	9e-05
-0.024	-0.0044	-0.173	0.002686061718819273	-0.0008691739674931761	-0.00035430183815484887	1.00486064	53.67761612	0.96323533	0.06481730476396026	0.0190418	0.00015
-0.013	0.0582	-0.1606	0.0027244589623631483	-0.001069886831472524	-2.4434609527920616e-05	1.02694821	54.85749054	0.97552407	0.11444886680750756	0.0184422	0.00014
-0.0117	0.0348	-0.18	0.002593559268463574	-0.0009878563566287904	-1.2217304763960308e-05	1.01369739	54.14966202	0.97218829	0.055357373675363405	0.0197173	0.0002
-0.0142	-0.0094	-0.1979	0.002764601535159018	-0.0008552113334772215	-9.599310885968811e-05	0.97981626	52.33979797	0.95477686	0.08397315469713702	0.0199403	0.00021
-0.0112	0.0277	-0.1888	0.0026720990848033187	-0.000752236907609556	-4.886921905584123e-05	0.9498049	50.73665237	0.9430898	0.061330038301360586	0.0199761	0.00015
-0.0085	0.0296	-0.1916	0.0025516713664157096	-0.0006632251157578452	5.4105206811824215e-05	0.91529495	48.89319992	0.92826191	0.023020696805349263	0.0203439	0.00013
-0.0014	0.0704	-0.1798	0.002436479635784084	-0.000752236907609556	0.00020594885173533088	0.92747772	49.54397964	0.93399708	0.07750235837034215	0.0198858	0.00013
0.0079	0.1274	-0.1436	0.0025516713664157096	-0.0009721483933608416	0.00041189770347066176	0.94730783	50.60326385	0.95142448	0.12955260340591207	0.0186543	7e-05
0.0137	0.1041	-0.1481	0.0025586526834236872	-0.0011484266478122688	0.0004572762640225143	0.9031679	48.24539948	0.9257386	0.045031906600562895	0.0179777	7e-05
0.0152	0.049	-0.1248	0.002469640891571976	-0.0011728612573401894	0.0004904375198104066	0.90765744	48.48522186	0.93144383	0.08723038285837621	0.017378	5e-05
0.0192	-0.0342	-0.1319	0.002488839513343914	-0.0011641346110802177	0.0005235987755982988	0.93879533	50.14854431	0.94971009	0.09735432619099009	0.017365	5e-05
0.0075	-0.1665	-0.2364	0.002707005669843205	-0.0012775810124598492	0.00034557519189487725	1.1091392	59.24796677	1.05512256	0.2739818070791172	0.0207416	0.0003
-0.0016	-0.1727	-0.2681	0.003106686068549906	-0.0012025318546240932	0.00010995574287564276	1.03994238	55.55161667	0.99963918	0.08251745027808458	0.0220377	0.00047
-0.0022	-0.0724	-0.3108	0.0033684854563490563	-0.0010088003076527223	0.0001291543646475804	1.19975984	64.08873749	1.09284171	0.1673364778271229	0.0225141	0.00055
-0.0015	-0.0152	-0.3705	0.003918264170727269	-0.001647590813882647	0.00024085543677521747	1.2206471	65.20449066	1.12908224	0.1826135146367887	0.0229431	0.00068
-0.0177	0.0913	-0.3597	0.003766420525803763	-0.0015777776438028737	5.061454830783555e-05	1.07363844	57.3515892	1.03110175	0.15409488517353306	0.0225965	0.00033
-0.0162	0.1108	-0.3567	0.0035534903570604553	-0.001509709802975095	1.5707963267948964e-05	0.90280181	48.22584152	0.92370226	0.03979522973054864	0.0232763	0.00041
-0.0114	0.17	-0.3278	0.0033667401270970616	-0.0017610372152622785	0.00018675022996339323	0.91474646	48.86390305	0.94053344	0.12335599544730112	0.0234776	0.00051
-0.001	0.2017	-0.2515	0.0032498030672134413	-0.0020804324683772408	0.00023212879051524583	0.95714265	51.12862015	0.9697974	0.14248554367752167	0.0211143	0.0003
-0.006	0.0557	-0.2919	0.003490658503988659	-0.0020594885173533086	0.00010297442586766544	1.00806463	53.84877014	0.99681163	0.21094768762233648	0.0197481	0.00014
-0.0106	-0.1171	-0.3137	0.0036634460999360975	-0.0019216075064457567	-1.2217304763960308e-05	1.06173551	56.71575928	1.02225039	0.2204930168743308	0.0212529	0.0003
-0.0153	-0.1189	-0.3214	0.003926990816987242	-0.0018308503853420514	-7.155849933176751e-05	0.92508018	49.41590881	0.93125581	0.03488215163613289	0.021157	0.00031
-0.0164	-0.0901	-0.3186	0.003834488366631542	-0.001864011641129944	-0.00014137166941154068	1.16113925	62.02570724	1.02564014	0.042473843811168296	0.0225811	0.00079
-0.0123	-0.0275	-0.2921	0.003427826650916863	-0.0020525072003453313	-0.00015184364492350666	1.10658693	59.11162949	1.00991034	0.1234814625221016	0.020755	0.00027
-0.0119	0.0344	-0.2686	0.0032759830059933565	-0.002186897552748895	-0.0001361356816555577	1.03305936	55.18393707	0.98064156	0.10089709802975098	0.0204982	0.00032
-0.02	-0.0225	-0.2909	0.0031503192998497648	-0.0020176006153054447	-0.00034906585039886593	0.99679124	53.24656677	0.97575032	0.11269454061651749	0.0210627	0.00016
-0.0215	0.0231	-0.278	0.0030717794835100195	-0.0018186330805780916	-0.0003665191429188092	0.91326803	48.78492737	0.92435187	0.07474803217935205	0.0204169	0.00016
-0.0184	0.1014	-0.2642	0.003118903373313867	-0.0019250981649497454	-0.0003106686068549907	0.94046044	50.23749161	0.95074185	0.105671975511966	0.0202017	0.00015
-0.0151	0.1334	-0.2666	0.0029234264970905022	-0.0019373154697137059	-0.00034208453339088857	0.91389954	48.81866074	0.93571554	0.04965550537616115	0.0205085	0.00017
-0.0201	0.0357	-0.2975	0.002981022362406315	-0.0018099064343181197	-0.0004677482395344803	0.98298055	52.50882721	0.97154502	0.1491334303427495	0.02038	0.00013
-0.024	-0.008	-0.3055	0.0030159289474462015	-0.0016824973989225337	-0.0004537856055185257	0.98805416	52.77985001	0.95435893	0.06441391272257137	0.0207772	0.00018
-0.0236	-0.0182	-0.3166	0.0031084313978019013	-0.0015184364492350666	-0.0004188790204786391	1.08032811	57.7089386	0.98386621	0.03627349925415266	0.0216079	0.00023
-0.0211	-0.0086	-0.3124	0.0031311206780778272	-0.001553343034274953	-0.00032812189937493397	1.06126595	56.69067383	0.98147407	0.023717649320975857	0.0212728	0.00026
-0.0119	0.0668	-0.2761	0.002960078411382383	-0.0017732545200262388	-0.00012740903539558605	1.02163851	54.57385635	0.98361297	0.15048333082130388	0.0197923	0.0001
-0.0127	0.0471	-0.2654	0.0029967303256742636	-0.0018325957145940458	-0.00020594885173533088	0.93904567	50.16191483	0.93449911	0.0399266462599716	0.0190734	5e-05
-0.0175	-0.0808	-0.3073	0.0031747539093776853	-0.0016336281798666925	-0.0003106686068549907	1.00797665	53.84406662	0.98237656	0.19868554367752173	0.0207255	0.00016
-0.0197	-0.0423	-0.3181	0.0031363566658338103	-0.001467821900927231	-0.0003525565089028545	0.908369	48.52323151	0.92920333	0.06380457122656	0.0212678	0.00022
-0.0215	0.0059	-0.327	0.0033405601883171464	-0.0014748032179352085	-0.0003054326190990077	1.08839738	58.13998413	1.00427787	0.07181543646475803	0.0210249	0.0002
-0.0151	0.1006	-0.2957	0.003237585762449481	-0.001562069680534925	-0.00015009831567151235	1.05618584	56.41930771	1.00784619	0.14967875959474383	0.0198414	0.00012
-0.0088	0.1657	-0.265	0.003113667385557884	-0.0017051866791984597	-5.235987755982988e-06	1.03392541	55.23019791	0.98005548	0.12269488517353304	0.0201869	0.00015
0.0008	0.1231	-0.183	0.0030124382889422127	-0.0017837264955382047	4.886921905584123e-05	1.02740943	54.88212967	0.99579245	0.145893705988362	0.0172052	7e-05
0.0009	0.0124	-0.231	0.0031223940318178558	-0.0016458454846306526	-2.4434609527920616e-05	1.02874851	54.95366287	1.0012386	0.17485702911834788	0.0172577	5e-05
-0.008	-0.121	-0.2845	0.0032498030672134413	-0.0015271630954950383	-0.0001675516081914556	1.09418154	58.44895935	1.02569505	0.21526042115973668	0.0198697	0.00021
-0.0149	-0.0727	-0.2945	0.0032637657012293962	-0.0013648474750595659	-0.0002129301687433082	0.95946234	51.25253296	0.94781111	0.076282840750164	0.0197725	0.00017
-0.0171	-0.0127	-0.3071	0.0030909781052819575	-0.0012671090369478833	-0.00019896753472735358	1.03482878	55.27845383	0.97946817	0.0890244334037538	0.0206642	8e-05
-0.0173	0.042	-0.3014	0.0025603980126756814	-0.001192059879112127	-0.00027750735106709843	1.05356717	56.27942276	0.98013884	0.09480845333908883	0.0215752	0.0003
-0.013	0.1363	-0.2591	0.0027331856086231197	-0.0014311699866353504	-0.00017802358370342162	1.06467497	56.87277985	0.99106022	0.16646907354171692	0.0200782	0.00011
-0.0012	0.1838	-0.2247	0.0028693212902786776	-0.0016283921921107093	-8.028514559173915e-05	0.96206033	51.39131165	0.94284846	0.11525481626212992	0.0191252	9e-05
-0.0003	0.1061	-0.2436	0.0028571039855147177	-0.0016388641676226754	-0.00010471975511965978	0.96647495	51.62713242	0.95812469	0.09985619449019233	0.0187423	7e-05
-0.0116	-0.0468	-0.2965	0.0029880036794142917	-0.0014067353771074296	-0.0002740166925631097	1.06231833	56.74689102	1.01818897	0.24371627109291344	0.0199329	0.0001
-0.0168	-0.0237	-0.2943	0.0028763026072866553	-0.0012618730491919003	-0.0003700098014227979	0.89320576	47.71324158	0.91579335	0.048127825445142686	0.0201476	0.00014
-0.0197	-0.006	-0.3023	0.0029164451800825246	-0.0013281955607676848	-0.00032637657012293966	1.09996283	58.75778198	0.99377648	0.03610491578357561	0.0214732	0.00034
-0.0152	0.0342	-0.2847	0.0029443704481144336	-0.0014311699866353504	-0.0002007128639793479	1.024189	54.71010208	0.97862474	0.07512817000215832	0.0199583	0.00011
-0.0068	0.1289	-0.2134	0.0029513517651224112	-0.001621410875102732	1.7453292519943294e-06	1.07941067	57.65992737	1.01531597	0.19438401993533508	0.0190355	0.0002
-0.0087	0.1335	-0.1573	0.0026563911215353696	-0.0017435839227423352	4.886921905584123e-05	0.97479296	52.07146454	0.96075079	0.08581287905152463	0.0183499	8e-05
-0.0229	0.1384	-0.0599	0.0025254914276357948	-0.0018186330805780916	-0.00010995574287564276	0.98649114	52.69635773	0.98654417	0.1347386906833407	0.0183705	7e-05
-0.0278	0.0744	-0.0219	0.0021746802479849347	-0.0017208946424664088	-0.000317649923862968	0.93227834	49.80041885	0.95033919	0.1397121899374934	0.0187125	0.00013
-0.022	-0.1195	-0.0881	0.002261946710584651	-0.0016632987771505957	-0.0002844886680750757	1.12390947	60.03696442	1.07244764	0.27480117918517105	0.0188991	9e-05
-0.0254	-0.1798	-0.1758	0.002408554367752175	-0.0014538592669112763	-0.0002705260340591211	1.10586262	59.07294083	1.03098489	0.16990049007113991	0.0207548	0.00026
-0.0318	-0.1095	-0.2251	0.0020629791758572974	-0.0012636183784438947	-0.0003089232776029963	1.16061914	61.99792099	1.04421669	0.15471066619530668	0.0224349	0.00048
-0.0252	0.0396	-0.1798	0.00200363798128949	-0.0013892820845874865	-0.0003473205211468716	1.19527006	63.84890366	1.07592972	0.2121701072127637	0.0203563	0.00026
-0.0075	0.2233	-0.044	0.0018570303241219666	-0.0015027284859671175	-0.0004537856055185257	1.26852608	67.76209259	1.15137849	0.3555259571459404	0.0201039	0.0002
-0.0088	0.1864	-0.1056	0.001956514091485643	-0.0014381513036433276	-0.0005567600313861911	1.0737139	57.35562134	1.02346468	0.11315176877775658	0.0199298	0.00018
-0.0146	0.0793	-0.185	0.0020210912738094335	-0.0012025318546240932	-0.0006283185307179585	1.12034011	59.84629822	1.0409734	0.2108877565337396	0.0198436	0.00011
-0.0013	0.1593	-0.1251	0.0021258110289290935	-0.001356120828799594	-0.0005009094953223725	1.05965662	56.60470581	1.00162016	0.1724858882345373	0.0192162	0.00011
0.0015	0.1747	-0.0472	0.0021519909677090087	-0.0013700834628155487	-0.0005846852994181004	0.99208122	52.99496841	0.97837808	0.10229591884457988	0.0183614	0.00011
0.0012	0.0096	-0.1224	0.0024591689160600103	-0.001424188669627373	-0.0006021385919380437	1.08776283	58.10608673	1.04091089	0.25953682238413844	0.0167897	4e-05
0.0092	-0.1227	-0.1982	0.0028710666195306722	-0.001244419756671957	-0.0005515240436302081	1.05648577	56.43532562	1.01826588	0.24821405823669568	0.0186237	0.00016
0.0182	-0.092	-0.1918	0.0030665434957540365	-0.0011536626355682519	-0.000593411945678072	0.94704717	50.58934021	0.94056486	0.06250609496874665	0.0172086	6e-05
0.0111	-0.0497	-0.1967	0.0030700341542580253	-0.0011187560505283654	-0.0004572762640225143	0.99267805	53.02684784	0.9568597	0.06302664625997167	0.0173748	0.00015
0.0119	0.0052	-0.19	0.0030473448739821	-0.0012531464029319286	-0.00035081117965086024	0.99478453	53.13937378	0.95743535	0.07557723585255717	0.0168261	9e-05
0.0121	0.0438	-0.1919	0.002958333082130389	-0.0012688543661998775	-0.00033684854563490564	0.94665915	50.56861115	0.93147288	0.04663411945678071	0.017036	4e-05
0.0131	0.0892	-0.188	0.002958333082130389	-0.0012618730491919003	-0.00032463124087094524	0.96362716	51.47500992	0.94958899	0.05125993108859688	0.017906	0.00017
0.0224	0.1293	-0.1195	0.003159045946109736	-0.0013997540600994523	-0.0001972222054753592	1.02844787	54.937603	0.9830455	0.14120014551412424	0.0168157	9e-05
0.0377	0.1927	-0.062	0.0032864549815053226	-0.0015358897417550098	-5.759586531581287e-05	0.98697174	52.72203064	0.97180637	0.15635855286053452	0.0172327	0.00013
0.0348	0.0545	-0.1051	0.003303908274025266	-0.0015306537539990272	-0.00011519173063162575	1.03205657	55.13036728	1.00839907	0.18821425727958693	0.0154405	3e-05
0.0163	-0.0616	-0.1541	0.0030962140930379405	-0.0013700834628155487	-0.0003577924966588376	1.02696788	54.8585434	0.98922132	0.2141432619099008	0.0169576	5e-05
0.0087	-0.032	-0.1652	0.003077015471266003	-0.0013945180723434693	-0.0003717551306747922	0.91983855	49.13591003	0.93025827	0.051179793265790655	0.0168008	5e-05
0.0239	0.0372	-0.1082	0.0030124382889422127	-0.001583013631558857	-0.00020420352248333657	0.98976117	52.87103653	0.96787865	0.1624312174865317	0.01568	4e-05
0.0287	0.032	-0.118	0.0030490902032340936	-0.0015376350710070042	-0.00021118483949131387	0.95624173	51.08049393	0.95126526	0.02425058959258553	0.0154465	4e-05
0.0208	-0.0109	-0.1581	0.0030578168494940655	-0.001410226035611418	-0.0003665191429188092	1.01020467	53.96308517	0.97268358	0.10547349925415266	0.0162317	0.00014
0.0176	0.034	-0.1477	0.0028221974004748306	-0.0012636183784438947	-0.0004049163864626844	1.00356829	53.60858536	0.96112883	0.07953121748653166	0.0162334	9e-05
0.0231	0.0756	-0.1336	0.0026755897433073067	-0.0012112585008840647	-0.00028797932657906436	0.97822475	52.25478363	0.93933035	0.07699522973054869	0.01644	6e-05
0.0242	0.0881	-0.1455	0.002663372438543347	-0.0013002702927357754	-0.00021642082724729686	0.97303993	51.97782135	0.95129158	0.034139379797371895	0.0173069	5e-05
0.0209	0.0656	-0.1693	0.0030560715202420713	-0.001256637061435917	-0.00040317105721069014	0.98661178	52.70280075	0.95365956	0.0807541271480988	0.0166444	0.00011
0.0248	0.0808	-0.1633	0.002921681167838507	-0.0011693705988362008	-0.0004014257279586958	0.97194129	51.91913223	0.94084904	0.036270107212763726	0.0167817	9e-05
0.0301	0.083	-0.1414	0.0027768188399229783	-0.0012845623294678264	-0.0002844886680750757	0.93649757	50.02580261	0.92817301	0.04824955592153874	0.0163631	5e-05
0.0311	0.0543	-0.1571	0.0028728119487826664	-0.0011833332328521555	-0.00026354471705114377	0.95780593	51.16405106	0.94380062	0.05630830782496454	0.0166869	8e-05
0.0322	0.0112	-0.1522	0.002804744107954888	-0.0010925761117484504	-0.00022340214425527416	0.96655464	51.63138962	0.94339765	0.05904837673636763	0.0165009	7e-05
0.0429	0.0509	-0.1445	0.002766346864411012	-0.0013002702927357754	-0.00013439035240356338	0.95853144	51.20280457	0.94826948	0.0748551608191456	0.0164888	8e-05
0.0529	0.0737	-0.1193	0.0026389378290154262	-0.0014172073526193955	-1.5707963267948964e-05	0.94434017	50.44473648	0.94268394	0.07615142422074102	0.0162371	4e-05
0.0454	0.0158	-0.1467	0.0026825710603152844	-0.0013473941825396225	-0.0002024581932313422	0.94007379	50.21683502	0.94413592	0.1078098315671512	0.015902	5e-05
0.0364	-0.0473	-0.1746	0.002816961412718848	-0.0011327186845443199	-0.00041015237421866745	0.9420132	50.32043457	0.93812753	0.12783800156930955	0.0160778	6e-05
0.0395	0.0132	-0.1678	0.0029129545215785357	-0.0011536626355682519	-0.00020594885173533088	0.97782993	52.23369217	0.96048143	0.08645702911834781	0.0157698	4e-05
0.0496	0.1076	-0.1259	0.0026808257310632897	-0.0013456488532876281	2.268928027592628e-05	1.03025734	55.0342598	0.98460711	0.17903765701229396	0.0158685	5e-05
0.0584	0.1661	-0.1171	0.002649409804527392	-0.001520181778487061	6.632251157578452e-05	0.95842159	51.19693756	0.95133994	0.08857910415175947	0.016595	4e-05
0.0532	0.0662	-0.1246	0.002670353755551324	-0.0015027284859671175	-4.886921905584123e-05	0.95937651	51.24794769	0.95974317	0.12027944870877508	0.0153329	2e-05
0.0426	-0.0742	-0.1771	0.002778564169174973	-0.0013002702927357754	-0.00019198621771937622	1.02313483	54.65378952	0.99581021	0.22618928027592633	0.016431	6e-05
0.0386	-0.0519	-0.1916	0.0027454029133870805	-0.0010297442586766543	-0.0002495820830351891	0.91291463	48.76604843	0.93144809	0.05886415775814129	0.0167394	7e-05
0.0486	0.0632	-0.1545	0.0026110125609835172	-0.0011309733552923255	-1.0471975511965975e-05	0.97902709	52.29764175	0.97244738	0.18593647782712283	0.0160857	5e-05
0.0528	0.1344	-0.1391	0.0026162485487395003	-0.0012740903539558604	-3.4906585039886588e-06	0.99587411	53.19757462	0.97090077	0.09856671517137475	0.0163845	5e-05
0.0482	0.0156	-0.1966	0.002701769682087222	-0.0011938052083641214	-0.00013264502315156904	1.00804579	53.84776306	0.98645113	0.1956480321793521	0.0161409	3e-05
0.0435	-0.0168	-0.2174	0.0027558748888990466	-0.0010088003076527223	-0.00020769418098732522	0.91096228	48.66175842	0.92886761	0.073607963267949	0.0170367	6e-05
0.0417	0.0315	-0.2314	0.0027715828521669953	-0.0008237954069413235	-0.0002251474735072685	0.94823033	50.65254211	0.94787877	0.07500830782496451	0.0170694	6e-05
0.0496	0.0773	-0.2057	0.0028221974004748306	-0.001064650843716541	-9.599310885968811e-05	1.04818094	55.99169922	0.97713398	0.10043121748653167	0.0170859	9e-05
0.0571	0.1385	-0.1689	0.002885029253546627	-0.0010978120995044332	2.094395102393195e-05	1.09629643	58.56193161	1.00100323	0.11614650843716544	0.0171573	0.00024
0.0502	0.012	-0.2111	0.0025446900494077327	-0.001069886831472524	-0.0001361356816555577	1.10121453	58.824646	1.03371053	0.20186720524251467	0.0176558	0.00015
0.0466	-0.0303	-0.2203	0.0024294983187761066	-0.0008779006137531476	-0.00018500490071139895	0.99543238	53.17398071	0.96233884	0.07290235837034217	0.018005	0.00015
0.0566	0.0083	-0.1762	0.002488839513343914	-0.000900589894029074	-1.2217304763960308e-05	1.00229716	53.54068375	0.96583107	0.10544090353955862	0.0165037	5e-05
0.0673	0.0567	-0.1504	0.002371902453460294	-0.0009616764178488756	0.00010297442586766544	0.95564491	51.0486145	0.95410527	0.09956076571675233	0.0161987	4e-05
0.0654	-0.0061	-0.2022	0.0023998277214922034	-0.0008412486994612669	8.726646259971648e-06	0.9491269	50.70043564	0.9497103	0.12863003830136055	0.0170042	6e-05
0.065	-0.0056	-0.2147	0.0024853488548399255	-0.0007661995416255106	-0.0	0.91650587	48.95788574	0.92288254	0.021864846872172508	0.0173692	4e-05
0.0734	0.0402	-0.1839	0.0024870941840919192	-0.0009773843811168245	0.00017802358370342162	1.12252212	59.96285248	1.01546006	0.10454768762233646	0.0175315	0.00028
0.0788	0.1229	-0.1383	0.0023073252711365037	-0.0011152653920243766	0.0002652900463031381	1.07786334	57.57727432	1.00445137	0.15394581932313417	0.0164438	4e-05
0.0671	0.018	-0.1937	0.0023125612588924867	-0.0010629055144645468	0.00011170107212763708	1.02490079	54.74812317	0.9863898	0.1825592419745657	0.0168338	4e-05
0.0672	-0.0269	-0.2176	0.0024678955623199817	-0.0008150687606813518	2.792526803190927e-05	0.97845817	52.26725006	0.95669385	0.09324734306532083	0.0176503	6e-05
0.0841	0.0726	-0.16	0.0022636920398366456	-0.000900589894029074	0.00030368728984701333	1.01754904	54.3554039	0.98762369	0.2022743338823081	0.0166901	3e-05
0.093	0.0773	-0.1435	0.002169444260228951	-0.0009669124056048585	0.0003892084231947355	0.94115603	50.27464676	0.94503466	0.042404571226560064	0.016542	6e-05
0.0887	-0.0225	-0.2085	0.0022706733568446224	-0.0010471975511965976	0.00031415926535897925	1.01532352	54.23652267	0.98953407	0.18192817000215833	0.0177617	9e-05
0.0874	-0.0186	-0.2107	0.0022776546738526	-0.0009546951008408983	0.00033335788713091696	0.98972708	52.8692131	0.95364799	0.013334119456780738	0.0179436	8e-05
0.105	0.0921	-0.1424	0.0022322761133007477	-0.0011501719770642632	0.0006230825429619757	1.06433225	56.85447311	1.01085605	0.22312900463031377	0.0171479	6e-05
0.1059	0.0925	-0.1121	0.002082177797629235	-0.0012479104151759456	0.0005462880558742252	0.96978647	51.80402756	0.95585284	0.047831562043547264	0.0169551	3e-05
0.1026	-0.0529	-0.1733	0.002050761871093337	-0.001218239817892042	0.0005602506898901797	1.08250201	57.82506561	1.0253074	0.21365245789178777	0.0177792	8e-05
0.097	-0.0473	-0.1895	0.0020525072003453313	-0.0009773843811168245	0.00048520153205442357	0.9926433	53.0249939	0.95838993	0.043282496193148376	0.0182244	0.00014
0.1082	0.0463	-0.1434	0.0020664698343612863	-0.0010995574287564276	0.0007033676885537148	1.05868101	56.55259323	0.99747867	0.1686150919077425	0.017248	3e-05
0.1087	0.0856	-0.1463	0.002036799237077382	-0.0011327186845443199	0.0006475171524898963	0.97881693	52.2864151	0.94141285	0.04863411945678076	0.0173785	3e-05
0.0979	-0.0159	-0.1905	0.00210835773640915	-0.0009930923443847736	0.00045902159327450867	1.00868034	53.88166046	0.98150001	0.17648401993533505	0.0179424	0.00013
0.0981	0.0342	-0.1676	0.002139773662945048	-0.0010663961729685354	0.0005218534463463045	0.98699784	52.723423	0.95472403	0.0815775804095728	0.0173545	5e-05
0.1052	0.1106	-0.1478	0.0024137903555081575	-0.0012095131716320703	0.0006736970912698113	1.0067811	53.78020477	0.98540838	0.13174886680750755	0.0175037	7e-05
0.0973	0.0347	-0.1962	0.0024556782575560214	-0.0012636183784438947	0.0005078908123303499	1.02422488	54.71201324	1.00949691	0.14528996938995753	0.0179705	0.00016
0.0826	-0.0159	-0.1846	0.0012775810124598492	-0.0012199851471440364	-4.18879020478639e-05	1.05545616	56.38032532	1.0503404	0.16547545953871226	0.0195801	0.00024
0.0811	0.0129	-0.2046	0.002038544566329377	-0.0010506882097005862	6.108652381980153e-05	0.96641856	51.6241188	0.97774907	0.10196174585903219	0.0180143	9e-05
0.082	-0.0234	-0.2145	0.002106612407157156	-0.0009721483933608416	0.00023212879051524583	0.89609075	47.86735153	0.92537542	0.0629824961931484	0.0185933	0.00012
0.0889	0.0521	-0.1985	0.0020734511513692635	-0.0011362093430483087	0.00042236967898262774	1.00968027	53.93507004	0.9681697	0.11777315469713708	0.0187013	0.00011
0.0963	0.0871	-0.1836	0.0021991148575128553	-0.0013735741213195373	0.0005096361415823442	1.10175669	58.85361099	0.9979368	0.07981474735072681	0.0188786	0.00027
0.0931	-0.0074	-0.1903	0.0022026055160168437	-0.0013648474750595659	0.0003944444109507184	1.0284251	54.93638611	0.99234187	0.11077045176977926	0.0178062	7e-05
0.0907	-0.053	-0.1874	0.002124065699677099	-0.001270599695451872	0.00037350045992678646	0.9617644	51.37550354	0.95079288	0.06058657734856852	0.0178581	0.00011
0.0895	-0.0167	-0.1873	0.00233001455141243	-0.0012863076587198209	0.00041015237421866745	0.98456943	52.59370422	0.95176197	0.05051543646475808	0.0172377	4e-05
0.0866	0.0142	-0.1811	0.0022113321622768156	-0.001155407964820246	0.0003944444109507184	0.9498691	50.74008179	0.94131071	0.053264502315156885	0.016918	7e-05
0.0974	0.1045	-0.1242	0.0021048670779051613	-0.001282817000215832	0.0005113814708343385	1.04304039	55.71710205	0.9846953	0.175540558982543	0.0170327	7e-05
0.1008	0.1245	-0.0977	0.0021938788697568722	-0.0013526301702956054	0.0005532693728822024	0.96027774	51.29608917	0.95079809	0.059935643198967416	0.0167027	7e-05
0.0972	-0.0241	-0.1409	0.002239257430308725	-0.001361356816555577	0.0004939281783143952	1.05108309	56.1467247	1.01446348	0.2010723200689816	0.0163462	4e-05
0.0899	-0.0441	-0.1733	0.0022759093446006054	-0.0012601277199399059	0.0004310963252425994	0.93994021	50.20970154	0.94068924	0.06973564319896737	0.0169785	6e-05
0.0924	-0.0131	-0.1764	0.0024155356847601517	-0.0012095131716320703	0.00041189770347066176	0.95622432	51.07956314	0.93933967	0.047071975511965965	0.016507	4e-05
0.101	0.0737	-0.1114	0.0023125612588924867	-0.001265363707695889	0.0005689773361501514	1.02318752	54.65660477	0.99164411	0.17619522973054869	0.0160552	4e-05
0.1022	0.1027	-0.0889	0.002165953601724963	-0.001329940890019679	0.0005183627878423159	0.93350005	49.86568069	0.93586008	0.06578996938995746	0.0160122	2e-05
0.1006	-0.0183	-0.1178	0.0022235494670407763	-0.0012199851471440364	0.0004520402762665313	0.98411846	52.56961441	0.97295205	0.16319370598836203	0.0159506	2e-05
0.0963	-0.0278	-0.1232	0.002141518992197042	-0.0010576695267085637	0.00040840704496667313	0.92752457	49.54648209	0.93165533	0.03359896632895324	0.0161307	3e-05
0.1019	0.0182	-0.1208	0.0021327923459370708	-0.0010960667702524388	0.00038048177693476387	0.94037372	50.23285675	0.94010637	0.05775245789178778	0.01599	4e-05
0.1119	0.0985	-0.0724	0.002145009650701031	-0.0012269664641520136	0.00039793506945470715	0.99341995	53.06647873	0.97296153	0.1467285145591739	0.016049	7e-05
0.1106	0.0929	-0.0694	0.0021589722847169856	-0.001282817000215832	0.0002251474735072685	0.92571163	49.44963837	0.93265733	0.022030038301360584	0.0156904	2e-05
0.1029	-0.0254	-0.1034	0.002103121748653167	-0.0011833332328521555	0.0002251474735072685	0.99947196	53.38976669	0.9810038	0.16776671517137476	0.01601	5e-05
0.0965	-0.0033	-0.1137	0.0020245819323134223	-0.0010262536001726657	0.0001308996938995747	0.93801141	50.10666656	0.93939627	0.0552933614313464	0.0160927	6e-05
0.1021	0.0593	-0.0793	0.0019669860669976093	-0.0010733774899765126	0.00018675022996339323	0.95939565	51.24897003	0.94216351	0.11062851455917393	0.0160695	5e-05
0.1053	0.0917	-0.065	0.002033308578573394	-0.0011623892818282235	0.00011519173063162575	0.94436526	50.44607925	0.94499078	0.06124464013796316	0.0159823	3e-05
0.1012	-0.004	-0.1008	0.0022549653935766737	-0.0011466813185602744	0.0001291543646475804	0.97839123	52.26367569	0.96616971	0.1481663706143592	0.0152321	4e-05
0.0948	-0.028	-0.1208	0.0022985986248765322	-0.001090830782496456	2.6179938779914945e-05	0.96111602	51.3408699	0.94320205	0.06052290966156713	0.0155617	4e-05
0.1017	0.0388	-0.1008	0.0024068090385001802	-0.001165879940332212	4.886921905584123e-05	0.99065769	52.91892624	0.96179986	0.10399744258676652	0.0150236	5e-05
0.1054	0.1076	-0.0606	0.0023753931119642824	-0.0012897983172238095	6.9813170079773176e-06	0.96971107	51.79999924	0.95366159	0.12256111027376795	0.0153955	5e-05
0.0978	0.0266	-0.0926	0.002494075501099897	-0.0012217304763960308	-6.108652381980153e-05	0.95575935	51.05472565	0.94995608	0.1333409035395586	0.0145393	3e-05
0.0828	-0.0536	-0.1581	0.0027680921936630064	-0.0010995574287564276	-0.0001658062789394613	0.98921263	52.84173203	0.97163896	0.1857454747661186	0.0153275	3e-05
0.0855	-0.0069	-0.1466	0.002522000769131806	-0.0010384709049366262	-0.00013264502315156904	0.93867767	50.14225769	0.94150351	0.07791696020694469	0.0154073	4e-05
0.092	0.0808	-0.1142	0.002495820830351891	-0.0011519173063162574	1.2217304763960308e-05	1.03696263	55.3924408	0.98533427	0.14082443340375375	0.0153275	4e-05
0.0972	0.1037	-0.1019	0.0024731315500759648	-0.0012409290981679683	1.7453292519943294e-06	0.9628337	51.43262482	0.94829355	0.04650865238198016	0.0152009	3e-05
0.0977	0.0024	-0.1201	0.0025569073541716926	-0.0012147491593880533	5.061454830783555e-05	0.98901814	52.8313446	0.96287115	0.1279412480965742	0.0145872	4e-05
0.0959	-0.0514	-0.1408	0.0026267205242514655	-0.001043706892692609	6.806784082777885e-05	0.94856113	50.67021179	0.94148982	0.08921543646475803	0.0151616	4e-05
0.0978	-0.0002	-0.1265	0.0027611108766550296	-0.0009930923443847736	0.00011170107212763708	1.02476966	54.74111938	0.96843211	0.07883190660056291	0.0150134	8e-05
0.0999	0.0822	-0.0755	0.0030595621787460597	-0.0011309733552923255	0.00016231562043547262	1.07109535	57.21574402	0.99958838	0.1598473430653209	0.0142597	0.0001
0.1048	0.0377	-0.0974	0.0030752701420140084	-0.0011623892818282235	0.0001658062789394613	0.97811574	52.24895859	0.95906015	0.07383072741539178	0.0135879	5e-05
0.1003	-0.0481	-0.1289	0.003005456971934235	-0.001129228026040331	0.00017104226669544429	1.02131736	54.55670166	0.97079007	0.12721052068118244	0.0140547	3e-05
0.0914	-0.0255	-0.1474	0.002921681167838507	-0.0009512044423369096	0.00012042771838760874	0.95871007	51.21234894	0.94002422	0.06562069680534925	0.0142382	4e-05
0.0963	0.0134	-0.1556	0.0030281462522101614	-0.0009372418083209549	0.00017453292519943296	1.00520551	53.69603729	0.96467141	0.06072664625997164	0.0146483	7e-05
0.109	0.0709	-0.127	0.0029373891311064567	-0.0011623892818282235	0.0003193952531149623	1.05050373	56.11577988	0.97706626	0.12183834612632512	0.0146908	0.00016
0.1154	0.0821	-0.113	0.0029792770331543207	-0.0012601277199399059	0.00039095375244672985	0.97925723	52.30993652	0.94954223	0.042159241974565685	0.0141812	3e-05
0.1163	-0.0311	-0.1389	0.003040363556974122	-0.0011833332328521555	0.0003787364476827695	0.99735266	53.27655792	0.97431647	0.1475049157835756	0.013798	3e-05
0.1188	-0.0376	-0.1469	0.0031014500807939236	-0.0010419615634406148	0.000312413936106985	0.93328089	49.85397339	0.92530699	0.030439035240356346	0.0141171	2e-05
0.1219	-0.0008	-0.1393	0.0029897490086662863	-0.0010192722831646884	0.00031415926535897925	0.94533181	50.49770737	0.94026172	0.05430678408277788	0.014352	4e-05
0.1224	0.0621	-0.0973	0.002804744107954888	-0.0010314895879286487	0.0003595378259108319	1.03086543	55.06674194	0.97838672	0.11753003830136056	0.0144454	4e-05
0.1233	0.0891	-0.0986	0.0029164451800825246	-0.0011257373675363424	0.0003717551306747922	0.9677946	51.69762421	0.9494627	0.04010830782496452	0.0141339	2e-05
0.1137	-0.0299	-0.1307	0.002921681167838507	-0.001022762941668677	0.0002844886680750757	1.01232922	54.07657242	0.97921345	0.17047384381116823	0.013963	3e-05
0.1027	-0.0698	-0.1591	0.0030281462522101614	-0.0008203047484373349	0.0001832595714594046	0.94777513	50.62822723	0.94138401	0.09980761871093335	0.0146351	5e-05
0.112	0.0306	-0.1148	0.0030630528372500485	-0.0008412486994612669	0.00034208453339088857	1.05337203	56.26899719	0.99671561	0.16473377489976515	0.0142999	6e-05
0.1079	0.1051	-0.0812	0.002844886680750757	-0.0009389871375729493	0.0002583087292951608	1.01110852	54.01136398	0.97339634	0.13218401993533507	0.0144504	4e-05
0.1089	0.0133	-0.1067	0.0028221974004748306	-0.0010245082709206715	0.00021467549799530252	0.97763371	52.22320938	0.96316445	0.12589218224617532	0.0140895	3e-05
0.1082	-0.0264	-0.1295	0.0029530970943744054	-0.0009616764178488756	0.0002565634000431664	0.95364243	50.94164658	0.9444062	0.07498097245096173	0.0142265	4e-05
0.12	0.054	-0.0881	0.002928662484846485	-0.0009721483933608416	0.00032463124087094524	1.00299454	53.57793427	0.96918231	0.13874872129338328	0.0142817	4e-05
0.1243	0.0926	-0.0816	0.0029373891311064567	-0.0011152653920243766	0.0003159045946109737	0.93565869	49.98099136	0.93411768	0.05742851455917392	0.0144153	2e-05
0.1186	-0.0323	-0.1368	0.0031747539093776853	-0.0010838494654884787	0.0002495820830351891	1.00705278	53.7947197	0.98262319	0.20255516081914557	0.0140844	3e-05
0.121	-0.0293	-0.121	0.0032096604944175725	-0.0009826203688728075	0.00029321531433504735	0.94888681	50.68761063	0.94698709	0.03018844564777084	0.0143426	9e-05
0.1247	0.0776	-0.0828	0.003106686068549906	-0.0010786134777324957	0.000322885911618951	1.01269829	54.09628677	0.98902817	0.16023190660056288	0.0142277	6e-05
0.1249	0.0021	-0.1105	0.002998475654926258	-0.0010716321607245184	0.0002897246558310587	0.96140939	51.35654068	0.9520687	0.11081764932097586	0.0142097	7e-05
0.1206	-0.0266	-0.1396	0.0030176742766981957	-0.0009564404300928925	0.0002024581932313422	0.94765443	50.62177658	0.94142894	0.073182840750164	0.0144364	8e-05
0.121	0.0515	-0.0921	0.003014183618194207	-0.0008779006137531476	0.00017278759594743863	1.00150108	53.4981575	0.97042246	0.13158505360638187	0.0140858	3e-05
0.1253	0.1037	-0.0726	0.003001966313430246	-0.0008970992355250854	6.108652381980153e-05	0.94009227	50.21782303	0.93697411	0.0831558499331768	0.0143653	3e-05
0.1225	-0.0027	-0.1134	0.0030613075079980543	-0.0007714355293814937	-1.9198621771937625e-05	0.97515547	52.09082794	0.96825405	0.1632645023151569	0.0136334	2e-05
0.1188	-0.022	-0.1244	0.0031258846903218446	-0.0005864306286700947	-9.773843811168246e-05	0.93747646	50.07809067	0.93492809	0.0504060949687467	0.0142705	6e-05
0.1207	0.0877	-0.074	0.0031695179216217023	-0.0006667157742618339	-0.00011344640137963142	1.03838348	55.46834183	0.99629948	0.16898131700797728	0.0137665	2e-05
0.1209	0.0311	-0.0986	0.0032026791774095948	-0.0007225663103256524	-9.075712110370512e-05	0.94363397	50.40701294	0.94200791	0.08698505360638184	0.0131333	2e-05
0.118	-0.0504	-0.1339	0.003232349774693498	-0.0007068583470577034	-5.93411945678072e-05	0.96987462	51.80873489	0.95964427	0.1235397243543875	0.0138392	6e-05
0.1217	0.0624	-0.0731	0.0030490902032340936	-0.0006579891280018621	-0.00018151424220741024	1.02701616	54.86111832	0.99413214	0.1950150919077425	0.0137593	4e-05
0.1187	0.0871	-0.0502	0.0030002209841782524	-0.0005899212871740833	-0.00032637657012293966	0.92838758	49.5925827	0.93641116	0.06368996938995747	0.0137131	4e-05
0.1245	-0.0398	-0.0908	0.003309144261781249	-0.0006824237375297829	-0.00021118483949131387	1.00227523	53.53951263	0.98083558	0.1991308729295161	0.013177	4e-05
0.126	0.0008	-0.0644	0.0032969269570172887	-0.0005393067388662478	-0.0002199114857512855	0.94673634	50.57273483	0.94285552	0.07670304748437334	0.013391	4e-05
0.1305	0.0991	-0.0279	0.003232349774693498	-0.000598647933434055	-0.0002617993877991494	1.00047004	53.4430809	0.97120365	0.1475903139469731	0.0141726	9e-05
0.1318	0.0239	-0.0581	0.003199188518905606	-0.0005532693728822024	-0.0002652900463031381	0.96244121	51.41165924	0.95440457	0.11080152374218664	0.0131416	5e-05
0.1242	-0.0502	-0.0995	0.0032498030672134413	-0.0004921828490624009	-0.0002443460952792061	0.96948177	51.78775024	0.9566979	0.12973225115757844	0.013269	6e-05
0.1172	-0.0017	-0.1042	0.003239331091701475	-0.00043458698374658803	-0.00027750735106709843	0.95994043	51.27807236	0.94901599	0.06526145483078358	0.012935	5e-05
0.1263	0.0989	-0.0684	0.003309144261781249	-0.0005288347633542819	-0.00027750735106709843	0.99511838	53.15720749	0.97397959	0.15370304748437338	0.0130924	9e-05
0.1259	0.0554	-0.0807	0.003438298626428829	-0.000619591884457987	-0.0002740166925631097	0.92062891	49.1781311	0.93398689	0.06737010721276368	0.0123218	4e-05
0.1197	-0.0444	-0.1123	0.003543018381548489	-0.0005689773361501514	-0.0002844886680750757	0.97859228	52.27441406	0.96123988	0.14589031394697308	0.0122974	3e-05
0.112	-0.0015	-0.083	0.0035098571257605967	-0.0004415683007545654	-0.0003595378259108319	0.94360411	50.4054184	0.94302087	0.09168097245096173	0.0121747	4e-05
0.1124	0.0813	-0.0442	0.003602359576116296	-0.000593411945678072	-0.0003612831551628262	0.98700303	52.72370148	0.96064019	0.13430457122656	0.0126495	4e-05
0.1115	-0.0115	-0.087	0.0037210419652519105	-0.000645771823237902	-0.00030368728984701333	0.98144144	52.42661285	0.96590487	0.14793190660056282	0.0117926	1e-05
0.1216	0.0545	-0.0302	0.0034330626386728466	-0.0007347836150896127	-8.37758040957278e-05	1.02081537	54.52988815	0.98201697	0.16274513020910303	0.0134152	7e-05
0.1222	0.1445	0.0302	0.003113667385557884	-0.0008377580409572782	-4.886921905584123e-05	1.0157398	54.25875854	0.99313168	0.17386381320112576	0.0157784	0.00015
0.1138	0.0091	0.0116	0.003237585762449481	-0.0006318091892219474	-0.000153588974175501	1.01502132	54.22037888	0.99582404	0.18412934918732937	0.0137437	6e-05
0.1022	-0.1393	-0.0673	0.003373721444105039	-0.0005567600313861911	-0.00013788101090755203	1.0926913	58.36935425	1.0322739	0.25024464013796316	0.0139912	4e-05
0.0931	-0.0753	-0.0847	0.0035150931135165793	-0.0005393067388662478	-0.0002478367537831948	0.96258521	51.41934967	0.9563039	0.10393903524035632	0.0126493	3e-05
0.101	0.0668	-0.0338	0.003502875808752619	-0.0006003932626860494	-0.0002617993877991494	1.05446339	56.3272934	1.00048069	0.20526332312998585	0.0126445	2e-05
0.1019	0.0307	-0.0527	0.003309144261781249	-0.0005131268000863328	-0.0001832595714594046	0.92619729	49.47558212	0.93215903	0.07387689129554156	0.0125254	3e-05
0.1053	0.0091	-0.0678	0.003766420525803763	-0.00042236967898262774	-0.00013439035240356338	0.93473101	49.93143463	0.94029099	0.069945130209103	0.0117627	4e-05
0.1137	0.0875	-0.0207	0.003611086222376268	-0.00046949356878647465	-0.0001256637061435917	0.98106456	52.40647888	0.966328	0.14445924197456567	0.012864	3e-05
0.1148	0.0919	-0.0336	0.0035674529910764093	-0.0004974188368183839	-0.00020420352248333657	0.92369515	49.34192276	0.93403581	0.02590491578357564	0.0127343	5e-05
0.107	-0.0093	-0.0841	0.003661700770684103	-0.0003769911184307752	-0.00034557519189487725	1.00674295	53.77816772	0.9812696	0.1773023583703421	0.0117397	3e-05
0.1109	0.0243	-0.0537	0.003686135380212024	-0.00041713369122664475	-0.0003577924966588376	0.95765156	51.15580368	0.9445068	0.07173972435438754	0.0118714	4e-05
0.1214	0.0786	-0.0284	0.003745476574779831	-0.0006265732014659643	-0.00018151424220741024	0.94163257	50.30010223	0.92857237	0.1123529479629277	0.0122863	3e-05
0.1117	-0.0276	-0.0668	0.003920009499979264	-0.0006911503837897545	-0.0002373647782712288	0.96900135	51.76208878	0.96069483	0.16904803217935208	0.0118451	3e-05
0.1	-0.0823	-0.1076	0.004068362486398782	-0.0005916666164260777	-0.0003193952531149623	0.9614237	51.35730362	0.9523079	0.1236933614313464	0.0118852	3e-05
0.1014	-0.0257	-0.0822	0.003906046865963309	-0.0006789330790257941	-0.00035604716740684323	0.97286403	51.96842575	0.95068504	0.09771169986635352	0.0117961	4e-05
0.1085	0.0723	-0.0468	0.0037419859162758423	-0.0008325220532012951	-0.0003525565089028545	1.01160622	54.03795624	0.97895063	0.1565570291183478	0.0123957	0.00012
0.102	0.02	-0.0784	0.0037978364523396607	-0.0009040805525330626	-0.00045902159327450867	0.95150703	50.82757568	0.94733931	0.102093705988362	0.0117455	2e-05
0.0846	-0.0598	-0.1014	0.0037995817815916558	-0.0006667157742618339	-0.0006492624817418905	0.97833526	52.26068497	0.95626084	0.14166754979953028	0.0118953	3e-05
0.0873	0.0236	-0.0525	0.003701843343479973	-0.0006859143960337716	-0.0008307767239493009	0.99901694	53.36545944	0.96639105	0.14992256510455157	0.0119563	3e-05
0.0914	0.1008	-0.0283	0.003569198320328404	-0.0008709192967451704	-0.0008656833089891874	0.97426188	52.04309464	0.96215822	0.12312782544514272	0.0130151	5e-05
0.0826	-0.0113	-0.079	0.0038065630985996326	-0.0009581857593448868	-0.000926769832808989	1.00425148	53.64507675	0.98042645	0.1908858882345373	0.0116647	4e-05
0.0816	-0.0431	-0.0919	0.003947934768011174	-0.0009721483933608416	-0.00091106186954104	0.93805587	50.10904312	0.93892853	0.05425211333477225	0.011836	5e-05
0.0857	0.0785	-0.0295	0.004043927876870862	-0.0011135200627723821	-0.0008464846872172499	1.02776384	54.9010582	0.99941606	0.2031970980297509	0.0121595	4e-05
0.0843	0.0947	0.0221	0.004253367387110181	-0.001281071670963838	-0.0009581857593448868	0.920313	49.16125488	0.937685	0.0936346095279206	0.0129768	4e-05
0.0854	-0.0402	0.0045	0.004295255289158045	-0.0012269664641520136	-0.000973893722612836	0.97171545	51.90707016	0.966672	0.1591850536063819	0.0122077	4e-05
0.0918	-0.1665	-0.0589	0.004523893421169302	-0.0010768681484805013	-0.0007155849933176752	1.00099123	53.47092438	0.98301883	0.22795225884889653	0.0131413	9e-05
0.0991	-0.1151	-0.067	0.004511676116405342	-0.0008726646259971648	-0.000645771823237902	1.01540232	54.24073029	0.97938704	0.08111169986635347	0.0119736	4e-05
0.1099	0.0493	-0.0101	0.0044156830075456534	-0.000890117918517108	-0.0006544984694978735	1.21132553	64.7065506	1.08108577	0.23820865238198016	0.0122759	0.00011
0.11	0.0241	-0.041	0.004305727264670011	-0.0008691739674931761	-0.0006998770300497262	1.00255275	53.55433273	0.96901675	0.06501391272257134	0.0111157	3e-05
0.1027	-0.0232	-0.0773	0.0044436082755775624	-0.0007592182246175333	-0.0007347836150896127	1.01857495	54.41020584	0.96796071	0.105037166941154	0.010345	5e-05
0.1031	0.0325	-0.0607	0.004401720373529699	-0.0006579891280018621	-0.0008133234314293575	0.97026408	51.82954025	0.94877486	0.08378284075016396	0.00996166	1e-05
0.1081	0.1144	-0.0199	0.004394739056521722	-0.0008255407361933179	-0.0008377580409572782	1.06826627	57.06461716	0.98350508	0.13764837673636768	0.0119723	0.00011
0.1075	0.0511	-0.045	0.004368559117741807	-0.0008779006137531476	-0.0008307767239493009	1.03278112	55.16907501	0.97275973	0.09327605666738611	0.0109475	0.00012
0.1076	-0.0435	-0.0843	0.004448844263333546	-0.0007539822368615504	-0.0008325220532012951	1.06868422	57.08694458	0.98476231	0.14429744258676655	0.0102122	5e-05
0.1078	0.0067	-0.0401	0.004333652532701919	-0.0007731808586334879	-0.0008203047484373349	0.98787004	52.77001572	0.95688336	0.10193038285837625	0.0102437	3e-05
0.1075	0.0383	-0.0362	0.004401720373529699	-0.000900589894029074	-0.0007853981633974483	0.97173387	51.90805435	0.94641286	0.047319173063162606	0.010867	2e-05
0.1081	-0.086	-0.0789	0.0045308747381772796	-0.0008691739674931761	-0.0008185594191853405	1.04033267	55.57246399	0.98690378	0.17728657734856856	0.0107378	3e-05
0.107	-0.0726	-0.0814	0.004487241506877421	-0.0007696902001294993	-0.0009529497715889039	0.96047288	51.30651474	0.94520671	0.03087536755335492	0.0106074	5e-05
0.1093	0.0469	-0.0108	0.004201007509550351	-0.0008604473212332044	-0.0008988445647770796	1.05138278	56.1627388	1.00439701	0.21395481626212995	0.0112535	2e-05
0.1067	0.0153	-0.0321	0.003937462792499207	-0.0007470009198535729	-0.0009634217471008699	0.94037086	50.23270416	0.94038492	0.07757841503772829	0.0110772	1e-05
0.1024	-0.0525	-0.0759	0.004103269071438669	-0.00041538836197465044	-0.0009843656981248017	0.96299154	51.4410553	0.95103187	0.1418181393921158	0.010604	4e-05
0.1111	0.0178	-0.0474	0.004883431247080134	-0.00035081117965086024	-0.0009040805525330626	1.01210499	54.06459808	0.98144324	0.15375122517784967	0.0100005	3e-05
0.1072	0.0824	-0.054	0.00588525023772488	-0.00034033920413889426	-0.001043706892692609	1.01081502	53.99568939	0.97771331	0.13269586531581287	0.00899196	1e-05
0.0951	0.0021	-0.1052	0.00598647933434055	-0.0003298672286269283	-0.0010070549784007281	0.96911502	51.76815796	0.9621927	0.1510176493209759	0.00792724	2e-05
0.089	-0.0671	-0.1349	0.005855579640440977	-0.00034557519189487725	-0.0010035643198967395	0.96474344	51.53463745	0.95041516	0.11250491578357556	0.00830936	2e-05
0.0871	-0.0548	-0.1285	0.005813691738393112	1.2217304763960308e-05	-0.000926769832808989	0.9615441	51.3637352	0.94138868	0.04442374428972265	0.0083974	1e-05
0.1008	0.038	-0.0714	0.005878268920716902	-0.00020769418098732522	-0.0008883725892651138	1.00281978	53.5685997	0.97122591	0.1797442955809475	0.00835854	4e-05
0.1048	0.023	-0.0802	0.005899212871740834	-0.0001308996938995747	-0.0008412486994612669	0.9337585	49.87948608	0.93713536	0.03504311639577648	0.00821531	3e-05
0.104	-0.0534	-0.1238	0.005937610115284709	-1.2217304763960308e-05	-0.000900589894029074	0.96993273	51.81184006	0.95714936	0.13162104136236483	0.00810921	3e-05
0.1049	-0.0266	-0.1036	0.005970771371072602	-8.726646259971648e-06	-0.0008813912722571365	0.97301483	51.97647858	0.95160175	0.05069252680319096	0.00827408	2e-05
0.1069	0.0632	-0.0694	0.006077236455444256	-0.0001361356816555577	-0.0008604473212332044	1.01475859	54.20634842	0.97682567	0.1387409035395586	0.00853592	4e-05
0.1032	0.0316	-0.0596	0.005934119456780722	-0.00013439035240356338	-0.0009930923443847736	0.92884177	49.61684418	0.93141719	0.05897536755335489	0.00832653	2e-05
0.1	-0.0818	-0.1103	0.005996951309852516	-8.901179185171081e-05	-0.0009546951008408983	0.98925632	52.84406662	0.96924732	0.17463038285837612	0.00825709	3e-05
0.1037	-0.0599	-0.0922	0.006115633698988131	8.726646259971648e-06	-0.0009232791743050004	0.99089795	52.93175888	0.95541247	0.05609183768915973	0.00880212	5e-05
0.1105	0.0531	-0.0206	0.006321582550723462	-5.4105206811824215e-05	-0.0009197885158010115	1.10485125	59.01891327	1.02128325	0.20501356816555577	0.00950015	1e-05
0.1119	0.0399	-0.003	0.006295402611943547	-2.96705972839036e-05	-0.0010332349171806431	0.96773809	51.69460678	0.95099562	0.04040304748437334	0.00963932	8e-05
0.1101	-0.0855	-0.0529	0.006321582550723462	-2.268928027592628e-05	-0.0009354964790689606	1.04744554	55.95241547	0.99772637	0.18364498469497872	0.00860709	1e-05
0.1123	-0.0962	-0.0884	0.006359979794267337	0.00017627825445142725	-0.0008691739674931761	0.95505708	51.01721191	0.9443778	0.06358436449235064	0.00843167	3e-05
0.1154	-0.0082	-0.0622	0.0065327673902147755	8.203047484373349e-05	-0.0008831366015091308	1.04228044	55.67650986	0.97518784	0.13134990047855438	0.00836253	5e-05
0.1195	0.0638	-0.0395	0.006520550085450815	-5.759586531581287e-05	-0.000932005820564972	1.0134958	54.13888931	0.96680768	0.1088356431989674	0.00870246	3e-05
0.1155	-0.0242	-0.0776	0.0066043258895465435	3.141592653589793e-05	-0.0009162978572970229	0.99323106	53.05638885	0.96479892	0.13952477796076942	0.00778794	6e-05
0.1101	-0.0396	-0.0895	0.0065764006215146345	6.981317007977319e-05	-0.0009337511498169664	0.98027366	52.36423111	0.93943083	0.036888790204786394	0.00773191	2e-05
0.11	0.0225	-0.0623	0.006468190207890985	4.537856055185256e-05	-0.0009232791743050004	0.96020132	51.29200745	0.93977877	0.0965558499331768	0.00774872	1e-05
0.1084	0.0413	-0.0534	0.006503096792930871	-3.490658503988659e-05	-0.0009616764178488756	0.96524614	51.56149292	0.93793317	0.036979448708775016	0.00830144	3e-05
0.1063	-0.034	-0.0677	0.006787585461005948	8.726646259971648e-06	-0.0009704030641088471	0.98394227	52.56019974	0.95293471	0.10854242728174535	0.0077635	2e-05
0.1093	-0.0237	-0.0652	0.007065092812073046	-1.3962634015954635e-05	-0.0009913470151327792	0.96296656	51.43972015	0.94461353	0.031857029118347806	0.0077222	1e-05
0.1148	0.022	-0.0305	0.006944665093685436	-0.00011519173063162575	-0.00091106186954104	0.99270612	53.02834702	0.95388305	0.10099709802975101	0.00836122	2e-05
0.118	0.0301	-0.0268	0.006653195108602383	-0.00011170107212763708	-0.0009529497715889039	0.93125373	49.74568558	0.9273666	0.03184242728174528	0.0083155	1e-05
0.115	-0.0642	-0.0876	0.0067771134854939805	-0.00016406094968746698	-0.0008761552845011534	1.00570965	53.72296906	0.97515645	0.17075363707695887	0.00808728	3e-05
0.1148	-0.093	-0.1193	0.006834709350809794	-0.0002443460952792061	-0.0008447393579652555	0.9858591	52.66259384	0.9548208	0.06916484687217254	0.00826311	3e-05
0.1118	-0.0118	-0.0672	0.006871361265101675	-0.00017453292519943296	-0.0009302604913129776	1.06650627	56.97060013	0.99455126	0.14589931088596883	0.00811994	1e-05
0.1109	0.0585	-0.037	0.006745697558958083	-0.00023387411976724014	-0.0009843656981248017	0.99134177	52.95546722	0.96526761	0.11335550537616115	0.00846249	3e-05
0.1081	0.0078	-0.0511	0.006815510729037857	-0.0001186823891356144	-0.0010559241974565693	0.97084272	51.86045074	0.93842944	0.08042817000215836	0.00822252	2e-05
0.1062	-0.0723	-0.054	0.006899286533133583	9.948376736367679e-05	-0.001069886831472524	0.98529232	52.63231659	0.95629572	0.1006952297305486	0.00844896	0.0
0.1076	-0.0479	-0.0493	0.006890559886873613	8.901179185171081e-05	-0.0010332349171806431	0.98085445	52.39525604	0.94977604	0.03329252680319088	0.00844085	2e-05
0.114	0.0543	-0.0216	0.006888814557621618	-8.726646259971648e-06	-0.001001818990644745	1.02270699	54.63093567	0.97857718	0.14284498469497875	0.00870287	4e-05
0.1162	0.0409	-0.0255	0.006766641509982015	-5.93411945678072e-05	-0.001022762941668677	0.93097419	49.73075485	0.93253602	0.029186577348568513	0.00864547	2e-05
0.1094	-0.0374	-0.0423	0.00676838683923401	2.268928027592628e-05	-0.0010978120995044332	0.94439107	50.44745636	0.94184631	0.1098412480965742	0.00824589	4e-05
0.1057	-0.0311	-0.0452	0.0067980574365179135	5.759586531581287e-05	-0.0011711159280881952	0.97494978	52.07984161	0.94879384	0.019794050545377608	0.00855923	3e-05
0.1071	0.009	-0.0258	0.006698573669154236	-2.6179938779914945e-05	-0.0012217304763960308	1.05267179	56.23159027	0.97504288	0.07259370598836205	0.00885361	5e-05
0.1042	0.0471	-0.0211	0.006515314097694833	-0.00015533430342749534	-0.00124965574442794	0.99057215	52.91435623	0.95443412	0.06271696020694464	0.00881118	2e-05
0.1002	-0.0497	-0.0439	0.006658431096358368	-1.9198621771937625e-05	-0.001270599695451872	1.01406693	54.16939926	0.96177793	0.13860983156715123	0.00856858	4e-05
0.0991	-0.0889	-0.0618	0.006939429105929455	0.00010471975511965978	-0.001239183768915974	1.00008857	53.4227066	0.95793805	0.08001661564992914	0.00859523	2e-05
0.1012	-0.041	-0.0381	0.006923721142661505	0.00012217304763960306	-0.001265363707695889	1.04265141	55.69632339	0.97664954	0.07666705972839041	0.00860393	4e-05
0.1017	0.0592	-0.0148	0.006825982704549823	5.4105206811824215e-05	-0.0012880529879718153	1.02212036	54.59959412	0.9790219	0.13342477796076935	0.00890595	3e-05
0.1014	0.0541	-0.0221	0.006789330790257941	1.2217304763960308e-05	-0.0013421581947836393	0.97167492	51.90490341	0.93686047	0.019332251157578497	0.00933373	3e-05
0.0999	-0.0421	-0.0331	0.006822492046045835	0.00015009831567151235	-0.0013718287920675431	0.98305267	52.51268005	0.96348032	0.11873564319896748	0.00846612	3e-05
0.1027	-0.0449	-0.0367	0.006880087911361647	0.0001239183768915974	-0.0013194689145077131	0.90792406	48.49946213	0.92114171	0.016006784082777843	0.00853115	3e-05
0.104	-0.0174	-0.0143	0.0069865529957333005	4.71238898038469e-05	-0.0013648474750595659	0.93738079	50.07298279	0.94044974	0.06263190660056285	0.00904691	3e-05
0.1053	0.0729	-0.0098	0.007117452689632876	-0.0001308996938995747	-0.0014119713648634124	0.96305346	51.44436264	0.96161047	0.11390235837034218	0.00973111	5e-05
0.1054	-0.0268	-0.0471	0.007150613945420769	-1.0471975511965975e-05	-0.0013683381335635543	0.9861148	52.67625427	0.97158202	0.146961110273768	0.00822937	3e-05
0.1032	-0.0678	-0.0725	0.007237880408020484	0.00018500490071139895	-0.0013421581947836393	0.95765823	51.15616226	0.94341622	0.08404616388014974	0.00828201	6e-05
0.0991	-0.0179	-0.0477	0.007480481174047695	2.4434609527920616e-05	-0.0013439035240356337	1.15808415	61.86250687	1.01617514	0.09904581932313421	0.00979668	0.0002
0.1025	0.0595	-0.0127	0.007243116395776467	-7.504915783575618e-05	-0.0012618730491919003	1.12287474	59.98169327	1.01365951	0.13674395102393191	0.0100096	5e-05
0.1052	0.0237	-0.0135	0.007084291433844983	-1.7453292519943294e-06	-0.0012897983172238095	0.97928739	52.31154633	0.94813131	0.052302702927357766	0.00915724	3e-05
0.0958	-0.0771	-0.035	0.007267551005304389	0.00013962634015954637	-0.001265363707695889	1.0380038	55.44805908	0.98439813	0.1491532925199434	0.00915688	3e-05
0.1009	-0.0679	-0.0521	0.00736528944341607	-8.726646259971648e-06	-0.001165879940332212	1.03702772	55.39591599	0.97255256	0.04867875959474383	0.00897205	5e-05
0.0997	-0.0138	-0.0664	0.008503244115716374	-2.792526803190927e-05	-0.0010035643198967395	1.10066152	58.79510498	1.04059638	0.1355734457253857	0.00887835	0.00017
0.0881	-0.0261	-0.0895	0.008038986534685882	-4.537856055185256e-05	-0.0008360127117052838	1.04339814	55.73621368	1.02833078	0.07946312408709456	0.00747573	7e-05
0.0819	-0.0031	-0.1133	0.008737118235483614	0.00018500490071139895	-0.0009529497715889039	0.95642865	51.0904808	0.96590175	0.10527261109723016	0.00702196	5e-05
0.0933	0.029	-0.0711	0.008796459430051421	0.0001605702911834783	-0.000947713783832921	0.92540622	49.43332291	0.93884761	0.09015058959258557	0.00809509	4e-05
0.1074	0.1008	-0.0425	0.009009389598794729	-0.00017278759594743863	-0.0009023352232810684	0.92761517	49.55132294	0.94290757	0.14408333082130384	0.00964671	0.00011
0.1007	0.0455	-0.0092	0.009407324668249437	-0.000322885911618951	-0.0009965830028887623	0.91780007	49.0270195	0.93926028	0.12741405823669572	0.0104226	5e-05
0.1062	-0.1343	-0.108	0.009878563566287904	-0.0003577924966588376	-0.0007941248096574199	1.09035623	58.24462128	1.04325084	0.3195301838154848	0.00940889	0.00011
0.0941	-0.1819	-0.1879	0.010262536001726656	8.203047484373349e-05	-0.0006789330790257941	0.98830497	52.79324722	0.97006176	0.18654935687864743	0.0102166	0.00013
0.0976	-0.0565	-0.1221	0.010168288222118963	-0.0002129301687433082	-0.0007766715171374765	1.23335218	65.88317108	1.07929207	0.2190473430653209	0.00942159	0.00025
0.085	0.0368	-0.0467	0.009789551774436193	-0.00017104226669544429	-0.0009843656981248017	1.1140033	59.50779724	1.03820596	0.212715926535898	0.00976545	2e-05
0.0889	-0.0843	-0.1153	0.01015432558810301	-0.000148352986419518	-0.0009791297103688187	1.07986176	57.68402481	1.0139975	0.2132349540849363	0.0086869	3e-05
0.0861	-0.0859	-0.1347	0.010576695267085637	-1.3962634015954635e-05	-0.0011519173063162574	0.94246179	50.3443985	0.9407983	0.06027738136668148	0.00816429	2e-05
0.0865	0.0509	-0.0524	0.010782644118820968	-0.00028099800957108706	-0.0013194689145077131	1.03796935	55.4462204	1.00371028	0.2515267917740959	0.00945503	4e-05
0.0792	-0.0012	-0.115	0.011095058054927952	-0.00024260076602721178	-0.001424188669627373	0.96049303	51.30759048	0.96142238	0.14477654673852597	0.00837171	2e-05
0.0641	-0.0672	-0.1383	0.011278317626387358	-0.00011344640137963142	-0.0015515977050229591	0.98806381	52.78036499	0.96893646	0.12639114857512862	0.0085302	3e-05
0.0713	0.0427	-0.0683	0.011938052083641213	-0.0005148721293383271	-0.001322959573011702	1.11953211	59.80313492	1.02854628	0.2515899158611904	0.0105969	2e-05
0.0731	0.0246	-0.0663	0.012458160200735523	-0.0007644542123735164	-0.00119729586686811	1.08928204	58.18723679	0.98804123	0.06666769531365456	0.0121577	0.0002
0.0669	-0.0947	-0.1222	0.012315043202071989	-0.0006475171524898963	-0.0012374384396639797	1.12143576	59.90482712	1.02644272	0.1964098315671512	0.0110107	0.00012
0.0629	-0.131	-0.1551	0.01245641487148353	-0.0005707226654021458	-0.0012671090369478833	1.07899129	57.63752747	0.98430002	0.08559183768915976	0.0106695	6e-05
0.0622	-0.0693	-0.1074	0.012358676433371846	-0.0005497787143782138	-0.001239183768915974	1.02491367	54.74880981	0.97051894	0.11743038285837629	0.010359	4e-05
0.0578	0.0027	-0.0988	0.012571606602115157	-0.0006667157742618339	-0.0012863076587198209	0.96254611	51.41726303	0.95361202	0.10384955592153888	0.0106346	2e-05
0.0293	-0.0924	-0.2141	0.01275835683207855	-0.0003595378259108319	-0.001556833692778942	1.04714906	55.93657684	1.01237834	0.2771227106186758	0.0107042	5e-05
0.025	-0.086	-0.2002	0.01282817000215832	-0.00028099800957108706	-0.0016702800941585732	0.94975871	50.73418427	0.95745841	0.03768996938995733	0.010641	7e-05
0.0439	0.0727	-0.1255	0.012540190675579257	-0.0005585053606381855	-0.001567305668290908	1.19740331	63.96285629	1.07877737	0.2857230551756913	0.0112661	6e-05
0.0371	0.0121	-0.1895	0.012281881946284096	-0.0004206243497306334	-0.0017226399717184032	1.07594144	57.47460938	1.00137143	0.15897620218151043	0.0101001	6e-05
0.0234	-0.0807	-0.2156	0.011962486693169135	-0.00037350045992678646	-0.0020839231268812296	1.08857465	58.14944839	1.01674572	0.16899011490408172	0.0102225	2e-05
0.0344	0.0419	-0.1351	0.011992157290453038	-0.0006108652381980154	-0.0019722220547535923	1.1655165	62.25952911	1.04693301	0.23303682238413848	0.010359	7e-05
0.032	0.0075	-0.1629	0.011910126815609306	-0.0005951572749300663	-0.0020315632493213996	0.96599472	51.60147858	0.94839789	0.07245398163397443	0.00940496	4e-05
0.0206	-0.1154	-0.2366	0.012292353921796064	-0.0003211405823669566	-0.0020839231268812296	1.0696578	57.13895035	1.0062246	0.24343018381548487	0.010761	7e-05
0.034	-0.0426	-0.1548	0.012341223140851905	-0.0006911503837897545	-0.001933824811209717	1.08581352	58.00195694	1.01493263	0.1964488668075076	0.010165	5e-05
0.0419	-0.0016	-0.1656	0.012156218240140506	-0.0008639379797371932	-0.0019460421159736775	1.00897539	53.89741898	0.97706185	0.07820049007113987	0.00986612	4e-05
0.0335	-0.125	-0.2273	0.011906636157105317	-0.0004520402762665313	-0.002124065699677099	1.07450259	57.39775085	1.00715692	0.2354751685104636	0.00976729	4e-05
0.047	-0.0241	-0.1619	0.011882201547577395	-0.0007225663103256524	-0.0018552849948699724	1.05238819	56.21644211	0.99506239	0.2079870674197085	0.0093618	4e-05
0.0529	0.0528	-0.1384	0.012199851471440362	-0.0011239920382843482	-0.0019058995431778078	1.00203264	53.52655411	0.97239101	0.14478451000647488	0.0107254	6e-05
0.0497	-0.0862	-0.2219	0.0123429684701039	-0.0010122909661567112	-0.0020594885173533086	1.07351089	57.34477615	1.01811867	0.24612035224833376	0.00999701	3e-05
0.0447	-0.0958	-0.2242	0.012318533860575978	-0.0007155849933176752	-0.00231779724664847	0.96877009	51.74973297	0.95582629	0.04587246558310596	0.0100646	3e-05
0.0796	0.0281	-0.1127	0.012259192666008169	-0.001282817000215832	-0.0022113321622768156	1.13043785	60.38570023	1.05518887	0.306951914291881	0.0106571	3e-05
0.0857	0.0453	-0.1096	0.012255702007504183	-0.0014974924982111347	-0.0022602013813326567	0.96317494	51.45085144	0.95224372	0.03975176877775646	0.0110453	5e-05
0.0752	-0.0778	-0.1937	0.01248434013951544	-0.0011623892818282235	-0.0023492131731843676	1.03594375	55.33801651	0.99898046	0.2503376570122939	0.0100769	6e-05
0.0753	-0.0533	-0.1852	0.012451178883727546	-0.0007068583470577034	-0.0023701571242082994	0.98784834	52.76885605	0.96132435	0.05858180707911725	0.0101129	1e-05
0.0828	0.0547	-0.1126	0.012529718700067291	-0.0009826203688728075	-0.0022322761133007477	1.10050571	58.78678513	1.01711174	0.21270914245312003	0.0113494	6e-05
0.0828	0.0102	-0.115	0.012709487613022707	-0.0010943214410004448	-0.0022741640153486112	0.96949595	51.78850937	0.95353668	0.06356789435654585	0.0111339	4e-05
0.0623	-0.1106	-0.1613	0.012777555453850486	-0.000757472895365539	-0.0023649211364523163	1.02521217	54.76475525	0.98469226	0.21238367537831945	0.0107964	4e-05
0.057	-0.0906	-0.179	0.012772319466094502	-0.0006318091892219474	-0.00231779724664847	0.93542475	49.96849442	0.93115053	0.05190117918517111	0.0104783	4e-05
0.0706	-0.01	-0.1375	0.012875293891962169	-0.0007853981633974483	-0.0021642082724729686	0.98432523	52.58065796	0.95901223	0.1562076187109334	0.0111079	6e-05
0.0787	0.0412	-0.1108	0.01290496448924607	-0.0009721483933608416	-0.0020804324683772408	0.91763234	49.01805878	0.92646703	0.10100983156715115	0.0115429	5e-05
0.076	-0.0365	-0.1562	0.013032373524641658	-0.0009704030641088471	-0.0020839231268812296	0.92337072	49.32459259	0.93525981	0.13243225115757856	0.0109908	6e-05
0.0732	-0.0784	-0.1892	0.013037609512397642	-0.0008813912722571365	-0.0020804324683772408	0.91508985	48.88224411	0.93235988	0.08258692190558414	0.010978	7e-05
0.074	-0.051	-0.1705	0.012950343049797924	-0.0010088003076527223	-0.0021223203704251047	1.11138773	59.36808014	1.00945731	0.05972817000215838	0.0112467	9e-05
0.0817	0.0404	-0.0926	0.01286831257495419	-0.0010384709049366262	-0.00210835773640915	1.12348807	60.01445389	1.03315044	0.1832831853071796	0.0122468	0.00013
0.0831	-0.0311	-0.1331	0.012578587919123134	-0.0010873401239924673	-0.0021380283336930534	1.07808352	57.58903503	1.00901802	0.13181322360854	0.0112669	9e-05
0.0843	-0.0356	-0.1381	0.012255702007504183	-0.0010786134777324957	-0.002143264321449037	1.06801808	57.05135727	0.97542745	0.0275424272817453	0.010322	4e-05
0.0845	-0.0292	-0.1498	0.01236740307963182	-0.0010402162341886204	-0.002007128639793479	0.9753859	52.10313797	0.94301043	0.03261169986635345	0.00987768	4e-05
0.095	0.0041	-0.1325	0.012599531870147064	-0.001356120828799594	-0.001673770752662562	1.02318203	54.65630722	0.97430293	0.10516956361285676	0.0112472	0.00014
0.096	0.0166	-0.122	0.012409290981679684	-0.0014695672301792255	-0.0016004669240788003	1.00430548	53.64796066	0.95888854	0.04284955592153871	0.0109423	0.00011
0.0854	-0.0679	-0.1656	0.012643165101446923	-0.0013159782560037243	-0.0017575465567582897	1.00002205	53.41915131	0.97006995	0.16592713633111153	0.0105371	5e-05
0.0796	-0.1128	-0.1805	0.012486085468767434	-0.001064650843716541	-0.0018692476288859267	0.95920718	51.23890305	0.94805346	0.0916054058547155	0.0106943	3e-05
0.0883	0.0054	-0.119	0.01261000384565903	-0.0011938052083641214	-0.0017453292519943296	1.01758516	54.35733414	0.99622346	0.20724955592153876	0.0113276	7e-05
0.0972	0.0581	-0.0894	0.012712978271526697	-0.0013072516097437528	-0.001647590813882647	0.94888103	50.68730164	0.94671218	0.106907963267949	0.0123861	0.00014
0.092	-0.0339	-0.1055	0.012603022528651052	-0.0012025318546240932	-0.0017156586547104257	0.9563489	51.08621979	0.95450245	0.12743716694115415	0.0113983	6e-05
0.0782	-0.1233	-0.162	0.012695524979006754	-0.0011519173063162574	-0.0018029251173101424	0.98155588	52.432724	0.96805076	0.17121917306316273	0.0115413	3e-05
0.0718	-0.1113	-0.1908	0.012704251625266724	-0.0011466813185602744	-0.0018517943363659836	1.07929313	57.65364838	0.98924376	0.050341592653589694	0.011467	9e-05
0.0791	-0.0123	-0.1337	0.012882275208970145	-0.001165879940332212	-0.0017767451785302276	1.1521337	61.5446434	1.03123293	0.17701356816555575	0.012076	0.00016
0.0822	0.0324	-0.1092	0.012795008746370429	-0.0013596114873035826	-0.0017575465567582897	1.06850994	57.07763672	0.99498731	0.08730983156715126	0.0128695	0.00022
0.0671	-0.0427	-0.1474	0.012423253615695639	-0.0011222467090323538	-0.0019163715186897737	1.09317732	58.39531708	0.99778822	0.16679724354387515	0.0107867	7e-05
0.0647	-0.0486	-0.1739	0.01272694090554265	-0.001059414855960558	-0.0018744836166419098	0.99239355	53.01165009	0.95059032	0.05522035224833356	0.0106677	6e-05
0.0748	0.0481	-0.1029	0.01296430568381388	-0.0013159782560037243	-0.0018971728969178364	1.06977165	57.14503098	1.00852256	0.2036308729295161	0.0124431	6e-05
0.0753	0.0127	-0.1138	0.012679817015738806	-0.0011693705988362008	-0.001933824811209717	0.97069836	51.85273743	0.94833721	0.07018741197672389	0.0112807	1e-05
0.071	-0.0955	-0.1586	0.012615239833415013	-0.0011013027580084218	-0.001973967384005587	0.99685919	53.25019836	0.97223015	0.16593937979737208	0.0107241	3e-05
0.0657	-0.0559	-0.1435	0.012227776739472273	-0.0009896016858807848	-0.002001892652037496	0.97070491	51.85308838	0.94365374	0.0863544717051143	0.0100383	2e-05
0.0606	-0.0478	-0.1867	0.012175416861912444	-0.0008709192967451704	-0.002131047016685076	0.94994485	50.74412918	0.93283918	0.07140983156715117	0.00939637	1e-05
0.0597	-0.0147	-0.1876	0.012175416861912444	-0.0009529497715889039	-0.0021851522234969008	1.00823009	53.8576088	0.96716149	0.041706784082777885	0.00968373	4e-05
0.0591	0.0059	-0.1605	0.011639600781550184	-0.000932005820564972	-0.0022043508452688383	1.001212	53.48271561	0.96070698	0.07709793265790646	0.00921351	3e-05
0.0594	-0.0349	-0.1713	0.011107275359691913	-0.0008150687606813518	-0.002256710722828668	0.9960317	53.20599365	0.95406633	0.08698111796508602	0.00859767	2e-05
0.0596	-0.0069	-0.1469	0.011068878116148038	-0.0007696902001294993	-0.0022794000031045943	1.00168681	53.50807953	0.94678994	0.057923254218582715	0.00879878	3e-05
0.0598	0.0446	-0.1157	0.011466813185602744	-0.0009285151620609833	-0.0022462387473167022	1.00048363	53.44380951	0.96524198	0.11239606435870413	0.00974035	3e-05
0.0531	-0.0162	-0.1307	0.01137256540599505	-0.0008255407361933179	-0.0023282692221604354	0.98330659	52.52624512	0.95805195	0.09646263401595469	0.00930566	2e-05
0.0482	-0.0974	-0.1977	0.01130798822367126	-0.0008621926504851988	-0.0022985986248765322	1.02391362	54.69538879	0.9809539	0.15964498469497865	0.00912154	1e-05
0.0709	0.0052	-0.0684	0.010800097411340913	-0.000804596785169386	-0.002082177797629235	1.13672268	60.72142029	1.07197197	0.2936953752446728	0.00978827	4e-05
0.0862	0.0781	0.0393	0.010988592970556299	-0.000661479786505851	-0.0016528268016386303	1.09303391	58.38765335	1.02748067	0.23394817769347628	0.0139276	8e-05
0.0927	-0.1085	-0.0914	0.011302752235915276	-0.000593411945678072	-0.0015987215948268059	1.18461895	63.27994537	1.10127537	0.345616615649929	0.0104754	4e-05
0.0923	-0.2018	-0.2222	0.011444123905326817	-0.00033684854563490564	-0.0015358897417550098	1.06205249	56.7326889	1.02309485	0.2475383461263252	0.0105894	7e-05
0.0936	-0.1377	-0.1939	0.011395254686270978	-0.0003385938748868999	-0.0016196655458507376	0.92576814	49.45265579	0.94317116	0.10041951762017812	0.0094142	4e-05
0.0965	0.0395	-0.1218	0.012526228041563302	-0.0006597344572538566	-0.001706932008450454	1.2655127	67.60112	1.11336278	0.32916902001294984	0.0114085	0.00014
0.0782	-0.0016	-0.1244	0.01209338638706871	-0.0005235987755982988	-0.0018797196043978928	1.01147199	54.03078079	0.98477305	0.09908824660487939	0.0101268	3e-05
0.0589	-0.0984	-0.188	0.011494738453634653	-0.0005201081170943102	-0.0019442967867216831	1.03661454	55.37384796	0.99859591	0.21303578871309176	0.00892138	3e-05
0.0568	0.0178	-0.1308	0.011287044272647331	-0.0007661995416255106	-0.002040289895581371	0.9927184	53.02900314	0.97971754	0.20298893571891047	0.00894755	2e-05
0.0695	0.1226	-0.0745	0.011578514257730382	-0.0006597344572538566	-0.0021205750411731105	1.0065583	53.76830673	0.98168103	0.19771101075232225	0.0112275	6e-05
0.0744	0.0443	-0.0453	0.01164658209855816	-0.0007609635538695277	-0.002178170906488923	0.94495529	50.47759628	0.95554413	0.12374464013796312	0.0110868	6e-05
0.0662	-0.1166	-0.2049	0.011986921302697054	-0.0006632251157578452	-0.0021607176139689798	1.16097093	62.01671219	1.08877367	0.351476546738526	0.00976169	7e-05
0.0607	-0.1435	-0.252	0.012150982252384522	-0.00045553093477052	-0.0022235494670407763	1.11789095	59.71546555	1.00945686	0.10122934918732948	0.0108468	6e-05
0.0791	-0.0447	-0.1618	0.012341223140851905	-0.0005427973973702365	-0.0020717058221172693	1.17323244	62.67169571	1.05347288	0.2288675497995303	0.0100738	0.0001
0.0861	-0.0067	-0.1263	0.012438961578963586	-0.0007435102613495844	-0.002057743188101315	1.06792307	57.04628372	0.99323414	0.09612069680534914	0.0111492	0.00013
0.0774	-0.0985	-0.203	0.012046262497264863	-0.0005707226654021458	-0.0021991148575128553	1.10101616	58.81404877	1.01893514	0.21254291735288508	0.00981081	4e-05
0.06	-0.0978	-0.214	0.010964158361028377	-0.00014660765716752367	-0.0023352505391684127	0.99186796	52.98357391	0.96449246	0.11121774130633327	0.00849265	1e-05
0.0662	0.0277	-0.1357	0.01118232451752767	-0.00027750735106709843	-0.002331759880664424	1.09529865	58.50863266	1.01439969	0.22762782544514285	0.00906384	4e-05
0.0662	0.0627	-0.0991	0.010943214410004447	-0.00039793506945470715	-0.0023911010752322315	0.96714044	51.66268158	0.95281268	0.092543951023932	0.00910854	2e-05
0.0512	-0.0482	-0.1518	0.010072295113259275	-0.0001361356816555577	-0.002659881780039358	1.03599524	55.34076309	0.99004498	0.24867496946757237	0.00764543	4e-05
0.0462	-0.0307	-0.1364	0.00909491073214245	0.0005707226654021458	-0.00314857397059777	0.99173659	52.97655869	0.97741871	0.146546745936647	0.00733227	4e-05
0.0598	0.0678	-0.052	0.009192649170254133	0.0009686577348568529	-0.003459242577452761	1.1013391	58.83129883	1.03474037	0.23681710572106904	0.00902164	4e-05
0.0603	-0.0039	-0.1085	0.009721483933608416	0.0009250245035569946	-0.0033615041393410786	1.13310635	60.52824402	1.02162521	0.1622103216382912	0.00848192	5e-05
0.0549	-0.0878	-0.1635	0.009794787762192178	0.000932005820564972	-0.003349286834577118	1.11291802	59.44982529	1.015476	0.14892512251778503	0.00814086	5e-05
0.061	0.0089	-0.0723	0.009435249936281346	0.0009407324668249436	-0.003426081321664869	1.09672916	58.58504868	1.02392181	0.21625294796292777	0.00824541	3e-05
0.0629	0.0492	-0.0278	0.009313076888641742	0.0009808750396208131	-0.0035395277230445004	1.06626225	56.95756912	0.99490165	0.10048810109075525	0.0104198	8e-05
0.0511	-0.0607	-0.1354	0.009719738604356421	0.0010873401239924673	-0.003321361566545209	1.14775693	61.31084824	1.05398749	0.26586464782928126	0.00891453	0.00013
0.0546	-0.0503	-0.13	0.009512044423369096	0.0011903145498601325	-0.0032637657012293962	1.01398313	54.16492462	0.96552614	0.03771322360854015	0.00837493	3e-05
0.0631	0.067	-0.0442	0.00992917811459574	0.00102799892942466	-0.0033964107243809652	1.11606848	59.61811447	1.03321363	0.24720471674068428	0.0110569	0.00011
0.0597	0.0588	-0.0447	0.00987681823703591	0.00091106186954104	-0.0033894294073729884	1.01351476	54.13990402	0.97188249	0.02091391272257128	0.0110242	0.00012
0.0551	-0.0716	-0.1547	0.010773917472560995	0.0009232791743050004	-0.0031328660073298214	1.11856735	59.75159836	1.04644599	0.3032939970166106	0.00960362	2e-05
0.0611	-0.0548	-0.1419	0.01140049067402696	0.0010367255756846318	-0.003085742117525975	1.03719521	55.40486526	0.97659544	0.07495717463247217	0.0103671	2e-05
0.0638	0.058	-0.0336	0.011217231102567558	0.0011606439525762293	-0.003193952531149623	1.1245122	60.06916428	1.0435382	0.2445694180987324	0.0121786	3e-05
0.0409	-0.0185	-0.0961	0.010833258667128804	0.001322959573011702	-0.0032777283352453507	1.03362584	55.21419525	0.99406036	0.19340319299849767	0.010125	3e-05
0.0285	-0.1034	-0.146	0.010716321607245182	0.001324704902263696	-0.0033231068957972035	1.00933623	53.91669464	0.9699839	0.1554030474843734	0.00977427	4e-05
0.0411	-0.0216	-0.129	0.010990338299808293	0.0011938052083641214	-0.0032498030672134413	0.99570686	53.18864059	0.95547126	0.13531101075232238	0.00918782	1e-05
0.0501	0.0809	-0.0638	0.01113869128622781	0.0009093165402890458	-0.0032794736644973454	1.01665533	54.30766678	0.98818436	0.19982561258892484	0.0107867	3e-05
0.0448	-0.0118	-0.1283	0.011225957748827528	0.000947713783832921	-0.003199188518905606	0.99394625	53.09459305	0.97629172	0.17279744258676663	0.00919116	3e-05
0.0324	-0.09	-0.164	0.011131709969219833	0.0012636183784438947	-0.003333578871309169	0.96876913	51.74968338	0.95928282	0.15352713633111156	0.00926161	1e-05
0.0314	-0.0248	-0.1195	0.010965903690280372	0.0012077678423800758	-0.0034295719801688577	1.03093433	55.07041931	0.97392815	0.12658249619314843	0.00921124	2e-05
0.0315	0.0503	-0.1004	0.011122983322959863	0.0008848819307611251	-0.0032864549815053226	0.9884482	52.80089951	0.96736277	0.12545412714809887	0.00927252	2e-05
0.0266	-0.0381	-0.1539	0.011641346110802179	0.0009686577348568529	-0.003153809958353753	1.0256145	54.78624725	0.98113664	0.18353918075448064	0.00932616	1e-05
0.0249	-0.0121	-0.1418	0.012198106142188367	0.0011606439525762293	-0.003162536604613725	0.99719507	53.26813889	0.95543719	0.07767364476827686	0.0100738	2e-05
0.0382	0.0376	-0.0828	0.012892747184482113	0.0011641346110802177	-0.0029478611066184224	1.04525912	55.83562088	0.98840603	0.16764035993965187	0.0119897	5e-05
0.0468	0.0858	-0.001	0.01282293401440234	0.0009983283321407565	-0.0029199358385865134	0.99746722	53.2826767	0.97410245	0.15177723585255715	0.0144136	6e-05
0.0463	0.0231	0.0039	0.012709487613022707	0.0009093165402890458	-0.0029373891311064567	0.93390131	49.88711548	0.9359222	0.07909557428756434	0.0144219	3e-05
0.0337	-0.1359	-0.0794	0.012735667551802624	0.0009494591130849152	-0.002958333082130389	1.07713103	57.53815842	1.02817682	0.25926332312998585	0.0126601	6e-05
0.0159	-0.1525	-0.1463	0.012349949787111875	0.0010803588069844899	-0.003164281933865719	0.98632824	52.6876564	0.96797721	0.13742831551628268	0.0113959	5e-05
0.0226	-0.0605	-0.1016	0.012096877045572699	0.0010803588069844899	-0.00318871654339364	1.03536868	55.30729294	0.99036048	0.15727536755335483	0.0106372	4e-05
0.0359	0.075	-0.0331	0.012137019618368567	0.0010314895879286487	-0.0031730085801256907	1.06062078	56.65621185	1.01525958	0.22253598775598293	0.0121899	2e-05
0.0276	0.0033	-0.0588	0.011918853461869274	0.0011606439525762293	-0.003220132469929538	0.94218785	50.32976532	0.93993696	0.12542222054753607	0.0109344	4e-05
0.0173	-0.0545	-0.1127	0.011784463109465713	0.001350884841043611	-0.003333578871309169	0.96168083	51.37104034	0.95344145	0.1439038821125287	0.0098331	2e-05
0.0335	0.0542	-0.014	0.011922344120373267	0.0012740903539558604	-0.0033108895910332428	1.04787815	55.97552872	1.00646424	0.23546823891356156	0.012264	2e-05
0.0473	0.1155	0.03	0.012276645958528114	0.0010314895879286487	-0.0032061698359135836	0.96075028	51.32133102	0.95465355	0.1541811179650859	0.0145757	6e-05
0.0364	0.0061	-0.0502	0.012301080568056033	0.0010384709049366262	-0.00312413936106985	1.02596068	54.80473709	1.00225615	0.20617232006898156	0.0113738	2e-05
0.0528	-0.1161	-0.1713	0.012431980261955609	0.0011623892818282235	-0.0027454029133870805	1.09729564	58.61530685	1.04470105	0.29137772592369715	0.00985628	3e-05
0.0725	-0.0735	-0.1627	0.012527973370815296	0.0009023352232810684	-0.0024731315500759648	1.01419616	54.17630386	0.97006476	0.10231592653589792	0.00954932	2e-05
0.0724	0.0158	-0.0602	0.0122504660197482	0.0009686577348568529	-0.0025987952562195565	1.06354058	56.81217957	1.01470912	0.21537467843932365	0.0105085	2e-05
0.0791	-0.0405	-0.1135	0.012295844580300051	0.0012060225131280816	-0.0027715828521669953	1.00086677	53.46427536	0.9516322	0.13907654673852599	0.0100036	5e-05
0.0829	-0.0729	-0.11	0.012149236923132528	0.001335176877775662	-0.0030124382889422127	0.99630022	53.22033691	0.96282103	0.06553087292951608	0.0100223	1e-05
0.091	0.0252	-0.0436	0.0120340451925009	0.0013334315485236678	-0.0030316369107141502	1.05068481	56.12545395	0.99384778	0.1794067840827779	0.0114241	5e-05
0.0851	-0.0126	-0.083	0.012088150399312724	0.0014189526818713899	-0.003127630019573839	0.98821962	52.78868866	0.95740739	0.09488097245096169	0.0104208	5e-05
0.0808	-0.0148	-0.064	0.011990411961201045	0.0014800392056911916	-0.003118903373313867	0.94804859	50.64283371	0.94068137	0.03387758040957262	0.0104668	1e-05
0.0914	0.0777	-0.0146	0.012381365713647775	0.0012723450247038664	-0.0029199358385865134	1.02757072	54.89074707	0.97348159	0.1923807734080704	0.0130903	6e-05
0.0945	0.0605	0.0039	0.01242499894494763	0.001129228026040331	-0.00294262511886244	0.94225413	50.33330536	0.94068601	0.04927197551196588	0.0135539	5e-05
0.085	-0.0613	-0.0245	0.012503538761287378	0.0011362093430483087	-0.002967059728390361	0.98487884	52.61022949	0.96979998	0.1651977871437823	0.0125718	2e-05
0.0729	-0.1176	-0.0961	0.01266236372321886	0.0013473941825396225	-0.003008947630438224	0.97603917	52.13803482	0.96327339	0.16059488517353288	0.01149	3e-05
0.0769	-0.052	-0.0483	0.012719959588534674	0.0012252211349000194	-0.0030229102644541784	1.00853848	53.87408066	0.97839629	0.12708657734856857	0.0120655	5e-05
0.0796	0.0554	0.0034	0.01291543646475804	0.0014782938764391971	-0.003026400922958167	0.99789518	53.30553818	0.97665269	0.18440201381332663	0.0141129	4e-05
0.0717	-0.0032	-0.0177	0.012552407980343218	0.0014329153158873448	-0.00324107642095347	0.92456895	49.3885994	0.93465864	0.11875412714809884	0.0126761	5e-05
0.0646	-0.067	-0.0763	0.012608258516407036	0.0015376350710070042	-0.0032934362985133003	0.94012815	50.21973801	0.94049622	0.1401465084371654	0.0113515	3e-05
0.0603	-0.024	-0.0566	0.01266934504022684	0.0015917402778188286	-0.003321361566545209	0.93515474	49.95407104	0.93795477	0.07415584993317685	0.0118582	4e-05
0.0699	0.0749	-0.0084	0.012882275208970145	0.0013700834628155487	-0.0033108895910332428	1.1391114	60.84902191	1.03001392	0.17895294796292757	0.0145703	0.00015
0.0676	0.0554	-0.0135	0.012648401089202907	0.001410226035611418	-0.0034487706019407953	1.01424885	54.17911911	0.97048182	0.047494885173533	0.0133697	6e-05
0.056	-0.0385	-0.0491	0.012494812115027405	0.0015777776438028737	-0.003581415625092364	1.01193488	54.05550766	0.96775877	0.1637892802759263	0.0118051	1e-05
0.0533	-0.0323	-0.0492	0.012623966479674986	0.0016074482410867775	-0.0036163222101322505	0.98510993	52.62257385	0.95389988	0.01868657734856856	0.0120781	3e-05
0.0564	-0.0002	-0.0465	0.01262222115042299	0.0015271630954950383	-0.003495894491744642	1.02393472	54.69651794	0.96289686	0.04802290966156721	0.0121673	4e-05
0.0629	0.0476	-0.0082	0.012358676433371846	0.0013456488532876281	-0.0034103733583969193	1.00472558	53.67040634	0.95759702	0.1191290046303138	0.012718	6e-05
0.0623	0.0687	0.0162	0.012529718700067291	0.0011379546723003027	-0.0033667401270970616	1.0012157	53.48291016	0.94292082	0.0672184839491314	0.0145406	9e-05
0.061	0.0168	0.0064	0.012398819006167718	0.0010175269539126942	-0.0033527774930811067	0.9679454	51.70568085	0.95153545	0.07626450231515683	0.0134786	5e-05
0.0589	-0.1167	-0.0578	0.012149236923132528	0.0010192722831646884	-0.003214896482173555	1.04156125	55.63809204	0.99785653	0.2192604211597368	0.0118132	2e-05
0.0414	-0.1162	-0.0898	0.012341223140851905	0.001090830782496456	-0.003337069529813158	0.96090138	51.32940292	0.94814776	0.0692858882345374	0.0113997	4e-05
0.0437	-0.0216	-0.043	0.012390092359907744	0.0009372418083209549	-0.0033353242005611634	1.04303634	55.71688461	0.99457066	0.15391017612416674	0.0121362	2e-05
0.0554	0.0873	-0.0181	0.012616985162667007	0.0009372418083209549	-0.0033265975543011915	0.99197221	52.98914337	0.96715494	0.15728097245096173	0.0135531	5e-05
0.0577	0.0292	-0.0238	0.012603022528651052	0.0010122909661567112	-0.0033684854563490563	0.94240922	50.34159088	0.94299932	0.07264498469497883	0.0129924	5e-05
0.0538	-0.0559	-0.0368	0.012475613493255468	0.0012618730491919003	-0.003490658503988659	0.96341074	51.46344757	0.95604635	0.1269582083035188	0.012372	4e-05
0.0551	-0.0359	-0.0286	0.012547171992587234	0.0012514010736799342	-0.0034993851502486306	0.9839738	52.56188583	0.95437358	0.03403785605518518	0.0124837	6e-05
0.064	0.0447	-0.001	0.01280722605113439	0.0010314895879286487	-0.0033580134808370897	1.03775442	55.43473816	0.98102794	0.1481668606854991	0.0139492	6e-05
0.0669	0.033	0.0024	0.012749630185818579	0.0010105456369047167	-0.0033615041393410786	0.93043971	49.70220184	0.92979116	0.02210152374218658	0.0139045	4e-05
0.0635	-0.0696	-0.0523	0.01307775208519351	0.0012461650859239514	-0.00334579617607313	1.01264751	54.09357452	0.97322228	0.18967246558310571	0.0129243	5e-05
0.0548	-0.0978	-0.0877	0.01321039710834508	0.001446877949903299	-0.003502875808752619	0.97386503	52.02189636	0.95302364	0.09682187599052032	0.0123281	2e-05
0.059	0.0102	-0.0235	0.013341296802244653	0.0012461650859239514	-0.003525565089028546	1.07738817	57.55189133	1.00602313	0.1941150919077424	0.0139363	8e-05
0.0633	0.087	0.004	0.013332570155984682	0.0009913470151327792	-0.003597123588360313	0.98951894	52.85809708	0.96213462	0.12535516081914552	0.0154654	8e-05
0.0598	-0.019	-0.025	0.013131857292005335	0.0010559241974565693	-0.003602359576116296	0.98400831	52.56372833	0.96265181	0.152026301702956	0.0134922	2e-05
0.0527	-0.0976	-0.0919	0.013177235852557187	0.0011955505376161158	-0.0036128315516282617	0.98713499	52.73075104	0.96212658	0.1623738438111682	0.0122074	5e-05
0.0432	-0.0613	-0.0927	0.013561208287995941	0.0011693705988362008	-0.0037140606482439333	1.03828216	55.46292496	0.9827734	0.07216907354171706	0.0127935	4e-05
0.051	0.0657	-0.0275	0.013779374444495231	0.000736528944341607	-0.003778637830567723	1.12559831	60.12718201	1.03358772	0.23577924966588368	0.0150269	0.00011
0.0581	0.0786	-0.0004	0.01363276678732771	0.0005707226654021458	-0.0038571776469074684	0.95856762	51.20473862	0.94212881	0.06664768762233643	0.0157593	5e-05
0.0566	-0.0466	-0.0494	0.013505357751932122	0.0007731808586334879	-0.003855432317655474	0.99581796	53.19457626	0.97605856	0.19228062789394623	0.0135287	4e-05
0.0534	-0.0956	-0.0904	0.01369036265264352	0.0008552113334772215	-0.003940953451003196	0.94337833	50.39335632	0.93998939	0.1108278254451427	0.0132484	5e-05
0.0546	-0.0601	-0.0463	0.013697343969651499	0.0009669124056048585	-0.003953170755767157	0.96877295	51.74988556	0.95818303	0.08734498469497881	0.0136594	2e-05
0.063	0.0513	0.008	0.013805554383275147	0.000736528944341607	-0.003925245487735247	1.00585747	53.73086929	0.98331075	0.1924259571459405	0.01544	4e-05
0.0726	-0.0166	-0.0472	0.014117968319382132	0.000921533845053006	-0.0038065630985996326	0.95951635	51.25541687	0.9560075	0.16350506129769987	0.0141406	7e-05
0.0763	-0.0454	-0.0926	0.014123204307138116	0.0008429940287132613	-0.003909537524467298	1.03125	55.08728409	0.97865201	0.08723751149816972	0.0133319	7e-05
0.073	0.0546	-0.0076	0.014369295731669316	0.000879645943005142	-0.0038990655489553323	1.14315236	61.06488419	1.03495273	0.2029607657167524	0.0167925	0.00018
0.0661	0.0567	0.0191	0.014220942745249796	0.0007452555906015787	-0.003895574890451344	0.99516082	53.15947342	0.96319077	0.050011699866353565	0.0173662	0.00012
0.0574	-0.042	-0.0313	0.014224433403753784	0.0008185594191853405	-0.003946189438759179	1.00564814	53.7196846	0.97387138	0.16417045176977924	0.015322	4e-05
0.042	-0.0976	-0.1438	0.014334389146629429	0.0008080874436733745	-0.003864158963915446	1.01597524	54.2713356	0.99714555	0.1936229096615672	0.0135006	2e-05
0.0414	-0.0564	-0.1218	0.014348351780645384	0.0007208209810736582	-0.003953170755767157	1.01376736	54.15339661	0.97812046	0.07331204442336915	0.0135708	4e-05
0.0522	0.0557	-0.0346	0.016224580726539286	0.001181587903600161	-0.004157374278250492	1.21521568	64.91436005	1.09182476	0.337159969545187	0.0197392	0.00026
0.0541	0.0446	-0.0027	0.015929620082952244	0.0012007865253720988	-0.004195771521794368	1.00108206	53.47577286	0.96939128	0.06252782544514277	0.0197924	0.00028
0.0512	-0.0548	-0.0305	0.015924384095196264	0.0012060225131280816	-0.0040945424251786966	0.99269676	53.02784729	0.96977107	0.13568505360638172	0.0186165	0.00021
0.0354	-0.1052	-0.1456	0.014461798182025013	0.0012339477811599909	-0.0042167154728183	1.2002641	64.11567688	1.12180112	0.26193421144213824	0.0148737	0.00025
0.0448	-0.1127	-0.2373	0.015315264186250241	0.0010088003076527223	-0.0038798669271833948	1.17000723	62.49941254	1.13200546	0.17937310116837013	0.0173295	0.00034
0.0234	-0.0723	-0.2508	0.015292574905974314	0.0007120943348136865	-0.0038851029149393774	1.04083169	55.59912109	1.02607325	0.09153156204354727	0.0150042	5e-05
0.027	-0.0259	-0.2152	0.015592771537317338	0.0005358160803622592	-0.00382576172037157	0.96723276	51.66761398	0.97156972	0.11239080401811292	0.0150801	8e-05
0.0343	0.0991	-0.1019	0.015531685013497538	0.00016929693744344995	-0.004038691889114879	1.05694747	56.45999146	1.02884414	0.2776267917740959	0.0174096	0.00037
0.0307	-0.0814	-0.1617	0.015357152088298104	6.283185307179586e-05	-0.004064871827894794	1.06683898	56.9883728	1.0362267	0.2592588974175502	0.015579	0.00011
0.0303	-0.1602	-0.2275	0.015711453926452956	0.00012740903539558605	-0.004101523742186674	0.94615394	50.54162598	0.95642145	0.16777654673852616	0.0161853	7e-05
0.0418	-0.0315	-0.1437	0.01566083937814512	8.901179185171081e-05	-0.004230678106834255	1.20162892	64.18858337	1.06852978	0.23490830782496464	0.0171921	0.00046
0.0532	0.0605	-0.077	0.015746360511492842	0.00012740903539558605	-0.004307472593922005	1.1366123	60.71552277	1.03730753	0.1801356431989674	0.0193863	0.00049
0.0507	-0.1154	-0.1561	0.015711453926452956	0.00017976891295541595	-0.004173082241518442	1.16478014	62.22019196	1.08603976	0.2685828407501639	0.0172427	0.00017
0.0469	-0.1761	-0.1983	0.015482815794441697	0.00016929693744344995	-0.004207988826558329	0.99475604	53.13785172	0.97508301	0.1204008346281556	0.0164379	0.00011
0.0613	-0.053	-0.1271	0.015168656529082718	7.67944870877505e-05	-0.004366813788489812	1.04207969	55.66578293	1.00956978	0.23697433388230807	0.0154688	1e-05
0.0771	0.0594	-0.0577	0.014676473680020317	-8.37758040957278e-05	-0.0045588000062091886	1.00512719	53.69185638	0.98688977	0.2398369678982628	0.0165789	7e-05
0.0922	-0.0593	-0.1298	0.014323917171117462	0.00039269908169872416	-0.00456752665246916	0.98628438	52.68531036	0.97507219	0.24778790204786388	0.0141386	3e-05
0.0947	-0.0781	-0.1431	0.014472270157536982	0.000778416846389471	-0.004590215932745087	0.88198179	47.11367798	0.90728372	0.06243800156930969	0.0142182	3e-05
0.1019	0.0292	-0.0667	0.014470524828284984	0.0005044001538263612	-0.004590215932745087	1.00633848	53.75656128	0.98464094	0.2046881010907554	0.0158544	4e-05
0.1121	0.0336	-0.0696	0.014046409820050362	0.0004537856055185257	-0.004541346713689245	0.93525428	49.95938873	0.93727442	0.04367993877991498	0.0155252	6e-05
0.1131	-0.1096	-0.1477	0.014117968319382132	0.0008412486994612669	-0.004522148091917307	1.01620865	54.28380585	0.99627268	0.24621101075232243	0.0139922	3e-05
0.1171	-0.0725	-0.1152	0.013749703847211327	0.0009896016858807848	-0.004663519761328848	0.90501428	48.34402847	0.92584308	0.10649945640009312	0.0137204	5e-05
0.1255	0.0383	-0.0609	0.013793337078511186	0.0008203047484373349	-0.004787438138220445	1.19503343	63.83626556	1.04950412	0.19034242728174527	0.0170551	0.00049
0.1227	-0.0751	-0.1471	0.013882348870362897	0.0010332349171806431	-0.00482932604026831	1.10104311	58.81549072	1.0345892	0.21959149313214413	0.0151483	0.00019
0.1106	-0.1095	-0.1432	0.013662437384611611	0.0015289084247470327	-0.004951499087907913	1.00360274	53.61042404	0.96624347	0.092287902047864	0.0149103	3e-05
0.1227	-0.0314	-0.0975	0.013747958517959333	0.001689478715930511	-0.005010840282475721	0.99215317	52.99880981	0.96080921	0.15117163095495037	0.0158394	0.00011
0.126	0.0646	-0.0586	0.013906783479890817	0.0013805554383275148	-0.004906120527356061	1.00086951	53.46442032	0.97572687	0.166823399732707	0.017338	8e-05
0.1203	-0.0249	-0.1311	0.014025465869026432	0.0014329153158873448	-0.004754276882432553	1.00553441	53.7136116	0.98539214	0.18384429558094756	0.0155705	4e-05
0.1107	-0.0935	-0.1602	0.014048155149302357	0.0014835298641951804	-0.004693190358612751	0.96790504	51.70352554	0.95928873	0.11401951762017812	0.0152979	5e-05
0.1255	-0.0272	-0.1067	0.014098769697610194	0.0013002702927357754	-0.004639085151800928	1.00755465	53.82152557	0.97344755	0.14899896632895326	0.0156096	8e-05
0.1313	0.0723	-0.0174	0.014165092209185978	0.0011780972450961724	-0.004581489286485115	1.0155201	54.24702454	0.99169774	0.20690457122656	0.0180914	0.00014
0.1324	-0.0304	-0.0719	0.014138912270406066	0.0012897983172238095	-0.004499458811641381	0.98573935	52.65619659	0.96788686	0.16929557428756417	0.0162733	7e-05
0.1117	-0.124	-0.1333	0.014152874904422017	0.0017575465567582897	-0.004508185457901353	0.9985823	53.34224319	0.97850263	0.20022187599052016	0.0154652	2e-05
0.1063	-0.0817	-0.1195	0.014234905379265752	0.0017697638615222502	-0.0045553093477052	0.95435238	50.97956848	0.94930222	0.06856858347057708	0.0151222	4e-05
0.112	0.037	-0.0443	0.014046409820050362	0.0015899949485668342	-0.004616395871525002	1.04340458	55.73655701	1.00751842	0.2210675497995304	0.0163997	5e-05
0.1077	0.0231	-0.0698	0.013852678273078994	0.0013997540600994523	-0.004649557127312894	0.94791579	50.63573837	0.95310332	0.06455668456133211	0.0154506	4e-05
0.0965	-0.1041	-0.1309	0.013449507215868304	0.0017610372152622785	-0.004763003528692525	1.01193917	54.05574036	0.9913223	0.24339503068765733	0.0138023	4e-05
0.1025	-0.0423	-0.0807	0.013175490523305192	0.0018692476288859267	-0.004806636759992383	0.96893948	51.75878143	0.95889246	0.13929301687433088	0.0140316	3e-05
0.1146	0.0871	-0.0225	0.013414600630828416	0.001790707812546182	-0.0048939032225921	1.01188862	54.05303955	0.99205581	0.21994581932313428	0.0163337	6e-05
0.112	-0.023	-0.0911	0.013554226970987961	0.0018099064343181197	-0.004803146101488395	0.9799906	52.34910965	0.97364226	0.1937791041517593	0.014116	3e-05
0.1045	-0.0983	-0.1296	0.01370607061591147	0.0018814649336498872	-0.004848524662040247	0.94594896	50.53067398	0.94708297	0.13473903524035644	0.0136694	4e-05
0.1134	-0.0122	-0.0674	0.013857914260834978	0.0018989182261698304	-0.00486946861306418	0.98743635	52.74684906	0.97889598	0.16671204442336915	0.0146063	3e-05
0.1206	0.0794	-0.0273	0.013725269237683406	0.0017034413499464657	-0.005047492196767601	1.0091337	53.90587616	0.9813497	0.16420727415391786	0.0160742	8e-05
0.1077	-0.0521	-0.1284	0.013774138456739249	0.0019024088846738192	-0.005010840282475721	1.0551126	56.36197281	1.01887871	0.25972443340375384	0.0136111	5e-05
0.0972	-0.0789	-0.1372	0.013737486542447367	0.0022183134792847924	-0.00518013721991917	0.92424762	49.37143326	0.93470324	0.07219267231731523	0.0136477	4e-05
0.1175	0.0466	-0.0715	0.013716542591423436	0.0020734511513692635	-0.005199335841691108	1.00663018	53.77214432	0.98816189	0.2207502450355698	0.0150709	7e-05
0.1254	0.0641	-0.0422	0.013697343969651499	0.002015855286053451	-0.005356415474370597	0.91925168	49.10456085	0.9297025	0.066393705988362	0.0162281	0.00011
0.115	-0.066	-0.1046	0.013507103081184116	0.002466150233067988	-0.005420992656694387	1.00068343	53.45447922	0.98464837	0.23815565089028545	0.0144182	4e-05
0.1169	-0.0364	-0.0883	0.013348278119252632	0.002823942729726825	-0.005586798935633849	0.90155762	48.15938187	0.91776916	0.08192118687648915	0.0146869	3e-05
0.1303	0.076	-0.0219	0.013454743203624287	0.002750638901143063	-0.0057368972513053606	1.05759358	56.49450684	1.00224157	0.2086933614313464	0.017579	0.0002
0.1331	0.047	-0.0342	0.013358750094764598	0.0024853488548399255	-0.005595525581893821	0.9501006	50.75244904	0.94247996	0.06923274122871834	0.0163619	0.00012
0.1163	-0.0937	-0.113	0.013463469849884255	0.002823942729726825	-0.005747369226817327	1.03156292	55.10400009	1.00137377	0.2660578637465031	0.014915	6e-05
0.1237	-0.0481	-0.0834	0.01365022007984765	0.0031468286413457764	-0.005848598323432999	0.92580569	49.45466232	0.93785544	0.11314326190990096	0.0158927	9e-05
0.1354	0.0718	-0.0185	0.013618804153311754	0.0029059732045705585	-0.005829399701661061	0.9941293	53.10437012	0.98158059	0.21107349925415264	0.0177442	0.00017
0.1312	0.0538	-0.0061	0.013557717629491954	0.0030927234345339517	-0.00596204472481263	0.89378285	47.74406815	0.92180637	0.0536240888467381	0.0182315	0.00023
0.1084	-0.1041	-0.1061	0.013720033249927426	0.0033021629447732717	-0.005808455750637128	1.04590142	55.86993027	1.01506168	0.3069672052425147	0.0158206	8e-05
0.1119	-0.0908	-0.1077	0.013718287920675431	0.0033265975543011915	-0.005804965092133139	0.94683295	50.57789612	0.94144397	0.019883529864195136	0.0157691	6e-05
0.1268	0.0706	-0.0486	0.013320352851220721	0.0033108895910332428	-0.005996951309852516	1.06316638	56.79219437	1.02390385	0.26568146252210184	0.0169111	0.0002
0.1276	0.0507	-0.0651	0.01313360262125733	0.0033772121026090277	-0.006117379028240125	0.93631756	50.01618576	0.93169441	0.05587502299633924	0.0169814	0.00019
0.1232	-0.0886	-0.1217	0.012967796342317869	0.003956661414271145	-0.00616799357654796	1.01462173	54.19903564	0.99030243	0.24009350694547063	0.0158485	9e-05
0.1325	-0.0243	-0.0856	0.012939871074285958	0.004043927876870862	-0.0062482787221397	0.92794162	49.56875992	0.93749034	0.11947384381116836	0.0162512	9e-05
0.1373	0.1082	-0.0418	0.013138838609013314	0.0037315139407638766	-0.0062570053683996705	1.03483284	55.27867126	1.00173193	0.2071054058547156	0.0183965	0.00034
0.134	-0.0027	-0.1037	0.013187707828069155	0.0036198128686362394	-0.006140068308516051	0.99671173	53.24232101	0.98650748	0.18997536755335487	0.0160556	0.00011
0.1273	-0.1178	-0.1852	0.013393656679804486	0.0034662238944607386	-0.0058538343111889804	0.98552239	52.64460754	0.97785538	0.23558859116189512	0.0150119	3e-05
0.1344	-0.0319	-0.1571	0.013468705837640243	0.003162536604613725	-0.005773549165597242	0.95793307	51.17084122	0.95951142	0.1440510796637255	0.0147926	5e-05
0.1398	0.0807	-0.0836	0.013236577047124996	0.003043854215478111	-0.0058416170064250214	1.01417613	54.17523193	0.99005629	0.21244395102393204	0.0164173	0.00018
0.1429	-0.0081	-0.1376	0.01367814534787956	0.0030613075079980543	-0.005686282702997525	0.96560001	51.58039474	0.96758297	0.17661779483510015	0.0156732	0.00012
0.1383	-0.143	-0.2052	0.013725269237683406	0.0031415926535897933	-0.005585053606381855	1.01487815	54.21273422	0.99616212	0.2185319066005628	0.0153751	6e-05
0.135	-0.1119	-0.1965	0.01365022007984765	0.0031764992386296795	-0.005707226654021458	0.94142359	50.28894043	0.93651645	0.05470643952576221	0.0151722	8e-05
0.1375	0.0117	-0.106	0.013802063724771156	0.0031049407392979124	-0.0057648225193372695	1.21491599	64.89834595	1.06306416	0.2306499004785542	0.017733	0.00059
0.1329	0.0565	-0.0501	0.013501867093428132	0.00308399678827398	-0.005834635689417044	1.02781105	54.90358353	0.99296539	0.12484768762233654	0.0184924	0.00041
0.1292	-0.0606	-0.145	0.013271483632164882	0.0032899456400093115	-0.005890486225480862	1.06955338	57.13337326	1.0235492	0.24030914245312	0.0163497	0.00012
0.1359	-0.0615	-0.1424	0.012880529879718152	0.003679154063204046	-0.006143558967020039	0.92941266	49.64733887	0.93376229	0.06186174585903204	0.0164648	0.00017
0.1512	0.0463	-0.0714	0.013121385316493369	0.0034697145529647274	-0.006054547175168328	0.99639511	53.22540665	0.9830871	0.2210653369433123	0.0177786	0.00019
0.1555	0.0833	-0.0409	0.01332384350972471	0.0034452799434368064	-0.006028367236388414	0.9101671	48.61928177	0.93259612	0.08445363707695885	0.0187966	0.00028
0.1596	-0.0504	-0.1185	0.013082988072949496	0.003956661414271145	-0.005942846103040692	1.01131916	54.02261734	0.98893534	0.25728790204786367	0.0166258	0.00012
0.1671	-0.0322	-0.0986	0.013096950706965448	0.004101523742186674	-0.00598647933434055	0.9223125	49.26806259	0.93980087	0.05572290966156696	0.0171958	0.00024
0.1745	0.0738	-0.0525	0.013372712728780553	0.003858922976159462	-0.005988224663592545	1.10787594	59.18048477	1.02516632	0.18550540585471564	0.018559	0.00038
0.1645	-0.0079	-0.1062	0.013390166021300496	0.0038484510006474965	-0.005955063407804653	1.02946436	54.9919014	0.99036667	0.14845432619099003	0.0167976	0.00016
0.141	-0.1281	-0.2288	0.01347568715464822	0.00393048147549123	-0.0059131755057567886	1.14925718	61.39099121	1.05882849	0.2767719755119661	0.0164802	0.00018
0.1372	-0.0913	-0.2501	0.013369222070276564	0.0038885935734433662	-0.005878268920716902	0.96476775	51.53593826	0.94816274	0.07106297857297027	0.0155711	0.00011
0.1587	0.0426	-0.1514	0.013905038150638822	0.0037088246604879502	-0.005873032932960919	1.17160857	62.58495331	1.06222081	0.2901410490536828	0.017662	0.0003
0.1568	0.0251	-0.1517	0.013866640907094947	0.003871140280923423	-0.005956808737056647	1.04404402	55.77071762	0.99499001	0.033924433403753784	0.0180569	0.00033
0.1361	-0.084	-0.2064	0.013763666481227283	0.004223696789826277	-0.0060021872976084994	1.0914048	58.30063248	1.02139209	0.20954547476611857	0.0174388	0.00025
0.1387	-0.0316	-0.1959	0.014018484552018455	0.004532620067429273	-0.005904448859496816	0.97902417	52.29748535	0.95623006	0.09857398932529256	0.0177882	0.00018
0.1568	0.0654	-0.1195	0.014727088228328153	0.004417428336797647	-0.005839871677173027	1.09916735	58.71529388	1.02259083	0.23591862946325567	0.0207023	0.00061
0.1275	0.0748	-0.1009	0.014683454997028295	0.0039898226700590365	-0.005843362335677014	1.01238978	54.07980728	0.974083	0.08103647782712275	0.0203319	0.00041
0.143	-0.0386	-0.1646	0.01473406954533613	0.004021238596594935	-0.0058974675424888386	1.04317439	55.72426224	0.99512742	0.1994067840827778	0.019464	0.00021
0.1177	-0.0733	-0.1861	0.01468520032628029	0.004532620067429273	-0.006106907052728159	0.95232099	50.8710556	0.94356976	0.11998451000647488	0.0193657	0.00024
0.1256	-0.0214	-0.157	0.014535102010608777	0.0043982297150257105	-0.006270968002415626	1.01285887	54.10486603	0.98142692	0.11132748088812712	0.0199208	0.00042
0.1175	0.0019	-0.1328	0.011890928193837367	0.0043214352279379595	-0.0068591439603377154	1.10665381	59.11520004	1.05830906	0.22105721308906257	0.0175037	0.00042
0.118	0.0002	-0.1298	0.01196074136391714	0.004440117617073575	-0.006571164633758651	1.03615725	55.34941864	0.99138742	0.02902374428972268	0.016488	0.00036
0.1206	0.0126	-0.1251	0.01241976295719165	0.0043929937272697275	-0.006466444878638991	0.95097673	50.79924774	0.93979606	0.05024326190990088	0.0162871	0.00022
0.1289	0.0873	-0.0627	0.013168509206297216	0.003979350694547071	-0.006138322979264057	1.06489217	56.88438034	1.0001318	0.21992555906015776	0.0187241	0.00037
0.1293	0.0683	-0.015	0.013178981181809182	0.0038606683054114572	-0.005848598323432999	0.98158157	52.43409729	0.95971088	0.08804395102393192	0.0191545	0.00047
0.1376	-0.0087	-0.0195	0.01233598715309592	0.004180063558526419	-0.005794493116621174	0.97006541	51.81892776	0.96206742	0.15062472443200248	0.0183286	0.00035
0.1419	-0.0551	-0.0367	0.012091641057816713	0.004319689898685966	-0.005827654372409066	0.9800002	52.34962463	0.94741314	0.08875668456133225	0.0178137	0.0003
0.1407	-0.056	-0.0637	0.011906636157105317	0.004434881629317591	-0.0057805304826052195	0.94474578	50.46640396	0.93473018	0.04646602605734344	0.0164739	0.00018
0.1443	-0.0307	-0.0643	0.012226031410220278	0.0044977134823893875	-0.005712462641777441	0.99997407	53.41658783	0.96226677	0.05201474735072684	0.0166616	0.00027
0.149	0.0628	-0.0195	0.012454669542231536	0.00441044701978967	-0.005619960191421741	1.04608643	55.87981796	0.99261995	0.1634203522483337	0.0182439	0.00048
0.1547	0.0306	-0.0342	0.012774064795346497	0.00437379510549779	-0.005447172595474302	0.96711397	51.66126633	0.95733184	0.07904173816771401	0.018104	0.00036
0.1563	-0.0768	-0.0855	0.012611749174911025	0.004571017310973149	-0.005295328950550796	1.01226354	54.0730629	0.98055939	0.18586907354171683	0.0166758	0.00027
0.1544	-0.0548	-0.0987	0.012431980261955609	0.004839798015780276	-0.005274384999526864	0.92912811	49.63214111	0.93258583	0.06057467843932372	0.0162429	0.00025
0.161	0.0306	-0.0609	0.012498302773531395	0.004944517770899936	-0.0053389621818506535	1.00453436	53.66019058	0.97542928	0.14158097245096177	0.0173205	0.00043
0.1669	0.0974	-0.0237	0.012445942895971562	0.004747295565424576	-0.005328490206338688	0.99601072	53.20487213	0.9697363	0.12290270292735785	0.0185044	0.00067
0.169	0.0314	-0.0554	0.012372639067387801	0.004745550236172582	-0.005281366316534841	0.96301246	51.442173	0.95629558	0.10590865238198016	0.0174126	0.00046
0.1693	-0.0809	-0.1075	0.012470377505499486	0.00493055513688398	-0.005234242426730994	1.00672483	53.77719879	0.98161227	0.18119336143134643	0.0163882	0.00026
0.1692	-0.0526	-0.0985	0.01219112482518039	0.0051120693790913906	-0.005318018230826722	0.97026163	51.82941055	0.94819118	0.06462713633111167	0.0162683	0.00037
0.1802	0.0253	-0.047	0.012060225131280817	0.0050509828552715895	-0.005157447939643243	1.0409236	55.60403061	0.97011914	0.15802782544514268	0.0175421	0.00065
0.184	0.0127	-0.0796	0.01232376984833196	0.004942772441647941	-0.005080653452555493	0.98216873	52.46546173	0.96274016	0.0714274808881271	0.0169832	0.00035
0.1744	-0.0878	-0.1362	0.01249306678577541	0.005258677036258915	-0.005133013330115323	1.01534939	54.23790741	0.97962777	0.19357807048071268	0.0163519	0.00024
0.1815	-0.0102	-0.0959	0.012891001855230119	0.005187118536927148	-0.005057964172279567	1.01373816	54.1518364	0.97908742	0.1522271363311115	0.0172079	0.00041
0.1934	0.0993	-0.0186	0.013034118853893653	0.00499862297771176	-0.004956735075663896	1.03181589	55.11751556	0.99845687	0.2203420827247297	0.0199054	0.00094
0.1945	0.0142	-0.0329	0.012849113953182252	0.005136503988619312	-0.0048904125640881115	0.95110011	50.80583954	0.9494978	0.1199604211597368	0.0188324	0.00073
0.1911	-0.0916	-0.1257	0.013332570155984682	0.005239478414486977	-0.004684463712352781	1.07793558	57.58113098	1.04450402	0.24161897402027127	0.017819	0.00049
0.2109	-0.1029	-0.2826	0.015376350710070043	0.004255112716362175	-0.0039339721339952186	1.23169875	65.79485321	1.1791847	0.3769318915283864	0.0208611	0.00074
0.1796	-0.1158	-0.369	0.015830136315588567	0.0031730085801256907	-0.0035918876006043304	1.09966731	58.74200058	1.08101341	0.2244987137572948	0.0189214	0.00028
0.1705	-0.1125	-0.3695	0.015837117632596546	0.003115412714809878	-0.0036145768808802567	0.92185163	49.24344635	0.94025249	0.017263323129985873	0.0181631	0.00016
0.1904	-0.0008	-0.241	0.015308282869242264	0.003160791275361731	-0.0033667401270970616	1.06802869	57.05192566	1.04739791	0.30120250388446645	0.0166988	0.00017
0.2082	0.0326	-0.1516	0.015683528658421046	0.0032096604944175725	-0.0032759830059933565	0.99503982	53.15301132	0.99526376	0.16634360646691632	0.0185808	0.00019
0.2092	-0.124	-0.2339	0.01564164075637318	0.0035918876006043304	-0.0031956978604016175	1.0454489	55.84576035	1.01792514	0.265120007691318	0.0180685	0.00013
0.2138	-0.1336	-0.2521	0.015158184553570752	0.0038397243543875246	-0.00322885911618951	1.0305562	55.0502243	0.96736702	0.0706227106186758	0.0182615	0.00023
0.2348	-0.0475	-0.1633	0.015625932793105233	0.003932226804743224	-0.003120648702565861	1.17812729	62.93317032	1.05869458	0.2293230551756915	0.0201902	0.00051
0.2544	0.0458	-0.0866	0.01778141441931823	0.00419228086329038	-0.002855358656262723	1.15993917	61.96160126	1.06979822	0.3236412865531645	0.0271118	0.00161
0.2438	-0.0898	-0.2256	0.017364280728091583	0.0040945424251786966	-0.0028099800957108703	1.16578436	62.27383423	1.09287627	0.3132125344945091	0.0237728	0.00077
0.2077	-0.2052	-0.2779	0.016819738001469353	0.0035482543693044722	-0.002780309498426967	1.04256165	55.69152832	1.01257676	0.2598250689890178	0.021836	0.0006
0.2321	-0.0638	-0.1536	0.016528268016386297	0.003560471674068432	-0.002895501229058593	1.07551777	57.45197678	1.04637235	0.31104395102393206	0.0211838	0.00039
0.2109	0.0238	-0.1354	0.016528268016386297	0.003001966313430246	-0.0028710666195306722	1.00208449	53.52932358	0.99219265	0.15614699850830535	0.0205515	0.00021
0.2252	-0.1111	-0.1983	0.016067501093859796	0.003106686068549906	-0.002775073510670984	1.02061939	54.51942062	0.99760862	0.24517398932529247	0.0188128	0.00011
0.2102	-0.0994	-0.3037	0.014220942745249796	0.0031956978604016175	-0.0033353242005611634	1.15786731	61.85092545	1.09743545	0.25689104151759456	0.0173247	0.00017
0.1825	-0.071	-0.5378	0.012355185774867857	0.0022130774915288098	-0.0030229102644541784	1.37509775	73.45493317	1.25665863	0.4482395637680865	0.0211788	0.00167
0.1713	-0.0709	-0.5889	0.012562879955855184	0.0019373154697137059	-0.003145083312093782	1.20177865	64.19657898	1.13436688	0.09268146252210176	0.022546	0.00148
0.159	-0.0049	-0.4895	0.013280210278424853	0.002155481626212997	-0.003166027263117714	1.03414702	55.24203873	1.00477609	0.22552202150464465	0.0184901	0.00035
0.1644	-0.1265	-0.4911	0.013810790371031131	0.0023457225146803788	-0.003080506129769991	0.96847302	51.73386383	0.96813172	0.1689171057210691	0.0190696	0.00047
0.1787	-0.1782	-0.5012	0.014376277048677293	0.001980948701013564	-0.0026040312439755396	1.10946763	59.26551056	1.01033238	0.1464367688553714	0.020992	0.0009
0.1663	-0.1558	-0.5671	0.014782938764391972	0.0022602013813326567	-0.0026965336943312393	1.10052204	58.78765488	1.01599138	0.13962084231947364	0.0230947	0.0015
0.1541	-0.1202	-0.5956	0.014906857141283567	0.0026389378290154262	-0.0030002209841782524	1.09220135	58.34318161	1.01002696	0.11661710572106884	0.0254431	0.0027
0.1658	0.0077	-0.5161	0.015083135395734996	0.0022654373690886398	-0.0031014500807939236	1.17348111	62.6849823	1.05606708	0.2516503905496944	0.0216175	0.00128
0.1642	-0.0009	-0.5524	0.015870278888384437	0.0022270401255447643	-0.003134611336581816	0.9974938	53.28409576	0.96651476	0.08943509959906043	0.0243258	0.00216
0.1433	-0.1073	-0.5937	0.015858061583620478	0.0022235494670407763	-0.0032724923474893677	0.99395424	53.09502029	0.97549065	0.17627944870877496	0.0254887	0.00263
0.1402	-0.0659	-0.5469	0.015805701706060646	0.001673770752662562	-0.0033021629447732717	0.92632163	49.48222351	0.94247915	0.1228904594610975	0.0229818	0.0014
0.1499	0.0126	-0.4868	0.01607273708161578	0.0010524335389525807	-0.0031258846903218446	1.13500893	60.629879	1.04952984	0.2015325421858272	0.0215188	0.00092
0.1412	-0.0849	-0.5746	0.015789993742792698	0.0010716321607245184	-0.0032096604944175725	1.0787214	57.62310791	1.02755999	0.21328588823453737	0.0232939	0.00159
0.1415	-0.1167	-0.5782	0.015728907218972896	0.0008499753457212384	-0.0031730085801256907	1.00501883	53.68606567	0.95872485	0.05166976265574821	0.0241486	0.00177
0.1444	-0.102	-0.5693	0.016137314263939568	0.0008115781021773631	-0.003269001688985379	1.01466501	54.20134735	0.96471535	0.053639869868511825	0.0248184	0.0022
0.1489	-0.0543	-0.5158	0.01625774198232718	0.0008115781021773631	-0.0034365532971768345	1.01198244	54.05804825	0.9749607	0.1200989663289534	0.0228588	0.00137
0.1456	-0.0895	-0.5425	0.016144295580947546	0.0008883725892651138	-0.0034819318577286873	0.94858116	50.67128372	0.94499713	0.07698097245096182	0.0236709	0.00172
0.1396	-0.1067	-0.5615	0.015889477510156378	0.0009075712110370514	-0.003577924966588375	0.93398619	49.89164734	0.93214799	0.060700490071139715	0.0240993	0.00192
0.1329	-0.0777	-0.5674	0.015873769546888426	0.0009459684545809266	-0.0036285395148962112	0.95462167	50.9939537	0.94716114	0.046835987755983195	0.0242753	0.00172
0.1396	-0.0503	-0.5437	0.01602910385031592	0.0007033676885537148	-0.003560471674068432	0.99415135	53.10554886	0.95875236	0.08110014551412435	0.0229175	0.00146
0.1469	0.0156	-0.5148	0.015711453926452956	0.0003630284844148205	-0.003490658503988659	1.00549853	53.71169281	0.97514395	0.13849011490408153	0.0213559	0.00116
0.1433	-0.0418	-0.5526	0.015610224829837285	0.00037350045992678646	-0.0034697145529647274	0.94363946	50.40730667	0.9424443	0.1054322511575784	0.0221623	0.00137
0.14	-0.0549	-0.5561	0.015625932793105233	0.0004939281783143952	-0.0035203291012725624	0.96826792	51.72290802	0.93924176	0.02923751149816965	0.0223801	0.0013
0.1538	0.0067	-0.5072	0.015350170771290129	0.00015707963267948963	-0.0034016467121369483	1.01202786	54.0604744	0.97283663	0.16086464782928123	0.0200017	0.00073
0.1563	0.026	-0.4881	0.015481070465189702	-0.0001012290966156711	-0.0034295719801688577	0.95127928	50.81541061	0.94062512	0.0617566845613322	0.0197539	0.00064
0.1526	-0.1202	-0.5212	0.01533446280802218	8.901179185171081e-05	-0.003525565089028546	1.04269433	55.69861603	1.00934006	0.2046420827247296	0.0207982	0.00075
0.1421	-0.104	-0.5395	0.015118041980774884	0.00040840704496667313	-0.0036634460999360975	0.93262875	49.81913757	0.9382209	0.07868485456349053	0.0208043	0.00077
0.1488	-0.074	-0.5145	0.015292574905974314	0.00038048177693476387	-0.0035849062835963527	1.01006222	53.95547867	0.96725043	0.07574990047855422	0.0201637	0.00061
0.1513	0.0353	-0.4682	0.015341444125030157	0.0001832595714594046	-0.0036512287951721376	1.07162547	57.24406052	1.00099371	0.17372069680534927	0.0188712	0.00037
0.1529	0.0096	-0.4526	0.015238469699162491	6.45771823237902e-05	-0.003680899392456041	0.95584804	51.0594635	0.94689999	0.05546637061435921	0.0182294	0.00024
0.1562	-0.1313	-0.5196	0.015299556222982293	0.00023561944901923448	-0.0036302848441482054	1.0434134	55.73703003	1.00345698	0.225337166941154	0.0207483	0.00066
0.1404	-0.1281	-0.5388	0.015355406759046113	0.0005567600313861911	-0.0038484510006474965	0.93885791	50.15188599	0.9361561	0.0679578637465034	0.0213432	0.00079
0.1425	-0.0131	-0.4822	0.015275121613454373	0.0003647738136668148	-0.003766420525803763	1.05138397	56.16279984	1.00181461	0.1914150919077424	0.0190422	0.00045
0.1336	0.0666	-0.4355	0.014910347799787557	0.0001291543646475804	-0.003914773512223281	1.00213182	53.53185272	0.97522769	0.17273731245527849	0.0173214	0.00018
0.1377	-0.0624	-0.5133	0.014950490372583428	0.0006318091892219474	-0.0038013271108436495	1.03808403	55.4523468	1.00372514	0.24371218993749344	0.0193155	0.0004
0.1365	-0.0785	-0.5322	0.015241960357666479	0.0008203047484373349	-0.0037978364523396607	0.9864549	52.69441986	0.95409588	0.06037281014012136	0.0203411	0.00063
0.1557	0.0189	-0.4554	0.015130259285538843	0.0006300638599699529	-0.0037315139407638766	1.02832949	54.93127823	0.99568045	0.21181322360854005	0.017874	0.00027
0.1602	0.0347	-0.4401	0.015025539530419183	0.0005794493116621174	-0.0037646751965517687	0.99462771	53.1309967	0.9518281	0.045024777960769376	0.0180106	0.00023
0.1504	-0.0808	-0.5092	0.01524545101617047	0.0007347836150896127	-0.0037768925013157294	1.04875171	56.02219009	1.00049098	0.2137731546971371	0.0198204	0.00047
0.1451	-0.0706	-0.503	0.014910347799787557	0.0009389871375729493	-0.0038903389026953604	1.00454843	53.66093826	0.96107322	0.05433765701229402	0.019453	0.00045
0.1592	0.0307	-0.3703	0.014741050862344108	0.0009616764178488756	-0.0038362336958835358	1.13516629	60.63828278	1.05659585	0.2604045712265599	0.0162429	9e-05
0.1579	-0.0095	-0.4057	0.014636331107224447	0.001270599695451872	-0.003979350694547071	1.00030541	53.43428421	0.96109294	0.1047380015693096	0.0172659	0.00016
0.1527	-0.1061	-0.4594	0.014913838458291546	0.001408480706359424	-0.004052654523130833	1.01794851	54.37674332	0.98723934	0.1799346095279206	0.019231	0.00036
0.1537	-0.0604	-0.4599	0.014718361582068183	0.0013578661580515882	-0.004068362486398782	0.98589921	52.6647377	0.95142217	0.06028996938995738	0.018711	0.00025
0.1632	0.0225	-0.4048	0.014425146267733134	0.0011501719770642632	-0.004124213022462601	1.01741827	54.348423	0.98155567	0.17533800156930962	0.0170093	0.00017
0.1603	0.0108	-0.4098	0.014196508135721876	0.001085594794740473	-0.004235914094590238	0.93899632	50.15927887	0.937371	0.039845819323134246	0.0168854	0.00012
0.1562	-0.0997	-0.4658	0.014206980111233843	0.0012077678423800758	-0.0044261549830576195	0.99052262	52.91170883	0.97264579	0.1867442955809475	0.0185822	0.00025
0.1595	-0.028	-0.4265	0.014121458977886121	0.0012531464029319286	-0.0044436082755775624	0.98559165	52.6483078	0.96161307	0.12171764932097585	0.0175335	0.00011
0.1595	0.0622	-0.3907	0.014275047952061621	0.0010070549784007281	-0.004543092042941239	1.01233995	54.07714462	0.97842361	0.15095820830351891	0.0170556	0.00011
0.1537	-0.0518	-0.4831	0.014491468779308918	0.001165879940332212	-0.00460766922526503	1.04043078	55.57770538	1.00852127	0.2341911485751285	0.0196286	0.0003
0.1636	-0.1032	-0.5093	0.01475850415486405	0.0009546951008408983	-0.004953244417159907	0.98366004	52.54512405	0.96705127	0.1286897703470662	0.0212971	0.00056
0.1683	0.0172	-0.4344	0.014849261275967756	0.0006056292504420323	-0.005087634769563471	1.03463256	55.26797485	0.99909675	0.22871066619530675	0.0190304	0.00022
0.1665	-0.0323	-0.4859	0.015224507065146536	0.000778416846389471	-0.0050073496239717305	0.93945187	50.18361282	0.94180606	0.13421592653589787	0.0207989	0.00052
0.1738	-0.0831	-0.4852	0.015332717478770184	0.001117010721276371	-0.004981169685191816	0.94004577	50.21533966	0.94047818	0.0824492113645231	0.0212882	0.0005
0.1745	-0.0086	-0.4466	0.015261158979438418	0.0008813912722571365	-0.004939281783143952	0.97129565	51.88464355	0.9595054	0.13125329251994322	0.0197055	0.00027
0.1628	-0.0633	-0.5125	0.015528194354993549	0.0009599310885968812	-0.0049846603436958055	0.95450234	50.98757935	0.95503111	0.1518476876223364	0.0216581	0.00071
0.1518	-0.0784	-0.5525	0.015547392976765488	0.0011239920382843482	-0.005152211951887261	0.95041376	50.76917648	0.94784277	0.08364055898254313	0.0231183	0.00111
0.1667	0.0053	-0.4794	0.015276866942706364	0.0008011061266653974	-0.0050562188430275734	1.01899207	54.4324913	0.9928494	0.20617025272688808	0.0202486	0.00037
0.1657	0.0035	-0.4729	0.01534668011278614	0.0007731808586334879	-0.005030038904247658	0.92593145	49.46138	0.93207913	0.015495918844579992	0.020046	0.00046
0.1593	-0.0725	-0.4944	0.015119787310026875	0.0010471975511965976	-0.0051277773423593406	0.94263393	50.35359192	0.94390909	0.13383239667170285	0.0204161	0.00037
0.1598	-0.0264	-0.47	0.015194836467862634	0.0009826203688728075	-0.005223770451219028	0.93674117	50.03881454	0.93388258	0.08278097245096187	0.0199561	0.00025
0.1625	0.0077	-0.4346	0.015521213037985574	0.0008517206749732328	-0.005199335841691108	0.96423274	51.50735855	0.95603467	0.09628554367752173	0.0195408	0.00019
0.1692	-0.064	-0.4783	0.01547932513593771	0.0008656833089891874	-0.005099852074327431	0.9655053	51.57533646	0.95364566	0.1298667151713748	0.0204006	0.0003
0.1623	-0.0808	-0.5132	0.015570082257041413	0.000874409955249159	-0.005169665244407204	0.98534983	52.63539124	0.95633978	0.0670648468721724	0.0221372	0.00066
0.1665	-0.0403	-0.4651	0.015074408749475025	0.000726056968829641	-0.005150466622635266	1.01983094	54.47729874	0.97465262	0.12596125578789225	0.0196796	0.00026
0.1693	0.055	-0.41	0.014807373373919892	0.000582939970166106	-0.005105088062083414	1.08014941	57.69939041	0.995672	0.175976546738526	0.0189618	0.00025
0.166	0.0227	-0.4061	0.014655529728996385	0.0003769911184307752	-0.0050789081233034985	0.98011971	52.35600662	0.95701583	0.05869862177193763	0.0184654	0.00018
0.1566	-0.1064	-0.4729	0.014814354690927869	0.0006335545184739417	-0.005047492196767601	1.04166639	55.64370346	1.00274165	0.22764021442552737	0.0201854	0.00033
0.1472	-0.132	-0.4898	0.014802137386163908	0.0008499753457212384	-0.005195845183187119	0.91840351	49.05925369	0.92733662	0.07074955592153881	0.0208225	0.00045
0.1353	-0.0179	-0.4255	0.014774212118132	0.0006038839211900379	-0.005386086071654501	0.98116893	52.41205597	0.97879977	0.21351287905152447	0.0182892	0.00012
0.1313	-0.0133	-0.4611	0.014891149178015619	0.00035430183815484887	-0.00544193660771832	0.93837476	50.12607574	0.94937572	0.06531848394913134	0.0192243	0.00025
0.1325	-0.0982	-0.4977	0.015158184553570752	0.0002617993877991494	-0.005471607205002223	0.98822129	52.7887764	0.965584	0.14216042115973673	0.020654	0.00035
0.1262	-0.021	-0.4549	0.015215780418886564	0.00020594885173533088	-0.005499532473034132	0.97518301	52.09230042	0.96137932	0.13336858347057695	0.0194836	0.00023
0.1302	0.0438	-0.4442	0.015870278888384437	7.504915783575618e-05	-0.00529707427980279	1.01042795	53.97501373	0.9753724	0.12889281783143952	0.0205246	0.00042
0.1033	-0.0797	-0.5402	0.016276940604099118	0.0003473205211468716	-0.005286602304290824	1.06184983	56.72186279	1.02023221	0.28087025272688815	0.0229921	0.00092
0.1099	-0.0747	-0.5292	0.016034339838071905	0.0003438298626428829	-0.005281366316534841	0.94750291	50.61368561	0.94104867	0.03516637061435923	0.0223725	0.00078
0.1181	0.0061	-0.4628	0.015877260205392416	0.0001937315469713706	-0.005340707511102648	1.06115901	56.68496323	0.99461345	0.17372595714594047	0.0203737	0.00043
0.1294	0.0132	-0.4491	0.016004669240788003	5.061454830783555e-05	-0.005220279792715039	1.07064688	57.19178391	0.98080863	0.05164768762233657	0.0212462	0.00052
0.1372	-0.1046	-0.4855	0.0161285876176796	0.00028099800957108706	-0.0051277773423593406	1.07250261	57.29091644	1.00650098	0.18434021442552737	0.0218893	0.00052
0.136	-0.1245	-0.4891	0.01573065254822489	0.00042411500823462205	-0.005286602304290824	1.02881312	54.95711136	0.98830273	0.05969385150248646	0.0220085	0.00092
0.14	-0.0241	-0.5024	0.015402530648849957	0.0001256637061435917	-0.0048939032225921	1.07982886	57.68227005	1.04377402	0.16866361415823433	0.0218256	0.00116
0.1225	-0.0359	-0.5535	0.016938420390604968	-8.37758040957278e-05	-0.004588470603493092	1.05697525	56.46147537	1.03903866	0.1829380935546669	0.0252753	0.00229
0.1159	0.0334	-0.5416	0.01595056403397618	0.0001972222054753592	-0.004368559117741807	1.13756979	60.76667023	1.11230792	0.162238292597558	0.0219723	0.00219
0.1181	-0.0412	-0.5144	0.015711453926452956	0.0004729842272904633	-0.004494222823885398	0.98747724	52.74903107	1.00050812	0.1360267917740959	0.0207266	0.00082
0.1294	0.0413	-0.4784	0.015704472609444978	0.0002897246558310587	-0.004495968153137393	0.96265471	51.42306137	0.96927973	0.13939931088596885	0.0203091	0.00053
0.1289	0.0134	-0.446	0.015821409669328598	9.075712110370512e-05	-0.004403465702781694	0.96379113	51.48376846	0.9474187	0.08122035224833361	0.0198675	0.00041
0.1299	-0.1091	-0.4421	0.015673056682909078	0.00039269908169872416	-0.004436626958569585	0.99570507	53.18854523	0.98575425	0.15157281014012153	0.0196068	0.00023
0.134	-0.2438	-0.4965	0.01592787475370025	0.000726056968829641	-0.0043982297150257105	1.00647497	53.76385117	0.99251686	0.2245286600732981	0.0227111	0.0006
0.1287	-0.207	-0.5104	0.016102407678899686	0.0007609635538695277	-0.004537856055185257	1.11238253	59.42122269	1.00268338	0.07345329251994345	0.0238532	0.00107
0.1287	-0.1093	-0.4945	0.015535175672001526	0.0009773843811168245	-0.004488986836129415	1.06859469	57.08216476	1.00675092	0.15522610266006487	0.0208507	0.0004
0.1353	0.0053	-0.4767	0.016132078276183588	0.0007138396640656808	-0.004359832471481835	1.08286643	57.84453201	1.01424677	0.18848008429403923	0.0222104	0.0007
0.1367	0.0338	-0.483	0.016603317174222056	0.0007330382858376184	-0.004300491276914028	1.03864622	55.48237228	0.9973236	0.0636889357189106	0.0235196	0.00114
0.1388	-0.0045	-0.4633	0.015648622073381156	0.0007993607974134029	-0.004084070449666731	0.99137688	52.95734406	0.98999284	0.12197192198319907	0.0215325	0.00064
0.1444	-0.0195	-0.4437	0.01573065254822489	0.0010105456369047167	-0.004063126498642799	0.97311538	51.98184967	0.97145614	0.055907963267949	0.0202196	0.00036
0.1407	-0.0771	-0.4538	0.015622442134601244	0.0010925761117484504	-0.0039723693775390945	0.92474771	49.39814758	0.94166845	0.08544990047855426	0.0196939	0.00035
0.1471	-0.0196	-0.4314	0.015399039990345968	0.0008185594191853405	-0.00394269878025519	1.08804107	58.12094498	1.00385106	0.11265447170511449	0.0188743	0.00032
0.1567	0.0097	-0.3958	0.015351916100542123	0.0007661995416255106	-0.0038013271108436495	1.0257268	54.79224396	0.97832174	0.08654277183876077	0.0183243	0.00017
0.1658	-0.1047	-0.3988	0.015348425442038134	0.0009651670763528643	-0.0037489672332838195	0.99876273	53.35187912	0.98495213	0.13924090353955867	0.0187004	0.00016
0.164	-0.2346	-0.4566	0.015484561123693692	0.0013997540600994523	-0.003766420525803763	1.00122511	53.4834137	0.97826162	0.21890879789610448	0.021612	0.00061
0.1565	-0.18	-0.474	0.01550899573322161	0.0015463617172669759	-0.003909537524467298	0.93664432	50.03364182	0.94501193	0.0952079632679488	0.0208429	0.0004
0.1571	-0.1052	-0.4732	0.015301301552234288	0.001553343034274953	-0.00404741853537485	1.09021008	58.23681259	0.99847994	0.09382782544514251	0.0203863	0.00042
0.1656	0.0401	-0.4208	0.014622368473208493	0.0014014993893514465	-0.004064871827894794	1.09655905	58.57595825	1.03558726	0.24861150082346223	0.0179769	0.00021
0.1588	0.0796	-0.401	0.014131930953398087	0.0013072516097437528	-0.004064871827894794	1.01936054	54.45217514	0.98370657	0.095334264970905	0.0184296	0.00025
0.1583	-0.0527	-0.5002	0.014100515026862187	0.0014608405839192536	-0.004049163864626845	1.08330083	57.867733	1.02805211	0.24203564319896745	0.0201494	0.00049
0.156	-0.0603	-0.4762	0.013821262346543097	0.0014346606451393388	-0.00411199571769864	0.8908968	47.58990097	0.91590992	0.052313223608539995	0.0189036	0.00029
0.1596	0.0322	-0.4077	0.013718287920675431	0.0013648474750595659	-0.00411199571769864	1.04825532	55.99567413	1.00067832	0.17323937979737195	0.0170844	0.00016
0.1603	0.0581	-0.3699	0.013257520998148926	0.0013404128655316449	-0.004078834461910747	0.94030732	50.22930908	0.94418595	0.09031813939211594	0.0156336	9e-05
0.1562	-0.0941	-0.444	0.013405873984568446	0.0015987215948268059	-0.0039723693775390945	1.01330876	54.12889862	0.99442311	0.2560563400043167	0.017285	0.00016
0.1539	-0.1516	-0.4907	0.013599605531539815	0.001811651763570114	-0.004029965242854907	0.92080867	49.1877327	0.93114232	0.12971287905152448	0.0195611	0.00037
0.1645	-0.0717	-0.4321	0.013704325286659476	0.0016912240451825054	-0.004162610266006475	0.97156531	51.89904785	0.96891201	0.16698962483294194	0.0172316	0.00016
0.1644	-0.0058	-0.4284	0.013646729421343665	0.0016074482410867775	-0.004211479485062317	0.95399976	50.96073151	0.94218428	0.07921204442336904	0.0171874	0.00013
0.1527	-0.1081	-0.5082	0.013885839528866887	0.0018675022996339327	-0.00428129265514209	0.99153525	52.96580124	0.97776732	0.22224886680750744	0.0202293	0.00049
0.1449	-0.095	-0.5295	0.014116222990130137	0.0021170843826691216	-0.00443837228782158	0.94714856	50.59475708	0.94213077	0.07405225884889646	0.0211859	0.0006
0.1544	-0.0434	-0.4927	0.014194762806469882	0.001960004749989632	-0.004434881629317591	1.01219666	54.06949615	0.97056143	0.10985550537616116	0.0199873	0.00046
0.1722	0.0667	-0.4067	0.014247122684029712	0.0017540558982543013	-0.004284783313646079	1.04078054	55.59638596	1.00159721	0.23432035224833367	0.0181263	0.00021
0.1743	0.0494	-0.3927	0.014261085318045668	0.0016755160819145565	-0.004244640740850209	0.90418506	48.29973221	0.92914197	0.04003225115757853	0.0180908	0.00022
0.1638	-0.1194	-0.5216	0.014538592669112763	0.0019390607989657003	-0.004276056667386107	1.09920299	58.7171936	1.05377351	0.3368233997327068	0.0217913	0.00079
0.1558	-0.1427	-0.5524	0.014177309513949939	0.0021327923459370708	-0.0044924774946334045	0.89504051	47.81124878	0.91842016	0.10067177646907464	0.0231114	0.00126
0.1639	-0.0778	-0.5079	0.013912019467646801	0.0019058995431778078	-0.004427900312309613	0.94563633	50.51397705	0.95207037	0.1453380015693096	0.0205391	0.00061
0.1756	0.0054	-0.4876	0.013817771688039106	0.0016964600329384882	-0.004394739056521722	0.9488464	50.68545151	0.9549955	0.1320424272817453	0.0196058	0.00047
0.163	-0.0771	-0.5484	0.013800318395519161	0.0019146261894377795	-0.004534365396681268	0.93918556	50.16938782	0.9503056	0.1746622894589391	0.0217635	0.00085
0.1525	-0.0695	-0.5515	0.013569934934255911	0.001932079481957723	-0.0046809730538487915	0.87101209	46.52769852	0.90591581	0.04092222054753587	0.0217199	0.00076
0.1554	0.0038	-0.4792	0.01324181303488098	0.0016842427281745281	-0.004562290664713178	0.95676315	51.10834885	0.95932222	0.18323205211468696	0.0186874	0.00034
0.1566	0.0444	-0.4379	0.013042845500153624	0.0014014993893514465	-0.004590215932745087	0.92784631	49.5636673	0.94088062	0.10858180707911728	0.017458	0.00017
0.1415	-0.0854	-0.5524	0.013473941825396225	0.0015358897417550098	-0.004675737066092809	1.03353488	55.20933533	1.01136175	0.29195039054969424	0.021574	0.00063
0.1334	-0.1275	-0.5752	0.013510593739688104	0.0017348572764823637	-0.004874704600820162	0.8924064	47.67053986	0.91918258	0.09472934918732931	0.0228833	0.00096
0.1468	-0.0305	-0.4991	0.013329079497480696	0.0015847589608108511	-0.0047577675409365425	0.98821056	52.78820419	0.98099094	0.20892748088812707	0.0191054	0.0004
0.1467	-0.0017	-0.4932	0.013070770768185535	0.0014695672301792255	-0.0046809730538487915	0.9567818	51.10934448	0.9552806	0.05731474735072687	0.0190294	0.00043
0.1315	-0.1306	-0.6085	0.013709561274415456	0.0015690509975429022	-0.004747295565424576	1.05864716	56.55078506	1.02729321	0.2996298392584691	0.0244865	0.0014
0.1208	-0.1078	-0.6363	0.013545500324727991	0.0015847589608108511	-0.004668755749084832	0.93059278	49.71038055	0.9358156	0.07421543646475784	0.0254975	0.00179
0.1422	-0.0057	-0.531	0.013224359742361035	0.0011466813185602744	-0.004501204140893376	1.04386938	55.76138687	1.01387922	0.27513849164044935	0.0200604	0.00053
0.1502	0.0309	-0.4908	0.013208651779093087	0.0010297442586766543	-0.004461061568097506	0.9351939	49.9561615	0.9428061	0.09343937979737191	0.0188096	0.00038
0.1555	-0.1034	-0.5871	0.013557717629491954	0.001296779634231787	-0.004522148091917307	1.02059281	54.51799774	1.00315991	0.26975938748868994	0.0231732	0.00113
0.1355	-0.0999	-0.6208	0.013267992973660893	0.0017505652397503124	-0.004511676116405342	0.92131615	49.21483994	0.93140887	0.09489911184307763	0.0248586	0.00181
0.1332	-0.0558	-0.5966	0.013325588838976705	0.0017366026057343581	-0.004642575810304917	0.96758491	51.68642426	0.94736671	0.0807229096615671	0.0235428	0.00142
0.1409	0.032	-0.5112	0.013201670462085108	0.0013788101090755204	-0.004731587602156627	1.19354713	63.75687027	1.06909488	0.20943613327010727	0.0209655	0.00082
0.143	0.0061	-0.4976	0.013259266327400921	0.0013107422682477415	-0.004754276882432553	1.03445995	55.25875473	0.98940773	0.04901764932097587	0.0195495	0.00046
0.136	-0.1484	-0.5879	0.013681636006383549	0.0014748032179352085	-0.00476125819944053	1.1001538	58.7679863	1.04403547	0.28147059728390356	0.0238506	0.00125
0.1567	-0.0866	-0.5727	0.013913764796898796	0.0015603243512829306	-0.004602433237509047	0.96327716	51.45631409	0.95399271	0.1215237442897226	0.0231748	0.00123
0.1662	0.0071	-0.51	0.014100515026862187	0.0013404128655316449	-0.004342379178961892	0.96446824	51.51993942	0.96440061	0.19923578871309156	0.0205471	0.0005
0.1591	-0.0836	-0.573	0.014791665410651942	0.0014922565104551516	-0.004391248398017733	0.97666061	52.17123032	0.97380767	0.20539316238845504	0.0235007	0.00121
0.1494	-0.157	-0.7019	0.014941763726323453	0.002008873969045473	-0.0044977134823893875	1.06734502	57.01540756	1.03314572	0.25065904293167435	0.0303196	0.00467
