trans_x	trans_y	trans_z	rot_x	rot_y	rot_z	dvars_std	dvars_nstd	dvars_vstd	framewise_displacement	aqi	aor
0.0	-0.0	0.0	-0.0	0.0	-0.0	n/a	n/a	n/a	n/a	0.0299579	0.00227
0.0022	0.0202	0.0221	-0.00024609142453120044	1.7453292519943296e-05	1.9198621771937625e-05	1.11379445	58.04178619	1.11317392	0.05863716694115407	0.0284374	0.00182
0.004	0.0392	0.0328	-0.0008499753457212384	2.96705972839036e-05	-6.632251157578452e-05	1.04897976	54.66418076	1.08140938	0.06658111796508602	0.0286896	0.00206
0.0084	0.0293	0.03	-0.0010611601852125523	-6.806784082777885e-05	3.4906585039886588e-06	1.08139253	56.35326767	1.09469584	0.03603682238413848	0.0295119	0.00214
0.0052	-0.0314	0.0146	-0.0005235987755982988	-8.37758040957278e-05	-1.5707963267948964e-05	1.12179005	58.45845032	1.12655049	0.107923399732707	0.0287438	0.00179
0.0044	-0.0207	0.0179	-0.0002181661564992912	-7.330382858376184e-05	-1.7453292519943294e-06	1.11006033	57.84719467	1.10754834	0.03129336143134641	0.0276871	0.00155
0.0037	-0.0138	0.0195	-0.00023561944901923448	-9.948376736367679e-05	1.0471975511965975e-05	1.03990281	54.19116211	1.06540574	0.011992526803190927	0.0271314	0.00149
-0.0001	0.0195	0.0259	-0.00039968039870670147	-2.96705972839036e-05	-1.7453292519943296e-05	1.08254099	56.41311264	1.09797779	0.05658996938995747	0.0285013	0.00179
0.0007	0.0591	0.0347	-0.0010733774899765126	-4.537856055185256e-05	-6.283185307179586e-05	1.11966562	58.3477478	1.12582779	0.08593918075448063	0.0307904	0.00243
0.0059	0.0727	0.0345	-0.0017296212887263805	-0.00011519173063162575	-7.67944870877505e-05	1.11224246	57.9609108	1.10998635	0.05600098014227978	0.0313567	0.00285
0.0051	-0.0017	0.0129	-0.0013910274138394805	-9.075712110370512e-05	-5.759586531581287e-05	1.07482505	56.01102448	1.10676857	0.11591135530933792	0.0297636	0.0026
0.0026	-0.0273	0.0153	-0.0007155849933176752	-5.4105206811824215e-05	-7.330382858376184e-05	1.07476282	56.00778198	1.09849627	0.06689011490408175	0.0285418	0.0021
0.0008	-0.0096	0.0244	-0.0003595378259108319	-0.00010995574287564276	-1.5707963267948964e-05	1.09454095	57.03845596	1.10241607	0.052074678439323736	0.0275944	0.00156
0.003	0.0039	0.0318	-0.00019896753472735358	-6.45771823237902e-05	1.7453292519943294e-06	1.09391165	57.00566101	1.09679398	0.03427010721276371	0.0271121	0.00144
0.0062	0.0403	0.056	-0.000879645943005142	-0.0001064650843716541	-5.585053606381854e-05	1.10363472	57.51234436	1.10843238	0.10280810878207323	0.0268824	0.00158
0.0139	0.0438	0.0495	-0.0014765485471872027	-0.00020594885173533088	5.235987755982988e-06	1.03098154	53.72626114	1.06883259	0.05557364476827695	0.0285081	0.00193
0.0136	-0.0096	0.0251	-0.0010384709049366262	-0.00022689280275926284	2.96705972839036e-05	1.10548592	57.60881424	1.1215906	0.10227281014012146	0.0281481	0.00176
0.0086	-0.0314	0.0276	-0.0003647738136668148	-0.00017802358370342162	6.108652381980153e-05	1.10157096	57.40480042	1.10475892	0.06699911184307752	0.0266468	0.00138
0.0031	-0.011	0.024	-0.0003385938748868999	-0.0002251474735072685	2.96705972839036e-05	1.09945536	57.29455566	1.10204929	0.03473598775598299	0.0267528	0.00135
0.0029	0.0105	0.0387	-0.0005846852994181004	-0.00014311699866353502	-1.2217304763960308e-05	1.04724097	54.57357025	1.07836103	0.054900490071139896	0.0260047	0.00134
0.0086	0.04	0.0558	-0.0012217304763960308	-0.00010297442586766544	-6.9813170079773176e-06	1.0691973	55.71775055	1.09147718	0.08642118687648914	0.0278971	0.00165
0.0092	0.045	0.0441	-0.0016720254234105676	-0.00016929693744344995	-0.0	1.11426401	58.06625748	1.11095725	0.04347993877991493	0.0293178	0.00219
0.0091	-0.0159	0.0312	-0.0009564404300928925	-0.00012217304763960306	6.632251157578452e-05	1.12023497	58.3774147	1.1319683	0.11535156973486532	0.0270443	0.00186
0.0105	-0.0131	0.0536	-0.0007627088831215222	-0.00029321531433504735	0.0001361356816555577	1.0798676	56.2737999	1.08690239	0.04832934918732938	0.0244621	0.00103
0.0134	-0.0087	0.0552	-0.0004921828490624009	-0.00038048177693476387	0.00018151424220741024	1.04218948	54.31032562	1.07256844	0.02905855286053452	0.0241786	0.00107
0.0141	0.0139	0.0779	-0.0007801621756414653	-0.00033335788713091696	0.00015707963267948963	1.08933544	56.76718521	1.09483111	0.0639768912955416	0.0243639	0.00096
0.0233	0.0308	0.0845	-0.0012374384396639797	-0.0003874630939427412	0.00015533430342749534	1.09001219	56.8024559	1.09755844	0.05835634000431665	0.0251949	0.00114
0.0278	0.012	0.0809	-0.001256637061435917	-0.0005532693728822024	0.00020594885173533088	1.07802498	56.17777634	1.08516518	0.03868097245096171	0.0241649	0.0009
0.0218	-0.0356	0.0613	-0.000466002910282486	-0.0006056292504420323	0.0002583087292951608	1.05210912	54.82725525	1.08970768	0.11796769531365456	0.0226904	0.00061
0.0129	-0.0231	0.0626	-0.0004921828490624009	-0.0005393067388662478	0.00015707963267948963	1.07403934	55.97007751	1.09084919	0.032386577348568535	0.0234698	0.00073
0.0097	-0.013	0.0572	-0.00037524578917878077	-0.0005602506898901797	4.886921905584123e-05	1.0937928	56.99946594	1.09953334	0.031004571226560012	0.0241012	0.00076
0.0118	0.0211	0.0731	-0.0009354964790689606	-0.0005340707511102648	-6.9813170079773176e-06	1.10845935	57.76376724	1.11639385	0.08421405823669566	0.0243763	0.0009
0.0115	0.0426	0.0655	-0.0017331119472303693	-0.0005340707511102648	-6.108652381980153e-05	1.05908799	55.19094086	1.08538841	0.07198603374866164	0.0262697	0.00148
0.0023	0.0578	0.0303	-0.0026249751949994717	-0.00034033920413889426	-0.0002199114857512855	1.0947094	57.04722977	1.11849035	0.12182098783359784	0.0311717	0.00337
0.0073	-0.0082	-0.0108	-0.0017575465567582897	-0.00027750735106709843	-0.00016406094968746698	1.1356473	59.18057632	1.16662697	0.16140555136883983	0.0301839	0.00283
0.0051	-0.0569	0.0158	2.6179938779914945e-05	-0.00034208453339088857	-0.00013788101090755203	1.16486371	60.7030983	1.18089471	0.17122418083209548	0.0246564	0.00077
0.0145	-0.022	0.0163	0.0007609635538695277	-0.0004799655442984406	-0.00017278759594743863	1.11562979	58.1374321	1.13386567	0.09017856055185258	0.0239459	0.00068
0.0253	0.0136	0.1067	0.0010419615634406148	-0.00042760566673861073	-9.773843811168246e-05	1.19457924	62.25162506	1.19552559	0.15722035224833364	0.0197887	0.00031
0.0345	0.0531	0.1263	0.00019198621771937622	-0.0005864306286700947	-3.316125578789226e-05	1.05440474	54.94688416	1.09363817	0.12196887449882562	0.0204012	0.0004
0.042	0.0572	0.08	-0.0006667157742618339	-0.0007749261878854823	-5.061454830783555e-05	1.12400365	58.57380676	1.13508286	0.11113254218582704	0.0241241	0.00083
0.0385	-0.0274	0.0558	0.00017627825445142725	-0.0008988445647770796	1.5707963267948964e-05	1.15495396	60.18667984	1.16688854	0.16396174585903214	0.0217223	0.0004
0.036	-0.0447	0.0787	0.0011082840750163993	-0.0008412486994612669	2.4434609527920616e-05	1.11915386	58.32107544	1.12244955	0.09261641660703779	0.0193255	0.00029
0.034	-0.029	0.1145	0.0014067353771074296	-0.0009686577348568529	3.4906585039886588e-06	1.10904813	57.79444885	1.10337612	0.07584021442552742	0.0169281	0.00021
0.036	-0.0216	0.1499	0.000804596785169386	-0.0008429940287132613	6.283185307179586e-05	1.04030323	54.21203232	1.07774188	0.08415717463247212	0.0164704	0.00022
0.0397	0.0075	0.1529	-0.0001012290966156711	-0.0008150687606813518	4.537856055185256e-05	1.12230575	58.48532867	1.12012206	0.0833602221168455	0.0181	0.00022
0.0424	-0.0347	0.1334	-0.00010297442586766544	-0.0008604473212332044	0.00017627825445142725	1.12203145	58.47103119	1.12067132	0.07330117918517107	0.0180482	0.00022
0.0387	-0.0588	0.1481	0.0007644542123735164	-0.0009250245035569946	0.00017278759594743863	1.12084472	58.40918732	1.11452845	0.08927482395344806	0.0157486	0.00012
0.041	-0.0551	0.1738	0.00091106186954104	-0.0010663961729685354	0.00028099800957108706	1.04846108	54.63714981	1.07548724	0.05150948701013564	0.0150888	0.00017
0.0485	-0.0395	0.1845	0.000947713783832921	-0.0011780972450961724	0.00035430183815484887	1.10061371	57.35491562	1.10001562	0.044882840750163994	0.015724	0.00014
0.0513	-0.0223	0.2207	0.0005131268000863328	-0.0010890854532444615	0.00045553093477052	1.11499357	58.10427475	1.11558174	0.08744139361069851	0.0156782	0.00014
0.0543	-0.0025	0.2518	-0.0004363323129985824	-0.0010663961729685354	0.0004206243497306334	1.09352541	56.98553085	1.10411805	0.10425274892003641	0.0155627	0.00011
0.0513	-0.0379	0.2228	-0.00024260076602721178	-0.0010367255756846318	0.0004729842272904633	1.05158746	54.80007172	1.08420555	0.08118810109075524	0.0154814	8e-05
0.0475	-0.0695	0.2081	0.0003717551306747922	-0.0010471975511965976	0.000460766922526503	1.10131061	57.39123154	1.10558673	0.08195225884889651	0.0151142	0.0001
0.0514	-0.0603	0.2044	0.0007243116395776468	-0.0011850785621041497	0.00045902159327450867	1.09862804	57.25143814	1.09810844	0.04140914245312007	0.0149486	0.00012
0.0468	-0.0529	0.209	0.0007347836150896127	-0.0012688543661998775	0.00034208453339088857	1.07673478	56.1105423	1.08628884	0.02715924197456568	0.0131235	5e-05
0.0414	-0.0434	0.1979	0.0007330382858376184	-0.0012322024519079964	0.00019547687622336493	1.05204654	54.8239975	1.0775345	0.03525024503556995	0.0140476	7e-05
0.0396	-0.0162	0.1997	0.0001012290966156711	-0.0012339477811599909	5.759586531581287e-05	1.11158967	57.92689514	1.11003397	0.06937177646907469	0.0148844	9e-05
0.0363	-0.0029	0.1813	-0.00038571776469074686	-0.00119729586686811	-7.67944870877505e-05	1.11016345	57.85256958	1.10635947	0.06789945640009311	0.0158014	0.00014
0.0349	-0.0307	0.1604	-0.0006161012259539982	-0.0011711159280881952	-0.00015533430342749534	1.06487334	55.49242401	1.08048606	0.06685516081914555	0.0154275	5e-05
0.0305	-0.0854	0.1527	0.00010471975511965978	-0.0011798425743481666	-0.0002251474735072685	1.07654727	56.10076904	1.10153529	0.10676803987067011	0.0147758	0.00011
0.0239	-0.079	0.1561	0.0006370451769779302	-0.0011187560505283654	-0.00019896753472735358	1.1019249	57.42324448	1.10046358	0.047379594222899314	0.0143692	5e-05
0.0216	-0.0522	0.1625	0.0006213372137099814	-0.0011379546723003027	-0.00024085543677521747	1.09968245	57.30638885	1.09880268	0.03933972435438752	0.0147065	0.00011
0.0223	0.0062	0.1764	-0.00021467549799530252	-0.0011379546723003027	-0.00035604716740684323	1.11377323	58.04067993	1.11775804	0.12056022211684549	0.0155362	9e-05
0.0266	0.014	0.1482	-0.0007871434926494425	-0.001254891732183923	-0.00035430183815484887	1.05789363	55.12869644	1.08435294	0.07485751918948774	0.0175641	0.00021
0.0246	-0.0618	0.1259	-0.00016929693744344995	-0.0011519173063162574	-0.00033335788713091696	1.14893472	59.87301254	1.15172231	0.1371882466048795	0.016504	0.00011
0.0236	-0.0616	0.1432	0.0005061454830783556	-0.0011449359893082802	-0.00031415926535897925	1.10964704	57.82566071	1.10489031	0.05358111796508601	0.015353	9e-05
0.0229	-0.0446	0.159	0.0006894050545377602	-0.001181587903600161	-0.0003385938748868999	1.09479272	57.05157471	1.08764612	0.04571730476396031	0.0145182	6e-05
0.0242	-0.0221	0.1754	0.00017976891295541595	-0.001129228026040331	-0.00040317105721069014	1.03102946	53.72875977	1.06731876	0.07152866007329822	0.0152027	0.0001
0.0237	0.0006	0.1618	-0.0004468042885105483	-0.0011047934165124105	-0.00042411500823462205	1.11487043	58.09786224	1.10887102	0.07039758810089083	0.017032	9e-05
0.0251	-0.0331	0.1377	-0.0005794493116621174	-0.0011623892818282235	-0.0003892084231947355	1.11705232	58.21156311	1.11925783	0.07045737367536345	0.0173807	0.00013
0.0198	-0.0815	0.1357	0.0002583087292951608	-0.0011135200627723821	-0.0003874630939427412	1.11485016	58.09680176	1.11364837	0.10011862946325568	0.0150592	6e-05
0.0217	-0.077	0.15	0.000593411945678072	-0.0011536626355682519	-0.0003717551306747922	1.0449338	54.45333862	1.07126652	0.040247687622336506	0.0146974	0.00014
0.0199	-0.054	0.1543	0.000640535835481919	-0.0011519173063162574	-0.0003595378259108319	1.09274852	56.94504547	1.09504578	0.032154326190990075	0.0150713	8e-05
0.0209	-0.0229	0.1649	0.00011519173063162575	-0.0010943214410004448	-0.00043458698374658803	1.10996556	57.84225845	1.10630978	0.07559945640009309	0.0161231	0.00012
0.0217	0.0041	0.1608	-0.0005916666164260777	-0.0010821041362364843	-0.00047647488579445195	1.07968581	56.264328	1.08768891	0.06994817769347639	0.0165832	5e-05
0.0221	-0.0219	0.1337	-0.0007068583470577034	-0.0011484266478122688	-0.00042760566673861073	1.05990851	55.2336998	1.08506302	0.06501917306316256	0.0179328	0.00011
0.0185	-0.0778	0.1337	5.061454830783555e-05	-0.0010925761117484504	-0.0004468042885105483	1.11897719	58.31187057	1.11899029	0.10112610266006473	0.0162477	9e-05
0.0193	-0.0574	0.144	0.0004939281783143952	-0.0011065387457644049	-0.00038048177693476387	1.10129392	57.39036179	1.09928716	0.0576799387799149	0.0156146	8e-05
0.0185	-0.0532	0.1589	0.0006510078109938849	-0.0011187560505283654	-0.00039968039870670147	1.06204093	55.34481812	1.07295576	0.029324777960769426	0.0143861	5e-05
0.0182	-0.0254	0.1677	0.0004136430327226561	-0.0010629055144645468	-0.0003577924966588376	1.06676507	55.59100723	1.08592504	0.053655160819145536	0.0156024	0.00015
0.0201	-0.0004	0.1688	-0.0002617993877991494	-0.0010559241974565693	-0.0003717551306747922	1.1153841	58.12462616	1.11215534	0.0628193185772869	0.0170352	0.00014
0.025	-0.0058	0.1519	-0.0006806784082777885	-0.0011780972450961724	-0.00033335788713091696	1.10244179	57.45018005	1.10252866	0.056172465583105874	0.0169116	9e-05
0.0218	-0.0853	0.1385	-8.901179185171081e-05	-0.001085594794740473	-0.00034906585039886593	1.06653702	55.57912064	1.10217306	0.13109385150248629	0.0152502	0.00011
0.0182	-0.0791	0.1429	0.000450294947014537	-0.001085594794740473	-0.00029845130209103034	1.08527982	56.55583954	1.08982513	0.04369606435870416	0.0153722	9e-05
0.0176	-0.0677	0.1458	0.0005619960191421741	-0.0011362093430483087	-0.0002583087292951608	1.09590173	57.10936737	1.09288082	0.025022909661567148	0.0158243	0.00015
0.0158	-0.059	0.1537	0.00048520153205442357	-0.0011152653920243766	-0.000322885911618951	1.08608043	56.5975647	1.08456904	0.026515781021773637	0.0149311	3e-05
0.0187	-0.0413	0.1606	0.0001675516081914556	-0.0011606439525762293	-0.0003630284844148205	1.07210827	55.86944962	1.08321227	0.04765855286053449	0.0163366	0.0002
0.0186	-0.0064	0.157	-0.0004956735075663896	-0.0011484266478122688	-0.0003717551306747922	1.12271285	58.50654221	1.11242998	0.07280845333908885	0.0179804	0.00016
0.0211	-0.0057	0.1373	-0.000900589894029074	-0.0012356931104119853	-0.0003630284844148205	1.11276519	57.98815155	1.10884409	0.04794547476611862	0.0182451	0.00012
0.0191	-0.0917	0.1168	-0.0001972222054753592	-0.0011780972450961724	-0.00033335788713091696	1.08887517	56.74320221	1.12055222	0.14803170755767156	0.0166616	0.00012
0.0168	-0.0817	0.1307	0.0004363323129985824	-0.00119729586686811	-0.00029496064358704166	1.09771967	57.20410156	1.10288345	0.06075751918948774	0.0160714	0.00014
0.0171	-0.0532	0.1403	0.0006387905062299246	-0.0012479104151759456	-0.00034208453339088857	1.10617995	57.6449852	1.1038842	0.053409831567151234	0.0162773	0.00015
0.0166	-0.0225	0.1635	0.0002617993877991494	-0.0012025318546240932	-0.0003595378259108319	1.10948479	57.81720352	1.10969553	0.07639114857512853	0.0153545	6e-05
0.0199	0.0074	0.1616	-0.0004625122517784973	-0.0011850785621041497	-0.0003630284844148205	1.04705238	54.56373978	1.08074587	0.07236277953007894	0.0162897	9e-05
0.0209	-0.0175	0.1373	-0.0006108652381980154	-0.0012042771838760874	-0.0003054326190990077	1.10020673	57.33370972	1.10405581	0.06145737367536342	0.0171565	0.00017
0.0183	-0.0757	0.1273	0.00010995574287564276	-0.0012042771838760874	-0.00028099800957108706	1.13035417	58.90474319	1.12785985	0.10806277953007896	0.0160922	0.00012
0.0177	-0.0532	0.1376	0.0005358160803622592	-0.0012793263417118436	-0.00028623399732707005	1.11878812	58.30201721	1.11318485	0.0587072741539178	0.0149267	7e-05
0.0156	-0.058	0.1426	0.0006841690667817771	-0.001254891732183923	-0.0002722713633111154	1.03866839	54.12683868	1.06423371	0.02123751149816967	0.014199	5e-05
0.0146	-0.0224	0.1579	0.0001832595714594046	-0.0011606439525762293	-0.000322885911618951	1.09892046	57.26667786	1.10454416	0.0841885911618951	0.015417	0.00014
0.0164	-0.0003	0.1538	-0.00046949356878647465	-0.001223475805648025	-0.0003647738136668148	1.11961937	58.34533691	1.11107565	0.06587364476827695	0.0169588	0.00017
0.0158	-0.0396	0.1388	-0.0004188790204786391	-0.001239183768915974	-0.00034906585039886593	1.11816061	58.26931381	1.11078664	0.05900152374218665	0.0157534	0.00014
0.0123	-0.0873	0.1402	0.00016929693744344995	-0.0012130038301360591	-0.00034557519189487725	1.06834018	55.67308426	1.08997425	0.0834923277602996	0.0138779	6e-05
0.0102	-0.0631	0.1479	0.0004974188368183839	-0.001239183768915974	-0.000322885911618951	1.07348442	55.94116211	1.08861966	0.05284955592153876	0.0143137	0.00016
0.0099	-0.0476	0.1559	0.0006126105674500097	-0.0012880529879718153	-0.00030368728984701333	1.10503531	57.58533096	1.0975329	0.032962978572970245	0.0141085	6e-05
0.0103	-0.0148	0.169	0.00014137166941154068	-0.0012897983172238095	-0.00038571776469074686	1.11792994	58.25729752	1.11233849	0.07405073510670984	0.0143921	8e-05
0.0105	0.0034	0.1619	-0.0004625122517784973	-0.0012950343049797925	-0.0005078908123303499	1.05110824	54.77509689	1.07243097	0.06206464782928122	0.0145204	2e-05
0.0089	-0.0219	0.1406	-0.0005445427266222308	-0.0013945180723434693	-0.0005235987755982988	1.07517481	56.0292511	1.09199697	0.05806111027376794	0.0156875	0.00015
0.0053	-0.0807	0.1428	0.00020943951023931956	-0.0013578661580515882	-0.0004939281783143952	1.1381917	59.31317139	1.12754526	0.10561523742186676	0.0139641	7e-05
0.0064	-0.0657	0.1629	0.0006859143960337716	-0.0013945180723434693	-0.0004363323129985824	1.10726488	57.70151901	1.103926	0.06473613327010729	0.013102	9e-05
0.0064	-0.0606	0.179	0.0008272860654453122	-0.00147131255943122	-0.0004468042885105483	1.07499802	56.0200386	1.07816986	0.032631906600562845	0.0118587	3e-05
0.0046	-0.0477	0.1793	0.0008325220532012951	-0.00147131255943122	-0.0004729842272904633	1.03927767	54.15858841	1.07106383	0.016570796326794885	0.0124363	4e-05
0.001	-0.0236	0.1897	0.000158824961931484	-0.0014870205226991688	-0.0005462880558742252	1.11035597	57.86260605	1.10751818	0.07623544415607611	0.0131826	5e-05
0.0038	-0.0116	0.1712	-0.0002652900463031381	-0.0014765485471872027	-0.0005881759579220891	1.1021558	57.43527985	1.10064489	0.05712374428972262	0.0138769	0.0001
0.0004	-0.0578	0.1596	-4.537856055185256e-05	-0.0014573499254152652	-0.0006806784082777885	1.080019	56.2816925	1.08512993	0.07778062789394613	0.012526	4e-05
-0.0007	-0.0815	0.1583	0.0005044001538263612	-0.0014224433403753785	-0.0006998770300497262	1.05229902	54.83715057	1.07578127	0.0562941960595019	0.012588	0.00017
-0.0048	-0.084	0.1553	0.0008412486994612669	-0.001446877949903299	-0.0006422811647339132	1.09725702	57.17999649	1.09128947	0.030543951023931964	0.0126571	9e-05
-0.0017	-0.0606	0.1696	0.000736528944341607	-0.0014573499254152652	-0.0005969026041820607	1.10116518	57.38365173	1.09664624	0.048828514559173926	0.0126336	0.00012
0.0029	-0.0215	0.1924	3.839724354387525e-05	-0.0014765485471872027	-0.0006161012259539982	1.1003902	57.34326935	1.10258355	0.10332644721708031	0.0124037	4e-05
0.0064	-0.0269	0.1741	-0.00039269908169872416	-0.0015987215948268059	-0.0005497787143782138	1.0381912	54.10197067	1.07387549	0.058179594222899325	0.0136046	0.00011
0.0048	-0.0775	0.1633	0.0002722713633111154	-0.0014765485471872027	-0.0005148721293383271	1.11187196	57.94160461	1.11368162	0.10410250388446649	0.0132559	0.0001
0.0026	-0.0699	0.169	0.000726056968829641	-0.0014870205226991688	-0.0004485496177625427	1.09070992	56.83881378	1.09306547	0.04202900463031382	0.013476	0.00014
0.0022	-0.0566	0.1782	0.000926769832808989	-0.0015987215948268059	-0.0004537856055185257	1.08643484	56.61603165	1.08488698	0.03878249619314839	0.0129158	5e-05
0.0094	-0.0382	0.1987	0.0006178465552059926	-0.0017435839227423352	-0.0002670353755551324	1.03537726	53.9553299	1.06935979	0.07812679177409594	0.0124911	2e-05
0.0134	-0.0035	0.1912	7.853981633974481e-05	-0.0017575465567582897	-0.00027925268031909274	1.05922771	55.1982193	1.08283204	0.07447433388230813	0.0142109	0.00011
0.0131	-0.0467	0.1617	0.0001291543646475804	-0.0018675022996339327	-0.00024609142453120044	1.09387481	57.00374222	1.10988238	0.08268657734856855	0.0137547	8e-05
0.0083	-0.0912	0.1584	0.0009669124056048585	-0.001780235837034216	-0.0002303834612632515	1.0938319	57.00150299	1.10797191	0.09963662334124716	0.0134745	0.00013
0.0107	-0.0677	0.1697	0.001462585913171248	-0.0019408061282176943	-0.0002024581932313422	1.08647156	56.61794662	1.09066685	0.07140845333908884	0.0130008	8e-05
0.0147	-0.0664	0.184	0.0016231562043547262	-0.0019355701404617114	-9.250245035569947e-05	1.02473044	53.40050507	1.05870052	0.03338810109075519	0.0125931	4e-05
0.0135	-0.0395	0.2023	0.0010088003076527223	-0.0018657569703819383	-1.2217304763960308e-05	1.06808484	55.65978241	1.08914256	0.08462271061867581	0.0134745	0.0001
0.0174	-0.0276	0.2308	-6.981317007977319e-05	-0.0016720254234105676	6.283185307179586e-05	1.11977112	58.35324097	1.12342089	0.11166970912698113	0.0135071	0.0001
0.0217	-0.0504	0.2388	-8.552113334772214e-05	-0.0014154620233674013	0.000291469985083053	1.08202243	56.38609314	1.09036476	0.06014547476611863	0.0133983	9e-05
0.0347	-0.0678	0.2652	0.00041538836197465044	-0.0015638150097869194	0.00011519173063162575	1.0976553	57.20074844	1.10077522	0.09807703680966585	0.0125284	2e-05
0.0143	-0.0715	0.2873	0.00033684854563490564	-0.0017767451785302276	-0.00020943951023931956	1.04335809	54.37122726	1.07879103	0.07700506129769992	0.012794	0.00014
0.0069	-0.0643	0.2814	0.0003089232776029963	-0.0017243853009703976	-0.00030194196059501896	1.09760666	57.19821167	1.10755785	0.029139379797371957	0.0118349	8e-05
0.0084	-0.0628	0.2531	0.000312413936106985	-0.0018884462506578647	-0.000445058959258554	1.09754205	57.19484711	1.09843274	0.046833430342749525	0.0119483	0.00019
0.0074	-0.0634	0.2258	0.00022340214425527416	-0.002015855286053451	-0.00048520153205442357	1.09817016	57.22758102	1.10113458	0.04172817000215832	0.0117373	9e-05
0.0065	-0.1299	0.202	0.0007696902001294993	-0.001960004749989632	-0.0005515240436302081	1.07073712	55.79799271	1.09503593	0.1246230551756914	0.0113986	6e-05
0.0056	-0.1129	0.196	0.0012723450247038664	-0.0019285888234537342	-0.0005811946409141118	1.05227411	54.83585739	1.0835088	0.05208706741970841	0.0127914	0.00018
0.0017	-0.094	0.1972	0.001452113937659282	-0.0018744836166419098	-0.0005951572749300663	1.09369385	56.99430847	1.09982466	0.0363918376891597	0.0130132	0.00025
0.0024	-0.0306	0.2118	0.0008866272600131194	-0.0018622663118779497	-0.000593411945678072	1.12302577	58.52284622	1.12949104	0.10767246558310584	0.0142419	0.00019
0.0045	0.0016	0.1983	0.0003612831551628262	-0.001973967384005587	-0.0005864306286700947	1.10586238	57.62843323	1.10673769	0.08000132469929537	0.0149072	0.00012
0.0076	-0.0105	0.171	-8.203047484373349e-05	-0.0019111355309337906	-0.0005969026041820607	1.06193614	55.33935928	1.08297326	0.06833087292951609	0.0151423	0.00015
0.0079	-0.0918	0.1549	0.0006806784082777885	-0.001895427567665842	-0.0005846852994181004	1.12526834	58.63971329	1.14114925	0.13723170755767156	0.0146153	0.00018
0.0036	-0.0947	0.1726	0.0012042771838760874	-0.0018971728969178364	-0.0006492624817418905	1.11870444	58.2976532	1.11294424	0.05439606435870416	0.0134195	0.00011
0.0011	-0.0849	0.1751	0.0016004669240788003	-0.0019058995431778078	-0.000645771823237902	1.10982132	57.8347435	1.10442087	0.03522035224833365	0.0136536	0.00012
0.0005	-0.0626	0.2011	0.0013142329267517303	-0.0018762289458939042	-0.0006876597252857658	1.0839299	56.48549271	1.09260176	0.06678962483294187	0.012929	4e-05
0.0044	-0.0254	0.1958	0.0006946410422937432	-0.0018727382873899156	-0.0006213372137099814	1.0778563	56.16899109	1.09368936	0.08087025272688801	0.0146416	0.00015
0.0046	-0.0324	0.1756	0.0002617993877991494	-0.0018762289458939042	-0.0005846852994181004	1.11786938	58.25414276	1.10221096	0.051049211364523166	0.0147834	0.0001
0.0026	-0.0971	0.1583	0.0007068583470577034	-0.001853539665617978	-0.0006003932626860494	1.1316123	58.9703064	1.12827115	0.10817281014012148	0.0134549	0.0001
0.0013	-0.1209	0.163	0.0014311699866353504	-0.0018989182261698304	-0.000640535835481919	1.07689631	56.11896133	1.08703752	0.07029163864626843	0.0122502	4e-05
0.0021	-0.0954	0.1693	0.0017924531417981763	-0.001960004749989632	-0.000661479786505851	1.06588829	55.54531097	1.08228812	0.05476568150032796	0.0133294	0.00011
0.0022	-0.0482	0.197	0.0013648474750595659	-0.001837831702350029	-0.0006230825429619757	1.11653876	58.18479919	1.11400649	0.10440879789610444	0.0130742	8e-05
0.0019	-0.0159	0.1865	0.000726056968829641	-0.0018325957145940458	-0.0005759586531581287	1.11249816	57.97423935	1.11048733	0.07765751918948775	0.0135054	3e-05
0.0035	-0.0435	0.1609	0.0005637413483941684	-0.0017767451785302276	-0.0005899212871740833	1.0541805	54.93520355	1.07550104	0.06640643952576228	0.0127138	1e-05
0.0096	-0.1084	0.1501	0.0014433872913993105	-0.00182212373908208	-0.00048171087355043494	1.0844928	56.51482773	1.11656988	0.13346174585903212	0.0130052	4e-05
0.0107	-0.0982	0.1617	0.0018936822384138475	-0.001864011641129944	-0.0004921828490624009	1.0895797	56.77991486	1.09616933	0.04803274122871835	0.0128781	4e-05
0.0095	-0.0893	0.1662	0.002181661564992912	-0.0019250981649497454	-0.0004799655442984406	1.09153867	56.88199997	1.08901802	0.03266415775814127	0.0128714	5e-05
0.0114	-0.0509	0.1988	0.001656317460142619	-0.0019163715186897737	-0.0004188790204786391	1.08595812	56.59118652	1.09432952	0.10265786374650332	0.012125	2e-05
0.0114	-0.0242	0.1847	0.0008883725892651138	-0.0018675022996339327	-0.0004485496177625427	1.04779494	54.60243988	1.07580436	0.08312423436086248	0.013171	5e-05
0.0089	-0.0464	0.1589	0.0006021385919380437	-0.0018483036778619948	-0.00046425758103049166	1.10633433	57.65302658	1.10575555	0.06655702911834785	0.0134183	6e-05
0.0088	-0.1276	0.1477	0.001504473815219112	-0.0018570303241219666	-0.00048345620280242926	1.12173235	58.45544434	1.12946709	0.13901302456564887	0.0131422	9e-05
0.007	-0.1058	0.1718	0.00209614043164519	-0.0019530234329816546	-0.0005340707511102648	1.09906352	57.27413177	1.09917499	0.08461371367968008	0.0122675	5e-05
0.0067	-0.0866	0.1861	0.002261946710584651	-0.0019931660057775245	-0.0005689773361501514	1.02993941	53.67195511	1.05635975	0.04584277183876087	0.0116519	3e-05
0.0069	-0.0487	0.2061	0.0017610372152622785	-0.001970476725501598	-0.0004921828490624009	1.07129252	55.82693863	1.08887279	0.08811966313430246	0.0126309	9e-05
0.0077	-0.0183	0.1898	0.0009285151620609833	-0.0019146261894377795	-0.0005166174585903216	1.11149883	57.9221611	1.10549608	0.09314035993965171	0.012903	4e-05
0.009	-0.0551	0.1573	0.0009128071987930344	-0.001932079481957723	-0.0005061454830783556	1.09138572	56.87402725	1.10496131	0.07278166156499291	0.012636	8e-05
0.0075	-0.1114	0.1685	0.0015987215948268059	-0.0019512781037296606	-0.0005358160803622592	1.08817649	56.70679092	1.10171421	0.10573918075448065	0.01113	1e-05
0.0073	-0.0949	0.1604	0.0019495327744776662	-0.0020629791758572974	-0.0004921828490624009	1.02815974	53.57921219	1.06697785	0.05010727415391778	0.0118274	9e-05
0.0035	-0.0909	0.1736	0.002129301687433082	-0.00205599785884932	-0.0005393067388662478	1.0894016	56.7706337	1.09294493	0.032693705988362014	0.0118865	5e-05
0.0053	-0.0377	0.2038	0.001420698011123384	-0.001965240737745615	-0.0005654866776461627	1.11347353	58.02506256	1.11770009	0.1264770368096659	0.0118248	4e-05
0.0054	-0.0225	0.1918	0.0007592182246175333	-0.002022836603061428	-0.000598647933434055	1.08670485	56.63010406	1.08887906	0.06491184538047781	0.0114267	3e-05
0.0055	-0.0825	0.167	0.0010088003076527223	-0.0020141099568014562	-0.0006422811647339132	1.04479289	54.44599533	1.08287621	0.09999709802975094	0.0109845	5e-05
0.0079	-0.1197	0.1761	0.0017715091907742446	-0.0020734511513692635	-0.0006824237375297829	1.09848225	57.24384308	1.10591012	0.09180963252425997	0.0110352	7e-05
0.0076	-0.0869	0.1818	0.0020141099568014562	-0.0021380283336930534	-0.0007400196028455958	1.09207726	56.9100647	1.09733556	0.05703869068334069	0.011624	7e-05
0.0089	-0.0536	0.2109	0.0017348572764823637	-0.002209586833024821	-0.0007435102613495844	1.09828913	57.23377609	1.10154005	0.08141509190774246	0.0112129	5e-05
0.0083	-0.0302	0.2113	0.0009721483933608416	-0.002106612407157156	-0.0007155849933176752	1.04203594	54.3023262	1.07308688	0.0690804288510548	0.0104856	3e-05
0.0125	-0.0565	0.1879	0.0009372418083209549	-0.002186897552748895	-0.0006510078109938849	1.06494904	55.49636459	1.08375609	0.06288844564777077	0.0110195	6e-05
0.0141	-0.1028	0.1854	0.0016632987771505957	-0.00217293491873294	-0.0006667157742618339	1.10399222	57.53097534	1.10572136	0.08818637830567724	0.0109872	3e-05
0.0128	-0.0892	0.1981	0.0021327923459370708	-0.0022951079663725434	-0.0005969026041820607	1.09100199	56.85403061	1.0904193	0.060673989325292575	0.0109257	4e-05
0.0157	-0.0698	0.2176	0.0019896753472735357	-0.0023387411976724015	-0.0006510078109938849	1.04788208	54.60697937	1.0669895	0.053842771838760864	0.0101633	4e-05
0.0116	-0.033	0.2163	0.0012374384396639797	-0.0022218041377887812	-0.0006946410422937432	1.0623014	55.35839462	1.08526954	0.08784035993965171	0.0112289	6e-05
0.0113	-0.0432	0.1929	0.0007086036763096977	-0.0022008601867648495	-0.0006946410422937432	1.10255671	57.45616913	1.09646401	0.06138893571891069	0.0110829	6e-05
0.0114	-0.1062	0.1762	0.0013526301702956054	-0.002165953601724963	-0.000705113017805709	1.09586275	57.10733414	1.10819634	0.114270252726888	0.0106896	5e-05
0.01	-0.1025	0.1954	0.0018727382873899156	-0.002239257430308725	-0.0007086036763096977	1.0840528	56.4919014	1.08725213	0.05414513020910305	0.0100737	2e-05
0.0099	-0.0964	0.2101	0.002129301687433082	-0.0023387411976724015	-0.0006335545184739417	1.02249455	53.28398895	1.0592095	0.04245481626212996	0.0104118	0.00011
0.0075	-0.0653	0.2259	0.0014800392056911916	-0.0022410027595607188	-0.0006300638599699529	1.10378611	57.52023315	1.10243263	0.08682457891787806	0.0104477	4e-05
0.0082	-0.0474	0.2125	0.0010454522219446034	-0.002239257430308725	-0.0006073745796940267	1.09980834	57.31295013	1.10001063	0.0549510796637254	0.0108134	3e-05
0.0103	-0.0787	0.1989	0.0013857914260834976	-0.0022444934180647076	-0.0006021385919380437	1.0833962	56.45768356	1.08533017	0.064540558982543	0.00987113	4e-05
0.0112	-0.102	0.2081	0.002049016541841343	-0.00233001455141243	-0.0005078908123303499	1.0435946	54.38355255	1.07284742	0.07554970143566307	0.0103452	6e-05
0.0127	-0.0946	0.2219	0.0025272367568877894	-0.0023457225146803788	-0.00037524578917878077	1.0895561	56.77868271	1.09246334	0.054028660073298186	0.0115783	0.00011
0.0161	-0.0753	0.2348	0.0023282692221604354	-0.0024050637092481865	-0.0003473205211468716	1.09629452	57.12983322	1.09383274	0.04991169986635356	0.0116022	4e-05
0.0141	-0.048	0.2417	0.001762782544514273	-0.0024120450262561633	-0.000466002910282486	1.10819697	57.75009537	1.10562316	0.07075751918948768	0.00998759	4e-05
0.0126	-0.0592	0.2196	0.0012636183784438947	-0.0024207716725161347	-0.0005148721293383271	1.03745937	54.06383514	1.06573514	0.06263800156930956	0.00977832	7e-05
0.0116	-0.11	0.1943	0.0016301375213627037	-0.0023649211364523163	-0.0005044001538263612	1.09624672	57.12734222	1.10308375	0.09874208272472963	0.0101357	5e-05
0.0082	-0.1185	0.1902	0.0022130774915288098	-0.002309070600388498	-0.0005218534463463045	1.09763038	57.19945145	1.09679625	0.048812189937493373	0.0110263	8e-05
0.0075	-0.1038	0.2035	0.0025586526834236872	-0.0024050637092481865	-0.0005131268000863328	1.10094094	57.37196732	1.0975831	0.051214747350726855	0.0106539	5e-05
0.0103	-0.0692	0.233	0.0020420352248333657	-0.0023527038316883565	-0.0005131268000863328	1.04931855	54.68183517	1.08102361	0.0953488668075076	0.0100455	2e-05
0.0101	-0.036	0.2193	0.0013735741213195373	-0.0023439771854283846	-0.0005811946409141118	1.07581866	56.06280136	1.09755573	0.084362779530079	0.0118948	9e-05
0.0084	-0.0522	0.1819	0.0011257373675363424	-0.002333505209916419	-0.00062482787221397	1.1174618	58.23290253	1.1175564	0.07039709802975093	0.0117104	4e-05
0.0082	-0.116	0.1649	0.0019024088846738192	-0.002288126649364566	-0.0006073745796940267	1.09842968	57.24110031	1.11591155	0.12297516851046364	0.0114477	4e-05
0.0065	-0.0934	0.1838	0.0023998277214922034	-0.0023998277214922034	-0.0005724679946541401	1.09061694	56.8339653	1.09437742	0.07540132469929542	0.0109946	5e-05
0.0091	-0.0761	0.2092	0.0022148228207808044	-0.0024190263432641405	-0.0005253441048502931	1.03354859	53.86003494	1.0680115	0.05786637061435917	0.0103428	4e-05
0.0082	-0.0363	0.2173	0.001462585913171248	-0.0023212879051524586	-0.0005707226654021458	1.08198559	56.38417435	1.0984935	0.09356769531365457	0.0113595	6e-05
0.008	-0.0336	0.1899	0.0009616764178488756	-0.0022951079663725434	-0.0005951572749300663	1.11519098	58.11456299	1.10572992	0.05787620218151039	0.0114154	6e-05
-0.0057	-0.1086	0.1816	0.0016982053621904826	-0.0020751964806212577	-0.0013194689145077131	1.14740157	59.79311371	1.15408819	0.18103760348352696	0.0109662	5e-05
-0.0558	-0.0878	0.2091	0.0028309240467348025	-0.0015184364492350666	-0.003438298626428829	1.21626854	63.38189316	1.22339677	0.28881542139258126	0.0127367	5e-05
-0.026	-0.0918	0.2171	0.002361430477948328	-0.0019792033717615696	-0.0019879300180215415	1.10885525	57.78439713	1.15401799	0.16083145498601323	0.0107779	8e-05
-0.015	-0.0735	0.2352	0.001820378409830086	-0.0020420352248333657	-0.0017558012275062952	1.12258852	58.50006485	1.12050907	0.08920063558526423	0.0104555	6e-05
-0.0122	-0.0373	0.2153	0.0012461650859239514	-0.0020420352248333657	-0.0017139133254584315	1.11944103	58.3360405	1.11551813	0.08970506129769992	0.0108037	6e-05
-0.0136	-0.0781	0.2026	0.0013683381335635543	-0.0020751964806212577	-0.0016196655458507376	1.0982796	57.233284	1.10227353	0.06737910415175945	0.00952977	4e-05
-0.0183	-0.1141	0.2024	0.002054252529597326	-0.002036799237077382	-0.0017540558982543013	1.05964696	55.22006607	1.08756996	0.08383509959906055	0.0097543	4e-05
-0.0226	-0.1061	0.207	0.0024190263432641405	-0.002057743188101315	-0.0016790067404185449	1.08400238	56.48927307	1.09489502	0.039938346126325165	0.0105526	0.0001
-0.0165	-0.0638	0.2221	0.0019757127132575807	-0.00209614043164519	-0.0016388641676226754	1.0994767	57.29566574	1.10179205	0.08959267231731521	0.0108752	5e-05
-0.0155	-0.047	0.2191	0.0014137166941154068	-0.002118829711921116	-0.0017086773377024485	1.08853447	56.72544479	1.09051209	0.05352492347489365	0.0100166	4e-05
-0.0167	-0.0717	0.1976	0.00119729586686811	-0.002134537675189065	-0.001710422666954443	1.03047061	53.69963837	1.06610844	0.05909370598836201	0.00990206	7e-05
-0.0188	-0.1278	0.1945	0.0019250981649497454	-0.00210835773640915	-0.0016318828506146981	1.10594141	57.6325531	1.1111193	0.10292610266006474	0.0101023	0.0001
-0.0169	-0.1085	0.2099	0.0025394540616517493	-0.002186897552748895	-0.001541125729510993	1.10195553	57.42483902	1.09966305	0.07578264170727268	0.0106633	8e-05
-0.0169	-0.0823	0.2483	0.002583087292951608	-0.0022462387473167022	-0.0014556045961632708	1.09442937	57.03264236	1.09684871	0.0740247779607694	0.0103077	1e-05
-0.0121	-0.0597	0.2751	0.002089159114637212	-0.0023492131731843676	-0.0013177235852557187	1.03297126	53.82995224	1.06859046	0.09093918075448065	0.0106499	9e-05
-0.0165	-0.0698	0.2633	0.0019146261894377795	-0.0023911010752322315	-0.0013456488532876281	1.09095812	56.85174942	1.08950614	0.038517304763960335	0.010675	5e-05
-0.02	-0.1036	0.2462	0.0022497294058206906	-0.0023212879051524586	-0.00152367243699105	1.09660935	57.14624405	1.09715383	0.08354699850830527	0.0100921	9e-05
-0.0236	-0.1084	0.2491	0.002623229865747477	-0.0022951079663725434	-0.0015882496193148398	1.06808078	55.65956879	1.07425577	0.034512879051524566	0.00982451	2e-05
-0.0215	-0.1018	0.2648	0.0025603980126756814	-0.0023003439541285265	-0.001579522973054868	1.05045795	54.74121094	1.07385212	0.028239724354387503	0.0107011	5e-05
-0.0188	-0.0688	0.2663	0.0018744836166419098	-0.0022689280275926286	-0.0016283921921107093	1.10241973	57.44903183	1.10059328	0.07550997708127553	0.0102342	4e-05
-0.0158	-0.0559	0.2456	0.001085594794740473	-0.0022479840765686964	-0.0017732545200262388	1.10789132	57.73416519	1.10784638	0.08433475504204489	0.00985956	1e-05
-0.0235	-0.0492	0.1848	0.00013439035240356338	-0.0020263272615654165	-0.0020315632493213996	1.13288927	59.03685379	1.12926135	0.14675849933176752	0.0102427	2e-05
-0.0326	-0.036	0.1534	-0.0002705260340591211	-0.0015323990832510211	-0.0024050637092481865	1.07316005	55.92425537	1.10809001	0.11731725123519332	0.0129932	9e-05
-0.0362	-0.0348	0.2283	-0.0004328416544945937	-0.000905825881785057	-0.0025202554398798117	1.08225799	56.39836502	1.12259873	0.12490402762665308	0.0126027	6e-05
-0.0413	-0.0348	0.2319	-0.001129228026040331	-0.0008412486994612669	-0.0024975661596038853	0.99034047	51.60838318	1.05355052	0.04788264170727269	0.013503	8e-05
-0.0341	-0.1383	0.1412	-0.00034906585039886593	-0.0012461650859239514	-0.0022689280275926286	1.10654378	57.66394424	1.17014398	0.2720858347057703	0.013396	0.00013
-0.0228	-0.1395	0.1559	0.0009808750396208131	-0.0016249015336067207	-0.002141518992197042	1.10863686	57.77301788	1.13207946	0.11900431865490176	0.0119309	6e-05
-0.0247	-0.0692	0.103	0.0011484266478122688	-0.0015638150097869194	-0.002462659574563999	1.18322253	61.65980911	1.17574404	0.15258893571891075	0.0147093	0.00013
-0.0286	-0.0342	0.1351	0.0017121679962064373	-0.0017558012275062952	-0.002324778563656447	1.15567863	60.22444534	1.14272888	0.11568042885105483	0.0130885	4e-05
-0.0142	0.0275	0.2615	0.002261946710584651	-0.0019896753472735357	-0.0018622663118779497	1.23299336	64.25345612	1.23337983	0.2648082542961976	0.0137446	0.00015
-0.0118	0.0643	0.316	0.001509709802975095	-0.001895427567665842	-0.0016859880574265225	1.15246737	60.0571022	1.14965318	0.14483814708343384	0.0154872	0.00018
-0.0199	0.038	0.2685	0.0002181661564992912	-0.0017366026057343581	-0.001954768762233649	1.18097258	61.54256058	1.16327058	0.16785746566072068	0.012803	0.00011
-0.011	-0.0841	0.2471	0.0006527531402458793	-0.0020856684561332234	-0.001801179788058148	1.14142954	59.48189926	1.16678226	0.19926209041604767	0.00964326	6e-05
-0.002	-0.1261	0.3199	0.0017086773377024485	-0.00277332818141899	-0.0014765485471872027	1.18937337	61.98033905	1.18528853	0.22721075818066405	0.0110835	8e-05
0.0025	-0.1387	0.3782	0.001165879940332212	-0.0026843163895672786	-0.0007801621756414653	1.14264178	59.54507065	1.14889364	0.14180977803838424	0.0118237	5e-05
-0.0186	-0.1697	0.4284	0.001408480706359424	-0.0018884462506578647	-0.0004625122517784973	1.12043417	58.38779449	1.12729865	0.1701060414399797	0.0131041	2e-05
-0.0248	-0.1823	0.465	0.0016598081186466073	-0.001439896632895322	-0.0002007128639793479	1.09135365	56.87235641	1.10905214	0.10348382089244378	0.0161039	0.00011
-0.0341	-0.1582	0.4612	0.0016702800941585732	-0.0016824973989225337	-0.0005096361415823442	1.10754585	57.71616364	1.10623956	0.0652998009571087	0.0150629	0.00012
-0.0361	-0.1363	0.4645	0.0013700834628155487	-0.0019111355309337906	-0.0007661995416255106	1.09860981	57.2504921	1.09774135	0.06646990816987242	0.0137408	5e-05
-0.0286	-0.1084	0.44	0.0008604473212332044	-0.0020769418098732523	-0.0009197885158010115	1.04013062	54.20303345	1.07530772	0.10135156973486537	0.013091	0.00012
-0.0279	-0.1093	0.4019	0.0006911503837897545	-0.002150245638457014	-0.0009669124056048585	1.10428798	57.54638672	1.10923971	0.05418623279155295	0.0119168	7e-05
-0.0311	-0.1471	0.3879	0.0016528268016386303	-0.00217293491873294	-0.0009861110273767962	1.08914566	56.75729752	1.10382143	0.10517821599483693	0.0122473	5e-05
-0.0347	-0.1294	0.416	0.002176425577236929	-0.0022322761133007477	-0.0010140362954087054	1.08759046	56.67625427	1.09275287	0.07994326190990077	0.0131329	6e-05
-0.0354	-0.1336	0.4299	0.0022444934180647076	-0.0022427480888127134	-0.001022762941668677	1.01270878	52.77403641	1.05715502	0.023163323129985838	0.0141641	8e-05
-0.032	-0.1173	0.434	0.0016283921921107093	-0.0022235494670407763	-0.0010088003076527223	1.09224486	56.91880035	1.1006384	0.056263124087094496	0.0144462	8e-05
-0.0277	-0.1083	0.431	0.001069886831472524	-0.0021572269554649913	-0.0009651670763528643	1.08127367	56.34707642	1.09546588	0.04972305517569143	0.0145108	6e-05
-0.0274	-0.1435	0.4234	0.0012514010736799342	-0.0022497294058206906	-0.001001818990644745	1.08026731	56.29463196	1.09472538	0.058633430342749496	0.0133306	5e-05
-0.028	-0.1773	0.4262	0.0018552849948699724	-0.0023509585024363614	-0.000947713783832921	1.04389954	54.39944077	1.07906561	0.0751609112308767	0.0143285	0.00012
-0.0293	-0.1645	0.4363	0.002145009650701031	-0.0024434609527920616	-0.0009093165402890458	1.08555913	56.57039642	1.09319369	0.045231217486531694	0.0156395	0.00014
-0.023	-0.1255	0.4547	0.0014224433403753785	-0.00239459173373622	-0.000900589894029074	1.09023309	56.81396103	1.10707575	0.10270810878207325	0.0161335	0.00011
-0.0199	-0.1094	0.4557	0.0008447393579652555	-0.0024190263432641405	-0.0009494591130849152	1.06573224	55.53718185	1.08222718	0.05275039054969424	0.0150521	0.00012
-0.0215	-0.1559	0.4343	0.0013316862192716734	-0.002462659574563999	-0.0009529497715889039	1.02702165	53.51990509	1.07443706	0.09620353755551325	0.0147227	0.00013
-0.0237	-0.1607	0.4403	0.0019408061282176943	-0.002457423586808016	-0.0009337511498169664	1.06210208	55.3480072	1.0857118	0.04467772592369708	0.0165685	0.0001
-0.0237	-0.1347	0.4534	0.0021048670779051613	-0.002623229865747477	-0.0008656833089891874	1.07010579	55.76509476	1.08663893	0.05899675347273537	0.0180061	0.00014
-0.0266	-0.1123	0.4706	0.0017418385934903407	-0.002380629099720265	-0.0008569566627292158	1.07412231	55.97440338	1.09264601	0.07321779483510019	0.0178618	0.00014
-0.0257	-0.1108	0.4518	0.0013456488532876281	-0.002501056818107874	-0.0009546951008408983	1.04709077	54.56574249	1.08587512	0.051917794835100256	0.0155224	3e-05
-0.0302	-0.1306	0.4307	0.0014486232791552935	-0.0023998277214922034	-0.0009843656981248017	1.0652467	55.51187897	1.09000841	0.057093705988361935	0.0152113	7e-05
-0.0317	-0.1401	0.4173	0.0019373154697137059	-0.002373647782712288	-0.001022762941668677	1.0655005	55.52510834	1.08748266	0.05206346864411018	0.0155198	7e-05
-0.0343	-0.1253	0.4361	0.0015760323145508795	-0.0022846359908605773	-0.0010367255756846318	1.08602035	56.59443283	1.1045101	0.05941287905152458	0.0154708	8e-05
-0.0295	-0.1278	0.4392	0.0007435102613495844	-0.0022043508452688383	-0.0010367255756846318	1.05100214	54.76957321	1.08603182	0.056040359939651695	0.0138904	4e-05
-0.022	-0.1328	0.4091	0.000466002910282486	-0.0023527038316883565	-0.0009721483933608416	1.04738081	54.58085632	1.09257698	0.0671218759905203	0.012724	8e-05
-0.0253	-0.1927	0.3938	0.0015027284859671175	-0.0024452062820440558	-0.001054178868204575	1.09980929	57.31299591	1.12667758	0.13906292504420323	0.0126891	5e-05
-0.0275	-0.1635	0.4028	0.0020176006153054447	-0.002515019452123829	-0.0010349802464326373	1.06800687	55.65571976	1.08855041	0.07059419605950193	0.0136282	0.00014
-0.0298	-0.1338	0.4201	0.0019216075064457567	-0.0026092672317315226	-0.0010314895879286487	1.08058167	56.31100845	1.09357979	0.05898657734856848	0.0134509	5e-05
-0.028	-0.1077	0.4322	0.0012147491593880533	-0.0025062928058638572	-0.0010245082709206715	1.03056586	53.70459747	1.07047248	0.08084070449666729	0.0124109	5e-05
-0.0256	-0.1174	0.4165	0.0011222467090323538	-0.002495820830351891	-0.0009616764178488756	1.05262148	54.85395432	1.08476431	0.03609031394697306	0.0123686	4e-05
-0.0299	-0.1382	0.4146	0.0015899949485668342	-0.0025883232807075904	-0.0009529497715889039	1.0742749	55.98235703	1.09076053	0.055448866807507505	0.0130664	6e-05
-0.0298	-0.1336	0.4277	0.001980948701013564	-0.0026005405854715507	-0.000921533845053006	1.07501912	56.02113724	1.08956294	0.0395293491873294	0.0136893	8e-05
-0.0292	-0.1244	0.4456	0.0017610372152622785	-0.0022951079663725434	-0.0008621926504851988	1.05645335	55.05364227	1.08440287	0.05693426497090497	0.0142046	4e-05
-0.0203	-0.1148	0.4529	0.001228711793404008	-0.0025726153174396417	-0.0008936085770210966	1.04731929	54.57764816	1.08560836	0.06786243497306337	0.0144647	8e-05
-0.0211	-0.1327	0.4339	0.001308996938995747	-0.002766346864411012	-0.0009093165402890458	1.08127654	56.34722137	1.09693257	0.05218623279155296	0.0137966	0.0001
-0.0212	-0.169	0.4274	0.0018448130193580064	-0.002698279023583233	-0.0008709192967451704	1.07078624	55.80055237	1.0944936	0.07501405823669571	0.0140331	5e-05
-0.0017	-0.163	0.4403	0.0022444934180647076	-0.002637192499763432	-0.0005881759579220891	1.07486761	56.01324463	1.09027796	0.07557551306747921	0.0149308	4e-05
0.0088	-0.1647	0.4527	0.0026563911215353696	-0.002380629099720265	-0.00019547687622336493	1.03166974	53.76212311	1.07712503	0.07765800926062763	0.0162807	8e-05
-0.0017	-0.1512	0.4613	0.0020856684561332234	-0.0021851522234969008	-0.00024085543677521747	1.08439791	56.50988388	1.10111333	0.07317890510886814	0.0160741	8e-05
-0.0043	-0.1381	0.4536	0.001710422666954443	-0.0021205750411731105	-0.00033335788713091696	1.0811522	56.34074402	1.10090746	0.0500162710929135	0.0159532	0.00016
0.0032	-0.1458	0.4429	0.0019233528356977512	-0.001960004749989632	-0.0002129301687433082	1.08901227	56.75034332	1.1042111	0.050596408915719766	0.0153282	0.0001
-0.0005	-0.155	0.4495	0.002333505209916419	-0.0018779742751458986	-0.0002024581932313422	1.04347062	54.37709045	1.08043785	0.04463274122871833	0.0157548	8e-05
-0.0013	-0.1407	0.4654	0.002516764781375823	-0.0019303341527057286	-0.0002199114857512855	1.05645907	55.05394363	1.08954092	0.04365363707695884	0.0168558	0.00014
-0.0062	-0.1225	0.4669	0.0019163715186897737	-0.0021921335405048776	-0.00042411500823462205	1.0989573	57.26860046	1.10912945	0.07791980864842674	0.0153877	8e-05
-0.0125	-0.1266	0.4533	0.0015969762655748114	-0.0024486969405480446	-0.000582939970166106	1.09577537	57.1027832	1.11370836	0.060739180754480655	0.0139306	0.00013
-0.0163	-0.1362	0.4493	0.0013892820845874865	-0.0025237460983838006	-0.0007033676885537148	1.08123088	56.34484482	1.09417391	0.037558552860534486	0.0131695	6e-05
-0.019	-0.1773	0.435	0.0019792033717615696	-0.002530727415391778	-0.0007400196028455958	1.04427826	54.41917801	1.08812604	0.08977772592369705	0.0135769	0.00012
-0.0198	-0.1762	0.4444	0.0024190263432641405	-0.002570869988187647	-0.000736528944341607	1.08798158	56.69663239	1.1107189	0.03547281014012149	0.0151466	0.00011
-0.0205	-0.1391	0.4539	0.00222529479629277	-0.0026546457922833754	-0.0007958701389094143	1.10770416	57.72441101	1.11863627	0.0641424272817453	0.014969	0.00013
-0.0197	-0.1158	0.4475	0.0017872171540421933	-0.0026581364507873638	-0.0008063421144213803	1.10961533	57.82400513	1.11918085	0.053102013813326576	0.0143175	8e-05
-0.0168	-0.1141	0.4398	0.0012950343049797925	-0.002670353755551324	-0.0008377580409572782	1.09099114	56.85346985	1.10323316	0.03909080401811294	0.0138486	8e-05
-0.0168	-0.1671	0.4193	0.0018709929581379211	-0.002750638901143063	-0.0008011061266653974	1.11968529	58.34877014	1.15622478	0.10814478565208745	0.0145022	0.00016
-0.0227	-0.1845	0.4291	0.0025254914276357948	-0.002885029253546627	-0.000853466004225227	1.17247605	61.09978867	1.18362332	0.07516243497306334	0.0173469	0.00021
-0.0215	-0.1862	0.4457	0.0026302111827554544	-0.0029775317039023265	-0.0008779006137531476	1.12916565	58.84280777	1.13184848	0.030582840750163983	0.0186475	0.00028
-0.0187	-0.1604	0.4778	0.0019792033717615696	-0.0029373891311064567	-0.0008011061266653974	1.1414324	59.48204803	1.15607543	0.0990972435438753	0.0185506	0.00023
-0.0161	-0.1518	0.4798	0.0010681415022205296	-0.0027576202181510408	-0.0007539822368615504	1.10630858	57.65168762	1.12606452	0.07009773361501516	0.0164502	0.00011
-0.0167	-0.1794	0.4547	0.0009512044423369096	-0.0027838001569309555	-0.0007400196028455958	1.07923543	56.24085999	1.10987629	0.061153981633974494	0.0162175	0.00014
-0.0184	-0.234	0.4494	0.0018989182261698304	-0.0027855454861829498	-0.0007487462491055673	1.14503872	59.66998291	1.14996429	0.10950928796724432	0.0179861	0.0002
-0.0142	-0.2097	0.4549	0.0024609142453120045	-0.0028710666195306722	-0.0007208209810736582	1.12849796	58.80801392	1.13499955	0.0677721210260903	0.0178475	0.00027
-0.0241	-0.1828	0.4684	0.002713986986851182	-0.0029897490086662863	-0.0008272860654453122	1.12894928	58.83153152	1.1347248	0.07421101075232225	0.0171462	0.00016
-0.0226	-0.1561	0.4923	0.0016231562043547262	-0.0030490902032340936	-0.0008866272600131194	1.08228922	56.39999771	1.11370693	0.11257565858160357	0.0166848	0.00012
-0.022	-0.1272	0.4589	0.000973893722612836	-0.0029112091923265415	-0.0009180431865490173	1.10694933	57.68507385	1.13400383	0.10382797095926705	0.0154534	0.00015
-0.0214	-0.162	0.4292	0.0007958701389094143	-0.002886774582798621	-0.0008970992355250854	1.13249564	59.01633835	1.14706465	0.07627010721276364	0.0141785	4e-05
-0.0215	-0.217	0.4136	0.0020804324683772408	-0.002874557278034661	-0.0009040805525330626	1.12905586	58.83708954	1.1466171	0.1358880475619882	0.0151009	0.00017
-0.0256	-0.1997	0.4116	0.002778564169174973	-0.0029478611066184224	-0.0009896016858807848	1.11076915	57.88413239	1.12893348	0.06624783313646081	0.0153046	0.00016
-0.0238	-0.1852	0.4464	0.0024172810140121463	-0.0029548424236264	-0.0009599310885968812	1.09335124	56.9764595	1.11524208	0.07099675347273537	0.0157199	0.00012
-0.0173	-0.1407	0.4524	0.0015166911199830724	-0.002841396022246768	-0.0008517206749732328	1.07343292	55.93847656	1.11853826	0.11311233545161772	0.0156974	0.00018
-0.0189	-0.1296	0.4237	0.0006440264939859076	-0.002707005669843205	-0.00091106186954104	1.14171147	59.49659348	1.15281552	0.09471980864842677	0.0143387	0.00018
-0.0199	-0.1979	0.3993	0.0011449359893082802	-0.0027349309378751144	-0.0008569566627292158	1.14759207	59.80304337	1.16620749	0.12284699850830534	0.014025	0.00012
-0.0251	-0.2205	0.4004	0.0024068090385001802	-0.002782054827678961	-0.0008115781021773631	1.13295889	59.04048157	1.15451048	0.09661877497737993	0.0152292	0.00012
-0.0281	-0.1946	0.4231	0.002897246558310587	-0.0030176742766981957	-0.0007941248096574199	1.11438811	58.07272339	1.13406572	0.08877551306747923	0.0160784	0.00012
-0.0227	-0.1509	0.4579	0.0020176006153054447	-0.0029059732045705585	-0.0007993607974134029	1.08382881	56.48022461	1.13204032	0.13372915014443815	0.0156845	0.00014
-0.0199	-0.1223	0.4469	0.0009564404300928925	-0.002713986986851182	-0.0008220500776893293	1.10823035	57.75183487	1.13388267	0.10619178416039268	0.015417	0.00014
-0.0224	-0.1522	0.411	0.0008150687606813518	-0.0026319565120074486	-0.0007487462491055673	1.12447917	58.59859085	1.14756115	0.08313529864195185	0.013993	0.00013
-0.0306	-0.2222	0.4241	0.002008873969045473	-0.002645919146023404	-0.0006876597252857658	1.13905442	59.35813141	1.16332182	0.15474271830999392	0.0160199	0.00015
-0.0322	-0.1919	0.4462	0.0026790804018112955	-0.0027331856086231197	-0.0006213372137099814	1.1009717	57.3735733	1.12821728	0.09518977034706615	0.0173321	0.00017
-0.0291	-0.1673	0.4866	0.0021921335405048776	-0.0029024825460665696	-0.0006527531402458793	1.10045755	57.34677887	1.12572112	0.10248298626428824	0.0182619	0.00012
-0.0237	-0.1503	0.4873	0.001609193570338772	-0.002717477645355171	-0.0006161012259539982	1.0548507	54.97012329	1.10806154	0.06332983925846931	0.0176267	0.00018
-0.0264	-0.1635	0.4635	0.0012845623294678264	-0.002621484536495483	-0.0007539822368615504	1.10987985	57.83779144	1.13224712	0.0676252680319093	0.0167321	0.00021
-0.0325	-0.1946	0.4535	0.001658062789394613	-0.0027593655474030345	-0.0008656833089891874	1.11496449	58.10276031	1.12834125	0.07835412714809875	0.0166062	0.00011
-0.0396	-0.2055	0.4589	0.002319542575900464	-0.0027331856086231197	-0.000932005820564972	1.1092366	57.80426788	1.12492607	0.06109911184307748	0.0173138	0.00014
-0.0392	-0.1854	0.4833	0.0022218041377887812	-0.002853613327010729	-0.0010035643198967395	1.08259594	56.41597748	1.10332986	0.05938623279155299	0.0173308	9e-05
-0.0412	-0.1372	0.4736	0.0016318828506146981	-0.002802998778702893	-0.001265363707695889	1.08155262	56.36161041	1.11749622	0.10501676116405342	0.0170813	0.00017
-0.0373	-0.1425	0.4751	0.0006806784082777885	-0.0028815385950426383	-0.0012950343049797925	1.14270401	59.54831314	1.15217717	0.06367074279802792	0.0162038	0.00014
-0.0379	-0.2105	0.4469	0.0013631021458075715	-0.002895501229058593	-0.001322959573011702	1.13914788	59.36300278	1.16072859	0.13301558197888233	0.0162385	0.00017
-0.0467	-0.2237	0.4631	0.00238237442897226	-0.002933898472602468	-0.0013526301702956054	1.12824368	58.79476166	1.14282183	0.09256700619962337	0.0173514	0.00015
-0.0494	-0.2109	0.4564	0.002898991887562581	-0.002855358656262723	-0.0013264502315156904	1.08530581	56.55719757	1.11264151	0.053266860685499066	0.016812	0.00015
-0.0433	-0.1601	0.4719	0.0022060961745208325	-0.0029199358385865134	-0.0013281955607676848	1.07799327	56.17612457	1.120085	0.11036091123087668	0.0166669	0.00015
-0.0386	-0.1307	0.4573	0.0012339477811599909	-0.0028012534494508993	-0.0013543754995475996	1.12414277	58.5810585	1.13614072	0.1045505360638185	0.0153164	0.00014
-0.0398	-0.1465	0.4178	0.0008185594191853405	-0.002778564169174973	-0.001429424657383356	1.12119687	58.42754364	1.14092008	0.08215634000431661	0.013503	0.0001
-0.0431	-0.2116	0.3803	0.0021799162357409173	-0.0028379053637427798	-0.001452113937659282	1.12754977	58.75860214	1.16159827	0.17806936456996547	0.0135537	0.00011
-0.0658	-0.189	0.332	0.0028518679977587343	-0.0028902652413026098	-0.002033308578573394	1.12178302	58.45808792	1.15634491	0.15887531402458796	0.0124968	6e-05
-0.0613	-0.1617	0.3514	0.0027838001569309555	-0.002708750999095199	-0.0019582594207376374	1.07005024	55.76220322	1.11930477	0.06743156204354725	0.0121473	7e-05
-0.0506	-0.0873	0.3857	0.0021676989309769574	-0.002565634000431664	-0.0017645278737662671	1.10972297	57.82961655	1.14331958	0.16704748857944518	0.0129037	7e-05
-0.0429	-0.0454	0.3429	0.000804596785169386	-0.0019844393595175526	-0.0019146261894377795	1.17512941	61.23806	1.17925939	0.19711975511965976	0.0117345	0.00011
-0.045	-0.0922	0.3061	-0.00022165681500327985	-0.001022762941668677	-0.002310815929640492	1.09635246	57.13285446	1.14469254	0.20490598791121273	0.0113329	0.00011
-0.0436	-0.152	0.2513	0.0002844886680750757	-0.0013404128655316449	-0.0021607176139689798	1.08833075	56.71483231	1.14076008	0.16469468613064173	0.0105555	0.00014
-0.0423	-0.2231	0.2853	0.0018622663118779497	-0.0018779742751458986	-0.002103121748653167	1.12241685	58.49111557	1.16132635	0.21504674593664697	0.0113357	0.00012
-0.0418	-0.1971	0.2881	0.0027384215963791032	-0.00200363798128949	-0.002078687139125246	1.07796454	56.17462921	1.11489521	0.08061268000863331	0.0116802	9e-05
-0.0372	-0.1458	0.2876	0.002649409804527392	-0.002124065699677099	-0.0020263272615654165	1.10005975	57.3260498	1.11905945	0.06948996938995747	0.0119101	9e-05
-0.031	-0.0504	0.3296	0.001778490507782222	-0.002267182698340634	-0.001853539665617978	1.14483488	59.65935898	1.16257983	0.20294119456780715	0.0117379	8e-05
-0.0308	-0.0484	0.3121	0.001356120828799594	-0.0023649211364523163	-0.0017872171540421933	1.04236603	54.31952667	1.08745086	0.04902153143350477	0.011012	6e-05
-0.0321	-0.1158	0.306	0.002097885760897184	-0.002478367537831948	-0.0018343410438460403	1.10357082	57.50901413	1.13279913	0.11991676116405343	0.0116286	5e-05
-0.0307	-0.1172	0.3206	0.002701769682087222	-0.002590068609959585	-0.00182212373908208	1.1076467	57.72141647	1.11873736	0.053790114904081754	0.0128756	0.00012
-0.0268	-0.1251	0.3451	0.002813470754214859	-0.002698279023583233	-0.0017383479349863521	1.10334218	57.49710464	1.11623243	0.05148436449235066	0.0134928	9e-05
-0.0201	-0.1224	0.3793	0.0019006635554218248	-0.002581341963699613	-0.0015376350710070042	1.07370174	55.95248413	1.1015869	0.1051228561328001	0.0129939	2e-05
-0.0175	-0.1424	0.3734	0.0016057029118347831	-0.002590068609959585	-0.001567305668290908	1.05348194	54.89879608	1.0888004	0.04516789435654589	0.0133227	6e-05
-0.0243	-0.1953	0.3584	0.002012364627549462	-0.0026773350725593018	-0.0016982053621904826	1.10951638	57.81884766	1.1209682	0.10594139361069851	0.0140947	0.00015
-0.0254	-0.2088	0.3586	0.0025516713664157096	-0.002581341963699613	-0.0016423548261266642	1.08549309	56.56695557	1.10398302	0.04935751918948771	0.0152197	0.00013
-0.0237	-0.2036	0.3678	0.002925171826342496	-0.0026668630970473357	-0.001572541656046891	1.0654521	55.52258301	1.08581067	0.04254173816771416	0.0158018	8e-05
-0.029	-0.1815	0.3813	0.002647664475275398	-0.0026755897433073067	-0.001499237827463129	1.04875493	54.65246582	1.08869889	0.05887689129554151	0.0160574	0.00011
-0.0291	-0.1382	0.3967	0.001843067690106012	-0.0024923301718479027	-0.0014538592669112763	1.1008687	57.36820221	1.11624545	0.11046174585903216	0.0152965	8e-05
-0.0328	-0.1329	0.3766	0.0015428710587629874	-0.0025237460983838006	-0.001656317460142619	1.08709037	56.65019226	1.10321281	0.05580353755551325	0.0146859	0.00011
-0.0355	-0.1617	0.3719	0.0021153390534171274	-0.002623229865747477	-0.001762782544514273	1.08067131	56.31568527	1.09556239	0.07512084231947352	0.0148974	9e-05
-0.0306	-0.1676	0.3803	0.0026755897433073067	-0.0028361600344907856	-0.0017941984710501708	1.03132224	53.74401474	1.07306245	0.05942983925846928	0.0162037	0.00014
-0.0345	-0.1564	0.4011	0.0029949849964222694	-0.0029565877528783943	-0.0016859880574265225	1.08316505	56.44563675	1.10129154	0.06330166925631095	0.0166152	0.00015
-0.037	-0.1321	0.3908	0.002064724505109292	-0.0029443704481144336	-0.0017924531417981763	1.10275102	57.46629333	1.1208453	0.08954714402242964	0.0152053	0.00012
-0.0377	-0.1311	0.3692	0.0014765485471872027	-0.0029146998508305304	-0.0018709929581379211	1.10848141	57.76491547	1.12754796	0.058119318577286874	0.0137694	9e-05
-0.038	-0.1788	0.3497	0.0013473941825396225	-0.0028518679977587343	-0.001891936909161853	1.08752716	56.67295456	1.11314683	0.07814650843716536	0.0127134	4e-05
-0.0418	-0.1971	0.3504	0.0016545721308906245	-0.002844886680750757	-0.0020699604928652747	1.07229936	55.87940598	1.11973296	0.04740914245312002	0.0140982	0.00015
-0.0681	-0.2082	0.3244	0.0024486969405480446	-0.0029112091923265415	-0.002169444260228951	1.15612423	60.24766922	1.19440593	0.111396554429844	0.0179567	0.0004
-0.0689	-0.1899	0.3517	0.002036799237077382	-0.0028780479365386495	-0.0021153390534171274	1.10991848	57.83980179	1.132386	0.07135820830351891	0.0180351	0.00055
-0.057	-0.1582	0.375	0.001054178868204575	-0.0027349309378751144	-0.002012364627549462	1.10547936	57.60847473	1.14026225	0.1283355896702003	0.0158296	0.00021
-0.049	-0.1293	0.3576	0.0002600540585471551	-0.002647664475275398	-0.001965240737745615	1.09411812	57.01641846	1.12906522	0.1007257581030492	0.0130323	7e-05
-0.0538	-0.2075	0.3231	0.00124965574442794	-0.002597049926967562	-0.0020734511513692635	1.10466182	57.56586838	1.14756893	0.17492133239061344	0.0123721	6e-05
-0.0596	-0.1853	0.3484	0.0020769418098732523	-0.0027611108766550296	-0.002103121748653167	1.05891991	55.1821785	1.10577197	0.10435088062083418	0.0138531	0.00012
-0.0634	-0.1723	0.3691	0.002357939819444339	-0.0027628562059070234	-0.002045525883337354	1.06636977	55.57040405	1.10107368	0.05451696020694466	0.0153326	5e-05
-0.0615	-0.151	0.3863	0.0022898719786165604	-0.002597049926967562	-0.001895427567665842	1.08545458	56.56494522	1.1019142	0.05959862177193762	0.0157358	8e-05
-0.0642	-0.1365	0.4057	0.0016632987771505957	-0.0027855454861829498	-0.0019896753472735357	1.09256089	56.9352684	1.10727366	0.08206582701445232	0.0154202	4e-05
-0.0573	-0.1239	0.4007	0.0006632251157578452	-0.002649409804527392	-0.0020280725908174107	1.0643394	55.46459961	1.09319703	0.08323032932960918	0.014172	6e-05
-0.0581	-0.1321	0.3694	-0.00012740903539558605	-0.0024591689160600103	-0.002141518992197042	1.08451557	56.5160141	1.1087329	0.0950160720500222	0.0136997	6e-05
-0.0643	-0.2363	0.3608	0.0011833332328521555	-0.0025028021473598684	-0.0019512781037296606	1.14795363	59.82188416	1.17070361	0.19623081940074913	0.0158412	7e-05
-0.0756	-0.2364	0.3985	0.0017837264955382047	-0.0021991148575128553	-0.0018989182261698304	1.08947968	56.77470016	1.11457698	0.09692202150464464	0.0175661	0.00014
-0.075	-0.1998	0.4104	0.0018570303241219666	-0.0023544491609403502	-0.0018832102629018814	1.06649029	55.57668686	1.09241161	0.06131730476396026	0.0171964	0.00011
-0.0711	-0.2006	0.4186	0.001710422666954443	-0.0023265238929084412	-0.002001892652037496	1.03573525	53.97398758	1.06759179	0.0275607657167524	0.0169298	5e-05
-0.0567	-0.1609	0.4244	0.0012775810124598492	-0.002324778563656447	-0.0019757127132575807	1.02037203	53.17338181	1.06970789	0.08293834612632514	0.0169259	0.00011
-0.0624	-0.1726	0.4031	0.0012339477811599909	-0.0023492131731843676	-0.0020298179200694054	1.06760371	55.6347084	1.08935787	0.044808652381980174	0.0160118	6e-05
-0.0688	-0.1801	0.3958	0.0017174039839624202	-0.002234021442552742	-0.002038544566329377	1.05607724	55.03404236	1.08390197	0.05156872898470136	0.0172938	0.0001
-0.0678	-0.1743	0.4192	0.0018692476288859267	-0.002176425577236929	-0.0018099064343181197	1.07317972	55.92528534	1.08742584	0.05210388211252887	0.0178486	6e-05
-0.0647	-0.1714	0.458	0.0014329153158873448	-0.0021327923459370708	-0.0015812683023068625	1.03772843	54.07785416	1.07971468	0.08023018381548487	0.0179544	6e-05
-0.0634	-0.1576	0.495	0.0011397000015522971	-0.00238237442897226	-0.0015184364492350666	1.07958341	56.25898743	1.11897914	0.08238146252210163	0.0191587	7e-05
-0.0664	-0.1593	0.4935	0.0011065387457644049	-0.0024731315500759648	-0.001621410875102732	1.07609987	56.07745743	1.09591468	0.017544640137963127	0.0184531	8e-05
-0.0791	-0.1899	0.4429	0.0015603243512829306	-0.0024678955623199817	-0.0018901915799098587	1.14035678	59.42599487	1.16875435	0.13029011490408177	0.0180678	0.00017
-0.0912	-0.2076	0.4002	0.001090830782496456	-0.0023352505391684127	-0.002398082392240209	1.13230836	59.00658035	1.15165857	0.1280014702134197	0.0170647	0.00027
-0.0796	-0.1693	0.4027	0.000460766922526503	-0.0023073252711365037	-0.0024678955623199817	1.04949141	54.69084167	1.10135217	0.08879011490408174	0.0153307	0.00021
-0.0729	-0.1785	0.3611	2.792526803190927e-05	-0.002324778563656447	-0.0025115287936198403	1.06720638	55.61400223	1.10614771	0.08219640891571979	0.0127125	7e-05
-0.0715	-0.2156	0.3614	0.0008709192967451704	-0.002380629099720265	-0.0024853488548399255	1.01946855	53.126297	1.07619066	0.08505122517784974	0.0129094	0.0001
-0.0827	-0.1728	0.2834	0.001593485607070823	-0.0025499260371637153	-0.0027960174616949163	1.065745	55.53784943	1.13011588	0.19212659273120472	0.0119737	5e-05
-0.0829	-0.1414	0.1798	0.00124965574442794	-0.0028152160834668534	-0.0022933626371205488	1.18134809	61.56212997	1.19549852	0.19078873667601945	0.0121494	5e-05
-0.087	-0.103	0.1615	0.00035604716740684323	-0.0027192229746071652	-0.0018500490071139892	1.1351347	59.15386581	1.15788049	0.13244576579436723	0.0120968	9e-05
-0.0939	-0.0146	0.1989	-0.00017627825445142725	-0.0024155356847601517	-0.0016702800941585732	1.10006678	57.32641602	1.13313286	0.18348908123303495	0.0124863	5e-05
-0.0918	-0.0936	0.152	0.0003211405823669566	-0.002595304597715568	-0.0017610372152622785	1.07925034	56.24163437	1.1180447	0.1663972435438753	0.0137399	4e-05
-0.0932	-0.1375	0.1381	0.0011187560505283654	-0.0029077185338225527	-0.002082177797629235	1.05615199	55.03793716	1.10802688	0.1307584993317675	0.0150269	4e-05
-0.0886	-0.1193	0.1912	0.0007819075048934597	-0.0029321531433504737	-0.0021991148575128553	1.05139828	54.79021454	1.08952831	0.09981101075232236	0.0127596	0.00011
-0.0884	-0.1124	0.1946	0.0008307767239493009	-0.0029705503868943488	-0.002169444260228951	1.06826115	55.6689682	1.08500034	0.016346852994180996	0.0121073	0.00011
-0.0807	-0.0813	0.2131	0.0001658062789394613	-0.002886774582798621	-0.002054252529597326	1.07073665	55.79796982	1.09765277	0.10049689898685966	0.0114226	6e-05
-0.0743	-0.0924	0.1927	-0.00012042771838760874	-0.0027715828521669953	-0.001954768762233649	1.0677247	55.6410141	1.09281364	0.06294547476611861	0.0116008	4e-05
-0.0768	-0.1667	0.1773	0.0005462880558742252	-0.002806489437206882	-0.00205599785884932	1.08100271	56.33295059	1.12420255	0.13234257279586956	0.0117908	5e-05
-0.0741	-0.153	0.1984	0.0009354964790689606	-0.0029565877528783943	-0.0021799162357409173	1.02727151	53.53292847	1.07283101	0.07066125578789222	0.0124624	8e-05
-0.0695	-0.1353	0.2035	0.0011798425743481666	-0.0029199358385865134	-0.0020280725908174107	1.04323077	54.36459351	1.07661541	0.049042082724729645	0.0120055	5e-05
-0.0628	-0.0798	0.2161	0.0005340707511102648	-0.003008947630438224	-0.0019146261894377795	1.0837276	56.47494888	1.10933079	0.1172115008234622	0.0105366	3e-05
-0.0597	-0.0627	0.1969	-5.061454830783555e-05	-0.002844886680750757	-0.0019006635554218248	1.05911303	55.19224548	1.08997011	0.07753544415607606	0.0113693	4e-05
-0.0594	-0.1331	0.1804	0.000804596785169386	-0.0029059732045705585	-0.0018500490071139892	1.07032323	55.77642822	1.10701296	0.13554562028024292	0.0105731	3e-05
-0.0632	-0.1325	0.1951	0.0012095131716320703	-0.0029443704481144336	-0.0019530234329816546	1.02448106	53.38751221	1.06222817	0.04641440279371122	0.0101984	3e-05
-0.0602	-0.1159	0.2015	0.0011519173063162574	-0.003035127569218139	-0.0019006635554218248	1.01764119	53.03107452	1.06164627	0.03603564319896744	0.010483	4e-05
-0.0551	-0.0833	0.2045	0.00026354471705114377	-0.0030613075079980543	-0.0017680185322702558	1.07451606	55.99492264	1.09394011	0.09305987755982989	0.0105457	5e-05
-0.0512	-0.1001	0.1769	-0.00011344640137963142	-0.003035127569218139	-0.0017156586547104257	1.07208908	55.86844635	1.09708389	0.071076546738526	0.0115706	8e-05
-0.0542	-0.1705	0.1636	0.000905825881785057	-0.003106686068549906	-0.0016598081186466073	1.08743632	56.66821671	1.11585216	0.1440340659280137	0.0111632	4e-05
-0.0549	-0.1689	0.1883	0.001129228026040331	-0.0032166418114255493	-0.001658062789394613	1.04316485	54.36115265	1.06531655	0.04375516081914559	0.0106365	2e-05
-0.0544	-0.1327	0.1936	0.0009861110273767962	-0.0033562681515850955	-0.001595230936322817	1.00634611	52.44246674	1.05506236	0.05927875959474383	0.010559	6e-05
-0.0525	-0.1013	0.1984	0.00015184364492350666	-0.0033615041393410786	-0.001574286985298885	1.06758428	55.63369751	1.09086826	0.08112236606166022	0.0106379	1e-05
-0.0538	-0.1064	0.179	-6.45771823237902e-05	-0.0034313173094208515	-0.001579522973054868	1.06792784	55.65159988	1.08935741	0.04037349925415264	0.0111834	4e-05
-0.0589	-0.1675	0.1595	0.0009459684545809266	-0.0034295719801688577	-0.0015917402778188286	1.07279456	55.90520859	1.10500765	0.13692541354603355	0.0114131	1e-05
-0.0575	-0.1481	0.1851	0.0012409290981679683	-0.003543018381548489	-0.001562069680534925	1.05536687	54.99702454	1.07715535	0.06830388211252883	0.0106234	5e-05
-0.0502	-0.1253	0.1982	0.0008447393579652555	-0.003593632929856324	-0.00147131255943122	1.01559079	52.92422485	1.06122329	0.07007807048071266	0.0101702	4e-05
-0.0476	-0.1016	0.2026	3.490658503988659e-05	-0.0035377823937925057	-0.00147131255943122	1.04383039	54.39583588	1.08059399	0.07398416544945938	0.0106855	5e-05
-0.0517	-0.1247	0.1743	0.00022340214425527416	-0.0035499996985564664	-0.0013980087308474581	1.06812227	55.66173172	1.09209395	0.0692008346281555	0.0110793	6e-05
-0.0553	-0.171	0.1746	0.0009250245035569946	-0.0034452799434368064	-0.001403244718603441	1.07313907	55.92316437	1.09591543	0.09077890510886816	0.0116653	8e-05
-0.0615	-0.1513	0.1921	0.0012095131716320703	-0.0035447637108004834	-0.0014067353771074296	1.05885291	55.17868805	1.0758167	0.06277315469713708	0.0109988	5e-05
-0.0566	-0.1404	0.2072	0.0009878563566287904	-0.003640756819660172	-0.001377064779823526	1.02415705	53.37062836	1.058535	0.048266026057343606	0.0102159	3e-05
-0.0534	-0.1201	0.2194	0.00027925268031909274	-0.0037053340019839614	-0.0014154620233674013	1.0281682	53.57965088	1.07056184	0.07627890510886813	0.0102882	8e-05
-0.0603	-0.1117	0.1985	-0.00019198621771937622	-0.0036948620264719957	-0.001593485607070823	1.07878458	56.21736526	1.0912229	0.06918672286269281	0.0109221	4e-05
-0.0654	-0.1673	0.1838	0.0003211405823669566	-0.0035901422713523357	-0.0016650441064025902	1.07732451	56.1412735	1.09845574	0.10987025272688802	0.0117822	5e-05
-0.0684	-0.1615	0.1859	0.0007592182246175333	-0.003691371367968007	-0.0016667894356545846	1.05857289	55.16409683	1.07902553	0.037952603405912125	0.011547	4e-05
-0.0668	-0.1579	0.2035	0.000778416846389471	-0.0036686820876920805	-0.001626646862858715	1.0448997	54.45156097	1.06731401	0.02690152374218665	0.0108837	5e-05
-0.0555	-0.1149	0.204	0.0002181661564992912	-0.0036704274169440743	-0.0016406094968746698	1.03311312	53.83734131	1.07395231	0.08359793265790641	0.0112589	8e-05
-0.0532	-0.1243	0.1866	0.00010471975511965978	-0.0034487706019407953	-0.001420698011123384	1.07487011	56.01337433	1.08813221	0.05685073510670981	0.0114826	9e-05
-0.0501	-0.148	0.1941	0.0008656833089891874	-0.0031677725923697077	-0.0011309733552923255	1.09606576	57.11791229	1.10726066	0.1008843109635837	0.0117691	3e-05
-0.0514	-0.1349	0.2065	0.0014748032179352085	-0.0031747539093776853	-0.0010629055144645468	1.08975196	56.78889084	1.10003432	0.06100845333908887	0.0113636	7e-05
-0.0593	-0.1498	0.2232	0.001069886831472524	-0.003160791275361731	-0.0013055062804917586	1.06184912	55.33482742	1.07878176	0.07257398932529256	0.00983357	3e-05
-0.0586	-0.1222	0.2145	0.00034208453339088857	-0.003338814859065152	-0.001500983156715123	1.05899692	55.18619156	1.08685771	0.09206513790042106	0.0100159	8e-05
-0.0612	-0.1008	0.2003	-0.0004468042885105483	-0.0032306044454415038	-0.0016249015336067207	1.10670841	57.6725235	1.11129197	0.08925088062083411	0.0106506	7e-05
-0.0595	-0.1279	0.1878	-0.000705113017805709	-0.0031311206780778272	-0.0016458454846306526	1.0932008	56.96861649	1.10815585	0.06023682238413848	0.011896	0.00014
-0.0607	-0.1963	0.173	0.0005044001538263612	-0.0032969269570172887	-0.001616174887346749	1.09424603	57.02308655	1.12602179	0.15464950239277175	0.0113434	9e-05
-0.0593	-0.1815	0.1962	0.0008674286382411819	-0.003387684078120994	-0.001616174887346749	1.05977011	55.22648239	1.08457058	0.06208928027592632	0.0110506	5e-05
-0.0476	-0.1572	0.2019	0.0009424777960769379	-0.0035517450278084606	-0.0013456488532876281	1.03073955	53.71365356	1.06719084	0.06718180707911715	0.0100815	2e-05
-0.0495	-0.1149	0.2038	0.00030194196059501896	-0.0034732052114687163	-0.0013456488532876281	1.05062056	54.74968338	1.0874256	0.08205378259108317	0.010671	6e-05
-0.0512	-0.0932	0.1872	-0.00021118483949131387	-0.003237585762449481	-0.0012863076587198209	1.11028349	57.85882568	1.11117665	0.08040437218366876	0.0120538	6e-05
-0.0334	-0.1324	0.1875	0.00013439035240356338	-0.0030560715202420713	-0.000905825881785057	1.10335982	57.49802399	1.1117759	0.10267856055185252	0.0121883	0.00011
-0.038	-0.1352	0.2101	0.0008569566627292158	-0.003239331091701475	-0.0010332349171806431	1.10579264	57.62480164	1.10426123	0.08166174585903213	0.0108446	4e-05
-0.0439	-0.1465	0.2202	0.0009651670763528643	-0.0032445670794574587	-0.0010995574287564276	1.03730738	54.05591202	1.06705276	0.03628844564777083	0.0101655	2e-05
-0.0437	-0.1288	0.2222	0.0003211405823669566	-0.003363249468593073	-0.0011379546723003027	1.07964337	56.26211548	1.09395432	0.059955306333269856	0.010903	5e-05
-0.0477	-0.1246	0.2052	-0.0003001966313430247	-0.0032724923474893677	-0.0012112585008840647	1.10170758	57.41192245	1.10124448	0.06446990816987246	0.0117221	6e-05
-0.0492	-0.1489	0.1741	-0.00023911010752322313	-0.0033178709080412204	-0.0012164944886400475	1.09170926	56.89089203	1.10387764	0.062485053606381846	0.0120234	8e-05
-0.0544	-0.2085	0.1781	0.0006597344572538566	-0.0033894294073729884	-0.0012077678423800758	1.09090805	56.84913635	1.10572854	0.11775648551844096	0.0107422	1e-05
-0.0684	-0.1691	0.1877	0.0009162978572970229	-0.003420845333908886	-0.001228711793404008	1.03776348	54.07967758	1.07793561	0.07844616388014981	0.0106235	5e-05
-0.0659	-0.1443	0.2056	0.0006300638599699529	-0.0035447637108004834	-0.0013055062804917586	1.05785608	55.12674332	1.09090192	0.0695473430653209	0.011223	5e-05
-0.0633	-0.0956	0.207	-6.981317007977319e-05	-0.0035517450278084606	-0.0014259339988793671	1.08602738	56.59479904	1.1058315	0.09406430327226559	0.0113402	5e-05
-0.0635	-0.1047	0.176	-0.0002513274122871834	-0.0034609879067047556	-0.0014189526818713899	1.07269526	55.90003586	1.09324693	0.05426263401595463	0.0114948	6e-05
-0.0636	-0.1431	0.1832	0.00034906585039886593	-0.0034644785652087444	-0.0014573499254152652	1.08134639	56.3508606	1.09820019	0.0778140582366957	0.0116146	5e-05
-0.0641	-0.1354	0.2106	0.0008011061266653974	-0.0033056536032772606	-0.001424188669627373	1.03966832	54.17894745	1.07449814	0.06780132469929538	0.0105935	4e-05
-0.0677	-0.132	0.2112	0.000778416846389471	-0.0035081117965086025	-0.001500983156715123	1.04983497	54.70874786	1.07527534	0.022697098029750888	0.0111727	4e-05
-0.0656	-0.109	0.2133	5.585053606381854e-05	-0.003501130479500625	-0.0015987215948268059	1.09052181	56.82901001	1.0959464	0.06856430327226563	0.0114112	6e-05
-0.0658	-0.1001	0.1931	-0.0005078908123303499	-0.0034644785652087444	-0.0016441001553786586	1.0838201	56.47977448	1.09485454	0.06158859116189507	0.0124454	4e-05
-0.072	-0.1776	0.189	-0.00011519173063162575	-0.003602359576116296	-0.0015114551322270892	1.08219481	56.39507294	1.1049685	0.12096125578789224	0.0116069	2e-05
-0.0797	-0.175	0.1955	0.0005393067388662478	-0.003607595563872279	-0.0016388641676226754	1.05000925	54.71783066	1.08003836	0.05615717463247217	0.0118161	6e-05
-0.0814	-0.1703	0.2042	0.0007661995416255106	-0.0036302848441482054	-0.0016702800941585732	1.07110131	55.81697464	1.08423783	0.029149900478554324	0.0113583	4e-05
-0.0746	-0.1342	0.2179	0.0002844886680750757	-0.0036215581978882336	-0.0016458454846306526	1.07613313	56.07919312	1.08526891	0.08234360646691638	0.0111497	6e-05
-0.0839	-0.1121	0.22	-0.0002844886680750757	-0.003375466773357033	-0.001467821900927231	1.07432818	55.98513031	1.0859483	0.08315461721923867	0.0108461	4e-05
-0.0845	-0.1243	0.193	-0.00034208453339088857	-0.003363249468593073	-0.0014643312424232424	1.02875793	53.61038589	1.06954178	0.043465191429188046	0.0115088	0.0001
-0.1059	-0.1708	0.2	0.00035604716740684323	-0.0025324727446437724	-0.001158898623324235	1.1114924	57.92182159	1.13025216	0.166617052192302	0.0119096	5e-05
-0.1033	-0.1463	0.1946	0.0008569566627292158	-0.0030613075079980543	-0.0013683381335635543	1.09846246	57.2428093	1.11451335	0.09445918844579869	0.0119242	9e-05
-0.0935	-0.1298	0.2003	0.0004921828490624009	-0.0033353242005611634	-0.0014695672301792255	1.07686198	56.11717224	1.10065727	0.06900098014227979	0.0104842	5e-05
-0.0905	-0.1001	0.2038	-0.00022340214425527416	-0.0033196162372932147	-0.0016702800941585732	1.07229257	55.87905502	1.08974426	0.08280029102824858	0.00996375	2e-05
-0.0921	-0.0902	0.2006	-0.00015009831567151235	-0.002946115777366428	-0.001954768762233649	1.01636493	52.96456528	1.06490085	0.05126464782928121	0.0117266	5e-05
-0.0992	-0.0985	0.2487	-0.0008970992355250854	-0.0017680185322702558	-0.0021153390534171274	1.098032	57.22037888	1.15520697	0.1677834228066612	0.015228	0.00011
-0.1474	-0.0856	0.4062	-0.0022689280275926286	-0.0004572762640225143	-0.002092649773141201	1.19058108	62.04327774	1.282626	0.35386301702956047	0.0209397	0.0011
-0.2021	-0.0934	0.4966	-0.002804744107954888	0.0004677482395344803	-0.0022078415037728267	1.19023597	62.02528763	1.26068808	0.231701615727544	0.0300494	0.00511
-0.179	-0.1746	0.2525	-0.003214896482173555	0.0012932889757277981	-0.0013212142437597075	1.54419374	80.47064972	1.55505681	0.4545160185212552	0.0291826	0.00538
-0.1354	-0.2012	0.2251	-0.0033440508468211352	-2.792526803190927e-05	-0.0014416419621473165	1.19518244	62.28305817	1.23126207	0.17613981633974482	0.0233396	0.00173
-0.112	-0.1265	0.1951	-0.0031084313978019013	-0.0005044001538263612	-0.0014765485471872027	1.12412012	58.57987595	1.15356385	0.1654500459926786	0.0199994	0.001
-0.1053	-0.0724	0.1882	-0.002621484536495483	-0.0005148721293383271	-0.0016510814723866359	1.11139691	57.91685104	1.12159701	0.10129758810089085	0.0198131	0.00088
-0.1076	-0.0146	0.2102	-0.0022602013813326567	-0.0005131268000863328	-0.0018605209826259553	1.11708546	58.21329117	1.12151645	0.11072339973270696	0.0192636	0.0007
-0.1127	0.0259	0.1981	-0.0019757127132575807	-0.0009546951008408983	-0.0020943951023931952	1.09327459	56.9724617	1.1237117	0.10569655442984408	0.0181572	0.0005
-0.0919	0.0278	0.1227	-0.0008220500776893293	-0.0018064157758141308	-0.0019268434942017398	1.1601454	60.45721817	1.18547236	0.20674674593664696	0.0182244	0.00028
-0.0779	-0.0009	0.1419	-0.0014835298641951804	-0.0016982053621904826	-0.0016999506914424768	1.12776101	58.76960754	1.12178964	0.11172915014443811	0.018117	0.0003
-0.0817	-0.1073	0.1361	-0.001420698011123384	-0.0018081611050661253	-0.0017366026057343581	1.14283097	59.55493164	1.14670923	0.126471975511966	0.0154054	0.00019
-0.1002	-0.2114	0.197	-0.0015428710587629874	-0.0017645278737662671	-0.002064724505109292	1.27567661	66.47775269	1.33365823	0.20819640891571975	0.0189137	0.00077
-0.1242	-0.2607	0.2405	-0.0019425514574696887	-0.0019058995431778078	-0.002766346864411012	1.17090762	61.01805496	1.21004244	0.17893372137099808	0.0246519	0.00244
-0.1217	-0.3027	0.2196	-0.0015760323145508795	-0.0018797196043978928	-0.0028187067419708422	1.19409394	62.22633362	1.24956329	0.08765294796292775	0.0196559	0.00116
-0.1121	-0.2389	0.2272	-0.002005383310541485	-0.0019861846887695473	-0.0026005405854715507	1.13203549	58.99236298	1.15679107	0.1186991118430776	0.0171604	0.0004
-0.1071	-0.1715	0.2375	-0.003001966313430246	-0.001932079481957723	-0.0024853488548399255	1.0851537	56.54927063	1.12096286	0.1409939970166105	0.0183206	0.00035
-0.1122	-0.172	0.2151	-0.00217293491873294	-0.0020193459445574393	-0.0025464353786597265	1.06224978	55.35570526	1.12097011	0.0768692190558411	0.0169117	0.00032
-0.1095	-0.1365	0.2133	-0.0017575465567582897	-0.0019792033717615696	-0.0025080381351158514	1.0728569	55.90845871	1.1008139	0.06469640891571976	0.0159611	0.0002
-0.1072	-0.0907	0.2179	-0.001593485607070823	-0.001998401993533507	-0.002452187599052033	1.06011403	55.24440384	1.08499997	0.06465550537616116	0.0162148	0.00011
-0.1069	-0.0522	0.2228	-0.0019687313962496035	-0.002092649773141201	-0.0023788837704682713	1.0604465	55.26173401	1.08401855	0.0708398698685118	0.0168676	0.00023
-0.1024	-0.0539	0.2166	-0.002535963403147761	-0.002143264321449037	-0.0023230332344044524	1.03889346	54.13856888	1.06802696	0.0460848545634906	0.0175294	0.00016
-0.1025	-0.1403	0.201	-0.0018884462506578647	-0.0021258110289290935	-0.0023003439541285265	1.06223965	55.35517883	1.10453547	0.13648298626428823	0.0169135	0.00024
-0.1028	-0.1659	0.2197	-0.0015690509975429022	-0.002129301687433082	-0.0022497294058206906	1.06826234	55.66902924	1.08413759	0.06327502299633932	0.0165067	0.00014
-0.1023	-0.1862	0.227	-0.001446877949903299	-0.0020769418098732523	-0.0022060961745208325	1.05490279	54.97284317	1.07607335	0.03900830782496456	0.0170471	0.00017
-0.0994	-0.1841	0.2359	-0.0017453292519943296	-0.002078687139125246	-0.002165953601724963	1.05789363	55.12869644	1.07476232	0.030916960206944684	0.0172061	0.00021
-0.0924	-0.189	0.2441	-0.0021746802479849347	-0.0022759093446006054	-0.0020769418098732523	1.01177061	52.72514343	1.05995026	0.05587924966588374	0.017211	0.00024
-0.0959	-0.2096	0.2326	-0.0017558012275062952	-0.0022706733568446224	-0.0021013764194011725	1.07729912	56.1399498	1.08957651	0.058027480888127154	0.0170987	0.00027
-0.0932	-0.1832	0.2404	-0.0015865042900628454	-0.002319542575900464	-0.0020210912738094335	1.06587243	55.544487	1.0825246	0.051822565104551535	0.0165724	0.00018
-0.0901	-0.156	0.2531	-0.0015690509975429022	-0.0024294983187761066	-0.0019931660057775245	1.06811583	55.66139603	1.07983802	0.05076671517137474	0.015429	0.00013
-0.0879	-0.136	0.2533	-0.001932079481957723	-0.0025569073541716926	-0.0019669860669976093	1.01599777	52.94543076	1.05292448	0.04823087292951611	0.0154922	0.00018
-0.0864	-0.1285	0.2444	-0.0021851522234969008	-0.0026563911215353696	-0.00200363798128949	1.0767535	56.11151886	1.08650268	0.0373604211597368	0.0159464	0.00022
-0.0919	-0.1419	0.2349	-0.0018570303241219666	-0.0025865779514555962	-0.002036799237077382	1.06636965	55.57039642	1.08602662	0.04995481626212996	0.0160733	0.00012
-0.0942	-0.1468	0.2425	-0.0016528268016386303	-0.002584832622203602	-0.002106612407157156	1.05818701	55.14398575	1.07711752	0.02858810109075524	0.0146919	8e-05
-0.0915	-0.1509	0.2481	-0.0018797196043978928	-0.0026808257310632897	-0.0020804324683772408	1.01786077	53.0425148	1.05203668	0.029853292519943266	0.0139196	8e-05
-0.0842	-0.1445	0.2493	-0.0023457225146803788	-0.0027523842303950577	-0.0019146261894377795	1.04513168	54.46365356	1.07832204	0.050068384427685776	0.0145491	0.00013
-0.087	-0.1774	0.2632	-0.0013578661580515882	-0.0028710666195306722	-0.0018867009214058703	1.1123451	57.96626282	1.12035142	0.10632320068981573	0.0125884	0.00011
-0.0895	-0.1814	0.2628	-0.0010559241974565693	-0.002808234766458876	-0.0019774580425095754	1.05807781	55.13829803	1.08454381	0.029676546738526023	0.0122367	7e-05
-0.0851	-0.168	0.2881	-0.00119729586686811	-0.002853613327010729	-0.001963495408493621	1.05903649	55.18825531	1.08061514	0.05313564319896744	0.01135	3e-05
-0.079	-0.1534	0.3085	-0.0018064157758141308	-0.0029478611066184224	-0.0017383479349863521	1.02998483	53.67432022	1.07086135	0.08752575810304912	0.0107465	4e-05
-0.076	-0.174	0.3087	-0.0015446163880149814	-0.003035127569218139	-0.0017034413499464657	1.03021359	53.68624496	1.07444173	0.04299862177193759	0.0107946	8e-05
-0.0812	-0.1759	0.3217	-0.0012322024519079964	-0.003033382239966145	-0.001780235837034216	1.07334614	55.93395615	1.09082039	0.039647687622336496	0.0105004	4e-05
-0.0848	-0.1684	0.341	-0.0011606439525762293	-0.0030072023011862297	-0.0018256143975860688	1.06617391	55.56019592	1.08348563	0.03755584993317681	0.0111642	9e-05
-0.0824	-0.1499	0.3486	-0.0013910274138394805	-0.002967059728390361	-0.0016842427281745281	1.06447399	55.47161484	1.08104679	0.04909488517353302	0.0106676	4e-05
-0.0791	-0.1717	0.3612	-0.001520181778487061	-0.002895501229058593	-0.001520181778487061	1.03672838	54.02574158	1.06316279	0.055938690683340765	0.0105401	3e-05
-0.0753	-0.182	0.3929	-0.0012531464029319286	-0.002963569069886372	-0.001356120828799594	1.04070783	54.23311615	1.07916985	0.07075820830351894	0.011643	0.00011
-0.0811	-0.1814	0.3965	-0.0015358897417550098	-0.0029845130209103033	-0.001520181778487061	1.07736695	56.14348602	1.09235973	0.03338741197672396	0.0114918	6e-05
-0.0833	-0.1731	0.3946	-0.0018867009214058703	-0.0031817352263856626	-0.0016720254234105676	1.07708776	56.12894058	1.09176566	0.04739385150248632	0.0120497	0.00011
-0.0865	-0.1452	0.4014	-0.0028658306317746896	-0.003274237676741362	-0.0016039575825827887	1.10405385	57.53418732	1.12092966	0.09488500007761484	0.0125946	0.0001
-0.0783	-0.1378	0.4031	-0.0038013271108436495	-0.003160791275361731	-0.001408480706359424	1.05106604	54.77289963	1.09003308	0.07952098783359779	0.0133587	0.00017
-0.081	-0.2106	0.3196	-0.0023160519173964756	-0.003089232776029963	-0.0014852751934471744	1.07385743	55.96059799	1.15561532	0.24068140899333465	0.011295	4e-05
-0.0898	-0.2313	0.3118	-0.0014835298641951804	-0.0030508355324860886	-0.001837831702350029	1.01150012	52.71105194	1.07200409	0.09847379028240115	0.0112926	0.0001
-0.0904	-0.1791	0.3284	-0.001500983156715123	-0.003127630019573839	-0.0018064157758141308	0.99019867	51.60099411	1.0540007	0.07568318530717953	0.0113605	0.00015
-0.0898	-0.1216	0.2953	-0.002253220064324679	-0.002897246558310587	-0.0019722220547535923	1.07330966	55.93205643	1.1140461	0.14862133239061348	0.012589	0.00011
-0.0924	-0.0963	0.2237	-0.002949606435870417	-0.0026092672317315226	-0.002008873969045473	1.10964811	57.82571411	1.13655601	0.15055088062083416	0.0150558	0.00025
-0.0944	-0.0813	0.2023	-0.003258529713473413	-0.002333505209916419	-0.0020629791758572974	1.0019027	52.2109108	1.06511328	0.0703395253114962	0.0166047	0.00034
-0.1113	-0.1904	0.0771	0.0009930923443847736	-0.003082251459021986	-0.0024260076602721182	1.42747962	74.38847351	1.51442526	0.5193698395689287	0.0172426	0.00029
-0.1158	-0.2218	-0.0898	0.007648032782239152	-0.004180063558526419	-0.0020350539078253884	1.67605507	87.34217834	1.76411897	0.6099853144902772	0.0335796	0.01156
-0.1173	-0.1367	-0.2552	0.010609856522873528	-0.005037020221255636	-0.0019373154697137059	1.38236094	72.03726196	1.45971819	0.4478259420737639	0.0451387	0.02235
-0.1323	-0.0666	-0.2748	0.008724900930719653	-0.00478918346747244	-0.0019268434942017398	1.14586639	59.71311569	1.18175166	0.21186321607245184	0.0429122	0.01797
-0.1343	-0.0601	-0.2749	0.007822565707438583	-0.0048904125640881115	-0.001912880860185785	0.98804861	51.48895264	1.05376957	0.0594763476956348	0.0419765	0.01556
-0.1318	-0.0099	-0.2609	0.007087782092348972	-0.004771730174952496	-0.0019058995431778078	1.05808365	55.13860321	1.09523754	0.10972236606166016	0.0414814	0.0139
-0.1224	-0.0091	-0.2448	0.0060842177724522335	-0.004651302456564888	-0.001801179788058148	1.10545516	57.60721207	1.11485705	0.08773558967020038	0.0397648	0.01104
-0.1149	-0.0765	-0.264	0.00602662190713642	-0.004806636759992383	-0.0016598081186466073	1.10219705	57.43742752	1.11926189	0.11181509190774246	0.0397648	0.01097
-0.12	-0.1571	-0.2449	0.0062447880636357115	-0.0046251225177849735	-0.0017243853009703976	1.09327233	56.97234726	1.11337207	0.12801287905152453	0.0367379	0.00948
-0.1232	-0.1584	-0.2268	0.006361725123519331	-0.004600687908257053	-0.001785471824790199	1.03342009	53.85333633	1.07536621	0.03272290966156713	0.035877	0.00927
-0.1287	-0.1601	-0.2157	0.006250024051391693	-0.004562290664713178	-0.001785471824790199	1.07870781	56.21335983	1.08755606	0.025804915783575667	0.0355519	0.00898
-0.1264	-0.1201	-0.2034	0.005693264020005502	-0.004537856055185257	-0.0017994344588061536	1.08810985	56.70331573	1.0965421	0.08435786374650327	0.0345806	0.0077
-0.1202	-0.0794	-0.1977	0.004700171675620729	-0.004494222823885398	-0.001820378409830086	1.08661175	56.62525177	1.10116715	0.10548347633542826	0.0325214	0.00584
-0.1176	-0.1138	-0.2167	0.004616395871525002	-0.004572762640225143	-0.001748819910498318	1.03786504	54.0849762	1.07627571	0.06769370598836201	0.0343538	0.00727
-0.1245	-0.1371	-0.2083	0.005311036913818745	-0.004499458811641381	-0.0017139133254584315	1.09563053	57.09523392	1.10332343	0.07874257279586956	0.0343101	0.00824
-0.127	-0.0943	-0.1769	0.004996877648459765	-0.00437379510549779	-0.0016842427281745281	1.09235132	56.92434692	1.10448308	0.10017467843932376	0.032464	0.00625
-0.1272	-0.0628	-0.1488	0.004516912104161324	-0.004419173666049642	-0.0017732545200262388	1.07653916	56.10034943	1.0924434	0.09051779483510022	0.0295627	0.00476
-0.1214	-0.0488	-0.1487	0.0037995817815916558	-0.004457570909593518	-0.0018936822384138475	1.03062415	53.70763779	1.07293355	0.06370776422505764	0.0297685	0.00405
-0.123	-0.0726	-0.1756	0.003417354675404897	-0.004483750848373432	-0.0019373154697137059	1.08856332	56.72694778	1.10322123	0.07490201381332659	0.0313097	0.0048
-0.1272	-0.1455	-0.1747	0.0042324234360862495	-0.00449073216538141	-0.0019041542139258136	1.10203516	57.42899323	1.12063825	0.12076056667386112	0.0312761	0.00551
-0.1286	-0.131	-0.1627	0.004598942579005058	-0.0045640359939651725	-0.001820378409830086	1.07075858	55.79911423	1.08754229	0.0540799387799149	0.03016	0.00577
-0.1306	-0.1375	-0.1481	0.004632103834792951	-0.004550073359949217	-0.0018465583486100008	1.03679979	54.02946091	1.06264866	0.02676519142918816	0.0283077	0.00479
-0.1313	-0.1011	-0.1382	0.00411548637620263	-0.004523893421169302	-0.0019530234329816546	1.0385766	54.12205505	1.07660287	0.07946312408709458	0.0277536	0.004
-0.1301	-0.0885	-0.14	0.003687880709464018	-0.004523893421169302	-0.0019792033717615696	1.08051515	56.30754471	1.09540021	0.03828928027592636	0.0279123	0.00367
-0.1303	-0.1127	-0.1591	0.003979350694547071	-0.00449073216538141	-0.001973967384005587	1.06982648	55.75053787	1.08715118	0.05999336143134638	0.0295547	0.00452
-0.1355	-0.1106	-0.1555	0.004324925886441949	-0.004605923896013036	-0.0020176006153054447	1.07596791	56.07057953	1.08537022	0.03612000769131806	0.0294496	0.00454
-0.1357	-0.1156	-0.1554	0.004516912104161324	-0.004654793115068877	-0.001963495408493621	1.02218914	53.26807404	1.06178372	0.02004803217935197	0.0294001	0.00499
-0.1368	-0.0986	-0.1442	0.0042324234360862495	-0.004565781323217166	-0.0019949113350295183	1.08537316	56.56070328	1.09076541	0.04954581932313418	0.0286995	0.00457
-0.1318	-0.0792	-0.1301	0.0034627332359567498	-0.004605923896013036	-0.0019669860669976093	1.09460139	57.0416069	1.10151092	0.0803879020478639	0.0277758	0.00324
-0.1309	-0.0885	-0.1427	0.003443534614184812	-0.004806636759992383	-0.0018936822384138475	1.08165812	56.36710739	1.08936685	0.0374607657167523	0.0285745	0.00321
-0.1344	-0.14	-0.1539	0.004000294645571003	-0.00476474885794452	-0.0019024088846738192	1.05544174	55.00092697	1.08737297	0.09656872898470129	0.0281636	0.0045
-0.1361	-0.1233	-0.1408	0.004342379178961892	-0.004836307357276287	-0.0018727382873899156	1.05639613	55.05066299	1.08578233	0.05366568150032801	0.0280042	0.00469
-0.1353	-0.1023	-0.094	0.00400727596257898	-0.004717624968140673	-0.0017872171540421933	1.09890866	57.26606369	1.10959239	0.0955653369433124	0.0249951	0.00303
-0.1268	-0.0848	-0.0418	0.003501130479500625	-0.004574507969477138	-0.0016807520696705393	1.0994122	57.29230118	1.11544114	0.11598637830567723	0.0221311	0.00132
-0.1272	-0.1042	-0.0052	0.003415609346152903	-0.004403465702781694	-0.0015428710587629874	1.08854091	56.72578049	1.09622653	0.07612222054753592	0.0197462	0.00081
-0.1301	-0.1341	0.0532	0.0032009338481576006	-0.004036946559862884	-0.0013683381335635543	1.0743407	55.98578262	1.10463267	0.1289863783056772	0.0164722	0.00027
-0.1085	-0.1228	0.1167	0.0024870941840919192	-0.0036983526849759846	-0.000921533845053006	1.10211396	57.43309784	1.13449033	0.17136189137315644	0.013763	0.00011
-0.0631	-0.126	0.1421	0.0016772614111665507	-0.003640756819660172	-0.00018151424220741024	1.1315943	58.9693718	1.14080664	0.15437241205433885	0.011972	6e-05
-0.0817	-0.1359	0.1497	0.0018099064343181197	-0.003900810878207326	-0.0006300638599699529	1.09597218	57.11303711	1.10548325	0.07816243497306326	0.0113993	9e-05
-0.096	-0.127	0.1454	0.0012339477811599909	-0.004220206131322289	-0.0011065387457644049	1.10039902	57.34372711	1.10406007	0.09609143960337715	0.0110161	5e-05
-0.1082	-0.1251	0.1103	0.00045902159327450867	-0.004169591583014453	-0.0013962634015954637	1.07472026	56.00556183	1.09989212	0.10496326960121884	0.0129737	0.00011
-0.1135	-0.2092	0.0854	0.0013718287920675431	-0.004283037984394084	-0.0014486232791552935	1.07836068	56.19527435	1.11906194	0.1682306738866248	0.0147055	0.0002
-0.1206	-0.205	0.1104	0.0020664698343612863	-0.004225442119078272	-0.0014067353771074296	1.03219116	53.78929901	1.07703673	0.07600624048287098	0.0146871	0.00022
-0.1188	-0.1599	0.1448	0.002049016541841343	-0.004073598474154764	-0.0012322024519079964	1.03910267	54.14947128	1.08380498	0.0984914931321442	0.0140085	0.00024
-0.1295	-0.1268	0.1406	0.0023649211364523163	-0.004066617157146788	-0.0013927727430914749	1.09967124	57.30580521	1.10560741	0.07217281014012145	0.0146703	0.00015
-0.1258	-0.1101	0.1399	0.0019250981649497454	-0.004003785304074992	-0.0014172073526193955	1.0939678	57.00858688	1.09903869	0.04745447170511437	0.0147612	0.00015
-0.1259	-0.0872	0.1327	0.0012740903539558604	-0.004029965242854907	-0.001462585913171248	1.09221959	56.91748428	1.09544016	0.06632831551628264	0.0147942	9e-05
-0.1281	-0.1318	0.1171	0.0017331119472303693	-0.003981096023799066	-0.001439896632895322	1.05619919	55.04039764	1.08805106	0.0889290046303138	0.0150841	0.00019
-0.1298	-0.1539	0.1337	0.002239257430308725	-0.004178318229274424	-0.0013735741213195373	1.08196032	56.38285446	1.09697946	0.07888451000647498	0.015794	0.00025
-0.1405	-0.1465	0.1476	0.0019425514574696887	-0.004085815778918725	-0.0015358897417550098	1.09905744	57.27381516	1.09456549	0.059576202181510426	0.0153668	0.00013
-0.142	-0.153	0.1718	0.0013945180723434693	-0.003745476574779831	-0.0013997540600994523	1.10164511	57.4086647	1.10848201	0.08342541354603351	0.0142834	9e-05
-0.1366	-0.1535	0.1861	0.0013526301702956054	-0.0037192966359999168	-0.0013316862192716734	1.05979514	55.22779083	1.07831547	0.02700678408277783	0.0130218	0.00011
-0.1287	-0.1391	0.1752	0.0007679448708775049	-0.0038851029149393774	-0.001296779634231787	1.06158268	55.32093811	1.08335977	0.07246990816987235	0.013424	0.00015
-0.1332	-0.1672	0.1575	0.0009442231253289323	-0.0041329396687225725	-0.0014748032179352085	1.11273873	57.98677444	1.11984097	0.0804069295969022	0.0124381	0.00012
-0.1396	-0.1913	0.1483	0.0015132004614790836	-0.004108505059194652	-0.0015603243512829306	1.0881331	56.70453262	1.09844483	0.07364665395128969	0.0131134	8e-05
-0.1417	-0.179	0.1572	0.0018675022996339327	-0.004270820679630125	-0.001593485607070823	1.08591545	56.58896637	1.08865779	0.05078893571891072	0.0128905	4e-05
-0.14	-0.1463	0.152	0.0014137166941154068	-0.004258603374866164	-0.0016824973989225337	1.03708386	54.04426193	1.07045782	0.06735073510670983	0.0127768	0.00013
-0.1361	-0.1042	0.1434	0.0005567600313861911	-0.004194026192542374	-0.001706932008450454	1.09871173	57.25579834	1.11201539	0.10189842272904633	0.0137269	0.00015
-0.1336	-0.0879	0.1031	-3.316125578789226e-05	-0.004125958351714595	-0.001895427567665842	1.12340367	58.5425415	1.13035564	0.10142423436086252	0.0153127	0.00017
-0.1333	-0.2066	0.076	0.0012147491593880533	-0.0042655846918741415	-0.0017156586547104257	1.12115037	58.42511749	1.1662863	0.22446528341454544	0.0156124	0.00017
-0.1389	-0.1959	0.1024	0.0018622663118779497	-0.004176572900022431	-0.0017662732030182616	1.02947867	53.6479454	1.07429045	0.08205717463247215	0.014325	0.00019
-0.141	-0.1478	0.1234	0.002124065699677099	-0.004220206131322289	-0.0017331119472303693	1.05288315	54.86759186	1.08858465	0.08812969374434494	0.0144458	0.00019
-0.1387	-0.0894	0.1278	0.001562069680534925	-0.004194026192542374	-0.0016545721308906245	1.08536899	56.56048965	1.10797666	0.09843578871309165	0.0141918	0.00015
-0.137	-0.0816	0.1278	0.0007470009198535729	-0.004117231705454623	-0.0017191493132144146	1.06202269	55.34386826	1.08474709	0.05732202150464463	0.0139734	9e-05
-0.1419	-0.1362	0.0839	0.0014189526818713899	-0.004054399852382828	-0.001673770752662562	1.06032205	55.25524902	1.10184691	0.1424081087820732	0.0148634	0.00015
-0.1462	-0.1885	0.0826	0.0019879300180215415	-0.004349360495969869	-0.001811651763570114	1.03827536	54.10635376	1.08358263	0.10799094953223728	0.0157812	0.00018
-0.1441	-0.1716	0.0931	0.00205599785884932	-0.00434586983746588	-0.001726130630222392	1.04985857	54.7099762	1.07457079	0.037353981633974485	0.0149556	0.00015
-0.1405	-0.1194	0.1108	0.001361356816555577	-0.004239404753094226	-0.0017034413499464657	1.09729278	57.18185425	1.10840347	0.11468977034706616	0.0139428	0.00011
-0.1372	-0.104	0.0998	0.0006056292504420323	-0.004066617157146788	-0.001637118838370681	1.07838118	56.19633865	1.09652342	0.07944188368183845	0.0148323	0.00012
-0.1383	-0.1738	0.0727	0.0012775810124598492	-0.004173082241518442	-0.001609193570338772	1.09703124	57.16822815	1.12521168	0.13831710572106906	0.015367	9e-05
-0.1432	-0.2205	0.1014	0.00199142067652553	-0.004324925886441949	-0.0016493361431346415	1.09000051	56.80184555	1.10312697	0.1255912940892528	0.0142703	9e-05
-0.1417	-0.1764	0.1156	0.0022549653935766737	-0.004399975044277705	-0.0015987215948268059	1.0223273	53.27527618	1.06775284	0.07926042115973676	0.013576	0.00014
-0.1396	-0.132	0.133	0.0016004669240788003	-0.0042271874483302664	-0.0015812683023068625	1.07917571	56.23774338	1.09461957	0.10613696789826275	0.0125356	5e-05
-0.1344	-0.0962	0.1315	0.0007993607974134029	-0.0041381756564785556	-0.0015812683023068625	1.09205472	56.90889359	1.10012439	0.08700589592585542	0.0126599	6e-05
-0.1325	-0.1491	0.1082	0.0011903145498601325	-0.004153883619746505	-0.001500983156715123	1.08792281	56.693573	1.11094645	0.10244734306532093	0.0131977	6e-05
-0.1391	-0.1849	0.14	0.001998401993533507	-0.004317944569433971	-0.0015481070465189703	1.09824181	57.2313118	1.10625725	0.1251636141582344	0.0123292	4e-05
-0.1373	-0.1704	0.1623	0.0023212879051524586	-0.004457570909593518	-0.001572541656046891	1.02480733	53.40451431	1.06510067	0.06294734306532095	0.0126036	9e-05
-0.1436	-0.1517	0.1733	0.0019303341527057286	-0.0042603487041181585	-0.0016004669240788003	1.07900226	56.22870636	1.08736864	0.06680506129769992	0.0126087	9e-05
-0.131	-0.1442	0.1974	0.001244419756671957	-0.003974114706791089	-0.0012793263417118436	1.08761621	56.67759323	1.09893736	0.10886444878638989	0.0117468	5e-05
-0.1239	-0.122	0.2126	0.00042935099599060504	-0.004017747938090946	-0.00119729586686811	1.07886863	56.22174072	1.09441004	0.09153662334124717	0.0107353	2e-05
-0.1209	-0.1644	0.1954	0.0003892084231947355	-0.003902556207459321	-0.0009581857593448868	1.03907144	54.14783859	1.07432519	0.08232222054753591	0.0111808	4e-05
-0.1227	-0.2029	0.2162	0.000736528944341607	-0.0037768925013157294	-0.0008499753457212384	1.068501	55.68146896	1.09215934	0.0901597320457056	0.0121428	6e-05
-0.1294	-0.1843	0.2215	0.000895353906273091	-0.0038152897448596045	-0.0009634217471008699	1.08138812	56.35303879	1.09058772	0.04613343034274951	0.0115883	0.00011
-0.1389	-0.1834	0.2139	0.0011152653920243766	-0.0039514254265151615	-0.0011676252695842063	1.06642175	55.57311249	1.0837596	0.04601253449450894	0.0112778	5e-05
-0.1426	-0.1534	0.2183	0.0006108652381980154	-0.003996803987067014	-0.0013753194505715315	1.0776453	56.1579895	1.09005224	0.07597364476827696	0.010316	2e-05
-0.143	-0.1293	0.2014	-7.330382858376184e-05	-0.004050909193878839	-0.0014590952546672592	1.02985716	53.6676712	1.06905216	0.08250250388446649	0.0107623	8e-05
-0.1427	-0.1321	0.1754	-0.0005166174585903216	-0.0040282199136029125	-0.001520181778487061	1.07081425	55.8020134	1.0970464	0.0554544717051144	0.0120054	6e-05
-0.1483	-0.2104	0.1421	0.0007557275661135446	-0.004042182547618867	-0.0015271630954950383	1.07115352	55.81969452	1.12340169	0.1818644487863899	0.0129512	8e-05
-0.149	-0.1871	0.1644	0.001296779634231787	-0.00422893277758226	-0.0015777776438028737	1.01930606	53.11783218	1.06971739	0.08522084231947356	0.0123249	7e-05
-0.1473	-0.1618	0.1871	0.0013596114873035826	-0.004194026192542374	-0.0015289084247470327	1.00842464	52.55078506	1.06261777	0.05703038285837612	0.0120999	9e-05
-0.1442	-0.1191	0.2107	0.0004886921905584122	-0.00411199571769864	-0.0014800392056911916	1.06319487	55.404953	1.09985389	0.11949094953223728	0.0115448	6e-05
-0.1425	-0.0911	0.1912	-0.0003106686068549907	-0.0040282199136029125	-0.0014765485471872027	1.05705643	55.08507156	1.08713877	0.09353136300065597	0.0128284	0.00014
-0.1388	-0.1662	0.1666	0.00039095375244672985	-0.00408756110817072	-0.0014154620233674013	1.07176173	55.85139084	1.11433144	0.14450250388446645	0.0129512	0.00011
-0.1402	-0.2097	0.1925	0.0013369222070276565	-0.004272566008882118	-0.001452113937659282	1.0845145	56.51595688	1.10277278	0.1291812634792103	0.0131145	6e-05
-0.1393	-0.1759	0.2186	0.0013421581947836393	-0.00419228086329038	-0.0014014993893514465	1.02565312	53.44858551	1.06907902	0.0676067840827778	0.0119305	5e-05
-0.1409	-0.155	0.2334	0.0007766715171374765	-0.004040437218366873	-0.0013718287920675431	1.06175423	55.32987976	1.0884959	0.07465004599267862	0.012359	6e-05
-0.1405	-0.1367	0.2246	0.00016929693744344995	-0.004129449010218584	-0.0014765485471872027	1.1026268	57.45981979	1.10648167	0.06755530633326985	0.011865	4e-05
-0.1438	-0.1772	0.1911	0.0006492624817418905	-0.004105014400690663	-0.001541125729510993	1.08585215	56.58566666	1.1043626	0.10574886680750761	0.0120046	6e-05
-0.1504	-0.1817	0.1836	0.0013718287920675431	-0.0042271874483302664	-0.0015515977050229591	1.07965624	56.26278687	1.08994557	0.06136056667386111	0.0125452	6e-05
-0.1491	-0.1824	0.1914	0.0012130038301360591	-0.004221951460574283	-0.0015271630954950383	1.02531803	53.43112564	1.06350936	0.01922477796076937	0.0119039	8e-05
-0.142	-0.1405	0.1948	0.00038571776469074686	-0.004148647631990522	-0.0015585790220309364	1.05787814	55.12789154	1.0893748	0.09900029102824864	0.0123529	6e-05
-0.1408	-0.1157	0.174	-0.0005899212871740833	-0.004059635840138811	-0.0016877333866785165	1.08279705	56.42645645	1.10389518	0.10649026041820604	0.0133771	6e-05
-0.1412	-0.1852	0.1356	0.0002530727415391778	-0.004209734155810323	-0.0016598081186466073	1.0662663	55.56501007	1.11038075	0.15935088062083408	0.0135335	7e-05
-0.1455	-0.22	0.1572	0.0011431906600562858	-0.00429700061841004	-0.0017174039839624202	1.0191257	53.10843277	1.07498	0.11244901232163192	0.0127172	9e-05
-0.1467	-0.192	0.1863	0.0013439035240356337	-0.004386012410261751	-0.0017156586547104257	1.01843143	53.07225418	1.06657542	0.07287349925415265	0.0119308	9e-05
-0.138	-0.1395	0.2068	0.0006859143960337716	-0.004283037984394084	-0.0016022122533307947	1.0407182	54.23365784	1.08475542	0.12542049776245795	0.0106865	2e-05
-0.1345	-0.102	0.2062	-0.00014311699866353502	-0.004031710572106902	-0.0014311699866353504	1.04133952	54.26603699	1.08320271	0.1041700536839967	0.0114629	4e-05
-0.1417	-0.1645	0.2126	0.0005096361415823442	-0.0039287361462392355	-0.0012740903539558604	1.05980504	55.22830582	1.09377417	0.1217403599396518	0.0115396	5e-05
-0.1507	-0.1864	0.234	0.0012793263417118436	-0.003914773512223281	-0.0013927727430914749	1.05934918	55.2045517	1.07985152	0.09741676116405344	0.0118232	4e-05
-0.1453	-0.1751	0.2572	0.0013735741213195373	-0.0038606683054114572	-0.0013421581947836393	1.01891541	53.09747696	1.06540527	0.04984837673636762	0.0120462	5e-05
-0.1324	-0.1533	0.2734	0.000296705972839036	-0.0036302848441482054	-0.0010821041362364843	1.08175874	56.37234879	1.10532384	0.12926528341454543	0.0116813	2e-05
-0.1364	-0.1504	0.2531	-0.0001239183768915974	-0.003904301536711315	-0.0013037609512397642	1.07895195	56.22608566	1.09546456	0.0730148928648511	0.0102082	5e-05
-0.1446	-0.1928	0.2176	0.0005637413483941684	-0.003974114706791089	-0.0014852751934471744	1.06668341	55.58675003	1.09537867	0.13304935687864752	0.011095	2e-05
-0.1452	-0.1981	0.2127	0.001165879940332212	-0.004239404753094226	-0.0015323990832510211	1.054317	54.94231415	1.0732262	0.05652762640225134	0.0116277	5e-05
-0.1401	-0.1627	0.2244	0.0005602506898901797	-0.004206243497306334	-0.0015585790220309364	1.03152597	53.75463104	1.07122568	0.08544852225049193	0.0105658	3e-05
-0.1359	-0.1291	0.205	-0.0004991641660703782	-0.004146902302738527	-0.0016441001553786586	1.06670475	55.58786011	1.10199909	0.1174138591938044	0.0114658	4e-05
-0.1339	-0.1267	0.1601	-0.001085594794740473	-0.00404741853537485	-0.0017156586547104257	1.08415079	56.49700546	1.11019839	0.08717364476827692	0.0138038	5e-05
-0.1379	-0.2185	0.1613	0.00018675022996339323	-0.004124213022462601	-0.001609193570338772	1.07719517	56.13453674	1.13001554	0.16978022980816357	0.0137359	8e-05
-0.1394	-0.2067	0.1679	0.0011013027580084218	-0.004276056667386107	-0.0015690509975429022	1.02141023	53.22748566	1.07639243	0.07522693728822022	0.0132468	6e-05
-0.14	-0.1646	0.1983	0.0009023352232810684	-0.004248131399354198	-0.0015515977050229591	1.04547763	54.48167801	1.08625963	0.0853173047639603	0.0117305	4e-05
-0.1375	-0.1052	0.2007	-4.537856055185256e-05	-0.004159119607502487	-0.0015585790220309364	1.06500626	55.49934769	1.10163327	0.11648534463463044	0.012032	6e-05
-0.133	-0.0887	0.1687	-0.000486946861306418	-0.004157374278250492	-0.0015446163880149814	1.04784429	54.60501099	1.08773885	0.07586381320112574	0.0126426	8e-05
-0.1348	-0.1876	0.1617	0.0005619960191421741	-0.004249876728606192	-0.0015341444125030156	1.07875395	56.21576309	1.12028541	0.1652958653158129	0.0118755	4e-05
-0.1338	-0.1681	0.1852	0.001090830782496456	-0.004365068459237818	-0.0015638150097869194	1.0362792	54.00233459	1.07164578	0.07768485456349054	0.0108281	2e-05
-0.1352	-0.1564	0.2167	0.0008395033702092724	-0.004368559117741807	-0.0015882496193148398	0.99788052	52.00130844	1.0536541	0.05856263401595463	0.0112891	4e-05
-0.1363	-0.1377	0.2268	-3.490658503988659e-05	-0.004089306437422714	-0.001462585913171248	1.04843581	54.63583374	1.08649166	0.09386631708559219	0.0117232	5e-05
-0.1376	-0.1392	0.2225	-0.0005619960191421741	-0.0038990655489553323	-0.0012740903539558604	1.05598724	55.02935028	1.0841707	0.052391294089252846	0.0119139	6e-05
-0.1389	-0.2021	0.2234	0.0003822271061867582	-0.003956661414271145	-0.0012950343049797925	1.08444154	56.51215363	1.10884219	0.11623814708343388	0.0127282	3e-05
-0.1281	-0.1883	0.2485	0.0009669124056048585	-0.0042603487041181585	-0.001165879940332212	1.07094967	55.8090744	1.09033634	0.10057634769563473	0.0125385	4e-05
-0.1262	-0.1868	0.2811	0.0008220500776893293	-0.00411199571769864	-0.0010733774899765126	1.04101825	54.24929428	1.06957912	0.05528588823453734	0.0119653	4e-05
-0.128	-0.1525	0.2788	-0.00012042771838760874	-0.004045673206122856	-0.0011833332328521555	1.04365146	54.38651657	1.08350869	0.09433780252641827	0.0120779	6e-05
-0.1164	-0.1667	0.2515	-0.0003211405823669566	-0.0038501963298994907	-0.0009843656981248017	1.08267128	56.41990662	1.09857596	0.08285786374650332	0.0122213	4e-05
-0.1162	-0.2013	0.265	0.0004677482395344803	-0.0035290557475325343	-0.000757472895365539	1.08875048	56.73670578	1.10345966	0.11514611035138284	0.0130578	0.00011
-0.1139	-0.1837	0.2955	0.0004188790204786391	-0.003532546406036523	-0.0006178465552059926	1.08607793	56.59743118	1.09748612	0.0599993108859688	0.0126615	6e-05
-0.1035	-0.1817	0.2997	0.00048345620280242926	-0.003415609346152903	-0.00041015237421866745	1.02706301	53.52206039	1.06306383	0.03606042115973683	0.0118553	5e-05
-0.1064	-0.1858	0.2996	0.0004677482395344803	-0.0033562681515850955	-0.0004136430327226561	1.05327165	54.88784027	1.07478039	0.011026990816987282	0.0125489	6e-05
-0.1115	-0.1719	0.3177	-6.632251157578452e-05	-0.0032498030672134413	-0.00046425758103049166	1.08708787	56.65005875	1.09866599	0.07165751918948772	0.0130032	0.00011
-0.1078	-0.1483	0.315	-0.0008499753457212384	-0.0034051373706409367	-0.0005846852994181004	1.10146403	57.39922714	1.10380713	0.0829707427980279	0.0122475	9e-05
-0.1086	-0.1577	0.2999	-0.001637118838370681	-0.0033667401270970616	-0.0006859143960337716	1.05677187	55.07024002	1.0817467	0.07163849164044946	0.0114008	9e-05
-0.115	-0.2159	0.2868	-0.0009494591130849152	-0.003518583772020568	-0.0007644542123735164	1.07274818	55.90279388	1.10507415	0.12360215932745086	0.0121809	7e-05
-0.1174	-0.2188	0.2905	-0.0003630284844148205	-0.0036547194536761256	-0.0007819075048934597	1.07583618	56.06371307	1.09238959	0.04600098014227973	0.0121079	0.00014
-0.1199	-0.2027	0.299	-0.0001186823891356144	-0.0036582101121801144	-0.0008656833089891874	1.06044006	55.26139832	1.08462092	0.04368062789394615	0.0118516	0.0002
-0.1187	-0.1588	0.3035	-0.0007155849933176752	-0.003637266161156183	-0.0008325220532012951	1.06183267	55.3339653	1.09509077	0.08215039054969422	0.0118874	0.00018
-0.1143	-0.1246	0.2807	-0.0013945180723434693	-0.003661700770684103	-0.0008621926504851988	1.0664891	55.57662582	1.09358246	0.09805191429188083	0.0121135	0.00013
-0.1187	-0.1678	0.244	-0.001356120828799594	-0.0034348079679248403	-0.0006894050545377602	1.04098356	54.24748611	1.09089038	0.10620388211252885	0.013083	0.00013
-0.1184	-0.2192	0.2546	8.203047484373349e-05	-0.00301941960595019	-0.0003001966313430247	1.08744919	56.66889191	1.12615819	0.17443740444063563	0.0128393	0.00013
-0.1182	-0.1675	0.2737	0.0003630284844148205	-0.0033143802495372316	-0.0005026548245743669	1.04083157	54.23956299	1.08229882	0.10992084231947354	0.0119513	0.00013
-0.12	-0.1605	0.2763	0.000312413936106985	-0.0035377823937925057	-0.0006387905062299246	1.02618146	53.47612	1.07200236	0.03190761871093336	0.0119824	0.00011
-0.1171	-0.1314	0.2734	-0.0006073745796940267	-0.003543018381548489	-0.0007295476273336296	1.10198677	57.4264679	1.10963006	0.08568908123303502	0.0120374	9e-05
-0.1146	-0.1198	0.2543	-0.0012164944886400475	-0.003640756819660172	-0.0008342673824532895	1.09127879	56.86845779	1.10098204	0.07377890510886811	0.0126404	7e-05
-0.1214	-0.2113	0.241	-0.00040840704496667313	-0.003576179637336381	-0.0008639379797371932	1.11054969	57.87269974	1.13583886	0.1567167611640535	0.012854	6e-05
-0.1167	-0.2092	0.2642	0.00048520153205442357	-0.003640756819660172	-0.0007661995416255106	1.07834828	56.19462585	1.10018703	0.08279620987282851	0.0125936	8e-05
-0.1023	-0.2019	0.3021	0.0008848819307611251	-0.0038048177693476384	-0.0006771877497737998	1.08151293	56.35954285	1.09019278	0.09223765701229392	0.0122831	4e-05
-0.1011	-0.1886	0.3274	0.000439822971502571	-0.0039514254265151615	-0.0005951572749300663	1.02162492	53.23867035	1.06799146	0.07348485456349059	0.0124243	6e-05
-0.0681	-0.1737	0.3214	-7.853981633974481e-05	-0.0037210419652519105	-0.0003525565089028545	1.07112181	55.81803894	1.09478725	0.10346735075663892	0.0124494	8e-05
-0.0312	-0.1759	0.298	0.0004799655442984406	-0.004543092042941239	-8.552113334772214e-05	1.11128175	57.91084671	1.12186063	0.14487954069413236	0.0126892	8e-05
-0.0269	-0.2	0.3228	0.001673770752662562	-0.004911356515112043	-0.0002478367537831948	1.11115718	57.90435791	1.11941444	0.13941926504851987	0.0140418	7e-05
-0.0392	-0.1951	0.3319	0.0018709929581379211	-0.004797910113732411	-0.00029845130209103034	1.07432413	55.9849205	1.08141269	0.044364157758141315	0.0135416	8e-05
-0.0406	-0.2011	0.3449	0.0017086773377024485	-0.00488168591782814	-9.599310885968811e-05	1.01326549	52.80304718	1.05493847	0.0428274808881272	0.0137018	8e-05
-0.0434	-0.1843	0.3718	0.000905825881785057	-0.004684463712352781	0.0001291543646475804	1.08247268	56.40955734	1.10153643	0.107761056745001	0.0141217	7e-05
-0.0424	-0.181	0.3601	0.000322885911618951	-0.004422664324553631	0.00020594885173533088	1.08490789	56.53645706	1.09380118	0.062076692252650355	0.0137446	0.0001
-0.0425	-0.208	0.3561	0.0005515240436302081	-0.0046041785667610404	0.00019547687622336493	1.08760142	56.67682648	1.09903176	0.052131217486531566	0.0115041	5e-05
-0.0494	-0.2231	0.3463	0.0008150687606813518	-0.004633849164044945	3.839724354387525e-05	1.04383099	54.39587021	1.06501884	0.05431474735072693	0.0110484	4e-05
-0.0573	-0.2152	0.3422	0.0007819075048934597	-0.004665265090580842	-8.203047484373349e-05	1.03351939	53.85851288	1.07008923	0.02915024503556989	0.012191	4e-05
-0.0666	-0.1825	0.3303	0.0001012290966156711	-0.004436626958569585	-0.00035430183815484887	1.09325159	56.97126389	1.10800901	0.11297939518000812	0.0103036	8e-05
-0.065	-0.1578	0.3133	-0.0008395033702092724	-0.00434586983746588	-0.0006422811647339132	1.07883525	56.22000122	1.10216837	0.1092734457253856	0.0105302	5e-05
-0.0594	-0.1552	0.2845	-0.0012514010736799342	-0.003516838442768574	-0.0008883725892651138	1.01084554	52.6769371	1.06648674	0.11135102613495848	0.0111477	6e-05
-0.0594	-0.2238	0.2423	0.00013439035240356338	-0.003956661414271145	-0.0004520402762665313	1.08549082	56.5668335	1.1369849	0.22389733552923252	0.0114816	0.0001
-0.0623	-0.2517	0.262	0.0009826203688728075	-0.004241150082346221	-0.00024260076602721178	1.04117906	54.25767517	1.08625413	0.11760790973918196	0.0119908	6e-05
-0.0557	-0.2252	0.291	0.0014905111812031574	-0.004384267081009755	-8.726646259971648e-06	1.02695775	53.51657486	1.07735524	0.10634409653805614	0.0115759	0.00011
-0.0526	-0.1466	0.3216	0.0006841690667817771	-0.00420449816805434	2.96705972839036e-05	1.08519721	56.55153275	1.12387108	0.16352541354603353	0.0119672	0.00017
-0.0501	-0.0959	0.311	-0.00032637657012293966	-0.003991567999311032	-1.9198621771937625e-05	1.07751453	56.15117645	1.10793692	0.1274172512351933	0.0118322	0.00011
-0.0506	-0.1902	0.2815	0.0002548180707911721	-0.004012511950334963	-3.141592653589793e-05	1.07639718	56.09295273	1.1243208	0.1550177948351002	0.0115423	6e-05
-0.0435	-0.2206	0.2757	0.0012409290981679683	-0.004045673206122856	0.00018500490071139895	1.05005586	54.72026062	1.08866892	0.10508465552059924	0.0108988	5e-05
-0.0415	-0.2159	0.2879	0.001689478715930511	-0.00419228086329038	0.0002565634000431664	1.00043786	52.1345787	1.05481059	0.052235788713091647	0.0118555	4e-05
-0.0395	-0.1751	0.3195	0.0007208209810736582	-0.004057890510886817	0.0002443460952792061	1.0799849	56.27991104	1.10775892	0.1301632696012188	0.0117294	5e-05
-0.0368	-0.1492	0.3142	-0.00016231562043547262	-0.003867649622419434	0.00021642082724729686	1.08074951	56.31975555	1.09447086	0.08896513790042118	0.0115085	8e-05
-0.0408	-0.2335	0.3022	0.00047123889803846896	-0.0038187804033635933	0.00021118483949131387	1.09393525	57.00688934	1.1248081	0.13468298626428826	0.0119812	6e-05
-0.0384	-0.2492	0.3295	0.001572541656046891	-0.004000294645571003	0.0003316125578789226	1.0831728	56.44604111	1.10060994	0.115562235930172	0.012974	7e-05
-0.0356	-0.2512	0.3455	0.0019408061282176943	-0.004068362486398782	0.0004014257279586958	1.018309	53.06587219	1.05994182	0.04610727415391772	0.0130376	6e-05
-0.0349	-0.2048	0.3785	0.0009965830028887623	-0.003953170755767157	0.00038048177693476387	1.04337096	54.37189865	1.08771136	0.13411794034922445	0.0129381	5e-05
-0.0349	-0.1644	0.3688	1.7453292519943294e-06	-0.0038746309394274117	0.00032812189937493397	1.07837033	56.19577408	1.09720506	0.10638686837681716	0.0121712	8e-05
-0.034	-0.2049	0.3451	-8.726646259971648e-06	-0.0037367499285198597	0.00032812189937493397	1.06266057	55.37711334	1.09016017	0.0725176493209759	0.0127316	0.00012
-0.0378	-0.25	0.3549	0.0011903145498601325	-0.0038798669271833948	0.00034208453339088857	1.08156025	56.36200714	1.10501086	0.12650604143997968	0.0136966	2e-05
-0.0399	-0.2462	0.3778	0.0017680185322702558	-0.003981096023799066	0.00038397243543875244	1.03689361	54.03435135	1.06693547	0.06484104905368293	0.0142089	4e-05
-0.0361	-0.2242	0.4064	0.001562069680534925	-0.004040437218366873	0.000439822971502571	1.01846766	53.07413864	1.06530174	0.0704570291183478	0.0150258	5e-05
-0.0377	-0.191	0.4159	0.0004485496177625427	-0.0038851029149393774	0.00031415926535897925	1.07792437	56.17253494	1.10285812	0.1140259036171735	0.0139719	5e-05
-0.0385	-0.186	0.3902	-0.000322885911618951	-0.00376118453804778	0.0002495820830351891	1.06876194	55.69506454	1.0894895	0.07949655442984406	0.0134022	4e-05
-0.0414	-0.2543	0.3735	0.00041015237421866745	-0.0038484510006474965	0.0002443460952792061	1.07344222	55.93896484	1.10272583	0.12917703680966594	0.0135905	4e-05
-0.0402	-0.268	0.3959	0.0011746065865921838	-0.004038691889114879	0.00027750735106709843	1.03986025	54.18894958	1.07070101	0.0866928178314395	0.0145491	4e-05
-0.0405	-0.2469	0.4144	0.0015585790220309364	-0.004143411644234539	0.00029496064358704166	1.02510023	53.41977692	1.06531481	0.06520727415391782	0.0155526	6e-05
-0.0406	-0.2098	0.4265	0.0005794493116621174	-0.004091051766674708	0.0003054326190990077	1.07610524	56.07773972	1.09697596	0.1013980781720308	0.0146456	7e-05
-0.036	-0.1922	0.4088	-0.00014486232791552936	-0.0040334559013588955	0.00032463124087094524	1.06787586	55.64888763	1.08839838	0.07995530633326982	0.0139357	5e-05
-0.0356	-0.2486	0.3868	0.0002652900463031381	-0.004143411644234539	0.00038571776469074686	1.05774701	55.12105942	1.08493067	0.1078597320457056	0.0136797	5e-05
-0.036	-0.2624	0.3961	0.0010088003076527223	-0.004420918995301637	0.0005078908123303499	1.03505123	53.93834305	1.07324497	0.08065953300281437	0.0150956	0.0001
-0.0399	-0.25	0.4045	0.0012304571226560022	-0.0044628068973495	0.0005497787143782138	1.06597972	55.55007553	1.08373237	0.03997163095495037	0.0155315	0.0001
-0.0385	-0.2235	0.4098	0.00046425758103049166	-0.004317944569433971	0.0005427973973702365	1.07037008	55.77886581	1.08845858	0.0791021593274508	0.0150198	4e-05
-0.0368	-0.2032	0.405	-5.759586531581287e-05	-0.004283037984394084	0.0005218534463463045	1.05444121	54.94878769	1.07492643	0.05568519912050613	0.0136468	4e-05
-0.0406	-0.244	0.3763	0.0005340707511102648	-0.00420449816805434	0.0005550147021341969	1.0286057	53.60245132	1.07673427	0.10846838442768574	0.0138657	8e-05
-0.0425	-0.2603	0.3742	0.0013194689145077131	-0.00416435559525847	0.0007714355293814937	1.07428777	55.9830246	1.09102657	0.07239807817203078	0.0152722	9e-05
-0.0444	-0.2374	0.3855	0.001593485607070823	-0.003979350694547071	0.0008272860654453122	1.07168221	55.84724808	1.08705175	0.06184360646691636	0.0157859	0.0001
-0.0493	-0.2174	0.4135	0.001467821900927231	-0.0036215581978882336	0.0007435102613495844	1.08843005	56.72000504	1.09756017	0.08126160034490783	0.014428	4e-05
-0.0418	-0.2045	0.4142	0.0004729842272904633	-0.0037000980142279784	0.00062482787221397	1.0334698	53.85593033	1.07046006	0.08070299395560641	0.0131254	0.00011
-0.0427	-0.2002	0.3886	-0.0002478367537831948	-0.003661700770684103	0.0005305800926062762	1.09030545	56.81773758	1.10002315	0.07347330021126137	0.0122629	6e-05
-0.0438	-0.2447	0.3595	-5.061454830783555e-05	-0.003733259270015871	0.00042760566673861073	1.09677529	57.15489197	1.11138287	0.09328775653373966	0.0126345	0.00011
-0.0471	-0.2735	0.3708	0.000926769832808989	-0.003897320219703338	0.00041189770347066176	1.08989584	56.79639053	1.1074653	0.10125766470361212	0.0132025	0.00012
-0.0497	-0.2626	0.3938	0.001356120828799594	-0.0040613811693908045	0.00038048177693476387	1.05296147	54.87167358	1.07812577	0.06774139361069845	0.0137393	4e-05
-0.0481	-0.2148	0.4064	0.0008813912722571365	-0.004096287754430691	0.00040317105721069014	1.03432941	53.9007225	1.0792538	0.08861627109291353	0.0128162	7e-05
-0.0477	-0.1846	0.3989	4.71238898038469e-05	-0.004035201230610889	0.0003054326190990077	1.05896342	55.18444824	1.09493663	0.0877546172192387	0.0123571	8e-05
-0.0501	-0.1968	0.3694	8.901179185171081e-05	-0.00398284135305106	0.000307177948351002	1.06624103	55.56369781	1.09325217	0.04889965544298438	0.0114533	8e-05
-0.0531	-0.2313	0.37	0.0009093165402890458	-0.004085815778918725	0.0002705260340591211	1.06822252	55.66695786	1.09505552	0.08609655442984405	0.0128128	4e-05
-0.0459	-0.2228	0.3745	0.0016196655458507376	-0.004427900312309613	0.0005009094953223725	1.0585382	55.16228867	1.08350104	0.08434085001079158	0.013826	5e-05
-0.0392	-0.2055	0.4004	0.0009512044423369096	-0.0044156830075456534	0.0004520402762665313	1.06534219	55.51685333	1.09006253	0.08637738136668144	0.0137068	2e-05
-0.0405	-0.202	0.3873	0.0002897246558310587	-0.004401720373529699	0.0004363323129985824	1.03015089	53.68297577	1.07597658	0.05245751918948769	0.0120311	6e-05
-0.042	-0.2117	0.3626	-0.0001291543646475804	-0.004277801996638102	0.00039968039870670147	1.05488741	54.97203827	1.08717808	0.06487246558310582	0.0125038	5e-05
-0.0584	-0.2682	0.3793	0.00047822021504644627	-0.004283037984394084	0.00011519173063162575	1.09658611	57.14503098	1.11964872	0.13445496177625427	0.0137825	7e-05
-0.0701	-0.2557	0.3805	0.0013665928043115599	-0.004207988826558329	4.18879020478639e-05	1.07618058	56.08166122	1.09870455	0.07723627878423153	0.0142195	9e-05
-0.0727	-0.2422	0.3842	0.0014154620233674013	-0.004309217923174	1.7453292519943296e-05	1.05880523	55.17620087	1.08129916	0.02852664625997161	0.0139142	5e-05
-0.0691	-0.1999	0.3984	0.0002670353755551324	-0.004368559117741807	-9.42477796076938e-05	1.08140731	56.35403824	1.10452827	0.12607344572538567	0.0120229	4e-05
-0.0703	-0.1823	0.3677	-0.0005009094953223725	-0.004195771521794368	-0.0001064650843716541	1.03126121	53.7408371	1.07474992	0.09714748857944515	0.0114487	6e-05
-0.0664	-0.2607	0.3678	0.0003351032163829112	-0.004312708581677988	-8.203047484373349e-05	1.07121539	55.82291794	1.1133068	0.1312692190558412	0.0127853	7e-05
-0.0848	-0.2395	0.3892	0.0009721483933608416	-0.0040055306333269865	4.363323129985824e-05	1.05798244	55.13332748	1.09435825	0.11449434157362615	0.0138116	6e-05
-0.1041	-0.2223	0.4193	0.0006213372137099814	-0.003556981015564444	-0.00010821041362364843	1.07759356	56.15529633	1.10348374	0.11416022211684548	0.0145822	6e-05
-0.0882	-0.1817	0.4103	-1.3962634015954635e-05	-0.003871140280923423	-0.000158824961931484	1.06625736	55.56454468	1.09304023	0.1155036830696375	0.0135966	5e-05
-0.0908	-0.1922	0.4097	-0.0004310963252425994	-0.003867649622419434	-0.00016929693744344995	1.03663087	54.0206604	1.07151157	0.035254816262129986	0.0134977	6e-05
-0.0969	-0.2467	0.4054	0.000710349005561692	-0.0034068826998929313	-0.000296705972839036	1.06878173	55.69609833	1.10308193	0.151381064436319	0.0142822	2e-05
-0.1184	-0.2353	0.4252	0.0013753194505715315	-0.003089232776029963	-0.00029496064358704166	1.03511572	53.9417038	1.08012903	0.10191828490624016	0.0160308	0.00013
-0.1354	-0.2417	0.4186	0.001574286985298885	-0.002553416695667704	-0.0004188790204786391	1.05756187	55.11140823	1.0891142	0.07293509959906044	0.016246	9e-05
-0.1083	-0.1977	0.4295	0.0007696902001294993	-0.003223623128433527	-0.0003892084231947355	1.09559572	57.09342194	1.11426087	0.15722369076095555	0.0136303	6e-05
-0.1009	-0.1727	0.4105	-0.0001605702911834783	-0.0036250488563922224	-0.00045902159327450867	1.07564116	56.05355072	1.10240273	0.12147496946757232	0.0128411	3e-05
-0.11	-0.1739	0.4011	-0.0008621926504851988	-0.003502875808752619	-0.0006998770300497262	1.03720677	54.05067062	1.08567602	0.07293254218582702	0.0127845	5e-05
-0.1085	-0.2049	0.4206	-0.0015132004614790836	-0.0027942721324429216	-0.0008482300164692441	1.00801778	52.52957916	1.0761245	0.127398223686155	0.0150524	9e-05
-0.1205	-0.2117	0.5013	-0.0013945180723434693	-0.00217293491873294	-0.0007644542123735164	1.09704411	57.16889572	1.15413953	0.14068977034706617	0.0202568	0.00042
-0.1522	-0.1737	0.5593	-0.0014154620233674013	-0.001296779634231787	-0.0005759586531581287	1.07729244	56.13960266	1.13863248	0.1819797397370237	0.0252368	0.00151
-0.2195	-0.1332	0.7438	-0.003363249468593073	-0.0029705503868943488	-0.0003647738136668148	1.30246723	67.87385559	1.44374474	0.4839371518689773	0.0364234	0.00754
-0.2755	-0.2718	0.5083	-0.001837831702350029	-0.0018064157758141308	-0.0010367255756846318	1.55218983	80.88734436	1.73597019	0.5981752069670541	0.0309284	0.00414
-0.3958	-0.1513	0.1487	-0.0014590952546672592	-0.0030176742766981957	-0.0015062191444711063	2.66807532	139.0381012	2.88350718	0.7033744258676654	0.0455031	0.02047
0.0671	0.1064	0.152	-0.0022235494670407763	-0.0024486969405480446	-0.0005113814708343385	2.92526269	152.44058228	2.88534757	0.8403134611080217	0.033608	0.01196
0.0485	-0.066	-0.0736	-0.0050405108797596234	-0.002256710722828668	0.002036799237077382	2.2890029	119.28396606	2.28831923	0.6944564169174973	0.0458257	0.02043
0.0615	-0.1273	0.0352	-0.0035377823937925057	-0.005122541354603357	0.0017174039839624202	1.56302297	81.45187378	1.59790682	0.41749771854283846	0.0333015	0.00812
0.0218	-0.0991	-0.0355	0.0015358897417550098	-0.004743804906920588	0.0010943214410004448	1.65196013	86.08654785	1.71550921	0.442374556309613	0.0286188	0.0029
0.1369	-0.1042	0.1047	-0.0018936822384138475	-0.00411199571769864	0.003384193419617005	1.87639725	97.78236389	2.151271	0.5779626574003681	0.0349376	0.00892
0.5789	0.0556	0.801	-0.018041468477865384	-0.007471754527787724	0.014238396037769739	3.4158659	178.0067749	4.67862579	2.816187383384668	0.103365	0.10822
0.2602	-0.0408	1.2895	-0.024809855317099394	-0.008007570608149984	0.003077015471266003	3.17344332	165.37371826	3.78467865	1.8268791743050004	0.108998	0.11195
0.249	-0.2685	1.0944	-0.018675022996339326	-0.007105235384868916	0.004401720373529699	1.73447037	90.38629913	1.99440469	0.8520936223152414	0.0893306	0.07568
0.2351	-0.4218	1.03	-0.01681101135520938	-0.006647959120846402	0.004794419455228423	1.17614889	61.29118729	1.2982338	0.36729934934255926	0.0857519	0.06851
0.2301	-0.4118	1.0114	-0.01582315499858059	-0.006597344572538566	0.004949753758655919	1.01184881	52.72922134	1.09265639	0.09329026041820611	0.0821081	0.06329
0.2276	-0.339	0.9903	-0.015444418550897824	-0.006496115475922893	0.00499862297771176	1.01829982	53.06539536	1.1080362	0.12284173816771404	0.0782434	0.05851
0.2292	-0.2388	0.9733	-0.01552470369648956	-0.006471680866394974	0.005026548245743668	1.07620919	56.08315659	1.14693258	0.12543225115757808	0.0762506	0.05506
0.2341	-0.1247	1.004	-0.01668883830756978	-0.0067980574365179135	0.005274384999526864	1.12285912	58.51416397	1.18844998	0.23661739674931775	0.0790271	0.05968
0.2356	-0.1438	0.951	-0.016306611201383023	-0.006997024971245267	0.005246459731494954	1.06561244	55.53093719	1.14123598	0.104055995447301	0.0768455	0.05735
0.2331	-0.1684	0.9671	-0.015283848259714343	-0.006869615935849681	0.005215043804959057	1.05703878	55.08415222	1.12506545	0.10227939518000818	0.0760085	0.0543
0.2307	-0.1662	0.9912	-0.015119787310026875	-0.006855653301833726	0.0052010811709431014	1.04726315	54.57472229	1.10359672	0.038299310885968926	0.0767947	0.05476
0.2273	-0.1873	0.9962	-0.014973179652859353	-0.006825982704549823	0.005190609195431136	1.05310524	54.87916565	1.09337907	0.03883751149816948	0.0775446	0.05563
0.2369	-0.2145	1.003	-0.015467107831173747	-0.006935938447425466	0.005326744877086694	1.06389153	55.44126129	1.10869755	0.08060098014227958	0.0798287	0.05824
0.2438	-0.2355	1.0161	-0.01638166035921878	-0.007030186227033159	0.005585053606381855	1.08522487	56.5529747	1.15895054	0.10435545184739442	0.0829645	0.06245
0.2317	-0.3168	1.0187	-0.016091935703387718	-0.007016223593017205	0.005541420375081997	1.27092612	66.23019409	1.48223076	0.11336602605734362	0.0846058	0.06055
0.2291	-0.3882	1.0328	-0.015655603390389135	-0.006916739825653527	0.005590289594137836	1.14698374	59.77133942	1.22427643	0.11733426497090496	0.0863551	0.06216
0.2273	-0.4076	1.0266	-0.015369369393062068	-0.00684518132632176	0.005579817618625871	1.14215708	59.51981354	1.22993838	0.045813223608539955	0.0854809	0.06205
0.2245	-0.3416	1.049	-0.015695745963185005	-0.006974335690969341	0.005530948399570031	1.1739639	61.17732239	1.26679125	0.11642000769131784	0.0841842	0.05951
0.2337	-0.331	1.095	-0.016170475519727463	-0.007258824359044416	0.0057648225193372695	1.20759237	62.92975998	1.33413192	0.11545461721923864	0.0867677	0.06436
0.1899	-0.2817	1.3227	-0.015102334017506934	-0.007531095722355532	0.005157447939643243	1.52812743	79.63340759	1.66807388	0.4181893722612836	0.0948048	0.07308
0.1864	-0.3568	1.2163	-0.013660692055359617	-0.007857472292478471	0.005516985765554075	1.21393681	63.26037979	1.32187012	0.2913778179090545	0.0881539	0.06582
0.1917	-0.3303	1.2302	-0.013278464949172859	-0.007709119306058954	0.005541420375081997	1.06842685	55.67760086	1.11583257	0.0734507351067099	0.0874469	0.06516
0.2108	-0.291	1.2538	-0.013737486542447367	-0.008047713180945854	0.005768313177841259	1.07620513	56.08294296	1.12634823	0.1332254135460335	0.0881099	0.06815
0.2253	-0.2709	1.2443	-0.01491907444604753	-0.008388052385084749	0.006016149931624455	1.05908072	55.19055939	1.12072934	0.1325881930761128	0.0883567	0.07003
0.2215	-0.3657	1.2018	-0.013896311504378851	-0.00869173967493176	0.006087708430956222	1.11471355	58.08968353	1.19661611	0.21100043654237283	0.0868888	0.06639
0.2097	-0.3844	1.2175	-0.01281944335589835	-0.008597491895324067	0.006045820528908357	1.10433614	57.54889679	1.14946104	0.10685019150680296	0.0867257	0.06522
0.2093	-0.3857	1.2281	-0.012445942895971562	-0.008419468311620645	0.0061121430404841425	1.06411958	55.45314026	1.10408901	0.04319232776029968	0.0872113	0.06649
0.2119	-0.3628	1.2429	-0.012318533860575978	-0.008616690517096005	0.006169738905799955	1.06693649	55.59993744	1.10110019	0.05941135530933769	0.0867191	0.06686
0.232	-0.3499	1.2572	-0.012971287000821856	-0.008976228343006836	0.006290166624187564	1.02956963	53.65268707	1.09584182	0.10393593422721614	0.088534	0.06959
0.2164	-0.3711	1.2264	-0.012486085468767434	-0.00859051057831609	0.006323327879975456	1.07535851	56.03882599	1.13184064	0.11280402762665316	0.0863531	0.06578
0.2095	-0.3559	1.2311	-0.012164944886400474	-0.00848579082319643	0.006255260039147678	1.07573974	56.05868912	1.1082939	0.0514964089157201	0.0864803	0.06543
0.2064	-0.3385	1.241	-0.012041026509508878	-0.00849800812796039	0.0062343160881237454	1.08747947	56.67047119	1.11527202	0.038253981633974456	0.0851023	0.06562
0.2292	-0.3255	1.2713	-0.0128351513191663	-0.008847073978359257	0.00642979296434711	1.05206966	54.82520294	1.11908861	0.13303337681398267	0.0880203	0.07039
0.2331	-0.3298	1.2477	-0.013142329267517301	-0.008944812416470937	0.006569419304506657	1.075405	56.04124832	1.12553083	0.05902713633111144	0.0874194	0.06865
0.2207	-0.3586	1.2302	-0.012306316555812017	-0.00882438469808333	0.006387905062299246	1.09997582	57.32167435	1.13846708	0.11559773361501516	0.0856624	0.06655
0.2197	-0.3658	1.236	-0.01200088393671301	-0.008751080869499567	0.006473426195646968	1.07955325	56.25741959	1.11349183	0.03721287905152471	0.0855389	0.06693
0.2336	-0.3629	1.2626	-0.012212068776204323	-0.008712683625955692	0.006745697558958083	1.07244813	55.88715744	1.11548689	0.06949267231731511	0.0874489	0.07065
0.2324	-0.3484	1.259	-0.012854349940938236	-0.008785987454539455	0.006754424205218055	1.02401149	53.36304092	1.08761221	0.0555155819788825	0.0874803	0.07096
0.242	-0.3776	1.2222	-0.012213814105456317	-0.008782496796035466	0.007065092812073046	1.08674502	56.63219452	1.14383635	0.12333475504204489	0.0858465	0.06857
0.2299	-0.3672	1.2077	-0.01155757030670645	-0.008709192967451705	0.0069097585086455495	1.08901536	56.75050735	1.13728657	0.08124409653805617	0.083615	0.06562
0.2162	-0.3534	1.2222	-0.011721631256393916	-0.008508480103472356	0.006787585461005948	1.07466722	56.00279999	1.11320195	0.0663473430653208	0.0837051	0.06647
0.2225	-0.3344	1.2404	-0.012398819006167718	-0.008576547944300135	0.006827728033801816	1.0788877	56.22273636	1.11146886	0.08276990816987241	0.0844905	0.06916
0.2186	-0.3535	1.2281	-0.01193281609588523	-0.008667305065403839	0.006805038753525891	1.0306561	53.70930099	1.091886	0.06427246558310586	0.0836876	0.06667
0.2186	-0.3554	1.2307	-0.011669271378834088	-0.008840092661351278	0.006682865705886288	1.09139383	56.87445068	1.12323753	0.03242526803190916	0.0841635	0.06733
0.2246	-0.3336	1.2451	-0.012220795422464296	-0.008838347332099284	0.006712536303170191	1.10043621	57.34566879	1.1297278	0.07134699850830548	0.0858214	0.0698
0.2262	-0.284	1.2293	-0.013699089298903493	-0.008806931405563387	0.006681120376634293	1.15435076	60.15525055	1.18531957	0.14405628647554972	0.0843945	0.06993
0.2261	-0.3083	1.1965	-0.014851006605219751	-0.009087929415134475	0.006724753607934152	1.08990526	56.79688263	1.14770712	0.13102742735936043	0.0849703	0.07096
0.2224	-0.389	1.1767	-0.013461724520632264	-0.009548696337660976	0.00684518132632176	1.09298921	56.9575882	1.18876095	0.20272383627507964	0.0840179	0.0699
0.2158	-0.4005	1.1783	-0.011918853461869274	-0.009211847792026072	0.006719517620178169	1.05874217	55.17291641	1.1383509	0.11996916552707412	0.0828521	0.06685
0.2162	-0.3497	1.2072	-0.01202182788773694	-0.008894197868163105	0.006670648401122327	1.02940249	53.6439743	1.09908071	0.10357467843932391	0.0825326	0.06742
0.2285	-0.2961	1.2153	-0.012943361732789947	-0.009039060196078634	0.0067648961807300215	1.05130708	54.78546143	1.12869774	0.13203219762881155	0.0836953	0.07062
0.2306	-0.2746	1.1781	-0.01403244718603441	-0.009079202768874502	0.006733480254194123	1.11264992	57.9821434	1.1548367	0.11883219762881152	0.0826782	0.06947
0.2261	-0.3353	1.142	-0.012913691135506045	-0.00921533845053006	0.006709045644666203	1.09469914	57.04669952	1.16950858	0.16526631708559214	0.0803142	0.06513
0.213	-0.3587	1.1062	-0.012004374595216999	-0.008854055295367234	0.006508332780686855	1.07330191	55.93164825	1.13857622	0.14586562797156083	0.0771388	0.06052
0.2095	-0.3463	1.1096	-0.01202531854624093	-0.008696975662687744	0.0064071036840711824	1.0636977	55.43115997	1.11004136	0.0332626340159545	0.0767698	0.05908
0.2204	-0.2944	1.1456	-0.012667599710974845	-0.0089570297212349	0.006581636609270616	1.09953165	57.29853058	1.15093351	0.15264340742402527	0.078104	0.06236
0.2278	-0.2571	1.147	-0.013676400018627565	-0.008970992355250854	0.006686356364390277	1.05210197	54.82688522	1.1171782	0.10247413483941678	0.0790789	0.06357
0.2312	-0.3001	1.1131	-0.014055136466310337	-0.00911410935391439	0.0067928214487619305	1.08123803	56.34521866	1.13133446	0.11171592653589812	0.0797507	0.06298
0.2217	-0.3915	1.0753	-0.012685053003494786	-0.008946557745722932	0.006656685767106373	1.10621822	57.64697647	1.19157462	0.22238853763312835	0.077058	0.05909
0.2119	-0.3867	1.0842	-0.012192870154432385	-0.008712683625955692	0.006387905062299246	1.05410504	54.9312706	1.10647989	0.07324188368183857	0.0752903	0.05663
0.2166	-0.3293	1.1096	-0.012655382406210884	-0.008684758357923783	0.006447246256867054	1.06903195	55.70913696	1.13189748	0.11498893571891065	0.0763529	0.05784
0.2282	-0.242	1.1111	-0.013899802162882842	-0.0087109382967037	0.006639232474586429	1.09634137	57.13227844	1.16240564	0.1735292956585625	0.0764126	0.05998
0.2313	-0.3068	1.0795	-0.014014993893514467	-0.008925613794699	0.00672824426643814	1.04048848	54.22168732	1.12299735	0.12044395102393193	0.0764319	0.059
0.2178	-0.3793	1.0836	-0.012486085468767434	-0.008777260808279484	0.006539748707222752	1.0605092	55.2650032	1.14150194	0.18338784851909687	0.0753992	0.05695
0.2135	-0.3481	1.1193	-0.011978194656437085	-0.00873188224772763	0.006431538293599104	1.03406024	53.88669968	1.09106107	0.10427398932529264	0.0754661	0.05641
0.2243	-0.2932	1.1476	-0.0124651415177435	-0.008862781941627205	0.006503096792930871	1.01492023	52.88927841	1.09477939	0.1284702527268879	0.076482	0.05844
0.2414	-0.2592	1.1643	-0.013646729421343665	-0.009093165402890457	0.006724753607934152	1.04988837	54.71153259	1.12995931	0.14948140899333484	0.0796593	0.06275
0.2464	-0.3114	1.1418	-0.013222614413109042	-0.009388126046477499	0.00684518132632176	1.07535648	56.03871918	1.14355029	0.1216751685104636	0.0796728	0.0611
0.2359	-0.3728	1.1754	-0.011660544732574116	-0.00923104641379801	0.006927211801165493	1.11814725	58.26861954	1.17046623	0.1955589894029076	0.0820312	0.0624
0.224	-0.3576	1.1909	-0.011136945956975817	-0.00901462558655071	0.0068329640215578	1.05399048	54.92529678	1.10483595	0.08431336912266466	0.0815958	0.0623
0.2378	-0.3595	1.2158	-0.011280062955639353	-0.009077457439622507	0.007077310116837006	1.04120851	54.25920868	1.09527897	0.06311474735072686	0.0837646	0.06509
0.2474	-0.333	1.2155	-0.012215559434708312	-0.00925548102332593	0.007127924665144842	1.0362469	54.0006485	1.09817999	0.09460673055401075	0.0849532	0.06649
0.2333	-0.3616	1.1755	-0.012124802313604606	-0.009192649170254133	0.0070197142515211934	1.08135152	56.35113144	1.13969654	0.09578996938995751	0.0823887	0.06333
0.2285	-0.3847	1.1856	-0.011208504456307583	-0.009159487914466241	0.006981317007977318	1.08342195	56.45902634	1.13439429	0.08739281783143948	0.0829929	0.0636
0.2289	-0.3439	1.2072	-0.010979866324296327	-0.009112364024662395	0.007040658202545125	1.08668852	56.62925339	1.12032269	0.07955516081914547	0.0823614	0.06363
0.2366	-0.3519	1.2205	-0.011206759127055588	-0.009265952998837895	0.0071471232869167785	1.02050531	53.18032455	1.08187558	0.05334734306532066	0.0836932	0.06593
0.248	-0.3157	1.2143	-0.012156218240140506	-0.009539969691401005	0.007126179335892847	1.07091284	55.80715179	1.12035831	0.1160209878335979	0.0835883	0.06685
0.2448	-0.3136	1.2088	-0.01293638041578197	-0.009442231253289324	0.007059856824317063	1.09097683	56.85272217	1.12388196	0.05801115626644628	0.083726	0.06641
0.2389	-0.3794	1.193	-0.011978194656437085	-0.009585348251952858	0.007007496946757234	1.10228968	57.44225693	1.14773305	0.14518313177841252	0.0833057	0.06521
0.2323	-0.3939	1.2092	-0.011089822067171969	-0.009695303994828501	0.006984807666481306	1.06811535	55.66137314	1.10705903	0.0883508806208343	0.0839183	0.0665
0.2392	-0.3643	1.2383	-0.01163087413529021	-0.009690068007072518	0.007005751617505238	1.03906512	54.14751053	1.10957744	0.09396160034490776	0.0857775	0.06953
0.2438	-0.3348	1.22	-0.012746139527314586	-0.009635962800260694	0.007037167544041136	1.08737004	56.66476822	1.1369479	0.11243932626860484	0.0845	0.06844
0.2458	-0.332	1.1893	-0.013432053923348359	-0.009810495725460127	0.007098254067860938	1.08884931	56.74185181	1.1326038	0.08157669225265027	0.0838324	0.06716
0.2443	-0.406	1.186	-0.01223475805648025	-0.009812241054712121	0.007073819458333017	1.09011042	56.80757141	1.16120172	0.13997379028240137	0.0847975	0.06738
0.2307	-0.3808	1.2052	-0.011147417932487783	-0.009580112264196876	0.007059856824317063	1.08202612	56.38628769	1.13306844	0.12467157742618336	0.0834288	0.06605
0.2246	-0.3832	1.2234	-0.010934487763744474	-0.00934100215667365	0.007045894190301109	1.04165614	54.28253174	1.08161792	0.050000145514124406	0.0843105	0.06746
0.2326	-0.343	1.2373	-0.011468558514854739	-0.009361946107697583	0.007133160652900825	1.01732492	53.01459122	1.09650569	0.09421405823669568	0.0851936	0.06818
0.2461	-0.3135	1.2251	-0.012760102161330542	-0.009587093581204851	0.007150613945420769	1.09472704	57.04815292	1.13783358	0.13190722062515076	0.0855825	0.06838
0.2484	-0.3331	1.1983	-0.01293638041578197	-0.009637708129512687	0.007159340591680739	1.08661532	56.62543488	1.12453384	0.06048097245096192	0.0848007	0.06689
0.2418	-0.3867	1.208	-0.011616911501274255	-0.009510299094117103	0.007185520530460655	1.09106517	56.85732651	1.1449276	0.1435528944341608	0.0854647	0.06663
0.2364	-0.3791	1.2275	-0.010971139678036356	-0.009499827118605135	0.007189011188964644	1.06495929	55.49690247	1.09897576	0.06548672286269284	0.0859225	0.06736
0.2415	-0.3774	1.2379	-0.010929251775988491	-0.009423032631517385	0.007271041663808378	1.00480831	52.36233139	1.07324343	0.027235643198967367	0.0866591	0.06844
0.257	-0.3496	1.2443	-0.011986921302697054	-0.009557422983920948	0.007468263869283736	1.05994582	55.23564148	1.11921616	0.11916410422937417	0.0881451	0.07106
0.2685	-0.3457	1.2152	-0.0126501464184549	-0.009749409201640325	0.00766723140401109	1.0774051	56.14547348	1.11688934	0.09720894341022877	0.0873895	0.07065
0.277	-0.4021	1.1995	-0.011465067856350753	-0.009852383627507991	0.007834783012202546	1.07938385	56.24858856	1.13706077	0.15338022980816352	0.0871332	0.06941
0.2736	-0.3872	1.2184	-0.01071457627799319	-0.00970752129959246	0.00791332282854229	1.0627141	55.37990189	1.10153048	0.0858946861306419	0.0871093	0.06908
0.2618	-0.382	1.219	-0.010489428804485921	-0.009393362034233481	0.007852236304722489	1.0056138	52.4043045	1.06865636	0.04761966313430264	0.085933	0.068
0.266	-0.3739	1.2237	-0.010560987303817687	-0.009414305985257413	0.007922049474802262	1.04610169	54.51420212	1.09802953	0.02511578102177355	0.0866142	0.06856
