trans_x	trans_y	trans_z	rot_x	rot_y	rot_z	dvars_std	dvars_nstd	dvars_vstd	framewise_displacement	aqi	aor
0.0	-0.0	0.0	-0.0	0.0	-0.0	n/a	n/a	n/a	n/a	0.0232457	0.00098
0.0007	-0.1198	-0.0251	0.00018500490071139895	7.504915783575618e-05	5.759586531581287e-05	1.04058278	56.08805847	1.01538538	0.1614824961931484	0.0190047	0.00031
0.002	-0.1445	-0.0529	0.00034208453339088857	4.537856055185256e-05	0.00010471975511965978	0.97278643	52.43379593	0.96733006	0.065493705988362	0.0181996	0.00018
0.0027	-0.0704	-0.0407	0.0001937315469713706	-4.886921905584123e-05	5.235987755982989e-05	0.99984068	53.89203644	0.98817758	0.10174803217935208	0.0195752	0.00032
0.0024	0.0277	0.0103	-0.00011693705988362007	-0.00011693705988362007	1.9198621771937625e-05	1.06821871	57.57765198	1.03970588	0.16999488517353312	0.0235076	0.00106
0.0043	-0.0829	-0.0285	0.0001361356816555577	-0.00013439035240356338	7.155849933176751e-05	1.04299104	56.21786499	1.04106054	0.16744429558094753	0.0181886	0.00025
0.0081	-0.1526	-0.0513	0.0002583087292951608	-8.726646259971648e-05	0.0001937315469713706	0.99276066	53.51041794	0.98483609	0.11087349925415264	0.0166268	0.00015
0.0083	-0.1167	-0.0355	0.0002617993877991494	-0.0001064650843716541	0.00017104226669544429	0.99092585	53.41152191	0.98005133	0.05416892802759264	0.0183453	0.00024
0.0064	-0.0008	-0.0042	2.792526803190927e-05	-0.0002478367537831948	0.0001064650843716541	1.04669678	56.41760635	1.02538228	0.17109114857512855	0.0222442	0.0007
0.0083	-0.1422	-0.0543	0.00017453292519943296	-0.00017802358370342162	0.00018500490071139895	1.07128036	57.7426796	1.03854713	0.20814803217935207	0.0172594	0.00021
0.0005	-0.2128	-0.1105	5.585053606381854e-05	-8.726646259971648e-06	0.0002495820830351891	1.01732922	54.83467865	1.00283404	0.1522278254451427	0.0152924	8e-05
0.0042	-0.1201	-0.095	8.37758040957278e-05	-0.0001291543646475804	0.00019547687622336493	1.0079565	54.32948303	0.99457621	0.12202290966156708	0.0168005	0.00022
0.0069	0.0058	-0.0328	-0.00021118483949131387	-0.00027925268031909274	9.599310885968811e-05	1.09979212	59.2794838	1.0565717	0.2180271363311116	0.0217775	0.00076
0.008	-0.1208	-0.0878	-3.141592653589793e-05	-0.00015184364492350666	0.00018675022996339323	1.06989992	57.66827011	1.04280306	0.20259675347273529	0.0163482	0.00018
0.0053	-0.1477	-0.1105	0.0001884955592153876	1.7453292519943294e-06	0.0002705260340591211	0.99528337	53.64639282	0.98090708	0.07516381320112571	0.0157417	0.00011
0.0071	-0.0625	-0.0684	0.00013439035240356338	-4.18879020478639e-05	0.0001675516081914556	1.0455935	56.35813904	1.01733306	0.1391356431989674	0.0178436	0.00024
0.0072	0.0189	-0.0426	-9.075712110370512e-05	-0.00019024088846738194	8.552113334772214e-05	1.03526318	55.80133057	1.01686478	0.130076546738526	0.0211193	0.00062
0.0134	-0.1864	-0.0931	7.330382858376184e-05	-0.0002897246558310587	0.000291469985083053	1.16448545	62.76649475	1.1079837	0.28547467843932367	0.0147195	0.00011
0.0094	-0.1744	-0.1198	0.0002897246558310587	-0.00019547687622336493	0.00034208453339088857	0.96832722	52.19343948	0.96766593	0.06076415775814133	0.0145912	8e-05
0.0097	-0.1152	-0.0696	0.0001239183768915974	-0.0001884955592153876	0.0002565634000431664	1.00804603	54.33430862	0.99230814	0.12261543646475805	0.016305	0.00014
0.006	-0.0147	-0.0475	-0.00010297442586766544	-0.00020943951023931956	0.00013264502315156904	1.02362943	55.17426682	1.0151817	0.14488775653373956	0.0195146	0.00038
0.0114	-0.1683	-0.0977	0.00015707963267948963	-0.0002530727415391778	0.000291469985083053	1.06778383	57.55421448	1.04860131	0.23232561258892487	0.0144201	9e-05
0.0056	-0.176	-0.1275	0.0001658062789394613	-0.0002740166925631097	0.00022689280275926284	0.97260207	52.42385864	0.96879547	0.04801238898038468	0.0144871	6e-05
0.0057	-0.1195	-0.1024	-8.726646259971648e-06	-0.00033684854563490564	0.000158824961931484	0.99625951	53.69900894	0.98366592	0.09697163095495037	0.0158862	0.0002
0.0054	0.0022	-0.07	-0.000296705972839036	-0.00046949356878647465	7.330382858376184e-05	1.05275297	56.74404144	1.031411	0.17970727415391777	0.0199327	0.00049
0.0047	-0.1372	-0.1257	3.665191429188092e-05	-0.00038048177693476387	0.00017802358370342162	1.06992233	57.66947937	1.04168565	0.2221544717051144	0.0150918	0.00014
0.0033	-0.1706	-0.132	9.599310885968811e-05	-0.00034033920413889426	0.00023387411976724014	0.97008729	52.288311	0.96671895	0.04886671517137477	0.0147507	0.00013
0.0058	-0.0997	-0.105	4.886921905584123e-05	-0.00041713369122664475	0.00020943951023931956	0.99887228	53.83983994	0.98866349	0.1078176493209759	0.0169644	0.00014
0.0031	-0.0355	-0.0887	-0.0002181661564992912	-0.0004537856055185257	0.00014660765716752367	1.00494945	54.16740036	0.9822408	0.10152595714594044	0.0188749	0.0003
0.0028	-0.1695	-0.1309	5.235987755982989e-05	-0.00037350045992678646	0.00022689280275926284	1.05854726	57.05635834	1.03116793	0.19805481626212995	0.014969	0.00011
0.0062	-0.1233	-0.1193	0.00010471975511965978	-0.00041713369122664475	0.00028099800957108706	0.98716247	53.20867157	0.97769657	0.06870491578357561	0.0160595	0.00013
0.0024	-0.041	-0.0754	-0.00017627825445142725	-0.000486946861306418	9.773843811168246e-05	1.03838015	55.96933746	1.01252677	0.15670353755551328	0.0189646	0.0004
0.0031	-0.101	-0.1307	0.00010297442586766544	-0.000445058959258554	0.0001972222054753592	1.02474046	55.23414993	1.0105938	0.1370312174865317	0.0162271	0.00021
0.0055	-0.2032	-0.1536	0.00010297442586766544	-0.0004747295565424576	0.0002652900463031381	1.02573991	55.28801727	1.00227322	0.13238692190558407	0.0145899	7e-05
0.0082	-0.1704	-0.1452	0.00014137166941154068	-0.0005235987755982988	0.00031415926535897925	0.97105736	52.34059525	0.96281628	0.05070678408277787	0.0154953	0.00015
0.0075	-0.0808	-0.1109	3.490658503988659e-05	-0.0006126105674500097	0.00016929693744344995	1.0119437	54.54439926	0.9909473	0.14161696020694467	0.0170126	0.00025
0.004	-0.0235	-0.0873	-0.00014660765716752367	-0.0005532693728822024	0.00016231562043547262	1.00610006	54.22941971	0.99143115	0.09679183768915975	0.0189859	0.00042
0.0041	-0.1573	-0.138	-0.00017976891295541595	-0.00039968039870670147	0.0002478367537831948	1.05940962	57.10283661	1.03226638	0.19821356816555577	0.0155215	0.00015
0.0012	-0.1725	-0.1486	1.0471975511965975e-05	-0.00038048177693476387	0.00022340214425527416	0.96896219	52.22766495	0.96707294	0.040393705988362	0.0151052	0.00011
0.0005	-0.0936	-0.1168	-0.0002251474735072685	-0.00034033920413889426	0.00012042771838760874	1.01808357	54.87533951	1.00024355	0.13033682238413846	0.0173779	0.00031
0.0034	-0.0033	-0.084	-0.00040666171571467877	-0.0004520402762665313	8.726646259971648e-05	1.02417541	55.20368958	1.00963551	0.14231882850614697	0.0201833	0.0006
0.0074	-0.1451	-0.1295	-0.00021467549799530252	-0.0003647738136668148	0.0001658062789394613	1.06971979	57.65856171	1.03738417	0.20918962483294193	0.0153866	0.00014
0.0113	-0.1809	-0.1427	1.5707963267948964e-05	-0.0003717551306747922	0.00027750735106709843	0.96647739	52.09373474	0.96131076	0.0703532925199433	0.0143268	0.00011
0.0108	-0.1261	-0.1386	0.00013439035240356338	-0.0003944444109507184	0.0003525565089028545	1.01927364	54.93948746	0.97802526	0.07022104136236484	0.0151244	0.00012
0.0101	-0.037	-0.1059	4.537856055185256e-05	-0.000445058959258554	0.0002513274122871834	1.03559434	55.81917953	1.01172105	0.13454277183876087	0.0174952	0.00034
0.0089	-0.1421	-0.1545	0.0002181661564992912	-0.00032637657012293966	0.00039968039870670147	1.03803968	55.95098877	1.02065303	0.17689114857512855	0.0143791	0.00015
0.0097	-0.1955	-0.149	0.0003525565089028545	-0.0002129301687433082	0.000460766922526503	0.97932297	52.78611755	0.97896942	0.07514616388014984	0.0140999	8e-05
0.0071	-0.1204	-0.1319	9.42477796076938e-05	-4.363323129985824e-05	0.00042760566673861073	0.98705292	53.20276642	0.98294589	0.11783834612632516	0.0153848	0.0001
0.0077	-0.0191	-0.1021	-0.00014486232791552936	-9.948376736367679e-05	0.00032463124087094524	1.02537668	55.26844406	1.01358328	0.15159675347273535	0.0178592	0.00026
0.0064	-0.1642	-0.1623	0.00012042771838760874	1.7453292519943294e-06	0.0004520402762665313	1.06212497	57.2491951	1.03615614	0.23129640891571973	0.0135962	7e-05
0.0062	-0.1848	-0.1662	0.0002007128639793479	6.9813170079773176e-06	0.0004939281783143952	0.94712085	51.05040359	0.95092735	0.031070451769779267	0.0135158	8e-05
0.0068	-0.1039	-0.1482	6.632251157578452e-05	-0.00012740903539558605	0.00047822021504644627	0.98690486	53.19478607	0.98020784	0.11372443340375377	0.0158064	7e-05
0.0058	-0.0237	-0.1229	-2.094395102393195e-05	-0.0002513274122871834	0.0004310963252425994	1.01468754	54.69229126	0.98601769	0.11941543646475804	0.0172592	0.00024
0.0032	-0.1583	-0.1712	0.0001675516081914556	-0.0001308996938995747	0.0005323254218582705	1.07080388	57.71699524	1.03510036	0.20600761871093332	0.0143099	0.00011
0.0019	-0.1857	-0.1706	0.0003001966313430247	-0.0001012290966156711	0.0004799655442984406	0.96670318	52.10590363	0.96206469	0.04003377489976512	0.0133964	6e-05
0.0037	-0.1328	-0.1573	0.00020769418098732522	-0.00015184364492350666	0.00041189770347066176	0.97309363	52.45035172	0.96780065	0.0785592419745657	0.0148228	6e-05
-0.0002	-0.0292	-0.1161	-0.00014660765716752367	-0.00014660765716752367	0.00038048177693476387	1.05163729	56.68390274	1.01684725	0.16824768762233647	0.0177977	0.00028
0.0006	-0.1166	-0.1564	5.061454830783555e-05	-0.00015707963267948963	0.0004956735075663896	1.01878703	54.91325378	1.00263311	0.14464429558094755	0.0149641	0.00019
0.0035	-0.1994	-0.163	0.00026354471705114377	-0.0001937315469713706	0.0005288347633542819	1.0083369	54.34998703	0.98932202	0.10643716694115404	0.0136153	5e-05
0.0046	-0.1579	-0.1458	0.0002303834612632515	-0.0002583087292951608	0.0004921828490624009	0.97817326	52.7241478	0.97424338	0.06651951762017813	0.0143235	4e-05
0.0024	-0.024	-0.1139	8.726646259971648e-05	-0.0002443460952792061	0.00041538836197465044	1.06157255	57.21942139	1.03783775	0.17969370598836204	0.0167519	0.00018
0.0028	-0.1419	-0.1539	0.0002373647782712288	-0.00010995574287564276	0.00047822021504644627	1.05728662	56.98840714	1.02629895	0.17566602605734355	0.0139818	6e-05
0.0012	-0.2151	-0.1642	0.000445058959258554	-3.665191429188092e-05	0.0004904375198104066	0.99137706	53.43584061	0.98126667	0.0997607657167524	0.0124494	3e-05
0.0015	-0.1228	-0.143	0.000322885911618951	-1.9198621771937625e-05	0.00039269908169872416	1.01407135	54.65908051	0.99716236	0.12566823891356146	0.0143531	0.0001
-0.0023	-0.0544	-0.1267	0.00017627825445142725	5.759586531581287e-05	0.0002897246558310587	1.00743318	54.30127716	0.99474186	0.10481882850614696	0.0157264	0.00014
-0.0002	-0.181	-0.1794	0.00048171087355043494	0.0001012290966156711	0.0003665191429188092	1.04865265	56.52302933	1.02629642	0.2026930168743308	0.0126269	6e-05
0.0047	-0.1846	-0.1789	0.0006073745796940267	9.42477796076938e-05	0.00045553093477052	0.96651947	52.09600067	0.9623233	0.020082840750163984	0.0125657	6e-05
0.0044	-0.1358	-0.1526	0.0005061454830783556	6.283185307179586e-05	0.0004485496177625427	0.98345947	53.00907898	0.9736644	0.0823813170079773	0.0134101	5e-05
0.0008	-0.0169	-0.1109	0.0002373647782712288	-2.6179938779914945e-05	0.0003106686068549907	1.04869986	56.52557373	1.0691113	0.18898367537831948	0.0173292	0.00018
0.002	-0.1237	-0.1299	0.00038048177693476387	3.839724354387525e-05	0.0003612831551628262	1.0346005	55.76561356	1.05599733	0.13991543646475804	0.0141566	0.0001
0.0031	-0.24	-0.1694	-0.0003647738136668148	0.00022863813201125715	0.0003682644721708035	1.06453407	57.37904739	1.03843653	0.2040238898038469	0.0148944	0.00024
0.0015	-0.1767	-0.1445	-0.0011100294042683937	0.0003054326190990077	0.00027750735106709843	1.02025759	54.99251938	1.00106983	0.13544035993965173	0.0173493	0.00026
-0.0224	-0.0568	-0.0938	-0.0017400932642383465	0.0009599310885968812	-2.094395102393195e-05	1.09751737	59.15686798	1.06123211	0.2736506815779428	0.0220119	0.00092
-0.0356	-0.1268	-0.1389	-0.0016650441064025902	0.0009878563566287904	3.316125578789226e-05	1.04375792	56.25920105	1.03107413	0.1361539816339745	0.0214567	0.00076
-0.0305	-0.2278	-0.1843	-0.0012060225131280816	0.0007801621756414653	0.00019198621771937622	1.03672409	55.88007355	1.01936521	0.19277703680966587	0.0188973	0.0008
-0.0174	-0.2292	-0.1933	-0.0007801621756414653	0.0008203047484373349	0.00013439035240356338	0.9832437	52.99744797	0.99155953	0.04967993877991493	0.0164241	0.00041
-0.045	-0.0924	-0.1504	-0.0010262536001726657	0.0013927727430914749	-0.0003874630939427412	1.11020291	59.84062958	1.06750081	0.27432064327658223	0.0202348	0.00053
-0.0558	-0.1115	-0.1619	-0.0010786134777324957	0.0014695672301792255	-0.00040317105721069014	1.01814795	54.87881088	1.00497673	0.048643116395776474	0.0198225	0.0006
-0.0505	-0.2166	-0.1945	-0.0008621926504851988	0.0013264502315156904	-0.00028797932657906436	1.04658806	56.41174698	1.01994238	0.1667364778271229	0.0175586	0.00079
-0.0473	-0.1766	-0.1788	-0.0008360127117052838	0.001239183768915974	-0.0002513274122871834	1.00127649	53.9694252	0.9818451	0.06640491578357562	0.0180339	0.00054
-0.0433	-0.0764	-0.1421	-0.0008342673824532895	0.0010576695267085637	-0.00023911010752322313	1.05577326	56.90683746	1.02060744	0.1506738438111682	0.0192737	0.00043
-0.0327	-0.1267	-0.1639	-0.0007888888219014368	0.0009302604913129776	-0.00012217304763960306	1.01335251	54.62033463	0.9890511	0.09718623279155293	0.0179433	0.00029
-0.0215	-0.2131	-0.1882	-0.0005340707511102648	0.0008115781021773631	-2.4434609527920616e-05	1.01445651	54.67984009	0.99953528	0.14546194490192346	0.0160819	0.00034
-0.0188	-0.1628	-0.18	-0.0004921828490624009	0.0008011061266653974	-1.7453292519943294e-06	0.99424255	53.59029388	0.97631458	0.06495245789178782	0.0162577	0.00029
-0.0225	-0.0656	-0.1391	-0.000598647933434055	0.0007243116395776468	-0.00011170107212763708	1.04194558	56.16151428	1.01550308	0.15646076571675235	0.0184184	0.00028
-0.0174	-0.0769	-0.1545	-0.0004747295565424576	0.0006771877497737998	5.585053606381854e-05	0.98881018	53.29748535	0.98590194	0.04872969374434499	0.0181707	0.00031
-0.0213	-0.2335	-0.1954	-0.0001308996938995747	0.0007871434926494425	0.00012740903539558605	1.08706307	58.59337997	1.05265348	0.22766720524251463	0.0156779	0.00039
-0.0303	-0.2215	-0.1877	-0.00035430183815484887	0.0008604473212332044	-1.3962634015954635e-05	0.96769887	52.1595726	0.9639941	0.05060388211252882	0.0157267	0.00033
-0.0334	-0.124	-0.1486	-0.00038571776469074686	0.0008517206749732328	-0.00015533430342749534	1.05176413	56.69074249	1.01059895	0.14877571211037052	0.0167318	0.00032
-0.0342	-0.0737	-0.1436	-0.0003682644721708035	0.0009145525280450286	-0.00017453292519943296	1.00579011	54.21271133	0.99702974	0.06107418836818384	0.0174847	0.00032
-0.0338	-0.2204	-0.1857	-0.00013962634015954637	0.0010210176124166828	-0.0001064650843716541	1.06792128	57.56162262	1.04570097	0.2093585528605345	0.0152022	0.0004
-0.0294	-0.1919	-0.1779	-0.00017104226669544429	0.0009145525280450286	-3.665191429188092e-05	0.97530425	52.5695076	0.96850479	0.05108470904936629	0.0160218	0.00042
-0.0338	-0.0583	-0.1597	-0.0003001966313430247	0.0009197885158010115	-0.00017976891295541595	1.05657589	56.95009613	1.03268244	0.17007536755335487	0.0179984	0.00041
-0.0358	-0.1362	-0.1892	-0.00017976891295541595	0.0010524335389525807	-0.00017976891295541595	0.99906188	53.85005951	1.00349257	0.12205363707695888	0.0158339	0.00034
-0.0316	-0.2479	-0.2219	-2.4434609527920616e-05	0.0010140362954087054	-3.839724354387525e-05	1.03204644	55.62794495	1.02902397	0.16535516081914556	0.0157681	0.00055
-0.0316	-0.2119	-0.2208	0.000153588974175501	0.0010402162341886204	-2.792526803190927e-05	0.9647699	52.00169754	0.96200121	0.047833774899765126	0.0154903	0.00041
-0.0335	-0.1175	-0.1781	-3.490658503988659e-05	0.0009861110273767962	-9.075712110370512e-05	1.05431283	56.82811737	1.02191921	0.1542716309549504	0.0160279	0.00023
-0.035	-0.1169	-0.1944	-3.665191429188092e-05	0.0010192722831646884	-0.00010471975511965978	0.9981308	53.79987335	0.9884398	0.02084346095279204	0.0163181	0.00024
-0.0349	-0.2446	-0.2217	0.0002129301687433082	0.0010786134777324957	-6.806784082777885e-05	1.05122995	56.66194916	1.02872539	0.1723787595947439	0.0143405	0.00044
-0.0223	-0.188	-0.2059	0.00024609142453120044	0.001069886831472524	-7.155849933176751e-05	1.00651002	54.25151825	0.98443187	0.08726892802759265	0.0142748	0.00021
-0.025	-0.0691	-0.1432	-0.0001012290966156711	0.0011484266478122688	-0.00019547687622336493	1.07298744	57.83469009	1.04225967	0.21178893571891072	0.0164027	0.00013
-0.0294	-0.0892	-0.1205	-0.0002024581932313422	0.001186823891356144	-0.0003385938748868999	1.00523937	54.18302917	0.97500846	0.06133716694115408	0.016234	0.00017
-0.0238	-0.2443	-0.1746	1.9198621771937625e-05	0.0012461650859239514	-0.00021118483949131387	1.1048131	59.55011749	1.06221242	0.23522035224833365	0.0139878	0.0002
-0.0207	-0.268	-0.2233	0.00034033920413889426	0.0013002702927357754	-0.00016929693744344995	1.01903832	54.92679977	0.99537071	0.09635668456133224	0.0137082	0.0003
-0.024	-0.1308	-0.1742	9.773843811168246e-05	0.0013142329267517303	-0.00026878070480712676	1.10105097	59.34733582	1.04373233	0.20740235837034215	0.0147832	0.00013
-0.0254	-0.1322	-0.2036	-1.5707963267948964e-05	0.0013386675362796509	-0.00024085543677521747	0.9985078	53.82019424	0.98994138	0.04049031394697309	0.0151818	0.00021
-0.0223	-0.2647	-0.222	0.00028099800957108706	0.0013002702927357754	-0.0001972222054753592	1.0625304	57.2710495	1.03040548	0.17293682238413846	0.0135033	0.00026
-0.0219	-0.1933	-0.2034	0.0003298672286269283	0.001322959573011702	-0.00021467549799530252	0.99868643	53.82982254	0.98078354	0.09485058959258555	0.0137711	0.00013
-0.0208	-0.0701	-0.1607	0.00010821041362364843	0.0012793263417118436	-0.00024609142453120044	1.06976473	57.66098785	1.03704494	0.18183529864195175	0.0156665	0.00015
-0.0198	-0.1371	-0.2153	0.0003700098014227979	0.001322959573011702	-0.00021467549799530252	1.02619648	55.3126297	1.01032901	0.13944242728174525	0.0140176	0.00016
-0.0219	-0.2393	-0.2076	0.0006213372137099814	0.00152367243699105	-0.00014486232791552936	1.04702234	56.43515396	1.02596618	0.13809267231731523	0.0132536	0.00023
-0.0223	-0.1164	-0.1653	0.0026022859147235454	0.0022148228207808044	-0.0003787364476827695	1.18442941	63.84148407	1.14137804	0.310898660228528	0.0129194	8e-05
-0.0183	-0.0639	-0.1342	0.004794419455228423	0.0030647981665020423	-0.0007749261878854823	1.14279962	61.59761429	1.54385662	0.2595149313214414	0.0163673	0.00142
-0.0201	-0.2449	-0.1463	0.004244640740850209	0.003152064629101759	-0.0006335545184739417	1.13387144	61.11637878	1.52136055	0.23382084231947356	0.0121158	0.00049
-0.0042	-0.2876	-0.1488	0.0033597588100890844	0.0022951079663725434	-0.00035081117965086024	1.00045609	53.92520523	0.99508181	0.16232909661567108	0.010883	0.00012
-0.0012	-0.19	-0.085	0.0023439771854283846	0.0019896753472735357	-0.00043458698374658803	1.07447255	57.9147377	1.05673862	0.2346495023927717	0.0130789	0.00014
-0.0022	-0.0505	-0.0088	0.0018238690683340744	0.0019512781037296606	-0.0004206243497306334	1.12040126	60.39032364	1.10495066	0.245323399732707	0.0181894	0.00061
0.0033	-0.0297	0.104	0.0019408061282176943	0.0018151424220741027	-0.00021467549799530252	1.10353661	59.4813118	1.23565523	0.16205107966372545	0.0263794	0.00421
0.0055	-0.0488	0.2694	0.00285012266850674	0.002139773662945048	-0.00022340214425527416	1.22535503	66.04740143	1.6329096	0.24883372137099807	0.0411382	0.02887
0.0068	-0.1405	0.2995	0.0031468286413457764	0.0022549653935766737	-0.00017627825445142725	1.03211033	55.63139343	1.0505426	0.14605107966372546	0.0436596	0.03476
0.0129	-0.48	0.2451	0.003274237676741362	0.0021938788697568722	-0.00016406094968746698	1.41140866	76.07580566	1.95429083	0.4100356431989673	0.0386363	0.02775
0.0161	-0.4798	0.2105	0.0028623399732707008	0.002087413785385218	2.96705972839036e-05	1.04412591	56.27903748	1.14742836	0.0736047167406843	0.0344538	0.02077
0.0233	-0.3838	0.13	0.0028274333882308137	0.001973967384005587	5.93411945678072e-05	1.1018641	59.39116287	1.1105971	0.1926011791851711	0.0251814	0.00817
0.0217	-0.2188	0.0623	0.003214896482173555	0.0019355701404617114	2.4434609527920616e-05	1.14636564	61.78982162	1.12766667	0.2573383461263251	0.0204601	0.00244
0.0145	-0.107	0.0129	0.003530801076784529	0.0019861846887695473	-0.00013962634015954637	1.07343221	57.85866547	1.23907375	0.1949290046303138	0.0193956	0.0017
0.0153	-0.0451	-0.1349	0.0032166418114255493	0.001637118838370681	5.585053606381854e-05	1.21688998	65.59112549	1.38018814	0.25343509959906046	0.0167089	0.0005
0.0193	-0.042	-0.1602	0.002806489437206882	0.0014433872913993105	0.00014660765716752367	1.0288291	55.45452881	1.0294832	0.06713205211468716	0.0163205	0.00025
0.0128	0.0017	-0.155	0.0025202554398798117	0.0015603243512829306	7.853981633974481e-05	0.97698456	52.66007614	1.14981324	0.07896194490192346	0.017661	0.00031
0.0093	-0.1572	-0.1827	0.002567379329683659	0.0016598081186466073	0.0001658062789394613	1.07838964	58.12587357	1.20755415	0.20179370598836205	0.013132	0.00011
0.0078	-0.1815	-0.1875	0.001858775653373961	0.0016545721308906245	0.00010821041362364843	0.96695429	52.11943817	0.96804996	0.06917177646907469	0.0137862	0.00018
0.0108	-0.2539	-0.19	0.0018832102629018814	0.0016109388995907662	0.00018500490071139895	0.96054876	51.77417755	0.96407142	0.08514311639577649	0.0138606	0.00017
0.0089	-0.2535	-0.1519	0.0015481070465189703	0.001583013631558857	9.42477796076938e-05	1.00676036	54.26501083	0.99637986	0.06308928027592628	0.0138532	0.00028
0.0092	-0.2079	-0.1485	0.0014189526818713899	0.001467821900927231	6.108652381980153e-05	1.01439238	54.67638397	1.0000199	0.06317536755335494	0.014555	0.00025
0.0109	-0.3057	-0.1628	0.001500983156715123	0.0015166911199830724	7.330382858376184e-05	1.03552973	55.81569672	1.01245234	0.1209558499331768	0.0139801	0.00035
0.0153	-0.2267	-0.1523	0.001621410875102732	0.0014643312424232424	0.0001308996938995747	0.9962551	53.69877243	0.98578948	0.1054191730631626	0.0143837	0.00029
0.0168	-0.1577	-0.1346	0.0016772614111665507	0.001450368608407288	6.283185307179586e-05	1.00033176	53.91850281	0.9890244	0.0950940505453776	0.01565	0.00047
0.0107	-0.0529	-0.111	0.0013910274138394805	0.001500983156715123	-8.901179185171081e-05	1.03196228	55.62341309	1.01441912	0.1589346095279206	0.0194475	0.00065
0.0119	-0.1801	-0.14	0.0014887658519511632	0.0015271630954950383	-1.7453292519943294e-06	1.0407176	56.09532547	1.01720592	0.16795924197456577	0.016207	0.00041
0.0157	-0.1705	-0.133	0.0015446163880149814	0.0015114551322270892	5.759586531581287e-05	0.94479996	50.92530823	0.94747428	0.02694498469497873	0.0169461	0.00041
0.0172	-0.1193	-0.1207	0.0014870205226991688	0.001500983156715123	2.4434609527920616e-05	0.94389015	50.87626648	0.95319517	0.07006145483078356	0.0174346	0.00055
0.0165	-0.1343	-0.1318	0.0013962634015954637	0.0015323990832510211	2.094395102393195e-05	0.9358052	50.44048309	0.94805389	0.03308318530717959	0.016677	0.00046
0.0192	-0.2284	-0.1412	0.0015969762655748114	0.0015341444125030156	0.0001012290966156711	0.97112978	52.3445015	0.97321183	0.12033716694115404	0.0152605	0.00044
0.0198	-0.2071	-0.1369	0.0015690509975429022	0.001556833692778942	0.00011693705988362007	0.91622496	49.3850975	0.9346483	0.02951612557878921	0.0146044	0.00031
0.0216	-0.1476	-0.1304	0.0013334315485236678	0.0015917402778188286	0.0001012290966156711	0.94561565	50.96927261	0.9562815	0.0821116998663535	0.0154313	0.00029
0.0289	-0.2532	-0.1714	0.0015393804002589986	0.001647590813882647	0.000296705972839036	0.9880749	53.25785446	0.98577792	0.1767638132011257	0.0142187	0.00022
0.0282	-0.2127	-0.1755	0.0016615534478986017	0.001656317460142619	0.0003385938748868999	0.91806006	49.48400879	0.93567362	0.05393937979737192	0.0134671	0.00014
0.0292	-0.1422	-0.1586	0.0015376350710070042	0.00152367243699105	0.0002705260340591211	0.93992412	50.66249466	0.95088996	0.10463156204354727	0.0143353	0.00012
0.0271	-0.1458	-0.1657	0.001452113937659282	0.001556833692778942	0.0002897246558310587	0.92608672	49.91665268	0.96352004	0.019694050545377612	0.014119	0.00011
0.0271	-0.1986	-0.164	0.0016231562043547262	0.0015376350710070042	0.0003001966313430247	0.93507361	50.40105057	0.96907779	0.06453564319896736	0.0132139	8e-05
0.0277	-0.0782	-0.0734	0.0015166911199830724	0.0013456488532876281	0.0002303834612632515	1.09180808	58.84913635	1.06660315	0.23001322360854012	0.0159922	0.0002
0.0175	-0.0197	-0.0392	0.0017156586547104257	0.001583013631558857	0.00016406094968746698	1.01980388	54.96806335	1.14111116	0.12803274122871836	0.0191193	0.00028
0.0183	-0.1944	-0.1131	0.004675737066092809	0.0010768681484805013	0.0002129301687433082	1.34145868	72.30545807	1.28637471	0.42515465567582905	0.015026	0.00071
0.0521	-0.2827	-0.2036	0.006185446869067903	0.0005515240436302081	0.000460766922526503	1.26669455	68.27562714	1.2163243	0.3267445330804291	0.0133768	0.00057
0.0374	-0.2794	-0.2136	0.006415830330331155	0.0008621926504851988	0.0004328416544945937	1.04249179	56.19095993	1.03256312	0.05644886680750759	0.0110461	5e-05
0.0225	-0.3348	-0.2855	0.006944665093685436	0.0010367255756846318	0.00047647488579445195	1.0171777	54.82651138	1.01230599	0.17955004599267863	0.0119971	0.0001
0.0309	-0.2486	-0.3271	0.008496262798708396	0.0009512044423369096	0.0003054326190990077	1.08062458	58.24633789	1.14962692	0.22660805525330632	0.0145757	0.00054
0.0388	-0.1756	-0.3226	0.007958701389094143	0.000804596785169386	0.0004485496177625427	1.06003129	57.13634491	1.16124245	0.12676430327226557	0.0136538	0.00024
0.0269	-0.1141	-0.2828	0.007134905982152819	0.0010157816246606998	0.000445058959258554	1.00623035	54.23644257	1.2201901	0.16512354524683134	0.0131762	0.00028
0.0269	-0.0893	-0.2709	0.006784094802501958	0.0007906341511534313	0.0005393067388662478	0.92883027	50.06452942	0.9630822	0.07021032163829115	0.0137973	0.00024
0.0263	-0.0709	-0.2198	0.005190609195431136	0.0008517206749732328	0.0004677482395344803	1.13250947	61.04296875	1.05120671	0.15640653151111952	0.0132017	0.00064
0.0286	-0.0431	-0.1839	0.00401076662108297	0.0010210176124166828	0.0003787364476827695	1.08693135	58.58627701	1.09496472	0.13790756518216635	0.0135468	0.00024
0.0259	-0.2632	-0.2267	0.0038851029149393774	0.0012217304763960308	0.0003647738136668148	1.18577814	63.91418076	1.13065672	0.2826169602069447	0.00971812	8e-05
0.0259	-0.292	-0.2245	0.0038100537571036214	0.00124965574442794	0.00028274333882308137	0.95945185	51.71505356	0.95671984	0.040250245035569926	0.00938791	5e-05
0.0241	-0.1992	-0.1544	0.003178244567881674	0.0011274826967883368	0.00018675022996339323	1.01552463	54.7374115	1.00247132	0.20719876728606196	0.0100042	3e-05
0.0185	-0.1742	-0.1348	0.0030752701420140084	0.001165879940332212	0.00012042771838760874	0.97265953	52.42695618	1.01025972	0.06058470904936628	0.0109944	5e-05
0.0207	-0.3579	-0.1851	0.003337069529813158	0.0012025318546240932	0.00018151424220741024	1.0930959	58.91854858	1.08854782	0.2541768912955416	0.0100012	5e-05
0.0267	-0.3067	-0.1817	0.0034033920413889425	0.0010611601852125523	0.00023387411976724014	0.93066502	50.16342545	0.9443562	0.0736027029273578	0.00941241	3e-05
0.0229	-0.171	-0.125	0.0029164451800825246	0.0011798425743481666	8.203047484373349e-05	1.04565585	56.3615036	1.02501132	0.23407364476827688	0.0114333	6e-05
0.0197	-0.0757	-0.1081	0.002722713633111154	0.0012671090369478833	5.235987755982988e-06	1.01490641	54.70409012	1.00710657	0.1332896248329419	0.0133557	0.00011
0.0232	-0.2284	-0.1607	0.0031049407392979124	0.0011746065865921838	0.00015707963267948963	1.0520637	56.70688629	1.0266547	0.24012866007329825	0.00940204	1e-05
0.0266	-0.2182	-0.1668	0.003223623128433527	0.0011379546723003027	0.0002129301687433082	0.9648717	52.00718689	0.96559007	0.030259241974565688	0.00977343	4e-05
0.0247	-0.1696	-0.1647	0.00301941960595019	0.0011082840750163993	0.00018675022996339323	0.99233013	53.48721313	0.97626231	0.06560270292735776	0.01134	4e-05
0.019	-0.0751	-0.1244	0.0026092672317315226	0.0010419615634406148	6.981317007977319e-05	1.04327023	56.23291779	1.01770643	0.1701705972839036	0.0126961	6e-05
0.0232	-0.2269	-0.1833	0.0029181905093345183	0.0007993607974134029	2.4434609527920616e-05	1.10078573	59.33303452	1.05353875	0.24474513020910296	0.00860965	3e-05
0.0216	-0.2987	-0.1875	0.002975786374650332	0.0007295476273336296	-1.7453292519943294e-06	0.99455988	53.60739899	0.98215027	0.0852794487087751	0.00885832	3e-05
0.0227	-0.2307	-0.1716	0.0028658306317746896	0.0007941248096574199	-4.537856055185256e-05	0.98017949	52.83228683	0.97409775	0.09590830782496458	0.00928408	2e-05
0.0136	-0.1429	-0.1215	0.0025586526834236872	0.0008674286382411819	-0.0002007128639793479	1.04216111	56.17313385	1.03648909	0.17379080401811295	0.0114657	3e-05
0.0155	-0.2611	-0.1627	0.002665117767795341	0.0009180431865490173	-8.552113334772214e-05	1.03666723	55.87701035	1.04205685	0.17491356816555576	0.00916862	2e-05
0.0177	-0.2666	-0.1759	0.002834414705238791	0.0009581857593448868	-8.726646259971648e-06	0.97253406	52.42019272	0.96612603	0.03521169986635349	0.00896573	2e-05
0.0188	-0.1943	-0.1536	0.002647664475275398	0.0008988445647770796	1.7453292519943294e-06	1.01486921	54.70208359	0.99093093	0.1085281700021583	0.0104565	4e-05
0.0132	-0.0806	-0.125	0.0023527038316883565	0.0008709192967451704	-0.00015009831567151235	1.05636275	56.93861008	1.02927904	0.17163647782712285	0.012394	5e-05
0.0173	-0.2203	-0.1708	0.0027384215963791032	0.0009389871375729493	-2.4434609527920616e-05	1.06664419	57.49278641	1.03413908	0.21857246558310583	0.00884217	3e-05
0.0206	-0.2769	-0.1737	0.0029146998508305304	0.0009773843811168245	5.93411945678072e-05	0.98290205	52.97903442	0.97230761	0.07772256510455147	0.00891542	4e-05
0.0191	-0.2146	-0.1581	0.0028396506929947744	0.0008779006137531476	-3.141592653589793e-05	0.96891385	52.22505951	0.96220956	0.09266450231515687	0.00911635	1e-05
0.019	-0.1288	-0.1233	0.002570869988187647	0.0007766715171374765	-0.00010471975511965978	1.0208317	55.0234642	1.01838412	0.142865681500328	0.0117795	8e-05
0.0213	-0.2646	-0.1767	0.0029443704481144336	0.0008674286382411819	4.886921905584123e-05	1.08548331	58.50822449	1.06340576	0.2223923277602996	0.0102302	0.00012
0.024	-0.2683	-0.1739	0.0030316369107141502	0.0008639379797371932	5.93411945678072e-05	0.98384619	53.02992249	1.04763307	0.014261454830783542	0.00959706	4e-05
0.0236	-0.1914	-0.1322	0.002698279023583233	0.0008272860654453122	-4.886921905584123e-05	1.01346576	54.62643814	1.00773535	0.1429110107523223	0.00971794	2e-05
0.0084	-0.1391	-0.1417	0.002780309498426967	0.0009285151620609833	-0.0001675516081914556	1.00305772	54.0654335	1.00880747	0.09209709802975095	0.0108348	6e-05
0.0006	-0.2714	-0.1752	0.0032166418114255493	0.0010402162341886204	-0.0001239183768915974	1.06874895	57.60623169	1.03171726	0.20318333082130385	0.00918257	2e-05
0.0048	-0.2506	-0.1681	0.003309144261781249	0.0009878563566287904	-8.901179185171081e-05	0.96677834	52.10995483	0.96150472	0.04108844564777079	0.00868481	3e-05
0.0052	-0.1873	-0.1402	0.003178244567881674	0.0010332349171806431	-0.00011519173063162575	1.01500249	54.70926666	0.97820854	0.10172290966156712	0.0101388	7e-05
0.0047	-0.1749	-0.148	0.0031363566658338103	0.0010995574287564276	-0.00013439035240356338	0.99358839	53.55503464	0.98035771	0.027070451769779295	0.00983208	7e-05
0.0082	-0.2344	-0.1642	0.0034243359924128747	0.0011536626355682519	-6.283185307179586e-05	0.99488878	53.62512589	0.9802186	0.09988215163613283	0.00911987	6e-05
0.0105	-0.2119	-0.1621	0.003467969223712733	0.0011274826967883368	-2.96705972839036e-05	0.97843075	52.73802567	0.96566753	0.03204872129338328	0.00933826	4e-05
0.0111	-0.1748	-0.148	0.0033911747366249826	0.0011100294042683937	-2.094395102393195e-05	0.98972851	53.34698486	0.99289856	0.05694872129338325	0.0101381	4e-05
0.0107	-0.1233	-0.1255	0.003145083312093782	0.0010681415022205296	-2.792526803190927e-05	0.99163425	53.44970322	1.00013012	0.08914803217935209	0.0110667	5e-05
0.0104	-0.2409	-0.1643	0.003478441199224699	0.0011519173063162574	2.4434609527920616e-05	1.02864492	55.44459915	1.00639238	0.1801746784393237	0.0102114	4e-05
0.0111	-0.2554	-0.1668	0.003600614246864302	0.0011990411961201044	5.4105206811824215e-05	0.96154314	51.82777405	0.96250813	0.027648376736367688	0.00924706	2e-05
0.0079	-0.208	-0.1487	0.0033946653951289706	0.001192059879112127	1.7453292519943296e-05	0.99255395	53.49927521	0.98134439	0.08117910415175952	0.0101225	1e-05
0.0077	-0.1778	-0.1437	0.0032515483964654355	0.0011571532940722405	5.235987755982988e-06	0.98813075	53.26086426	0.97910513	0.044912044423369074	0.00964367	2e-05
0.0092	-0.2635	-0.1682	0.0034644785652087444	0.0012356931104119853	8.552113334772214e-05	1.0039829	54.11530685	0.99187885	0.13028775653373964	0.00969434	3e-05
0.0134	-0.2417	-0.1682	0.003581415625092364	0.0012409290981679683	0.00011170107212763708	0.96755487	52.15180969	0.96411207	0.033417649320975885	0.00903702	5e-05
0.0122	-0.1886	-0.1498	0.003427826650916863	0.0012130038301360591	6.806784082777885e-05	0.97452259	52.52737427	0.97265889	0.08395737367536342	0.0114792	3e-05
0.0076	-0.1621	-0.155	0.0033807027611130165	0.0013177235852557187	5.759586531581287e-05	0.96792382	52.17169571	0.96341738	0.04441578102177362	0.0100114	3e-05
0.0051	-0.2474	-0.1776	0.003532546406036523	0.0013840460968315032	7.504915783575618e-05	0.98808992	53.25866318	0.98170905	0.12218097245096177	0.00904971	5e-05
0.0145	-0.1821	-0.1225	0.0029740410453983376	0.001223475805648025	7.330382858376184e-05	1.00756073	54.30815125	1.0083856	0.1658410490536829	0.0109023	8e-05
0.0148	-0.0852	-0.0911	0.002621484536495483	0.0012688543661998775	2.792526803190927e-05	1.01090562	54.48844528	1.01309255	0.15076568150032799	0.0135925	0.0001
0.0176	-0.2502	-0.1069	0.0028815385950426383	0.0013543754995475996	2.094395102393195e-05	1.05432796	56.82893372	1.03196479	0.20122782544514273	0.0110155	6e-05
0.0202	-0.3428	-0.1605	0.0033562681515850955	0.0014154620233674013	7.504915783575618e-05	1.00717211	54.28720474	0.9954531	0.17829606435870418	0.0112271	0.00014
0.0182	-0.2948	-0.1378	0.0032777283352453507	0.001403244718603441	1.0471975511965975e-05	1.01382947	54.64603806	0.99571977	0.08046671517137477	0.0106323	9e-05
0.0135	-0.1217	-0.0781	0.0026895523773232616	0.0013910274138394805	-0.00016231562043547262	1.12301576	60.53125	1.10374673	0.2761590429316744	0.0134733	0.00017
0.0134	-0.2493	-0.1156	0.0029688050576423546	0.0014364059743913332	-0.00013962634015954637	1.04474437	56.3123703	1.05060428	0.18256602605734357	0.0115113	9e-05
0.0145	-0.2901	-0.1381	0.003237585762449481	0.001500983156715123	-4.363323129985824e-05	0.98031998	52.83985901	0.97321677	0.08586754979953026	0.0099811	9e-05
0.0145	-0.2203	-0.1311	0.003239331091701475	0.001467821900927231	-0.0001012290966156711	0.98042822	52.84569168	0.96423778	0.081425122517785	0.0107215	4e-05
0.0087	-0.0998	-0.0608	0.002782054827678961	0.0014154620233674013	-0.0002513274122871834	1.09418285	58.97713852	1.28632718	0.2295867228626928	0.0150331	0.00019
0.0062	-0.1116	-0.0543	0.002717477645355171	0.001553343034274953	-0.0003106686068549907	0.99608237	53.68946075	1.07066367	0.03388996938995745	0.0148327	0.0002
0.0085	-0.2761	-0.1074	0.003223623128433527	0.001579522973054868	-0.00022165681500327985	1.10571802	59.59889221	1.07349221	0.25096686068549906	0.0111857	4e-05
0.007	-0.2873	-0.1275	0.0034766958699727043	0.0017086773377024485	-0.0002251474735072685	0.98238975	52.95141983	0.98673418	0.05208588823453732	0.0105911	7e-05
0.0035	-0.1911	-0.0628	0.0030752701420140084	0.001673770752662562	-0.00034557519189487725	1.06040263	57.15636063	1.03017565	0.1922380015693096	0.0133021	0.00015
0.0027	-0.1059	-0.0217	0.0026825710603152844	0.0016720254234105676	-0.00041538836197465044	1.03310621	55.68506622	1.01255064	0.15031287905152457	0.0165548	0.00035
0.0061	-0.2748	-0.0864	0.0032009338481576006	0.0017208946424664088	-0.0003473205211468716	1.11672485	60.19216537	1.07206078	0.26876499238629686	0.0123177	0.00011
0.0087	-0.3264	-0.1108	0.0033405601883171464	0.001726130630222392	-0.00027925268031909274	0.98674852	53.18635941	1.009509	0.0892465084371654	0.0118684	0.00012
0.0001	-0.1972	-0.0524	0.0026162485487395003	0.0019495327744776662	-0.0003647738136668148	1.10116839	59.3536644	1.08488741	0.24786174585903212	0.0151504	0.00033
-0.0056	-0.1131	-0.0353	0.0025481807079117207	0.0022410027595607188	-0.0003193952531149623	1.05149961	56.67648697	1.36374792	0.1271458193231342	0.0172465	0.00051
-0.0035	-0.2736	-0.0983	0.00277332818141899	0.0022113321622768156	-0.00033684854563490564	1.10074341	59.33075714	1.38900829	0.23921356816555575	0.0133072	0.00018
-0.0014	-0.2888	-0.1101	0.0030525808617380824	0.002129301687433082	-0.0003298672286269283	0.97485405	52.54524231	0.97456762	0.04751322360854017	0.0127482	0.00016
-0.006	-0.1862	-0.0495	0.002670353755551324	0.002054252529597326	-0.0005026548245743669	1.04375088	56.25882339	1.04769326	0.19930319299849764	0.0155281	0.00036
-0.0079	-0.1398	-0.0505	0.0026249751949994717	0.002045525883337354	-0.0005218534463463045	0.97898793	52.76805878	1.05458732	0.052965191429188097	0.0158995	0.00038
0.0055	-0.2992	-0.1272	0.002766346864411012	0.001621410875102732	-0.000312413936106985	1.10978496	59.81809998	1.23986089	0.28824630939427415	0.0120911	0.00014
0.002	-0.2898	-0.1118	0.002825688058978819	0.0018517943363659836	-0.00034557519189487725	0.95243454	51.33681488	0.96113604	0.04444429558094756	0.0130782	0.00015
-0.005	-0.1499	-0.0533	0.0024452062820440558	0.0018064157758141308	-0.0005131268000863328	1.09025133	58.76522446	1.1638084	0.2350705972839036	0.0153954	0.00034
0.0008	-0.2179	-0.1203	0.002782054827678961	0.0017366026057343581	-0.0003944444109507184	1.02613592	55.30936813	1.07247438	0.1670672052425146	0.0127046	0.00015
0.0076	-0.3201	-0.1399	0.002958333082130389	0.0016772614111665507	-0.0002722713633111154	1.03197312	55.62399292	1.02060671	0.14648962483294192	0.0120189	0.0001
0.0105	-0.2234	-0.1047	0.0027471482426390747	0.0015777776438028737	-0.00032637657012293966	1.04022574	56.06881332	1.00755962	0.15303869068334075	0.0128916	0.00021
0.007	-0.1143	-0.0735	0.0024120450262561633	0.001473057888683214	-0.00039793506945470715	1.05585468	56.91122437	1.0326562	0.1693690735417169	0.0146688	0.00019
0.0131	-0.2857	-0.131	0.002701769682087222	0.001446877949903299	-0.00021118483949131387	1.13086605	60.95438766	1.07746232	0.2601327412287183	0.0114448	6e-05
0.0159	-0.2672	-0.1328	0.0027942721324429216	0.0014416419621473165	-0.00019198621771937622	0.96272498	51.89147568	0.96113008	0.02894685299418101	0.0117737	0.00012
0.0099	-0.1928	-0.0802	0.002522000769131806	0.0013980087308474581	-0.000317649923862968	1.0095613	54.41598511	0.99903465	0.1550784150377283	0.0143628	0.00011
0.0054	-0.1534	-0.081	0.0024486969405480446	0.0014259339988793671	-0.0003595378259108319	1.01032066	54.45691299	1.02399963	0.05185584993317672	0.0136538	0.00011
0.0119	-0.2968	-0.1338	0.002450442269800039	0.0013788101090755204	-0.0001972222054753592	1.07206404	57.78491974	1.06839868	0.21325924197456567	0.0117251	9e-05
0.015	-0.2684	-0.1258	0.0025062928058638572	0.0014049900478554352	-0.00015533430342749534	0.98234546	52.94903183	0.97146025	0.04569591884457984	0.0122097	8e-05
0.0125	-0.19	-0.0959	0.0023911010752322315	0.0013945180723434693	-0.0002024581932313422	1.02294958	55.13761902	0.99853748	0.11943937979737194	0.0131777	7e-05
0.0084	-0.0887	-0.0607	0.002118829711921116	0.0013020156219877698	-0.000291469985083053	1.03668439	55.87793732	1.02088855	0.1632892802759263	0.0159253	8e-05
0.0107	-0.2778	-0.1118	0.0024853488548399255	0.0012758356832078548	-0.00020943951023931956	1.13260865	61.04830933	1.08316984	0.2662364778271229	0.0120176	8e-05
0.0161	-0.2921	-0.13	0.0026529004630313807	0.0012147491593880533	-9.948376736367679e-05	0.96323818	51.91913986	0.96307248	0.05482969374434501	0.0115986	3e-05
0.0134	-0.2084	-0.0891	0.0024033183799961914	0.0011623892818282235	-0.00023561944901923448	1.03190351	55.62023926	1.00344677	0.14920388211252883	0.0128705	0.0001
0.0103	-0.1693	-0.0911	0.0022060961745208325	0.0011641346110802177	-0.00027576202181510406	1.04931009	56.55846786	1.04367789	0.05615550537616113	0.0125415	0.0001
0.0146	-0.2877	-0.1407	0.002593559268463574	0.0011641346110802177	-0.00014137166941154068	1.058236	57.0395813	1.0466107	0.19839267231731525	0.0105537	3e-05
0.0179	-0.2554	-0.1306	0.002775073510670984	0.0011327186845443199	-0.00014660765716752367	0.99858612	53.8244133	0.98293296	0.05660830782496454	0.0113071	5e-05
0.0148	-0.1146	-0.0906	0.0024731315500759648	0.0010332349171806431	-0.00028274333882308137	1.08546638	58.50731659	1.04763612	0.21077807048071268	0.0138662	4e-05
0.0164	-0.2268	-0.1336	0.002584832622203602	0.0010454522219446034	-0.00017104226669544429	1.05568123	56.90187836	1.02712424	0.1685809724509617	0.0112864	3e-05
0.0005	-0.2483	-0.1428	0.002933898472602468	0.0011798425743481666	-0.00033335788713091696	0.9976579	53.77438354	0.99076594	0.07888859116189507	0.0112427	7e-05
-0.0048	-0.2005	-0.139	0.003312634920285238	0.0011641346110802177	-0.0003612831551628262	0.9785043	52.74199295	0.99859401	0.07801848394913137	0.0106761	4e-05
-0.0043	-0.1227	-0.0931	0.0031049407392979124	0.0010890854532444615	-0.0005044001538263612	1.01917458	54.93414307	1.01373878	0.14549301687433083	0.0126625	6e-05
0.0024	-0.2026	-0.1302	0.003152064629101759	0.001239183768915974	-0.0003822271061867582	1.01370931	54.6395607	1.00218078	0.13966976265574813	0.00975889	4e-05
0.0084	-0.32	-0.1466	0.003337069529813158	0.0012007865253720988	-0.00029845130209103034	1.01292288	54.5971756	1.00503124	0.15515889741755007	0.00914443	5e-05
0.0081	-0.2248	-0.1086	0.0030368728984701333	0.001155407964820246	-0.0003700098014227979	1.03124166	55.58456802	1.01229596	0.15435668456133225	0.0107311	7e-05
0.0068	-0.1522	-0.1102	0.0029530970943744054	0.0011135200627723821	-0.0003682644721708035	1.0188421	54.91622162	1.0153303	0.08187045176977929	0.0109887	3e-05
0.0098	-0.3148	-0.1469	0.003316125578789226	0.0011728612573401894	-0.00026878070480712676	1.09137964	58.82604599	1.05310265	0.22839267231731525	0.00930458	5e-05
0.0104	-0.222	-0.1147	0.0031834805556376572	0.0011536626355682519	-0.00034906585039886593	1.02105296	55.03539276	0.99389648	0.1372064395257623	0.0104637	4e-05
0.0049	-0.0999	-0.0292	0.0026563911215353696	0.0011397000015522971	-0.0005340707511102648	1.09840047	59.20446777	1.18154598	0.24940284844148203	0.0153767	0.00024
0.0088	-0.0715	0.0237	0.0038222710618675813	0.0006579891280018621	-0.000486946861306418	1.08682311	58.58044434	1.09187137	0.16993573518432467	0.0201752	0.00153
0.0115	-0.1635	0.0666	0.005394812717914472	0.00023561944901923448	-0.00022340214425527416	1.10566294	59.59592438	1.31004159	0.2505228026040331	0.0237006	0.00761
0.0146	-0.2636	0.0946	0.00596204472481263	-0.00023212879051524583	-2.4434609527920616e-05	1.01930594	54.94122314	1.02099488	0.19289738905799952	0.0271928	0.01088
0.0224	-0.458	0.0652	0.005677556056737554	-0.0006265732014659643	4.363323129985824e-05	1.12393284	60.58068085	1.36509479	0.2689500459926787	0.0248622	0.00811
0.029	-0.4861	0.0742	0.0056758107274855595	-0.0007941248096574199	0.00020420352248333657	1.07339752	57.85679245	1.12663872	0.0601933614313464	0.0254284	0.00966
0.0282	-0.4043	0.0862	0.0038693949516714287	-0.000900589894029074	0.0002495820830351891	1.12148798	60.44890213	1.0905292	0.19251297103688184	0.0219467	0.00474
0.0253	-0.3196	-0.0281	0.0025603980126756814	-0.0011728612573401894	7.67944870877505e-05	1.23423564	66.52606964	1.20275018	0.28960279491271507	0.0143391	0.00057
0.0049	-0.2735	-0.1729	0.0019669860669976093	-0.0012060225131280816	-1.7453292519943294e-06	1.27152252	68.53585815	1.23332862	0.24655565089028544	0.00995696	9e-05
0.0011	-0.1074	-0.1561	0.0015760323145508795	-0.0010995574287564276	-5.061454830783555e-05	1.11922109	60.32671356	1.06829318	0.21401440279371128	0.012414	8e-05
0.0038	-0.046	-0.1093	0.0007958701389094143	-0.0012060225131280816	-0.000148352986419518	1.03746021	55.91975403	1.01099528	0.16011828490624008	0.0149693	0.00014
0.0069	-0.0132	-0.1133	0.00039968039870670147	-0.0013753194505715315	-5.235987755982989e-05	1.00410998	54.12215424	0.99298369	0.07297398932529253	0.0170592	0.00022
0.0117	-0.2027	-0.1862	0.00032637657012293966	-0.0015463617172669759	0.0001256637061435917	1.16345227	62.71080399	1.11076352	0.28831848394913134	0.013161	5e-05
0.0114	-0.2435	-0.1804	5.235987755982988e-06	-0.0015865042900628454	0.00012042771838760874	1.00008869	53.90540314	1.00806741	0.06522595714594046	0.0136317	0.00012
0.0074	-0.2827	-0.1884	0.0005323254218582705	-0.0015166911199830724	-2.094395102393195e-05	1.04732454	56.45144653	1.0264865	0.08811371367968009	0.0146958	0.00027
0.0172	-0.3299	-0.258	0.0029408797896104456	-0.002150245638457014	-5.93411945678072e-05	1.18359303	63.79640198	1.13974982	0.2806253064884996	0.0118217	0.00016
0.0123	-0.3341	-0.238	0.0028379053637427798	-0.001933824811209717	-0.00010297442586766544	1.00028718	53.91609955	0.99669555	0.04725142422074106	0.0100157	5e-05
0.0128	-0.3262	-0.2113	0.0021746802479849347	-0.0017941984710501708	-5.4105206811824215e-05	0.96841758	52.19831085	0.9722829	0.07768603374866163	0.010712	5e-05
0.0105	-0.2065	-0.1689	0.001609193570338772	-0.0018500490071139892	-0.00015184364492350666	1.06408513	57.35485077	1.02996825	0.2003537825910832	0.0118448	6e-05
0.0129	-0.2622	-0.1984	0.0013927727430914749	-0.0017872171540421933	-3.665191429188092e-05	1.01541126	54.73130035	0.994945	0.10732222054753592	0.0125734	0.00019
0.0154	-0.3016	-0.2026	0.0014486232791552935	-0.001759291886010284	-4.537856055185256e-05	0.98096848	52.87481308	0.97385022	0.05072512251778498	0.0120195	0.00015
0.0159	-0.1996	-0.1748	0.001228711793404008	-0.0017558012275062952	-0.00011170107212763708	1.03313839	55.68680573	1.00460663	0.14478623279155292	0.0136389	0.00015
0.0156	-0.1384	-0.1565	0.0009930923443847736	-0.001726130630222392	-0.00012740903539558605	0.99844825	53.81698227	0.98457113	0.09384990047855432	0.0146374	0.00011
0.016	-0.2613	-0.2035	0.0013788101090755204	-0.0016458454846306526	3.4906585039886588e-06	1.05131531	56.66654968	1.02254659	0.20014513020910296	0.0124138	0.00011
0.0151	-0.2661	-0.2288	0.0017767451785302276	-0.0015358897417550098	9.250245035569947e-05	0.97917801	52.77830505	0.97023476	0.060845130209103086	0.0105979	4e-05
0.012	-0.2381	-0.2002	0.0017523105690023068	-0.001429424657383356	-3.316125578789226e-05	0.99115354	53.42379379	0.98387025	0.0725281700021583	0.0104938	4e-05
0.0072	-0.089	-0.0771	0.001085594794740473	-0.0013404128655316449	-0.00016929693744344995	1.17230618	63.18803406	1.14069555	0.32159316238845514	0.0153465	0.00014
0.0073	-0.1154	0.0023	0.001001818990644745	-0.0010733774899765126	-0.00012217304763960306	1.01155651	54.52352905	1.03246805	0.12579675347273536	0.0188928	0.00062
0.0116	-0.22	0.0744	0.0011955505376161158	-0.0010349802464326373	-7.504915783575618e-05	1.03218424	55.63537598	1.21781754	0.19496263401595465	0.0226219	0.00344
0.0165	-0.3925	0.0421	0.001593485607070823	-0.0012426744274199627	-8.028514559173915e-05	1.08561373	58.51525879	1.24682897	0.2402432619099008	0.0207919	0.00421
0.0206	-0.5373	0.0178	0.0017680185322702558	-0.0013212142437597075	-6.9813170079773176e-06	1.0567106	56.95736313	1.03913977	0.18951882850614693	0.021141	0.00561
0.0258	-0.4474	0.0097	0.0022898719786165604	-0.001329940890019679	3.4906585039886588e-06	1.01727796	54.83191299	1.00773591	0.13025260340591208	0.0173755	0.00254
0.0263	-0.3193	-0.047	0.002441715623540067	-0.001450368608407288	1.7453292519943296e-05	1.07845163	58.12921524	1.06062174	0.1996116998663536	0.0124018	0.00031
0.0147	-0.2406	-0.0685	0.0011397000015522971	-0.001820378409830086	-7.504915783575618e-05	1.11518145	60.10897827	1.09642975	0.2000263936883133	0.0128549	0.00037
0.0099	-0.0764	0.0078	0.0011990411961201044	-0.0013072516097437528	-0.0003106686068549907	1.16517389	62.80360031	1.11508847	0.2857043721836688	0.0173277	0.00034
0.0065	-0.0156	0.0244	0.0009354964790689606	-0.0012095131716320703	-0.00046425758103049166	1.00554466	54.19948578	1.0313337	0.10654360646691637	0.019959	0.00042
0.0119	-0.0884	-0.0638	0.0008482300164692441	-0.0016074482410867775	-0.00030368728984701333	1.07759213	58.08288574	1.09566223	0.1986885911618951	0.0147867	0.00018
0.014	-0.265	-0.1094	0.0007766715171374765	-0.001706932008450454	-0.00014137166941154068	1.13155484	60.99150848	1.08438638	0.24096789435654584	0.0122012	6e-05
0.0146	-0.2623	-0.1187	0.0005480333851262194	-0.0018413223608540175	-0.00010471975511965978	0.9699266	52.27964783	0.96304513	0.032584019935335114	0.0129231	0.00013
0.0163	-0.2764	-0.1006	0.00039269908169872416	-0.002012364627549462	-0.00011344640137963142	0.99528587	53.64653015	0.97498111	0.050655160819145575	0.0137684	0.00026
0.0128	-0.3267	-0.1122	0.0004904375198104066	-0.0019181168479417679	-9.948376736367679e-05	1.00516474	54.17900467	0.98696542	0.07569744258676657	0.0138842	0.00029
0.0154	-0.381	-0.1084	0.0005881759579220891	-0.0018483036778619948	-2.268928027592628e-05	1.02840829	55.43185043	0.99892602	0.0729173047639603	0.0148304	0.00047
0.0176	-0.3166	-0.1012	0.000609119908946021	-0.0018046704465621369	-6.45771823237902e-05	1.01631761	54.78015518	0.99934892	0.07912325421858268	0.0145384	0.00047
0.0173	-0.2525	-0.0876	0.0003647738136668148	-0.0017715091907742446	-0.0001186823891356144	1.00833893	54.35009384	0.99134631	0.09458062789394611	0.0153862	0.00033
0.0192	-0.2868	-0.1161	0.00045902159327450867	-0.0017697638615222502	-4.886921905584123e-05	1.01230204	54.56370926	0.9862722	0.07299031394697307	0.0150419	0.00028
0.0226	-0.2394	-0.1103	0.0005881759579220891	-0.0016493361431346415	1.5707963267948964e-05	0.99809569	53.79798126	0.98041914	0.07230796326794897	0.015069	0.0004
0.0227	-0.1911	-0.1088	0.0006335545184739417	-0.0015760323145508795	-1.5707963267948964e-05	1.01650906	54.79047394	0.98855858	0.05740491578357564	0.0164353	0.00029
0.0191	-0.1581	-0.0901	0.000466002910282486	-0.0015481070465189703	-7.504915783575618e-05	1.01791	54.86598587	0.99401316	0.0680409035395586	0.0167366	0.00033
0.0182	-0.1902	-0.1047	0.00042935099599060504	-0.0016912240451825054	-5.235987755982989e-05	1.00761628	54.31114578	0.99444127	0.05772290966156713	0.0164974	0.00032
0.0212	-0.3354	-0.116	0.0008133234314293575	-0.001689478715930511	4.71238898038469e-05	1.0991292	59.24375153	1.06402885	0.18376007660272117	0.016959	0.00079
0.0233	-0.2588	-0.1074	0.000804596785169386	-0.0016999506914424768	-3.4906585039886588e-06	1.02110398	55.03814316	1.00821127	0.09079065850398865	0.0146118	0.00024
0.0177	-0.2054	-0.095	0.0007888888219014368	-0.001514945790731078	-5.93411945678072e-05	0.96665215	52.10315323	0.97517104	0.08422817000215829	0.0144097	0.00016
0.0119	-0.2973	-0.1336	0.0009180431865490173	-0.001322959573011702	-9.773843811168246e-05	1.00866473	54.36766052	1.00020666	0.1542768912955416	0.0122083	7e-05
0.0107	-0.4207	-0.1717	0.001382300767579509	-0.001291543646475804	-2.4434609527920616e-05	1.02642238	55.32480621	1.01301853	0.1911488668075076	0.012741	0.00016
0.014	-0.3574	-0.1808	0.0015393804002589986	-0.0013456488532876281	2.96705972839036e-05	0.97207266	52.39532089	0.97401506	0.08896450231515692	0.0113279	4e-05
0.0172	-0.2483	-0.1579	0.001541125729510993	-0.0014660765716752368	-1.7453292519943296e-05	1.02863204	55.44390869	1.01106155	0.14366484687217243	0.0138078	7e-05
0.0174	-0.1946	-0.1621	0.001583013631558857	-0.0015323990832510211	-3.316125578789226e-05	0.99562842	53.66499329	0.98587915	0.06429591884457984	0.0139444	6e-05
0.0199	-0.3008	-0.1835	0.001689478715930511	-0.0014835298641951804	6.283185307179586e-05	1.02238953	55.10743332	1.00726852	0.1426663706143592	0.0105241	7e-05
0.0226	-0.2529	-0.1853	0.001759291886010284	-0.0014556045961632708	9.773843811168246e-05	0.98309231	52.98928833	0.97105491	0.05903225115757846	0.0103301	4e-05
0.0153	-0.1812	-0.145	0.0013194689145077131	-0.001467821900927231	-2.268928027592628e-05	1.00765526	54.31324387	0.99127179	0.147923399732707	0.011319	9e-05
0.0156	-0.1892	-0.1613	0.0014433872913993105	-0.001420698011123384	1.7453292519943294e-06	0.99488431	53.62488556	0.97255809	0.034373843811168266	0.0107795	3e-05
0.0212	-0.3145	-0.1932	0.0016929693744344998	-0.0014119713648634124	0.00011170107212763708	1.04547501	56.35175323	1.02180152	0.18121322360854017	0.0106666	0.00015
0.018	-0.2932	-0.1917	0.0017313666179783749	-0.0012060225131280816	1.9198621771937625e-05	0.99890465	53.84158325	0.98155632	0.04284242728174525	0.0106316	8e-05
0.013	-0.2125	-0.1631	0.0018692476288859267	-0.0009669124056048585	-6.45771823237902e-05	1.06157994	57.21981812	1.01987202	0.13733834612632517	0.0120174	0.00013
0.0124	-0.2523	-0.1887	0.0021205750411731105	-0.001165879940332212	-3.839724354387525e-05	1.00401151	54.11684799	0.98924454	0.08982374428972265	0.0102995	0.0001
0.02	-0.3727	-0.1983	0.0023544491609403502	-0.001322959573011702	9.42477796076938e-05	1.04031086	56.0734024	1.01520778	0.16377993877991487	0.0113088	0.00011
0.0251	-0.3147	-0.1886	0.0021467549799530253	-0.0011606439525762293	0.0001256637061435917	1.01174057	54.53344727	0.97944844	0.09287128639793477	0.0100116	7e-05
0.02	-0.2449	-0.1673	0.002007128639793479	-0.0011135200627723821	7.330382858376184e-05	1.04239202	56.18557739	1.01015868	0.10815550537616112	0.0103465	5e-05
0.0183	-0.222	-0.1751	0.0020734511513692635	-0.0009983283321407565	0.00011170107212763708	1.01871157	54.90918732	0.99671762	0.04339557428756428	0.00999415	4e-05
0.0202	-0.2829	-0.1931	0.0022410027595607188	-0.0009704030641088471	0.00016231562043547262	1.00868177	54.36857605	0.99263924	0.09310457122655996	0.00894982	4e-05
0.0195	-0.2607	-0.1891	0.002303834612632515	-0.0009372418083209549	0.00019198621771937622	0.97455633	52.52919388	0.97167947	0.0331831853071796	0.00859255	3e-05
0.0205	-0.1828	-0.1787	0.0020193459445574393	-0.0010297442586766543	0.0001675516081914556	0.99352431	53.55157852	0.98993517	0.10937128639793477	0.00944906	4e-05
0.0209	-0.2154	-0.1953	0.0021258110289290935	-0.0010349802464326373	0.0002007128639793479	0.98176873	52.91794586	0.97929394	0.056843116395776494	0.00897437	4e-05
0.0177	-0.3295	-0.2268	0.0025918139392115793	-0.00091106186954104	0.00024260076602721178	1.03466356	55.76901245	1.01608796	0.18039045946109733	0.00859433	5e-05
0.0145	-0.2523	-0.1913	0.0024260076602721182	-0.0009826203688728075	0.00021467549799530252	1.02197111	55.08488083	1.00245703	0.1291645023151569	0.0087589	2e-05
0.0111	-0.2008	-0.1875	0.002324778563656447	-0.0010262536001726657	0.00015009831567151235	0.99882478	53.83727646	0.98678097	0.06917197551196598	0.00909132	1e-05
0.0164	-0.3511	-0.2292	0.002802998778702893	-0.0009459684545809266	0.00019547687622336493	1.0700984	57.67897034	1.03518612	0.22749419605950189	0.00849241	5e-05
0.0092	-0.3179	-0.2154	0.0029269171555944902	-0.0008726646259971648	0.0001605702911834783	0.97467101	52.53537369	0.96755826	0.06580643952576226	0.00794655	3e-05
0.0068	-0.1683	-0.1788	0.002398082392240209	-0.0009285151620609833	0.00010471975511965978	1.07312214	57.84194946	1.04045872	0.22062679177409597	0.00939989	7e-05
0.0066	-0.2786	-0.2275	0.0029897490086662863	-0.0008621926504851988	0.00012217304763960306	1.04719818	56.44463348	1.01270759	0.1929721210260903	0.00795025	4e-05
0.0065	-0.3514	-0.2481	0.0033231068957972035	-0.0008674286382411819	0.00014660765716752367	0.99673051	53.72439575	0.98797457	0.11165142422074098	0.00823009	3e-05
0.0051	-0.2461	-0.2167	0.003166027263117714	-0.000895353906273091	8.901179185171081e-05	1.04310286	56.22389221	1.01691529	0.15023003830136053	0.0081411	5e-05
0.002	-0.1289	-0.1881	0.0030613075079980543	-0.0008988445647770796	4.537856055185256e-05	1.0853585	58.50149918	1.05132111	0.1564921822461753	0.0103177	7e-05
0.0108	-0.2636	-0.2434	0.003830997708127553	-0.0010716321607245184	0.00019547687622336493	1.10232675	59.41609955	1.06809823	0.25342880558742253	0.00731963	6e-05
0.0115	-0.3354	-0.2569	0.004171336912266447	-0.0010122909661567112	0.00022165681500327985	1.01632631	54.78062057	0.99836412	0.1072930168743308	0.00767666	3e-05
0.0111	-0.2333	-0.2248	0.0039671333897831115	-0.0010576695267085637	0.0002548180707911721	1.03870058	55.98661041	1.01890235	0.148737166941154	0.00790101	6e-05
0.0065	-0.1659	-0.2113	0.0038187804033635933	-0.0010559241974565693	0.0002024581932313422	1.06872785	57.60509491	1.03506033	0.09562290966156717	0.00906825	7e-05
0.0095	-0.3003	-0.2669	0.004263839362622147	-0.001129228026040331	0.0002722713633111154	1.10215437	59.40680695	1.06955918	0.2224087978961045	0.00791961	5e-05
0.0059	-0.3912	-0.2757	0.004335397861953915	-0.0009354964790689606	0.00023561944901923448	1.06015706	57.14312363	1.02923315	0.11839709802975092	0.00883609	5e-05
0.005	-0.2885	-0.2486	0.004066617157146788	-0.0008691739674931761	0.00018151424220741024	1.03958523	56.03429031	1.01094155	0.15016042115973682	0.00750726	6e-05
0.0039	-0.1716	-0.209	0.0036582101121801144	-0.0009180431865490173	9.599310885968811e-05	1.03495252	55.78458786	1.00930973	0.1847398698685118	0.00770444	2e-05
0.0049	-0.2428	-0.2586	0.0040055306333269865	-0.0008464846872172499	0.00014311699866353502	0.99999464	53.9003334	0.98435289	0.1451001455141243	0.00726128	2e-05
0.0051	-0.3096	-0.2697	0.004244640740850209	-0.0007749261878854823	0.00017104226669544429	0.97561836	52.58643723	0.97376867	0.09502969374434496	0.0071497	1e-05
0.0042	-0.2317	-0.2306	0.003862413634663451	-0.0007382742735936014	7.67944870877505e-05	1.00366151	54.09798431	0.98767074	0.14355634000431666	0.00739372	5e-05
0.003	-0.152	-0.218	0.0035953782591083183	-0.0008569566627292158	5.4105206811824215e-05	1.01022124	54.45155334	1.0667279	0.11392035224833368	0.00848466	2e-05
0.0049	-0.3112	-0.266	0.0036931166972200015	-0.000757472895365539	7.853981633974481e-05	1.08707118	58.59381104	1.07421702	0.22018284075016403	0.00760293	4e-05
0.0025	-0.3118	-0.2595	0.003637266161156183	-0.000619591884457987	5.4105206811824215e-05	0.97079837	52.32663727	0.98069752	0.020408307824964604	0.00759345	3e-05
0.0035	-0.1794	-0.2045	0.0031311206780778272	-0.0007190756518216638	-6.9813170079773176e-06	1.06614995	57.46614456	1.03266496	0.2217357887130917	0.00815988	4e-05
0.0056	-0.3048	-0.2443	0.0036145768808802567	-0.0006876597252857658	7.853981633974481e-05	1.05839956	57.04839325	1.01897977	0.1973196631343025	0.007034	4e-05
0.0052	-0.3453	-0.2637	0.0039235001584832525	-0.0007190756518216638	9.599310885968811e-05	0.97359401	52.47732544	0.96538475	0.07818962483294183	0.00733733	2e-05
0.0015	-0.2953	-0.2371	0.0038467056713955023	-0.0006998770300497262	5.235987755982988e-06	1.04409206	56.27721024	1.00459792	0.08963751149816963	0.0077768	0.00013
0.0027	-0.1903	-0.2012	0.0034086280291449255	-0.0008203047484373349	-3.665191429188092e-05	1.07651949	58.02507401	1.02890639	0.1721196631343025	0.00810218	4e-05
0.0098	-0.2896	-0.2562	0.0037088246604879502	-0.0008621926504851988	6.806784082777885e-05	1.04878139	56.52997208	1.01294629	0.18374021442552743	0.00701576	2e-05
0.0125	-0.33	-0.269	0.003750712562535814	-0.000890117918517108	0.00010995574287564276	0.98221117	52.94179535	0.96735559	0.06148505360638188	0.00769424	2e-05
0.0099	-0.2238	-0.2297	0.0034836771869806815	-0.0008918632477691023	2.6179938779914945e-05	1.04919732	56.55238724	1.0125374	0.16572782544514275	0.00778693	7e-05
0.0096	-0.1866	-0.2307	0.0033824480903650108	-0.0008499753457212384	3.490658503988659e-05	1.02284622	55.13204956	1.00201234	0.046092182246175326	0.00829571	2e-05
0.0107	-0.3236	-0.271	0.0036512287951721376	-0.0008342673824532895	0.00013439035240356338	1.06460786	57.38302994	1.0289492	0.19759862177193763	0.0073595	2e-05
0.0125	-0.2925	-0.2732	0.0037472219040318253	-0.0008970992355250854	0.0001937315469713706	0.98654413	53.17534256	0.96847794	0.04600830782496454	0.00731063	5e-05
0.0072	-0.2082	-0.2127	0.0033440508468211352	-0.0008936085770210966	7.67944870877505e-05	1.03979266	56.04547119	1.01018476	0.1762799387799149	0.00764573	2e-05
0.0119	-0.1872	-0.2247	0.0032131511529215613	-0.0009389871375729493	9.250245035569947e-05	0.98639095	53.16708755	0.98292337	0.04729931088596878	0.00783157	3e-05
0.009	-0.3465	-0.2733	0.003611086222376268	-0.0010210176124166828	0.00019896753472735358	1.08355892	58.40449905	1.05057751	0.24012153143350468	0.00797594	2e-05
0.0159	-0.3271	-0.2785	0.0037489672332838195	-0.0011100294042683937	0.0002251474735072685	0.99496859	53.62942886	0.97514567	0.044153637076958886	0.00800574	2e-05
0.0097	-0.2488	-0.2291	0.0033911747366249826	-0.0010262536001726657	0.00012740903539558605	1.04471576	56.31082916	1.00728552	0.1608653369433124	0.00751346	2e-05
0.0127	-0.2273	-0.2498	0.003415609346152903	-0.000921533845053006	0.00020420352248333657	1.00123715	53.96730804	0.98548157	0.05549744258676651	0.00742269	2e-05
0.0301	-0.3497	-0.2835	0.003707079331235956	-0.0009651670763528643	0.0009512044423369096	1.09528422	59.03650284	1.05093882	0.22760520681182425	0.00946796	6e-05
0.0627	-0.2788	-0.2809	0.0038187804033635933	-0.0008936085770210966	0.002408554367752175	1.10806251	59.72525787	1.06302494	0.18813047484373355	0.010496	0.0001
0.0565	-0.2047	-0.2525	0.0033894294073729884	-0.0009285151620609833	0.002251474735072685	1.02970564	55.50177383	1.00378065	0.13976686068549907	0.0115632	0.0001
0.0551	-0.2501	-0.2887	0.003532546406036523	-0.0009075712110370514	0.002314306588144481	1.00592196	54.21981812	0.99114435	0.09434464013796313	0.0106202	0.0001
0.0602	-0.3478	-0.3057	0.00382576172037157	-0.00091106186954104	0.002501056818107874	1.01465905	54.69075775	0.9988664	0.14397281014012145	0.0114896	0.00029
0.0609	-0.2995	-0.2947	0.003918264170727269	-0.0008569566627292158	0.0024434609527920616	0.97888911	52.76273346	0.96826674	0.07021017612416683	0.0112011	0.00016
0.0554	-0.225	-0.255	0.003626794185644217	-0.0007993607974134029	0.002288126649364566	0.9900862	53.36626434	0.97994035	0.14492000769131802	0.010799	7e-05
0.0568	-0.288	-0.295	0.004031710572106902	-0.0007278022980816354	0.002380629099720265	1.02249849	55.11330414	0.98390517	0.13284886680750752	0.0111752	0.00014
0.0631	-0.3321	-0.3023	0.004312708581677988	-0.0007504915783575615	0.002490584842595908	1.0054915	54.19662094	0.98218716	0.07838215163613284	0.0120838	0.00028
0.0642	-0.2898	-0.2893	0.004246386070102203	-0.000736528944341607	0.0024766222085799536	1.02236068	55.10587692	0.9849969	0.0611123889803847	0.0112911	0.00017
0.0571	-0.2231	-0.243	0.0038938295611993493	-0.0006632251157578452	0.00243473430653209	1.02643454	55.32545853	0.99574204	0.14348741197672396	0.010753	0.0001
0.0554	-0.241	-0.2745	0.003946189438759179	-0.000614355896702004	0.0024591689160600103	0.97905225	52.77152634	0.9700692	0.05738318530717959	0.0110127	9e-05
0.0619	-0.3195	-0.2933	0.004199262180298357	-0.000614355896702004	0.0025115287936198403	0.99150985	53.44300079	0.97963386	0.11907163095495037	0.0111482	0.00018
0.0616	-0.2815	-0.2793	0.004181808887778414	-0.0005969026041820607	0.002462659574563999	0.99394214	53.57410049	0.97629165	0.05648879020478641	0.0112045	0.00012
0.051	-0.2186	-0.2396	0.003862413634663451	-0.00045902159327450867	0.0022863813201125715	1.01059282	54.47158432	0.99177328	0.14487772592369705	0.0106051	8e-05
0.0483	-0.2702	-0.2711	0.004043927876870862	-0.0004049163864626844	0.0023230332344044524	0.97724748	52.67424774	0.975571	0.09941356816555577	0.00999588	7e-05
0.0545	-0.3148	-0.2924	0.004316199240181977	-0.0005393067388662478	0.0024015730507441976	0.96241379	51.87470245	0.96212126	0.09636007660272121	0.0108186	0.00014
0.0482	-0.2511	-0.2182	0.003783873818323706	-0.0005009094953223725	0.0021170843826691216	1.0338676	55.72610474	1.01607823	0.18696056667386113	0.0102683	9e-05
0.0415	-0.1407	-0.185	0.0037315139407638766	-0.00032463124087094524	0.0021013764194011725	1.02141368	55.05483246	1.00619602	0.16251730476396029	0.012336	0.00042
0.0438	-0.2539	-0.1603	0.003750712562535814	-0.00012217304763960306	0.002155481626212997	1.02621186	55.31345749	1.01927787	0.15398810109075525	0.0124144	0.00037
0.0462	-0.4625	-0.2357	0.004211479485062317	-6.981317007977319e-05	0.002261946710584651	1.16314805	62.6944046	1.10998369	0.3173795942228993	0.0128053	0.00114
0.0416	-0.4263	-0.2616	0.004550073359949217	0.00028623399732707005	0.0022148228207808044	0.98702472	53.20124817	0.98785232	0.10378824660487948	0.0123535	0.00085
0.0371	-0.3615	-0.2602	0.004379031093253773	0.00046949356878647465	0.0019931660057775245	1.0001626	53.9093895	0.99260294	0.09949793265790648	0.0109723	0.00036
0.0359	-0.2757	-0.2577	0.004356341812977846	0.00035430183815484887	0.0018744836166419098	0.98637426	53.16618729	0.97848655	0.10232817000215837	0.01022	8e-05
0.0308	-0.1768	-0.2325	0.004125958351714595	0.00017104226669544429	0.001658062789394613	1.01572931	54.7484436	0.99849155	0.1607031929984976	0.0105872	7e-05
0.0286	-0.1207	-0.2105	0.003918264170727269	2.6179938779914945e-05	0.0016057029118347831	1.00180888	53.99812317	0.98739219	0.10054581932313424	0.0110398	0.00016
0.0184	-0.2419	-0.2698	0.004525638750421296	7.67944870877505e-05	0.001473057888683214	1.06419444	57.36074066	1.03022736	0.23023170755767156	0.00995564	9e-05
0.0011	-0.2992	-0.2739	0.005028293574995664	4.886921905584123e-05	0.0011606439525762293	1.01403582	54.65716171	0.99894671	0.1208497014356631	0.00988239	7e-05
0.0019	-0.2555	-0.2548	0.004970697709679851	8.726646259971648e-06	0.0010768681484805013	1.00448394	54.14230728	0.98502411	0.07267571211037048	0.00984365	4e-05
-0.0138	-0.2046	-0.2013	0.004317944569433971	-5.585053606381854e-05	0.0005881759579220891	1.03356516	55.70980835	1.00490204	0.1804011256564041	0.00948668	8e-05
-0.0057	-0.2836	-0.2286	0.0045483280306972225	-4.363323129985824e-05	0.0007592182246175333	1.00770628	54.31599426	0.99330997	0.1350821516361328	0.00830936	0.00011
-0.0074	-0.4357	-0.2763	0.00506320016003555	-0.0001937315469713706	0.0006649704450098395	1.07968426	58.19565201	1.03872977	0.23946091123087668	0.00976658	5e-05
-0.0061	-0.4216	-0.2741	0.004921828490624009	-0.0004049163864626844	0.0002548180707911721	0.99086493	53.40823746	0.98542319	0.055735444156076105	0.00898671	7e-05
-0.0021	-0.2409	-0.2156	0.004118977034706617	-0.0004974188368183839	0.0001832595714594046	1.10881841	59.76600647	1.06499833	0.2915456202802429	0.00733727	3e-05
-0.0172	-0.1855	-0.2063	0.003975860036043083	-0.00020594885173533088	5.585053606381854e-05	0.99125212	53.42910767	1.04398682	0.10789980095710867	0.00849456	4e-05
-0.0121	-0.3215	-0.2755	0.004461061568097506	-0.0003089232776029963	0.0003717551306747922	1.07381666	57.8793869	1.09804527	0.25550402762665314	0.00782251	3e-05
-0.0105	-0.3366	-0.2988	0.004726351614400644	-0.0005078908123303499	0.000322885911618951	0.966905	52.11678314	0.96438619	0.06565634000431664	0.00779563	4e-05
-0.0093	-0.286	-0.2883	0.004595451920501069	-0.000645771823237902	0.00024085543677521747	0.98632139	53.16333771	0.97359653	0.07984055898254307	0.00736696	3e-05
-0.0081	-0.1655	-0.2199	0.003867649622419434	-0.0006161012259539982	7.330382858376184e-05	1.07749498	58.07764816	1.03247759	0.23635122517784968	0.00849527	8e-05
-0.0131	-0.1894	-0.2379	0.004078834461910747	-0.0005340707511102648	2.96705972839036e-05	0.98162335	52.91011047	0.97249904	0.06374242728174524	0.00761801	4e-05
-0.0114	-0.3544	-0.2822	0.004593706591249075	-0.0005480333851262194	0.00013439035240356338	1.08151734	58.2944603	1.04476468	0.24267772592369713	0.00804764	3e-05
-0.0079	-0.352	-0.2808	0.004693190358612751	-0.0006265732014659643	0.00019024088846738194	0.96139556	51.8198204	0.96111367	0.018993705988362	0.008412	1e-05
-0.0133	-0.2287	-0.2423	0.004279547325890096	-0.0005951572749300663	6.108652381980153e-05	1.04025197	56.07023239	1.01528978	0.19591066619530667	0.00767076	3e-05
-0.0145	-0.2557	-0.2542	0.004244640740850209	-0.0005724679946541401	5.235987755982989e-05	0.96084857	51.79033661	0.97307529	0.04341612557878921	0.0073958	4e-05
-0.0085	-0.396	-0.3031	0.004796164784480418	-0.0007173303225696694	0.00022863813201125715	1.0379492	55.94610977	1.02525778	0.23883323129985828	0.00887412	1e-05
-0.005	-0.3635	-0.3051	0.004904375198104066	-0.0007452555906015787	0.0002583087292951608	0.96406043	51.96345901	0.96223345	0.0462903139469731	0.00833714	4e-05
-0.008	-0.2709	-0.2742	0.004694935687864747	-0.0006649704450098395	0.00014137166941154068	1.01834762	54.88957214	0.99815209	0.14683308578573392	0.00772732	1e-05
-0.0153	-0.2057	-0.2494	0.0043877577395137445	-0.00042760566673861073	5.93411945678072e-05	1.02401078	55.1948204	1.03350973	0.1286286600732982	0.00879413	5e-05
-0.0115	-0.3232	-0.2975	0.004920083161372014	-0.0004520402762665313	0.00012740903539558605	1.04719055	56.4442215	1.05150526	0.2006413936106985	0.00891674	9e-05
-0.0061	-0.3161	-0.296	0.005005604294719737	-0.00048345620280242926	0.00017802358370342162	0.97965258	52.80388641	0.96577925	0.022377580409572797	0.00885785	1e-05
-0.0041	-0.2525	-0.267	0.004827580711016315	-0.0004677482395344803	0.00022165681500327985	0.99610299	53.69057083	0.97121195	0.1064682389135614	0.00799417	3e-05
-0.0075	-0.2375	-0.2693	0.004806636759992383	-0.0003874630939427412	0.00019198621771937622	1.00179791	53.99753189	0.989625	0.027244984694978727	0.0086832	6e-05
-0.0023	-0.3318	-0.3021	0.005080653452555493	-0.0004485496177625427	0.00027925268031909274	1.01270282	54.5853157	1.0012404	0.1534184839491314	0.00925481	4e-05
-0.002	-0.3314	-0.2997	0.005202826500195096	-0.0003769911184307752	0.00027576202181510406	0.98420537	53.04928207	0.96792799	0.012961110273767925	0.00991142	3e-05
0.0009	-0.3083	-0.2993	0.0052115531464550675	-0.00034557519189487725	0.0003630284844148205	0.98328453	52.99964905	0.96948558	0.03277045176977925	0.007981	1e-05
-0.0041	-0.2355	-0.2655	0.004649557127312894	-0.0003612831551628262	0.00028274333882308137	1.00982094	54.42997742	0.99026104	0.14449945640009312	0.00793308	8e-05
-0.0112	-0.1954	-0.2236	0.0042935099599060505	-0.0003787364476827695	0.00020769418098732522	0.98225814	52.94432449	0.98245409	0.11152748088812715	0.00872499	3e-05
-0.0086	-0.3296	-0.2591	0.0046041785667610404	-0.0004363323129985824	0.00027750735106709843	1.03000045	55.51766586	1.01192393	0.1942038821125288	0.00862396	7e-05
-0.0122	-0.4218	-0.296	0.0049864056729478	-0.00034557519189487725	0.0002495820830351891	0.99469203	53.61452103	0.98600658	0.1577454747661187	0.00982523	5e-05
-0.0149	-0.3643	-0.2849	0.005014330940979708	-0.00041538836197465044	0.00016231562043547262	1.00513947	54.17764282	0.99023427	0.0805502450355699	0.00914574	3e-05
-0.0193	-0.2184	-0.2226	0.004366813788489812	-0.00047123889803846896	6.981317007977319e-05	1.11071718	59.86835098	1.05763231	0.2523935069454707	0.00830638	4e-05
-0.0188	-0.2465	-0.2544	0.004668755749084832	-0.00047647488579445195	9.250245035569947e-05	0.9868381	53.19118881	0.97855995	0.07689336143134644	0.00831759	4e-05
-0.0137	-0.377	-0.311	0.005162683927399226	-0.0006038839211900379	0.00018675022996339323	1.05825949	57.04084778	1.02547124	0.22797924966588368	0.00912827	5e-05
-0.0113	-0.3284	-0.299	0.005120796025351363	-0.0005672320068981572	0.0002129301687433082	1.02326667	55.15471268	0.98206112	0.06823598775598295	0.00876945	5e-05
-0.0158	-0.1883	-0.2351	0.004522148091917307	-0.0005288347633542819	0.00010471975511965978	1.10711288	59.67407227	1.05221653	0.24576277953007897	0.00926459	4e-05
-0.0125	-0.2462	-0.2762	0.004968952380427856	-0.000598647933434055	0.0001832595714594046	1.0147078	54.69338226	0.9959623	0.13205786374650336	0.00872731	6e-05
-0.0086	-0.3624	-0.3023	0.0053616514621265795	-0.0006073745796940267	0.00022340214425527416	1.04609025	56.3849144	1.01820556	0.1682784150377282	0.00880903	3e-05
-0.0073	-0.3193	-0.2887	0.005331980864842677	-0.0006422811647339132	0.00023911010752322313	0.99007821	53.36583328	0.97407278	0.06201425727958695	0.00828254	2e-05
-0.0132	-0.2084	-0.2316	0.004679227724596798	-0.0006475171524898963	0.00010821041362364843	1.05287766	56.75076294	1.02584455	0.21334444109507184	0.00831789	3e-05
-0.0093	-0.2805	-0.2743	0.00499862297771176	-0.0006789330790257941	0.0001658062789394613	1.02053559	55.00750732	1.00590432	0.13912035224833363	0.00841808	8e-05
-0.003	-0.4104	-0.3172	0.00544193660771832	-0.0008290313946973065	0.00028797932657906436	1.04195786	56.16217804	1.01934143	0.21487924966588373	0.0099088	3e-05
-0.0053	-0.3327	-0.2975	0.005400048705670456	-0.0007679448708775049	0.0002443460952792061	1.00806534	54.33535004	0.99255796	0.10703038285837616	0.00873417	4e-05
-0.0149	-0.2206	-0.231	0.0047856928089684515	-0.0006719517620178169	6.108652381980153e-05	1.08216023	58.32910919	1.03699052	0.2328804288510549	0.00853705	0.0001
-0.0134	-0.2631	-0.255	0.004988151002199794	-0.0006492624817418905	0.00011519173063162575	0.98462051	53.07165909	0.97525338	0.08196263401595465	0.00830436	5e-05
-0.0081	-0.3811	-0.3073	0.005393067388662479	-0.0007452555906015787	0.00020594885173533088	1.03288746	55.67327499	1.00987961	0.2051833308213039	0.00884491	4e-05
-0.007	-0.3377	-0.2901	0.005431464632206353	-0.0007225663103256524	0.00020943951023931956	0.97947025	52.79405594	0.97266468	0.06492885911618944	0.0087043	2e-05
-0.0132	-0.1756	-0.2129	0.004726351614400644	-0.0006492624817418905	0.0001256637061435917	1.09598136	59.07407761	1.08542085	0.2886096325242599	0.00904888	3e-05
-0.0151	-0.279	-0.255	0.004710643651132695	-0.0006684611035138282	0.00013962634015954637	1.01477301	54.6968956	1.03127082	0.1498434609527921	0.00785869	5e-05
-0.0167	-0.3937	-0.2934	0.005042256209011618	-0.0006283185307179585	0.00013962634015954637	1.01054204	54.46884537	0.99951587	0.1732877565337396	0.00852472	2e-05
-0.0163	-0.3524	-0.2966	0.005044001538263612	-0.000635299847725936	0.0001256637061435917	0.97931498	52.78568649	0.97270425	0.046034464013796274	0.00863421	3e-05
-0.0224	-0.2184	-0.2296	0.00434586983746588	-0.0006894050545377602	-3.4906585039886588e-06	1.08368194	58.41113281	1.04822972	0.25116956361285675	0.00791603	6e-05
-0.0227	-0.2569	-0.2602	0.004476769531365455	-0.0006370451769779302	1.7453292519943296e-05	0.99047726	53.38734055	0.98757822	0.07961017612416685	0.00756431	8e-05
-0.025	-0.3963	-0.3096	0.005129522671611334	-0.0005515240436302081	3.665191429188092e-05	1.05996978	57.13303375	1.03387507	0.2289736447682769	0.00889897	3e-05
-0.0256	-0.3332	-0.2976	0.005302310267558773	-0.0005323254218582705	2.792526803190927e-05	0.98995203	53.35903168	0.97891637	0.0857356431989674	0.00810444	4e-05
-0.0258	-0.2176	-0.2364	0.004663519761328848	-0.0006178465552059926	0.0	1.05015874	56.6042099	1.02145676	0.21461184538047784	0.00741422	2e-05
-0.0201	-0.2659	-0.288	0.0050789081233034985	-0.0007435102613495844	9.250245035569947e-05	1.00563872	54.20455551	0.9847708	0.1372777259236971	0.00770694	0.0
-0.0094	-0.3696	-0.3146	0.005377359425394529	-0.0009494591130849152	0.00022340214425527416	1.01529491	54.72502899	0.99568845	0.17276499238629675	0.00874776	5e-05
-0.0092	-0.3265	-0.2949	0.005302310267558773	-0.0009354964790689606	0.00020420352248333657	0.94680184	51.03321075	0.95393079	0.06841052068118235	0.00877756	2e-05
-0.0154	-0.2074	-0.2334	0.004820599394008338	-0.0008028514559173916	7.504915783575618e-05	1.04928696	56.55722427	1.02079152	0.22397551306747923	0.0084368	3e-05
-0.0175	-0.2576	-0.2785	0.0050562188430275734	-0.0007766715171374765	8.37758040957278e-05	0.97664589	52.64182281	0.97897578	0.11092630170295611	0.00802255	5e-05
-0.0163	-0.3778	-0.3162	0.005489060497522166	-0.0008918632477691023	0.00020594885173533088	1.01726758	54.83135986	1.00154808	0.1926103216382911	0.00904107	3e-05
-0.025	-0.3167	-0.2955	0.005363396791378575	-0.0009442231253289323	7.67944870877505e-05	0.98444158	53.06201553	0.97197707	0.10585889741755013	0.00874108	4e-05
-0.0285	-0.2197	-0.25	0.004902629868852071	-0.0008848819307611251	-1.2217304763960308e-05	1.01812387	54.87751007	1.10941695	0.17645599544730106	0.00887704	3e-05
-0.0258	-0.3596	-0.3147	0.005419247327442393	-0.0009634217471008699	0.00010471975511965978	1.05466521	56.84711456	1.13167855	0.24290471674068428	0.0096398	4e-05
-0.0232	-0.3689	-0.3087	0.005691518690753509	-0.0009093165402890458	0.0001884955592153876	0.96723706	52.1346817	0.96469395	0.038407618710933435	0.0100204	4e-05
-0.0187	-0.258	-0.2592	0.005256931707006921	-0.0008569566627292158	0.00020943951023931956	1.03153658	55.60046768	1.00927066	0.19029454061651743	0.00884622	1e-05
-0.02	-0.3344	-0.3047	0.005532693728822024	-0.0008517206749732328	0.000291469985083053	1.00872231	54.37075806	0.99055324	0.14135142422074096	0.00817329	4e-05
-0.0153	-0.362	-0.3238	0.005787511799613196	-0.000905825881785057	0.0003665191429188092	0.9711256	52.34427643	0.96422563	0.07059862177193758	0.00948179	3e-05
-0.0148	-0.2823	-0.2876	0.005485569839018178	-0.0008709192967451704	0.0003525565089028545	0.98866576	53.28969955	0.98355985	0.13394055898254295	0.00954336	7e-05
-0.0159	-0.2273	-0.2862	0.005146975964131278	-0.0008587019919812101	0.00032812189937493397	0.99892229	53.84253311	1.00937054	0.07626228945893902	0.00862199	5e-05
-0.0147	-0.3809	-0.3385	0.005766567848589266	-0.0008813912722571365	0.00038048177693476387	1.05956495	57.11120987	1.05193823	0.24183205211468725	0.00982916	2e-05
-0.0112	-0.3292	-0.3208	0.005797983775125162	-0.00091106186954104	0.00040317105721069014	0.99361295	53.55635834	0.98325294	0.07708879020478633	0.00965059	3e-05
-0.0177	-0.2225	-0.2722	0.005220279792715039	-0.0008377580409572782	0.00027750735106709843	1.04957163	56.57256317	1.03071778	0.20063357585687375	0.00922155	3e-05
-0.0127	-0.3432	-0.3312	0.005693264020005502	-0.0009023352232810684	0.00040666171571467877	1.05063426	56.62984467	1.03711225	0.21803578871309168	0.010113	4e-05
-0.014	-0.3878	-0.3347	0.005934119456780722	-0.000736528944341607	0.00040317105721069014	0.98836023	53.27323151	0.98223257	0.06990761871093344	0.0107397	7e-05
-0.0132	-0.2955	-0.2988	0.005710717312525446	-0.0007853981633974483	0.00038048177693476387	1.00816178	54.34054565	0.99118762	0.14374803217935214	0.00867808	3e-05
-0.0183	-0.2716	-0.2876	0.005436700619962336	-0.0006981317007977319	0.00031415926535897925	0.97005695	52.2866745	0.97092559	0.061580283336930525	0.00906402	4e-05
-0.0141	-0.3753	-0.332	0.00601091394386847	-0.0007120943348136865	0.00037524578917878077	1.02053344	55.00738907	1.00024384	0.18476312408709447	0.00967491	2e-05
-0.012	-0.353	-0.3288	0.006243042734383717	-0.0007208209810736582	0.0004206243497306334	0.97288781	52.43925858	0.95842006	0.04191169986635364	0.00986266	6e-05
-0.0126	-0.3009	-0.3018	0.0060842177724522335	-0.0006544984694978735	0.0003717551306747922	0.99884868	53.83856583	0.97889978	0.09340083462815539	0.00977588	4e-05
-0.0188	-0.2279	-0.2675	0.005701990666265475	-0.0005916666164260777	0.00032637657012293966	1.00814366	54.33957291	0.99641404	0.13802187599052035	0.00927198	4e-05
-0.0162	-0.3334	-0.3185	0.0062168627956038025	-0.0005323254218582705	0.0003769911184307752	1.01586246	54.75561905	1.00848987	0.1903413936106985	0.00981593	6e-05
-0.012	-0.3407	-0.3244	0.006155776271784001	-0.0005916666164260777	0.00047822021504644627	0.97283095	52.43619537	0.97661919	0.02848284075016405	0.00931829	3e-05
-0.0162	-0.2582	-0.2703	0.005635668154689691	-0.0006702064327658224	0.0003665191429188092	1.01121867	54.50531387	0.99299367	0.17631745027808463	0.00852799	3e-05
-0.0199	-0.2575	-0.2683	0.005426228644450371	-0.000609119908946021	0.00034906585039886593	0.95119333	51.26991272	0.96298682	0.02079896632895322	0.00822276	4e-05
-0.0284	-0.4044	-0.3181	0.006154030942532006	-0.0006056292504420323	0.00019024088846738194	1.08211458	58.32665253	1.05058208	0.2497058959258554	0.0107446	8e-05
-0.0229	-0.3332	-0.4354	0.009334020839665676	-0.0010454522219446034	-0.0001064650843716541	1.18200064	63.71057129	1.14542273	0.3898259420737639	0.0163757	0.0004
-0.0159	-0.3502	-0.3861	0.007503170454323623	-0.0008813912722571365	0.0001239183768915974	1.06948733	57.64603424	1.0593699	0.18456473981463856	0.0130541	0.00011
-0.0202	-0.3409	-0.323	0.005750859885321316	-0.0004537856055185257	1.2217304763960308e-05	1.01326931	54.61584473	1.01079506	0.19128086539342776	0.00962782	3e-05
-0.0234	-0.1418	-0.2366	0.004838052686528281	-0.0007033676885537148	6.981317007977319e-05	1.16832078	62.97322083	1.1095912	0.3496992573572018	0.0106742	0.0001
-0.0218	-0.2883	-0.2939	0.005478588522010201	-0.0008203047484373349	0.00016406094968746698	1.07226574	57.79579163	1.03259853	0.24798603374866168	0.00996625	0.00018
-0.0167	-0.3999	-0.3416	0.005932374127528725	-0.0008761552845011534	0.00020594885173533088	1.03117013	55.58071136	1.01163123	0.19197620218151032	0.0106452	6e-05
-0.0174	-0.3279	-0.3121	0.005644394800949661	-0.0008970992355250854	0.00014137166941154068	0.98915732	53.31619644	0.98027166	0.12087502299633927	0.00922626	4e-05
-0.023	-0.1961	-0.2605	0.005019566928735692	-0.0008307767239493009	5.061454830783555e-05	1.05890429	57.07559967	1.03059833	0.22809537524467288	0.00937897	0.0001
-0.0156	-0.3501	-0.3105	0.005738642580557355	-0.0009896016858807848	0.00021642082724729686	1.06544137	57.42795563	1.04169311	0.2635853446346304	0.00980794	0.00013
-0.0161	-0.4138	-0.3257	0.005852088981936987	-0.0010559241974565693	0.00027925268031909274	0.97642154	52.62973022	0.96877776	0.09153003830136057	0.0104355	7e-05
-0.0119	-0.3249	-0.2736	0.005197590512439113	-0.001244419756671957	0.0001937315469713706	1.05683506	56.96406555	1.05430184	0.19162575810304916	0.00883973	3e-05
-0.0119	-0.2252	-0.25	0.005005604294719737	-0.0013910274138394805	0.00027576202181510406	1.04160178	56.1429863	1.05006144	0.1443312174865317	0.00909811	4e-05
-0.0197	-0.3685	-0.3094	0.005455899241734273	-0.001291543646475804	0.0002530727415391778	1.05563152	56.89919662	1.0260326	0.23912339973270696	0.00960428	2e-05
-0.0199	-0.3549	-0.3036	0.005569345643113905	-0.001181587903600161	0.00019547687622336493	0.96519738	52.02474213	0.96225257	0.033649900478554394	0.0094012	0.0001
-0.0229	-0.214	-0.2503	0.005031784233499652	-0.0012461650859239514	8.203047484373349e-05	1.06648409	57.48415756	1.03427753	0.23297924966588368	0.00887465	4e-05
-0.0216	-0.272	-0.2817	0.0051731559029111925	-0.00124965574442794	0.00014486232791552936	0.9768272	52.65159607	0.97483849	0.10108470904936624	0.00866163	2e-05
-0.0192	-0.4026	-0.3226	0.0056374134839416844	-0.0012880529879718153	0.00024609142453120044	1.04025447	56.07036209	1.01688108	0.2040941960595019	0.0102335	3e-05
-0.017	-0.3448	-0.3119	0.005625196179177724	-0.001282817000215832	0.0002513274122871834	0.95455664	51.45119858	0.95881726	0.07183446401379634	0.0091179	3e-05
-0.0216	-0.2547	-0.2541	0.005171410573659199	-0.001291543646475804	0.00019547687622336493	1.01828647	54.88627625	0.99656267	0.1784181393921158	0.00877607	3e-05
-0.0232	-0.2824	-0.288	0.005263913024014897	-0.001228711793404008	0.00020769418098732522	0.98644578	53.17004395	0.98213781	0.07157758040957271	0.00875437	7e-05
-0.0196	-0.4195	-0.3405	0.005892231554732856	-0.0012409290981679683	0.0002705260340591211	1.04843843	56.51148605	1.02603307	0.2283683844276858	0.010901	5e-05
-0.016	-0.3475	-0.3206	0.005653121447209634	-0.0012775810124598492	0.0002251474735072685	0.99675512	53.72572327	0.98670506	0.11155702911834783	0.00953484	6e-05
-0.0211	-0.2482	-0.2506	0.005047492196767601	-0.0011501719770642632	0.00014660765716752367	1.03868043	55.98552322	1.0129188	0.2149789051088681	0.00869626	7e-05
-0.0185	-0.3042	-0.3109	0.005494296485278149	-0.0012758356832078548	0.0002513274122871834	0.99736553	53.75862503	0.98989943	0.15275938748869003	0.00891185	4e-05
-0.014	-0.3923	-0.3347	0.005804965092133139	-0.0011903145498601325	0.000322885911618951	1.00296211	54.06028366	0.99358906	0.13978741197672395	0.00973022	4e-05
-0.0079	-0.3403	-0.3166	0.005834635689417044	-0.0012479104151759456	0.0003717551306747922	0.99142432	53.43838882	0.97480979	0.08300678408277794	0.00910056	6e-05
-0.016	-0.2463	-0.2631	0.0054436819369703135	-0.0012304571226560022	0.0002181661564992912	1.04267132	56.200634	1.00648918	0.18369980095710872	0.00870365	3e-05
-0.0195	-0.2625	-0.2798	0.005602506898901799	-0.0011885692206081383	0.0002129301687433082	0.98875952	53.29475403	0.97661194	0.046697442586766606	0.00955039	8e-05
-0.011	-0.3853	-0.3099	0.006113888369736136	-0.0011885692206081383	0.00034033920413889426	1.03337145	55.69936371	1.00942428	0.19333952531149615	0.0101365	3e-05
-0.0074	-0.3241	-0.2965	0.006176720222807932	-0.0011397000015522971	0.00035604716740684323	0.99962974	53.88066483	0.98473389	0.08457045176977929	0.0102662	3e-05
-0.017	-0.2676	-0.2444	0.005811946409141117	-0.0010716321607245184	0.00027576202181510406	1.03925514	56.01650238	1.00175999	0.1438563400043166	0.00977588	9e-05
-0.0155	-0.301	-0.2828	0.006122615015996109	-0.001069886831472524	0.0003577924966588376	1.00442839	54.13931656	0.9817797	0.09302222054753596	0.00936496	3e-05
-0.0113	-0.3715	-0.3025	0.006147049625524028	-0.0011711159280881952	0.0004625122517784973	0.99216086	53.47808838	0.97996146	0.10591917306316252	0.00927818	4e-05
-0.0113	-0.3305	-0.3022	0.006061528492176306	-0.0012269664641520136	0.0004433136300065597	0.99494916	53.62837982	0.96506965	0.04932851455917387	0.00911582	3e-05
-0.0141	-0.2861	-0.2762	0.005784021141109208	-0.0012897983172238095	0.0003787364476827695	1.0274502	55.38020325	0.99501644	0.09344581932313423	0.00916469	5e-05
-0.0173	-0.2015	-0.2455	0.005407030022678433	-0.0013124875974997359	0.00028797932657906436	1.03183079	55.61632156	1.00581282	0.14302187599052033	0.00946063	3e-05
-0.0206	-0.2975	-0.2852	0.005766567848589266	-0.001282817000215832	0.0003473205211468716	1.01792514	54.86680222	0.99475211	0.1614274808881272	0.00919682	1e-05
-0.0195	-0.365	-0.3055	0.006049311187412347	-0.001308996938995747	0.0003682644721708035	0.9799757	52.82130051	0.97191339	0.1053933614313464	0.0104192	3e-05
-0.0202	-0.3297	-0.2972	0.006176720222807932	-0.0012461650859239514	0.000317649923862968	1.01948774	54.9510231	0.9824017	0.05634277183876079	0.0107335	6e-05
-0.0231	-0.258	-0.2501	0.005621705520673735	-0.0012025318546240932	0.0002007128639793479	1.03331101	55.69610977	0.99914655	0.15747924966588378	0.0102484	3e-05
-0.0216	-0.2392	-0.2494	0.005536184387326013	-0.0012426744274199627	0.00019547687622336493	0.98165083	52.91159058	0.97552751	0.02754498469497873	0.0100899	2e-05
-0.0221	-0.3745	-0.2887	0.005984734005088556	-0.0012077678423800758	0.000317649923862968	1.06009305	57.13967514	1.02618444	0.20538146252210163	0.00992358	3e-05
-0.0136	-0.3556	-0.298	0.006113888369736136	-0.001281071670963838	0.00035430183815484887	0.95986605	51.73737717	0.96023918	0.04865550537616112	0.0100404	3e-05
-0.0174	-0.2901	-0.2329	0.005530948399570031	-0.001291543646475804	0.0002181661564992912	1.03183687	55.61664963	1.00691372	0.17087738136668143	0.00889033	3e-05
-0.0208	-0.1841	-0.2082	0.005152211951887261	-0.0013369222070276565	0.00013962634015954637	1.02947176	55.48916626	1.05886338	0.15923274122871833	0.00988287	4e-05
-0.0197	-0.3414	-0.2543	0.005618214862169747	-0.001350884841043611	0.0002478367537831948	1.06835723	57.58512115	1.08489989	0.2339087978961044	0.00921696	5e-05
-0.0198	-0.3943	-0.2851	0.005757841202329294	-0.0012688543661998775	0.0002897246558310587	0.99323422	53.53594208	0.97780016	0.0969772358525572	0.0098139	4e-05
-0.0262	-0.3444	-0.2728	0.005729915934297383	-0.00102799892942466	0.00010471975511965978	0.9948132	53.62105179	0.97831569	0.0912892802759264	0.00983459	4e-05
-0.0135	-0.2238	-0.2038	0.004780456821212468	-0.0011780972450961724	0.00014137166941154068	1.08885956	58.69020844	1.04522098	0.25911046715241537	0.00913203	3e-05
-0.0067	-0.2382	-0.2116	0.004717624968140673	-0.0012531464029319286	0.00016406094968746698	1.00965679	54.42112732	0.989402	0.03702851455917386	0.00870669	7e-05
-0.0043	-0.3804	-0.2526	0.005169665244407204	-0.0012636183784438947	0.00022165681500327985	1.0758909	57.99118805	1.03745111	0.21160540585471552	0.00906277	6e-05
-0.0034	-0.3366	-0.2347	0.005120796025351363	-0.0012322024519079964	0.0002129301687433082	1.02448595	55.22042847	0.99366124	0.06705058959258556	0.00910228	2e-05
-0.0053	-0.2028	-0.18	0.00441044701978967	-0.0012740903539558604	0.00011693705988362007	1.09491634	59.01667404	1.0498201	0.23281150082346225	0.00962776	4e-05
0.0	-0.3189	-0.2286	0.004593706591249075	-0.001329940890019679	0.0002199114857512855	1.05031574	56.61267471	1.02434143	0.1871042266695445	0.00826144	5e-05
0.0062	-0.3834	-0.2635	0.004858996637552213	-0.0015271630954950383	0.000317649923862968	0.99092227	53.41132736	0.98610936	0.133612534494509	0.00936532	2e-05
0.004	-0.3319	-0.2443	0.0049864056729478	-0.0014835298641951804	0.00024085543677521747	1.01287758	54.59473419	0.98521967	0.08529183768915982	0.00858587	6e-05
-0.0032	-0.2007	-0.1879	0.004403465702781694	-0.001350884841043611	0.00013439035240356338	1.09744728	59.15309525	1.05807637	0.23590250388446649	0.0088498	8e-05
-0.0013	-0.3165	-0.2472	0.004715879638888678	-0.0013177235852557187	0.00020420352248333657	1.05453372	56.84002304	1.03699325	0.19776941809873247	0.00777161	3e-05
0.0036	-0.364	-0.2594	0.005103342732831419	-0.001281071670963838	0.00021118483949131387	0.9858467	53.13775253	0.97327653	0.08615481626212995	0.00835299	2e-05
0.0008	-0.2874	-0.2059	0.004860741966804208	-0.001296779634231787	0.00012740903539558605	1.02017415	54.98802185	1.00155712	0.1500042266695444	0.00841999	4e-05
-0.0007	-0.2415	-0.2089	0.004632103834792951	-0.0013386675362796509	0.00012217304763960306	0.98697877	53.19877243	0.98574392	0.06418810109075518	0.00844669	3e-05
0.0043	-0.3772	-0.2437	0.004996877648459765	-0.001377064779823526	0.0002565634000431664	1.04879856	56.53089905	1.02234625	0.20237807048071263	0.00926292	4e-05
0.0086	-0.3355	-0.2364	0.005080653452555493	-0.0014172073526193955	0.00033335788713091696	1.00224376	54.02156067	0.98000158	0.06333564319896735	0.00886732	3e-05
-0.001	-0.2515	-0.1882	0.004670501078336825	-0.0013124875974997359	0.0002373647782712288	1.05225921	56.71743011	1.01063381	0.1723432619099008	0.00969845	5e-05
-0.0007	-0.2852	-0.2301	0.00499862297771176	-0.0012374384396639797	0.0002617993877991494	1.00851142	54.35939407	0.98677966	0.09728028333693056	0.0095275	5e-05
0.0029	-0.3573	-0.2495	0.005419247327442393	-0.0012322024519079964	0.0003438298626428829	1.00110435	53.96014786	0.98699777	0.12049454061651747	0.00976509	4e-05
0.0004	-0.3128	-0.2295	0.005436700619962336	-0.0012164944886400475	0.00027750735106709843	1.01944089	54.94850159	0.9923543	0.07197418836818377	0.00969857	4e-05
-0.0078	-0.2387	-0.1953	0.005068436147791533	-0.0010960667702524388	0.00017802358370342162	1.03037989	55.53812027	1.0024245	0.1459087978961044	0.00965762	3e-05
-0.0087	-0.3275	-0.2366	0.005372123437638546	-0.0010035643198967395	0.00017627825445142725	1.02286017	55.13280106	1.00176132	0.15089675347273535	0.0101153	3e-05
-0.007	-0.3593	-0.2296	0.005419247327442393	-0.0010245082709206715	0.00017802358370342162	0.98560667	53.12481308	0.97298679	0.04399065850398864	0.0101309	3e-05
-0.009	-0.3149	-0.2292	0.005616469532917752	-0.0009773843811168245	0.00016231562043547262	0.97665799	52.64247513	1.0093262	0.059802702927357766	0.00951368	4e-05
-0.0094	-0.3059	-0.2166	0.005564109655357922	-0.0009773843811168245	0.00013264502315156904	0.99286479	53.51602936	1.00342486	0.02610152374218671	0.01026	2e-05
-0.0175	-0.2312	-0.1756	0.005291838292046808	-0.000895353906273091	4.18879020478639e-05	1.03229547	55.64136887	1.02845837	0.1460529479629276	0.0106431	8e-05
-0.0146	-0.2897	-0.1996	0.005482079180514189	-0.000926769832808989	9.948376736367679e-05	0.9926728	53.5056839	1.01379478	0.09936263401595459	0.0100698	2e-05
-0.0104	-0.3643	-0.215	0.005674065398233566	-0.0009634217471008699	0.000158824961931484	0.98770428	53.23787689	0.97688195	0.10859896632895324	0.010362	4e-05
-0.0143	-0.3051	-0.2023	0.0057037359955174685	-0.0008360127117052838	0.00014660765716752367	1.00328779	54.0778389	0.97891539	0.08426484687217249	0.0111538	3e-05
-0.0167	-0.2559	-0.1652	0.005368632779134557	-0.0007173303225696694	0.0001012290966156711	1.00448358	54.14228821	0.99646937	0.11365820830351887	0.0110415	0.0001
-0.0126	-0.3229	-0.2015	0.005743878568313338	-0.0007819075048934597	0.00016929693744344995	0.99034131	53.38001251	0.98796002	0.1327945406165175	0.0107456	0.00012
-0.0155	-0.3707	-0.2154	0.005953318078552658	-0.0006859143960337716	0.00015009831567151235	0.99411553	53.5834465	0.97910811	0.08083156204354723	0.0107399	8e-05
-0.0165	-0.3097	-0.1801	0.005419247327442393	-0.0008063421144213803	0.00014311699866353502	1.01929069	54.94040298	0.99655194	0.13037398932529257	0.00985378	0.00012
-0.0176	-0.1813	-0.1449	0.004982915014443811	-0.0009896016858807848	0.00010995574287564276	1.05138779	56.67045975	1.02495459	0.19733765701229397	0.0117614	0.00028
-0.0187	-0.319	-0.1656	0.005286602304290824	-0.001022762941668677	0.00015707963267948963	1.04059052	56.08847809	1.04943674	0.17869862177193763	0.0119337	0.0003
-0.0183	-0.4414	-0.1966	0.005801474433629152	-0.0010070549784007281	0.00018675022996339323	1.03103316	55.57332993	1.0426053	0.181812534494509	0.0128071	0.00035
-0.0233	-0.3954	-0.2109	0.005988224663592545	-0.0009546951008408983	0.00019024088846738194	1.01394248	54.65213013	0.99044584	0.07743003830136062	0.0121066	0.0003
-0.0242	-0.3029	-0.1783	0.005722934617289407	-0.001043706892692609	0.00012217304763960306	1.03793752	55.94547653	1.0094204	0.1471184839491314	0.0112573	0.00028
-0.0272	-0.1896	-0.1346	0.005304055596810768	-0.0010245082709206715	1.9198621771937625e-05	1.05066371	56.63143158	1.19360565	0.1870526034059121	0.0120795	0.00034
-0.0243	-0.2378	-0.1622	0.005452408583230286	-0.0010367255756846318	9.599310885968811e-05	0.97965062	52.8037796	1.00167432	0.09056823891356147	0.0110477	0.00017
-0.0237	-0.3534	-0.1885	0.005932374127528725	-0.0009546951008408983	0.00014137166941154068	1.0292418	55.47677612	1.07620574	0.17286872898470124	0.0112408	0.00013
-0.0227	-0.3669	-0.197	0.006085963101704227	-0.0009651670763528643	0.00010995574287564276	1.01405108	54.65798569	0.98860688	0.03277384381116832	0.0101867	0.0001
-0.0315	-0.2976	-0.166	0.005972516700324595	-0.000853466004225227	0.0	1.02629507	55.31794357	1.00305526	0.12585516081914566	0.010919	6e-05
-0.0244	-0.1497	-0.0769	0.006243042734383717	-0.0011623892818282235	0.00013962634015954637	1.16341531	62.70881271	1.35215889	0.2800537825910832	0.01617	0.00202
-0.0195	-0.1472	-0.0317	0.007360053455660089	-0.001181587903600161	0.0003595378259108319	1.05043352	56.61902237	1.33551898	0.12040604143997977	0.0222811	0.01072
-0.0199	-0.2318	-0.0216	0.008007570608149984	-0.0009075712110370514	0.0004485496177625427	1.0190357	54.92665863	1.04771378	0.1456272818452358	0.0261739	0.01546
-0.0118	-0.4663	-0.0663	0.009279915632853849	-0.0009913470151327792	0.000609119908946021	1.19331038	64.32017517	1.52762655	0.3631345559991536	0.0285641	0.01414
-0.0081	-0.6378	-0.133	0.00955044166691297	-0.0010297442586766543	0.0003944444109507184	1.12470305	60.62219238	1.15002623	0.26807993877991504	0.0294873	0.01266
-0.0095	-0.6439	-0.1628	0.008866272600131194	-0.0011449359893082802	0.00019896753472735358	1.11774337	60.24706268	1.07495598	0.08704188368183835	0.0277755	0.00806
-0.0154	-0.5443	-0.2142	0.008976228343006836	-0.0011362093430483087	0.0003961897402027128	1.10540652	59.58209991	1.12664907	0.17269522973054863	0.0206625	0.00211
-0.025	-0.3668	-0.2948	0.009065240134858547	-0.001117010721276371	0.00041015237421866745	1.16384542	62.73199463	1.13515057	0.2738086523819801	0.0145337	0.00024
-0.0285	-0.1752	-0.2669	0.008628907821859965	-0.0010157816246606998	0.00014486232791552936	1.15105426	62.04254532	1.21103233	0.2631425727958695	0.014851	0.00065
-0.0271	-0.066	-0.2874	0.008429940287132611	-0.001192059879112127	0.00018675022996339323	1.05231249	56.72029877	1.0688591	0.15195668456133218	0.0163233	0.00132
-0.0259	-0.064	-0.2751	0.008508480103472356	-0.0010768681484805013	0.00016929693744344995	0.97338611	52.46611786	0.98601723	0.026059241974565665	0.0158563	0.00137
-0.0251	-0.0831	-0.252	0.008244935386421213	-0.0009651670763528643	0.0002024581932313422	0.96735358	52.14096069	1.04338009	0.06342035224833363	0.015596	0.00089
-0.0233	-0.1846	-0.2583	0.008138470302049559	-0.0011309733552923255	0.00027750735106709843	0.99523538	53.64380646	1.02901149	0.12696602605734353	0.0125253	0.0002
-0.0201	-0.1918	-0.177	0.007801621756414652	-0.0013927727430914749	0.0003630284844148205	1.02948093	55.48966217	1.07397702	0.12590845333908893	0.0144369	0.00118
-0.0222	-0.2713	-0.0878	0.007829547024446562	-0.0011082840750163993	0.000317649923862968	1.09907031	59.24057388	1.08738497	0.18868962483294188	0.0195931	0.0044
-0.0188	-0.448	-0.0553	0.007974409352362091	-0.0012426744274199627	0.00038571776469074686	1.09569979	59.05890274	1.18721054	0.2299660260573436	0.0238939	0.00723
-0.0149	-0.5953	-0.074	0.00819083017960939	-0.0012932889757277981	0.0007243116395776468	1.04183781	56.15570831	1.04789834	0.20018146252210167	0.027921	0.0111
-0.0128	-0.6494	-0.1244	0.008473573518432469	-0.0014067353771074296	0.0008988445647770796	1.03066528	55.55350113	1.03734748	0.13513613327010707	0.0275781	0.01071
-0.0079	-0.5663	-0.131	0.008564330639536174	-0.001408480706359424	0.0009773843811168245	1.04597473	56.37868881	1.05575881	0.1031521133347722	0.0248833	0.00703
-0.0108	-0.4368	-0.1697	0.008443902921148567	-0.0014782938764391971	0.000947713783832921	1.10326886	59.4668808	1.09455855	0.1820955742875642	0.0197017	0.00305
-0.0141	-0.3285	-0.2865	0.007293730944084303	-0.0016929693744344998	0.0008185594191853405	1.23075855	66.33865356	1.19246112	0.30310009198535726	0.0132391	0.0004
-0.004	-0.1935	-0.1984	0.0054873151682701725	-0.0015638150097869194	0.0007888888219014368	1.14786291	61.87052536	1.12628277	0.3314620368872807	0.0120414	0.00049
-0.0039	0.0194	-0.096	0.004885176576332128	-0.0015271630954950383	0.0006841690667817771	1.21600306	65.5433197	1.42244026	0.3525755130674793	0.0194538	0.00507
-0.0041	-0.0888	-0.1344	0.005290092962794812	-0.001446877949903299	0.000731292956585624	1.02551353	55.27582169	1.10101447	0.17341627109291352	0.0152991	0.00145
-0.0016	-0.2207	-0.1736	0.005429719302954359	-0.0013124875974997359	0.0008063421144213803	1.05478275	56.85344696	1.03723797	0.19105329251994332	0.0121347	0.0003
0.0003	-0.3219	-0.2161	0.00544193660771832	-0.001462585913171248	0.0009040805525330626	1.0219475	55.08361053	1.14335119	0.15860270292735776	0.011218	0.00016
-0.0066	-0.3162	-0.124	0.004703662334124718	-0.0015428710587629874	0.0007888888219014368	1.04566109	56.36178589	1.06684961	0.1513875574908484	0.0126407	0.00017
-0.0131	-0.285	-0.0999	0.004469788214357478	-0.001439896632895322	0.0007661995416255106	0.98567438	53.12846375	1.02360695	0.07977689129554162	0.0128593	0.0003
-0.014	-0.457	-0.1325	0.005010840282475721	-0.001361356816555577	0.0008360127117052838	1.07211161	57.78748703	1.04405004	0.23997025272688807	0.0148681	0.00067
-0.0065	-0.6681	-0.2018	0.006087708430956222	-0.001467821900927231	0.000879645943005142	1.18936372	64.10744476	1.1267856	0.3492483232076007	0.020848	0.0026
-0.0056	-0.6271	-0.2061	0.0060911990894602095	-0.0014608405839192536	0.0009546951008408983	1.00359499	54.09439468	0.9961586	0.050476056667386096	0.0190734	0.00171
-0.0098	-0.4647	-0.2405	0.006089453760208215	-0.0014119713648634124	0.0009459684545809266	1.06930161	57.63602066	1.05333496	0.20396705972839035	0.0136268	0.00023
-0.0064	-0.3221	-0.2501	0.006073745796940267	-0.001462585913171248	0.0009948376736367678	1.02845061	55.43412781	1.01392464	0.16135958653158128	0.0109388	0.00016
-0.0043	-0.2046	-0.2565	0.006047565858160352	-0.0015132004614790836	0.0009669124056048585	1.01984453	54.97025681	1.00694194	0.13123598775598297	0.0114024	0.00028
-0.0039	-0.1242	-0.2651	0.006045820528908357	-0.001595230936322817	0.0009128071987930344	0.99221343	53.4809227	1.00110772	0.09629405054537764	0.0123827	0.0003
-0.0026	-0.1194	-0.2546	0.005946336761544681	-0.0016441001553786586	0.0009197885158010115	0.97480643	52.54267502	1.01276723	0.02436671517137475	0.012924	0.00036
-0.0003	-0.1821	-0.2605	0.005942846103040692	-0.0016598081186466073	0.0009704030641088471	0.98340881	53.00634766	1.07326499	0.07439065850398865	0.0117546	0.00014
0.0019	-0.2887	-0.2718	0.006265732014659643	-0.0016423548261266642	0.0010175269539126942	1.0121274	54.55429459	0.9979033	0.13947315469713703	0.011648	0.00013
0.0022	-0.3771	-0.2744	0.006384414403795257	-0.0015987215948268059	0.0010122909661567112	0.99117893	53.42516327	0.97910147	0.09967758040957277	0.0122012	0.0001
0.0035	-0.4257	-0.2832	0.006511823439190843	-0.0016179202165987434	0.0010524335389525807	0.96109062	51.80338287	0.96253919	0.06803751149816972	0.0132648	0.00013
0.0055	-0.4502	-0.2893	0.006464699549386996	-0.0016231562043547262	0.0011431906600562858	0.99113625	53.42286301	0.96759357	0.039755849933176726	0.0129045	0.0002
0.0042	-0.3963	-0.2366	0.006138322979264057	-0.001616174887346749	0.0009826203688728075	1.02165973	55.06809616	1.00488333	0.13259640891571972	0.0121453	0.00016
-0.0007	-0.2546	-0.168	0.005420992656694387	-0.0015358897417550098	0.00091106186954104	1.07897484	58.15741348	1.04953214	0.2586586983746588	0.0128142	0.00021
-0.0026	-0.27	-0.1548	0.005298819609054784	-0.0014049900478554352	0.0008936085770210966	0.94905037	51.1544075	0.96158023	0.044026301702956086	0.0132652	0.00019
-0.0003	-0.3524	-0.1767	0.005605997557405786	-0.0014835298641951804	0.0009651670763528643	0.9765116	52.63458252	0.97788322	0.1294638132011257	0.0119697	0.00018
0.0057	-0.4322	-0.1885	0.005834635689417044	-0.0014870205226991688	0.0009756390518648303	0.98056549	52.85309219	0.98287748	0.1097300383013606	0.01253	0.00019
0.0076	-0.4037	-0.2034	0.0060405845411523745	-0.0015777776438028737	0.0010035643198967395	0.9537223	51.40622711	0.96165787	0.061531562043547205	0.0114813	8e-05
0.0084	-0.3429	-0.2458	0.006187192198319898	-0.0018325957145940458	0.0010245082709206715	0.98912412	53.31440735	0.98832059	0.1251184839491314	0.0100691	4e-05
0.0047	-0.2857	-0.2271	0.0060911990894602095	-0.0018605209826259553	0.0009965830028887623	0.98734939	53.21874619	0.97498674	0.08719218224617532	0.0096277	4e-05
0.0034	-0.1775	-0.2036	0.005710717312525446	-0.001858775653373961	0.000890117918517108	1.02625072	55.31555176	1.19907741	0.1574346095279206	0.0103343	0.00011
0.0084	-0.3034	-0.2781	0.006274458660919614	-0.0018989182261698304	0.0009704030641088471	1.05670404	56.95700836	1.22272996	0.23960845333908884	0.0094592	3e-05
0.0011	-0.3655	-0.3348	0.006230825429619756	-0.001609193570338772	0.0008674286382411819	1.00030077	53.91683197	0.99389574	0.14791661564992903	0.00935513	2e-05
-0.0016	-0.34	-0.3234	0.00616799357654796	-0.0016615534478986017	0.0008185594191853405	0.93348575	50.31546402	0.94421074	0.04780304748437332	0.00876611	2e-05
-0.0017	-0.3031	-0.2783	0.005993460651348527	-0.0017226399717184032	0.0007679448708775049	0.98244536	52.95441818	0.9780215	0.09641169986635352	0.00864285	2e-05
-0.001	-0.2531	-0.236	0.005518731094806069	-0.0017575465567582897	0.0007661995416255106	1.01706457	54.8204155	0.99383942	0.11856907354171692	0.00857604	6e-05
0.0	-0.3942	-0.2958	0.006115633698988131	-0.0018675022996339327	0.0008552113334772215	1.06556034	57.43436813	1.03183171	0.2416935069454708	0.00929558	6e-05
0.0033	-0.4022	-0.2966	0.006209881478595825	-0.0019041542139258136	0.0008813912722571365	0.98035949	52.84198761	0.96411492	0.019953981633974462	0.0108009	7e-05
0.0034	-0.3736	-0.3157	0.0062727133316676205	-0.002007128639793479	0.0008447393579652555	0.96923989	52.24263382	0.96065841	0.05792290966156713	0.00986272	4e-05
-0.0	-0.2888	-0.2709	0.00589397688398485	-0.0019355701404617114	0.000736528944341607	1.00336897	54.08221436	0.98822549	0.16092526803190932	0.00929934	3e-05
-0.0003	-0.3136	-0.2875	0.005979498017332573	-0.002054252529597326	0.0007871434926494425	0.99643987	53.70872879	0.9842577	0.05444090353955862	0.00852317	5e-05
-0.0004	-0.3691	-0.3236	0.0061959188445798695	-0.0019024088846738192	0.0007941248096574199	0.99534965	53.64996719	0.98299781	0.11046228945893909	0.0099569	4e-05
0.0005	-0.3407	-0.3273	0.006202900161587847	-0.0019006635554218248	0.0008063421144213803	1.00219882	54.01914215	0.97772882	0.03404719755119658	0.00976861	4e-05
-0.0011	-0.2027	-0.2469	0.005475097863506211	-0.0018238690683340744	0.0005969026041820607	1.11828423	60.2762146	1.06255358	0.27070181477043526	0.00909609	4e-05
-0.008	-0.1798	-0.182	0.005166174585903216	-0.0013962634015954637	0.0005550147021341969	1.01680207	54.80626297	1.00651436	0.13362084231947352	0.0106183	5e-05
-0.0027	-0.3653	-0.2058	0.005707226654021458	-0.001450368608407288	0.0005951572749300663	1.08805287	58.64672852	1.05380869	0.24636499238629683	0.00948089	4e-05
0.0007	-0.4838	-0.2572	0.006194173515327876	-0.0015638150097869194	0.0006213372137099814	1.02112937	55.03950882	1.00449887	0.20462866007329816	0.0112516	4e-05
0.006	-0.4983	-0.3146	0.006379178416039275	-0.0017610372152622785	0.0007853981633974483	0.98663008	53.17997742	0.97978133	0.10451440279371128	0.0117745	4e-05
0.0109	-0.4494	-0.3357	0.006077236455444256	-0.0014974924982111347	0.0008604473212332044	1.01537645	54.72942352	0.99726799	0.10692679177409596	0.0110481	8e-05
0.0044	-0.4197	-0.5095	0.0035796702958403696	0.0001658062789394613	0.0006894050545377602	1.44030952	77.63358307	1.45068994	0.42659536017249616	0.0179766	0.00229
-0.0045	-0.2348	-0.4349	0.003897320219703338	-1.3962634015954635e-05	0.0004904375198104066	1.15622735	62.3213768	1.1841582	0.30321931857728684	0.0128092	0.0001
-0.0015	-0.2888	-0.4403	0.004694935687864747	-0.0003385938748868999	0.00048345620280242926	0.97233868	52.40966034	0.97664337	0.11886140130201658	0.0114099	0.0001
-0.0023	-0.2771	-0.4313	0.005150466622635266	-0.0004258603374866164	0.0004956735075663896	0.96363646	51.94060516	0.9604492	0.04925073510670978	0.011068	5e-05
-0.0008	-0.2759	-0.4127	0.0052447144022429604	-0.000445058959258554	0.0004921828490624009	0.96683246	52.11287308	0.96399055	0.027146852994181098	0.0103505	7e-05
-0.0034	-0.2651	-0.398	0.005424483315198376	-0.0003665191429188092	0.00045553093477052	0.94985652	51.1978569	0.94952845	0.04284803217935203	0.0100058	3e-05
-0.0014	-0.3403	-0.3972	0.005791002458117186	-0.00041189770347066176	0.0005358160803622592	0.97242671	52.41440582	0.99440213	0.10260914245312008	0.0105832	2e-05
0.0	-0.3656	-0.3913	0.00601091394386847	-0.000460766922526503	0.0005689773361501514	0.98588806	53.13998032	0.99795097	0.04769709802975089	0.0118333	2e-05
0.0007	-0.3787	-0.3857	0.00613134166225608	-0.0005288347633542819	0.000614355896702004	0.99392343	53.57309341	0.97734672	0.03109370598836207	0.0114647	5e-05
0.004	-0.3848	-0.3806	0.006127851003752092	-0.0005724679946541401	0.0007155849933176752	0.97837114	52.73481369	0.96784533	0.02191764932097588	0.011315	4e-05
0.007	-0.3537	-0.3473	0.005972516700324595	-0.000736528944341607	0.0006981317007977319	0.98399729	53.03806686	0.97550077	0.08424242728174532	0.0100868	1e-05
0.0034	-0.2834	-0.3387	0.005876523591464907	-0.0006771877497737998	0.0006998770300497262	0.9918465	53.46114349	0.97555154	0.09035398163397448	0.00879151	4e-05
0.0095	-0.4107	-0.3714	0.006236061417375739	-0.0007138396640656808	0.0008569566627292158	1.02212512	55.09318161	1.00509972	0.19376346864411012	0.0121987	4e-05
0.0077	-0.3865	-0.3683	0.006487388829662923	-0.000731292956585624	0.0008429940287132613	0.96478713	52.00262833	0.96449193	0.04323716694115405	0.0116022	6e-05
0.0084	-0.3315	-0.3521	0.006267477343911637	-0.0007906341511534313	0.0008831366015091308	0.97053081	52.3122139	0.97063879	0.08786976265574814	0.0115263	6e-05
0.0049	-0.2767	-0.3352	0.006176720222807932	-0.0006928957130417488	0.0007906341511534313	0.9812699	52.89105988	0.97867205	0.08924990047855438	0.0102522	5e-05
0.0061	-0.3402	-0.3573	0.006602580560294549	-0.0006667157742618339	0.0008552113334772215	0.97836107	52.734272	0.97575384	0.11263087292951612	0.0106093	5e-05
0.0108	-0.3223	-0.3495	0.006944665093685436	-0.0006841690667817771	0.000900589894029074	0.97373593	52.48497391	0.9663066	0.0506458193231342	0.0104086	6e-05
0.0084	-0.2763	-0.3224	0.006426302305843123	-0.0007243116395776468	0.0008621926504851988	0.9733541	52.46439362	0.97446884	0.10534513020910284	0.00875723	2e-05
0.0066	-0.3049	-0.3244	0.006330309196983434	-0.000874409955249159	0.0009721483933608416	0.94997853	51.20443344	0.96450847	0.05020235837034218	0.00893837	5e-05
0.007	-0.4369	-0.3791	0.006941174435181449	-0.0008709192967451704	0.0010088003076527223	1.04874003	56.52774429	1.02314542	0.21965039054969415	0.0111607	6e-05
0.0034	-0.4151	-0.3685	0.007117452689632876	-0.0008429940287132613	0.0010803588069844899	0.96895564	52.227314	0.96463836	0.04978810109075517	0.0120341	0.00013
0.0017	-0.3078	-0.3135	0.006541494036474748	-0.0007400196028455958	0.0009983283321407565	1.0403192	56.07385635	1.01754904	0.20204817769347633	0.0100194	6e-05
0.0037	-0.3216	-0.3474	0.006710790973918196	-0.0007714355293814937	0.0010925761117484504	0.97519922	52.56384659	0.98019927	0.064448032179352	0.0108877	5e-05
0.0061	-0.429	-0.3811	0.007190756518216637	-0.0009023352232810684	0.0011117747335203881	1.0126158	54.58061981	1.00735266	0.17500319299849765	0.0132669	9e-05
0.0028	-0.3629	-0.3645	0.007152359274672762	-0.0008168140899333463	0.0009616764178488756	1.01732266	54.83432388	0.98975269	0.09970083462815549	0.0120878	6e-05
-0.0018	-0.2322	-0.3032	0.006639232474586429	-0.000757472895365539	0.0009389871375729493	1.07915318	58.16702652	1.04192997	0.22635786374650327	0.00999719	4e-05
-0.0048	-0.2669	-0.3036	0.006517059426946826	-0.0007906341511534313	0.0008883725892651138	0.96603012	52.06962585	0.96727462	0.04839744258676653	0.00993365	8e-05
-0.0024	-0.3836	-0.3495	0.007030186227033159	-0.0008656833089891874	0.0009459684545809266	1.00525177	54.18369675	0.99276598	0.197288591161895	0.0106795	5e-05
-0.0049	-0.4066	-0.3636	0.007307693578100258	-0.0008220500776893293	0.0009581857593448868	0.94386458	50.87488937	0.9532117	0.05626789435654592	0.0110414	3e-05
-0.0054	-0.3066	-0.2927	0.006499606134426883	-0.0009459684545809266	0.0008429940287132613	1.03220034	55.63624191	1.01318225	0.22375987755982993	0.00891542	2e-05
-0.0128	-0.2629	-0.287	0.006017895260876448	-0.0007819075048934597	0.0007155849933176752	0.97023737	52.29639816	1.15996764	0.0954590429316744	0.00875461	6e-05
-0.019	-0.414	-0.3764	0.006663667084114349	-0.000778416846389471	0.0006736970912698113	1.08391559	58.42372513	1.22725644	0.28125751918948766	0.0114225	7e-05
-0.0223	-0.448	-0.3945	0.007086036763096978	-0.0008237954069413235	0.0006667157742618339	0.98085475	52.86868286	0.97643748	0.07913647782712299	0.0124355	8e-05
-0.0174	-0.3555	-0.3367	0.006794566778013924	-0.0008761552845011534	0.0006579891280018621	1.05279279	56.7461853	1.02318187	0.17282782544514283	0.0105413	4e-05
-0.0199	-0.2053	-0.2717	0.006014404602372459	-0.0008988445647770796	0.0005427973973702365	1.10837948	59.7423439	1.06781956	0.2636021593274508	0.00964653	7e-05
-0.0192	-0.3609	-0.3259	0.006440264939859076	-0.000926769832808989	0.0005846852994181004	1.06538939	57.42515564	1.03506689	0.23528367537831957	0.00983173	3e-05
-0.0196	-0.4219	-0.3653	0.006853907972581732	-0.0009564404300928925	0.0006283185307179585	0.98076183	52.86367416	0.97354856	0.12514734306532088	0.0114099	4e-05
-0.0204	-0.3725	-0.3628	0.006963863715457375	-0.0010070549784007281	0.0006597344572538566	1.08611917	58.54249954	1.0170896	0.0622993108859688	0.0115873	0.00031
-0.0203	-0.2981	-0.3171	0.006571164633758651	-0.001001818990644745	0.0005689773361501514	1.0881958	58.65443039	1.0279066	0.14463460952792065	0.0104737	0.0002
-0.0174	-0.2362	-0.2778	0.006222098783359784	-0.0010175269539126942	0.0005602506898901797	1.03406084	55.73652267	1.03865967	0.12277502299633936	0.00900704	4e-05
-0.0155	-0.3625	-0.3388	0.006459463561631013	-0.0010210176124166828	0.0005497787143782138	1.07001877	57.6746788	1.06982081	0.20176637061435915	0.00945491	5e-05
-0.0156	-0.4349	-0.3724	0.006752678875966061	-0.001075122819228507	0.0006300638599699529	0.990807	53.40511322	0.98044041	0.1274802833369306	0.0111482	3e-05
-0.0162	-0.3384	-0.3149	0.006462954220135002	-0.0010367255756846318	0.0005427973973702365	1.02686834	55.34884644	1.00761095	0.17536941809873252	0.00889117	4e-05
-0.013	-0.2702	-0.3068	0.006267477343911637	-0.001090830782496456	0.0005235987755982988	0.99112141	53.42206192	0.98896785	0.09293903524035632	0.00863779	2e-05
-0.0191	-0.4355	-0.3788	0.006646213791594407	-0.0011239920382843482	0.0005340707511102648	1.09205437	58.8624115	1.05882497	0.26451848394913147	0.0111481	5e-05
-0.0198	-0.4394	-0.3883	0.0065606926582466845	-0.0011606439525762293	0.0005532693728822024	0.97278208	52.43355942	0.96960403	0.021168583470577026	0.0128056	0.00012
-0.0229	-0.3481	-0.3737	0.006640977803838424	-0.0011379546723003027	0.0005061454830783556	1.00055826	53.93071365	0.98979461	0.11650491578357562	0.0107203	7e-05
-0.0237	-0.2285	-0.31	0.006176720222807932	-0.0011152653920243766	0.00039968039870670147	1.04414964	56.28031921	1.02858273	0.2137705972839036	0.00942194	6e-05
-0.0227	-0.3275	-0.3564	0.006483898171158934	-0.0011309733552923255	0.00042760566673861073	1.01182151	54.53780746	0.9990199	0.16394055898254303	0.00972402	3e-05
-0.0178	-0.4534	-0.4069	0.006827728033801816	-0.001192059879112127	0.0005340707511102648	1.04022717	56.06889343	1.02547452	0.20686907354171688	0.0123933	0.0001
-0.015	-0.397	-0.4054	0.006825982704549823	-0.0012845623294678264	0.000609119908946021	0.96436453	51.97985077	0.96206888	0.06916484687217243	0.0119347	4e-05
-0.0069	-0.2792	-0.3114	0.006082472443200237	-0.0013072516097437528	0.0005707226654021458	1.08365929	58.40991211	1.04376521	0.26012983925846933	0.00969964	0.0001
-0.0087	-0.2889	-0.3294	0.006122615015996109	-0.0012758356832078548	0.0005323254218582705	0.97841769	52.73732376	0.97502366	0.034997787143782245	0.0097276	6e-05
-0.0081	-0.422	-0.3901	0.006487388829662923	-0.001239183768915974	0.0006178465552059926	1.04779315	56.47670364	1.02149866	0.21874734306532084	0.0117902	5e-05
-0.0094	-0.4175	-0.4129	0.006733480254194123	-0.001239183768915974	0.0005794493116621174	0.97265536	52.42673111	0.96989593	0.042824433403753775	0.0127336	9e-05
-0.0153	-0.3221	-0.3558	0.0064053583548191895	-0.001239183768915974	0.00048345620280242926	1.06214273	57.2501564	1.03241326	0.17960575041173107	0.0117205	0.00044
-0.0161	-0.2767	-0.3575	0.006391395720803235	-0.001322959573011702	0.00042411500823462205	1.00857627	54.36288834	1.0089018	0.055753981633974464	0.0101684	8e-05
-0.015	-0.4234	-0.4009	0.006757914863722044	-0.001281071670963838	0.000486946861306418	1.08018601	58.22270203	1.05387405	0.2147619449019234	0.0131435	0.00027
-0.0123	-0.3785	-0.3973	0.006784094802501958	-0.001308996938995747	0.0004991641660703782	0.98837769	53.27417374	0.97653176	0.05451612557878916	0.0116131	6e-05
-0.0124	-0.3625	-0.3852	0.0067038096569102205	-0.0013281955607676848	0.0005113814708343385	0.96279436	51.8952179	0.96269134	0.0337850536063818	0.0116704	0.00023
-0.0135	-0.3082	-0.3743	0.006592108584782582	-0.001377064779823526	0.0004258603374866164	0.96738976	52.14291	0.96981565	0.07860457122656006	0.0100855	3e-05
-0.018	-0.232	-0.3328	0.006386159733047251	-0.0013683381335635543	0.00029496064358704166	1.00627708	54.23896027	0.9992155	0.13947875959474387	0.0103772	6e-05
-0.0154	-0.328	-0.3592	0.006349507818755371	-0.0013945180723434693	0.0003473205211468716	1.00008857	53.90539932	0.99875929	0.1307595865315813	0.00970244	6e-05
-0.0114	-0.4632	-0.3966	0.0067369709126981125	-0.0014067353771074296	0.00042760566673861073	1.03910446	56.00838089	1.01477019	0.20059827721492204	0.0130848	7e-05
-0.0119	-0.4261	-0.3967	0.006801548095021902	-0.0014660765716752368	0.00041189770347066176	0.9878456	53.24549484	0.98377002	0.0446813170079773	0.0119296	9e-05
0.0025	-0.3702	-0.425	0.007005751617505238	-0.0019826940302655584	0.0003892084231947355	1.05361235	56.79036331	1.03932571	0.1357755130674792	0.0144733	0.00032
-0.0105	-0.3516	-0.4279	0.007351326809400116	-0.001514945790731078	0.0003298672286269283	0.99208343	53.4739151	0.99455712	0.07813323129985826	0.0122302	3e-05
-0.0188	-0.2879	-0.378	0.006686356364390277	-0.0013718287920675431	0.00019896753472735358	0.97595549	52.60461044	0.97488048	0.16884935687864752	0.0105037	4e-05
-0.033	-0.1685	-0.3569	0.006712536303170191	-0.001254891732183923	9.42477796076938e-05	1.02886581	55.45650864	1.07791067	0.16709183768915967	0.0110909	6e-05
-0.0272	-0.3797	-0.4332	0.007539822368615503	-0.001117010721276371	0.000153588974175501	1.1641314	62.74740601	1.16682231	0.34452541354603355	0.0129472	5e-05
-0.0234	-0.3979	-0.4277	0.007513642429835589	-0.001165879940332212	0.00013264502315156904	0.92751491	49.99363327	0.94554944	0.0322996554429843	0.0122919	4e-05
-0.0343	-0.3018	-0.3673	0.006871361265101675	-0.0012025318546240932	-8.028514559173915e-05	0.98576987	53.13360977	0.98191451	0.21199316238845517	0.0100384	3e-05
-0.0319	-0.2567	-0.3546	0.006771877497737999	-0.0011798425743481666	-3.141592653589793e-05	0.95921487	51.70227814	0.96649153	0.06875211333477221	0.0106937	0.00012
-0.0224	-0.4529	-0.4168	0.007419394650227894	-0.0012740903539558604	0.00012217304763960306	1.11018467	59.83964539	1.0688557	0.31266769531365446	0.013763	7e-05
-0.0207	-0.4426	-0.4197	0.0074787358447957015	-0.001218239817892042	0.0001256637061435917	0.92861122	50.05272293	0.94265349	0.02083411945678076	0.0132145	7e-05
-0.0248	-0.3143	-0.3602	0.0067491882174620715	-0.001239183768915974	-1.7453292519943294e-06	1.02295256	55.13778305	1.02506116	0.2357950306876573	0.00996602	9e-05
-0.0373	-0.2274	-0.3456	0.006351253148007365	-0.001296779634231787	-2.96705972839036e-05	0.98774523	53.24008179	0.99129754	0.13817281014012145	0.0101663	6e-05
-0.0279	-0.4018	-0.4088	0.007044148861049114	-0.0013631021458075715	0.0001012290966156711	1.07878006	58.14691544	1.04897345	0.2915058959258553	0.0114471	7e-05
-0.0286	-0.3928	-0.4231	0.007309438907352251	-0.0012740903539558604	9.250245035569947e-05	0.93372107	50.32814789	0.94150167	0.042151424220740974	0.0126806	8e-05
-0.0297	-0.2859	-0.393	0.0067648961807300215	-0.001181587903600161	-8.726646259971648e-06	0.99466503	53.61306381	0.99787048	0.1750137136796799	0.0100628	4e-05
-0.0337	-0.2625	-0.4218	0.006806784082777885	-0.0011536626355682519	-1.2217304763960308e-05	0.97225106	52.40493774	0.97945593	0.05986519142918805	0.0115507	0.00011
-0.0272	-0.4221	-0.4584	0.007407177345463934	-0.0012409290981679683	9.42477796076938e-05	1.05915129	57.08891678	1.04518638	0.24240624048287093	0.0134098	5e-05
-0.0331	-0.3616	-0.4152	0.007154104603924756	-0.0011676252695842063	-5.061454830783555e-05	0.98166049	52.91211319	0.97947536	0.13316194490192343	0.0114813	7e-05
-0.0386	-0.1863	-0.2924	0.006101671064972177	-0.0011501719770642632	-6.108652381980153e-05	1.19923103	64.63929749	1.13087575	0.3576179403492244	0.00994337	0.0002
-0.0332	-0.2077	-0.2174	0.005998696639104511	-0.0009948376736367678	-1.2217304763960308e-05	1.01160073	54.52590942	1.2387007	0.11715889741755012	0.0122499	0.001
-0.0213	-0.2954	-0.1566	0.00637743308678728	-0.0010000736613927507	7.504915783575618e-05	1.03716564	55.90387344	1.08975299	0.1839619449019234	0.0169036	0.00393
-0.0147	-0.3781	-0.1599	0.006668903071870333	-0.0008587019919812101	0.0002181661564992912	1.05005383	56.59855652	1.05148477	0.12139793265790642	0.0205631	0.00657
-0.0128	-0.7189	-0.2954	0.0074403386012518264	-0.0009285151620609833	0.00013788101090755203	1.48104608	79.82930756	1.6244458	0.5242766922526503	0.0264484	0.00591
-0.0124	-0.6576	-0.3203	0.007459537223023765	-0.0009337511498169664	0.00020943951023931956	1.0844326	58.45159149	1.03661625	0.09139965544298445	0.0216673	0.00227
-0.014	-0.5208	-0.3597	0.007367034772668065	-0.00091106186954104	0.00035430183815484887	1.11658561	60.18466187	1.07116165	0.19080270292735776	0.0166095	0.00027
-0.0271	-0.3944	-0.5127	0.007908086840786307	-0.0009913470151327792	0.0002251474735072685	1.20678425	65.04642487	1.16969523	0.3300245789178782	0.0169683	0.00019
-0.0294	-0.308	-0.6338	0.008494517469456403	-0.00029321531433504735	-0.00011693705988362007	1.10036516	59.31036758	1.09565144	0.29113234314293573	0.0208579	0.00141
-0.0266	-0.1672	-0.5963	0.007443829259755815	-7.330382858376184e-05	-0.0002600540585471551	1.04104519	56.11298752	1.10156266	0.2517858347057704	0.0198277	0.00181
-0.0121	-0.0972	-0.5728	0.0070197142515211934	-0.0003438298626428829	-0.0001064650843716541	0.99025536	53.37538147	0.99946271	0.1504115008234622	0.0196649	0.00256
-0.0008	-0.2468	-0.5812	0.007232644420264501	-0.00039968039870670147	4.71238898038469e-05	1.0387131	55.9872818	1.04043487	0.19041848394913144	0.01747	0.0007
0.0052	-0.2748	-0.5696	0.007255333700540428	-0.0005375614096142535	0.0001186823891356144	0.95735556	51.60206223	1.01965506	0.05720643952576237	0.016903	0.00042
0.0003	-0.3104	-0.5283	0.006761405522226033	-0.0007400196028455958	4.18879020478639e-05	1.00431788	54.13336182	0.98574082	0.1204590429316744	0.0154115	0.00023
0.0026	-0.4476	-0.5709	0.007049384848805097	-0.0005742133239061344	0.00017453292519943296	1.06714606	57.51984024	1.03177701	0.21142153143350473	0.0193945	0.00063
0.0046	-0.506	-0.5512	0.007159340591680739	-0.00038397243543875244	0.000158824961931484	1.01186526	54.54016495	0.99440647	0.09589522973054862	0.0197608	0.00084
0.0066	-0.5076	-0.5447	0.007148868616168773	-0.00041189770347066176	0.0001361356816555577	0.98182267	52.92085266	0.97242252	0.013154326190990192	0.0204082	0.00119
0.0073	-0.4451	-0.545	0.007260569688296411	-0.0005218534463463045	0.000158824961931484	0.99236363	53.48901749	0.97774143	0.07571730476396046	0.0192459	0.00115
0.0078	-0.3761	-0.5245	0.007159340591680739	-0.0006597344572538566	0.00011170107212763708	1.02500248	55.24827194	0.99925809	0.1043116998663536	0.0177463	0.00127
0.0072	-0.2557	-0.4893	0.006633996486830446	-0.0008307767239493009	9.075712110370512e-05	1.07117689	57.73709869	1.03263107	0.19206651612848336	0.0181985	0.001
0.0071	-0.3403	-0.5287	0.007168067237940712	-0.0006702064327658224	0.0001361356816555577	1.02194726	55.08359528	1.00692262	0.16110098014227975	0.0185085	0.00134
0.0085	-0.3053	-0.5211	0.007206464481484587	-0.0005515240436302081	0.0001675516081914556	0.97852278	52.74298859	0.96934326	0.05342477796076928	0.018825	0.00138
0.0103	-0.2996	-0.5172	0.007236135078768491	-0.0005532693728822024	0.00015707963267948963	0.95756859	51.61354446	0.99695789	0.013494395102393293	0.0179476	0.00099
0.0062	-0.2884	-0.4998	0.006908013179393556	-0.000804596785169386	7.155849933176751e-05	0.96945208	52.25407028	1.00067612	0.06594852225049201	0.0167377	0.00071
0.0068	-0.2532	-0.4808	0.0063896503915512395	-0.0010768681484805013	0.0001256637061435917	0.97207332	52.39535904	0.98458453	0.09703696789826281	0.0169681	0.00061
0.0068	-0.445	-0.522	0.007077310116837006	-0.0008412486994612669	0.0001605702911834783	1.10342252	59.47515869	1.07826068	0.2809092879672444	0.0182439	0.00051
0.0079	-0.4399	-0.5223	0.007129669994396836	-0.0009093165402890458	0.00019547687622336493	0.9492439	51.16483688	0.95482899	0.01426671517137472	0.0173185	0.00042
0.0045	-0.399	-0.4963	0.006888814557621618	-0.000879645943005142	9.773843811168246e-05	0.99297988	53.52223587	0.98384767	0.08871322360854014	0.0157123	0.00022
-0.0034	-0.3021	-0.4544	0.0062482787221397	-0.0008395033702092724	-4.363323129985824e-05	1.02983403	55.50869751	1.03130137	0.18780250388446648	0.0131463	0.00012
-0.0052	-0.3758	-0.4854	0.00645771823237902	-0.0007853981633974483	-2.094395102393195e-05	0.99404675	53.57973862	1.00815376	0.12081169986635353	0.0144076	0.00012
-0.003	-0.4559	-0.5288	0.006965609044709369	-0.0008115781021773631	5.585053606381854e-05	1.00523996	54.18305969	0.99146443	0.1562432619099008	0.0167115	0.00012
-0.002	-0.3971	-0.513	0.006824237375297828	-0.0008220500776893293	2.792526803190927e-05	0.98750818	53.22730637	0.97419076	0.08458844564777089	0.0149823	8e-05
-0.0084	-0.2536	-0.4592	0.006265732014659643	-0.000736528944341607	-0.0001361356816555577	1.07121646	57.73923492	1.03193332	0.24410437218366876	0.01179	5e-05
-0.0074	-0.3029	-0.4973	0.006578145950766627	-0.0006928957130417488	-6.632251157578452e-05	1.01021969	54.45146942	1.07929172	0.10969301687433083	0.0135295	9e-05
-0.0051	-0.3777	-0.5236	0.007066838141325039	-0.0007033676885537148	-3.141592653589793e-05	1.00218713	54.01851273	1.0725228	0.13010353755551313	0.0147811	0.00012
-0.007	-0.3307	-0.509	0.007005751617505238	-0.000710349005561692	-7.853981633974481e-05	1.0025084	54.03582764	0.98689824	0.0692595865315812	0.0143687	7e-05
-0.0156	-0.2543	-0.4662	0.006263986685407648	-0.0006230825429619757	-0.00024085543677521747	1.01800859	54.87129974	1.00278887	0.17736735075663893	0.0120578	5e-05
-0.0108	-0.385	-0.5152	0.006613052535806515	-0.000705113017805709	-0.0001239183768915974	1.04321957	56.23018646	1.01994547	0.21190166925631096	0.0145159	0.00013
-0.0059	-0.4188	-0.5253	0.006949901081441421	-0.0008395033702092724	-6.283185307179586e-05	0.9735232	52.47350693	0.96885531	0.07541627109291353	0.015511	0.00012
-0.0102	-0.3606	-0.5046	0.006942919764433443	-0.0008395033702092724	-0.0001605702911834783	0.9784503	52.73908234	0.97279089	0.08843598775598298	0.0137913	0.0001
-0.0133	-0.3361	-0.5018	0.006677629718130304	-0.0007853981633974483	-0.00020769418098732522	0.98828816	53.26934814	0.98335817	0.04872595714594049	0.0130729	7e-05
-0.0096	-0.4166	-0.5255	0.006997024971245267	-0.000804596785169386	-0.0001291543646475804	0.99919015	53.85697174	0.98956744	0.12875668456133219	0.0155554	0.00017
-0.0101	-0.3722	-0.5182	0.007040658202545125	-0.0007557275661135446	-0.00011519173063162575	0.98745126	53.22423935	0.97562161	0.05752325421858273	0.0150013	0.00012
-0.0105	-0.2917	-0.494	0.006904522520889568	-0.0007888888219014368	-0.00017278759594743863	1.00654399	54.2533493	0.99097101	0.11644464013796305	0.013067	7e-05
-0.0114	-0.298	-0.4966	0.006780604143997971	-0.000895353906273091	-5.4105206811824215e-05	0.97521102	52.56448364	0.9698528	0.027253292519943267	0.0132706	0.0001
-0.0095	-0.3847	-0.5281	0.0072570790297924225	-0.0009285151620609833	-3.4906585039886588e-06	1.00132501	53.97204208	0.98662654	0.14811253449450903	0.0154624	0.00012
-0.0084	-0.3667	-0.5254	0.007576474282907384	-0.000973893722612836	4.886921905584123e-05	0.97597963	52.60591125	0.9647133	0.04265668456133218	0.0157327	0.00015
-0.0129	-0.2972	-0.4879	0.007309438907352251	-0.0010768681484805013	-1.7453292519943296e-05	1.01329577	54.61727524	0.98954459	0.1333166156499291	0.0139576	0.0001
-0.0152	-0.3444	-0.5079	0.007555530331883452	-0.0012479104151759456	9.075712110370512e-05	0.98505139	53.09488297	0.97755557	0.09576720524251463	0.0154631	6e-05
-0.0106	-0.4102	-0.5214	0.007944738755078189	-0.0013439035240356337	0.00017627825445142725	1.01543474	54.73256302	0.99971179	0.11243613327010736	0.0178592	0.00037
-0.0063	-0.3707	-0.5189	0.008032005217677904	-0.0014119713648634124	0.0002670353755551324	0.9988547	53.83889008	0.98690893	0.0586045712265599	0.0160062	0.00014
-0.0092	-0.3576	-0.494	0.0078103484026746245	-0.0013526301702956054	0.0001675516081914556	0.97143394	52.36089325	0.97011082	0.05992408884673817	0.0151412	0.0001
-0.0123	-0.3127	-0.4987	0.007775441817634738	-0.00119729586686811	0.00015707963267948963	0.96294373	51.90326691	0.96594608	0.06273564319896738	0.0143225	7e-05
-0.0105	-0.4054	-0.5302	0.008262388678941156	-0.0012618730491919003	0.0002740166925631097	1.00291157	54.05755997	0.9890726	0.15942305517569144	0.0169869	0.00016
-0.0078	-0.3773	-0.5328	0.008560839981032187	-0.0012583823906879114	0.000322885911618951	0.99490309	53.62589645	0.97940496	0.05094055898254306	0.0164619	0.00023
-0.0087	-0.3749	-0.5357	0.008620181175599994	-0.0012269664641520136	0.00035081117965086024	0.99190879	53.46450043	0.97580506	0.012134119456780631	0.0161723	0.00022
-0.0155	-0.2946	-0.4936	0.008168140899333463	-0.0012304571226560022	0.0002722713633111154	1.01678336	54.8052597	0.99362617	0.15590353755551323	0.0135176	7e-05
-0.0236	-0.2589	-0.4488	0.007642796794483169	-0.0010367255756846318	0.0001675516081914556	0.97734803	52.67966843	0.97389596	0.12978977034706615	0.0122991	5e-05
-0.0237	-0.4	-0.495	0.008299040593233036	-0.0010681415022205296	0.00017976891295541595	1.03650725	55.86838913	1.01485639	0.22239385150248625	0.014291	0.00012
-0.0266	-0.461	-0.5135	0.008831366015091307	-0.0008831366015091308	0.00018675022996339323	1.00102723	53.95599365	0.99092762	0.11861558197888228	0.0190756	0.00059
-0.0296	-0.3396	-0.45	0.008115781021773634	-0.000879645943005142	0.00011344640137963142	1.07023203	57.6861763	1.03791751	0.22751897402027116	0.0127704	5e-05
-0.0343	-0.2582	-0.4037	0.007548549014875476	-0.0008133234314293575	1.3962634015954635e-05	0.99441022	53.5993309	1.01501687	0.169051914291881	0.0112274	0.0001
-0.0332	-0.3986	-0.4528	0.008075638448977763	-0.0008203047484373349	1.5707963267948964e-05	1.03576005	55.82810974	1.04228128	0.2173908040181129	0.0135418	7e-05
-0.0365	-0.4448	-0.483	0.008319984544256968	-0.0008028514559173916	-2.792526803190927e-05	0.98479819	53.08123779	0.97640607	0.09497163095495034	0.0151029	0.00011
-0.0337	-0.3561	-0.4493	0.008061675814961809	-0.000890117918517108	-3.839724354387525e-05	1.01368511	54.63825607	0.99466047	0.14300235837034203	0.0127943	6e-05
-0.0357	-0.2667	-0.4118	0.007703883318302971	-0.0008464846872172499	-4.886921905584123e-05	1.02217579	55.09590912	1.01064919	0.14949488517353313	0.0129965	3e-05
-0.0318	-0.3474	-0.4743	0.008271115325201127	-0.000921533845053006	-1.2217304763960308e-05	1.01960671	54.95743561	1.00218298	0.1810466539512897	0.0132368	7e-05
-0.0267	-0.3867	-0.491	0.008407251006856685	-0.0008813912722571365	1.5707963267948964e-05	0.97598183	52.60602951	0.97232669	0.0713101761241668	0.0146387	0.00012
-0.034	-0.2859	-0.3908	0.00776846050062676	-0.0008098327729253688	-0.00014486232791552936	1.09813774	59.19030762	1.05750071	0.25184596483725846	0.0108491	5e-05
-0.0326	-0.1958	-0.3143	0.007321656212116212	-0.0008604473212332044	-0.00011519173063162575	1.05612123	56.92559433	1.25260811	0.19435447170511433	0.0112041	0.00019
-0.0303	-0.363	-0.3468	0.007696902001294993	-0.0008360127117052838	-3.665191429188092e-05	1.07239974	57.80301666	1.2640658	0.22591101075232228	0.011457	8e-05
-0.0284	-0.4745	-0.4624	0.008257152691185174	-0.0006667157742618339	-5.235987755982989e-05	1.10235453	59.41759872	1.06654142	0.26626277953007893	0.0152515	9e-05
-0.0294	-0.507	-0.4725	0.0084334309456366	-0.000731292956585624	-4.18879020478639e-05	0.99918747	53.85682678	0.99016673	0.05616637061435919	0.0161917	0.00012
-0.0356	-0.3475	-0.4018	0.00789761486527434	-0.0007592182246175333	-0.00016406094968746698	1.09090185	58.80028915	1.05485061	0.27069571980168866	0.0118632	4e-05
-0.0364	-0.2501	-0.3581	0.007281513639320344	-0.0008447393579652555	-0.00013264502315156904	1.01360142	54.6337471	1.00908164	0.17855191429188083	0.0116467	7e-05
-0.0344	-0.3938	-0.4207	0.007892378877518359	-0.000926769832808989	-9.773843811168246e-05	1.0534054	56.77920914	1.03618451	0.24469011490408177	0.0132415	6e-05
-0.0309	-0.392	-0.4603	0.00808261976598574	-0.0010576695267085637	-2.4434609527920616e-05	0.98208582	52.93503952	0.97376477	0.0646222205475358	0.0136784	6e-05
-0.0279	-0.3617	-0.4782	0.008684758357923783	-0.0011379546723003027	-8.552113334772214e-05	1.0222795	55.10150146	1.00677121	0.08837551306747923	0.0158418	0.00051
-0.0213	-0.3069	-0.5224	0.009208357133522081	-0.001329940890019679	-8.37758040957278e-05	1.04049635	56.08340073	1.02784117	0.14146651612848335	0.0184053	0.00051
-0.0389	-0.2799	-0.4881	0.008775515479027489	-0.0004921828490624009	-0.0003787364476827695	0.99345767	53.54798889	0.99252811	0.1571780169519456	0.0156633	0.00017
-0.1039	-0.1989	-0.4242	0.008443902921148567	0.0006318091892219474	-0.0010768681484805013	1.09032416	58.76914978	1.15488937	0.31758681484805	0.0170755	0.00093
-0.0589	-0.3672	-0.4831	0.008658578419143869	-0.00015009831567151235	-0.0005811946409141118	1.13933897	61.41108322	1.17082174	0.3468128255227576	0.0159765	0.0002
-0.0385	-0.4625	-0.4966	0.00872315560146766	-0.0003787364476827695	-0.00042411500823462205	1.02353168	55.1689949	0.99890932	0.15171474735072693	0.016297	0.00011
-0.049	-0.4015	-0.4776	0.00871966494296367	-0.0001937315469713706	-0.000598647933434055	0.99778086	53.78100967	0.97997809	0.1086514242207411	0.0148407	8e-05
-0.0508	-0.3088	-0.4186	0.008269369995949134	-0.000307177948351002	-0.0005742133239061344	1.03551936	55.81513977	1.14281156	0.1829087978961044	0.0140095	0.00018
-0.0445	-0.4214	-0.4865	0.008773770149775494	-0.0005427973973702365	-0.00042236967898262774	1.04122877	56.12288284	1.14934099	0.23139316238845495	0.0153851	0.00024
-0.0381	-0.4534	-0.4931	0.008943067087218945	-0.0005393067388662478	-0.0003595378259108319	0.9769662	52.65908813	0.97250797	0.05678097245096176	0.0170168	0.00028
-0.0335	-0.3897	-0.4828	0.009035569537574645	-0.0005305800926062762	-0.00026878070480712676	0.98703402	53.20174789	0.98002046	0.08819931088596883	0.0155952	0.0002
-0.0344	-0.3518	-0.469	0.008826130027335325	-0.000486946861306418	-0.0002617993877991494	0.98437583	53.05847168	0.97280522	0.06560270292735781	0.0147969	0.00016
-0.0324	-0.3003	-0.4655	0.008754571528003558	-0.0005270894341022875	-0.0002705260340591211	0.98458964	53.06999588	0.97090644	0.06302138591938031	0.0141881	0.00011
-0.0424	-0.2253	-0.4045	0.00801455192515796	-0.0004886921905584122	-0.0004206243497306334	1.01641297	54.78529358	1.13351885	0.1924257581030493	0.0123932	5e-05
-0.0436	-0.2564	-0.4318	0.008087855753741723	-0.0005585053606381855	-0.00041015237421866745	0.98788768	53.24776077	0.99092777	0.0672794487087751	0.0132083	6e-05
-0.0386	-0.4575	-0.493	0.008822639368831335	-0.000577703982410123	-0.00027925268031909274	1.12398911	60.58371353	1.15339597	0.3115440965380562	0.0161681	0.00019
-0.0357	-0.4575	-0.4923	0.008958775050486893	-0.0005218534463463045	-0.0002652900463031381	0.97804284	52.71711731	0.96598145	0.013897442586766508	0.0159181	0.00021
-0.0453	-0.3734	-0.4375	0.008564330639536174	-0.00041015237421866745	-0.00042411500823462205	1.03254282	55.65470123	1.00536822	0.181748522250492	0.0138054	0.00012
-0.0528	-0.322	-0.4254	0.008241444727917224	-0.0002478367537831948	-0.0005009094953223725	1.00515676	54.17857361	0.9973293	0.09909980095710867	0.0128897	0.0001
-0.0493	-0.4667	-0.4809	0.008831366015091307	-0.0002740166925631097	-0.0004380776422505767	1.07320952	57.84666443	1.04168058	0.23764665395128967	0.0166889	0.00019
-0.0445	-0.4256	-0.4744	0.009049532171590598	-0.000322885911618951	-0.0003874630939427412	0.97564042	52.58762741	0.96712454	0.06828249619314844	0.0163696	0.00016
-0.052	-0.3071	-0.4292	0.008677777040915805	-0.00024085543677521747	-0.0004328416544945937	1.02211022	55.09237671	1.00305925	0.19615820830351893	0.0140542	8e-05
-0.0522	-0.2934	-0.4471	0.008684758357923783	-0.00023387411976724014	-0.0004136430327226561	0.99620032	53.69581985	1.05972786	0.03345806278939464	0.0143352	0.00014
-0.0474	-0.3931	-0.4855	0.009128071987930345	-0.0002897246558310587	-0.00032812189937493397	1.01468766	54.69229507	1.07471658	0.17213426497090512	0.0156211	0.00012
-0.0514	-0.2993	-0.4199	0.008587019919812101	-0.0002897246558310587	-0.00040666171571467877	1.03027785	55.53261948	1.03333946	0.19437959422289944	0.0131004	8e-05
-0.0589	-0.175	-0.3153	0.007677703379523056	-5.585053606381854e-05	-0.00047822021504644627	1.09467685	59.00376511	1.29357919	0.2971374579694026	0.0134411	0.00044
-0.054	-0.2155	-0.2131	0.007655014099247129	0.00023387411976724014	-0.0003438298626428829	1.06146502	57.21362686	1.16071023	0.16994021442552748	0.0161705	0.00294
-0.0404	-0.3503	-0.0836	0.007084291433844983	0.0004572762640225143	-0.0003385938748868999	1.16805625	62.95895767	1.27320564	0.31786803987067014	0.0226403	0.00751
-0.0341	-0.5194	-0.2345	0.007452555906015787	-0.0004939281783143952	-0.00014137166941154068	1.29461265	69.78042603	1.37396165	0.4021345559991536	0.0223008	0.00562
-0.0369	-0.7706	-0.6732	0.0022951079663725434	0.0008761552845011534	-0.0004328416544945937	2.37198734	127.85160065	2.28487097	1.0336500693770923	0.0401048	0.03705
-0.0317	-0.7042	-0.8137	0.0019861846887695473	0.0003438298626428829	-6.45771823237902e-05	1.36989677	73.83828735	1.40664859	0.2725756585816034	0.0431316	0.04023
-0.031	-0.4205	-0.8079	0.004270820679630125	-0.0008098327729253688	0.0003612831551628262	1.28936553	69.49760437	1.23669603	0.4834079481957724	0.0341611	0.02109
-0.0424	-0.2935	-0.7319	0.004480260189869444	-0.000973893722612836	0.00021642082724729686	1.11259305	59.96945953	1.11676905	0.24031813939211571	0.0289143	0.01253
-0.0427	-0.177	-0.7284	0.004331907203449926	-0.0010821041362364843	0.00017104226669544429	1.09519351	59.0316124	1.06929712	0.1353970980297509	0.0298	0.01625
-0.0508	-0.2713	-0.7736	0.004740314248416599	-0.0012077678423800758	0.00016406094968746698	1.05937791	57.10113144	1.09383719	0.174652603405912	0.0312733	0.01624
-0.0595	-0.2429	-0.737	0.0054593899002382635	-0.0006771877497737998	0.00016231562043547262	1.00075626	53.94138336	0.99916866	0.13627005368399667	0.028518	0.0096
-0.0641	-0.2514	-0.6954	0.00529707427980279	-0.0007033676885537148	5.93411945678072e-05	1.00621414	54.235569	1.06173849	0.06927349925415267	0.0250421	0.00647
-0.0625	-0.2873	-0.6777	0.0050893800988154655	-0.0006597344572538566	0.00011170107212763708	1.02619982	55.31281281	1.03840962	0.07038436449235068	0.0246142	0.00576
-0.0627	-0.4802	-0.7222	0.00562345084992573	-0.00048171087355043494	9.075712110370512e-05	1.13655245	61.26088715	1.10532378	0.2742519142918809	0.0280476	0.00833
-0.0644	-0.4884	-0.7059	0.005743878568313338	-0.0003630284844148205	9.075712110370512e-05	0.99901897	53.84774399	0.98453531	0.0381555053761611	0.028236	0.0073
-0.0713	-0.4794	-0.7019	0.005794493116621174	-0.0004049163864626844	3.490658503988659e-05	0.99348283	53.54934311	0.97920525	0.02731764932097593	0.0273839	0.00716
-0.0722	-0.4103	-0.6528	0.0052831116457868355	-0.0008133234314293575	1.7453292519943296e-05	1.02121282	55.04401016	1.00341148	0.16596209041604768	0.0237871	0.0047
-0.0671	-0.3612	-0.6614	0.005363396791378575	-0.0009197885158010115	0.00022689280275926284	1.01188314	54.54113388	1.0039143	0.08260948701013555	0.0249107	0.00549
-0.0727	-0.4457	-0.6993	0.005539675045830002	-0.0008395033702092724	0.000148352986419518	1.01276386	54.58860397	1.01771388	0.14475516081914555	0.0283659	0.00932
-0.0766	-0.3667	-0.6962	0.0055484016920899736	-0.0008377580409572782	0.0001186823891356144	1.03582609	55.83166885	1.08897558	0.0880071286397934	0.0275183	0.0093
-0.0704	-0.3214	-0.6951	0.005651376117957638	-0.0009494591130849152	0.000158824961931484	1.01833832	54.8890686	0.99255851	0.06534090353955856	0.0268505	0.00882
