trans_x	trans_y	trans_z	rot_x	rot_y	rot_z	dvars_std	dvars_nstd	dvars_vstd	framewise_displacement	aqi	aor
0.0	-0.0	0.0	-0.0	0.0	-0.0	n/a	n/a	n/a	n/a	0.0228456	0.00013
-0.0081	0.059	0.0059	0.00011693705988362007	-0.00013439035240356338	-0.00022863813201125715	1.04141617	53.06819153	1.1133048	0.09699827721492202	0.0248948	0.00011
0.0066	0.0901	-0.0107	0.000153588974175501	5.585053606381854e-05	-7.504915783575618e-05	1.04068208	53.03078079	1.08204735	0.08142408884673817	0.0246577	9e-05
0.017	0.0248	-0.019	0.0002495820830351891	8.028514559173915e-05	3.490658503988659e-05	1.03920949	52.9557457	1.08360933	0.09551917306316256	0.022154	8e-05
0.0231	0.0055	-0.0061	0.0003874630939427412	0.0001832595714594046	0.00019198621771937622	1.01825607	51.88800812	1.06689305	0.058196753472735355	0.0224934	8e-05
0.0245	0.0482	0.0137	0.0003159045946109737	0.00019024088846738194	0.0002129301687433082	1.01552224	51.74869537	1.06583097	0.06887418836818385	0.0249785	0.00011
0.0163	0.097	0.0185	0.00011344640137963142	8.726646259971648e-05	0.0002129301687433082	1.05231488	53.62356186	1.09258824	0.07707163095495038	0.0265298	0.00011
0.023	0.01	0.0012	0.00018675022996339323	0.00024609142453120044	0.0002548180707911721	1.06558335	54.29969788	1.10554083	0.12470083462815545	0.0226415	6e-05
0.0285	-0.0056	0.0193	0.0001972222054753592	0.00034557519189487725	0.0002897246558310587	1.02532566	52.24825287	1.07095762	0.046443116395776474	0.0232053	6e-05
0.0126	0.0196	0.0179	0.000312413936106985	0.00026354471705114377	5.061454830783555e-05	1.03228498	52.6028862	1.07769024	0.06431661564992912	0.0237002	7e-05
0.0155	0.0637	0.0189	0.00010297442586766544	0.0001064650843716541	3.839724354387525e-05	1.03375661	52.67787552	1.07920953	0.06693682238413849	0.0250864	8e-05
0.0266	-0.003	0.0009	6.108652381980153e-05	-1.3962634015954635e-05	4.18879020478639e-05	1.0576731	53.89660645	1.09175303	0.10409031394697307	0.0224243	6e-05
0.0321	-0.0397	0.0	0.00020769418098732522	0.00015707963267948963	0.0001884955592153876	1.05693281	53.85888672	1.09183313	0.06631287905152458	0.021874	3e-05
0.028	-0.0167	0.0107	0.0003316125578789226	0.0003892084231947355	0.00015707963267948963	1.03285015	52.63168716	1.09282982	0.057173154697137046	0.0223373	7e-05
0.0107	0.0431	0.0255	0.0002513274122871834	0.00028623399732707005	-9.599310885968811e-05	1.04362023	53.18050385	1.11341253	0.1137166156499291	0.0252678	5e-05
0.0082	0.0628	0.0149	0.00018500490071139895	0.00019024088846738194	-9.773843811168246e-05	1.03184605	52.58051682	1.07758343	0.04100304748437334	0.0245442	7e-05
0.0326	0.0098	0.0306	-0.00012042771838760874	0.0001675516081914556	0.00028099800957108706	1.04759836	53.38322449	1.08905006	0.12844291735288516	0.023917	7e-05
0.0514	0.0134	0.0736	-0.0005567600313861911	0.00019896753472735358	0.0005288347633542819	1.05154896	53.58453369	1.08821914	0.10117924966588376	0.0270486	0.00011
0.0386	0.0216	0.0626	-0.00015009831567151235	0.00034033920413889426	0.0004747295565424576	1.05282772	53.64969635	1.09297829	0.06210692959690218	0.0266862	9e-05
0.0549	0.0216	0.0579	0.00013264502315156904	0.0002844886680750757	0.0007696902001294993	1.10087764	56.09820938	1.13221472	0.052677725923697086	0.025933	8e-05
0.043	0.1095	0.0456	-0.00026878070480712676	0.0004729842272904633	0.0008621926504851988	1.16223383	59.22478104	1.17969699	0.1462211868764891	0.02876	0.00023
0.03	0.0477	0.0732	-0.0005811946409141118	0.0003089232776029963	0.0007644542123735164	1.09360766	55.72775269	1.12410493	0.13111066619530673	0.0277583	0.00014
0.0381	0.0773	0.0872	-0.0005846852994181004	0.00019896753472735358	0.0008080874436733745	1.08207953	55.14030075	1.11212475	0.05955398163397447	0.0298412	0.00022
0.0455	-0.0272	0.0978	-0.0005602506898901797	0.0003630284844148205	0.0007609635538695277	1.12772012	57.46604156	1.14526823	0.1342809724509617	0.0273693	0.00013
0.0497	-0.0258	0.0965	-0.0004310963252425994	0.0005742133239061344	0.0007243116395776468	1.04931879	53.47089005	1.11680198	0.025749555921538755	0.0272474	0.00012
0.0445	-0.0013	0.1007	-0.00047647488579445195	0.0005846852994181004	0.000582939970166106	1.03505695	52.74414062	1.11246272	0.043761110273767966	0.0280134	0.00012
0.0375	0.0574	0.0956	-0.0003054326190990077	0.0003577924966588376	0.0005131268000863328	1.04682088	53.34360504	1.08814952	0.094187411976724	0.0290135	0.00022
0.0334	0.0363	0.0738	-0.00013788101090755203	0.00026354471705114377	0.0004206243497306334	1.03672051	52.82891083	1.08008517	0.06471509190774244	0.0270408	0.00014
0.0407	-0.0158	0.0678	-7.504915783575618e-05	0.00028797932657906436	0.0005375614096142535	1.02978015	52.47524643	1.08874597	0.07561017612416683	0.0251625	5e-05
0.039	-0.0193	0.0654	0.000153588974175501	0.00032812189937493397	0.0005899212871740833	0.99736536	50.82346344	1.0647846	0.023657029118347828	0.024837	9e-05
0.0328	0.0139	0.0695	3.4906585039886588e-06	0.0003159045946109737	0.00047822021504644627	1.01168442	51.5531311	1.05721113	0.057200834628155485	0.0256701	9e-05
0.0184	0.0665	0.0558	-0.00015184364492350666	-0.00011344640137963142	0.0003961897402027128	1.05228543	53.62206268	1.09700672	0.11403578871309168	0.0263375	9e-05
0.0203	0.0211	0.046	-0.00015184364492350666	-0.000148352986419518	0.00041538836197465044	1.03797615	52.89289856	1.08461479	0.059805260340591214	0.0246246	7e-05
0.0245	-0.0349	0.0547	4.537856055185256e-05	-0.0002129301687433082	0.0004188790204786391	1.0478127	53.39414215	1.09022489	0.08216450231515691	0.0238078	5e-05
0.0215	-0.0119	0.0485	0.0002897246558310587	-0.0001361356816555577	0.000317649923862968	1.03702128	52.84423828	1.08089437	0.0533184839491314	0.0242016	6e-05
0.0099	0.0618	0.0575	0.0001308996938995747	-0.0003385938748868999	0.00016929693744344995	1.05674458	53.84929276	1.09949098	0.1197818070791172	0.0264429	9e-05
0.0068	0.0203	0.0447	2.96705972839036e-05	-0.000445058959258554	8.37758040957278e-05	1.03610599	52.79759979	1.07957085	0.07206076571675235	0.0242061	9e-05
0.0121	-0.0475	0.0393	0.0002513274122871834	-0.0003054326190990077	9.599310885968811e-05	1.04117775	53.05604172	1.08871472	0.09717502299633933	0.0224178	3e-05
0.0077	-0.0222	0.0476	0.0003298672286269283	-0.0001675516081914556	0.00010471975511965978	1.00736213	51.33287811	1.06109528	0.04925737367536343	0.0234658	5e-05
0.0096	0.0418	0.0641	0.00011693705988362007	-0.0002199114857512855	0.0001884955592153876	1.03699708	52.84300232	1.08993126	0.09985329251994329	0.0263397	9e-05
0.0106	0.0345	0.0506	4.537856055185256e-05	-0.0002303834612632515	0.000296705972839036	1.04375923	53.18758774	1.08799391	0.031312044423369094	0.0252696	0.0001
0.0135	-0.037	0.0583	-1.9198621771937625e-05	-0.00012740903539558605	0.0003298672286269283	1.06196892	54.11551285	1.09889825	0.09213564319896737	0.0242417	3e-05
0.0164	-0.0271	0.0614	5.585053606381854e-05	-1.5707963267948964e-05	0.0002722713633111154	1.02604902	52.28511429	1.0683482	0.02811730476396031	0.0242627	6e-05
0.0121	0.0397	0.0592	7.330382858376184e-05	-0.00014311699866353502	0.00011693705988362007	1.04251981	53.12443161	1.08584206	0.08830983156715123	0.0257291	9e-05
0.0078	0.0529	0.0326	6.806784082777885e-05	-0.00013264502315156904	4.71238898038469e-05	1.03630662	52.80782318	1.08384649	0.04837605666738611	0.0247391	7e-05
0.0085	-0.0231	0.0221	5.759586531581287e-05	-0.0001064650843716541	3.316125578789226e-05	1.05751717	53.88866043	1.10050549	0.08973072741539177	0.0217282	3e-05
0.0064	-0.075	0.0285	0.0002181661564992912	-0.0001832595714594046	-5.235987755982988e-06	1.06234741	54.13479996	1.09791384	0.0741881010907552	0.0213858	3e-05
0.0068	-0.0571	0.0201	0.00039095375244672985	-0.0001064650843716541	-1.7453292519943296e-05	1.03920686	52.95560837	1.07714146	0.03978996938995746	0.0209317	3e-05
0.0019	-0.0208	0.024	0.00033335788713091696	6.9813170079773176e-06	-8.203047484373349e-05	1.03551948	52.76770782	1.07746157	0.05688097245096173	0.0215709	4e-05
0.0074	0.003	0.0215	0.00033684854563490564	-5.585053606381854e-05	4.886921905584123e-05	1.02790511	52.37969971	1.07084607	0.04166111027376797	0.0226121	4e-05
0.001	-0.0006	0.0019	0.000445058959258554	-7.67944870877505e-05	0.0	1.02652586	52.30941391	1.07310456	0.03850117918517108	0.0213767	6e-05
-0.0077	0.0226	-0.0043	0.0005270894341022875	-0.0001675516081914556	-0.00017976891295541595	1.03823721	52.90620041	1.07870117	0.05572782544514273	0.02169	4e-05
-0.0134	0.0805	0.0144	0.000486946861306418	-0.00029496064358704166	-0.0003001966313430247	1.07203937	54.62867737	1.10624555	0.09669896632895325	0.0250883	7e-05
-0.0128	0.0358	-0.0034	0.0004188790204786391	-0.000158824961931484	-0.0002617993877991494	1.06897199	54.47237015	1.09934242	0.07523003830136057	0.0218371	5e-05
-0.0144	-0.0578	-0.0039	0.0005026548245743669	-9.948376736367679e-05	-0.0001972222054753592	1.08769512	55.42646408	1.11677743	0.10608470904936626	0.0192246	1e-05
-0.013	-0.0933	-0.006	0.000736528944341607	-4.71238898038469e-05	-0.00014311699866353502	1.0446229	53.2315979	1.08263119	0.0560169602069447	0.0185646	3e-05
-0.011	-0.0411	0.0239	0.0005759586531581287	-0.00011519173063162575	-0.00020943951023931956	1.06144869	54.08900452	1.09267945	0.09884803217935208	0.0214253	2e-05
-0.0073	0.0333	0.0355	0.00046425758103049166	-0.0001186823891356144	-0.00027925268031909274	1.0898999	55.53881454	1.12214095	0.09895024503556994	0.024445	8e-05
-0.006	-0.0176	0.0284	0.00039095375244672985	1.7453292519943294e-06	-0.0002670353755551324	1.07870924	54.96855927	1.10595071	0.06959744258676655	0.0220475	3e-05
-0.0086	-0.0546	0.0265	0.0005148721293383271	-0.00010297442586766544	-0.0003438298626428829	1.05981493	54.00574875	1.09468107	0.05677163095495039	0.0213783	4e-05
-0.0165	-0.0743	0.0146	0.0008272860654453122	2.094395102393195e-05	-0.0004677482395344803	1.04223561	53.1099472	1.08568784	0.067512534494509	0.0202401	3e-05
-0.0332	-0.0057	0.0302	0.0008098327729253688	-1.7453292519943294e-06	-0.000705113017805709	1.04919696	53.46467972	1.08832611	0.11477536755335492	0.022937	5e-05
-0.0404	0.0455	0.0278	0.0007609635538695277	-0.0002129301687433082	-0.0008447393579652555	1.05916274	53.97251511	1.0970632	0.08078401993533506	0.0250708	7e-05
-0.0413	-0.026	0.0161	0.0008395033702092724	-0.00023212879051524583	-0.0008656833089891874	1.07207882	54.63069153	1.10521467	0.0900341194567807	0.0216764	6e-05
-0.0515	-0.0673	0.0138	0.0010681415022205296	-0.000148352986419518	-0.001001818990644745	1.04996777	53.50395966	1.08612616	0.07622748088812711	0.0210792	4e-05
-0.0669	-0.0425	0.0349	0.0012583823906879114	-0.000153588974175501	-0.0012897983172238095	1.05069816	53.54117966	1.08791921	0.08547281014012145	0.0231993	4e-05
-0.0732	0.0383	0.0551	0.001090830782496456	-0.0003298672286269283	-0.0013491395117916165	1.07830501	54.94796371	1.11698707	0.12745855286053448	0.0267633	0.0001
-0.0649	-0.0266	0.0357	0.001054178868204575	-0.00039269908169872416	-0.0012426744274199627	1.07914615	54.99082565	1.10485957	0.10289744258676652	0.0235741	5e-05
-0.0554	-0.0832	0.0171	0.0012269664641520136	-0.00019198621771937622	-0.0011833332328521555	1.07869399	54.96778107	1.10467713	0.10634208272472966	0.0211042	6e-05
-0.0594	-0.0544	0.0368	0.0012601277199399059	-0.00011693705988362007	-0.0012863076587198209	1.06341636	54.18927002	1.09634162	0.0630592419745657	0.0233447	5e-05
-0.0678	0.0348	0.0514	0.0011728612573401894	-0.0003351032163829112	-0.0014573499254152652	1.09047568	55.56814957	1.12036745	0.13602374428972258	0.0270603	7e-05
-0.0671	-0.026	0.039	0.0010873401239924673	-0.00035081117965086024	-0.0014870205226991688	1.03816581	52.90255737	1.08234427	0.08044498469497875	0.0244358	4e-05
-0.0629	-0.0994	0.0426	0.0013648474750595659	-0.0003001966313430247	-0.0014905111812031574	1.04190004	53.09284592	1.08528438	0.09778062789394616	0.0229539	4e-05
-0.0645	-0.0613	0.0478	0.0013631021458075715	-0.0001884955592153876	-0.0015306537539990272	1.01985252	51.96935654	1.06794357	0.05257944870877507	0.0242063	4e-05
-0.0717	0.0248	0.0542	0.0012164944886400475	-0.0003089232776029963	-0.001556833692778942	1.05115783	53.5646019	1.10414568	0.11436076571675236	0.02706	7e-05
-0.0721	-0.0012	0.0472	0.0012112585008840647	-0.0003351032163829112	-0.0015306537539990272	1.03251922	52.61482239	1.07914022	0.03627979326579062	0.025282	5e-05
-0.07	-0.0635	0.0453	0.0012950343049797925	-0.0002129301687433082	-0.0014852751934471744	1.04585052	53.29415512	1.08975644	0.07886637061435917	0.0239909	8e-05
-0.0767	-0.0558	0.0385	0.0015323990832510211	-6.45771823237902e-05	-0.0015027284859671175	1.017488	51.84886551	1.06795978	0.04135855286053449	0.0236514	6e-05
-0.0725	0.0321	0.0551	0.0012950343049797925	-9.42477796076938e-05	-0.001467821900927231	1.06045878	54.03855896	1.10592354	0.12379709802975095	0.0267782	7e-05
-0.0703	0.0032	0.0401	0.0012723450247038664	-0.0001064650843716541	-0.0013665928043115599	1.04230309	53.11338425	1.08210813	0.05290678408277787	0.0245863	6e-05
-0.0688	-0.0776	0.0305	0.0014782938764391971	-4.71238898038469e-05	-0.0012758356832078548	1.07522547	54.7910347	1.10725337	0.10970235837034215	0.0224153	2e-05
-0.076	-0.0506	0.0411	0.0015184364492350666	4.363323129985824e-05	-0.0014154620233674013	1.04848337	53.42831802	1.08725499	0.058326301702956045	0.0235431	4e-05
-0.0759	0.0301	0.0544	0.0012671090369478833	-0.0001239183768915974	-0.0015027284859671175	1.08514941	55.29673767	1.11663207	0.11940727415391776	0.026772	7e-05
-0.0673	-0.0347	0.0451	0.0013334315485236678	-8.203047484373349e-05	-0.001308996938995747	1.06292522	54.16424179	1.09731064	0.09779709802975091	0.0238668	2e-05
-0.0646	-0.0856	0.0353	0.001616174887346749	1.9198621771937625e-05	-0.001239183768915974	1.05087996	53.55044556	1.08771582	0.08608928027592624	0.0223454	1e-05
-0.0664	-0.0436	0.0415	0.0015899949485668342	4.0142572795869576e-05	-0.0013177235852557187	1.06394506	54.21621323	1.09229929	0.056283185307179566	0.0240716	3e-05
-0.0605	0.0272	0.0626	0.0012304571226560022	3.490658503988659e-05	-0.0012479104151759456	1.08918428	55.50234604	1.11644556	0.1195293491873294	0.0265914	7e-05
-0.0566	-0.028	0.0602	0.0012147491593880533	-2.96705972839036e-05	-0.00119729586686811	1.05145645	53.57982254	1.08914199	0.06804498469497873	0.0247357	5e-05
-0.055	-0.0597	0.0717	0.0011850785621041497	-1.7453292519943294e-06	-0.001165879940332212	1.02309299	52.13448334	1.07186365	0.049250589592585554	0.0249308	3e-05
-0.0564	-0.0251	0.0721	0.0012007865253720988	-1.3962634015954635e-05	-0.0012077678423800758	1.02875197	52.42285538	1.07216942	0.039890658503988666	0.0262311	4e-05
-0.0593	0.0177	0.0582	0.0012374384396639797	-1.3962634015954635e-05	-0.001239183768915974	1.05874848	53.95140839	1.09452242	0.06300339204138894	0.0260607	4e-05
-0.0584	-0.0283	0.0398	0.0012356931104119853	5.4105206811824215e-05	-0.0011641346110802177	1.05832005	53.92957306	1.09290147	0.07254311639577646	0.0234123	4e-05
-0.0522	-0.088	0.0405	0.0014049900478554352	4.0142572795869576e-05	-0.0010821041362364843	1.05575871	53.79905701	1.08655849	0.07986450231515689	0.0223091	2e-05
-0.0555	-0.0636	0.0438	0.0015498523757709647	-1.0471975511965975e-05	-0.0011536626355682519	1.04555559	53.27912521	1.08197703	0.044351768777756616	0.0230572	2e-05
-0.0718	0.0197	0.0405	0.0015690509975429022	-0.0003577924966588376	-0.001298524963483781	1.08469117	55.27338791	1.11888613	0.1284690735417169	0.025715	6e-05
-0.0492	-0.0242	0.0011	0.0018168877513260971	-0.0005724679946541401	-0.0010402162341886204	1.1050837	56.31254196	1.13033052	0.1419410490536829	0.0232154	7e-05
-0.045	-0.0285	0.003	0.002097885760897184	-0.0004729842272904633	-0.0008552113334772215	1.06912422	54.48013306	1.09870083	0.03867433388230814	0.0225079	6e-05
-0.0586	0.0241	0.047	0.0016388641676226754	-0.00019024088846738194	-0.000900589894029074	1.09406066	55.7508316	1.12338745	0.14955717463247215	0.0263531	0.0001
-0.0408	0.0825	0.0382	0.0016510814723866359	-0.0003577924966588376	-0.0005689773361501514	1.1428411	58.23657608	1.17039978	0.11056907354171693	0.0277146	0.00015
-0.0403	0.1058	0.0392	0.0017243853009703976	-0.0002670353755551324	-0.0005742133239061344	1.1089232	56.50819778	1.1441027	0.0332648468721725	0.0292277	0.0002
-0.0402	0.0457	0.0532	0.001626646862858715	-0.0002495820830351891	-0.0005637413483941684	1.08936942	55.51177979	1.11425138	0.0804831853071796	0.0269051	9e-05
-0.0394	-0.0289	0.0396	0.001790707812546182	-9.250245035569947e-05	-0.0004729842272904633	1.06525421	54.28292465	1.10159514	0.10959488517353307	0.0237072	2e-05
-0.0437	-0.0349	0.0463	0.0018273597268380628	0.00013788101090755203	-0.0005515240436302081	1.04461002	53.23094177	1.07782323	0.034278759594743864	0.0240347	3e-05
-0.0376	0.0467	0.0602	0.0017226399717184032	3.490658503988659e-05	-0.0005480333851262194	1.08550322	55.31476593	1.11829859	0.11215924197456568	0.0274189	9e-05
-0.0387	0.0006	0.058	0.001726130630222392	0.00013788101090755203	-0.0004537856055185257	1.03685176	52.83559799	1.08572939	0.05943564319896738	0.0255087	6e-05
-0.0348	-0.0525	0.0626	0.0018901915799098587	0.00016406094968746698	-0.00039269908169872416	1.02774572	52.3715744	1.07787236	0.07416637061435916	0.0252609	0.00011
-0.0387	-0.0756	0.0515	0.002319542575900464	0.0001937315469713706	-0.0004206243497306334	0.99170935	50.53524399	1.05515433	0.06244734306532091	0.0250527	0.00015
-0.0401	0.0113	0.0752	0.0021746802479849347	0.00016231562043547262	-0.00042411500823462205	1.03934896	52.96285248	1.08891808	0.1209884456477708	0.0277906	0.0001
-0.0284	0.0446	0.0606	0.002309070600388498	0.00020769418098732522	-0.00026878070480712676	1.01137292	51.53725815	1.072363	0.07635516081914556	0.0277207	0.00013
-0.0213	-0.0318	0.0407	0.0026267205242514655	0.00030194196059501896	-9.42477796076938e-05	1.04349101	53.17391968	1.09187609	0.1327215314335047	0.0244321	7e-05
-0.0245	-0.0474	0.0202	0.0029548424236264	0.0003630284844148205	-0.00016231562043547262	1.02088463	52.02194977	1.06746254	0.06216381320112575	0.0233015	7e-05
-0.0382	0.0289	0.0417	0.0028431413514987624	0.00013439035240356338	-0.0002199114857512855	1.06374288	54.20590973	1.10017813	0.13139675347273538	0.02703	0.00012
-0.0355	0.066	0.0424	0.0026406831582674204	0.00011519173063162575	-0.00023212879051524583	1.04671001	53.33795547	1.09237295	0.052193705988362	0.0279679	0.00016
-0.0364	-0.009	0.0247	0.002673844414055313	0.00014137166941154068	-0.00027925268031909274	1.05523157	53.77219009	1.096303	0.09892325421858272	0.0240933	4e-05
-0.0309	-0.054	0.0148	0.0028571039855147177	0.00021467549799530252	-0.0002373647782712288	1.0309993	52.53736877	1.07596107	0.07532256510455151	0.0222617	3e-05
-0.0331	-0.0337	0.0106	0.0029740410453983376	0.00032637657012293966	-0.0001832595714594046	1.00110435	51.01399612	1.05811556	0.040837166941154045	0.0225693	5e-05
-0.0343	0.0308	0.0281	0.002595304597715568	0.00022340214425527416	-0.00020943951023931956	1.02769816	52.36915588	1.08617815	0.1085945406165175	0.0248994	5e-05
-0.0282	-0.0043	0.0081	0.0025324727446437724	0.0002181661564992912	-0.00017104226669544429	1.02022159	51.98816299	1.07327198	0.0665232542185827	0.0223488	6e-05
-0.0183	-0.0777	-0.018	0.002811725424962865	0.00030368728984701333	-6.632251157578452e-05	1.04576623	53.28985977	1.09123862	0.13287467843932374	0.0195838	3e-05
0.0048	-0.0498	-0.0271	0.002909463863074547	0.000312413936106985	5.235987755982989e-05	1.00993383	51.46392441	1.06403975	0.0713573736753634	0.0205693	2e-05
0.0495	0.0214	0.0141	0.0026075219024795284	-6.981317007977319e-05	0.0002181661564992912	1.06981719	54.51544189	1.11273665	0.19959876728606196	0.0252038	0.0001
0.0478	0.0085	0.0038	0.002782054827678961	-0.0001064650843716541	0.00022863813201125715	1.01497781	51.7209549	1.06451367	0.03598284075016397	0.0242428	6e-05
0.0535	-0.0755	-0.0119	0.0029321531433504737	4.0142572795869576e-05	0.0004049163864626844	1.05585659	53.804039	1.09444481	0.1290492113645232	0.0216467	4e-05
0.045	-0.0551	-0.02	0.0031381019950858045	0.0002652900463031381	0.00045902159327450867	1.0206337	52.0091629	1.06974731	0.061260076602721175	0.0213609	4e-05
0.0329	0.007	0.0075	0.002963569069886372	0.0002495820830351891	0.0004485496177625427	1.04851341	53.42985153	1.08917231	0.11173564319896737	0.0241718	6e-05
0.0272	-0.0083	0.0069	0.0027890361446869386	0.00017453292519943296	0.00042935099599060504	1.05046737	53.52942276	1.08631539	0.03503903524035636	0.0238416	6e-05
0.0263	-0.0866	-0.0191	0.0030316369107141502	0.0003106686068549907	0.0004520402762665313	1.06096065	54.06413651	1.09804257	0.12527128639793475	0.0201929	3e-05
0.0271	-0.0555	0.0023	0.0030176742766981957	0.00039793506945470715	0.00037350045992678646	1.02188039	52.07269287	1.07513568	0.06228844564777079	0.0221357	4e-05
0.0108	0.0297	0.0313	0.0027296949501191318	0.00028099800957108706	0.00023911010752322313	1.07500732	54.77992249	1.1149228	0.15746533694331238	0.0261681	9e-05
0.0105	-0.0243	0.0062	0.0027384215963791032	0.000312413936106985	0.0002583087292951608	1.06264699	54.15006638	1.09782583	0.08236705972839034	0.0222081	6e-05
0.0157	-0.0772	-0.0026	0.0029548424236264	0.0005044001538263612	0.0003595378259108319	1.05151904	53.58300781	1.09507006	0.09238180707911721	0.0210865	5e-05
0.0189	-0.0503	0.0097	0.0029914943379182805	0.0004485496177625427	0.0003054326190990077	1.03312838	52.64586258	1.07973088	0.049730382858376165	0.022788	5e-05
0.0075	0.032	0.0224	0.0027960174616949163	0.0003351032163829112	0.0002478367537831948	1.08799565	55.44177628	1.11659923	0.12472595714594044	0.0252554	8e-05
0.008	-0.0284	0.0035	0.002766346864411012	0.00039095375244672985	0.00034208453339088857	1.05957913	53.99373627	1.09711626	0.08878844564777083	0.0217987	6e-05
0.0059	-0.0752	-0.0093	0.003033382239966145	0.0005305800926062762	0.00022340214425527416	1.03577363	52.78066254	1.07885916	0.08796720524251465	0.0201281	6e-05
0.0016	-0.0486	-0.0043	0.003073524812762014	0.0004974188368183839	0.00015184364492350666	1.02464032	52.21333313	1.07183398	0.043143116395776455	0.0218065	4e-05
-0.0018	0.032	0.0153	0.0027960174616949163	0.00037350045992678646	0.00014486232791552936	1.05587459	53.80495834	1.09976038	0.12402035224833365	0.0247076	8e-05
-0.0032	-0.0413	-0.0063	0.0028379053637427798	0.0003787364476827695	8.37758040957278e-05	1.05372977	53.69566345	1.09307097	0.1017105206811824	0.0216581	4e-05
-0.0122	-0.0783	-0.0286	0.003153809958353753	0.00046425758103049166	5.585053606381854e-05	1.0454123	53.2718277	1.08356809	0.08976754979953022	0.0204368	3e-05
-0.0163	-0.0477	-0.0284	0.003373721444105039	0.0005148721293383271	-2.96705972839036e-05	1.02107918	52.03186417	1.07194178	0.05270235837034216	0.021374	5e-05
-0.0201	0.0327	0.0009	0.0031049407392979124	0.0003612831551628262	-2.96705972839036e-05	1.06358588	54.19791031	1.10651815	0.13461848394913137	0.02451	8e-05
-0.0123	-0.0073	-0.0146	0.00312413936106985	0.0003717551306747922	6.632251157578452e-05	1.0391537	52.95289993	1.07845316	0.06958318530717958	0.0223927	3e-05
-0.0114	-0.0738	-0.0324	0.0034697145529647274	0.0004886921905584122	8.37758040957278e-05	1.04017699	53.00504303	1.08531241	0.10919827721492203	0.0200544	4e-05
-0.0148	-0.0463	-0.03	0.003480186528476693	0.0005253441048502931	4.18879020478639e-05	1.02281213	52.12017059	1.07116618	0.03775058959258552	0.0210124	5e-05
-0.0219	0.0293	0.0028	0.0032794736644973454	0.0001937315469713706	-7.504915783575618e-05	1.0620259	54.11841583	1.10877554	0.14796312408709447	0.0247275	0.00011
-0.0236	0.0046	-0.0273	0.003152064629101759	0.0002670353755551324	1.7453292519943294e-06	1.05293536	53.65518188	1.09869087	0.07037536755335493	0.0223914	5e-05
-0.0152	-0.0822	-0.0483	0.0034348079679248403	0.00037524578917878077	4.18879020478639e-05	1.0695219	54.50039291	1.10662866	0.13775481626212996	0.0191181	3e-05
-0.016	-0.0539	-0.0482	0.0036215581978882336	0.0004468042885105483	3.141592653589793e-05	1.03639424	52.81228256	1.07463697	0.04263903524035633	0.0203878	3e-05
-0.0252	0.0173	-0.029	0.0034644785652087444	0.000439822971502571	-2.4434609527920616e-05	1.05341589	53.67966843	1.09712653	0.11059557428756424	0.0229286	8e-05
-0.0217	-0.0099	-0.0445	0.0034732052114687163	0.0004904375198104066	4.886921905584123e-05	1.04470861	53.23596954	1.08123753	0.052832251157578475	0.0211505	5e-05
-0.0228	-0.0757	-0.0708	0.003830997708127553	0.0005393067388662478	-1.7453292519943294e-06	1.07532716	54.79621887	1.10339789	0.11606381320112567	0.0193605	3e-05
-0.0262	-0.0335	-0.0485	0.003728023282259888	0.0005550147021341969	-5.235987755982989e-05	1.05059481	53.53591156	1.08405878	0.0763648468721725	0.0206332	6e-05
-0.0347	0.0501	-0.0359	0.003516838442768574	0.0003473205211468716	-0.0001186823891356144	1.07443154	54.75057983	1.1077802	0.12896007660272119	0.0237627	7e-05
-0.0326	-0.0245	-0.0726	0.0036669367584400863	0.000593411945678072	-7.504915783575618e-05	1.05638921	53.83118057	1.09769875	0.13539114857512854	0.0194374	5e-05
-0.0273	-0.0717	-0.0879	0.0038903389026953604	0.000778416846389471	5.4105206811824215e-05	1.03798485	52.89333725	1.07892457	0.09467807048071265	0.0181641	0.0
-0.0349	-0.0191	-0.0692	0.0038833575856873836	0.0006824237375297829	-5.4105206811824215e-05	1.03234076	52.60572815	1.0790027	0.08945924197456566	0.0208902	3e-05
-0.0342	0.0443	-0.0628	0.0037437312455278365	0.0004729842272904633	-8.552113334772214e-05	1.03550148	52.7667923	1.08651653	0.08952408884673822	0.0231485	9e-05
-0.0344	-0.0308	-0.07	0.0036948620264719957	0.00047822021504644627	-3.4906585039886588e-06	1.0462693	53.31549835	1.09151563	0.08930678408277785	0.0198956	6e-05
-0.0411	-0.0783	-0.0928	0.004136430327226561	0.0005113814708343385	-0.00011344640137963142	1.03820813	52.90471649	1.08135853	0.106234264970905	0.0185942	3e-05
-0.046	-0.0251	-0.0675	0.004199262180298357	0.0004014257279586958	-0.00016929693744344995	1.04869747	53.43922806	1.08827102	0.09483190660056283	0.0211672	8e-05
-0.0538	0.0256	-0.0538	0.0038885935734433662	0.0003438298626428829	-0.00013264502315156904	1.05084074	53.54844284	1.09854897	0.09244581932313421	0.0231292	9e-05
-0.0518	-0.0623	-0.0791	0.004077089132658754	0.0004904375198104066	-8.028514559173915e-05	1.08194363	55.13337708	1.11548678	0.13457315469713707	0.0192424	2e-05
-0.0481	-0.0488	-0.0893	0.0041277036809665895	0.0008604473212332044	0.00014486232791552936	1.04708755	53.35719299	1.08074667	0.059688591161895115	0.0192302	5e-05
-0.0537	0.0337	-0.0607	0.0038746309394274117	0.0006981317007977319	6.9813170079773176e-06	1.08769572	55.42649078	1.11753627	0.14436346864411012	0.0226036	5e-05
-0.061	0.0167	-0.0808	0.004049163864626845	0.0005235987755982988	-7.853981633974481e-05	1.04321384	53.15979767	1.09186673	0.0661293491873294	0.0216976	8e-05
-0.0694	-0.0898	-0.1106	0.0045483280306972225	0.0007644542123735164	-0.00016231562043547262	1.08796895	55.44041443	1.12836432	0.18588977034706616	0.0184949	1e-05
-0.0767	-0.0596	-0.1008	0.004546582701445229	0.0008970992355250854	-0.00015009831567151235	1.03687859	52.83696365	1.07887687	0.05463038285837616	0.0200368	2e-05
-0.0795	0.0176	-0.0847	0.004386012410261751	0.0006824237375297829	-0.00013264502315156904	1.06227303	54.13101196	1.10501234	0.1157349540849362	0.0225174	8e-05
-0.0729	0.0242	-0.0911	0.00434586983746588	0.0007487462491055673	-1.3962634015954635e-05	1.00655305	51.29164505	1.06585033	0.030857373675363464	0.0225083	9e-05
-0.0727	-0.0721	-0.1108	0.0045588000062091886	0.0008639379797371932	5.759586531581287e-05	1.05568504	53.79530334	1.10549946	0.13618401993533508	0.0191092	6e-05
-0.0702	-0.0633	-0.1105	0.004644321139556911	0.0011030480872604163	0.00023212879051524583	1.02564442	52.26449966	1.0712457	0.03655820830351892	0.019702	4e-05
-0.0807	0.0029	-0.0911	0.004488986836129415	0.0010210176124166828	4.71238898038469e-05	1.05617511	53.82027435	1.09574985	0.1172184839491314	0.0219209	6e-05
-0.0808	0.0189	-0.0859	0.004366813788489812	0.0008726646259971648	8.203047484373349e-05	1.03426337	52.70370102	1.07859448	0.03657163095495038	0.0223476	9e-05
-0.0742	-0.0673	-0.0812	0.004424409653805625	0.000926769832808989	0.000158824961931484	1.06535482	54.28804779	1.10425717	0.10692477796076937	0.0199482	4e-05
-0.0761	-0.0555	-0.082	0.004640830481052923	0.0009721483933608416	0.00011693705988362007	1.05266416	53.64136124	1.08502951	0.029684364492350717	0.0210953	5e-05
-0.0827	-0.0004	-0.0664	0.004433136300065597	0.0009843656981248017	8.726646259971648e-06	1.05150139	53.58211136	1.1023388	0.09370609496874668	0.0227137	8e-05
-0.0772	0.0195	-0.0676	0.00428129265514209	0.0008761552845011534	8.37758040957278e-05	1.03747153	52.86717987	1.08012224	0.043355160819145595	0.0228202	0.00011
-0.0747	-0.0456	-0.0975	0.004534365396681268	0.0009808750396208131	0.000158824961931484	1.05429769	53.72460175	1.09730849	0.11914208272472972	0.0198039	3e-05
-0.0781	-0.068	-0.1268	0.004867723283812185	0.001192059879112127	0.0001832595714594046	1.03148305	52.56202316	1.07807842	0.08354886680750753	0.0192502	4e-05
-0.085	-0.0231	-0.1013	0.004696681017116741	0.0010786134777324957	6.45771823237902e-05	1.04870045	53.43938446	1.08797937	0.0974585528605345	0.0208277	3e-05
-0.0879	0.0287	-0.0974	0.004485496177625427	0.0008395033702092724	7.504915783575618e-05	1.06816459	54.43122864	1.13906711	0.08163834612632513	0.0226448	8e-05
-0.0855	-0.0513	-0.104	0.004420918995301637	0.0008918632477691023	0.00014660765716752367	1.06538832	54.28975677	1.13638032	0.09842477796076934	0.018855	3e-05
-0.0868	-0.0802	-0.1305	0.004768239516448508	0.000973893722612836	0.00011693705988362007	1.02236724	52.09750366	1.06404043	0.0796510796637254	0.0181068	1e-05
-0.0915	-0.0305	-0.1021	0.004677482395344803	0.0009285151620609833	6.45771823237902e-05	1.02597523	52.28135681	1.07648535	0.09222477796076936	0.0203522	5e-05
-0.0882	0.0274	-0.0842	0.004408701690537677	0.000890117918517108	6.981317007977319e-05	1.01006961	51.47084427	1.15286821	0.09472069680534925	0.0225592	6e-05
-0.0903	-0.0475	-0.1031	0.004501204140893376	0.0010506882097005862	0.00010297442586766544	1.01444352	51.69372559	1.15357425	0.11021169986635349	0.0198267	5e-05
-0.0916	-0.0705	-0.1151	0.004804891430740389	0.0011798425743481666	0.0001291543646475804	0.9829849	50.09066772	1.05059858	0.059251079663725406	0.0194438	6e-05
-0.097	0.0007	-0.087	0.004656538444320871	0.0011519173063162574	6.806784082777885e-05	1.00340104	51.13102722	1.07009828	0.11656823891356144	0.0224559	0.0001
-0.0942	0.0242	-0.0833	0.004495968153137393	0.0010210176124166828	0.00015707963267948963	1.01979005	51.96617508	1.07217494	0.049024088846738166	0.0231035	8e-05
-0.0926	-0.073	-0.122	0.004783947479716458	0.0012217304763960308	0.0002740166925631097	1.07437587	54.7477417	1.11796564	0.16778146252210163	0.0192338	3e-05
-0.0861	-0.0422	-0.1174	0.004790928796724435	0.0013805554383275148	0.000317649923862968	1.0232718	52.14359665	1.07257761	0.052371975511966	0.0199041	9e-05
-0.0868	0.0313	-0.0916	0.0044540802510895285	0.001186823891356144	0.0002024581932313422	1.06061566	54.04655457	1.0998457	0.13228859116189515	0.0222908	0.00011
-0.0853	-0.0336	-0.1211	0.004598942579005058	0.0012897983172238095	0.00022689280275926284	1.05008507	53.50993729	1.0977927	0.1095135681655558	0.0193334	5e-05
-0.0875	-0.0889	-0.1396	0.004935791124639963	0.0014538592669112763	0.00023387411976724014	1.03181148	52.57875824	1.07645585	0.10139454061651748	0.0179361	2e-05
-0.0868	-0.0106	-0.11	0.004663519761328848	0.001244419756671957	0.00021118483949131387	1.05959582	53.99458694	1.10371232	0.13382000769131808	0.0205588	7e-05
-0.0834	0.0049	-0.1166	0.004473278872861466	0.0012322024519079964	0.0003001966313430247	1.03187191	52.5818367	1.08285948	0.04007349925415264	0.020555	4e-05
-0.0792	-0.0785	-0.1364	0.004614650542273007	0.0014329153158873448	0.00029845130209103034	1.05818284	53.92258453	1.10270559	0.1245914931321442	0.0172884	6e-05
-0.0789	-0.0281	-0.1067	0.0044924774946334045	0.0013962634015954637	0.00021118483949131387	1.04030156	53.01139069	1.08706556	0.09270457122656003	0.0193412	4e-05
-0.0765	0.0305	-0.0964	0.004330161874197931	0.0013700834628155487	0.0002722713633111154	1.03641534	52.81335831	1.08547712	0.0837791041517595	0.0214839	8e-05
-0.0805	-0.0401	-0.1241	0.004525638750421296	0.001467821900927231	0.00032637657012293966	1.04473138	53.2371254	1.08916394	0.11966602605734356	0.0186707	3e-05
-0.0719	-0.095	-0.1274	0.004822344723260333	0.0016283921921107093	0.00035081117965086024	1.03066206	52.52018738	1.07849025	0.09088554367752179	0.0179335	2e-05
-0.0747	-0.0139	-0.1093	0.004728096943652638	0.0015079644737231008	0.00035604716740684323	1.04863918	53.43626022	1.089059	0.11299557428756432	0.0207849	6e-05
-0.0798	0.0203	-0.1124	0.004632103834792951	0.0014887658519511632	0.000322885911618951	1.02800763	52.38492203	1.08444332	0.049817649320975835	0.0214604	0.0001
-0.08	-0.0639	-0.1171	0.004729842272904633	0.001473057888683214	0.0003682644721708035	1.05412304	53.71570587	1.094847	0.09704124809657415	0.0186396	5e-05
-0.081	-0.0911	-0.1236	0.00503527489200364	0.0014852751934471744	0.00030368728984701333	1.01390707	51.66639328	1.06636575	0.05381135530933792	0.0186496	4e-05
-0.0834	-0.0213	-0.1014	0.00485376064979623	0.001481784534943186	0.00019896753472735358	1.02841222	52.40554047	1.09139363	0.1088862327915529	0.0212109	8e-05
-0.0784	-0.0032	-0.1123	0.004665265090580842	0.0015376350710070042	0.0003089232776029963	1.02031898	51.99312973	1.07221196	0.05171509190774244	0.0213352	8e-05
-0.0738	-0.1031	-0.1387	0.004953244417159907	0.0015917402778188286	0.0003525565089028545	1.06781244	54.4132843	1.10862571	0.15018588823453735	0.0179572	3e-05
-0.0813	-0.0643	-0.1473	0.0051173053668473745	0.0016545721308906245	0.0002548180707911721	1.02945828	52.45884323	1.07027344	0.07113156204354727	0.0192467	5e-05
-0.0888	0.0094	-0.1234	0.004771730174952496	0.001424188669627373	0.0001972222054753592	1.05476165	53.74824524	1.1029337	0.1367777259236971	0.0211897	8e-05
-0.0905	-0.0122	-0.1369	0.004424409653805625	0.001562069680534925	0.0001605702911834783	1.05009115	53.51025009	1.09851411	0.0628926723173152	0.0196319	5e-05
-0.0673	-0.0322	-0.1491	0.004900884539600078	0.0015603243512829306	0.0003473205211468716	1.09187126	55.63926697	1.12402595	0.08864852225049204	0.0196595	6e-05
-0.0661	0.0363	-0.1536	0.00473682358991261	0.0016598081186466073	0.00042236967898262774	1.12719262	57.43916321	1.15929718	0.09112969374434497	0.0217422	7e-05
-0.0832	-0.0142	-0.1372	0.00474904089467657	0.0015254177662430443	0.00040666171571467877	1.09166312	55.62866211	1.12487348	0.0921157810217736	0.0206724	6e-05
-0.0898	0.0125	-0.132	0.004679227724596798	0.0016022122533307947	0.0007155849933176752	1.11059034	56.59315109	1.12697469	0.06127654673852596	0.0217327	8e-05
-0.0885	-0.0695	-0.1708	0.005216789134211051	0.001843067690106012	0.0006998770300497262	1.09678316	55.88956833	1.12055135	0.16180624048287098	0.0184569	2e-05
-0.0962	-0.1062	-0.2014	0.005567600313861911	0.0018622663118779497	0.00048345620280242926	1.06785417	54.4154129	1.09443196	0.10432153143350475	0.0179216	2e-05
-0.1	-0.0445	-0.1821	0.005489060497522166	0.0017505652397503124	0.00037350045992678646	1.06724727	54.38448715	1.10004194	0.09980983156715123	0.0197548	3e-05
-0.1072	0.0332	-0.1503	0.005220279792715039	0.001556833692778942	0.0003316125578789226	1.07221901	54.63783646	1.12289821	0.1419200076913181	0.0226282	0.00012
-0.1119	-0.0356	-0.1657	0.005431464632206353	0.001609193570338772	0.00021118483949131387	1.05403531	53.71123505	1.10091852	0.1080986217719376	0.0208048	9e-05
-0.1163	-0.078	-0.1973	0.0058695422744569304	0.0016877333866785165	0.00016929693744344995	1.03768003	52.8778038	1.08347551	0.10632526803190932	0.0199065	3e-05
-0.122	-0.0028	-0.1552	0.005640904142445672	0.0016528268016386303	0.00014311699866353502	1.05492568	53.75660706	1.10157915	0.13748623279155295	0.0232862	0.00014
-0.1285	0.0415	-0.1366	0.005358160803622591	0.0015463617172669759	0.00015707963267948963	1.0454067	53.27153778	1.10309772	0.08955855286053453	0.0244933	0.00017
-0.1257	-0.0422	-0.1584	0.005586798935633849	0.0015847589608108511	0.00021118483949131387	1.08735454	55.40910339	1.13219827	0.12435702911834785	0.0217699	9e-05
-0.1231	-0.0501	-0.1702	0.0057037359955174685	0.001593485607070823	0.00015533430342749534	1.05102301	53.55773163	1.08478128	0.03137571211037049	0.0211971	8e-05
-0.1301	0.0133	-0.1338	0.0054157566689384045	0.0015428710587629874	9.773843811168246e-05	1.07622373	54.8419075	1.10844639	0.12660948701013555	0.023686	0.00012
-0.1275	0.0321	-0.1372	0.005239478414486977	0.0014922565104551516	0.0001675516081914556	1.03933311	52.96204376	1.14468894	0.039635298641951776	0.0238706	0.00016
-0.1335	-0.0697	-0.1442	0.005099852074327431	0.0015219271077390555	0.000153588974175501	1.075001	54.77959824	1.17718514	0.12396297857297026	0.0205085	2e-05
-0.1417	-0.0823	-0.1564	0.005417501998190398	0.001593485607070823	5.061454830783555e-05	1.03909171	52.94974136	1.07818373	0.05760914245312002	0.0209414	5e-05
-0.1443	0.004	-0.1445	0.005311036913818745	0.0014189526818713899	4.71238898038469e-05	1.07117355	54.58455658	1.11711122	0.11502443340375378	0.0230136	0.00012
-0.1397	-0.0079	-0.1492	0.00518013721991917	0.0013840460968315032	1.2217304763960308e-05	1.04677498	53.34126663	1.08970172	0.031235643198967458	0.0218802	8e-05
-0.1218	-0.0782	-0.1587	0.0051783918906671755	0.0012007865253720988	-0.000153588974175501	1.05406785	53.71289062	1.1166615	0.115240558982543	0.0192906	5e-05
-0.1055	-0.053	-0.1595	0.004991641660703782	0.0007853981633974483	-0.0002600540585471551	1.02075779	52.01548767	1.07424093	0.0777301838154849	0.0192683	2e-05
-0.1121	0.018	-0.1024	0.004391248398017733	0.0005881759579220891	-0.0002548180707911721	1.04798388	53.40287018	1.10282857	0.17484257279586957	0.0220726	0.0001
-0.1112	-0.0079	-0.0981	0.004049163864626845	0.0006544984694978735	-0.00022689280275926284	1.02775359	52.37197876	1.0816832	0.052916615649929104	0.0206399	7e-05
-0.1137	-0.0643	-0.1036	0.004307472593922005	0.000731292956585624	-0.00023911010752322313	1.04170644	53.08298492	1.08608971	0.08176602605734355	0.0195908	3e-05
-0.1226	-0.0516	-0.1115	0.00451516677490933	0.0008709192967451704	-0.0003211405823669566	1.01066184	51.50102234	1.06693657	0.05096754979953028	0.0203652	3e-05
-0.1166	0.0149	-0.0297	0.001572541656046891	0.0003298672286269283	-0.0002565634000431664	1.27462351	64.9519043	1.27400357	0.33171271846522354	0.020828	3e-05
-0.0992	-0.0563	-0.0803	-0.0022130774915288098	-0.00020769418098732522	0.0001186823891356144	1.5011487	76.49510956	1.45423945	0.37412131731843673	0.0188723	0.00017
-0.0863	-0.1232	-0.1935	-0.004937536453891958	-0.0006440264939859076	0.0006597344572538566	1.39800978	71.23938751	1.42660958	0.3780921671739986	0.0221546	0.00049
-0.0918	-0.0979	-0.2167	-0.0035412730522964946	-0.000466002910282486	0.0006928957130417488	1.04180825	53.0881691	1.10719244	0.1343724120543389	0.0180967	0.00017
-0.1013	-0.0442	-0.2114	-0.002005383310541485	-0.0001675516081914556	0.0006806784082777885	1.07408059	54.73269653	1.14473265	0.16082791743049998	0.0154186	5e-05
-0.102	-0.0643	-0.2157	-0.0013665928043115599	-3.4906585039886588e-06	0.0005393067388662478	1.02019787	51.98695374	1.07592505	0.0723111562664466	0.0139289	1e-05
-0.0918	-0.1067	-0.2401	-0.0008360127117052838	4.886921905584123e-05	0.0005619960191421741	1.03820193	52.90440369	1.08268771	0.1072814625221016	0.0126165	2e-05
-0.0894	-0.094	-0.2473	-0.0005881759579220891	0.00013962634015954637	0.0006038839211900379	1.01039696	51.48752213	1.0661741	0.041324088846738175	0.0122092	0.0
-0.0957	-0.0255	-0.2221	-0.0005427973973702365	0.0001937315469713706	0.0005951572749300663	1.04502475	53.25207901	1.09135587	0.10541052068118242	0.0134045	1e-05
-0.0882	-0.0239	-0.223	-0.0002844886680750757	8.37758040957278e-05	0.0006736970912698113	1.03941619	52.96627426	1.07613187	0.03234021442552743	0.013528	3e-05
-0.08	-0.1199	-0.2372	6.108652381980153e-05	6.981317007977319e-05	0.0006963863715457374	1.08091116	55.08076859	1.10861696	0.1375113553093379	0.0104491	1e-05
-0.0802	-0.144	-0.2397	-0.000577703982410123	2.4434609527920616e-05	0.000932005820564972	1.05512488	53.76675797	1.09017313	0.07278942579005054	0.0111191	3e-05
-0.0805	-0.1616	-0.2354	-0.003902556207459321	-0.0003316125578789226	0.0020263272615654165	1.31326222	66.92084503	1.34456568	0.2609610416728243	0.0191162	0.00032
-0.1111	-0.2044	-0.2531	-0.00903731486682664	-0.0015917402778188286	0.003120648702565861	1.46770847	74.79107666	1.60469307	0.4655603910153834	0.0364368	0.00412
-0.1051	-0.2683	-0.3036	-0.008887216551155125	-0.0019669860669976093	0.003494149162492647	1.07445991	54.7520256	1.16676412	0.16534222823885403	0.0368116	0.00395
-0.1004	-0.3065	-0.326	-0.008302531251737025	-0.0018151424220741027	0.0029949849964222694	1.03067613	52.52090073	1.17289373	0.12708465552059922	0.0346843	0.0033
-0.109	-0.2778	-0.3249	-0.006942919764433443	-0.0017400932642383465	0.002398082392240209	1.06087399	54.05971909	1.18330213	0.13997816246606995	0.0299806	0.00188
-0.1089	-0.2898	-0.3063	-0.005557128338349946	-0.0017540558982543013	0.002579596634447619	1.07318997	54.68730927	1.22350175	0.10976341511534311	0.0256693	0.00081
-0.1077	-0.3234	-0.3165	-0.00451865743341332	-0.0015306537539990272	0.0025464353786597265	1.04883111	53.44603729	1.10855045	0.10975171524898963	0.0227453	0.00042
-0.1051	-0.3637	-0.3324	-0.004457570909593518	-0.0014346606451393388	0.0027349309378751144	1.03480077	52.73108673	1.20410542	0.07607875959474387	0.023183	0.00047
-0.1105	-0.3793	-0.3492	-0.004883431247080134	-0.001420698011123384	0.0029181905093345183	1.04008925	53.00057602	1.20952013	0.06895412714809877	0.0252972	0.00072
-0.129	-0.3259	-0.3255	-0.006202900161587847	-0.0014433872913993105	0.0030473448739821	1.08843482	55.46415329	1.15504368	0.16916562797156107	0.0286808	0.00116
-0.1329	-0.336	-0.277	-0.007009242276009227	-0.0013596114873035826	0.0032079151651655774	1.07143331	54.59779358	1.18271227	0.11503441048502924	0.031105	0.0014
-0.1338	-0.4162	-0.3029	-0.006354743806511354	-0.001452113937659282	0.003232349774693498	1.06850708	54.44868088	1.11530224	0.14557177646907468	0.0305765	0.00121
-0.1447	-0.4818	-0.3201	-0.005771803836345247	-0.001499237827463129	0.0029967303256742636	1.04978597	53.49469757	1.18375288	0.13698416544945935	0.0305997	0.00108
-0.1535	-0.4299	-0.2832	-0.00519235452468313	-0.001462585913171248	0.002780309498426967	1.03817737	52.90315247	1.17191759	0.13922610266006474	0.0274523	0.00059
-0.1416	-0.4086	-0.2493	-0.0054873151682701725	-0.001424188669627373	0.002813470754214859	1.0408591	53.03980255	1.17131628	0.08542595714594048	0.0275432	0.0006
-0.1356	-0.5682	-0.2507	-0.00558330827712986	-0.0014329153158873448	0.00301941960595019	1.13164079	57.66583252	1.41734127	0.18253343034274952	0.0331971	0.00105
-0.142	-0.612	-0.2913	-0.005468116546498235	-0.0015707963267948967	0.002802998778702893	1.07163024	54.60783386	1.24576467	0.11427467843932364	0.0347073	0.00142
-0.1517	-0.5356	-0.3187	-0.004845034003536259	-0.0015062191444711063	0.0021258110289290935	1.08907855	55.49695969	1.15367898	0.18174237375297833	0.0300524	0.00085
-0.1473	-0.3965	-0.3136	-0.0041835542170304075	-0.0013735741213195373	0.0018709929581379211	1.12729287	57.4442749	1.72445675	0.2010471440224296	0.0239894	0.00033
-0.145	-0.4411	-0.3154	-0.0038833575856873836	-0.0011205013797803594	0.001891936909161853	1.04484987	53.24316406	1.18583032	0.07741066619530668	0.0237008	0.00021
-0.1469	-0.4325	-0.3506	-0.0035674529910764093	-0.0012863076587198209	0.0016283921921107093	1.06763637	54.40431213	1.56398372	0.082962779530079	0.023733	0.00029
-0.167	-0.3608	-0.3107	-0.003516838442768574	-0.001473057888683214	0.0013910274138394805	1.1083988	56.48147202	1.63824543	0.15543647782712292	0.0221702	0.00015
-0.182	-0.3189	-0.3058	-0.002960078411382383	-0.0014189526818713899	0.0012130038301360591	1.08096397	55.08345795	1.17901939	0.10124444109507176	0.0203016	0.0001
-0.1916	-0.3975	-0.3179	-0.0028361600344907856	-0.001192059879112127	0.001324704902263696	1.07732213	54.89787674	1.12303378	0.12342561258892484	0.0215383	0.00012
-0.1893	-0.4068	-0.328	-0.0026668630970473357	-0.0008779006137531476	0.001382300767579509	1.04183662	53.08961487	1.08625879	0.04875260340591208	0.0214615	0.0001
-0.1932	-0.3304	-0.305	-0.002501056818107874	-0.0010925761117484504	0.001450368608407288	1.06866944	54.45695496	1.13576563	0.12572748088812716	0.0189398	7e-05
-0.2055	-0.3203	-0.3026	-0.0021938788697568722	-0.001254891732183923	0.001637118838370681	1.07055712	54.55315018	1.10263364	0.05761218993749343	0.0198318	4e-05
-0.2032	-0.4149	-0.3357	-0.0018622663118779497	-0.0009965830028887623	0.0018989182261698304	1.11032808	56.57978439	1.22782683	0.17258603374866166	0.0206111	9e-05
-0.2019	-0.4189	-0.3441	-0.0015812683023068625	-0.0008674286382411819	0.001853539665617978	1.06850135	54.44839096	1.12534474	0.03647654673852602	0.020608	9e-05
-0.2043	-0.3448	-0.3331	-0.0014433872913993105	-0.0007941248096574199	0.0017191493132144146	1.06634927	54.33872223	1.13357475	0.10477875959474388	0.0182416	5e-05
-0.2062	-0.3245	-0.3366	-0.001408480706359424	-0.0008464846872172499	0.0017208946424664088	1.04723418	53.36466217	1.08481447	0.030150589592585503	0.018296	5e-05
-0.2016	-0.4155	-0.3508	-0.0013892820845874865	-0.0007487462491055673	0.0017139133254584315	1.09194148	55.64284515	1.12270123	0.1159959188445798	0.0202208	7e-05
-0.201	-0.4268	-0.3647	-0.0013386675362796509	-0.0004363323129985824	0.001658062789394613	1.0563705	53.83023071	1.14654478	0.04674395102393201	0.0204346	9e-05
-0.1923	-0.3452	-0.3365	-0.0009232791743050004	-0.00040666171571467877	0.0018273597268380628	1.10312486	56.21272278	1.19232349	0.14921779483510023	0.0172731	6e-05
-0.1897	-0.301	-0.3402	-0.0006073745796940267	-0.0007190756518216638	0.0019006635554218248	1.07474256	54.7664299	1.10186036	0.08558111796508601	0.0165259	5e-05
-0.1871	-0.3625	-0.3597	-0.0005323254218582705	-0.0005811946409141118	0.002033308578573394	1.07581103	54.82087708	1.10176553	0.1008787595947439	0.0172707	5e-05
-0.1986	-0.4054	-0.3885	-0.0001675516081914556	-0.0004677482395344803	0.0019617500792416262	1.08395505	55.23587418	1.11112911	0.11068893571891068	0.0195942	5e-05
-0.2003	-0.3423	-0.3649	-8.37758040957278e-05	-0.0004415683007545654	0.0019687313962496035	1.10249758	56.18076324	1.11790254	0.094246852994181	0.0173125	4e-05
-0.2081	-0.2673	-0.3463	-4.18879020478639e-05	-0.0007400196028455958	0.0019285888234537342	1.09723532	55.9126091	1.11896691	0.1204240888467382	0.0164281	1e-05
-0.1988	-0.3586	-0.3528	3.490658503988659e-05	-0.0006021385919380437	0.002089159114637212	1.09352016	55.7232933	1.11423957	0.125862289458939	0.0170779	2e-05
-0.204	-0.4181	-0.3884	0.00018151424220741024	-0.0004328416544945937	0.002230530784048753	1.11266792	56.69901657	1.13115161	0.12316381320112577	0.0197926	5e-05
-0.2057	-0.3663	-0.3776	0.0002600540585471551	-0.0006928957130417488	0.002314306588144481	1.12441146	57.29744339	1.13692647	0.08541848394913144	0.0180659	3e-05
-0.2041	-0.2679	-0.3458	0.00029845130209103034	-0.0007155849933176752	0.0022968532956245376	1.11815548	56.97865295	1.14210405	0.1357269908169872	0.0162386	3e-05
-0.1981	-0.35	-0.3505	0.0005602506898901797	-0.0006667157742618339	0.002251474735072685	1.0756042	54.81033707	1.10641126	0.1106023583703421	0.0161571	3e-05
-0.1918	-0.4021	-0.3776	0.0007766715171374765	-0.000450294947014537	0.002139773662945048	1.07438374	54.74814224	1.20155025	0.11272713633111156	0.0178065	4e-05
-0.1999	-0.3652	-0.3687	0.0009337511498169664	-0.000705113017805709	0.0018971728969178364	1.08084488	55.07738876	1.2045942	0.08662492347489363	0.0173897	9e-05
-0.1757	-0.2521	-0.3977	0.001963495408493621	-0.001647590813882647	0.0018500490071139892	1.20473349	61.3904686	1.2172274	0.267267297227872	0.0168265	6e-05
-0.1884	-0.2269	-0.3854	0.001726130630222392	-0.0012217304763960308	0.0020682151636132805	1.11419904	56.77704239	1.13163018	0.0942695636128568	0.0162562	3e-05
-0.1831	-0.3067	-0.4082	0.0019216075064457567	-0.0009564404300928925	0.0022008601867648495	1.11853099	56.99778748	1.13735007	0.13757059728390356	0.0174149	6e-05
-0.1743	-0.3947	-0.4296	0.0021746802479849347	-0.0007923794804054256	0.002363175807200322	1.14258397	58.2234726	1.14098652	0.14717246558310587	0.0176896	3e-05
-0.1704	-0.3536	-0.4227	0.0023265238929084412	-0.0006318091892219474	0.002230530784048753	1.08225048	55.14901733	1.10329853	0.07415294796292764	0.0160874	1e-05
-0.1675	-0.2747	-0.3632	0.002038544566329377	-0.0006056292504420323	0.0023701571242082994	1.12135553	57.14171982	1.13891185	0.16398928027592627	0.0143737	4e-05
-0.1603	-0.3225	-0.3767	0.0020629791758572974	-0.00062482787221397	0.0023753931119642824	1.08511066	55.29476166	1.10622267	0.07094346095279203	0.0149005	3e-05
-0.1569	-0.3995	-0.3848	0.002253220064324679	-0.0004520402762665313	0.002501056818107874	1.08311987	55.19331741	1.10968341	0.1129346095279206	0.0155681	4e-05
-0.1601	-0.4028	-0.3927	0.0025115287936198403	-0.00037350045992678646	0.0025115287936198403	1.03715527	52.85106277	1.07719387	0.03176602605734358	0.0159886	3e-05
-0.1662	-0.3203	-0.3674	0.0023753931119642824	-0.0004904375198104066	0.0024870941840919192	1.06560707	54.30090332	1.10272278	0.12777536755335495	0.0143104	2e-05
-0.1723	-0.2703	-0.3619	0.0022776546738526	-0.0005462880558742252	0.0024591689160600103	1.04982305	53.49658585	1.09172656	0.07067571211037052	0.0144206	2e-05
-0.1595	-0.3558	-0.3869	0.002513274122871834	-0.0006265732014659643	0.002583087292951608	1.07015014	54.53240967	1.10029533	0.14529114857512856	0.0154163	9e-05
-0.1654	-0.377	-0.4148	0.002844886680750757	-0.000640535835481919	0.002541199390903744	1.07394409	54.72574234	1.09610019	0.07437315469713704	0.0170216	2e-05
-0.1794	-0.3323	-0.3895	0.002633701841259443	-0.000778416846389471	0.0023352505391684127	1.05949306	53.98934937	1.09424802	0.11175073510670985	0.015456	2e-05
-0.1851	-0.243	-0.3664	0.00238237442897226	-0.0007819075048934597	0.0022916173078685546	1.09046674	55.56769943	1.12026876	0.13302256510455152	0.014677	1e-05
-0.174	-0.3232	-0.3898	0.002518510110627818	-0.0006981317007977319	0.0023998277214922034	1.06641889	54.34227371	1.10343271	0.1311060949687467	0.0149346	1e-05
-0.16	-0.3898	-0.4028	0.0024818581963359366	-0.0006806784082777885	0.0026284658535034606	1.0570941	53.86709976	1.09208512	0.10773716694115408	0.0156075	1e-05
-0.1517	-0.403	-0.4154	0.0026389378290154262	-0.0006719517620178169	0.0027611108766550296	1.05255473	53.63578796	1.09091913	0.04902256510455156	0.0164429	1e-05
-0.1569	-0.3505	-0.3896	0.002490584842595908	-0.0005585053606381855	0.0025778513051956248	1.06276405	54.15603256	1.09993845	0.10575294796292777	0.0146528	3e-05
-0.1617	-0.2992	-0.3838	0.002331759880664424	-0.0006736970912698113	0.0025865779514555962	1.06908429	54.47809601	1.09708319	0.07603716694115405	0.0144665	1e-05
-0.1539	-0.3716	-0.4001	0.0025761059759436306	-0.000619591884457987	0.0025883232807075904	1.07240558	54.64734268	1.09978815	0.11150983156715127	0.0153811	2e-05
-0.1515	-0.4044	-0.4137	0.002686061718819273	-0.0005340707511102648	0.0025028021473598684	1.04784989	53.39604187	1.08133775	0.06284990047855435	0.0155526	1e-05
-0.1523	-0.3661	-0.4116	0.002823942729726825	-0.0005393067388662478	0.0024277529895241124	1.06364119	54.20072937	1.0936834	0.05210830782496452	0.0156622	1e-05
-0.1663	-0.2702	-0.3864	0.002494075501099897	-0.0006579891280018621	0.0025045474766118626	1.10718024	56.41938019	1.13140196	0.1613672052425146	0.0145257	1e-05
-0.165	-0.3259	-0.3874	0.002410299697004169	-0.0006230825429619757	0.0025499260371637153	1.07247126	54.65068817	1.09740272	0.06620304748437338	0.0154241	4e-05
-0.1606	-0.4045	-0.4251	0.0029618237406343773	-0.0006038839211900379	0.0024818581963359366	1.08341169	55.2081871	1.10979948	0.1526395253114962	0.0163671	1e-05
-0.1587	-0.3856	-0.4248	0.0030997047515419294	-0.00047822021504644627	0.002501056818107874	1.03310061	52.64445114	1.07512407	0.035237166941154044	0.0161543	1e-05
-0.1585	-0.3031	-0.3946	0.0028675759610266834	-0.0006038839211900379	0.002535963403147761	1.06230271	54.13252258	1.10315156	0.13253495408493624	0.0143795	2e-05
-0.1539	-0.3099	-0.4102	0.0028605946440187057	-0.0006230825429619757	0.0026075219024795284	1.04836214	53.42214203	1.08124894	0.03188692190558417	0.0149595	1e-05
-0.149	-0.3824	-0.4222	0.0030560715202420713	-0.0006667157742618339	0.002722713633111154	1.05624509	53.82383728	1.08985956	0.10711509190774252	0.0158744	1e-05
-0.1502	-0.3905	-0.4356	0.0032480577379614467	-0.0005427973973702365	0.0027244589623631483	1.03313184	52.64604187	1.0716925	0.03858249619314832	0.016628	2e-05
-0.1574	-0.3526	-0.4166	0.003159045946109736	-0.00046425758103049166	0.0025603980126756814	1.04270303	53.13376617	1.0770271	0.08068062789394606	0.0152198	1e-05
-0.1652	-0.2914	-0.3988	0.002921681167838507	-0.0005148721293383271	0.0025394540616517493	1.04945648	53.47790527	1.08949378	0.10224616388014988	0.0144954	1e-05
-0.1489	-0.3685	-0.4275	0.0030979594222899347	-0.00048345620280242926	0.002584832622203602	1.07063758	54.55724716	1.10157462	0.1347536370769589	0.0156996	2e-05
-0.1334	-0.423	-0.4796	0.003682644721708035	-0.0007173303225696694	0.0026162485487395003	1.08788157	55.43596268	1.1786288	0.16459876728606196	0.0186605	2e-05
-0.1508	-0.3449	-0.448	0.0035953782591083183	-0.0006771877497737998	0.00243473430653209	1.06664288	54.35368729	1.16749213	0.14254616388014985	0.0159529	1e-05
-0.1615	-0.2765	-0.4087	0.003242821750205464	-0.0006161012259539982	0.0024713862208239705	1.07181728	54.61736298	1.10176717	0.1409147473507268	0.0147833	3e-05
-0.1362	-0.3306	-0.4072	0.003295181627765294	-0.0009983283321407565	0.002665117767795341	1.06643832	54.34326172	1.09210229	0.11231592653589792	0.0145505	1e-05
-0.1299	-0.3374	-0.4121	0.003010692959690218	-0.0012583823906879114	0.0025499260371637153	1.0335809	52.66892624	1.07486298	0.050986722862692825	0.014704	1e-05
-0.1358	-0.311	-0.3923	0.002925171826342496	-0.0011623892818282235	0.0025446900494077327	1.0308429	52.52940369	1.07759268	0.06143751149816967	0.0142195	2e-05
-0.1532	-0.2671	-0.3718	0.0026267205242514655	-0.001155407964820246	0.002441715623540067	1.05428457	53.72393799	1.09027475	0.10222035224833365	0.0141516	2e-05
-0.1506	-0.348	-0.3612	0.0024242623310201236	-0.001218239817892042	0.0024137903555081575	1.06166017	54.09978104	1.09904596	0.10876076571675232	0.0142877	1e-05
-0.1578	-0.3896	-0.3615	0.0023125612588924867	-0.0013997540600994523	0.002309070600388498	1.04286683	53.14211273	1.07855788	0.06899675347273532	0.0158858	2e-05
-0.1751	-0.3714	-0.3655	0.0024137903555081575	-0.0015515977050229591	0.0022776546738526	1.03537357	52.76027679	1.07539365	0.053724433403753775	0.0156274	1e-05
-0.1875	-0.2886	-0.3526	0.002253220064324679	-0.0013631021458075715	0.0022968532956245376	1.0503763	53.52477646	1.09588129	0.12651322360854012	0.0144399	0.0
-0.1648	-0.3266	-0.3566	0.002314306588144481	-0.0011501719770642632	0.0024120450262561633	1.03948224	52.96964264	1.07920661	0.08416042115973672	0.0140334	2e-05
-0.1505	-0.3579	-0.3711	0.0024766222085799536	-0.0012740903539558604	0.002494075501099897	1.05292356	53.65458298	1.08343607	0.07851322360854017	0.0148829	0.0
-0.1554	-0.3271	-0.3364	0.0023492131731843676	-0.0011938052083641214	0.0023701571242082994	1.06124878	54.07881546	1.09275347	0.08698062789394613	0.0135746	3e-05
-0.1681	-0.2353	-0.3073	0.00205599785884932	-0.0011082840750163993	0.002368411794956305	1.10818529	56.4705925	1.13329758	0.15262408884673812	0.0133189	1e-05
-0.1675	-0.2883	-0.3252	0.0022218041377887812	-0.0010524335389525807	0.002373647782712288	1.05901968	53.96522522	1.09489334	0.08284464013796307	0.0136264	1e-05
-0.1654	-0.3684	-0.3416	0.0024207716725161347	-0.0010105456369047167	0.002324778563656447	1.05907619	53.96810532	1.09521767	0.11308623279155296	0.0139477	2e-05
-0.1719	-0.3695	-0.335	0.0024923301718479027	-0.0009302604913129776	0.00210835773640915	1.04671288	53.33810043	1.07865651	0.03261322360854019	0.0145642	1e-05
-0.1806	-0.277	-0.3167	0.0022218041377887812	-0.0007504915783575615	0.002136283004441059	1.0844779	55.26251602	1.1146516	0.14341101075232235	0.0131208	2e-05
-0.1837	-0.3004	-0.3181	0.002129301687433082	-0.0007766715171374765	0.002054252529597326	1.05224395	53.61994934	1.08443694	0.03793564319896736	0.0141183	0.0
-0.186	-0.3974	-0.3464	0.0026040312439755396	-0.0006946410422937432	0.0020001473227855013	1.08046913	55.0582428	1.11150032	0.15814326190990075	0.014789	0.0
-0.1975	-0.3572	-0.3327	0.00272096830385916	-0.0005951572749300663	0.0018797196043978928	1.04489565	53.24549484	1.08069877	0.08224242728174525	0.0143965	1e-05
-0.2013	-0.2578	-0.3011	0.0023544491609403502	-0.0005026548245743669	0.0018186330805780916	1.07865679	54.96588898	1.11391834	0.16080540585471556	0.0135872	2e-05
-0.1988	-0.2739	-0.32	0.0024260076602721182	-0.00039095375244672985	0.0018133970928221085	1.07523799	54.79167175	1.1014367	0.04692477796076944	0.0142101	0.0
-0.2009	-0.3768	-0.3298	0.0026511551337793865	-0.00033335788713091696	0.0016859880574265225	1.10766613	56.44413757	1.12904848	0.13530761871093336	0.0164315	0.0
-0.2038	-0.3261	-0.3268	0.002780309498426967	-0.00039968039870670147	0.0015271630954950383	1.05293334	53.6550827	1.08806098	0.07431509190774253	0.0140771	0.0
-0.2041	-0.2548	-0.3247	0.002829178717482808	-0.00034906585039886593	0.0018081611050661253	1.07107997	54.57978821	1.10858878	0.0927240888467381	0.0139925	3e-05
-0.2034	-0.2842	-0.3307	0.002782054827678961	-0.00039269908169872416	0.0019442967867216831	1.05248606	53.63228989	1.0878984	0.04744464013796315	0.0147457	2e-05
-0.1924	-0.3679	-0.3421	0.0030368728984701333	-0.00019896753472735358	0.0019250981649497454	1.08918464	55.5023613	1.11719144	0.12948741197672403	0.0148206	1e-05
-0.199	-0.3421	-0.3212	0.0029565877528783943	-3.839724354387525e-05	0.0017034413499464657	1.05273438	53.64494324	1.08680981	0.0764256125889249	0.0141117	1e-05
-0.2095	-0.2648	-0.3065	0.002633701841259443	-0.0001012290966156711	0.0017208946424664088	1.07755077	54.90953064	1.10726725	0.1226585528605345	0.0141767	1e-05
-0.2056	-0.294	-0.3203	0.0027680921936630064	-5.235987755982989e-05	0.0018517943363659836	1.03905678	52.9479599	1.07812237	0.06260796326794893	0.013526	0.0
-0.1998	-0.3648	-0.3202	0.0030176742766981957	-6.806784082777885e-05	0.0018657569703819383	1.07286978	54.6709938	1.10264287	0.09066263401595466	0.0149797	1e-05
-0.2032	-0.3763	-0.3279	0.0031555552876057474	4.71238898038469e-05	0.0016964600329384882	1.06260407	54.14788055	1.09212014	0.04371848394913141	0.0152578	1e-05
-0.2159	-0.2644	-0.2889	0.002766346864411012	-6.981317007977319e-05	0.0016423548261266642	1.13000154	57.58230209	1.14920535	0.191612534494509	0.0143959	2e-05
-0.2201	-0.2576	-0.3062	0.002885029253546627	2.792526803190927e-05	0.0017400932642383465	1.04679084	53.34207153	1.08814595	0.04400796326794904	0.0141543	2e-05
-0.2147	-0.3486	-0.3233	0.003082251459021986	4.363323129985824e-05	0.001780235837034216	1.08346891	55.21110535	1.11194107	0.12615363707695884	0.0157593	1e-05
-0.224	-0.3561	-0.3338	0.0033143802495372316	0.00016231562043547262	0.0016406094968746698	1.04359949	53.17945099	1.08070318	0.05182187599052033	0.0156708	2e-05
-0.2308	-0.241	-0.2975	0.0030595621787460597	4.363323129985824e-05	0.0016632987771505957	1.08685923	55.38386536	1.12905473	0.17800948701013564	0.0150667	1e-05
-0.2302	-0.2575	-0.3089	0.0029740410453983376	3.665191429188092e-05	0.0016947147036864942	1.01340389	51.64075089	1.0722808	0.03469591884457995	0.0151639	2e-05
-0.2215	-0.3685	-0.3209	0.0031695179216217023	2.6179938779914945e-05	0.0017924531417981763	1.06249523	54.14233017	1.11148948	0.14688436449235062	0.016235	1e-05
-0.2284	-0.3683	-0.3305	0.0033248522250491977	0.0001884955592153876	0.0016859880574265225	0.99585551	50.74652481	1.05476359	0.03790575041173105	0.0160486	2e-05
-0.237	-0.2624	-0.3098	0.0030578168494940655	0.00016231562043547262	0.0015812683023068625	1.05742967	53.88420486	1.10531787	0.15509675347273535	0.0156632	4e-05
-0.2334	-0.2501	-0.3098	0.003040363556974122	8.028514559173915e-05	0.0016493361431346415	1.02582014	52.27345276	1.07378059	0.02427758040957281	0.0160509	0.00014
-0.2222	-0.3361	-0.3226	0.003043854215478111	6.806784082777885e-05	0.0017994344588061536	1.0851326	55.29588318	1.11230935	0.11829031394697304	0.0158988	1e-05
-0.2218	-0.3519	-0.3319	0.003267256359733385	0.0002897246558310587	0.0016912240451825054	1.04072607	53.03302383	1.07459793	0.05316346864411008	0.015458	1e-05
-0.2212	-0.2336	-0.289	0.0028012534494508993	7.853981633974481e-05	0.0016964600329384882	1.11436617	56.78555679	1.1375885	0.19592118687648913	0.0145277	1e-05
-0.2139	-0.2358	-0.2848	0.0027104963283471934	0.0001361356816555577	0.0019006635554218248	1.03602195	52.79331589	1.08220913	0.03132782544514276	0.0141616	1e-05
-0.2066	-0.3442	-0.3102	0.0029565877528783943	0.0003438298626428829	0.0019041542139258136	1.09900808	56.00294113	1.12905137	0.1639638132011257	0.014587	1e-05
-0.2131	-0.3438	-0.3066	0.0030578168494940655	0.0004188790204786391	0.0017697638615222502	1.04828537	53.41823196	1.08591607	0.026033430342749558	0.0145311	3e-05
-0.208	-0.2175	-0.2775	0.0026197392072434887	0.0002007128639793479	0.0018325957145940458	1.12426698	57.29008102	1.15066198	0.1964537825910832	0.014132	3e-05
-0.2024	-0.2674	-0.3021	0.0027052603405912107	0.0002181661564992912	0.0019512781037296606	1.04246342	53.12155533	1.08570244	0.09118284075016399	0.0138612	1e-05
-0.1963	-0.37	-0.3181	0.002892010570554604	0.00037350045992678646	0.0020699604928652747	1.07809234	54.93712616	1.10820449	0.1477383461263251	0.0147115	2e-05
-0.2056	-0.3535	-0.3179	0.0029077185338225527	0.0005742133239061344	0.0019146261894377795	1.03940535	52.96572495	1.07749381	0.04458775653373959	0.0149224	2e-05
-0.2179	-0.2475	-0.281	0.0025080381351158514	0.000439822971502571	0.0018029251173101424	1.09824574	55.96409607	1.12581066	0.18748859116189504	0.0140832	1e-05
-0.2177	-0.276	-0.2912	0.0026389378290154262	0.0004206243497306334	0.0019285888234537342	1.03001142	52.48703003	1.0741261	0.05268810109075522	0.014495	0.0
-0.2109	-0.3653	-0.3045	0.002883283924294633	0.0005497787143782138	0.0019861846887695473	1.06146598	54.08988571	1.1044405	0.13095481626212999	0.0153362	1e-05
-0.199	-0.3192	-0.2857	0.0027279496208671367	0.0003700098014227979	0.002045525883337354	1.04834414	53.4212265	1.08733457	0.09652222054753597	0.0145079	8e-05
-0.2035	-0.2171	-0.2766	0.002450442269800039	0.00028797932657906436	0.002165953601724963	1.11309397	56.72072601	1.13691567	0.13969827721492195	0.01434	1e-05
-0.203	-0.2832	-0.2921	0.0024050637092481865	0.00029496064358704166	0.0022654373690886398	1.08295822	55.18507767	1.10713931	0.08969218224617534	0.0145383	1e-05
-0.1946	-0.3555	-0.3187	0.002569124658935653	0.0003089232776029963	0.002436479635784084	1.0755235	54.80622101	1.10273403	0.1247532925199432	0.014984	0.0
-0.1978	-0.3611	-0.3286	0.0025551620249196984	0.000466002910282486	0.002267182698340634	1.07883167	54.97480011	1.09686927	0.035716960206944724	0.0156718	6e-05
-0.1911	-0.295	-0.3099	0.0023282692221604354	0.000486946861306418	0.0022951079663725434	1.1461637	58.4058876	1.15285114	0.1052881010907552	0.0149183	7e-05
-0.1752	-0.2097	-0.3314	0.0023771384412162766	0.0007452555906015787	0.0023753931119642824	1.1931138	60.7983551	1.20644636	0.142073154697137	0.0147297	2e-05
-0.1892	-0.2556	-0.3017	0.0021624629432209744	0.0006841690667817771	0.002314306588144481	1.10851038	56.48715973	1.12518699	0.1064424272817452	0.0144258	2e-05
-0.1871	-0.2221	-0.2936	0.0019285888234537342	0.0008255407361933179	0.0024609142453120045	1.10776246	56.44904709	1.1180973	0.06979267231731524	0.0145557	3e-05
-0.1799	-0.3542	-0.3183	0.002186897552748895	0.0011519173063162574	0.002717477645355171	1.16491985	59.36166	1.1730726	0.2060624349730633	0.0151117	1e-05
-0.1798	-0.4205	-0.3411	0.0024172810140121463	0.0012775810124598492	0.0027157323161031764	1.11117423	56.62290573	1.16219721	0.10708962483294183	0.0167789	2e-05
-0.1894	-0.3303	-0.2991	0.002385865087476248	0.001022762941668677	0.002542944720155738	1.15104532	58.6546402	1.21640531	0.1647510796637255	0.0148162	1e-05
-0.1868	-0.2628	-0.3001	0.00238237442897226	0.0008482300164692441	0.0025115287936198403	1.09249246	55.67092514	1.11732978	0.08157197551196595	0.0147505	1e-05
-0.1859	-0.3494	-0.3234	0.0023527038316883565	0.0009808750396208131	0.002633701841259443	1.13345146	57.75810242	1.16882522	0.12502443340375383	0.0157374	2e-05
-0.1813	-0.3899	-0.317	0.002186897552748895	0.0011798425743481666	0.002537708732399755	1.11725473	56.93275452	1.14664756	0.07453834612632523	0.0154755	1e-05
-0.1864	-0.2851	-0.3	0.00214850030920502	0.0012479104151759456	0.002509783464367846	1.11076379	56.60198593	1.13208852	0.1336195176201782	0.0141447	2e-05
-0.1917	-0.2205	-0.2962	0.0021275563581810873	0.0010733774899765126	0.002542944720155738	1.10756075	56.43877029	1.12767862	0.08513190660056287	0.0145973	0.0
-0.1802	-0.2988	-0.3047	0.0021572269554649913	0.0009808750396208131	0.002708750999095199	1.12645483	57.40156555	1.12898673	0.11269896632895324	0.0137451	2e-05
-0.1721	-0.3367	-0.3522	0.0023876104167282427	0.00119729586686811	0.00277332818141899	1.08905983	55.4960022	1.11139357	0.11906907354171692	0.0145932	2e-05
-0.1619	-0.3378	-0.4008	0.0027576202181510408	0.000900589894029074	0.002754129559647052	1.09881282	55.99299622	1.11578548	0.09419571980168857	0.0155148	2e-05
-0.1674	-0.2383	-0.4002	0.0026912977065752563	0.0008779006137531476	0.002813470754214859	1.15274692	58.74135208	1.15783517	0.11301764932097588	0.015343	0.0
-0.1612	-0.2377	-0.431	0.00301941960595019	0.0008587019919812101	0.002778564169174973	1.07813561	54.93932724	1.10313359	0.056711355309337866	0.0161041	1e-05
-0.1494	-0.3305	-0.3959	0.003026400922958167	0.0006562437987498679	0.0027768188399229783	1.12124944	57.13631439	1.1403986	0.15025924197456575	0.014568	2e-05
-0.1488	-0.3294	-0.4271	0.00342259066316088	0.0011222467090323538	0.0027401669256310974	1.0889461	55.49020767	1.113499	0.07784222823885398	0.0156155	1e-05
-0.1579	-0.277	-0.3798	0.0032044245066615894	0.001129228026040331	0.0026092672317315226	1.11281109	56.70631409	1.13420195	0.12660235837034212	0.0143825	2e-05
-0.1682	-0.2105	-0.4008	0.0035098571257605967	0.001218239817892042	0.0026720990848033187	1.09093738	55.59167862	1.11843685	0.12066381320112568	0.0154746	1e-05
-0.1672	-0.3136	-0.4136	0.0031503192998497648	0.0012042771838760874	0.002722713633111154	1.12380409	57.26649475	1.1380976	0.13810575041173112	0.0159279	3e-05
-0.1665	-0.3627	-0.4172	0.0030944687637859463	0.0013456488532876281	0.0027035150113392165	1.09190953	55.64122009	1.1063719	0.06422104136236484	0.0166997	1e-05
-0.1676	-0.3055	-0.391	0.0029548424236264	0.0013526301702956054	0.0026057765732275338	1.08092201	55.0813179	1.10688741	0.09671730476396033	0.0145475	0.0
-0.1691	-0.219	-0.3639	0.002637192499763432	0.0012269664641520136	0.0027977627909469105	1.09028387	55.55837631	1.12093374	0.14686499238629683	0.0144168	2e-05
-0.1588	-0.2744	-0.3821	0.0025237460983838006	0.0012112585008840647	0.0029862583501622975	1.09006774	55.54736328	1.11577831	0.09978249619314834	0.0145471	2e-05
-0.1659	-0.3589	-0.4159	0.0029129545215785357	0.0014364059743913332	0.0030490902032340936	1.09318864	55.70639801	1.1162089	0.15925938748868995	0.016072	2e-05
-0.1736	-0.3161	-0.403	0.002893755899806598	0.0014433872913993105	0.00308399678827398	1.05524981	53.77312088	1.0873407	0.06645432619099004	0.0153681	2e-05
-0.181	-0.2283	-0.3726	0.0026930430358272505	0.0012688543661998775	0.0030368728984701333	1.07991397	55.02994919	1.11401938	0.14671848394913137	0.0151497	2e-05
-0.1838	-0.2726	-0.3891	0.002581341963699613	0.0012461650859239514	0.0030909781052819575	1.0553416	53.77780151	1.092025	0.07302477796076941	0.0157121	2e-05
-0.1812	-0.3733	-0.4279	0.003089232776029963	0.0012339477811599909	0.0030316369107141502	1.10450315	56.2829628	1.13395037	0.17107246558310588	0.0181026	6e-05
-0.1876	-0.3341	-0.4163	0.0031311206780778272	0.0011117747335203881	0.0030525808617380824	1.06022525	54.02666092	1.09191454	0.06645024503556995	0.0167568	0.0
-0.1964	-0.2321	-0.3807	0.0026965336943312393	0.0011135200627723821	0.0030211649352021846	1.10956264	56.54077911	1.13053902	0.169787411976724	0.0162937	0.0
-0.1834	-0.277	-0.3927	0.002722713633111154	0.000973893722612836	0.0030665434957540365	1.05593216	53.80789566	1.08255319	0.08045924197456567	0.0157841	0.0
-0.1601	-0.3555	-0.4214	0.002921681167838507	0.0010890854532444615	0.003085742117525975	1.07450378	54.75426102	1.18082351	0.14716789435654584	0.0162808	0.0
-0.137	-0.3417	-0.4281	0.003008947630438224	0.0009564404300928925	0.0030508355324860886	1.05994141	54.01219559	1.10480585	0.05634090353955854	0.0164242	1e-05
-0.1505	-0.2473	-0.397	0.002764601535159018	0.0009302604913129776	0.002975786374650332	1.10827756	56.47529602	1.15260502	0.15627875959474383	0.014881	2e-05
-0.1571	-0.2773	-0.3982	0.0026529004630313807	0.0010524335389525807	0.0029880036794142917	1.06204951	54.11961746	1.09294367	0.05010457122655997	0.0151602	2e-05
-0.1599	-0.3572	-0.4035	0.0031363566658338103	0.0011309733552923255	0.0028571039855147177	1.07375681	54.71619415	1.11157386	0.12264478565208745	0.0156835	0.0
-0.1677	-0.3308	-0.3754	0.0030717794835100195	0.0012409290981679683	0.0027157323161031764	1.05163515	53.58892441	1.0882444	0.07809522973054879	0.0146635	0.0
-0.1671	-0.23	-0.3456	0.0025551620249196984	0.0008517206749732328	0.002806489437206882	1.10962224	56.54381943	1.13733092	0.18102915014443807	0.0145948	1e-05
-0.1539	-0.264	-0.3532	0.0024766222085799536	0.0008970992355250854	0.002928662484846485	1.078269	54.94612885	1.10198489	0.06710457122656	0.0138314	1e-05
-0.1511	-0.3493	-0.3663	0.0027593655474030345	0.0009512044423369096	0.0030072023011862297	1.07850814	54.95831299	1.11645635	0.12196941809873248	0.0143632	1e-05
-0.1536	-0.3516	-0.3658	0.0028710666195306722	0.0011449359893082802	0.002998475654926258	1.04244804	53.12077332	1.08775581	0.021007963267948983	0.0148026	1e-05
-0.1541	-0.2653	-0.3367	0.002663372438543347	0.0010419615634406148	0.0030630528372500485	1.08371711	55.22375107	1.11422852	0.13466228945893907	0.0137411	0.0
-0.155	-0.2639	-0.3478	0.00249931148885588	0.0011117747335203881	0.0031974431896536117	1.05928314	53.97865295	1.08869371	0.03181322360854014	0.0139172	2e-05
-0.1499	-0.3447	-0.3716	0.0026162485487395003	0.0012479104151759456	0.003214896482173555	1.08488047	55.28303528	1.10678798	0.123226301702956	0.0146666	1e-05
-0.1579	-0.3825	-0.417	0.0029949849964222694	0.0015638150097869194	0.003145083312093782	1.05954838	53.99216461	1.13690268	0.12942271061867577	0.016192	1e-05
-0.1746	-0.3084	-0.3733	0.0027872908154349444	0.0015254177662430443	0.0030962140930379405	1.07327688	54.69174194	1.15416598	0.14924803217935204	0.0153672	1e-05
-0.1756	-0.2484	-0.3544	0.0025045474766118626	0.0011362093430483087	0.003035127569218139	1.07280052	54.66746521	1.10449323	0.11655191429188096	0.0156405	4e-05
-0.17	-0.3173	-0.3843	0.0026284658535034606	0.00119729586686811	0.0031031954100459182	1.09411538	55.75362396	1.17898971	0.11705363707695891	0.0154243	0.0
-0.1725	-0.3481	-0.4054	0.002673844414055313	0.001281071670963838	0.0031712632508736965	1.06174469	54.10408783	1.15462196	0.06426111027376791	0.0167903	2e-05
-0.1797	-0.3303	-0.4038	0.0028309240467348025	0.0014311699866353504	0.003029891581462156	1.05353642	53.6858139	1.08499068	0.04902748088812716	0.016048	1e-05
-0.174	-0.2696	-0.3759	0.0027244589623631483	0.001350884841043611	0.003043854215478111	1.07952321	55.01003647	1.11508374	0.10433564319896738	0.0152605	2e-05
-0.1807	-0.3313	-0.3994	0.002811725424962865	0.0012793263417118436	0.002981022362406315	1.08990848	55.53924942	1.11823534	0.10298284075016396	0.0164037	3e-05
-0.1752	-0.3782	-0.3985	0.0027279496208671367	0.001155407964820246	0.0030665434957540365	1.07917631	54.99236298	1.10499635	0.06796076571675233	0.0165063	1e-05
-0.1643	-0.3686	-0.3717	0.002239257430308725	0.0012217304763960308	0.003162536604613725	1.0619787	54.11601257	1.09622856	0.07985039054969428	0.0157976	0.0
-0.1536	-0.3013	-0.3422	0.00182212373908208	0.0006928957130417488	0.003480186528476693	1.09724629	55.91316605	1.12452727	0.17068091892219472	0.0155671	1e-05
-0.1843	-0.2846	-0.372	0.002015855286053451	0.0006702064327658224	0.0032794736644973454	1.14197302	58.19234085	1.15576385	0.09805668456133224	0.0181533	2e-05
-0.1832	-0.3136	-0.3856	0.0016598081186466073	0.0006649704450098395	0.0031328660073298214	1.14624822	58.41019058	1.15383541	0.06909454061651749	0.0190997	0.00018
-0.173	-0.2761	-0.3872	0.0020804324683772408	0.0007644542123735164	0.0030508355324860886	1.08048451	55.05902481	1.1088482	0.07940692959690214	0.0166196	0.0001
-0.1991	-0.2671	-0.4049	0.0021223203704251047	0.0011955505376161158	0.002574360646691636	1.0797869	55.02347565	1.12068913	0.10027295565424582	0.0175274	7e-05
-0.2041	-0.3351	-0.4235	0.0029967303256742636	0.0011763519158441782	0.002495820830351891	1.12347186	57.24956131	1.16228173	0.1402074196680421	0.0181833	0.0001
-0.1896	-0.2327	-0.4224	0.002617993877991494	0.0011274826967883368	0.0025446900494077327	1.1839484	60.33131027	1.19579041	0.14182374428972266	0.0177807	1e-05
-0.2019	-0.2848	-0.4158	0.0023282692221604354	0.0015847589608108511	0.0024818581963359366	1.12871635	57.51680756	1.13728739	0.11149163864626847	0.0172705	2e-05
-0.1986	-0.2465	-0.3797	0.0025446900494077327	0.0014573499254152652	0.002593559268463574	1.08890092	55.48790359	1.11214821	0.10047654673852605	0.0155517	1e-05
-0.1911	-0.314	-0.4099	0.0028518679977587343	0.0016109388995907662	0.0027576202181510408	1.10715473	56.41807938	1.12699722	0.13644139361069849	0.0168335	3e-05
-0.1949	-0.419	-0.4386	0.0030962140930379405	0.0019844393595175526	0.0027576202181510408	1.13602614	57.8893013	1.17200019	0.16839232776029964	0.0189894	1e-05
-0.204	-0.3541	-0.428	0.003118903373313867	0.0021205750411731105	0.002515019452123829	1.0920136	55.64652252	1.14023453	0.10467128639793474	0.01749	3e-05
-0.2076	-0.2536	-0.3934	0.002515019452123829	0.0018343410438460403	0.0025115287936198403	1.11485136	56.81028366	1.14608212	0.18338042885105485	0.0156944	1e-05
-0.1971	-0.3007	-0.4191	0.0024190263432641405	0.0017610372152622785	0.002590068609959585	1.09328222	55.71116638	1.13762511	0.09569183768915972	0.0172104	1e-05
-0.1978	-0.3818	-0.43	0.0028885199120506156	0.001839577031602023	0.002478367537831948	1.09620476	55.86009216	1.14250954	0.1256867228626928	0.0170979	2e-05
-0.196	-0.3192	-0.4172	0.0030316369107141502	0.002049016541841343	0.0025045474766118626	1.06302083	54.16911316	1.09867006	0.09613682238413841	0.0162709	1e-05
-0.1985	-0.2221	-0.3911	0.002806489437206882	0.0019861846887695473	0.0025987952562195565	1.08028483	55.0488472	1.14902391	0.14481135530933792	0.0157042	1e-05
-0.1976	-0.2506	-0.4099	0.00272096830385916	0.0019425514574696887	0.0026825710603152844	1.05165267	53.58982086	1.11732545	0.05884650843716542	0.0161188	2e-05
-0.1916	-0.3472	-0.4609	0.003080506129769991	0.0019024088846738192	0.002802998778702893	1.12184846	57.16683578	1.14405641	0.17960540585471546	0.0185223	2e-05
-0.1786	-0.381	-0.6825	0.0038135444156076103	0.001265363707695889	0.0026110125609835172	1.36035025	69.32034302	1.35615305	0.34650348402674624	0.0286961	0.0003
-0.1659	-0.3713	-1.0154	0.004202752838802345	-0.0003700098014227979	0.0024818581963359366	1.48058999	75.44748688	1.5253278	0.4629868148480501	0.0484756	0.00392
-0.1482	-0.2966	-1.3039	0.005239478414486977	-0.0009512044423369096	0.0019931660057775245	1.37468815	70.05097198	1.46335341	0.48623062035785786	0.0690402	0.01994
-0.1178	-0.3065	-1.3721	0.005157447939643243	-0.0006736970912698113	0.0020420352248333657	1.07412243	54.73482513	1.14862351	0.12892035224833373	0.0741253	0.02499
-0.117	-0.2738	-1.2426	0.0039898226700590365	-0.0007347836150896127	0.0020594885173533086	1.18497992	60.38387299	1.23154279	0.2253082542961977	0.064829	0.0168
-0.1219	-0.2266	-0.9129	0.0012461650859239514	-0.0007243116395776468	0.00199142067652553	1.4307313	72.90679932	1.52205824	0.5229098700237412	0.0422861	0.00328
-0.1221	-0.2161	-0.8456	0.002553416695667704	-0.00045902159327450867	0.0021589722847169856	1.08685923	55.38386536	1.15172097	0.1650046632119174	0.0367141	0.00154
-0.1302	-0.1921	-0.8194	0.0032864549815053226	-0.0001239183768915974	0.002373647782712288	1.05194175	53.60455322	1.10319778	0.12244085001079164	0.0352027	0.00107
-0.1256	-0.2886	-0.8417	0.0039898226700590365	0.0005183627878423159	0.0023492131731843676	1.09977269	56.04190826	1.14214629	0.19190417314077743	0.0358684	0.00088
-0.1058	-0.3273	-0.7866	0.003490658503988659	0.0008831366015091308	0.002361430477948328	1.05166388	53.59038925	1.10714767	0.1574077642250576	0.0322665	0.00037
-0.1049	-0.3281	-0.764	0.0033684854563490563	0.001043706892692609	0.0024033183799961914	1.04434502	53.21743774	1.10818341	0.040531562043547215	0.0312615	0.00032
-0.1152	-0.2632	-0.7152	0.0030909781052819575	0.000645771823237902	0.0024975661596038853	1.07910764	54.98886108	1.16934876	0.16248451000647507	0.0279636	0.00021
-0.1137	-0.2901	-0.7326	0.0030647981665020423	0.0007033676885537148	0.0024801128670839424	1.05701876	53.86326218	1.15195891	0.05086145483078367	0.0288612	0.00018
-0.0997	-0.3633	-0.7543	0.003497639820996636	0.0006789330790257941	0.002432988977280095	1.05820239	53.92357635	1.14330872	0.134120007691318	0.0299688	0.00019
-0.1144	-0.3197	-0.73	0.0034627332359567498	0.0008639379797371932	0.0022462387473167022	1.04482508	53.2419014	1.08878178	0.10293308578573392	0.0281661	0.00016
-0.1341	-0.2213	-0.6869	0.0031084313978019013	0.000577703982410123	0.0022706733568446224	1.09159386	55.6251297	1.13288904	0.19444852225049197	0.0263449	0.00016
-0.1416	-0.2597	-0.7002	0.003295181627765294	0.0006963863715457374	0.002253220064324679	1.06782341	54.41384506	1.10416673	0.07534429558094762	0.0273442	0.00017
-0.1468	-0.3291	-0.704	0.0036250488563922224	0.0009913470151327792	0.002234021442552742	1.08602452	55.34133148	1.11330436	0.11060132469929528	0.027633	0.00013
-0.1452	-0.2871	-0.6823	0.0038484510006474965	0.0011711159280881952	0.0021327923459370708	1.05424368	53.72185135	1.08955357	0.090520007691318	0.0258076	8e-05
-0.1449	-0.2127	-0.6462	0.0034609879067047556	0.0012374384396639797	0.0021799162357409173	1.06865156	54.45604706	1.10921542	0.13584547476611863	0.0241503	4e-05
-0.1387	-0.2701	-0.6566	0.0036163222101322505	0.0011397000015522971	0.0023788837704682713	1.08189762	55.13103104	1.11026423	0.09660201381332657	0.0251178	2e-05
-0.1392	-0.34	-0.668	0.0037734018428117405	0.0012426744274199627	0.0024399702942880727	1.08878684	55.48209381	1.10919813	0.09785702911834794	0.0255532	9e-05
-0.15	-0.3172	-0.6657	0.003771656513559746	0.0012740903539558604	0.0022724186860966175	1.05021286	53.51645279	1.0882389	0.045935643198967514	0.0252596	6e-05
-0.1553	-0.2634	-0.6331	0.0035377823937925057	0.001155407964820246	0.0022794000031045943	1.0465374	53.32915878	1.09426894	0.10967689129554148	0.0234274	8e-05
-0.1498	-0.3202	-0.6541	0.003701843343479973	0.0012095131716320703	0.0024068090385001802	1.04939616	53.47483063	1.09100361	0.10057875959474384	0.0245393	5e-05
-0.149	-0.3593	-0.6802	0.004098033083682686	0.0013892820845874865	0.002457423586808016	1.04775131	53.3910141	1.12546661	0.09732866007329825	0.0264124	5e-05
-0.1567	-0.3221	-0.6667	0.004239404753094226	0.0014172073526193955	0.002282890661608583	1.02677441	52.3220787	1.11026789	0.0755914931321442	0.0251629	5e-05
-0.1582	-0.2275	-0.6278	0.003862413634663451	0.0012531464029319286	0.0022322761133007477	1.07490861	54.77488708	1.11937173	0.1645833308213038	0.0233736	5e-05
-0.1537	-0.2599	-0.6387	0.00401076662108297	0.001218239817892042	0.002253220064324679	1.03668857	52.82728577	1.08461686	0.058010176124166875	0.0239613	6e-05
-0.1645	-0.3283	-0.6494	0.0043266712156939426	0.0014922565104551516	0.002136283004441059	1.03830516	52.90966415	1.10082132	0.125242917352885	0.0246962	5e-05
-0.1714	-0.3107	-0.6239	0.004139920985730549	0.0016877333866785165	0.0021101030656611444	1.03051424	52.51265335	1.09567655	0.07042035224833361	0.0235002	6e-05
-0.1748	-0.2278	-0.5818	0.003635520831904189	0.001473057888683214	0.0021938788697568722	1.08740389	55.41162109	1.13018267	0.1685425727958695	0.0219072	2e-05
-0.1716	-0.2617	-0.5812	0.003626794185644217	0.0015289084247470327	0.0022759093446006054	1.06139195	54.08610916	1.09517959	0.04503038285837612	0.0214794	3e-05
-0.1748	-0.3409	-0.5897	0.0037524578917878084	0.001635373509118687	0.002267182698340634	1.07313359	54.6844368	1.10465575	0.1029427718387608	0.0218765	3e-05
-0.171	-0.3428	-0.5928	0.004080579791162742	0.0017418385934903407	0.0022706733568446224	1.03333485	52.65638733	1.07795138	0.030703882112528797	0.0217224	0.0
-0.1777	-0.2635	-0.5619	0.003576179637336381	0.0014137166941154068	0.002310815929640492	1.07064331	54.55753708	1.10597418	0.16053323129985828	0.020222	3e-05
-0.1871	-0.2868	-0.5775	0.0037053340019839614	0.0014782938764391971	0.002410299697004169	1.06811976	54.42894363	1.09704599	0.06296076571675244	0.0220934	3e-05
-0.1987	-0.384	-0.5949	0.003998549316319009	0.001635373509118687	0.0023928464044842257	1.09965038	56.03567505	1.22959655	0.149587411976724	0.0235311	1e-05
-0.2086	-0.3349	-0.5934	0.0038083084278516272	0.001762782544514273	0.0023387411976724015	1.05496144	53.75843048	1.19697923	0.0790877565337396	0.0230777	5e-05
-0.2106	-0.2574	-0.5858	0.0036093408931242737	0.001658062789394613	0.0022846359908605773	1.0772115	54.89223862	1.10857965	0.10498962483294189	0.0226076	3e-05
-0.2107	-0.2954	-0.593	0.0038187804033635933	0.0016004669240788003	0.002361430477948328	1.05882096	53.9550972	1.08743221	0.06249149313214409	0.0234559	4e-05
-0.2238	-0.3677	-0.6124	0.0042167154728183	0.0019233528356977512	0.0022113321622768156	1.08681345	55.38153076	1.25548748	0.14834596483725862	0.0254606	3e-05
-0.2274	-0.3184	-0.5734	0.004012511950334963	0.0020001473227855013	0.0020751964806212577	1.07632494	54.84706497	1.24336003	0.11275668456133228	0.0232461	2e-05
-0.212	-0.2147	-0.5469	0.003834488366631542	0.001595230936322817	0.002466150233067988	1.09843719	55.97385025	1.13453868	0.19429468613064177	0.0220092	1e-05
-0.2114	-0.2958	-0.5791	0.003911282853719292	0.0017523105690023068	0.0026005405854715507	1.07486367	54.77259827	1.13297507	0.13231322360854	0.023099	2e-05
-0.2182	-0.3676	-0.5923	0.004272566008882118	0.0018238690683340744	0.0026563911215353696	1.07133198	54.59263229	1.1267687	0.11623460952792072	0.0245886	6e-05
-0.2046	-0.2998	-0.5478	0.0037681658550557575	0.001710422666954443	0.002621484536495483	1.09030092	55.55924606	1.11809997	0.15853765701229403	0.0217779	2e-05
-0.1945	-0.2308	-0.5225	0.003223623128433527	0.0018552849948699724	0.002686061718819273	1.08585274	55.33258057	1.12184493	0.14209911184307747	0.0200146	1e-05
-0.1854	-0.3095	-0.5476	0.003427826650916863	0.001965240737745615	0.002883283924294633	1.07914758	54.99089813	1.1095275	0.13846907354171692	0.0206973	1e-05
-0.1874	-0.384	-0.5579	0.003886848244191372	0.0022636920398366456	0.002764601535159018	1.06113493	54.07301712	1.11176734	0.1306077642250577	0.0216439	2e-05
-0.1909	-0.3352	-0.5428	0.003757693879543791	0.0022759093446006054	0.0027244589623631483	1.05450797	53.73532104	1.09890289	0.07647571211037053	0.0207709	5e-05
-0.1891	-0.2546	-0.5167	0.0032934362985133003	0.001965240737745615	0.0029129545215785357	1.09733856	55.91786957	1.14398904	0.15667108735504331	0.0201208	3e-05
-0.1842	-0.3129	-0.5202	0.003164281933865719	0.0019826940302655584	0.002958333082130389	1.08905983	55.49600601	1.11313502	0.07629931088596885	0.0200377	0.0
-0.1802	-0.3713	-0.5558	0.0036843900509600297	0.002197369528260861	0.0030473448739821	1.07037771	54.54400635	1.10284111	0.1391897703470662	0.0214921	2e-05
-0.1847	-0.3589	-0.5613	0.003900810878207326	0.0024190263432641405	0.002939134460358451	1.0561862	53.82083893	1.09966436	0.04971440279371132	0.0218009	2e-05
-0.1831	-0.2668	-0.5286	0.003556981015564444	0.0020769418098732523	0.0029181905093345183	1.11036682	56.58175659	1.14007285	0.16174291735288523	0.0205348	0.0
-0.1808	-0.2767	-0.5247	0.003223623128433527	0.0020856684561332234	0.002946115777366428	1.08839965	55.4623642	1.107422	0.03460049007113985	0.0198001	2e-05
-0.1753	-0.351	-0.5564	0.003338814859065152	0.0022794000031045943	0.0030002209841782524	1.08050108	55.05986786	1.10568525	0.1296514242207409	0.0214015	2e-05
-0.1872	-0.3834	-0.5776	0.0038327430373795474	0.0025342180738957666	0.0028518679977587343	1.06562746	54.30194473	1.15955141	0.11035496177625433	0.0229964	2e-05
-0.1952	-0.2829	-0.5447	0.0034993851502486306	0.002282890661608583	0.0027384215963791032	1.11162877	56.64606476	1.20065554	0.17630658503988664	0.0217438	1e-05
-0.1933	-0.2988	-0.5408	0.0033649947978450674	0.0020996310901491783	0.0027628562059070234	1.08792019	55.43793106	1.10493014	0.03880422666954447	0.0210512	1e-05
-0.1897	-0.3675	-0.5622	0.0036215581978882336	0.0022060961745208325	0.0028099800957108703	1.0738169	54.71926117	1.11427786	0.11420761871093342	0.0219589	1e-05
-0.2024	-0.3907	-0.5594	0.0038030724400956446	0.002462659574563999	0.0027296949501191318	1.05217874	53.61662674	1.09015285	0.06461813939211582	0.0228826	0.0
-0.209	-0.2829	-0.517	0.0033807027611130165	0.0021799162357409173	0.0026616271092913526	1.11113846	56.62108231	1.1461938	0.19545904293167443	0.021004	1e-05
-0.2022	-0.2716	-0.5261	0.0032079151651655774	0.0020664698343612863	0.002775073510670984	1.07190931	54.62205124	1.11373408	0.04718401993533505	0.0210089	3e-05
-0.1982	-0.3466	-0.5589	0.003611086222376268	0.0021258110289290935	0.0028309240467348025	1.07179224	54.61608505	1.1198877	0.13771813939211577	0.0223209	1e-05
-0.1821	-0.3674	-0.543	0.0035796702958403696	0.0022863813201125715	0.0027995081201989047	1.05408895	53.71397018	1.18870537	0.06397010721276358	0.0214105	3e-05
-0.1806	-0.2547	-0.4863	0.003014183618194207	0.001839577031602023	0.0027611108766550296	1.10904086	56.51419067	1.23318281	0.22343441048502932	0.0185851	2e-05
-0.1793	-0.2583	-0.5019	0.0028710666195306722	0.0020245819323134223	0.002802998778702893	1.06759381	54.40214539	1.09782884	0.03900049007113989	0.019325	2e-05
-0.184	-0.3561	-0.4941	0.002909463863074547	0.0019041542139258136	0.0029408797896104456	1.10097587	56.10321808	1.1573234	0.1251352986419519	0.0195972	1e-05
-0.1949	-0.3557	-0.5183	0.003262020371977402	0.0021572269554649913	0.0029077185338225527	1.04809201	53.40837479	1.0874044	0.0674395253114963	0.0209038	0.0
-0.2003	-0.3023	-0.4824	0.0028379053637427798	0.002129301687433082	0.0027942721324429216	1.06438875	54.23881912	1.10463588	0.12297433388230813	0.0187786	2e-05
-0.1904	-0.2707	-0.4808	0.0027366762671271086	0.002145009650701031	0.0028518679977587343	1.06958616	54.50366974	1.10097881	0.051826646259971645	0.0191655	2e-05
-0.1902	-0.3572	-0.4809	0.002766346864411012	0.0022200588085367874	0.0029688050576423546	1.09415579	55.7556839	1.1157907	0.09788284075016403	0.019366	0.0
-0.1909	-0.3798	-0.5087	0.0032550390549694243	0.002515019452123829	0.0029705503868943488	1.04500151	53.25089264	1.19914139	0.09036990816987245	0.0205452	2e-05
-0.1964	-0.316	-0.4772	0.0030246555937061734	0.00244695161129605	0.002895501229058593	1.0624783	54.14147186	1.13895724	0.11947502299633936	0.0191101	1e-05
-0.1947	-0.2643	-0.4754	0.0029181905093345183	0.0022235494670407763	0.0029443704481144336	1.0749613	54.77757263	1.12798255	0.07413682238413849	0.0190186	2e-05
-0.1965	-0.35	-0.4936	0.002981022362406315	0.0026145032194875057	0.0029181905093345183	1.10124242	56.11680222	1.13307353	0.12969827721492203	0.0204257	4e-05
-0.1975	-0.3722	-0.5129	0.0034016467121369483	0.0028431413514987624	0.002967059728390361	1.0656985	54.30556488	1.09513294	0.07740658503988665	0.0207664	0.0
-0.2045	-0.2694	-0.4749	0.002925171826342496	0.0026912977065752563	0.0028710666195306722	1.09745586	55.9238472	1.12876032	0.1840155819788824	0.0192821	2e-05
-0.1966	-0.251	-0.4642	0.002754129559647052	0.0023911010752322315	0.0030595621787460597	1.07805073	54.93500519	1.11606125	0.06998672286269277	0.0185328	2e-05
-0.2004	-0.35	-0.4859	0.002802998778702893	0.0025481807079117207	0.0030176742766981957	1.12097931	57.12254715	1.26608752	0.1368918376891597	0.0198876	1e-05
-0.2091	-0.3798	-0.5047	0.003199188518905606	0.002764601535159018	0.0029321531433504737	1.05726111	53.87561417	1.18962797	0.09220658503988673	0.0206203	1e-05
-0.2135	-0.3005	-0.4619	0.0027419122548830916	0.002501056818107874	0.0028361600344907856	1.08339834	55.20750427	1.11756968	0.1673407044966674	0.0183792	1e-05
-0.2035	-0.2694	-0.4623	0.0026529004630313807	0.0023963370629882146	0.002963569069886372	1.07535708	54.79774475	1.11142438	0.05755702911834788	0.0188469	0.0
-0.2045	-0.363	-0.4773	0.0028431413514987624	0.0026145032194875057	0.0029880036794142917	1.10989785	56.55786133	1.12605372	0.13124208272472965	0.0197191	3e-05
-0.2111	-0.3719	-0.5101	0.00334579617607313	0.002750638901143063	0.0029234264970905022	1.05531287	53.77633286	1.15883394	0.08346838442768574	0.0211859	3e-05
-0.2237	-0.3038	-0.4645	0.0029234264970905022	0.0024486969405480446	0.002885029253546627	1.08248937	55.16118622	1.19246977	0.16443544415607603	0.0191165	2e-05
-0.222	-0.2557	-0.4621	0.0026354471705114374	0.0023788837704682713	0.002883283924294633	1.08358645	55.21709061	1.10891788	0.07017689129554167	0.0192068	1e-05
-0.235	-0.3404	-0.4666	0.002748893571891069	0.002553416695667704	0.0029181905093345183	1.10390794	56.25263214	1.17682159	0.11834429558094749	0.0200093	4e-05
-0.238	-0.3591	-0.4733	0.0032026791774095948	0.002597049926967562	0.002933898472602468	1.05817413	53.92213821	1.11893426	0.05405634000431664	0.020621	5e-05
-0.2361	-0.2816	-0.4286	0.0028605946440187057	0.002230530784048753	0.0029269171555944902	1.08797872	55.44091415	1.15727783	0.1598792496658837	0.018338	0.0
-0.2325	-0.2516	-0.4352	0.0027052603405912107	0.0022951079663725434	0.003010692959690218	1.07112777	54.58222961	1.11315474	0.05538436449235067	0.0190881	2e-05
-0.2278	-0.3484	-0.4381	0.0027995081201989047	0.0023492131731843676	0.0031171580440618727	1.10759687	56.44060898	1.14860751	0.11714090353955867	0.0189741	0.0
-0.2238	-0.3616	-0.4596	0.0030997047515419294	0.002637192499763432	0.0031031954100459182	1.04704976	53.35526657	1.11195474	0.0688069295969022	0.0198812	2e-05
-0.2288	-0.3225	-0.4257	0.0029618237406343773	0.0026267205242514655	0.0030229102644541784	1.06509602	54.2748642	1.11892661	0.08943190660056288	0.0187089	2e-05
-0.2281	-0.2554	-0.4193	0.002804744107954888	0.002518510110627818	0.003005456971934235	1.09084499	55.58697128	1.11639903	0.08833716694115401	0.0188916	1e-05
-0.2335	-0.3301	-0.4335	0.002874557278034661	0.002542944720155738	0.0029565877528783943	1.10209525	56.16025925	1.11889938	0.10145584993317668	0.0190821	1e-05
-0.2404	-0.3628	-0.4566	0.003321361566545209	0.0027715828521669953	0.002853613327010729	1.05563724	53.79286575	1.13153081	0.10162084231947352	0.020666	3e-05
-0.2526	-0.3139	-0.4174	0.0031503192998497648	0.0027995081201989047	0.0026249751949994717	1.0731231	54.68390274	1.16614551	0.12168028333693053	0.0195456	3e-05
-0.2501	-0.2289	-0.3974	0.002925171826342496	0.002617993877991494	0.0028152160834668534	1.10010529	56.05885315	1.13416873	0.13734513020910308	0.0195039	1e-05
-0.2501	-0.3269	-0.397	0.0030874874467779687	0.0027680921936630064	0.0029513517651224112	1.10537577	56.32742691	1.1663318	0.12082748088812711	0.0194353	1e-05
-0.2441	-0.3231	-0.3901	0.003342305517569141	0.002750638901143063	0.0029478611066184224	1.04731584	53.36882401	1.11508618	0.030488101090755247	0.019349	3e-05
-0.2365	-0.261	-0.3614	0.002949606435870417	0.0026302111827554544	0.0030717794835100195	1.07158399	54.60547256	1.11126842	0.13025225884889652	0.0177643	2e-05
-0.2373	-0.2773	-0.3754	0.002874557278034661	0.0026406831582674204	0.0031119220563058892	1.07458806	54.75855637	1.11148916	0.03738318530717961	0.0182732	4e-05
-0.2425	-0.3484	-0.3958	0.002886774582798621	0.0028379053637427798	0.00308399678827398	1.09630179	55.86503983	1.11636374	0.1085682389135614	0.0191103	6e-05
-0.2391	-0.3477	-0.3993	0.0029897490086662863	0.0029129545215785357	0.0030159289474462015	1.05556417	53.78914261	1.10954152	0.01990457122655995	0.0189887	0.0
-0.2337	-0.2712	-0.3594	0.0024766222085799536	0.002698279023583233	0.0030281462522101614	1.09047747	55.56824112	1.14134044	0.15880098014227975	0.0176774	1e-05
-0.2221	-0.2976	-0.3593	0.002373647782712288	0.0028221974004748306	0.003262020371977402	1.07632256	54.8469429	1.10082577	0.06113834612632514	0.0171514	1e-05
-0.2139	-0.3724	-0.3746	0.0023876104167282427	0.002898991887562581	0.003426081321664869	1.08626497	55.35358429	1.10947099	0.11104090353955856	0.0191275	2e-05
-0.227	-0.3746	-0.3839	0.0026912977065752563	0.0030874874467779687	0.00318871654339364	1.06697893	54.37081146	1.10436908	0.061077381366681525	0.0189766	2e-05
-0.2284	-0.284	-0.3682	0.002708750999095199	0.0026755897433073067	0.0031834805556376572	1.11336601	56.73458862	1.14539284	0.12942934918732935	0.0179222	3e-05
-0.2246	-0.2624	-0.3717	0.0025603980126756814	0.0026720990848033187	0.0033178709080412204	1.0841229	55.24443054	1.11797448	0.04321169986635334	0.0178435	1e-05
-0.228	-0.3173	-0.3757	0.002584832622203602	0.0026825710603152844	0.0032131511529215613	1.07484186	54.77148819	1.11060538	0.06928131700797728	0.0175413	1e-05
-0.2246	-0.3931	-0.3534	0.0027768188399229783	0.0025237460983838006	0.0031049407392979124	1.12634289	57.39586258	1.35303523	0.12445107966372541	0.0180816	3e-05
-0.2036	-0.299	-0.3616	0.0027855454861829498	0.002441715623540067	0.0032026791774095948	1.1615876	59.19185257	1.38301122	0.13272477796076937	0.0165217	7e-05
-0.2087	-0.2778	-0.3527	0.0022968532956245376	0.0026529004630313807	0.003190461872645634	1.11653328	56.89598846	1.34552064	0.07080471674068428	0.015682	2e-05
-0.2212	-0.2668	-0.3122	0.0021205750411731105	0.0025080381351158514	0.00322885911618951	1.08437264	55.25715637	1.11924429	0.08197689129554167	0.0159924	2e-05
-0.2229	-0.244	-0.298	0.001947787445225672	0.0024975661596038853	0.0032916909692613052	1.09645355	55.8727684	1.25229696	0.05100457122655994	0.0158871	1e-05
-0.2113	-0.3413	-0.3282	0.0020280725908174107	0.0027296949501191318	0.003239331091701475	1.11162567	56.64590454	1.26981845	0.15733869068334075	0.0162523	1e-05
-0.2187	-0.3922	-0.3555	0.0024033183799961914	0.0027715828521669953	0.0031922072018976287	1.09395111	55.74525452	1.13459012	0.10881287905152454	0.018122	2e-05
-0.2299	-0.3339	-0.3272	0.0022863813201125715	0.0027872908154349444	0.003214896482173555	1.11920154	57.03195572	1.12848839	0.10556671517137475	0.016721	1e-05
-0.2268	-0.2766	-0.3275	0.002282890661608583	0.002673844414055313	0.003274237676741362	1.07656121	54.85910416	1.16878794	0.06951391272257132	0.0164278	3e-05
-0.2285	-0.369	-0.3609	0.0023928464044842257	0.002946115777366428	0.003349286834577118	1.09893131	55.99903107	1.30235507	0.15036381320112563	0.0182236	3e-05
-0.2128	-0.3809	-0.3698	0.0025324727446437724	0.0030490902032340936	0.0033178709080412204	1.06071794	54.05176544	1.09250176	0.050200834628155534	0.0184835	6e-05
-0.2085	-0.3015	-0.3417	0.0024434609527920616	0.003082251459021986	0.0030560715202420713	1.09358716	55.72670364	1.26139683	0.13099862177193766	0.0163597	1e-05
-0.205	-0.2335	-0.3119	0.0019949113350295183	0.003008947630438224	0.003193952531149623	1.07686794	54.87473297	1.10639461	0.13428672286269283	0.0159982	2e-05
-0.1988	-0.307	-0.3333	0.0022444934180647076	0.0030752701420140084	0.0033108895910332428	1.0697459	54.5118103	1.10151372	0.12274208272472964	0.0161805	1e-05
-0.1987	-0.3608	-0.3416	0.0025464353786597265	0.0030124382889422127	0.003270747018237374	1.05781639	53.90391159	1.30598755	0.0824458193231342	0.016829	1e-05
-0.2027	-0.3275	-0.334	0.0026075219024795284	0.0030874874467779687	0.0032829643230013338	1.06248331	54.14172745	1.2967779	0.05231764932097588	0.0169907	0.0
-0.2076	-0.261	-0.2942	0.002288126649364566	0.002909463863074547	0.0033248522250491977	1.09971416	56.03892517	1.15138851	0.13816533694331243	0.0163998	3e-05
-0.1978	-0.2871	-0.3113	0.0022060961745208325	0.002958333082130389	0.003488913174736664	1.05073118	53.54286575	1.11759395	0.06774803217935213	0.0159886	1e-05
-0.1869	-0.3736	-0.3357	0.002336995868420407	0.0031956978604016175	0.003593632929856324	1.06674993	54.3591423	1.14051057	0.14544921136452307	0.0165234	3e-05
-0.1758	-0.3694	-0.3426	0.0024556782575560214	0.003008947630438224	0.003569198320328404	1.04441774	53.22114563	1.09852967	0.038693361431346406	0.01639	1e-05
-0.1723	-0.2835	-0.2922	0.0019425514574696887	0.0028571039855147177	0.003611086222376268	1.08236873	55.15504074	1.23190647	0.17514291735288515	0.0149177	1e-05
-0.1713	-0.3083	-0.2993	0.002001892652037496	0.002933898472602468	0.0035744343080843866	1.03039694	52.50667572	1.0774515	0.041539379797371975	0.0145597	1e-05
-0.1608	-0.3607	-0.3227	0.0022218041377887812	0.0030665434957540365	0.0036582101121801144	1.02670705	52.31864929	1.07766925	0.10811661564992905	0.0152354	1e-05
-0.1484	-0.3585	-0.3267	0.0022636920398366456	0.0031468286413457764	0.003778637830567723	1.02336931	52.1485672	1.07128558	0.03073003830136068	0.0152768	1e-05
-0.1584	-0.2703	-0.2941	0.0019512781037296606	0.0031468286413457764	0.0037384952577718534	1.06253219	54.14421463	1.116845	0.14842782544514277	0.0149036	1e-05
-0.1308	-0.3223	-0.3132	0.0019111355309337906	0.0030595621787460597	0.003872885610175417	1.05962324	53.99597931	1.11196981	0.11178996938995751	0.0149076	2e-05
-0.1064	-0.3846	-0.344	0.0021153390534171274	0.0031956978604016175	0.0041887902047863905	1.08829737	55.45714951	1.11050236	0.15031218993749343	0.0165002	2e-05
-0.1117	-0.353	-0.311	0.0019076448724298022	0.0032498030672134413	0.0042324234360862495	1.05313945	53.66558456	1.10708098	0.08517163095495038	0.0157968	2e-05
-0.1186	-0.2666	-0.3008	0.0018727382873899156	0.0032829643230013338	0.00419228086329038	1.0925529	55.6740036	1.12170773	0.1089105206811824	0.0144936	2e-05
-0.1065	-0.3319	-0.3089	0.0020245819323134223	0.003347541505325124	0.0044261549830576195	1.06555605	54.2983017	1.09960824	0.1080147473507268	0.0158696	1e-05
-0.0529	-0.3606	-0.2583	0.0011414453308042916	0.003139847324337799	0.0048467793327882525	1.10342848	56.22819901	1.12770987	0.20847275661135445	0.0151748	1e-05
0.0887	-0.3398	-0.1011	-0.0006492624817418905	0.0030560715202420713	0.0060964350772161925	1.37223279	69.92584991	1.37089355	0.4758069680534925	0.021749	0.00047
0.1892	-0.3172	-0.0539	-0.0011100294042683937	0.00324107642095347	0.007377506748180031	1.19994009	61.1462059	1.21213952	0.26664217471008694	0.0275266	0.00134
0.2261	-0.402	-0.0851	-0.0007208209810736582	0.00326551103048139	0.00800582527889799	1.11100662	56.61436081	1.22718834	0.20499807817203075	0.0287958	0.00192
0.3353	-0.4347	-0.0998	-0.0012025318546240932	0.003677408733952052	0.009334020839665676	1.13765919	57.97251892	1.17167734	0.2676902068894391	0.0369034	0.00402
0.2936	-0.4644	-0.1546	-0.0006213372137099814	0.0036843900509600297	0.00800582527889799	1.11587429	56.86240768	1.19311404	0.22201857593448876	0.0316101	0.00253
0.2697	-0.4463	-0.1694	-0.00015707963267948963	0.0038571776469074684	0.007660250087003113	1.07769608	54.91693115	1.11856047	0.1059310184436404	0.0290897	0.00192
0.2493	-0.3404	-0.1067	-0.0002897246558310587	0.003862413634663451	0.0074176493209759005	1.15260673	58.73420715	1.2079634	0.2080240888467382	0.0278578	0.0017
0.2508	-0.3575	-0.1061	-3.316125578789226e-05	0.0039339721339952186	0.007461282552275759	1.06306124	54.17117691	1.35756514	0.03778775653373964	0.0276006	0.00192
0.2586	-0.388	-0.1407	6.283185307179586e-05	0.004103269071438669	0.007705628647554965	1.06856465	54.45161819	1.0996283	0.09838180707911724	0.0285115	0.00185
0.2526	-0.4031	-0.1676	0.0001291543646475804	0.004272566008882118	0.007670722062515079	1.06894279	54.47088623	1.31998558	0.061526301702956046	0.0285473	0.00174
0.2491	-0.3333	-0.1493	0.00016406094968746698	0.004195771521794368	0.007358308126408092	1.07796133	54.93045044	1.23465025	0.1128057504117312	0.0268867	0.00147
0.2958	-0.306	-0.1206	3.141592653589793e-05	0.004117231705454623	0.007803367085666647	1.07800317	54.93257904	1.12120851	0.13551218993749342	0.0297225	0.00218
0.3259	-0.3839	-0.1445	-4.0142572795869576e-05	0.004159119607502487	0.008058185156457818	1.08233833	55.15349197	1.18936015	0.15031322360854013	0.0320885	0.00284
0.2943	-0.4369	-0.1751	0.00015707963267948963	0.004167846253762459	0.00766723140401109	1.07850981	54.95839691	1.10695334	0.14504513020910295	0.0301355	0.0023
0.2635	-0.4396	-0.1882	0.000466002910282486	0.004241150082346221	0.007103490055616921	1.09920514	56.01298523	1.14556322	0.09389842272904632	0.0286535	0.00169
0.2956	-0.3642	-0.1661	0.0005497787143782138	0.003677408733952052	0.0072954762733362976	1.18432808	60.35065842	1.19770914	0.1715751685104636	0.0281687	0.00181
0.348	-0.3088	-0.1349	-0.00010821041362364843	0.0029146998508305304	0.00761487152645126	1.15600336	58.90729523	1.18201779	0.2260046632119173	0.0313849	0.00206
0.5323	-0.307	-0.1104	-0.00047647488579445195	0.0010559241974565693	0.008080874436733746	1.35360801	68.97677612	1.42536395	0.34525215179136254	0.0453447	0.00487
0.8905	-0.3192	-0.0738	-0.0014119713648634124	-0.0010611601852125523	0.008110545034017648	1.73524129	88.42393494	1.77600522	0.5611125729510991	0.078743	0.01443
0.8535	-0.3478	-0.1006	-0.0008691739674931761	-0.0004991641660703782	0.007051130178057092	1.12060642	57.10354614	1.1644902	0.2006104136236483	0.0743921	0.01209
0.8041	-0.432	-0.1211	-0.000614355896702004	1.9198621771937625e-05	0.006894050545377602	1.11995161	57.07017899	1.18034501	0.2006130245656489	0.07024	0.01056
0.9148	-0.4152	-0.075	-0.0004677482395344803	0.00026878070480712676	0.007482226503299692	1.19891214	61.09382629	1.23216671	0.22281828490624003	0.0805855	0.01581
1.0995	-0.3627	-0.0495	-0.0013805554383275148	0.0003647738136668148	0.007705628647554965	1.24559021	63.472435	1.31210084	0.32431012259539965	0.099358	0.02573
1.1223	-0.4138	-0.0911	-0.0014608405839192536	0.0008028514559173916	0.0076724673917670716	1.0670718	54.37554169	1.12095273	0.1430762021815106	0.101242	0.02718
1.1777	-0.4555	-0.1173	-0.0010943214410004448	0.0015376350710070042	0.00823620874016124	1.08274186	55.17405319	1.32982877	0.20655220532012933	0.106028	0.03223
1.1692	-0.4154	-0.1109	-0.0007592182246175333	0.0015638150097869194	0.007892378877518359	1.07306838	54.68111801	1.1806367	0.09025565089028537	0.105033	0.0309
1.1671	-0.4339	-0.1289	-0.0005044001538263612	0.0013439035240356337	0.007785913793146704	1.05385435	53.70201492	1.12802216	0.06765973204570562	0.104518	0.03084
1.2402	-0.4261	-0.1258	-0.000926769832808989	0.0011152653920243766	0.008100073058505684	1.07446229	54.75214767	1.13083291	0.13225835381764323	0.111773	0.0363
1.2963	-0.422	-0.1132	-0.00119729586686811	0.0010768681484805013	0.007712609964562942	1.05735266	53.88027573	1.22905698	0.10761931857728692	0.118106	0.04056
1.2996	-0.3756	-0.1089	-0.0008220500776893293	0.0013316862192716734	0.007185520530460655	1.05237293	53.62652588	1.16345894	0.11185766470361204	0.117765	0.03991
1.2942	-0.3576	-0.0822	-0.0009808750396208131	0.0014940018397071458	0.007110471372624898	1.04433799	53.21707916	1.10025412	0.06990948701013577	0.11781	0.0399
1.3842	-0.3956	-0.0791	-0.0017034413499464657	0.0018256143975860688	0.006597344572538566	1.12896371	57.52941132	1.19126163	0.2094652834145455	0.128046	0.04839
1.4784	-0.4325	-0.0709	-0.00244695161129605	0.0021607176139689798	0.006023131248632432	1.13893473	58.03751755	1.37060753	0.22194134008193128	0.138247	0.05869
1.5314	-0.4668	-0.0686	-0.0027349309378751144	0.002186897552748895	0.005789257128865191	1.07185996	54.61953735	1.17385008	0.11700166925631118	0.144089	0.06439
1.5248	-0.4902	-0.0867	-0.0020717058221172693	0.0023439771854283846	0.005674065398233566	1.05273962	53.64521027	1.11126068	0.09487482395344819	0.142455	0.06356
1.5121	-0.4886	-0.0871	-0.0019216075064457567	0.0024975661596038853	0.005508259119294104	1.04269111	53.13315964	1.10918	0.03817467843932374	0.141149	0.06264
1.5006	-0.5085	-0.1164	-0.002141518992197042	0.0026110125609835172	0.004963716392671873	1.07156992	54.60475922	1.16164299	0.10459503068765744	0.140488	0.06164
1.4791	-0.5302	-0.1199	-0.0024172810140121463	0.003014183618194207	0.005185373207675152	1.05622339	53.82273483	1.11523296	0.09172949470145357	0.13884	0.06046
1.4966	-0.4897	-0.1081	-0.002336995868420407	0.003242821750205464	0.005227261109723017	1.05811536	53.91914368	1.14321477	0.08734055898254288	0.140306	0.06188
1.4376	-0.4068	-0.1081	-0.0022636920398366456	0.0025883232807075904	0.004668755749084832	1.11150587	56.63980103	1.32116851	0.20621538293599093	0.133889	0.05458
1.2897	-0.4524	-0.1228	-0.0028221974004748306	0.0012217304763960308	0.0034452799434368064	1.23962975	63.16870499	1.31994413	0.3656286985298885	0.121604	0.04171
1.0755	-0.5639	-0.2597	-0.0018989182261698304	0.001614429558094755	0.0010471975511965976	1.41804504	72.26033783	1.49741146	0.6483030324121967	0.101604	0.02932
1.0407	-0.5149	-0.3042	-0.0014852751934471744	0.0023474678439323734	0.0008866272600131194	1.14603865	58.39951324	1.27404811	0.19366258048718757	0.0971705	0.0269
1.1065	-0.3845	-0.2793	-0.0012863076587198209	0.0026092672317315226	0.001408480706359424	1.15697646	58.95687866	1.36907659	0.2702310184436405	0.101143	0.02921
1.1135	-0.3867	-0.2524	-0.0017156586547104257	0.003166027263117714	0.0020141099568014562	1.05748701	53.88712311	1.11078278	0.11568701389094128	0.10187	0.03005
1.117	-0.4449	-0.2602	-0.0017976891295541592	0.003349286834577118	0.002398082392240209	1.08877373	55.48142242	1.20072662	0.10196312408709456	0.102884	0.03065
1.1167	-0.4864	-0.267	-0.001963495408493621	0.0037000980142279784	0.002909463863074547	1.08621299	55.35093307	1.12550855	0.09999994647123299	0.103305	0.03152
1.111	-0.4602	-0.2586	-0.0017645278737662671	0.0038083084278516272	0.0026825710603152844	1.05686688	53.85552216	1.13260182	0.06700353755551332	0.102201	0.03058
1.1145	-0.3948	-0.2378	-0.0017976891295541592	0.0038571776469074684	0.0027925268031909274	1.06309807	54.17304993	1.20601922	0.09929931088596888	0.101384	0.02994
1.1126	-0.4301	-0.2253	-0.001956514091485643	0.0036425021489121657	0.002883283924294633	1.04645395	53.3249054	1.09807453	0.07291287905152462	0.101842	0.03009
1.1026	-0.4643	-0.223	-0.002106612407157156	0.0036337755026521943	0.0028152160834668534	1.06329751	54.18321228	1.14307958	0.0578446401379632	0.101871	0.02956
1.0894	-0.4726	-0.2054	-0.002441715623540067	0.003960152072775134	0.0028099800957108703	1.05429542	53.72449112	1.1015325	0.07243578871309181	0.10134	0.02972
1.0667	-0.4051	-0.1842	-0.00239459173373622	0.003792600464583678	0.0027296949501191318	1.06100655	54.0664711	1.11774466	0.126148032179352	0.0984168	0.02723
1.0559	-0.3944	-0.1541	-0.002261946710584651	0.0037315139407638766	0.0030176742766981957	1.03988194	52.99001312	1.19191294	0.07568554367752171	0.0979412	0.02639
1.0413	-0.4655	-0.1645	-0.0021519909677090087	0.0038327430373795474	0.003089232776029963	1.05438673	53.72914124	1.15158503	0.11023716694115424	0.0967932	0.02579
1.0195	-0.5317	-0.1761	-0.002092649773141201	0.004145156973486532	0.0028710666195306722	1.07974529	55.02135468	1.27812778	0.1290960643587039	0.0960719	0.02609
0.9871	-0.5016	-0.1805	-0.002131047016685076	0.0044593162388455124	0.0023457225146803788	1.06049919	54.0406189	1.16066967	0.1107950306876574	0.0928755	0.02436
0.9621	-0.3891	-0.1434	-0.002462659574563999	0.004089306437422714	0.002141518992197042	1.12244236	57.19710159	1.24476041	0.21989129408925293	0.0902939	0.02185
0.9354	-0.3485	-0.1064	-0.0025987952562195565	0.0037751471720637348	0.002333505209916419	1.07459211	54.75876236	1.27989699	0.13641405823669567	0.0878526	0.01983
0.9178	-0.4225	-0.114	-0.0025394540616517493	0.0038536869884034796	0.0020734511513692635	1.08005464	55.037117	1.1417236	0.11909675347273546	0.0866448	0.0194
0.9183	-0.4911	-0.1424	-0.002408554367752175	0.003965388060531117	0.002251474735072685	1.1134907	56.74094772	1.2547899	0.11853121748653168	0.0875009	0.02015
0.9086	-0.5144	-0.1261	-0.0022183134792847924	0.00415213829049451	0.0020420352248333657	1.09434521	55.76533508	1.14710866	0.07862153143350478	0.0864679	0.02011
0.9003	-0.4217	-0.133	-0.002513274122871834	0.00416435559525847	0.0018325957145940458	1.09851217	55.97767258	1.16336929	0.13373087292951602	0.0843399	0.01852
0.8947	-0.3887	-0.1142	-0.0026546457922833754	0.004096287754430691	0.0020350539078253884	1.06089914	54.06100082	1.20879968	0.07799488517353312	0.0841039	0.01781
0.8953	-0.4325	-0.1123	-0.0026511551337793865	0.004043927876870862	0.0021746802479849347	1.08513188	55.29584503	1.13991003	0.056073843811168166	0.0847532	0.01867
0.8858	-0.4849	-0.1002	-0.002754129559647052	0.0038885935734433662	0.002305579941884509	1.10833406	56.47817612	1.14417878	0.09346042115973673	0.0846309	0.01861
0.876	-0.479	-0.103	-0.0027436575841350863	0.0038903389026953604	0.002092649773141201	1.06027269	54.02907562	1.10412686	0.02975737367536344	0.0832604	0.01794
0.8626	-0.4655	-0.0873	-0.0027715828521669953	0.0038851029149393774	0.002040289895581371	1.06318915	54.17769241	1.10501114	0.04687605666738601	0.0825888	0.01708
0.8367	-0.4334	-0.0658	-0.002567379329683659	0.003586651612848347	0.0019041542139258136	1.0596447	53.99707413	1.1404629	0.11143952531149624	0.0801259	0.0158
0.8192	-0.461	-0.0826	-0.0026057765732275338	0.0035517450278084606	0.001726130630222392	1.07948411	55.0080452	1.11781467	0.07446637061435912	0.0794759	0.01525
0.7994	-0.5313	-0.1319	-0.0022706733568446224	0.003605850234620285	0.0018797196043978928	1.11639619	56.88899994	1.21329375	0.16653986986851183	0.0768254	0.01483
0.7786	-0.541	-0.2308	-0.0019757127132575807	0.003701843343479973	0.001420698011123384	1.12735093	57.44723129	1.27332239	0.171898767286062	0.0743995	0.01406
0.8119	-0.4774	-0.4916	-0.001556833692778942	0.004501204140893376	0.0005358160803622592	1.45285702	74.03427887	1.61709658	0.4628560874326583	0.078468	0.01868
0.9324	-0.3263	-0.3594	-0.0014870205226991688	0.002874557278034661	0.0014660765716752368	1.37791026	70.21516418	1.43011727	0.5351360262125734	0.0860633	0.02052
0.9662	-0.2635	-0.2795	-0.001933824811209717	0.002698279023583233	0.0019687313962496035	1.21611834	61.97061539	1.27623593	0.23278686837681703	0.0881402	0.0207
0.9452	-0.2977	-0.2533	-0.0020734511513692635	0.0029199358385865134	0.0018517943363659836	1.0887475	55.48008728	1.133421	0.10531101075232228	0.0859565	0.01937
0.9025	-0.3169	-0.2283	-0.0021956241990088664	0.0032567843842214186	0.0019774580425095754	1.07836628	54.95108414	1.12366986	0.11613426497090508	0.0825833	0.01705
0.8862	-0.3965	-0.2334	-0.0023160519173964756	0.003363249468593073	0.002106612407157156	1.10192597	56.1516304	1.16862726	0.1188023583703422	0.0816949	0.01666
0.8731	-0.5001	-0.238	-0.0023160519173964756	0.0034016467121369483	0.0020943951023931952	1.10095477	56.10214233	1.33918905	0.12383072741539176	0.0816364	0.01717
0.8632	-0.5224	-0.2587	-0.0023876104167282427	0.0037419859162758423	0.0021153390534171274	1.05438006	53.72880173	1.18951469	0.07454208272472966	0.0804407	0.01737
0.8358	-0.4262	-0.2357	-0.0024801128670839424	0.0035133477842645856	0.0019233528356977512	1.07951248	55.00949478	1.36406687	0.17225634000431658	0.076905	0.01474
0.8201	-0.4191	-0.2305	-0.002537708732399755	0.003426081321664869	0.002078687139125246	1.05629349	53.82630539	1.12325888	0.04300983156715119	0.0759488	0.01422
0.8428	-0.4822	-0.2336	-0.002457423586808016	0.00376118453804778	0.00249931148885588	1.0687294	54.46001053	1.13429137	0.13070063558526415	0.0783386	0.01572
0.8408	-0.4575	-0.2339	-0.0026319565120074486	0.003998549316319009	0.0023282692221604354	1.04348862	53.17379761	1.1624525	0.0561469985083053	0.0787035	0.01581
0.8194	-0.3489	-0.2186	-0.002530727415391778	0.0038990655489553323	0.00199142067652553	1.09031904	55.56016922	1.28526119	0.17217807048071268	0.0751192	0.01388
0.8007	-0.3147	-0.2025	-0.0026546457922833754	0.0037192966359999168	0.0019844393595175526	1.0411073	53.05245209	1.10566246	0.08453343034274953	0.0738978	0.01281
0.7854	-0.3991	-0.2359	-0.0024312436480281013	0.003715805977495928	0.001785471824790199	1.09267867	55.68041229	1.14026944	0.15439301687433082	0.0726098	0.01289
0.7754	-0.4532	-0.2626	-0.0022078415037728267	0.004059635840138811	0.0018692476288859267	1.06995225	54.52232361	1.2891175	0.12335039054969424	0.0718935	0.01294
0.7577	-0.3972	-0.2476	-0.0023527038316883565	0.004043927876870862	0.0015184364492350666	1.07846773	54.95625305	1.22826022	0.11426907354171688	0.0702541	0.01217
0.7478	-0.3392	-0.2112	-0.0023998277214922034	0.003600614246864302	0.0014381513036433276	1.07961488	55.01470947	1.20516848	0.1328361332701073	0.068199	0.01059
0.7597	-0.3967	-0.2033	-0.002530727415391778	0.0036651914291880917	0.001748819910498318	1.05769467	53.89770889	1.15017464	0.10260727415391772	0.0696067	0.01159
0.7598	-0.4707	-0.2222	-0.0024277529895241124	0.003712315318991939	0.0017505652397503124	1.08753002	55.41804504	1.1585884	0.10059218224617536	0.0709332	0.01218
0.7309	-0.4938	-0.2407	-0.0021118483949131386	0.0039723693775390945	0.0016441001553786586	1.05891955	53.96012115	1.11002306	0.1046211868764892	0.067921	0.01145
0.7209	-0.3956	-0.2281	-0.002183406894244906	0.004146902302738527	0.001473057888683214	1.09343505	55.71895599	1.17242453	0.14165668456133226	0.0657558	0.01037
0.7304	-0.3466	-0.1896	-0.0021101030656611444	0.004002039974822997	0.0017994344588061536	1.05915701	53.97222137	1.1905151	0.1242271363311116	0.065976	0.01022
0.741	-0.3979	-0.1744	-0.0022410027595607188	0.004190535534038385	0.002057743188101315	1.06314373	54.17538071	1.12803846	0.10598519912050604	0.0679841	0.01096
0.753	-0.4537	-0.199	-0.002209586833024821	0.0043703044469938016	0.0023073252711365037	1.08925438	55.5059166	1.16797459	0.1154383461263252	0.0699794	0.01204
0.7344	-0.4494	-0.196	-0.002129301687433082	0.0043877577395137445	0.0021642082724729686	1.06067109	54.04938126	1.1161906	0.037942771838760776	0.0675354	0.01128
0.723	-0.3521	-0.1642	-0.0023230332344044524	0.00394269878025519	0.002022836603061428	1.09542274	55.82024384	1.24284811	0.17950810878207335	0.0664011	0.00992
0.7067	-0.4007	-0.1652	-0.0020350539078253884	0.0038885935734433662	0.0019181168479417679	1.04792273	53.39974976	1.11781871	0.08824021442552736	0.0644028	0.00944
0.7001	-0.4645	-0.182	-0.002007128639793479	0.004256858045614169	0.0019146261894377795	1.06846082	54.44632721	1.27696789	0.1071840199353351	0.0648929	0.01014
0.6858	-0.5004	-0.1955	-0.0018517943363659836	0.004420918995301637	0.0018448130193580064	1.06999934	54.52472305	1.11300062	0.08316042115973675	0.0649815	0.01024
0.6675	-0.4085	-0.1605	-0.0018099064343181197	0.004129449010218584	0.001541125729510993	1.10552907	56.3352356	1.22878637	0.17705225884889647	0.0614996	0.00848
0.6481	-0.3706	-0.1306	-0.0017383479349863521	0.0037995817815916558	0.001553343034274953	1.07932079	54.99972153	1.15905341	0.10788215163613275	0.0597326	0.00749
0.641	-0.4558	-0.1283	-0.001635373509118687	0.003796091123087667	0.0015812683023068625	1.09005725	55.54682922	1.15081273	0.10131951762017816	0.0598869	0.0079
0.6425	-0.4962	-0.1439	-0.0015166911199830724	0.004145156973486532	0.0017243853009703976	1.05732298	53.87876892	1.25698133	0.0880432619099007	0.0606902	0.00828
0.6397	-0.4197	-0.1171	-0.0014154620233674013	0.0040055306333269865	0.0017016960206944712	1.08715391	55.39888382	1.2093166	0.11927723585255703	0.0592617	0.00762
0.6219	-0.3494	-0.0988	-0.0015341444125030156	0.003686135380212024	0.0016964600329384882	1.0943501	55.76558304	1.21858282	0.12856568150032807	0.0574753	0.00635
0.5978	-0.4305	-0.118	-0.0014329153158873448	0.0034714598822167216	0.00147131255943122	1.09755099	55.92869568	1.12925114	0.15145260340591207	0.0557756	0.00607
0.5979	-0.5146	-0.1725	-0.001256637061435917	0.0036599554414321086	0.0016196655458507376	1.09961045	56.033638	1.24293895	0.16435634000431656	0.0555096	0.00668
0.6096	-0.4911	-0.2036	-0.001064650843716541	0.0037699111843077517	0.00182212373908208	1.0690037	54.47398758	1.30903491	0.0915200076913181	0.0557237	0.00705
0.601	-0.3758	-0.1791	-0.0011484266478122688	0.003796091123087667	0.0017505652397503124	1.13155031	57.66122055	1.37741987	0.1574757121103705	0.0536196	0.00571
0.5971	-0.3736	-0.1602	-0.0013124875974997359	0.0037210419652519105	0.0017680185322702558	1.0807339	55.07173538	1.11261659	0.03782817000215839	0.0538105	0.00571
0.5977	-0.4494	-0.1788	-0.0014556045961632708	0.0038536869884034796	0.001837831702350029	1.09004259	55.54608154	1.12454758	0.11227875959474393	0.0550591	0.00612
0.5945	-0.4888	-0.1953	-0.0011798425743481666	0.004057890510886817	0.001843067690106012	1.07985878	55.02713776	1.28693995	0.08336007660272121	0.0547743	0.00661
0.5851	-0.4134	-0.1797	-0.0012880529879718153	0.003984586682303054	0.0017435839227423352	1.10095763	56.10228729	1.2701149	0.11444990047855448	0.0528016	0.0057
0.5957	-0.3728	-0.1461	-0.0014782938764391971	0.0037734018428117405	0.0017976891295541592	1.08820248	55.45231628	1.11924861	0.10757654673852599	0.0541842	0.00573
0.5938	-0.4618	-0.1639	-0.001322959573011702	0.003975860036043083	0.0017453292519943296	1.08777404	55.43048096	1.13028912	0.1292076187109333	0.0546051	0.00645
0.5921	-0.5066	-0.1798	-0.0013212142437597075	0.004190535534038385	0.0017872171540421933	1.06362009	54.19964981	1.09995978	0.0753154364647581	0.056563	0.00683
0.5809	-0.5011	-0.1845	-0.0009773843811168245	0.00416435559525847	0.001553343034274953	1.06838357	54.44238663	1.27180806	0.05159419605950198	0.0544856	0.00649
0.5641	-0.3953	-0.1433	-0.0010943214410004448	0.003782128489071712	0.0013037609512397642	1.1208812	57.1175499	1.31482294	0.2012373124552783	0.0520338	0.00515
0.553	-0.4124	-0.1376	-0.0010140362954087054	0.003712315318991939	0.0011676252695842063	1.04989564	53.5002861	1.08640721	0.04821169986635352	0.0507517	0.00498
0.5464	-0.4995	-0.1665	-0.0008569566627292158	0.00411199571769864	0.0010349802464326373	1.08080578	55.07539368	1.12263808	0.15707025272688804	0.0524704	0.00559
0.5397	-0.4919	-0.1701	-0.0006841690667817771	0.0042324234360862495	0.0010349802464326373	1.03922677	52.95662308	1.17736302	0.032560765716752406	0.0508402	0.00572
0.5513	-0.383	-0.1406	-0.0007853981633974483	0.00399505865781502	0.0012112585008840647	1.09663641	55.88208771	1.22993239	0.17574360646691647	0.0507815	0.00492
0.5279	-0.3931	-0.1348	-0.00042236967898262774	0.003677408733952052	0.0013439035240356337	1.07005405	54.52751541	1.10722462	0.07996617157146783	0.0482889	0.00411
0.5195	-0.4801	-0.1521	-0.0007819075048934597	0.003932226804743224	0.0012356931104119853	1.10426342	56.27074432	1.13221887	0.14882831551628273	0.0495024	0.00483
0.5077	-0.4909	-0.1689	-0.0004188790204786391	0.004019493267342941	0.001158898623324235	1.04951811	53.48104858	1.14872076	0.06575447170511428	0.0477924	0.00457
0.4998	-0.416	-0.1455	-0.000598647933434055	0.003906046865963309	0.0010978120995044332	1.06754267	54.39953995	1.16636448	0.12391509190774253	0.0463762	0.00388
0.4949	-0.4008	-0.1303	-0.000486946861306418	0.003563962332572421	0.0011606439525762293	1.0504334	53.52769089	1.09353767	0.061130872929516064	0.0454752	0.00346
0.4804	-0.4656	-0.1465	-0.00048345620280242926	0.003556981015564444	0.000874409955249159	1.08494067	55.28609848	1.12104382	0.11033529864195182	0.0462295	0.00362
0.4738	-0.5241	-0.1537	-0.00013439035240356338	0.003677408733952052	0.0007592182246175333	1.07364166	54.71033096	1.11021234	0.10153426497090498	0.0463778	0.00403
0.457	-0.4562	-0.1678	-0.0006928957130417488	0.0026546457922833754	0.00032637657012293966	1.10261595	56.18679428	1.14629411	0.1995054978400728	0.0436085	0.00275
0.4501	-0.3869	-0.1413	-0.0011431906600562858	0.0015585790220309364	0.00039269908169872416	1.10843956	56.48355103	1.14999638	0.183334211442138	0.0420722	0.0022
0.4397	-0.4103	-0.1321	-0.0008621926504851988	0.0018814649336498872	0.0008429940287132613	1.05891514	53.95989609	1.09823149	0.09570894341022873	0.0409849	0.0021
0.4017	-0.4898	-0.1475	-0.0004328416544945937	0.002082177797629235	0.0005637413483941684	1.10682774	56.40141678	1.13496187	0.17836582701445225	0.0394592	0.00196
0.3893	-0.4747	-0.1345	-0.0003106686068549907	0.002436479635784084	0.00046949356878647465	1.06300426	54.16827011	1.09772672	0.06903613327010728	0.0383279	0.00174
0.3833	-0.3866	-0.1128	-0.0005480333851262194	0.0023352505391684127	0.0003700098014227979	1.0952909	55.81352615	1.12743218	0.13770388211252885	0.0364318	0.00127
0.3845	-0.3806	-0.0886	-0.0004956735075663896	0.00233001455141243	0.00032463124087094524	1.04844439	53.42633438	1.09052709	0.036548721293383296	0.0370961	0.00133
0.3869	-0.4448	-0.0372	-0.0005619960191421741	0.0027244589623631483	0.0004206243497306334	1.10664284	56.39199448	1.13939718	0.1458380015693095	0.0405116	0.00191
0.3907	-0.472	-0.0504	-0.0007278022980816354	0.0028902652413026098	0.0004380776422505767	1.07235241	54.64463425	1.10581659	0.06165329251994328	0.0411412	0.00217
0.359	-0.4198	-0.04	-0.0006963863715457374	0.003073524812762014	9.250245035569947e-05	1.10110772	56.10993576	1.12425151	0.12231253449450892	0.0382935	0.00154
0.4315	-0.3801	-0.0354	-0.00062482787221397	0.0032009338481576006	0.0012897983172238095	1.16207874	59.2168808	1.19054935	0.1866131700797732	0.0422894	0.00237
0.4405	-0.3846	-0.0617	-0.0010035643198967395	0.003560471674068432	0.001504473815219112	1.12798476	57.47952652	1.16538679	0.08744748857944519	0.0421678	0.00256
0.4296	-0.3824	-0.0416	-0.0013927727430914749	0.0033231068957972035	0.001452113937659282	1.0931282	55.70331573	1.12668478	0.06714665395128969	0.0430754	0.00235
0.4351	-0.3809	0.0101	-0.0017470745812463236	0.0032777283352453507	0.0016458454846306526	1.11491847	56.81370163	1.1490125	0.08837059728390362	0.0452942	0.0029
0.4494	-0.4687	0.0184	-0.0016545721308906245	0.0035395277230445004	0.0016388641676226754	1.091627	55.62681961	1.13004268	0.12846415775814132	0.0481696	0.0039
0.4613	-0.5127	0.0215	-0.0017819811662862105	0.003637266161156183	0.0018849555921538759	1.11015606	56.57101822	1.16865437	0.08256194490192345	0.0516781	0.00515
0.469	-0.5394	0.0069	-0.0025080381351158514	0.0036704274169440743	0.0021258110289290935	1.10509384	56.31306076	1.28699069	0.09900368306963744	0.0527747	0.00567
0.4561	-0.5392	-0.009	-0.0029408797896104456	0.0033056536032772606	0.0022008601867648495	1.0820626	55.13943863	1.32448281	0.07263323129985813	0.0521101	0.00541
0.4603	-0.4327	0.0579	-0.003576179637336381	0.002993239667170275	0.0026284658535034606	1.15513885	58.86323929	1.26817709	0.24636597252857664	0.053367	0.00514
0.5031	-0.435	0.1078	-0.002782054827678961	0.002823942729726825	0.0019111355309337906	1.12568808	57.36249542	1.16567444	0.17903760348352704	0.0583366	0.00619
0.4981	-0.4571	0.0984	-0.0026354471705114374	0.002186897552748895	0.0013037609512397642	1.083341	55.20458603	1.12404492	0.106051370691974	0.0586239	0.00566
0.497	-0.4684	0.0788	-0.002617993877991494	0.002239257430308725	0.0014748032179352085	1.05676067	53.85011292	1.1066343	0.04404277183876085	0.0566221	0.00537
0.4934	-0.4195	0.0946	-0.002754129559647052	0.002516764781375823	0.0015585790220309364	1.06147075	54.09012604	1.10220495	0.09317094184091917	0.056003	0.00504
0.509	-0.3839	0.1071	-0.002825688058978819	0.002764601535159018	0.001970476725501598	1.05003548	53.50741196	1.10856192	0.10026464782928116	0.0571992	0.00561
0.534	-0.4812	0.0888	-0.003220132469929538	0.002900737216814576	0.0024050637092481865	1.08332241	55.20363617	1.14402694	0.1888583538176433	0.0601662	0.00701
0.54	-0.5229	0.0601	-0.0030473448739821	0.0028710666195306722	0.0024260076602721182	1.0540117	53.71003342	1.11890462	0.08757010721276372	0.0601065	0.00714
0.5268	-0.4745	0.0561	-0.003005456971934235	0.002909463863074547	0.002131047016685076	1.0549916	53.75996399	1.12742558	0.0843622894589391	0.0581465	0.00625
0.5253	-0.414	0.0881	-0.0031363566658338103	0.003014183618194207	0.0021956241990088664	1.05962539	53.99608994	1.11938011	0.10900983156715131	0.057606	0.00601
0.5274	-0.4588	0.0808	-0.0032759830059933565	0.003159045946109736	0.002228785454796759	1.02571154	52.26792145	1.07578136	0.0700824961931484	0.0586554	0.00669
0.5252	-0.5362	0.0545	-0.0031817352263856626	0.00334579617607313	0.0021153390534171274	1.03983676	52.98770905	1.12375283	0.1256222205475359	0.0591573	0.00745
0.5149	-0.5474	0.0449	-0.003001966313430246	0.0032777283352453507	0.0020001473227855013	1.01031947	51.48357391	1.20491184	0.049251424220741045	0.0578312	0.00686
0.5063	-0.4826	0.058	-0.002939134460358451	0.003218387140677544	0.0017453292519943296	1.02749217	52.35865784	1.20112269	0.10534955592153876	0.0561956	0.00609
0.5017	-0.4023	0.0791	-0.0030595621787460597	0.0031119220563058892	0.0017819811662862105	1.03942847	52.96689987	1.18056353	0.11917723585255714	0.0560351	0.0054
0.5227	-0.4551	0.0852	-0.0034452799434368064	0.003232349774693498	0.0019442967867216831	1.03448963	52.71523285	1.10037304	0.11332305517569143	0.0597744	0.00693
0.529	-0.4864	0.0757	-0.0033265975543011915	0.0034016467121369483	0.001954768762233649	1.02573311	52.26902008	1.0951607	0.06202256510455152	0.060056	0.00727
0.5453	-0.455	0.0742	-0.003452261260444784	0.0038536869884034796	0.0019390607989657003	1.03205931	52.5913887	1.09646454	0.07887059728390358	0.0606853	0.00745
0.5559	-0.3962	0.1102	-0.003516838442768574	0.0038781215979314006	0.002228785454796759	1.05121398	53.56746674	1.16743684	0.12433682238413844	0.0621502	0.00812
0.5838	-0.4209	0.1208	-0.0037489672332838195	0.0042655846918741415	0.0026406831582674204	1.01957631	51.9552803	1.08121194	0.11477447939643241	0.0654663	0.00985
0.5827	-0.4661	0.1513	-0.003715805977495928	0.003707079331235956	0.002998475654926258	1.06051385	54.04136658	1.1178697	0.12427295565424572	0.066996	0.01052
0.5414	-0.4915	0.2501	-0.003864158963915446	0.0021938788697568722	0.0030752701420140084	1.19375181	60.83086777	1.37751539	0.2524173967493176	0.0690935	0.01103
0.4509	-0.4272	0.3262	-0.0029827676916583086	0.001579522973054868	0.0022898719786165604	1.19040918	60.66053391	1.34447866	0.34495726661782944	0.0665945	0.00914
0.4539	-0.3815	0.3019	-0.0032777283352453507	0.0013020156219877698	0.001801179788058148	1.15508497	58.86049652	1.19948402	0.12605800926062763	0.0647513	0.00804
0.4985	-0.4585	0.1275	-0.002258456052080662	0.0024312436480281013	0.0017680185322702558	1.30389619	66.443573	1.33380637	0.4050830782496456	0.0583832	0.00613
0.4678	-0.4332	0.2187	-0.002239257430308725	0.0030368728984701333	0.0012531464029319286	1.16497338	59.36438751	1.21008567	0.2041850000776149	0.0612978	0.00714
0.4701	-0.3803	0.2841	-0.0027419122548830916	0.0034417892849328176	0.0012793263417118436	1.10076547	56.09249878	1.13999116	0.16728755749084828	0.0652468	0.0088
0.4594	-0.359	0.3539	-0.0034644785652087444	0.00399505865781502	0.0013316862192716734	1.12362671	57.25745392	1.15951181	0.1682097780383843	0.0685107	0.01109
0.4188	-0.3631	0.2528	-0.0026406831582674204	0.0036198128686362394	0.0005427973973702365	1.14138222	58.16223145	1.18375663	0.24519650090107695	0.0593913	0.0067
0.4236	-0.4002	0.0919	-0.002673844414055313	0.0032637657012293962	0.0005218534463463045	1.31900692	67.2135849	1.33230598	0.2233076187109334	0.0525358	0.00443
0.4495	-0.3458	0.0086	-0.0035360370645405115	0.002928662484846485	0.0010943214410004448	1.30921209	66.71446228	1.33393016	0.25208819307611247	0.0496439	0.00342
0.4461	-0.3548	0.015	-0.004082325120414737	0.003152064629101759	0.00102799892942466	1.08525157	55.30194473	1.12439225	0.06060063558526422	0.050184	0.00382
0.4464	-0.3577	-0.0037	-0.004108505059194652	0.0032567843842214186	0.001322959573011702	1.09632337	55.86613846	1.13040864	0.04319301687433087	0.0504032	0.00394
0.4505	-0.3493	-0.0	-0.004143411644234539	0.002584832622203602	0.001514945790731078	1.10095048	56.10192108	1.13680955	0.06114222823885398	0.0506491	0.00387
0.4792	-0.4722	-0.0694	-0.005014330940979708	0.003010692959690218	0.00205599785884932	1.20359123	61.33226395	1.23872174	0.31289158511750137	0.0545947	0.00529
0.5277	-0.5498	-0.2296	-0.009622000166244739	0.0026912977065752563	0.002885029253546627	1.56924939	79.96537018	2.39124302	0.5741047936538648	0.0693811	0.01308
0.5436	-0.4642	-0.3918	-0.02120051442397512	0.0013194689145077131	0.0030909781052819575	2.25291061	114.80318451	3.74242377	0.9215145950766627	0.10355	0.05177
0.4356	-0.3918	-0.3699	-0.031208232354910607	0.00042760566673861073	-0.0001361356816555577	2.07145405	105.55657196	2.94227484	0.9086347482821053	0.129172	0.0913
0.3744	-0.4153	-0.3073	-0.038488000664978955	0.0008709192967451704	-0.0003682644721708035	1.61797404	82.44826508	2.07158131	0.5450605365295076	0.146968	0.11594
0.3543	-0.5409	-0.3091	-0.042690753503781306	0.0015899949485668342	-0.0005515240436302081	1.33253765	67.90307617	2.12493783	0.40275440310417093	0.159552	0.12899
0.3736	-0.6655	-0.392	-0.04101349209261475	0.0022549653935766737	-0.00017802358370342162	1.15624022	58.91936111	1.27910843	0.3625866158051592	0.158735	0.12394
0.3748	-0.7905	-0.4451	-0.03878819729632198	0.002490584842595908	-2.4434609527920616e-05	1.16578197	59.40559006	1.39574508	0.31002516097437527	0.155178	0.11673
0.3531	-0.9403	-0.4025	-0.03621732730813433	0.0021642082724729686	0.00014660765716752367	1.24276924	63.32868576	1.66674473	0.3675144412503015	0.150548	0.10754
0.3271	-1.0688	-0.4239	-0.035238197597765517	0.0023073252711365037	0.00039269908169872416	1.12724102	57.4416275	1.32602387	0.24431690667817743	0.150953	0.10534
0.3084	-1.1439	-0.4849	-0.03442661949558815	0.0024015730507441976	-1.0471975511965975e-05	1.10365331	56.23965454	1.49387272	0.22024984694978733	0.150539	0.10468
0.2901	-1.0971	-0.481	-0.03369707186825452	0.002181661564992912	-0.000582939970166106	1.0918951	55.64048386	1.32918984	0.14509635538695292	0.14649	0.10075
0.2856	-1.075	-0.4115	-0.033190926385176164	0.0022549653935766737	-0.0006038839211900379	1.09213066	55.65248871	1.20572612	0.12611966313430242	0.144345	0.09769
0.2909	-1.1441	-0.4286	-0.03178942699582472	0.0024748768793279594	-0.0006632251157578452	1.10156226	56.1330986	1.22323476	0.17553760348352693	0.142805	0.09458
0.2979	-1.1903	-0.4421	-0.03155729820530947	0.0026354471705114374	-0.0007976154681614085	1.08244169	55.15875626	1.16505243	0.09305447170511452	0.143643	0.09542
0.2953	-1.2131	-0.4508	-0.03153460892503355	0.0027890361446869386	-0.0007871434926494425	1.04505968	53.25385666	1.20952833	0.04343751149816948	0.143833	0.0954
0.301	-1.224	-0.4629	-0.03095515961337143	0.002754129559647052	-0.0007435102613495844	1.03043628	52.50868225	1.11653367	0.06159945640009308	0.142861	0.09461
0.2967	-1.1712	-0.4405	-0.030475194069072984	0.003010692959690218	-0.0007487462491055673	1.04335737	53.16711044	1.2010007	0.11658824660487964	0.140028	0.09102
0.2998	-1.174	-0.4322	-0.030691614896320284	0.0033684854563490563	-5.585053606381854e-05	1.04061663	53.02745056	1.12948461	0.0775554518473943	0.141235	0.09148
0.272	-1.3232	-0.5188	-0.03199537584756005	0.0034313173094208515	-1.3962634015954635e-05	1.19570982	60.93064117	1.4691882	0.33402403531797126	0.14921	0.10046
0.2316	-1.4646	-0.5567	-0.033272956860019895	0.0029408797896104456	-0.00039793506945470715	1.17829788	60.04337311	1.9462344	0.32729954838545017	0.156212	0.10861
0.1929	-1.5448	-0.4792	-0.03260798641501006	0.0029862583501622975	-0.00029321531433504735	1.15058851	58.63136673	1.29549652	0.23715343803406735	0.156826	0.10746
0.1935	-1.6163	-0.3954	-0.03144734246243383	0.0033894294073729884	-8.028514559173915e-05	1.16143692	59.18417358	1.64190213	0.2447372589265116	0.158052	0.10536
0.213	-1.7697	-0.3524	-0.031719613825744945	0.006358234465015343	0.0010070549784007281	1.29804468	66.14539337	1.54434671	0.4323208272472968	0.166603	0.11443
0.2138	-1.874	-0.3609	-0.03245788809933855	0.008068657131969784	0.0014172073526193955	1.16426635	59.3283577	1.3319122	0.2565424657383356	0.173881	0.12138
0.2138	-1.9002	-0.3962	-0.032491049355126436	0.008410741665360674	0.0014940018397071458	1.05408335	53.71368408	1.29529333	0.08410201381332617	0.174859	0.12328
0.2124	-1.8732	-0.4049	-0.03214721949248356	0.008274605983705116	0.0014049900478554352	1.05577791	53.80002975	1.33981622	0.06554886680750717	0.172435	0.12084
0.2357	-1.7627	-0.4102	-0.030935960991599492	0.0074019413577079505	0.001439896632895322	1.13666916	57.92206573	1.6139601	0.245041485596056	0.165241	0.11328
0.2911	-1.7565	-0.4501	-0.03027273587584164	0.0065327673902147755	0.0019058995431778078	1.10366738	56.2403717	1.39969804	0.2014200996766756	0.1641	0.11146
0.3145	-1.7885	-0.4956	-0.029841639550599045	0.006391395720803235	0.0021153390534171274	1.07775187	54.9197731	1.22717541	0.1399953752446728	0.16514	0.11233
0.3906	-1.764	-0.5365	-0.029853856855363004	0.00603883921190038	0.0027192229746071652	1.10216153	56.16363907	1.2008349	0.18993288674284256	0.165865	0.11261
0.4698	-1.677	-0.5936	-0.02942799651787639	0.004792674125976429	0.002764601535159018	1.1726228	59.75418091	1.66057675	0.30917019919812094	0.163037	0.10952
0.4812	-1.6417	-0.5923	-0.0283773083081758	0.005335471523346666	0.0026267205242514655	1.0939554	55.74547195	1.24914221	0.13456833089891893	0.160043	0.10706
0.4697	-1.6481	-0.601	-0.027965410604705143	0.00610341639422417	0.0023387411976724015	1.08780015	55.43181229	1.19776206	0.09999109504636122	0.159495	0.10622
0.4435	-1.6373	-0.5846	-0.027761207082221802	0.0063006385996995295	0.0019285888234537342	1.06577265	54.30934143	1.3657826	0.0939789051088683	0.15775	0.10391
0.4129	-1.565	-0.5763	-0.027434830512098867	0.006410594342575173	0.0014381513036433276	1.07705653	54.88434219	1.31643999	0.15753849164044925	0.153388	0.09966
0.4061	-1.5152	-0.5543	-0.026324801107830472	0.006590363255530588	0.0016179202165987434	1.0731883	54.68722916	1.23258409	0.15207836150896115	0.148959	0.09516
0.4034	-1.5861	-0.5614	-0.026253242608498706	0.00659908990179056	0.0016283921921107093	1.07927752	54.99752045	1.30314175	0.08523785605518516	0.151424	0.0974
0.4043	-1.6581	-0.6188	-0.025954791306407675	0.006778858814745977	0.0016964600329384882	1.10252762	56.18229294	1.41043848	0.15761440279371122	0.154427	0.10207
0.378	-1.6666	-0.6556	-0.02506292805863857	0.0070354222147891434	0.001481784534943186	1.08321893	55.19836426	1.19291019	0.1397551072903787	0.15263	0.10026
0.3663	-1.6043	-0.6886	-0.023794073692438692	0.006326818538479445	0.0008918632477691023	1.13761854	57.97044754	1.28270165	0.23536896648418312	0.146746	0.0964
0.4249	-1.5406	-0.7477	-0.02177123708937727	0.006141813637768045	0.0015062191444711063	1.29792702	66.13939667	1.51099796	0.3225098700237415	0.142227	0.08936
0.4369	-1.588	-0.6785	-0.026064747049283316	0.005712462641777441	0.0007417649320975902	1.35614967	69.10629272	1.71953606	0.4029657584135086	0.151521	0.09955
0.3817	-1.7736	-0.3862	-0.027977627909469102	0.003949680097263168	-0.0008377580409572782	1.69441473	86.34350586	2.03697512	0.7958593188877462	0.16164	0.10805
0.3778	-1.8785	-0.4579	-0.026668630970473353	0.004295255289158045	-0.0012793263417118436	1.20456421	61.38184357	1.39537016	0.2853070215822596	0.164404	0.11022
0.3955	-1.9877	-0.5189	-0.026094417646567225	0.005054473513775579	-0.0007696902001294993	1.16764736	59.50064468	1.4003148	0.2800533845053003	0.167779	0.11537
0.4241	-2.0568	-0.5676	-0.02598795256219557	0.005113814708343385	-0.0005550147021341969	1.15550447	58.88187027	1.34225921	0.16542408884673807	0.171821	0.11953
0.4231	-2.0331	-0.5948	-0.02603333112274742	0.005490805826774161	-0.00048171087355043494	1.08891654	55.48870087	1.25667132	0.07668367537831923	0.170453	0.11909
0.4385	-1.9548	-0.5937	-0.025134486557970338	0.005899212871740834	-8.028514559173915e-05	1.09868312	55.98638153	1.62366179	0.1802338668851226	0.165754	0.11309
0.4383	-1.8879	-0.5921	-0.02403667445846591	0.00597426202957659	0.00015533430342749534	1.10068738	56.08852005	1.26036219	0.13912403531797116	0.161063	0.10774
0.4408	-1.9464	-0.5811	-0.024429373540164633	0.005949827420048669	0.0002373647782712288	1.08714831	55.39859772	1.28096208	0.09695820830351891	0.164379	0.11265
0.4534	-2.0578	-0.6233	-0.024621359757884004	0.006133086991508073	0.0006562437987498679	1.13959527	58.07117462	1.40834893	0.20590624048287073	0.170621	0.11955
0.4509	-2.2124	-0.7161	-0.025745351796168357	0.005782275811857213	0.0006684611035138282	1.21849048	62.0914917	1.45211984	0.32425102613495893	0.179851	0.13014
0.431	-2.1712	-0.7486	-0.024513149344260358	0.005932374127528725	0.0006126105674500097	1.08858192	55.47165298	1.1984016	0.16550756518216692	0.175973	0.12564
0.4234	-2.0931	-0.6962	-0.023399629281487977	0.005822418384653083	0.0008150687606813518	1.09338033	55.71616364	1.26535713	0.20939669994396784	0.170834	0.1192
0.4301	-2.1268	-0.7125	-0.023326325452904213	0.005653121447209634	0.0009232791743050004	1.076244	54.84293747	1.21918463	0.0742405589825427	0.171814	0.12103
0.472	-2.1809	-0.7618	-0.02339264796448	0.005408775351930427	0.0009354964790689606	1.12742829	57.45117569	1.28359255	0.16144429558094767	0.175473	0.12541
0.4855	-2.2084	-0.787	-0.022696261592934263	0.006085963101704227	0.0010803588069844899	1.07838821	54.95220184	1.26185464	0.14212182246175356	0.176019	0.12746
0.4791	-2.1387	-0.7478	-0.02233323310851944	0.006197664173831864	0.001155407964820246	1.07597852	54.82941055	1.19818565	0.14278893571891083	0.172147	0.1221
0.4669	-2.1118	-0.7042	-0.021868975527488947	0.00613134166225608	0.0011397000015522971	1.06366253	54.20181656	1.18790028	0.11001440279371127	0.169563	0.11892
0.4715	-2.1966	-0.7089	-0.022041763123436385	0.006194173515327876	0.0013107422682477415	1.08346295	55.21080017	1.26027463	0.11443308578573377	0.174111	0.12442
