trans_x	trans_y	trans_z	rot_x	rot_y	rot_z	dvars_std	dvars_nstd	dvars_vstd	framewise_displacement	aqi	aor
0.0	-0.0	0.0	-0.0	0.0	-0.0	n/a	n/a	n/a	n/a	0.0450332	0.00765
0.0008	-0.0169	0.0259	-0.00027750735106709843	1.9198621771937625e-05	3.4906585039886588e-06	1.06069887	61.17271805	1.00159159	0.05860983156715124	0.0426906	0.00497
0.0004	0.0001	0.0286	-0.00012740903539558605	4.0142572795869576e-05	1.3962634015954635e-05	1.00574279	58.00328827	0.96939393	0.029175712110370514	0.0417291	0.00383
0.0039	0.059	0.0578	-0.000296705972839036	-9.250245035569947e-05	5.759586531581287e-05	1.06599116	61.47793961	1.00047006	0.10887875959474384	0.0404665	0.00307
0.0052	0.08	0.101	-0.00062482787221397	-8.552113334772214e-05	0.0001605702911834783	1.06351006	61.3348465	0.99420566	0.08740388211252885	0.0381325	0.00232
0.008	-0.0026	0.0965	-0.0004380776422505767	-3.839724354387525e-05	0.00017104226669544429	1.02034366	58.84534836	0.99690181	0.10211730476396032	0.0368494	0.00195
0.0073	-0.0833	0.087	-0.00028274333882308137	0.00019198621771937622	0.00019024088846738194	1.03533089	59.70969391	0.98990377	0.11114581932313422	0.037089	0.00204
0.0097	-0.0522	0.0912	-0.0001308996938995747	0.0003001966313430247	0.0002652900463031381	1.03420031	59.6444931	0.97728697	0.054455160819145566	0.0365154	0.00204
0.0103	-0.029	0.0948	-0.00018500490071139895	0.0004363323129985824	0.0002617993877991494	1.01684856	58.64378357	0.97676331	0.03708657734856853	0.036501	0.0018
0.0095	0.0019	0.094	-0.00013788101090755203	0.000466002910282486	0.0002617993877991494	1.04985619	60.54739761	0.98411483	0.03633972435438752	0.0361838	0.00157
0.0085	0.0436	0.1098	-0.00010995574287564276	0.00041538836197465044	0.0002478367537831948	1.01011503	58.25544357	0.9804171	0.06312512251778497	0.0348033	0.00138
0.0088	0.0986	0.1314	-0.0004258603374866164	0.00023212879051524583	0.00023561944901923448	1.04217839	60.10460281	0.9833706	0.10246907354171692	0.0340363	0.00131
0.0129	0.0912	0.1442	-0.0005951572749300663	0.00017104226669544429	0.00027925268031909274	1.02579367	59.15966034	0.98389144	0.03800083462815548	0.0332155	0.00127
0.0198	-0.0066	0.127	-0.00017802358370342162	0.00033335788713091696	0.0004415683007545654	1.04691923	60.37802124	1.00361115	0.15898824660487948	0.0326724	0.00093
0.0244	-0.0267	0.1365	-0.00019547687622336493	0.000932005820564972	0.0004799655442984406	1.01451015	58.50892258	0.9812689	0.06692492347489368	0.0309648	0.00068
0.0249	-0.038	0.1206	-0.00020769418098732522	0.0009529497715889039	0.0005235987755982988	0.98433405	56.76860046	0.95877188	0.03153972435438753	0.0322815	0.00085
0.0125	-0.0235	0.1325	-9.42477796076938e-05	0.0011606439525762293	0.0005532693728822024	1.0354048	59.71395493	0.9831536	0.05634055898254303	0.0312697	0.00063
0.0112	-0.0016	0.1221	-3.4906585039886588e-06	0.0009354964790689606	0.0005026548245743669	1.06525445	61.43545151	0.99332507	0.05192595714594048	0.0319549	0.00085
0.0118	0.0136	0.106	3.665191429188092e-05	0.0007749261878854823	0.0004188790204786391	1.01878691	58.75556564	0.98184064	0.04612443340375377	0.0332548	0.00103
0.0112	0.0702	0.1186	-0.00017627825445142725	0.0005602506898901797	0.0003612831551628262	1.00039506	57.69487	0.97181758	0.09406007660272118	0.0339364	0.00116
0.0126	0.1041	0.1223	-0.0002443460952792061	0.0005759586531581287	0.0003193952531149623	1.02879417	59.33271027	0.98510317	0.0452831853071796	0.0338759	0.00136
0.0305	0.0775	0.1162	6.806784082777885e-05	0.000731292956585624	0.0003211405823669566	0.97562903	56.26656342	0.96751768	0.07407467843932372	0.0336457	0.00102
0.0283	-0.0298	0.1013	0.00022340214425527416	0.0007068583470577034	0.00034208453339088857	1.02900755	59.34501648	0.99797768	0.1344356431989674	0.0339872	0.00112
0.0243	-0.0965	0.083	0.0006824237375297829	0.000778416846389471	0.00035430183815484887	0.98125446	56.59099579	0.97204734	0.11613986986851184	0.0352908	0.00134
0.0216	-0.0896	0.075	0.0006928957130417488	0.0007347836150896127	0.00031415926535897925	1.03285682	59.56700897	0.98792775	0.02231238898038469	0.0356266	0.00139
0.0242	-0.0549	0.0585	0.0008307767239493009	0.0007819075048934597	0.0003717551306747922	1.02170444	58.92382812	0.97421258	0.06593003830136059	0.0370924	0.00163
0.0221	0.0306	0.0776	0.00039968039870670147	0.000577703982410123	0.0003682644721708035	1.06956816	61.68422699	1.00918863	0.1386395253114962	0.036637	0.00168
0.0229	0.1096	0.1284	-3.490658503988659e-05	0.0003874630939427412	0.0004188790204786391	1.10132682	63.51581573	1.01851808	0.16437212102609028	0.0344579	0.00158
0.0279	0.0937	0.1491	5.235987755982989e-05	0.00034208453339088857	0.0004537856055185257	1.0327673	59.56184387	0.98422624	0.04997758040957281	0.0330311	0.00115
0.0265	0.006	0.1435	0.0004433136300065597	0.0006056292504420323	0.0004956735075663896	1.05913937	61.08278275	0.99959798	0.1295193185772869	0.0309621	0.00078
0.0201	0.0146	0.1667	0.0005497787143782138	0.0007347836150896127	0.0004363323129985824	1.07301545	61.88304138	0.9861356	0.05294803217935209	0.0296095	0.00076
0.0184	0.0238	0.1889	0.00046949356878647465	0.0008028514559173916	0.0003822271061867582	1.08497	62.57248688	0.99591548	0.04322290966156713	0.0280123	0.00049
0.0266	0.0572	0.2291	0.00030368728984701333	0.0005288347633542819	0.0003316125578789226	1.09850264	63.35293961	1.00852197	0.1063218759905203	0.0263891	0.00036
0.0239	0.0992	0.3104	-0.00010297442586766544	0.0003700098014227979	0.0002495820830351891	1.06120169	61.20172119	1.00736707	0.15837585762449483	0.0227925	0.00023
0.0224	0.0284	0.3174	2.792526803190927e-05	0.000439822971502571	0.00030368728984701333	1.07037985	61.73104477	1.00758297	0.09204090353955861	0.021779	0.0002
0.0123	-0.0535	0.2761	0.00042760566673861073	0.0007871434926494425	0.0003351032163829112	1.0891726	62.8148613	1.00922971	0.17222084231947354	0.0224282	0.00014
0.0143	-0.0236	0.2746	0.0004677482395344803	0.0007819075048934597	0.00028623399732707005	1.04669523	60.36509705	0.98480093	0.03811238898038467	0.0224233	6e-05
0.0144	0.0072	0.2744	0.0006335545184739417	0.0010716321607245184	0.0003159045946109737	0.98539186	56.8296051	0.95946892	0.055360076602721214	0.0212975	0.0001
0.0181	0.0649	0.362	0.0008063421144213803	0.0013473941825396225	0.00034033920413889426	1.10999596	64.01578522	1.03761148	0.1726492113645232	0.0178026	9e-05
0.0254	0.1202	0.3129	0.0005916666164260777	0.0009756390518648303	0.0003665191429188092	1.07777584	62.15758133	1.02177985	0.14233052837250043	0.0202356	0.00012
0.0252	0.0826	0.2781	0.0006335545184739417	0.0008377580409572782	0.00035081117965086024	1.01894045	58.76442337	0.98466984	0.08237384381116825	0.0221295	0.00012
0.0272	0.0249	0.2513	0.0008063421144213803	0.000705113017805709	0.00028797932657906436	0.99587035	57.43392181	0.97585034	0.10491322360854016	0.0228952	9e-05
0.0235	-0.057	0.2261	0.0009808750396208131	0.000726056968829641	0.00024260076602721178	1.01859796	58.74467468	0.98515029	0.12284277183876088	0.0239539	0.00012
0.0247	-0.0542	0.2052	0.0009686577348568529	0.0006963863715457374	0.00021467549799530252	1.00257039	57.82033157	0.97411417	0.02839065850398865	0.0261338	0.00025
0.028	0.0081	0.191	0.0011013027580084218	0.000778416846389471	0.00019198621771937622	1.03299665	59.57507706	0.99739012	0.09166823891356142	0.0263434	0.00033
0.0303	0.1424	0.2158	0.0013037609512397642	0.0009704030641088471	9.250245035569947e-05	1.13251793	65.31467438	1.05757705	0.1860964089157197	0.0265868	0.00042
0.0457	0.1243	0.2462	0.0014224433403753785	0.0006824237375297829	0.00010821041362364843	1.04171419	60.07783508	0.99951401	0.08501848394913138	0.0262317	0.00041
0.0458	-0.0726	0.2313	0.00091106186954104	0.000731292956585624	0.0002251474735072685	1.17693329	67.87619781	1.1060897	0.24575938748869	0.024798	0.00022
0.0371	-0.1276	0.157	0.00046949356878647465	0.0004991641660703782	0.00027750735106709843	1.09515452	63.15985107	1.03521224	0.17430284844148203	0.0319502	0.00097
0.0363	-0.0592	0.2115	-0.0008395033702092724	0.0006544984694978735	0.000322885911618951	1.15191853	66.43354797	1.07048017	0.19918549014875467	0.0289287	0.00059
0.024	0.1482	0.3072	-0.001403244718603441	0.0011431906600562858	0.0003089232776029963	1.27738583	73.66950989	1.14468278	0.3687198086484268	0.0256328	0.0004
0.0254	0.117	0.3237	-0.0015393804002589986	0.0011676252695842063	0.0003001966313430247	1.02621305	59.18384933	0.9895094	0.0575648468721725	0.0245104	0.00028
0.0281	0.0013	0.2592	-0.0007609635538695277	0.0014276793281313615	0.0004049163864626844	1.10120118	63.50857162	1.02850512	0.24005953300281427	0.0252686	0.0002
0.022	0.0302	0.2281	-0.0004380776422505767	0.0015865042900628454	0.00039968039870670147	1.05494666	60.84097672	0.98324635	0.09044734306532087	0.0273819	0.00034
0.0182	0.1453	0.2735	-0.0009093165402890458	0.001553343034274953	0.0003577924966588376	1.11833239	64.49656677	1.02796635	0.19161440279371128	0.0261025	0.00026
0.0267	0.113	0.2665	-0.0009669124056048585	0.0014922565104551516	0.00041015237421866745	1.01447022	58.50661469	0.97576418	0.05635211333477222	0.026172	0.00022
0.0315	-0.0509	0.2349	-0.0006161012259539982	0.0012950343049797925	0.0003211405823669566	1.09747565	63.29371262	1.05183091	0.23215225884889648	0.0264826	0.00019
0.0251	-0.0986	0.227	-0.0003682644721708035	0.0012479104151759456	0.00017976891295541595	1.02203858	58.94309998	0.97449365	0.08381661564992911	0.0274671	0.00037
0.0183	-0.0492	0.2323	-0.0006544984694978735	0.001048942880448592	0.00011344640137963142	0.97285855	56.10678482	0.95690669	0.08907620218151038	0.0266839	0.00027
0.0164	0.0479	0.2607	-0.0009302604913129776	0.0008412486994612669	8.028514559173915e-05	1.08428121	62.53276062	1.01224315	0.15323087292951604	0.0248146	0.00027
0.017	0.0468	0.2572	-0.0008831366015091308	0.0007086036763096977	0.00014486232791552936	0.99884921	57.60572052	0.9705485	0.01741730476396031	0.0256858	0.00024
0.0195	-0.0286	0.2228	-0.0006667157742618339	0.0007452555906015787	0.0001658062789394613	1.02917826	59.35486221	0.98566403	0.12600083462815545	0.0273808	0.00035
0.0193	0.007	0.2372	-0.0009564404300928925	0.0007155849933176752	9.599310885968811e-05	1.02409184	59.06151199	0.97931823	0.06966042115973677	0.0273821	0.00034
0.0198	0.0186	0.2286	-0.0009756390518648303	0.0007766715171374765	8.726646259971648e-05	0.98173928	56.6189537	0.959505	0.025150589592585534	0.0272495	0.00042
0.0151	0.0451	0.1737	-0.0005654866776461627	0.0007661995416255106	7.155849933176751e-05	1.05014098	60.5638237	0.9861331	0.10791661564992912	0.0320868	0.00079
0.0152	0.1062	0.1964	-0.000619591884457987	0.0005951572749300663	4.886921905584123e-05	1.0412662	60.05199814	0.99488343	0.0962918376891597	0.0321009	0.00074
0.0169	0.0544	0.2261	-0.001408480706359424	0.0005689773361501514	5.4105206811824215e-05	1.02742636	59.25382614	0.98794376	0.12421523742186676	0.0302066	0.00082
0.0186	-0.041	0.1769	-0.0011309733552923255	0.0005916666164260777	-1.2217304763960308e-05	1.04890597	60.49259949	1.01537681	0.16462595714594044	0.0330195	0.00118
0.0195	-0.065	0.1618	-0.0008883725892651138	0.0007400196028455958	-6.9813170079773176e-06	0.99497521	57.38229752	0.96437995	0.05980948701013564	0.0339537	0.00134
0.0228	-0.0148	0.1583	-0.00062482787221397	0.0008377580409572782	9.773843811168246e-05	0.97005188	55.94491959	0.95997152	0.0803001455141243	0.0334224	0.00107
0.0227	-0.0001	0.166	-0.0002617993877991494	0.0009494591130849152	0.0001658062789394613	1.02456474	59.08878708	0.97819341	0.049639869868511835	0.0322434	0.00082
0.023	0.0287	0.1867	-0.00035604716740684323	0.0007661995416255106	0.00014660765716752367	1.02482641	59.10387802	0.97979519	0.06463529864195179	0.0309523	0.0006
0.0269	0.103	0.2145	-0.0006213372137099814	0.0005759586531581287	0.0001308996938995747	1.03079808	59.44827652	0.99269607	0.12956194490192344	0.0305527	0.0006
0.0361	0.0746	0.2589	-0.0006370451769779302	0.0004904375198104066	0.0003577924966588376	0.99393946	57.32256317	0.97674464	0.09840609496874671	0.0275056	0.0003
0.0482	0.0055	0.2683	-0.00020943951023931956	0.0007714355293814937	0.0005462880558742252	0.98732108	56.94086838	0.97287971	0.13545496177625424	0.0249287	0.0002
0.046	-0.01	0.2511	-0.0003159045946109737	0.000736528944341607	0.0005794493116621174	1.01346481	58.4486351	0.96677412	0.043626646259971646	0.0265446	0.0003
0.042	0.002	0.2377	-0.00035430183815484887	0.0007068583470577034	0.0005131268000863328	1.00781929	58.12304306	0.9724963	0.03611951762017816	0.0272872	0.00032
0.0484	0.0281	0.2718	-0.0005480333851262194	0.0008552113334772215	0.0006108652381980154	1.0292325	59.35798645	0.98516425	0.08859114857512852	0.024947	0.00017
0.0476	0.0874	0.3306	-0.0009023352232810684	0.0007539822368615504	0.0006021385919380437	1.01357663	58.45507812	0.99385056	0.1421128790515246	0.0229518	0.00013
0.048	0.0211	0.2903	-0.0007853981633974483	0.0006178465552059926	0.0005445427266222308	0.98869956	57.02036667	0.97443365	0.12253343034274952	0.0232379	0.00014
0.0486	-0.0469	0.2552	-0.0006387905062299246	0.0005864306286700947	0.0005480333851262194	1.01013994	58.2568779	0.97653053	0.11277571211037052	0.0254359	0.00025
0.0493	-0.0189	0.2916	-0.0001361356816555577	0.0006667157742618339	0.0007400196028455958	1.05069804	60.59594727	1.00601588	0.10384630939427417	0.0226494	8e-05
0.0503	0.0127	0.2852	-0.00017802358370342162	0.0008482300164692441	0.0007400196028455958	1.04345143	60.17802048	0.98730308	0.05017010721276373	0.0226079	0.00013
0.0551	0.0303	0.2813	-0.0003473205211468716	0.0007435102613495844	0.0007714355293814937	1.00703466	58.07779312	0.97314009	0.0415716309549504	0.0236273	0.00015
0.0648	0.0676	0.3697	-0.0011833332328521555	0.0012130038301360591	0.001022762941668677	1.05031323	60.57375717	1.02418714	0.21324168463894708	0.0212716	0.00015
0.0628	0.1097	0.4098	-0.0012164944886400475	0.0013683381335635543	0.0009704030641088471	1.03751516	59.83566666	1.01560068	0.0962427718387609	0.0203041	0.00014
0.0663	-0.0513	0.3098	-0.0008220500776893293	0.001075122819228507	0.0009250245035569946	1.14784193	66.19844055	1.0759931	0.3011519142918809	0.0235788	0.00026
0.0663	-0.0365	0.2875	-0.0006649704450098395	0.0009581857593448868	0.0008866272600131194	0.99458808	57.35997009	0.96775027	0.0527206968053493	0.0249834	0.00031
0.0618	-0.0185	0.2976	-0.0003001966313430247	0.0009669124056048585	0.0009040805525330626	1.03241289	59.54140472	0.9801445	0.05214768762233647	0.0244943	0.00035
0.0675	0.0542	0.3788	-0.00016406094968746698	0.000874409955249159	0.0010332349171806431	1.10713959	63.85105515	1.03326913	0.17748962483294192	0.022104	0.00028
0.0648	0.0681	0.346	-0.0006632251157578452	0.0008464846872172499	0.0009878563566287904	1.0224365	58.96604919	0.99197852	0.07802339973270707	0.0233779	0.00039
0.0625	0.0333	0.3087	-0.0004433136300065597	0.000921533845053006	0.0009773843811168245	0.99767661	57.53809357	0.97154166	0.08967163095495036	0.0238525	0.0003
0.0625	-0.0516	0.2896	-0.0004433136300065597	0.000853466004225227	0.0009512044423369096	1.07660794	62.09022903	1.0048427	0.10871238898038464	0.0243954	0.00041
0.0599	-0.07	0.2777	-0.00028274333882308137	0.0008569566627292158	0.0008813912722571365	1.04918504	60.5086937	0.98377521	0.04459370598836204	0.0244027	0.00024
0.058	-0.0437	0.2866	-0.00035081117965086024	0.0008656833089891874	0.0008412486994612669	1.07535911	62.01820755	0.99338488	0.04294685299418103	0.0231803	0.00016
0.0589	-0.0013	0.2834	-0.00016231562043547262	0.0008813912722571365	0.0008185594191853405	1.03032422	59.42094803	0.97829867	0.05784464013796319	0.0227566	0.00016
0.0547	0.1024	0.2994	-0.00031415926535897925	0.0011274826967883368	0.0009285151620609833	1.10690534	63.83754349	1.01033929	0.14929454061651748	0.0226552	0.00024
0.0496	0.1092	0.2939	-0.00037350045992678646	0.001504473815219112	0.0008115781021773631	1.04939139	60.52059174	0.99869146	0.04506346864411013	0.0227174	0.00021
0.0501	0.0184	0.2577	-9.599310885968811e-05	0.0015917402778188286	0.0007801621756414653	1.02172863	58.9252243	1.00118368	0.14730948701013563	0.0228702	0.00019
0.0491	-0.1028	0.2453	6.283185307179586e-05	0.0016493361431346415	0.0006806784082777885	1.01124489	58.32060623	0.99146943	0.15039522973054867	0.023157	0.00012
0.0523	-0.115	0.2471	0.00014137166941154068	0.0015655603390389136	0.0007016223593017205	0.92168498	53.1554985	0.94039643	0.026362978572970232	0.0228143	0.00011
0.0529	-0.0758	0.2656	-7.330382858376184e-05	0.0015865042900628454	0.0007016223593017205	1.0554986	60.87281036	0.9968621	0.07008097245096173	0.0215639	0.00011
0.0538	0.0165	0.2733	-0.0002600540585471551	0.001452113937659282	0.0006475171524898963	1.06234145	61.26744843	1.01121974	0.11966228945893904	0.0210118	0.00012
0.0532	0.1201	0.291	-0.0005969026041820607	0.0014765485471872027	0.000661479786505851	1.02277601	58.98562622	0.98773119	0.14066228945893905	0.0218157	0.00012
0.0546	0.0656	0.2865	-0.000466002910282486	0.001239183768915974	0.0006859143960337716	1.00371599	57.8863945	0.9761691	0.08003495408493619	0.0211313	0.00013
0.0559	-0.006	0.2759	-0.00020594885173533088	0.0012217304763960308	0.0006963863715457374	1.01483953	58.52791214	0.98250343	0.0978989663289532	0.0215641	0.00014
0.0542	0.0003	0.3121	0.00017627825445142725	0.0011344640137963143	0.0007243116395776468	1.07392025	61.93522644	0.99485051	0.06907094184091919	0.0195011	8e-05
0.0541	0.0301	0.3445	0.0005218534463463045	0.0016632987771505957	0.0007661995416255106	1.04333127	60.17109299	0.9874488	0.10811489286485108	0.0174083	6e-05
0.0583	0.021	0.3914	0.00048171087355043494	0.002141518992197042	0.0009389871375729493	1.04090428	60.03112411	0.97842314	0.09475751918948777	0.0156282	0.00012
0.0601	0.0856	0.493	-0.00017976891295541595	0.002106612407157156	0.0009651670763528643	1.13493216	65.45391083	1.03983442	0.20412831551628252	0.0147427	9e-05
0.0593	0.0802	0.5442	-0.00037350045992678646	0.002361430477948328	0.0010349802464326373	1.07898021	62.22703934	0.99639207	0.08331813939211581	0.0140109	6e-05
0.0611	-0.0262	0.5146	4.363323129985824e-05	0.0026389378290154262	0.0010576695267085637	1.06251788	61.27762604	1.01005049	0.17366651612848355	0.0125376	3e-05
0.0565	-0.0629	0.4725	0.00048520153205442357	0.002595304597715568	0.001090830782496456	1.00430179	57.92018127	0.96569569	0.10931813939211577	0.0131572	4e-05
0.0561	-0.0165	0.4751	0.0004886921905584122	0.002647664475275398	0.0011222467090323538	1.04236031	60.11509705	0.9827408	0.05376332312998587	0.0135883	3e-05
0.0561	0.0512	0.5567	0.0002251474735072685	0.002570869988187647	0.0010838494654884787	1.1086067	63.93566513	1.02301357	0.16823682238413845	0.0133908	5e-05
0.0545	0.0832	0.5585	0.00013439035240356338	0.0028571039855147177	0.0010402162341886204	0.99906439	57.61812973	0.97541558	0.05643121748653172	0.0130314	4e-05
0.0556	-0.0236	0.4887	0.0004415683007545654	0.0027855454861829498	0.001054178868204575	1.04131699	60.05492783	1.00270814	0.1973349540849362	0.0123357	2e-05
0.0611	-0.0065	0.4642	0.00027750735106709843	0.0026110125609835172	0.0010803588069844899	1.03519154	59.70165634	0.97625429	0.06533869068334074	0.0136711	7e-05
0.0432	0.0114	0.4385	0.0006597344572538566	0.0033964107243809652	0.001059414855960558	1.04229832	60.11151886	0.99266246	0.12092846103040691	0.0131317	5e-05
0.049	0.0572	0.5051	0.0006998770300497262	0.003771656513559746	0.001090830782496456	1.07066381	61.74742126	1.00960938	0.1405402144255274	0.0120136	3e-05
0.0605	0.1079	0.5471	0.0005078908123303499	0.004129449010218584	0.0012147491593880533	0.99313009	57.27588654	0.97107502	0.1378848545634906	0.0127466	7e-05
0.077	0.0956	0.6232	0.0006213372137099814	0.0044820055191214375	0.0014556045961632708	1.02865887	59.3249054	0.99304354	0.14024291735288505	0.0134051	6e-05
0.0928	-0.0068	0.6168	0.000752236907609556	0.004834562028024293	0.0015969762655748114	1.08360207	62.49359512	1.02610568	0.1558413936106985	0.0128584	4e-05
0.0863	-0.0668	0.5168	0.000445058959258554	0.00434586983746588	0.0014782938764391971	1.12340212	64.78894806	1.04067942	0.2122276264022514	0.0120215	9e-05
0.0877	-0.0484	0.4845	0.00021118483949131387	0.00415213829049451	0.0014172073526193955	1.03425527	59.64766312	0.9861375	0.07653460952792063	0.0128613	4e-05
0.0861	-0.0353	0.451	0.00020420352248333657	0.0038851029149393774	0.001350884841043611	1.02162337	58.91915131	0.96538122	0.0652169602069447	0.0143006	8e-05
0.0794	-0.0096	0.4224	0.0004537856055185257	0.0036093408931242737	0.001335176877775662	1.06187654	61.24063492	0.99252038	0.0880526034059121	0.0144836	7e-05
0.0829	0.0597	0.433	0.000153588974175501	0.003506366467256608	0.0012932889757277981	1.0852319	62.58759308	0.99957853	0.1056529479629277	0.014844	0.0001
0.0816	0.0749	0.4289	-3.665191429188092e-05	0.0034627332359567498	0.001322959573011702	0.98978055	57.08271027	0.96798294	0.03377723585255717	0.0148066	4e-05
0.0861	0.0308	0.3767	0.0003595378259108319	0.0032969269570172887	0.0013945180723434693	1.00522351	57.97333908	0.97557551	0.13247772592369708	0.0159385	7e-05
0.089	-0.0839	0.2679	0.000645771823237902	0.002717477645355171	0.0014556045961632708	1.15703869	66.72883606	1.07606493	0.2727384916404494	0.0209436	0.00014
0.0873	-0.0544	0.2955	0.00091106186954104	0.0027157323161031764	0.0013927727430914749	1.04728794	60.39928436	1.00476007	0.07529336143134636	0.0192857	0.0001
0.0835	-0.002	0.339	0.0005637413483941684	0.0029059732045705585	0.0012950343049797925	1.05422294	60.7992363	0.98708122	0.13146499238629683	0.01687	0.0001
0.0864	0.0601	0.3398	0.0006806784082777885	0.002921681167838507	0.001228711793404008	1.01905072	58.77078247	0.9811251	0.07574837673636765	0.0173806	0.00011
0.0909	0.0806	0.3274	0.0010070549784007281	0.003239331091701475	0.0012461650859239514	0.99164766	57.19039154	0.9639291	0.0704739893252925	0.0187514	8e-05
0.0894	0.0228	0.284	0.001282817000215832	0.0030578168494940655	0.0012636183784438947	1.00712967	58.08327103	0.97464254	0.1264364778271229	0.0205113	9e-05
0.0853	-0.0865	0.2261	0.0016109388995907662	0.002897246558310587	0.00119729586686811	1.07982445	62.27573013	1.01928977	0.1990507351067098	0.0233887	0.00015
0.0836	-0.0583	0.2591	0.0007592182246175333	0.0028187067419708422	0.0010768681484805013	1.01818669	58.7209549	0.97721594	0.11543441048502932	0.0204723	0.00011
0.0832	0.0427	0.2883	0.000905825881785057	0.002844886680750757	0.0010559241974565693	1.09402478	63.09469604	1.01688713	0.1402865773485685	0.0186948	0.0001
0.0822	0.1157	0.3373	9.948376736367679e-05	0.002874557278034661	0.0009913470151327792	1.02415419	59.06511307	0.98737527	0.1680294947014537	0.0176312	0.0001
0.084	0.0334	0.3225	0.00037350045992678646	0.0030124382889422127	0.001064650843716541	1.00593102	58.01414108	0.97996835	0.12316007660272112	0.0169523	8e-05
0.0903	-0.0367	0.2834	0.0006475171524898963	0.0031328660073298214	0.001186823891356144	1.01655245	58.62670135	0.98392219	0.14133087292951607	0.0188106	3e-05
0.1105	-0.029	0.2625	4.363323129985824e-05	0.0032602750427254074	0.0013491395117916165	1.03774929	59.84916687	0.99379044	0.09348042885105479	0.0240564	0.00021
0.1066	0.0969	0.3111	-0.0	0.002967059728390361	0.001192059879112127	1.12103462	64.65240479	1.04652136	0.20309640891571967	0.0211486	0.00014
0.1155	0.0319	0.3258	3.665191429188092e-05	0.0030421088862261168	0.0013596114873035826	1.01953566	58.79874802	1.0000317	0.10256263401595463	0.0222054	0.00023
0.0976	-0.0887	0.3141	-4.18879020478639e-05	0.002879793265790644	0.0011047934165124105	1.02313507	59.00633621	1.00851699	0.1749836753783195	0.0232563	0.00022
0.0821	-0.08	0.3241	0.0006719517620178169	0.0029024825460665696	0.001054178868204575	0.95784003	55.24063492	0.9695739	0.07355717463247209	0.0204818	0.00015
0.0751	-0.0322	0.2768	0.0014346606451393388	0.0026930430358272505	0.0009040805525330626	1.00125778	57.74462509	1.01223448	0.15821233545161767	0.02485	0.00021
0.0384	-0.0019	0.1888	0.0022741640153486112	0.002764601535159018	0.0004921828490624009	1.12418389	64.83403015	1.11263316	0.22114797865058508	0.0280427	0.00066
0.0509	0.0766	0.2716	0.0011013027580084218	0.003963642731279122	0.0009843656981248017	1.12700617	64.99680328	1.10755008	0.3170042651261348	0.0237378	0.00032
0.062	0.1606	0.4113	0.00062482787221397	0.0037384952577718534	0.0010559241974565693	1.14635384	66.11261749	1.10330768	0.2734590429316744	0.0196787	0.00027
0.0794	0.1089	0.4249	0.0005707226654021458	0.003886848244191372	0.0012897983172238095	1.05246675	60.69795609	1.01727225	0.10451661564992915	0.0171783	0.00013
0.0883	-0.0929	0.3545	0.001155407964820246	0.00449073216538141	0.0013700834628155487	1.14850044	66.23641968	1.09960588	0.34454271830999394	0.0176188	4e-05
0.0878	-0.1079	0.3471	0.0014364059743913332	0.00451516677490933	0.0012775810124598492	0.93476588	53.90990067	0.93756986	0.04279675347273533	0.0178771	8e-05
0.0876	-0.0491	0.3504	0.0012426744274199627	0.0040945424251786966	0.0012479104151759456	0.94075996	54.25559235	0.95298032	0.09450132469929537	0.0175351	0.00012
0.0973	0.0386	0.3781	0.0007801621756414653	0.003530801076784529	0.0014887658519511632	1.01191914	58.35948944	0.98238046	0.18845545184739407	0.016598	4e-05
0.0929	0.0054	0.3539	0.0007871434926494425	0.0035116024550125905	0.001562069680534925	0.97143513	56.02469254	0.95349778	0.06677418836818387	0.0175003	0.00018
0.0978	-0.1222	0.326	0.0006824237375297829	0.003178244567881674	0.0015760323145508795	0.99204642	57.21339035	0.98686932	0.18300201381332648	0.0195656	8e-05
0.0975	-0.1051	0.3023	0.001090830782496456	0.0034400439556808234	0.0015463617172669759	0.92730772	53.47977448	0.93629446	0.07609385150248629	0.0207417	8e-05
0.1008	-0.0315	0.3068	0.0009965830028887623	0.0030124382889422127	0.0014852751934471744	0.99036205	57.11624908	0.9754483	0.11054699850830528	0.0205051	8e-05
0.096	0.089	0.3701	-0.00016929693744344995	0.0031049407392979124	0.0013142329267517303	1.06505644	61.42402649	1.02794695	0.26007123286916767	0.0185365	0.00011
0.065	0.0617	0.3384	-0.000736528944341607	0.0030176742766981957	0.000890117918517108	0.98963428	57.07427597	0.99250166	0.14393067388662478	0.0197043	0.00012
0.0721	-0.0567	0.2779	4.363323129985824e-05	0.0023771384412162766	0.0009424777960769379	1.00747859	58.10339737	1.00599923	0.2596528944341608	0.022171	9e-05
0.0745	-0.0504	0.2759	-9.42477796076938e-05	0.0024731315500759648	0.0010419615634406148	0.91648346	52.85551453	0.94184436	0.02736789435654585	0.0223194	9e-05
0.0828	-0.0228	0.2904	-0.00038571776469074686	0.0023387411976724015	0.0010611601852125523	0.92059183	53.092453	0.94755953	0.07265294796292769	0.022249	0.00012
0.0768	0.0494	0.3067	-0.0002670353755551324	0.0029077185338225527	0.0010890854532444615	0.93757647	54.07199478	0.96190003	0.13027924966588372	0.0204428	0.00011
0.082	0.0881	0.343	-0.00015533430342749534	0.0031555552876057474	0.0011606439525762293	0.93088216	53.6859169	0.94813544	0.10175481626213004	0.0179846	0.00013
0.0825	-0.0193	0.3316	-0.0002617993877991494	0.002754129559647052	0.0012130038301360591	0.95820874	55.26189804	0.97099098	0.14731253449450898	0.0175684	9e-05
0.0754	-0.1553	0.2878	0.00023387411976724014	0.00249931148885588	0.001129228026040331	1.02588177	59.16474533	1.00848498	0.22861336912266447	0.0213331	0.00011
0.0713	-0.1238	0.2914	6.45771823237902e-05	0.0023160519173964756	0.0009861110273767962	0.89944065	51.87261963	0.93023736	0.06398367537831945	0.0215625	0.00012
0.0689	-0.0773	0.3014	-0.0002443460952792061	0.00214850030920502	0.0009389871375729493	0.97456086	56.20495987	0.96041894	0.08507993877991495	0.0200335	9e-05
0.0652	-0.0276	0.3174	-0.0007749261878854823	0.0019460421159736775	0.0009599310885968812	1.07287729	61.87507248	0.99639699	0.10709911184307752	0.0203435	0.00016
0.0704	0.0453	0.3356	-0.0012252211349000194	0.0017226399717184032	0.000926769832808989	1.03386056	59.62490082	0.99244437	0.1316429173528852	0.0204142	0.00012
0.0625	0.0944	0.3696	-0.0013927727430914749	0.001748819910498318	0.0009459684545809266	1.01645052	58.62082291	0.97615915	0.10164650843716536	0.0195317	0.00016
0.0604	0.005	0.3731	-0.0011780972450961724	0.0017331119472303693	0.0009791297103688187	1.04988742	60.54919815	1.00453387	0.10817723585255716	0.0188347	0.00019
0.0537	-0.0264	0.4028	-0.000291469985083053	0.0019146261894377795	0.0009546951008408983	1.04147649	60.06412506	0.99899089	0.12242880558742247	0.0163906	8e-05
0.0566	-0.0116	0.4091	0.00017802358370342162	0.0027157323161031764	0.0011641346110802177	1.06386459	61.35528946	0.99642391	0.09800196028455957	0.0155558	8e-05
0.0639	-0.0039	0.4606	0.0008604473212332044	0.0037000980142279784	0.001446877949903299	1.06603408	61.48041153	1.00471984	0.16397663872388327	0.0134264	7e-05
0.0737	0.0302	0.5431	0.000661479786505851	0.003502875808752619	0.0015655603390389136	1.04459643	60.24406052	1.00556855	0.15214360646691638	0.012394	7e-05
0.0894	0.0723	0.6207	4.0142572795869576e-05	0.003771656513559746	0.0018360863730980347	1.07946205	62.25482941	1.02093819	0.19343219762881145	0.01332	8e-05
0.0854	-0.0411	0.5511	0.00012740903539558605	0.00352731041828054	0.0018325957145940458	1.06878591	61.63911819	1.02167276	0.2037551608191456	0.0128734	4e-05
0.0707	-0.0722	0.5355	0.0006684611035138282	0.00447851486061745	0.0018483036778619948	1.04522622	60.28038025	0.99038655	0.13679822368615513	0.0120827	5e-05
0.0711	-0.0201	0.5664	0.0008447393579652555	0.004810127418496373	0.0018936822384138475	1.02572894	59.15593338	0.98010985	0.11106346864411017	0.0114986	7e-05
0.0728	-0.0083	0.5598	0.0007435102613495844	0.0050073496239717305	0.0019617500792416262	0.99971408	57.65559769	0.96375689	0.038425957145940416	0.0122717	5e-05
0.0828	0.055	0.6075	0.0003298672286269283	0.004609414554517024	0.0019373154697137059	1.06627178	61.49411774	1.01461078	0.1628006355852642	0.0126103	6e-05
0.0777	0.0758	0.5466	9.250245035569947e-05	0.004136430327226561	0.0019216075064457567	1.06803691	61.59592056	1.00457958	0.12310284844148214	0.0127777	8e-05
0.0776	0.0228	0.5308	-0.0004921828490624009	0.004113741046950634	0.0018762289458939042	1.00719941	58.08729553	0.98098906	0.10153765701229392	0.012202	3e-05
0.0787	-0.1009	0.4712	-1.2217304763960308e-05	0.003949680097263168	0.0019163715186897737	1.06521142	61.43296814	1.01011142	0.21860845333908888	0.0139435	5e-05
0.0743	-0.096	0.4678	0.00019896753472735358	0.003829252378875559	0.0018291050560900572	1.03367281	59.61406708	0.98052453	0.033643951023931966	0.0148802	0.00015
0.0736	-0.0438	0.4897	0.0006544984694978735	0.003939208121751202	0.0017505652397503124	1.05571818	60.88547516	0.99931345	0.1070013246992954	0.0145375	0.00014
0.0757	-0.0178	0.4957	0.0008970992355250854	0.004600687908257053	0.0018325957145940458	1.06615508	61.48738861	0.99333251	0.08340555136883977	0.0145691	9e-05
0.0755	0.0303	0.5919	0.000900589894029074	0.005176646561415181	0.0018325957145940458	1.08301985	62.46001816	1.02028125	0.17347246558310583	0.0155049	9e-05
0.0802	0.1375	0.7339	0.0005742133239061344	0.005234242426730994	0.0017662732030182616	1.18411183	68.29019928	1.09148645	0.27641474735072685	0.0194718	0.00014
0.0826	0.1047	0.7306	0.00013264502315156904	0.005372123437638546	0.0018657569703819383	1.06201899	61.24885178	0.99479495	0.07244665395128971	0.0186013	0.00012
0.0869	-0.0356	0.6861	0.000486946861306418	0.00544193660771832	0.001932079481957723	1.09894443	63.37841797	1.034026	0.21362187599052035	0.0156894	5e-05
0.0825	-0.0827	0.666	0.0007941248096574199	0.005756095873077299	0.0018744836166419098	1.04448307	60.23751831	0.97629248	0.1055466539512897	0.0148742	5e-05
0.0728	-0.0515	0.7727	0.0005951572749300663	0.007204719152232592	0.0019425514574696887	1.15926659	66.85732269	1.05983618	0.23338293273552127	0.0185857	0.00011
0.0765	0.0569	0.7577	0.0005462880558742252	0.0063721970990312975	0.0018360863730980347	1.19062674	68.6659317	1.0897382	0.17649281783143947	0.0168815	0.0001
0.076	-0.0011	0.6953	0.0004886921905584122	0.005806710421385134	0.001864011641129944	1.09755182	63.29810333	1.02027904	0.15345039054969428	0.0149626	5e-05
0.0786	0.0022	0.671	0.00031415926535897925	0.005777039824101231	0.0018867009214058703	0.99265844	57.24868393	0.95933967	0.04154464013796311	0.0142756	2e-05
0.0805	-0.0883	0.6224	0.0004939281783143952	0.0054768431927582064	0.0019285888234537342	1.03915894	59.93046951	0.98998058	0.1670926723173153	0.0136946	0.00012
0.0785	-0.1207	0.6159	0.0005201081170943102	0.005373868766890541	0.0018552849948699724	1.06862009	61.62955475	0.98515143	0.051022909661567056	0.0141829	3e-05
0.0769	-0.0783	0.5619	0.0011990411961201044	0.0050073496239717305	0.0018849555921538759	1.07136524	61.78787231	0.9965819	0.15175614096142545	0.0137892	7e-05
0.0856	0.0301	0.5273	0.0011938052083641214	0.004759512870188536	0.0019111355309337906	1.09226608	62.99326706	1.02523123	0.16566263401595455	0.0147739	7e-05
0.0873	0.1122	0.5437	0.00029845130209103034	0.004338888520457902	0.0019303341527057286	1.02482784	59.10396194	0.9953328	0.16695884388878313	0.0159324	8e-05
0.1014	0.093	0.4665	0.000317649923862968	0.0038083084278516272	0.00214850030920502	1.01671517	58.63608551	0.98918084	0.14889724354387515	0.0171239	0.00014
0.0976	-0.0335	0.4143	0.0002600540585471551	0.003897320219703338	0.0019530234329816546	1.05747247	60.98664474	1.02432564	0.19960422666954447	0.0162434	0.00013
0.0885	-0.1785	0.3501	0.0007976154681614085	0.003975860036043083	0.0017348572764823637	1.09155416	62.95220947	1.04870191	0.2600133691226644	0.0179954	0.0001
0.0838	-0.1825	0.3509	0.0010803588069844899	0.0033667401270970616	0.0013805554383275148	0.98501587	56.80792236	0.96752696	0.07180825429619755	0.0182289	6e-05
0.0848	-0.0893	0.3913	0.0006003932626860494	0.0033178709080412204	0.0012217304763960308	1.08236945	62.42250824	1.02131373	0.1689829862642883	0.0154713	0.00019
0.0796	0.1466	0.535	-0.00028099800957108706	0.003757693879543791	0.0007661995416255106	1.36741471	78.86166382	1.21818052	0.4736372589265114	0.0166362	0.00014
0.0614	0.0473	0.4358	0.0005183627878423159	0.004258603374866164	0.0005899212871740833	1.14859343	66.24178314	1.07940775	0.2905274273593601	0.0158318	0.0002
0.0569	-0.0449	0.4017	0.001181587903600161	0.004049163864626845	0.0005759586531581287	1.03651071	59.77773666	1.00891012	0.175131363000656	0.0157197	8e-05
0.0243	-0.031	0.3973	0.0010733774899765126	0.0034644785652087444	0.0005707226654021458	0.95797038	55.24815369	0.95808846	0.0858065850398866	0.0155823	5e-05
0.0075	-0.0083	0.2875	0.002494075501099897	0.0027419122548830916	0.000312413936106985	1.09232104	62.99643326	1.06525307	0.26937865253720994	0.0207652	0.00037
-0.0136	0.02	0.2877	0.0015498523757709647	0.002251474735072685	7.330382858376184e-05	1.02945244	59.37067413	1.019908	0.13328853763312815	0.0212691	0.00024
-0.0139	0.0389	0.3047	0.0011711159280881952	0.00231779724664847	0.00014486232791552936	0.95015377	54.79735184	0.96100658	0.06203087292951611	0.0198873	0.00017
-0.0109	0.0157	0.3103	0.001270599695451872	0.002371902453460294	0.00017278759594743863	0.91960365	53.03546143	0.93788344	0.0408757121103705	0.0196423	0.00017
-0.003	0.0648	0.3629	0.0007504915783575615	0.0022898719786165604	0.00015533430342749534	0.97152871	56.03009033	0.9720928	0.14057959422289934	0.018167	0.0002
-0.0033	-0.0278	0.3576	0.000900589894029074	0.0021572269554649913	0.00017802358370342162	1.00191307	57.78242111	0.98478264	0.1134716309549504	0.0186896	0.00022
-0.0081	-0.1363	0.344	0.0012932889757277981	0.002235766771804736	0.0001308996938995747	1.04084837	60.0279007	0.99969509	0.1528181393921158	0.020556	0.00013
-0.0161	-0.1187	0.341	0.0010384709049366262	0.002209586833024821	7.155849933176751e-05	0.96899575	55.88401031	0.95631139	0.04561696020694466	0.0211107	0.00012
-0.0217	-0.0629	0.3519	0.0008848819307611251	0.0022497294058206906	2.96705972839036e-05	1.06094408	61.18686295	0.98357023	0.0840809724509617	0.02167	0.00017
-0.0258	-0.0145	0.3653	0.0005393067388662478	0.002097885760897184	-1.5707963267948964e-05	1.03458512	59.6666832	0.98028488	0.09303986986851184	0.0218045	0.0002
-0.0255	0.0753	0.4027	0.00027925268031909274	0.001801179788058148	-8.203047484373349e-05	1.04843688	60.46554565	1.00299127	0.15865412714809876	0.022442	0.00032
-0.0264	0.1197	0.4422	0.00013962634015954637	0.001647590813882647	-0.00010995574287564276	1.0017885	57.77523804	0.98012541	0.1008570291183478	0.0233075	0.00029
-0.0225	0.017	0.4278	9.250245035569947e-05	0.0016004669240788003	-8.028514559173915e-05	1.00206625	57.79125214	0.98992464	0.12719591884457984	0.0214876	0.00016
-0.0205	-0.0735	0.412	0.00018151424220741024	0.0019041542139258136	-5.061454830783555e-05	0.99384922	57.31735992	0.9821777	0.1294184839491314	0.0220568	0.0001
-0.0266	-0.0359	0.4213	0.0001186823891356144	0.0021153390534171274	-2.96705972839036e-05	0.92312646	53.2386322	0.94466699	0.0677480321793521	0.0210742	9e-05
-0.0317	-0.0208	0.4299	0.00017278759594743863	0.0022549653935766737	5.93411945678072e-05	0.93836623	54.11754227	0.95178024	0.04293716694115406	0.0194595	0.00015
-0.0327	-0.0117	0.4308	0.0003106686068549907	0.002530727415391778	9.42477796076938e-05	1.01219726	58.37553024	0.98373472	0.03342748088812715	0.0176761	9e-05
-0.023	0.0103	0.477	0.0005462880558742252	0.0037646751965517687	0.0003612831551628262	1.0602386	61.14617157	1.00817063	0.16473013028671785	0.0147094	8e-05
-0.0059	0.08	0.5895	0.00017278759594743863	0.00408756110817072	0.0005305800926062762	1.05848849	61.04524231	1.02568531	0.2425841654494594	0.0137481	5e-05
0.0016	0.086	0.6278	7.155849933176751e-05	0.004255112716362175	0.0006876597252857658	0.97372597	56.15681076	0.96357409	0.07309301687433077	0.0131032	4e-05
0.0037	-0.0266	0.5836	0.00041713369122664475	0.004194026192542374	0.0007539822368615504	1.04837048	60.46171188	1.00371132	0.18254921136452312	0.0120177	3e-05
-0.0003	-0.0543	0.5613	0.0005899212871740833	0.004396484385773717	0.0007016223593017205	1.01553047	58.56776428	0.97583902	0.07538028333693053	0.0119949	8e-05
-0.002	-0.0338	0.5429	0.0007016223593017205	0.004663519761328848	0.0006492624817418905	1.0431211	60.15897369	0.97954626	0.06215481626212988	0.0117108	3e-05
-0.0081	-0.0187	0.5284	0.0006073745796940267	0.004595451920501069	0.0006003932626860494	0.99808162	57.56145096	0.96327366	0.046259241974565754	0.0109921	3e-05
-0.0085	0.006	0.5183	0.0002530727415391778	0.004239404753094226	0.0005637413483941684	1.02855396	59.31885529	0.97101275	0.07255004599267861	0.0114213	5e-05
-0.0041	0.0667	0.5679	-0.0003316125578789226	0.004359832471481835	0.0006335545184739417	1.04646313	60.35171127	0.99668134	0.1534463093942741	0.0117406	4e-05
0.0015	0.0543	0.611	-0.0006300638599699529	0.004783947479716458	0.000661479786505851	1.04797542	60.43893051	0.99853435	0.09862457891787817	0.01107	7e-05
0.0031	-0.0378	0.5593	-3.490658503988659e-05	0.0042324234360862495	0.0006684611035138282	1.04945135	60.52405167	1.00914183	0.20308313177841256	0.00961447	3e-05
0.0026	-0.0585	0.5431	4.537856055185256e-05	0.004221951460574283	0.0006073745796940267	1.01447904	58.50712585	0.97530618	0.044992182246175336	0.0105589	4e-05
0.0041	-0.039	0.5049	1.7453292519943296e-05	0.0038606683054114572	0.0007347836150896127	1.01055527	58.2808342	0.97902033	0.0850308729295161	0.0119352	4e-05
0.0046	-0.0208	0.4461	0.0002583087292951608	0.003455751918948773	0.0007958701389094143	1.02406764	59.06011963	0.99419223	0.11284291735288518	0.0130452	6e-05
0.0061	0.0577	0.4594	9.250245035569947e-05	0.003295181627765294	0.0007452555906015787	1.05931711	61.09302902	1.00296079	0.11214955592153876	0.0140918	0.0001
0.0095	0.0717	0.4961	0.0003089232776029963	0.0032847096522533284	0.0007993607974134029	1.02721643	59.24171448	0.98340625	0.06814990047855433	0.0144876	7e-05
0.007	-0.0419	0.4965	0.00062482787221397	0.0037053340019839614	0.0007976154681614085	1.0502851	60.57213211	1.00496575	0.15341371367968004	0.0137806	0.0001
0.0147	-0.0387	0.5498	0.0012269664641520136	0.004136430327226561	0.000879645943005142	1.0565064	60.93092728	0.98989758	0.1199632696012188	0.0141926	9e-05
0.0125	-0.0322	0.522	0.0011082840750163993	0.003975860036043083	0.0008395033702092724	1.08356977	62.49172974	0.99571606	0.05246976265574802	0.0138561	7e-05
0.0097	-0.0294	0.5155	0.001308996938995747	0.00404741853537485	0.000804596785169386	1.08070004	62.32622528	0.98424597	0.027458897417550122	0.0131388	5e-05
0.0158	0.0038	0.56	0.0013631021458075715	0.004562290664713178	0.0008203047484373349	1.0470295	60.38438034	0.97611234	0.11303426497090514	0.0128728	6e-05
0.0222	0.0812	0.6306	0.0009232791743050004	0.004574507969477138	0.0008237954069413235	1.1103698	64.03734589	1.02358067	0.17717654673852595	0.0143939	8e-05
0.0254	0.0557	0.6438	0.0007173303225696694	0.004651302456564888	0.0008883725892651138	1.08833885	62.76677704	0.99182701	0.05926602605734355	0.0137064	0.0001
0.0355	-0.0411	0.6424	0.0012671090369478833	0.005632177496185701	0.0010088003076527223	1.05751944	60.98935318	1.00706025	0.19085407361933185	0.0118399	5e-05
0.0231	-0.0848	0.6238	0.0013648474750595659	0.005843362335677014	0.0009040805525330626	1.02336204	59.01942825	0.96880789	0.0953821516361327	0.0109951	3e-05
0.0188	-0.0504	0.6131	0.0012304571226560022	0.005448917924726297	0.0008499753457212384	1.04340971	60.17561722	0.97433164	0.07854699850830531	0.0110248	3e-05
0.0151	-0.0359	0.5942	0.0011152653920243766	0.005171410573659199	0.0008395033702092724	1.04696512	60.38066864	0.97259416	0.0572585528605345	0.0110236	4e-05
0.0263	0.0081	0.6507	0.001117010721276371	0.004927064478379992	0.0008691739674931761	1.06288803	61.29896927	1.00003575	0.12548810109075523	0.0114781	5e-05
0.0318	0.1012	0.7075	0.0010122909661567112	0.004914847173616032	0.0008656833089891874	1.0436945	60.19203949	1.0029228	0.16142138591938052	0.013599	5e-05
0.04	0.0606	0.7477	0.000874409955249159	0.005508259119294104	0.00102799892942466	1.01458061	58.51298141	0.97728898	0.13368042885105483	0.0143143	6e-05
0.0407	-0.0375	0.7003	0.0008290313946973065	0.005298819609054784	0.0009704030641088471	1.0745821	61.97339249	1.01581966	0.16182069680534927	0.0126398	5e-05
0.0335	-0.0646	0.6557	0.000853466004225227	0.005164429256651221	0.0008813912722571365	1.03585052	59.73966599	0.9864431	0.09129183768915976	0.0115399	8e-05
0.0306	-0.0471	0.622	0.001481784534943186	0.005445427266222308	0.0006318091892219474	1.05021107	60.56786346	0.98640525	0.11204493116621173	0.0111842	3e-05
0.0336	-0.001	0.6108	0.0008220500776893293	0.005541420375081997	0.0005567600313861911	1.0134877	58.44995117	0.97744771	0.10183883619746506	0.0118461	5e-05
0.0268	0.0477	0.6015	0.00024085543677521747	0.005834635689417044	0.000731292956585624	1.04960036	60.53264618	0.99130671	0.11724714402242956	0.0136827	8e-05
0.0199	0.0644	0.5771	0.00016231562043547262	0.0057246799465414016	0.0008028514559173916	1.01622736	58.60795593	0.98042807	0.06100270292735781	0.015723	3e-05
0.0193	-0.0421	0.5398	0.00035430183815484887	0.005480333851262195	0.0008203047484373349	1.03663433	59.78486633	1.007876	0.1670892802759263	0.0140457	7e-05
0.0203	-0.1906	0.5199	0.0005078908123303499	0.005190609195431136	0.0008604473212332044	1.04037714	60.00072479	1.01421185	0.19357281014012132	0.0140296	0.00012
0.0144	-0.1753	0.5198	0.0010384709049366262	0.005162683927399226	0.0006771877497737998	1.05988145	61.12557602	0.98750982	0.05838824660487951	0.0134705	5e-05
0.0122	-0.0888	0.5289	0.00124965574442794	0.005194099853935124	0.000593411945678072	1.06954765	61.68304443	0.99840025	0.11411882850614692	0.0116895	7e-05
0.0103	0.0149	0.5445	0.0007208209810736582	0.0051173053668473745	0.0005585053606381855	1.1752497	67.77910614	1.02100272	0.1532267917740958	0.0120108	0.00019
0.0114	0.1263	0.581	0.00013788101090755203	0.004988151002199794	0.0005532693728822024	1.15974677	66.8850174	1.03312601	0.18486651612848348	0.0130582	0.00014
0.0121	0.1172	0.5864	0.00042411500823462205	0.005042256209011618	0.0005480333851262194	1.0325371	59.54857254	0.98214886	0.03247875959474393	0.0134035	6e-05
0.0151	-0.0036	0.5513	0.0006335545184739417	0.004968952380427856	0.0005358160803622592	1.06799781	61.59366608	1.00757231	0.17364803217935212	0.0101633	5e-05
0.0126	-0.0331	0.5419	0.0008412486994612669	0.00503527489200364	0.0005078908123303499	1.03867269	59.90242386	0.96719622	0.0564970980297509	0.0107459	0.0001
0.0122	-0.0358	0.5464	0.000635299847725936	0.004831071369520303	0.0004468042885105483	1.05021143	60.56788635	0.97603835	0.031161944901923415	0.0106174	3e-05
0.0117	-0.0344	0.5484	0.000804596785169386	0.004902629868852071	0.0004572762640225143	1.05114114	60.62150574	0.97535337	0.0164663706143592	0.0101213	6e-05
0.0119	-0.0164	0.555	0.0009128071987930344	0.004941027112395947	0.0004328416544945937	1.00183642	57.77799606	0.96529577	0.0333521133347723	0.0100806	2e-05
0.0135	0.0346	0.5856	0.00040317105721069014	0.0048956485518440946	0.0004729842272904633	0.98995024	57.09249878	0.95843654	0.11295786374650328	0.0101048	3e-05
0.0124	0.0124	0.5858	9.250245035569947e-05	0.004921828490624009	0.00045553093477052	1.01963341	58.80438614	0.97377568	0.04121509190774239	0.0109867	7e-05
0.0143	-0.0712	0.5564	0.00021118483949131387	0.004794419455228423	0.0004433136300065597	1.01649225	58.6232338	0.98545109	0.127815436464758	0.0115995	4e-05
0.0098	-0.057	0.5575	0.0002722713633111154	0.004879940588576145	0.0003822271061867582	1.02698374	59.22829437	0.96923529	0.030184709049366265	0.011817	6e-05
0.008	-0.0245	0.5709	0.0003001966313430247	0.005024802916491674	0.000307177948351002	1.00919223	58.20222092	0.96709715	0.06009183768915968	0.0115456	5e-05
0.0105	-0.0069	0.5897	0.0005270894341022875	0.005159193268895238	0.00033684854563490564	0.99220467	57.22251511	0.95884642	0.05844768762233654	0.0117729	2e-05
0.0082	0.0213	0.6108	0.0009023352232810684	0.00528485697503883	0.00035430183815484887	1.03446555	59.65979004	0.98360107	0.07751813939211583	0.012921	7e-05
0.016	0.0628	0.6483	0.0008342673824532895	0.005234242426730994	0.0004310963252425994	1.05632889	60.92069626	0.98959504	0.09657384381116824	0.0136797	3e-05
0.0184	0.1256	0.761	0.0008691739674931761	0.005462880558742251	0.0004904375198104066	1.05944228	61.10025024	1.02072346	0.19404429558094757	0.0171568	8e-05
0.0195	0.0506	0.7524	0.0010402162341886204	0.0056374134839416844	0.0005567600313861911	0.99923742	57.62810898	0.9837421	0.10529488517353316	0.0151032	4e-05
0.0081	-0.0403	0.7254	0.0015498523757709647	0.0063669611112753145	0.0005445427266222308	1.05277646	60.71582031	1.0061051	0.19187005368399665	0.0148376	5e-05
0.0043	-0.0035	0.7449	0.0013892820845874865	0.006647959120846402	0.0005026548245743669	1.01286924	58.41428375	0.97918456	0.0842728101401214	0.0151886	5e-05
0.0037	-0.0048	0.7466	0.0013491395117916165	0.006705554986162213	0.0005113814708343385	1.03626919	59.7638092	0.98105482	0.008923254218582703	0.0143762	3e-05
-0.0013	0.0531	0.8655	0.0010454522219446034	0.007564256978143424	0.00041713369122664475	1.07187736	61.8174057	1.03342256	0.2446318530717959	0.0179374	4e-05
0.0072	0.0668	0.8129	0.0008970992355250854	0.0067928214487619305	0.0004974188368183839	0.98306286	56.69528961	0.969132	0.12480368306963761	0.0152326	5e-05
0.0129	-0.0123	0.8097	0.0012688543661998775	0.006544984694978735	0.0005899212871740833	1.01130092	58.32383728	0.98150339	0.12360471674068432	0.0151681	3e-05
0.01	0.0035	0.9254	0.0016755160819145565	0.00757472895365539	0.0005811946409141118	1.09212601	62.98518753	1.0450937	0.2066566310325653	0.0213786	9e-05
0.0049	0.0417	0.9007	0.0018465583486100008	0.007569492965899406	0.00048520153205442357	1.06868207	61.63312912	1.00437807	0.08161356816555587	0.0201102	0.00014
0.0099	0.0177	0.8708	0.0019285888234537342	0.0071087260433729035	0.0004956735075663896	1.01783812	58.70085144	0.98104838	0.08656346864411003	0.0176833	6e-05
0.013	0.08	0.9562	0.0017453292519943296	0.006780604143997971	0.0005951572749300663	1.02942216	59.36892319	1.00460593	0.1813432619099008	0.0224785	8e-05
0.0099	0.1256	0.9914	0.0013456488532876281	0.0064228116473391324	0.0006161012259539982	1.03069508	59.44233704	0.99223982	0.12282084231947347	0.0255833	0.00019
0.0169	0.0131	0.9128	0.0013788101090755204	0.00653451271946677	0.000640535835481919	1.07136178	61.78767395	1.02382949	0.20656484687217253	0.0208457	0.0001
0.019	-0.0348	0.8956	0.0015341444125030156	0.0069097585086455495	0.0005567600313861911	1.05160713	60.64837646	0.98622029	0.09791779483510013	0.0195096	7e-05
0.0198	-0.0135	0.8716	0.0014538592669112763	0.006876597252857658	0.0004904375198104066	1.01741314	58.67634201	0.9745809	0.055088445647770656	0.0186483	0.00011
0.021	-0.0278	0.8374	0.0012950343049797925	0.006538003377970758	0.0005427973973702365	1.03139555	59.48273468	0.96717649	0.07718893571891072	0.0177203	9e-05
0.0222	0.0285	0.8787	0.0011431906600562858	0.00636521578202332	0.0006859143960337716	1.0509851	60.61250305	0.99381422	0.12218741197672396	0.0198529	0.0001
0.0159	0.0763	0.9086	0.0012007865253720988	0.006391395720803235	0.0006684611035138282	1.06279159	61.29340744	0.99089826	0.08906145483078352	0.0218439	0.00011
0.0181	0.0343	0.873	0.0011885692206081383	0.0062343160881237454	0.0006702064327658224	1.01891053	58.76269531	0.98520817	0.08835211333477219	0.0197486	6e-05
0.0234	-0.0772	0.7973	0.0019198621771937623	0.00631285590446349	0.0006492624817418905	1.04622078	60.33773804	0.99683618	0.23403883619746504	0.0173445	0.0001
0.0254	-0.0886	0.7668	0.0013404128655316449	0.0056635934227216	0.0005096361415823442	1.05272663	60.71294022	0.99504141	0.11231690667817767	0.0175799	8e-05
0.0385	0.0098	0.7094	0.0005585053606381855	0.004633849164044945	0.0006265732014659643	1.11507404	64.30864716	1.04937944	0.2653294411726867	0.0169338	8e-05
0.0509	0.0031	0.6702	-4.363323129985824e-05	0.004689699700108763	0.0005707226654021458	1.05493665	60.84039688	1.01196506	0.093991983203284	0.0134878	9e-05
0.0488	0.0346	0.6644	-0.0004328416544945937	0.00506320016003555	0.0012269664641520136	1.02995849	59.39985657	1.00587012	0.11034763409356955	0.0140898	0.0001
0.0597	-0.1172	0.5485	-3.4906585039886588e-06	0.004584979944989103	0.0015132004614790836	1.14820242	66.21923065	1.079791	0.3382902604182061	0.0134134	4e-05
0.0721	-0.1142	0.5203	7.330382858376184e-05	0.005239478414486977	0.0013840460968315032	0.96166176	55.4610405	0.96786249	0.08662236606166025	0.0135059	0.0001
0.0672	-0.0499	0.5021	0.00037524578917878077	0.004956735075663896	0.0011746065865921838	1.09213889	62.9859314	1.0181394	0.127106240482871	0.0123776	4e-05
0.0647	0.0756	0.5326	-0.0001972222054753592	0.005235987755982988	0.0007225663103256524	1.09154308	62.9515686	1.02815246	0.22368804756198815	0.0129107	4e-05
0.0564	0.1295	0.5973	-0.0011397000015522971	0.005979498017332573	0.000460766922526503	1.0915271	62.95064545	1.00868353	0.22428937226128368	0.0141841	0.0001
0.0601	0.0389	0.5894	-0.0011606439525762293	0.006197664173831864	0.00039968039870670147	1.01765621	58.69036102	0.99408487	0.11720983156715133	0.0129187	8e-05
0.0578	-0.0353	0.5694	-0.0006335545184739417	0.006627015169822469	0.0003787364476827695	0.9977755	57.54379654	0.97391501	0.1453692190558412	0.01264	4e-05
0.0538	-0.012	0.5585	-0.0005131268000863328	0.0064071036840711824	0.000307177948351002	0.94100291	54.26960373	0.94380255	0.05879488517353314	0.0121617	5e-05
0.0501	0.0616	0.5786	-0.0006754424205218055	0.006101671064972177	0.00022165681500327985	1.02682424	59.21909714	0.98277687	0.12506346864411	0.0118665	2e-05
0.0464	0.0539	0.6047	-0.0010070549784007281	0.005906194188748811	0.00028274333882308137	1.00143445	57.75481796	0.95656974	0.06690879789610454	0.0116016	0.00015
0.0462	-0.0564	0.5891	-0.0006126105674500097	0.005834635689417044	0.0003647738136668148	1.01941037	58.79152298	0.99000293	0.153501669256311	0.0118542	0.00015
0.0432	-0.0779	0.5969	-0.0003822271061867582	0.005829399701661061	0.0003577924966588376	1.01777625	58.69728088	0.96393769	0.044430038301360615	0.0121163	0.0001
0.0401	-0.0654	0.5904	-0.00032812189937493397	0.005712462641777441	0.00040666171571467877	1.04045832	60.00540543	0.96618509	0.03309557428756421	0.0123867	0.00025
0.0389	0.0007	0.5885	-0.0005427973973702365	0.005618214862169747	0.000296705972839036	1.07996356	62.28375244	0.99780127	0.09014395102393198	0.0132744	0.00013
0.0331	0.0696	0.6052	-0.0008220500776893293	0.005516985765554075	0.00023212879051524583	1.05966187	61.11291122	0.99282826	0.11365294796292764	0.0147117	0.00016
0.0309	0.0069	0.5897	-0.000645771823237902	0.005344198169606637	0.00018500490071139895	1.01790702	58.70482254	0.98424621	0.10020948701013556	0.0138724	7e-05
0.0292	-0.0574	0.5965	-0.0007627088831215222	0.005412266010434416	0.00014660765716752367	1.03212237	59.52465057	0.98029673	0.08397010721276374	0.0139764	5e-05
0.0316	-0.0129	0.5958	-0.0006928957130417488	0.005494296485278149	0.00019024088846738194	0.96888578	55.87766647	0.95350133	0.05737384381116827	0.0136884	4e-05
0.0344	-0.0044	0.596	-0.000582939970166106	0.005539675045830002	0.00028099800957108706	1.00202632	57.78894806	0.96223879	0.02380457122656001	0.0144038	9e-05
0.0346	0.0145	0.5764	-0.0005113814708343385	0.005288347633542819	0.00024260076602721178	0.99419296	57.33718491	0.97052298	0.05676415775814126	0.0148436	7e-05
0.0336	0.037	0.5732	-0.0003089232776029963	0.005420992656694387	0.0002565634000431664	1.00668883	58.05784988	0.96875901	0.04415329251994323	0.0149082	5e-05
0.0419	0.1106	0.5976	-0.00045553093477052	0.005434955290710342	0.00023387411976724014	0.99359763	57.30284882	0.97457867	0.11546297857297023	0.0158521	3e-05
0.0432	0.0688	0.6142	-0.0009250245035569946	0.005544911033585984	0.0002897246558310587	0.96819228	55.83766937	0.96029558	0.09146499238629674	0.0141686	3e-05
0.0459	-0.0688	0.5408	0.0002024581932313422	0.005478588522010201	0.0005078908123303499	1.0349226	59.6861496	1.00463346	0.2842985682431706	0.0160297	5e-05
0.0454	-0.0652	0.5756	-0.0003438298626428829	0.005372123437638546	0.0004572762640225143	1.00759244	58.10995865	0.98419904	0.07406838442768582	0.0151985	5e-05
0.06	0.0204	0.6143	-0.0011449359893082802	0.0055152404363020815	0.0005410520681182421	1.02939117	59.36713791	1.00867797	0.1902999464712329	0.0154033	3e-05
0.0676	0.0553	0.6134	-0.0007487462491055673	0.00598647933434055	0.0005951572749300663	0.97231239	56.07528687	0.97254719	0.0894766922526503	0.0164736	8e-05
0.0669	-0.1107	0.4579	-0.0010576695267085637	0.005064945489287545	0.0006492624817418905	1.19022191	68.64258575	1.1273055	0.38642811647339126	0.0172846	0.00011
0.0506	-0.1464	0.418	0.00029845130209103034	0.004806636759992383	0.0006056292504420323	0.98509461	56.81246185	0.97841414	0.17480313946973067	0.0162703	3e-05
0.046	-0.0716	0.4475	0.00018675022996339323	0.005064945489287545	0.00039968039870670147	0.9857319	56.84921646	0.98561231	0.13769793265790653	0.0157073	0.0001
0.0585	0.0641	0.5087	-0.0005707226654021458	0.005124286683855352	9.599310885968811e-05	1.03281271	59.56446457	1.01929814	0.265425068989018	0.0148836	0.0001
0.0563	0.0494	0.4927	-0.0003892084231947355	0.004944517770899936	0.0001675516081914556	0.97329271	56.13182449	0.97094025	0.054542082724729726	0.0136213	0.0001
0.0371	-0.0859	0.4255	0.00040840704496667313	0.004722860955896656	0.0001884955592153876	1.04588509	60.31837463	1.02245576	0.273710811709431	0.0145983	5e-05
0.0394	-0.0496	0.4273	0.0003717551306747922	0.004888667234836118	0.00019896753472735358	0.93564451	53.96057129	0.9481223	0.051046508437165475	0.0131785	0.0001
0.0435	0.0185	0.4116	0.0008220500776893293	0.00485376064979623	0.00017278759594743863	1.05738509	60.98160934	0.99588044	0.11346907354171697	0.0139896	7e-05
0.0521	0.0902	0.442	0.0006544984694978735	0.004792674125976429	0.00015707963267948963	1.06203949	61.25003433	0.99612694	0.12291730476396028	0.0141911	7e-05
0.0522	0.0183	0.4373	0.00016406094968746698	0.005019566928735692	0.00027576202181510406	1.02411819	59.06303406	0.98821311	0.1185006355852642	0.0132686	8e-05
0.0452	-0.121	0.4196	0.0005358160803622592	0.005103342732831419	0.00023911010752322313	1.04798305	60.4393692	1.01256613	0.18860914245312008	0.0144815	7e-05
0.0399	-0.1083	0.4102	0.0010192722831646884	0.004794419455228423	0.000153588974175501	0.96509039	55.65877914	0.95179735	0.07129503068765734	0.0149146	5e-05
0.042	-0.0434	0.4197	0.0009826203688728075	0.0046478117980608994	7.67944870877505e-05	0.95284456	54.95253754	0.95403249	0.08950270292735772	0.0140714	6e-05
0.0418	0.0275	0.4365	0.0006649704450098395	0.00451516677490933	0.0001239183768915974	1.0168606	58.64447403	0.96608193	0.1127709418409192	0.0137463	3e-05
0.0406	-0.0109	0.4334	0.0003351032163829112	0.00441044701978967	0.0001012290966156711	1.02871585	59.32818985	0.98274193	0.06556381320112573	0.0137721	9e-05
0.0392	-0.0658	0.4307	0.00027925268031909274	0.004344124508213886	3.839724354387525e-05	1.05993176	61.128479	0.9927412	0.0682502450355699	0.0143787	0.0001
0.0397	-0.0463	0.443	0.0004799655442984406	0.004365068459237818	-5.759586531581287e-05	1.03378117	59.62031937	0.98005826	0.048182496193148336	0.0134935	3e-05
0.0395	-0.0315	0.4616	0.00038048177693476387	0.004366813788489812	-2.6179938779914945e-05	0.98085034	56.56768799	0.95535248	0.040232251157578475	0.0127227	3e-05
0.0391	-0.0019	0.4976	0.0008639379797371932	0.0044977134823893875	5.93411945678072e-05	1.0410744	60.04093552	0.98509246	0.10099385150248633	0.0128956	9e-05
0.0443	0.0687	0.6037	0.0011047934165124105	0.004441862946325569	0.0002129301687433082	1.10339367	63.6350174	1.0387901	0.20441474735072687	0.0137979	7e-05
0.046	0.0866	0.6635	0.0007609635538695277	0.004639085151800928	0.00027576202181510406	1.02690065	59.22350693	0.9867664	0.10959419605950184	0.0142509	6e-05
0.0348	-0.0257	0.6425	0.0010384709049366262	0.005276130328778859	0.00024085543677521747	1.04786313	60.43245316	1.00628507	0.19197295565424577	0.0122674	2e-05
0.0218	-0.0447	0.6452	0.0015585790220309364	0.0058869955669768725	0.00024609142453120044	0.98144329	56.60188293	0.96295797	0.09151046715241536	0.0125701	3e-05
0.019	-0.022	0.6415	0.0015184364492350666	0.00588525023772488	0.00029845130209103034	1.01649749	58.62353516	0.97856209	0.033912388980384664	0.0127328	4e-05
0.0166	-0.019	0.6327	0.001614429558094755	0.0059079395180008055	0.0003525565089028545	1.03892934	59.91722488	0.97846617	0.02283937979737184	0.0118919	4e-05
0.0267	0.0322	0.7509	0.001574286985298885	0.0060021872976084994	0.0003769911184307752	1.08391321	62.51153946	1.04015218	0.18744124809657417	0.0138206	3e-05
0.0252	0.0477	0.7809	0.0016318828506146981	0.006401867696315201	0.00041189770347066176	1.01624596	58.60902405	0.98004732	0.0716091424531201	0.0148483	5e-05
0.0092	-0.0354	0.7297	0.001895427567665842	0.006611307206554521	0.0003385938748868999	1.05640244	60.92493439	1.00343832	0.17761440279371132	0.0139995	4e-05
0.0027	0.0006	0.7539	0.002005383310541485	0.006667157742618338	0.000307177948351002	1.055071	60.84814835	0.98420679	0.0765611102737679	0.0145012	7e-05
-0.0035	0.0418	0.8413	0.001837831702350029	0.006731734924942128	0.00024609142453120044	1.05231929	60.68944931	1.00771127	0.14946076571675235	0.0172014	3e-05
0.0075	0.0828	0.8576	0.00147131255943122	0.00653451271946677	0.0003473205211468716	0.99193054	57.206707	0.97315249	0.10154852225049188	0.0184098	8e-05
0.0053	-0.0124	0.7979	0.001504473815219112	0.006820746716793839	0.00037524578917878077	1.0677619	61.58005905	1.01355609	0.17446602605734343	0.0160922	7e-05
-0.0002	-0.0302	0.7268	0.0016458454846306526	0.006586872597026601	0.00023212879051524583	1.06866348	61.63205719	1.00340965	0.12031813939211573	0.0138097	6e-05
-0.0019	-0.0247	0.7183	0.001155407964820246	0.00649786080517489	0.00016406094968746698	1.04004693	59.98168182	0.98897637	0.04807585762449476	0.0125471	3e-05
0.0008	-0.0341	0.7167	0.0013456488532876281	0.00628493063643158	0.00017453292519943296	1.00312257	57.85217285	0.96239064	0.03438215163613292	0.0136291	8e-05
0.0137	0.038	0.752	0.0013526301702956054	0.006024876577884425	0.00023911010752322313	1.0729599	61.87984085	1.01167781	0.1368806278939461	0.0155112	8e-05
0.0165	0.0364	0.7215	0.0006928957130417488	0.006031857894892403	0.00029321531433504735	1.0714165	61.79082489	0.99875837	0.0709410490536829	0.015116	0.00012
0.0164	-0.0089	0.7174	0.0008709192967451704	0.006133086991508073	0.00035604716740684323	0.99944371	57.64000702	0.97538197	0.06660422666954435	0.0147551	6e-05
0.0195	-0.071	0.7772	0.0019896753472735357	0.007010987605261222	0.0005253441048502931	1.09102368	62.92161179	1.02251846	0.23329768008624815	0.0175751	8e-05
0.0118	-0.0077	0.8441	0.0023771384412162766	0.007655014099247129	0.0006318091892219474	1.11554003	64.33552551	1.0273384	0.19479773361501504	0.0217851	0.0002
0.0077	-0.0064	0.8266	0.002281145332356589	0.007684684696531034	0.0006056292504420323	1.1010592	63.50038528	0.99626824	0.03049218224617536	0.0207155	0.00012
0.0165	0.0518	0.987	0.0020769418098732523	0.008473573518432469	0.000645771823237902	1.15466309	66.59183502	1.08485605	0.27906174585903204	0.028353	0.0003
0.0209	0.1039	0.9914	0.001647590813882647	0.008386307055832754	0.0007243116395776468	1.05103803	60.61555862	0.98861718	0.0906578637465032	0.0296099	0.00032
0.0138	-0.0032	0.9898	0.0016510814723866359	0.008253662032681184	0.0007627088831215222	1.09524131	63.16485214	1.02205303	0.12452664625997165	0.029038	0.00027
0.017	-0.026	1.0497	0.002331759880664424	0.00900589894029074	0.0007731808586334879	1.1015619	63.52937317	1.0192462	0.15806936456996548	0.0324199	0.00068
0.0251	-0.0125	1.0675	0.002649409804527392	0.009286896949861827	0.0009162978572970229	1.05054653	60.58721161	0.98795672	0.07648824660487936	0.0330959	0.00068
0.0315	0.0011	1.1276	0.002584832622203602	0.010096729722787197	0.0011082840750163993	1.09407532	63.09761047	0.99956473	0.13341980864842684	0.0384266	0.00178
0.0265	0.0562	1.1735	0.0020856684561332234	0.009662142739040607	0.0009930923443847736	1.12331223	64.78376007	1.02734913	0.15844714402242976	0.0409554	0.00251
0.0237	0.0314	1.0514	0.002124065699677099	0.009066985464110541	0.0007958701389094143	1.14193356	65.85769653	1.069529	0.19123883619746512	0.0309837	0.00043
0.0249	0.0013	0.9665	0.0022235494670407763	0.008787732783791448	0.0007976154681614085	1.01553428	58.56798172	0.98665886	0.13522408884673812	0.0269951	0.00021
0.0288	-0.0575	0.9175	0.0020420352248333657	0.008532914713000278	0.000757472895365539	1.06167066	61.2287674	1.00044173	0.13552374428972255	0.0237708	0.0001
0.0199	-0.1097	0.863	0.0023212879051524586	0.007929030791810239	0.0006003932626860494	1.06567836	61.4598999	1.00234696	0.16761081170943104	0.0220273	0.00018
0.0097	-0.0945	0.8388	0.002141518992197042	0.007646287452987157	0.0003193952531149623	1.08699274	62.68914413	1.0055329	0.08677551306747927	0.0187739	9e-05
0.02	-0.0233	0.8176	0.002371902453460294	0.00696211838620538	0.0003944444109507184	1.05811441	61.02366638	1.00432208	0.15218008429403923	0.0184754	7e-05
0.025	0.0859	0.7167	0.0018779742751458986	0.006490879488166912	0.0002024581932313422	1.16762018	67.33909607	1.085638	0.272957664703612	0.0178997	0.00013
0.0422	0.0004	0.6925	0.0001012290966156711	0.006024876577884425	0.0003577924966588376	1.12488747	64.8746109	1.06689023	0.2468041196120105	0.016791	0.00013
0.0416	-0.0422	0.705	-0.00024085543677521747	0.007234389749516495	0.00021642082724729686	1.08489704	62.56827927	1.05089414	0.1403484687217249	0.0169176	9e-05
0.0353	0.0292	0.7525	0.0002007128639793479	0.007637560806727187	0.00034033920413889426	1.00268269	57.82680511	0.99886907	0.17363288674284272	0.0190738	0.00017
0.04	-0.1334	0.6195	0.0007068583470577034	0.007169812567192705	0.00024085543677521747	1.16476369	67.17435455	1.09164958	0.3539688744988256	0.0181785	0.00016
0.0239	-0.1777	0.578	0.00124965574442794	0.00738099740668402	4.363323129985824e-05	0.95973915	55.35016251	0.97513471	0.14946022211684562	0.0161021	0.00013
0.0167	-0.0872	0.5978	0.001192059879112127	0.007009242276009227	7.155849933176751e-05	1.07963622	62.26487732	1.00688449	0.1403638132011258	0.0129402	5e-05
0.0214	-0.0258	0.5881	0.0010681415022205296	0.0068923052161256075	0.0001291543646475804	1.21297789	69.95497131	1.02468957	0.09072256510455155	0.0143545	0.00066
0.0221	0.1167	0.6128	0.00040666171571467877	0.006789330790257941	-8.028514559173915e-05	1.21455467	70.04590607	1.06483029	0.21659468613064184	0.0156429	0.00043
0.0281	0.0346	0.5878	0.0002199114857512855	0.006541494036474748	-5.759586531581287e-05	1.09763265	63.30276871	1.03080943	0.1359638132011257	0.0134502	0.00034
0.026	-0.0783	0.5528	0.0009965830028887623	0.006349507818755371	3.839724354387525e-05	1.13533974	65.47741699	1.03545709	0.20323254218582712	0.0130064	9e-05
0.0051	-0.0161	0.5864	5.93411945678072e-05	0.0060353485533963915	-0.00024085543677521747	1.06379008	61.35099792	0.98663346	0.1932326876999514	0.0123447	0.00016
0.0064	-0.0256	0.5854	-0.00028623399732707005	0.005834635689417044	-0.00024085543677521747	1.06265748	61.28567505	0.98749021	0.03911440279371125	0.0126358	9e-05
0.0085	-0.0387	0.5633	-0.00017976891295541595	0.005810201079889122	-0.00017976891295541595	1.05031002	60.57357025	0.98345785	0.04689931088596887	0.0134981	0.0002
0.0132	-0.0129	0.5707	-0.0003089232776029963	0.005843362335677014	-0.00021118483949131387	0.99923092	57.62773514	0.96449253	0.04758657734856848	0.0136408	0.0002
0.0175	0.034	0.5783	-0.00027750735106709843	0.005674065398233566	-0.00019896753472735358	1.04385185	60.20111465	0.98410176	0.0694465084371654	0.0149381	0.00037
0.0195	-0.0889	0.5076	0.0003577924966588376	0.005839871677173027	-0.00019198621771937622	1.11129022	64.09043121	1.0453186	0.23600437218366876	0.0176068	0.00027
0.0155	-0.0917	0.5263	0.00011693705988362007	0.005838126347921033	-0.00027925268031909274	1.02390587	59.05079269	0.98203766	0.04199336143134633	0.018764	0.00019
0.0221	-0.0764	0.513	0.0006265732014659643	0.00598647933434055	-0.00017453292519943296	1.0144527	58.50560379	0.98028638	0.07333544415607607	0.0193216	0.00015
0.0239	0.0205	0.5377	0.0005026548245743669	0.006213372137099812	-0.0002495820830351891	1.02587152	59.16415024	0.99507298	0.14469301687433073	0.0191659	0.00011
0.0231	0.0566	0.5228	0.00031415926535897925	0.005972516700324595	-0.00035430183815484887	0.97800183	56.40340805	0.96898059	0.07850353755551313	0.0187566	8e-05
0.018	-0.0391	0.5026	0.00023561944901923448	0.005843362335677014	-0.00030368728984701333	0.99296719	57.26649094	0.98173712	0.13391543646475804	0.0187786	0.0001
0.0131	-0.0391	0.4999	0.00019896753472735358	0.005750859885321316	-0.000439822971502571	0.9821977	56.64539337	0.96159407	0.020864502315156887	0.0193505	9e-05
0.0112	-0.0379	0.4948	4.886921905584123e-05	0.0053389621818506535	-0.00035604716740684323	0.98725027	56.93678665	0.96797056	0.04048859116189512	0.0190378	0.00012
0.0094	-0.0186	0.4739	0.0001291543646475804	0.0051783918906671755	-0.0003106686068549907	1.01488078	58.53029633	0.98250196	0.05631169986635352	0.01825	7e-05
0.003	-0.0144	0.479	0.0001884955592153876	0.004939281783143952	-0.000322885911618951	0.98882169	57.02741241	0.96921769	0.03123343034274955	0.0175554	8e-05
0.0016	0.01	0.4933	0.000317649923862968	0.004956735075663896	-0.00030368728984701333	0.96719027	55.77988434	0.95534729	0.04839031394697312	0.0162507	6e-05
0.0075	0.0214	0.5424	0.0008447393579652555	0.004942772441647941	-0.0001361356816555577	1.00974691	58.23421097	0.98134426	0.10183018381548486	0.0157169	9e-05
0.0168	0.0853	0.6312	0.0006946410422937432	0.004953244417159907	-9.599310885968811e-05	1.08106577	62.34732437	1.0273278	0.17203564319896736	0.016426	9e-05
-0.0029	-0.0081	0.6266	0.0006283185307179585	0.005108578720587403	-0.00015184364492350666	1.04633498	60.3443222	1.00153583	0.1315753675533549	0.01612	8e-05
-0.025	-0.0359	0.627	0.0007120943348136865	0.005527457741066041	-0.0003106686068549907	1.00171757	57.77114105	0.97407811	0.08337398932529248	0.0158578	1e-05
-0.0177	-0.0609	0.5756	0.0007714355293814937	0.005195845183187119	-0.0003159045946109737	0.98282772	56.68172836	0.96187251	0.1035094870101356	0.0153075	5e-05
-0.0145	-0.0537	0.5603	0.000731292956585624	0.005157447939643243	-0.00024085543677521747	1.00338471	57.86729431	0.96654179	0.03337944870877508	0.015513	5e-05
-0.015	-0.0251	0.5552	0.0008325220532012951	0.00529707427980279	-0.00021642082724729686	0.99579376	57.42950439	0.96908549	0.047464502315156906	0.0146751	3e-05
-0.0169	0.01	0.5884	0.0006946410422937432	0.005513495107050087	-0.0002722713633111154	1.01711023	58.65887451	0.98067471	0.09070761871093336	0.013422	5e-05
-0.0167	0.0493	0.6496	0.0010838494654884787	0.0056635934227216	-0.0001675516081914556	1.01052392	58.27902603	0.99041366	0.13290132469929533	0.0133099	5e-05
-0.0205	0.0279	0.7022	0.0015847589608108511	0.006251769380643689	-5.235987755982989e-05	0.99240643	57.23414993	0.97562687	0.1380138591938045	0.0130839	4e-05
-0.0208	0.0178	0.696	0.0019163715186897737	0.00641757565958315	-2.268928027592628e-05	1.0089916	58.19065475	0.96819051	0.04295447170511445	0.0131685	4e-05
-0.021	0.0341	0.7066	0.0013962634015954637	0.006384414403795257	-8.901179185171081e-05	1.01984739	58.81672668	0.97519814	0.05807959422289943	0.012906	3e-05
-0.0162	0.0632	0.6983	0.0012583823906879114	0.006162757588791978	-0.00011519173063162575	1.03057098	59.43518448	0.97727639	0.0614858882345373	0.0122755	4e-05
-0.0131	-0.0108	0.705	0.001858775653373961	0.006475171524898962	9.948376736367679e-05	1.00487947	57.95349503	0.97638337	0.1401741348394167	0.0119175	4e-05
0.0017	-0.0455	0.7343	0.002183406894244906	0.007459537223023765	0.00035604716740684323	1.03278363	59.5627861	0.99248641	0.1570780169519457	0.0138757	4e-05
-0.0089	-0.0519	0.6631	0.002134537675189065	0.006639232474586429	0.0001884955592153876	1.07177174	61.81131744	1.0064174	0.14003627878423155	0.0125074	5e-05
-0.0116	-0.054	0.6014	0.0018099064343181197	0.006520550085450815	8.203047484373349e-05	1.09431005	63.11114883	1.0056666	0.09398893571891069	0.0122164	0.0
0.0013	0.0169	0.5614	0.0014259339988793671	0.006222098783359784	0.00019198621771937622	1.04977238	60.54256439	1.0095664	0.1634189740202713	0.0121154	3e-05
0.0051	0.063	0.6073	0.00016406094968746698	0.006152285613280011	0.0003001966313430247	1.00914598	58.19955444	0.97565732	0.167794831644766	0.0117598	6e-05
0.0137	-0.0707	0.5248	0.0004904375198104066	0.005951572749300664	0.00046949356878647465	1.09225941	62.99288177	1.03460133	0.2596193185772867	0.0118629	4e-05
0.0148	-0.1607	0.4841	0.0010000736613927507	0.005942846103040692	0.00039095375244672985	1.02403033	59.05796814	0.98740282	0.16164513020910312	0.0146824	0.00012
0.0158	-0.0778	0.4594	0.0012077678423800758	0.005686282702997525	0.0003298672286269283	0.9808203	56.56595612	0.97766875	0.13486720524251475	0.0142696	0.00028
0.0132	0.0479	0.5032	0.0002565634000431664	0.005384340742402506	0.00016406094968746698	1.16476023	67.17415619	1.06918774	0.24304763409356944	0.0132495	0.00015
0.0144	0.0246	0.4702	0.0005637413483941684	0.005293583621298802	0.0002199114857512855	1.04617143	60.33489227	0.99534083	0.08018928027592623	0.0143076	0.0001
0.0126	-0.0886	0.4336	0.0010175269539126942	0.005101597403579425	0.0002199114857512855	1.08197284	62.39963531	1.01833354	0.18388859116189513	0.015227	0.00011
0.009	-0.0611	0.4204	0.0011013027580084218	0.005037020221255636	0.0002199114857512855	1.06850481	61.62290192	0.97731253	0.051717649320975834	0.0158492	0.00014
-0.001	-0.0398	0.4152	0.0011763519158441782	0.004907865856608054	0.00013788101090755203	1.13136709	65.24830627	1.00460999	0.050811699866353546	0.0152755	0.00023
0.0052	-0.0061	0.4314	0.0011885692206081383	0.004949753758655919	0.00010821041362364843	1.0930047	63.03586197	0.99338197	0.06028879020478639	0.0139396	0.00011
0.01	0.0523	0.4912	0.00046949356878647465	0.004956735075663896	8.901179185171081e-05	1.09101474	62.92110062	0.99783727	0.16026277953007895	0.0130768	0.0004
0.0181	-0.0023	0.5239	0.00037350045992678646	0.004848524662040247	0.00024609142453120044	1.07863176	62.20694733	0.99976598	0.1134641577581413	0.0118436	0.00016
0.0105	-0.0724	0.5721	0.0012897983172238095	0.005152211951887261	0.0002740166925631097	1.13617921	65.5258255	1.03311625	0.18829552075879727	0.0111883	0.00013
0.0015	-0.0187	0.6751	0.0020804324683772408	0.006215117466351807	0.00019547687622336493	1.13888526	65.6818924	1.04198819	0.2623039740978861	0.0112208	4e-05
0.0039	-0.051	0.6628	0.002049016541841343	0.006302383928951523	0.0002652900463031381	1.07660627	62.09012985	0.98146843	0.05642477796076944	0.0116619	0.00019
0.0095	0.0144	0.7265	0.0019669860669976093	0.006349507818755371	0.0003106686068549907	1.12197304	64.70652771	1.02176153	0.14342664625997176	0.0135816	6e-05
0.0079	0.0758	0.8301	0.0022026055160168437	0.007101744726364926	0.000322885911618951	1.1097914	64.00399017	1.03369268	0.21660368306963737	0.0175474	4e-05
-0.0044	-0.0008	0.8798	0.0026110125609835172	0.008464846872172499	0.000307177948351002	1.06090283	61.18448257	1.01103288	0.2279608577021099	0.0193972	6e-05
-0.0045	0.0054	0.8361	0.0026267205242514655	0.008002334620394002	0.00029496064358704166	1.05114269	60.62159729	0.98490392	0.07452187599052036	0.0186135	6e-05
-0.0055	0.0111	0.8501	0.0026511551337793865	0.008035495876181893	0.00032463124087094524	1.05903363	61.07668304	0.98295212	0.0250633231299858	0.0194493	5e-05
0.0037	0.0508	0.9474	0.00285012266850674	0.008248426044925202	0.0004206243497306334	1.06724501	61.55024719	1.01611008	0.1715945406165176	0.0233117	7e-05
0.0082	0.0582	1.0097	0.0027331856086231197	0.009028588220566666	0.0006073745796940267	1.03505588	59.69383621	0.98919207	0.1283924732744239	0.0276974	0.00029
0.0113	0.0044	0.9779	0.002581341963699613	0.00865159710213589	0.0006161012259539982	1.03635871	59.7689743	0.98741297	0.11557807048071277	0.0261292	0.00016
0.0158	0.0068	0.9803	0.0028152160834668534	0.008862781941627205	0.0006754424205218055	1.03527963	59.70673752	0.97715283	0.03452000769131807	0.0256767	0.00014
0.0203	0.0206	0.9736	0.0028693212902786776	0.009047786842338604	0.0007086036763096977	0.99751192	57.52859497	0.96687241	0.03861356816555568	0.0248402	0.00016
0.0169	0.0323	0.9071	0.0024486969405480446	0.008798204759303414	0.0005724679946541401	1.04724097	60.39657211	1.00065154	0.12191710572106902	0.0213602	7e-05
0.0164	0.0107	0.8894	0.0015917402778188286	0.00817512221634144	0.0005270894341022875	1.046942	60.3793335	0.99258974	0.1160708883121522	0.0189003	9e-05
0.0196	-0.0669	0.8159	0.0018500490071139892	0.007490953149559662	0.0005619960191421741	1.03679383	59.79406738	1.00400884	0.20316921905584123	0.0158667	3e-05
0.0235	-0.1284	0.7418	0.002333505209916419	0.00645771823237902	0.0005707226654021458	1.05038667	60.57799149	0.99692314	0.21577088831215208	0.0153723	4e-05
0.0278	-0.0868	0.6791	0.0019216075064457567	0.006154030942532006	0.0005113814708343385	1.05347657	60.75619507	1.00366457	0.14734630939427412	0.0140057	0.00012
0.0256	-0.0196	0.6352	0.001514945790731078	0.005899212871740834	0.0003385938748868999	1.06584537	61.4695282	1.00379952	0.1550133691226645	0.0129143	5e-05
0.0331	0.0972	0.605	0.0009791297103688187	0.005293583621298802	0.0003700098014227979	1.12151015	64.67983246	1.04168822	0.21314306286700943	0.0132899	6e-05
0.0369	0.0813	0.5872	0.0006527531402458793	0.005077162794051505	0.0002722713633111154	1.00940514	58.21450043	0.97544085	0.06952679177409588	0.0136393	5e-05
0.03	-0.0422	0.4898	0.0011135200627723821	0.004953244417159907	0.00027576202181510406	1.06113076	61.19762421	1.01985043	0.25720879789610446	0.0135262	8e-05
0.0241	-0.1356	0.5112	0.0015271630954950383	0.005071926806295522	0.00029321531433504735	1.05019891	60.56716537	0.99640395	0.14818893571891067	0.0146305	9e-05
0.0245	-0.1167	0.4665	0.0017453292519943296	0.004843288674284265	0.000296705972839036	1.04275703	60.1379776	0.98967046	0.08651474735072678	0.0144704	0.0001
0.0203	-0.0442	0.4638	0.0014643312424232424	0.004605923896013036	0.00019547687622336493	1.15379262	66.54163361	1.03198114	0.1103795942228994	0.0128577	9e-05
0.0149	0.0775	0.5784	0.001043706892692609	0.005269149011770881	6.632251157578452e-05	1.13457882	65.43353271	1.0470288	0.302350191506803	0.0132335	4e-05
0.0121	-0.0502	0.5273	0.0010262536001726657	0.005070181477043527	0.0001239183768915974	1.07987905	62.27887726	1.02562583	0.19530083462815556	0.01109	7e-05
0.006	-0.1339	0.4852	0.0009389871375729493	0.004679227724596798	8.37758040957278e-05	1.08123934	62.35733032	1.02069984	0.15781813939211575	0.0128553	0.0002
0.0042	-0.0476	0.5201	0.0007033676885537148	0.004892157893340105	-4.18879020478639e-05	1.106758	63.82904816	1.01801427	0.15171066619530665	0.0112329	4e-05
0.0094	0.0387	0.5432	0.0005201081170943102	0.004806636759992383	-4.71238898038469e-05	1.11816835	64.48710632	1.0065692	0.12830083462815553	0.0107529	0.00011
0.0211	0.1131	0.5869	0.0008325220532012951	0.005241223743738971	-1.3962634015954635e-05	1.05348444	60.75664902	0.99898981	0.16880810878207325	0.0132029	8e-05
0.0229	-0.0271	0.5649	0.00040666171571467877	0.005270894341022875	4.0142572795869576e-05	1.06156671	61.22276688	1.01921248	0.1894818070791172	0.0102947	0.00012
0.0207	-0.0959	0.5452	0.0006108652381980154	0.005262167694762903	8.028514559173915e-05	1.00956213	58.22356033	0.97914687	0.10335363707695883	0.0109978	4e-05
0.0202	-0.0892	0.5276	0.0006318091892219474	0.005016076270231703	0.00014311699866353502	0.99062145	57.13120651	0.95741387	0.04129336143134647	0.011313	8e-05
0.0194	-0.0517	0.5286	0.0004921828490624009	0.004916592502868026	0.0001291543646475804	1.00171006	57.77070999	0.96203686	0.0519536370769589	0.0111385	3e-05
0.0235	0.026	0.5536	0.0001884955592153876	0.004771730174952496	5.4105206811824215e-05	1.03272414	59.55935669	0.97867934	0.13297993877991499	0.0110554	4e-05
0.0244	0.0258	0.5536	0.0003682644721708035	0.004728096943652638	0.00014137166941154068	0.99513716	57.39163971	0.95561239	0.016633430342749528	0.0113963	9e-05
0.0176	-0.0571	0.582	0.001424188669627373	0.005174901232163186	0.0002373647782712288	1.02929878	59.36181259	0.99618381	0.19803607974134027	0.0113344	4e-05
0.0168	-0.0421	0.626	0.0017139133254584315	0.005508259119294104	0.00029845130209103034	1.01404428	58.48205185	0.96776327	0.09400845333908894	0.0118641	5e-05
0.0225	-0.0109	0.6689	0.002008873969045473	0.0061453042962720346	0.0005201081170943102	0.99445528	57.352314	0.96840325	0.13748313177841268	0.0127879	3e-05
0.0369	0.0786	0.8023	0.0020245819323134223	0.0067160269616741795	0.0006370451769779302	1.13487875	65.45082855	1.06014894	0.2724683844276856	0.0180399	9e-05
0.038	0.0766	0.7832	0.0016947147036864942	0.006363470452771325	0.000598647933434055	1.0308584	59.45175934	0.98874976	0.05824104905368289	0.017621	5e-05
0.0443	-0.0607	0.7259	0.002150245638457014	0.006874851923605664	0.000778416846389471	1.08496773	62.57235718	1.03451688	0.25823406592801373	0.0155326	0.0001
0.0525	-0.0536	0.7533	0.0024818581963359366	0.007682939367279038	0.0008848819307611251	1.00820398	58.14522934	0.96966987	0.1050082542961975	0.0164796	3e-05
0.0574	-0.0381	0.7479	0.003038618227722128	0.00850149878646438	0.0009634217471008699	0.97197914	56.05606842	0.95742894	0.09849296334556387	0.0170249	5e-05
0.0596	-0.0108	0.7735	0.0031223940318178558	0.009101892049150427	0.0010105456369047167	1.01716042	58.66176224	0.97639529	0.09166464782928109	0.0190694	5e-05
0.0661	0.052	0.8512	0.0025115287936198403	0.009349728802933622	0.0010349802464326373	1.0506233	60.59164047	1.00674066	0.19115683007545653	0.0215732	5e-05
0.0646	0.0475	0.8689	0.0022724186860966175	0.009569640288684908	0.0010716321607245184	1.00121427	57.74211502	0.97308218	0.04848367537831955	0.02205	0.0001
0.0622	-0.0527	0.8861	0.0026511551337793865	0.009913470151327791	0.0011274826967883368	1.02921724	59.35710526	0.99956772	0.1587208423194735	0.0221177	0.00011
0.0675	-0.0142	0.9093	0.0025394540616517493	0.010547024669801732	0.001181587903600161	0.99756038	57.53139114	0.97844376	0.1069680398706701	0.0234267	0.00016
0.0672	-0.0352	0.8407	0.002136283004441059	0.009831439676484059	0.0011100294042683937	1.04828227	60.45662689	1.00381051	0.14941572749300652	0.0190471	9e-05
0.0662	-0.0338	0.8133	0.0016772614111665507	0.009354964790689606	0.0010140362954087054	1.02989602	59.39625549	0.98409781	0.08137447939643248	0.0174228	8e-05
0.0726	0.0199	0.8522	0.002090904443889207	0.00873188224772763	0.0010105456369047167	1.06122768	61.20321655	1.00668946	0.15101081170943098	0.0182498	8e-05
0.073	0.0943	0.9861	0.0020699604928652747	0.009012880257298716	0.0011362093430483087	1.0881741	62.75727081	1.05417273	0.2300802833369305	0.0256507	0.00011
0.0743	0.023	0.9271	0.0019250981649497454	0.008644615785127914	0.0011903145498601325	1.00451458	57.93245697	0.98554608	0.15996160034490772	0.0223013	0.00011
0.0671	-0.0736	0.9666	0.0022200588085367874	0.008141960960553548	0.001410226035611418	1.06380653	61.35194397	1.02703508	0.19417634769563463	0.0256993	0.00022
0.0571	-0.0083	1.0147	0.0021851522234969008	0.008161159582325484	0.0014451326206513049	1.06838143	61.61579132	1.0257936	0.12785058959258538	0.0285184	0.00028
0.0629	-0.0409	0.9176	0.0022148228207808044	0.008084365095237734	0.0013124875974997359	1.13335311	65.36283875	1.03540988	0.1474555053761611	0.0232503	0.0001
0.0707	-0.0291	0.9051	0.0022427480888127134	0.008133234314293575	0.0013840460968315032	1.04070568	60.01967239	0.98157507	0.03951764932097584	0.0230283	9e-05
0.0892	0.0536	0.9489	0.002139773662945048	0.008365363104808822	0.0014154620233674013	1.09988952	63.43292236	1.01601875	0.16332595714594048	0.0264348	0.00026
0.0857	0.0392	0.944	0.001843067690106012	0.008403760348352695	0.001420698011123384	1.08303547	62.46091843	0.99616736	0.039816960206944634	0.0257658	0.0002
0.0788	0.003	1.0057	0.0025638886711796703	0.010245082709206713	0.0008726646259971648	1.10282373	63.60214615	1.05622987	0.26030883635269486	0.0299261	0.00073
0.0725	-0.0944	0.905	0.002050761871093337	0.009122836000174361	0.0007923794804054256	1.14603913	66.09446716	1.07121237	0.29018293273552126	0.0224926	0.00011
0.0678	-0.0891	0.8755	0.0016231562043547262	0.008648106443631903	0.000778416846389471	1.07939684	62.25107193	0.99277451	0.08531489286485126	0.0207308	0.00016
0.0675	-0.0906	0.7933	0.0026110125609835172	0.00851022543272435	0.0008429940287132613	1.11183822	64.12203217	0.99994012	0.14351572749300667	0.0189252	0.00015
0.0645	-0.0174	0.7107	0.0022165681500327986	0.0075991635631833115	0.0009302604913129776	1.09961057	63.41683578	1.04062191	0.22843863715457363	0.0149618	5e-05
0.0527	0.0027	0.7381	0.0009581857593448868	0.007251843042036439	0.0008377580409572782	1.02771473	59.27045822	0.98432869	0.1442102681095242	0.0146716	8e-05
0.0553	-0.0745	0.6771	0.0008307767239493009	0.006656685767106373	0.0009232791743050004	1.07865381	62.20821762	1.02213506	0.1812043721836686	0.0124776	5e-05
0.0548	-0.1667	0.6097	0.0012339477811599909	0.006756169534470049	0.0008674286382411819	1.04587114	60.31757355	1.00423765	0.18802526803190925	0.0132476	6e-05
0.0516	-0.0736	0.581	0.0019006635554218248	0.006976081020221335	0.0007470009198535729	1.08391929	62.5118866	1.02267435	0.17535274892003652	0.0132909	4e-05
0.0455	0.0852	0.609	0.001481784534943186	0.006681120376634293	0.0006387905062299246	1.11391675	64.24190521	1.05198658	0.23400250388446647	0.0136821	4e-05
0.0412	0.0085	0.593	0.0012409290981679683	0.006318091892219472	0.0006684611035138282	1.01145685	58.33282852	0.98093118	0.12867772592369708	0.0122176	5e-05
0.0419	-0.1199	0.5422	0.0012618730491919003	0.00613134166225608	0.0007958701389094143	1.07731843	62.1312027	1.02291037	0.19665516081914544	0.0115343	6e-05
0.037	-0.1013	0.5632	0.0009773843811168245	0.005953318078552658	0.0008203047484373349	1.02973688	59.38707352	0.9723194	0.06884734306532093	0.0123776	7e-05
0.0464	-0.0432	0.5369	0.0014660765716752368	0.005939355444536703	0.0009128071987930344	1.06578159	61.46585083	0.99384485	0.12355786374650336	0.0119291	5e-05
0.0445	0.0633	0.5157	0.0006283185307179585	0.005927138139772744	0.000874409955249159	1.15287781	66.48886871	1.0509642	0.17401862946325564	0.0142898	0.0001
0.0363	0.0213	0.5136	0.0009250245035569946	0.0059358647860327145	0.0007539822368615504	1.05076087	60.59957123	0.98691296	0.07359301687433088	0.0146794	0.00035
0.0296	-0.0368	0.5508	0.0005445427266222308	0.006164502918043972	0.0007068583470577034	0.96824419	55.84066391	0.9698111	0.1348121899374934	0.0136095	0.00036
0.0295	-0.2093	0.5034	0.0011641346110802177	0.006089453760208215	0.0008988445647770796	1.1184938	64.50587463	1.05728076	0.26433136300065607	0.014844	0.00019
0.0325	-0.2739	0.538	0.001382300767579509	0.006012659273120465	0.0010192722831646884	1.05413377	60.79409409	1.01237528	0.12296941809873255	0.0180979	0.00027
0.0441	-0.1751	0.5237	0.0015062191444711063	0.005632177496185701	0.0010402162341886204	1.02546299	59.14059067	1.00634732	0.15096720524251458	0.0174727	0.0002
0.0347	0.0097	0.5307	0.001429424657383356	0.0056653387519735934	0.0006859143960337716	1.14134216	65.82358551	1.06758619	0.2244128790515245	0.0139928	0.0001
0.0297	0.1	0.5246	0.0012147491593880533	0.0054768431927582064	0.0006126105674500097	1.01752973	58.68306732	0.97942058	0.12522374428972255	0.0142135	7e-05
0.0259	0.0202	0.4862	0.0010053096491487337	0.004961971063419879	0.0006038839211900379	0.97194123	56.0538826	0.97104388	0.1586519142918809	0.0126363	5e-05
0.015	0.0003	0.4775	0.0012060225131280816	0.004916592502868026	0.0004799655442984406	0.94311136	54.39120102	0.94807207	0.058000490071139936	0.0121524	5e-05
0.0168	0.0011	0.4532	0.0017400932642383465	0.004867723283812185	0.0004799655442984406	1.02051222	58.85506821	0.97259688	0.05604699850830529	0.0136595	0.00012
0.0257	0.0023	0.45	0.0018151424220741027	0.0048904125640881115	0.0005689773361501514	1.00377262	57.88965988	0.96117571	0.02263751149816967	0.0134352	0.00012
0.0267	0.035	0.5028	0.0009023352232810684	0.004885176576332128	0.000439822971502571	1.06851578	61.62353897	0.98929232	0.13885987755982993	0.0137637	0.00029
0.0347	-0.0841	0.4914	0.0006894050545377602	0.004759512870188536	0.0005235987755982988	1.05466592	60.82478333	1.01664177	0.15961848394913136	0.0151845	0.00033
0.0358	-0.1777	0.4728	0.001085594794740473	0.005017821599483697	0.0006387905062299246	1.03823447	59.87714767	0.99449256	0.15178451000647494	0.0179154	0.0002
0.038	-0.1278	0.4973	0.0015917402778188286	0.005276130328778859	0.0006946410422937432	1.02446687	59.08314514	0.98466799	0.11761523742186684	0.0176253	0.00023
0.0371	-0.0782	0.5581	0.0020717058221172693	0.005639158813193679	0.0006911503837897545	1.02253222	58.97156906	0.98948756	0.1536242343608625	0.017535	0.00017
0.0336	-0.0425	0.5749	0.0021170843826691216	0.005998696639104511	0.0006544984694978735	0.97220522	56.06910706	0.95611482	0.0780784150377282	0.0180034	0.00013
0.0332	-0.0002	0.5936	0.0023474678439323734	0.006438519610607082	0.0006963863715457374	0.98440546	56.77272034	0.95749174	0.09700471674068435	0.0191204	0.00012
0.0412	0.0705	0.6654	0.0021258110289290935	0.006274458660919614	0.0007033676885537148	1.05823624	61.03069687	1.00879297	0.1701349540849362	0.0211479	0.00021
0.0399	0.1015	0.7241	0.0018779742751458986	0.006368706440527309	0.000726056968829641	1.01563299	58.57367325	0.9873915	0.1092386906833408	0.0230116	0.00018
0.037	0.0013	0.7098	0.00233001455141243	0.0067212629494301625	0.0007766715171374765	1.01147842	58.33407211	0.99253105	0.16016056667386103	0.0215055	0.00014
0.0298	-0.0245	0.6894	0.0026563911215353696	0.006984807666481306	0.0006963863715457374	0.9862507	56.87913895	0.97080347	0.08691032163829107	0.0199689	8e-05
0.0345	-0.0454	0.6572	0.0025062928058638572	0.00669159235214626	0.0007347836150896127	0.97616744	56.29761505	0.95981256	0.0818855436775217	0.0184696	9e-05
0.0358	-0.0508	0.646	0.0024870941840919192	0.006679375047382299	0.0007888888219014368	0.9543882	55.04156113	0.95364679	0.02217605666738612	0.0176864	6e-05
0.0384	-0.0186	0.7443	0.0024050637092481865	0.006754424205218055	0.0008656833089891874	1.07355165	61.91396713	1.04106296	0.14479370598836194	0.0191203	8e-05
0.0355	0.0612	0.813	0.0019198621771937623	0.006993534312741278	0.0008185594191853405	1.06268108	61.2870369	1.03332909	0.18997177646907465	0.0199206	8e-05
0.0388	-0.0316	0.741	0.0020682151636132805	0.006567673975254662	0.000900589894029074	1.01255476	58.39614487	0.99581433	0.20091218993749327	0.0165777	8e-05
0.0287	-0.0665	0.7525	0.002464404903815993	0.007618362184955248	0.0008918632477691023	1.03342736	59.59991074	1.00278345	0.12928022980816345	0.0161963	8e-05
0.015	-0.0018	0.7627	0.0025202554398798117	0.008264134008193149	0.0007347836150896127	1.05658972	60.93573761	1.00946691	0.13153509959906057	0.0157085	5e-05
0.0185	-0.0214	0.6942	0.0024818581963359366	0.0076009088924353044	0.0007853981633974483	1.05315351	60.73756409	0.99232355	0.12921184538047775	0.0154344	6e-05
0.0275	0.0328	0.6729	0.002186897552748895	0.007005751617505238	0.000778416846389471	1.05536544	60.86512756	1.00094611	0.12935496177625427	0.0140577	0.0001
0.033	0.0786	0.624	0.002190388211252884	0.006370451769779303	0.0007539822368615504	1.0508256	60.60330963	0.99864164	0.1333612557878923	0.0149884	0.0001
0.0594	0.0524	0.5714	0.0016249015336067207	0.005501277802286126	0.0007766715171374765	1.06826055	61.60881805	1.02748948	0.1780674962707633	0.0139952	0.00015
0.0593	-0.0676	0.6254	0.0010576695267085637	0.006253514709895682	0.00045902159327450867	1.07986319	62.27796555	1.04111767	0.25595594191853394	0.0128947	8e-05
0.0464	-0.149	0.6164	0.0009372418083209549	0.006646213791594407	0.0003211405823669566	1.04480267	60.25595474	1.00375024	0.13585039054969428	0.0134861	4e-05
0.0502	-0.113	0.5558	0.0014905111812031574	0.005806710421385134	0.00038397243543875244	0.97125685	56.01441193	0.97599056	0.17318022980816355	0.0132107	6e-05
0.0461	-0.0127	0.6048	0.0007033676885537148	0.006359979794267337	0.0002740166925631097	1.03984523	59.970047	0.99620742	0.22591843042036444	0.0129426	4e-05
0.0476	-0.0742	0.5476	0.0006440264939859076	0.005806710421385134	0.0004433136300065597	0.95972645	55.34943008	0.96101407	0.15929537524467302	0.0125617	5e-05
0.0485	-0.1428	0.5146	0.0008691739674931761	0.005373868766890541	0.00040840704496667313	0.97503424	56.23226166	0.96044784	0.13714478565208743	0.0126152	6e-05
0.0497	-0.089	0.4763	0.0013980087308474581	0.005237733085234983	0.00042935099599060504	0.99275893	57.25448227	0.96734039	0.12759571980168857	0.0120761	0.00012
0.0487	0.0323	0.5044	0.0006876597252857658	0.004941027112395947	0.00031415926535897925	1.18105149	68.1137085	1.0416757	0.2065123354516176	0.0120611	0.00021
0.0524	0.0525	0.4907	0.0008342673824532895	0.005026548245743668	0.000296705972839036	1.04742467	60.40716553	0.98832033	0.05007910415175931	0.012491	0.00012
0.0529	-0.0647	0.4662	0.0008307767239493009	0.005119050696099368	0.0003001966313430247	1.07268572	61.86402893	1.01492558	0.14717418836818388	0.0114176	5e-05
0.0481	-0.0528	0.4571	0.0010332349171806431	0.005206317158699085	0.00023561944901923448	0.98307121	56.69577026	0.96025113	0.04351509190774248	0.0114106	2e-05
0.0448	-0.0621	0.4588	0.0009686577348568529	0.005321508889330711	0.00023212879051524583	1.02938533	59.36680222	0.97087035	0.023462978572970184	0.0117194	5e-05
0.0424	-0.03	0.4865	0.0009372418083209549	0.005366887449882563	0.0001186823891356144	1.03026092	59.41730118	0.98059882	0.07171204442336912	0.0110124	5e-05
0.0413	0.0256	0.4953	0.0005916666164260777	0.005288347633542819	4.71238898038469e-05	1.02952635	59.37493515	0.9760112	0.0902836753783195	0.0114629	4e-05
0.0409	-0.0505	0.4816	0.0004049163864626844	0.005044001538263612	9.075712110370512e-05	1.01595354	58.59215927	0.97902092	0.11393647782712296	0.0114657	9e-05
0.0402	-0.1446	0.4875	0.000710349005561692	0.005469861875750229	0.0001012290966156711	1.0427593	60.1381073	0.99086683	0.1377882466048795	0.0121392	7e-05
0.0403	-0.1017	0.4936	0.0006510078109938849	0.005529203070318036	0.00013788101090755203	0.98149824	56.60505295	0.95920149	0.05686671517137477	0.0114651	2e-05
0.0418	-0.0623	0.505	0.0011152653920243766	0.005619960191421741	0.000158824961931484	0.99152929	57.18356323	0.95987283	0.08109793265790644	0.0116009	3e-05
0.046	-0.006	0.6043	0.0022549653935766737	0.005839871677173027	0.0002251474735072685	1.1249131	64.876091	1.05344742	0.23109669994396836	0.0130249	8e-05
0.0536	0.1086	0.7253	0.0020141099568014562	0.005820673055401089	0.0003316125578789226	1.15855479	66.81627655	1.07981588	0.26152595714594046	0.0164552	9e-05
0.0563	0.062	0.7351	0.0016929693744344998	0.006119124357492119	0.0003682644721708035	1.01785815	58.70200348	0.9796729	0.09191218993749341	0.0159849	5e-05
0.0349	-0.0195	0.7462	0.0022410027595607188	0.006963863715457375	0.0003106686068549907	1.02771437	59.27043533	0.9951134	0.18651843042036437	0.0152819	7e-05
0.0363	-0.0237	0.811	0.002515019452123829	0.007693411342791005	0.0003612831551628262	1.009794	58.23693085	0.98158839	0.12310894341022886	0.0174557	4e-05
0.0349	-0.0031	0.8647	0.002567379329683659	0.007934266779566223	0.00039269908169872416	1.01950085	58.7967453	0.97360678	0.09193156204354729	0.0202113	7e-05
0.036	0.0161	0.9122	0.0024260076602721182	0.007829547024446562	0.00040666171571467877	1.04440534	60.23303604	0.9962546	0.08080270292735779	0.0231285	7e-05
0.04	0.009	0.9482	0.002209586833024821	0.007555530331883452	0.0003700098014227979	1.04611123	60.33141708	0.98915074	0.07345447170511446	0.0243763	9e-05
0.0414	0.0592	1.0739	0.0017976891295541592	0.0074176493209759005	0.0004799655442984406	1.06189513	61.24170685	1.02967316	0.2102867228626928	0.0309836	0.0003
0.0414	0.0211	1.0444	0.0018151424220741027	0.007471754527787724	0.00041538836197465044	1.03596973	59.74654007	0.99608627	0.07440678408277791	0.0285565	0.00019
0.0348	-0.0791	0.9509	0.0020996310901491783	0.0076393061359791795	0.0003647738136668148	1.08238447	62.42337036	1.0272236	0.2254327412287184	0.024451	0.00011
0.0305	-0.0511	0.9448	0.0022444934180647076	0.007867944267990437	0.00035081117965086024	1.04790699	60.43498611	0.98945659	0.05777315469713708	0.0235698	7e-05
0.0303	0.0136	1.0025	0.0022322761133007477	0.008000589291142005	0.00034906585039886593	1.03392577	59.62866211	0.99791559	0.12993038285837608	0.025551	7e-05
0.0341	0.0361	1.0181	0.0017959438003021652	0.0077440258910988395	0.00039968039870670147	0.98745781	56.94875336	0.96677637	0.07907551306747923	0.0267122	0.00013
0.0303	0.0581	1.0898	0.001244419756671957	0.007845254987714512	0.0004625122517784973	1.03192782	59.51343536	1.00331302	0.13327924966588392	0.0321124	0.00044
0.0317	0.0054	1.1076	0.0016982053621904826	0.008386307055832754	0.0006161012259539982	1.02878571	59.33221817	1.00036385	0.12932133239061325	0.0346113	0.00058
0.0252	-0.0233	1.1075	0.002336995868420407	0.008991936306274786	0.0006213372137099814	1.05854952	61.04876328	0.99867391	0.09778278722139697	0.0345255	0.00081
0.0253	-0.0174	1.0639	0.002237512101056731	0.00913505330493832	0.0005742133239061344	1.0415169	60.06645203	0.99024869	0.06408623279155273	0.0323371	0.00066
0.0306	-0.0128	1.0537	0.0023753931119642824	0.008943067087218945	0.0006440264939859076	1.06625903	61.49338531	1.00024874	0.040084019935335	0.0329628	0.00074
0.0323	0.0593	1.1954	0.0018797196043978928	0.008604473212332044	0.0006492624817418905	1.19249153	68.77347565	1.09823634	0.2574751685104636	0.0427291	0.00314
0.0292	0.0881	1.2343	0.0012409290981679683	0.008765043503515523	0.0005026548245743669	1.03934968	59.94146729	1.00743176	0.11809842272904628	0.0453966	0.00437
0.0324	-0.0277	1.1225	0.0012793263417118436	0.00853815070075626	0.0004729842272904633	1.12020254	64.60442352	1.06269198	0.245548032179352	0.0362113	0.00118
0.0351	-0.1063	1.0664	0.0015899949485668342	0.008569566627292158	0.00045902159327450867	1.08644938	62.6578064	1.01291439	0.15520235837034224	0.0337106	0.00073
0.0267	-0.0835	1.0283	0.002150245638457014	0.008936085770210968	0.0004974188368183839	1.07730675	62.1305275	1.00038304	0.11755835381764328	0.0313267	0.00054
0.0349	-0.0067	1.1508	0.002542944720155738	0.00891688714843903	0.000609119908946021	1.16059947	66.93419647	1.08407372	0.23367993877991497	0.0385961	0.00213
0.0295	0.102	1.2959	0.0017872171540421933	0.008623671834103981	0.0007225663103256524	1.11976957	64.57945251	1.0795253	0.3173194640914112	0.0497786	0.00688
0.0279	0.0537	1.3026	0.0014608405839192536	0.008737118235483614	0.0008866272600131194	1.04059637	60.01336288	0.99876205	0.0867941960595019	0.0506504	0.00698
0.0435	-0.0448	1.2417	0.0021572269554649913	0.009375908741713538	0.001059414855960558	1.06983733	61.69975281	1.02280858	0.25039822368615505	0.0471223	0.00491
0.0383	-0.0309	1.2328	0.0024260076602721182	0.010171778880622952	0.0009354964790689606	1.08799326	62.74684525	1.00115871	0.08742846103040705	0.0462293	0.00494
0.0319	-0.0128	1.2734	0.0020280725908174107	0.010058332479243322	0.0009180431865490173	1.03557861	59.72398376	0.98371934	0.09154173816771424	0.0486826	0.00637
0.0397	0.0724	1.344	0.0017348572764823637	0.010288715940506572	0.0010157816246606998	1.09663558	63.24526596	1.02429109	0.194666860685499	0.0555999	0.01183
0.04	0.0649	1.3721	0.0014346606451393388	0.010887363873940627	0.001090830782496456	1.0798434	62.27682495	1.00248641	0.08459468613064182	0.0593063	0.01474
0.0429	-0.0234	1.3454	0.0014172073526193955	0.010590657901101592	0.001059414855960558	1.05770469	61.00003815	1.01210389	0.13517875959474399	0.0554473	0.01118
0.0422	-0.0866	1.2993	0.0014346606451393388	0.010300933245270531	0.0009808750396208131	1.06160426	61.22493362	0.9967461	0.1292858882345375	0.0502505	0.00754
0.0279	-0.0697	1.2719	0.001668534764906579	0.010206685465662838	0.0010803588069844899	1.07351744	61.91199112	0.98898771	0.07998028333693036	0.0486596	0.00629
0.0222	0.019	1.3876	0.001439896632895322	0.010248573367710704	0.0011239920382843482	1.18245864	68.19486237	1.08397225	0.22580796326794897	0.0585781	0.01378
0.0313	0.0866	1.4103	0.001158898623324235	0.01048070215822595	0.001085594794740473	1.06412458	61.37028503	1.01735262	0.1269762021815105	0.0602659	0.0153
0.0353	0.0116	1.376	0.001129228026040331	0.010609856522873528	0.0010803588069844899	1.01827729	58.72618103	0.98572485	0.1215030474843735	0.0568058	0.01195
0.0382	-0.0414	1.4111	0.0013055062804917586	0.010768681484805013	0.0012618730491919003	1.03830254	59.881073	0.99687094	0.11683087292951624	0.0611732	0.01643
0.0354	-0.0123	1.4811	0.0016912240451825054	0.01082802267937282	0.0014364059743913332	1.08222413	62.41412354	1.02693952	0.1328795942228994	0.0686572	0.02419
0.0206	0.0321	1.5414	0.001759291886010284	0.010374237073854296	0.0014870205226991688	1.10132277	63.51558685	1.02392206	0.14812339973270697	0.0732641	0.03004
0.0153	0.0393	1.5054	0.0017121679962064373	0.009946631407115682	0.0013788101090755204	1.05660951	60.93687439	1.01249039	0.07764699850830543	0.0693031	0.02453
0.0186	-0.0265	1.4315	0.001408480706359424	0.009939650090107706	0.0012060225131280816	1.13387358	65.39286041	1.05938586	0.16717281014012153	0.0612538	0.01607
0.0255	0.0313	1.4174	0.0013456488532876281	0.010019935235699447	0.0010995574287564276	1.09640157	63.23176575	1.01761488	0.09127910415175955	0.0592499	0.014
0.0347	0.0318	1.3494	0.0013910274138394805	0.01011418301530714	0.001090830782496456	1.0696311	61.6878624	1.00198705	0.0851176493209759	0.0542912	0.00998
0.0378	-0.0195	1.2713	0.0018744836166419098	0.010119419003063122	0.0010803588069844899	1.08077979	62.33082581	1.01772524	0.15745820830351867	0.0499027	0.00635
0.0418	-0.1017	1.2435	0.002001892652037496	0.009402088680493453	0.0010821041362364843	1.06906736	61.65534973	1.01797786	0.1563242343608625	0.0468884	0.00524
0.0513	-0.1351	1.1461	0.001895427567665842	0.009079202768874502	0.0008883725892651138	1.10194898	63.55169678	1.05707956	0.17145412714809893	0.0365319	0.00143
0.0552	-0.1321	1.0422	0.0021013764194011725	0.008868017929383189	0.000853466004225227	1.09156179	62.95264816	1.03344256	0.1334020138133264	0.0292472	0.00041
0.0495	0.0523	1.0972	0.0013997540600994523	0.009026842891314672	0.0007819075048934597	1.16290677	67.06726074	1.08250456	0.29170029102824846	0.0322224	0.00072
0.0496	0.0509	1.047	0.0013002702927357754	0.00952600705738505	0.0007888888219014368	1.02280605	58.98735809	0.99451024	0.08198146252210162	0.0301992	0.00051
0.0546	-0.0567	0.9364	0.0018081611050661253	0.009269443657341885	0.0008883725892651138	1.07917237	62.23812485	1.03461905	0.2663968989868596	0.0240218	0.00015
0.0534	-0.0467	0.9535	0.002169444260228951	0.009361946107697583	0.0008115781021773631	1.03444755	59.65874863	0.9782071	0.05482900463031376	0.0240532	0.00019
0.052	-0.025	0.9596	0.0023596851486963333	0.009403834009745446	0.0007592182246175333	1.04515707	60.27639389	0.98112096	0.04342443340375373	0.0244931	0.00029
0.0558	-0.0156	0.9486	0.002579596634447619	0.00913854396344231	0.0007888888219014368	1.11823297	64.49082947	1.0082407	0.049943606466916285	0.0252636	0.00049
0.0527	0.0907	1.073	0.002082177797629235	0.008960520379738888	0.0007155849933176752	1.22146451	70.44441223	1.08601592	0.2712373124552783	0.0330092	0.00101
0.0509	0.0536	1.0653	0.0019006635554218248	0.009208357133522081	0.0006894050545377602	1.05027676	60.57165527	0.99418199	0.06937654673852597	0.0313581	0.00074
0.0585	-0.069	0.9361	0.0029234264970905022	0.009449212570297301	0.0007993607974134029	1.11807644	64.48180389	1.04740327	0.3280787060659769	0.0278522	0.00047
0.0633	-0.1416	0.8222	0.003347541505325124	0.008515461420480335	0.0007504915783575615	1.10087514	63.48976517	1.031736	0.26163676885537146	0.0247323	0.00019
0.0609	-0.1203	0.8343	0.00238237442897226	0.008283332629965088	0.0005864306286700947	1.05620897	60.9137764	0.98225643	0.10386784082777888	0.0212873	5e-05
0.0558	-0.0113	0.8596	0.0025638886711796703	0.008447393579652554	0.0004537856055185257	1.07938361	62.25030518	1.01482312	0.16331101075232227	0.0209869	4e-05
0.0522	0.0485	0.8477	0.00249931148885588	0.008351400470792867	0.0004747295565424576	0.99447536	57.35346985	0.97241555	0.08437571211037052	0.0208806	9e-05
0.0523	-0.0076	0.7991	0.0025115287936198403	0.007827801695194567	0.0004904375198104066	1.0023005	57.80476379	0.96939574	0.1323762021815104	0.0192317	0.0001
0.0563	-0.1016	0.7841	0.0019861846887695473	0.0075782196121593785	0.0004747295565424576	1.02590442	59.16605377	0.99462915	0.1525317075576716	0.0173151	6e-05
0.0605	-0.1012	0.7675	0.001710422666954443	0.007330382858376183	0.0004939281783143952	0.99174434	57.19596863	0.97054824	0.04833986986851191	0.0161259	5e-05
0.059	-0.0534	0.7805	0.0015289084247470327	0.007475245186291714	0.00039269908169872416	1.02275515	58.98442841	0.97850568	0.08368028333693059	0.0156145	3e-05
0.0621	0.0416	0.7683	0.0012863076587198209	0.007571238295151402	0.0003525565089028545	1.05724454	60.97350311	1.02146077	0.12923682238413847	0.0158649	4e-05
0.0598	0.0061	0.6786	0.0006003932626860494	0.007375761418928036	0.0003316125578789226	1.03740406	59.82926178	1.01534778	0.17261676116405344	0.0137146	7e-05
0.059	0.0214	0.6731	0.0006021385919380437	0.0071069807141209106	0.00042760566673861073	0.94283336	54.37516785	0.95531258	0.03992595714594034	0.0138362	8e-05
0.0539	-0.1181	0.6694	0.001356120828799594	0.006436774281355088	0.0005305800926062762	1.05015492	60.5646286	1.02781369	0.22465815477475193	0.0144354	0.00015
0.0558	-0.1862	0.6491	0.0019373154697137059	0.0066881016936422705	0.00027750735106709843	1.02138495	58.90540695	0.99347194	0.1445797397370236	0.0153666	7e-05
0.0602	-0.1885	0.6949	0.0020996310901491783	0.006548475353482724	0.00016929693744344995	1.03734398	59.82579422	1.0009447	0.07300761871093331	0.0153038	0.0001
0.0304	-0.064	0.7372	0.0003630284844148205	0.0067491882174620715	-0.0001937315469713706	1.10046887	63.46633911	1.04890711	0.31161719770642626	0.0133472	7e-05
0.0335	0.0785	0.7114	0.0005340707511102648	0.005991715322096533	-4.363323129985824e-05	1.1333518	65.36276245	1.06298484	0.22533067388662467	0.0140576	6e-05
0.037	-0.0247	0.6054	0.0011955505376161158	0.005649630788705644	2.268928027592628e-05	1.06228995	61.26448059	1.03240711	0.2661943415736262	0.013459	8e-05
0.0198	-0.0248	0.6018	0.0013334315485236678	0.005667084081225588	-0.00021467549799530252	0.99115592	57.16203308	0.97342078	0.04053495408493627	0.0131841	9e-05
0.0111	0.0146	0.6303	0.0010088003076527223	0.005679301385989549	-0.0003822271061867582	1.03650832	59.77759933	0.98338411	0.10182000769131808	0.0132694	0.00011
0.0119	-0.0027	0.6291	0.0011536626355682519	0.0056985000077614855	-0.00038397243543875244	1.00274837	57.83059311	0.97138909	0.027590313946973	0.0135695	7e-05
0.011	-0.0161	0.6288	0.0012636183784438947	0.005796238445873169	-0.0003892084231947355	0.96850497	55.85570526	0.95778942	0.025246508437165423	0.0130448	4e-05
0.0094	0.0134	0.6802	0.0008779006137531476	0.005651376117957638	-0.0003577924966588376	1.04369283	60.19194412	0.97830569	0.11059980095710877	0.0149059	0.00016
0.0114	-0.0201	0.6723	0.0007382742735936014	0.005569345643113905	-0.00040666171571467877	1.00206363	57.79109955	0.97601183	0.056926301702956046	0.0164011	0.00014
0.0137	-0.1235	0.6387	0.0010088003076527223	0.0054873151682701725	-0.00038397243543875244	1.04439998	60.23272705	0.99854809	0.1580622894589389	0.0181197	0.00018
0.013	-0.1113	0.6309	0.0012199851471440364	0.005527457741066041	-0.0004136430327226561	1.00833309	58.15267181	0.97367544	0.03474990047855436	0.0182948	0.00014
0.0106	-0.1004	0.6413	0.0011309733552923255	0.00554665636283798	-0.0005270894341022875	0.98948699	57.06578064	0.96295129	0.034782840750163996	0.0181064	0.0001
0.0112	-0.0587	0.6357	0.001181587903600161	0.005686282702997525	-0.0005253441048502931	0.96988827	55.93548203	0.95592424	0.057499310885968685	0.0178297	8e-05
0.0102	-0.0308	0.6417	0.0010314895879286487	0.005691518690753509	-0.0005462880558742252	1.00482559	57.95038986	0.97394571	0.04371391272257141	0.017915	5e-05
0.0088	-0.0003	0.6535	0.0008639379797371932	0.005712462641777441	-0.0005724679946541401	1.01034021	58.26843262	0.97523977	0.05443377489976504	0.0177274	0.00011
0.0161	0.0521	0.648	0.0012671090369478833	0.005827654372409066	-0.0005305800926062762	1.00564361	57.99757004	0.98181882	0.09321253449450889	0.0173959	7e-05
0.0115	0.0783	0.66	0.0010070549784007281	0.006679375047382299	-0.0005270894341022875	0.98277479	56.67867661	0.97568515	0.09856326960121885	0.0185651	4e-05
0.0113	0.0228	0.5897	0.0002897246558310587	0.006419320988835145	-0.0004380776422505767	1.00586772	58.01049042	0.99870888	0.17931980864842673	0.0161324	5e-05
0.0079	-0.1257	0.5351	0.0008028514559173916	0.006269222673163632	-0.0004572762640225143	1.02945375	59.37075043	1.01469635	0.24062118687648917	0.0164843	4e-05
0.0082	-0.1371	0.5336	0.0009564404300928925	0.006154030942532006	-0.00042760566673861073	0.91874039	52.98567581	0.93537495	0.028122565104551585	0.0158279	6e-05
-0.0044	-0.1163	0.3161	-0.00014486232791552936	0.004406956361285682	-0.0006702064327658224	1.39291728	80.33245087	1.30665895	0.40544890526409777	0.0246118	0.00079
-0.0125	-0.1268	-0.0001	-0.0013316862192716734	0.001912880860185785	-0.0008831366015091308	1.81191385	104.49685669	1.62861708	0.5294914780599673	0.0481141	0.00768
0.005	0.0856	0.0647	-0.0010035643198967395	0.0022008601867648495	-0.0010000736613927507	1.24150467	71.60016632	1.16525792	0.3313519142918808	0.0399348	0.0026
0.0198	0.0198	0.0578	-0.00020943951023931956	0.0027523842303950577	-0.0010663961729685354	1.01155567	58.33853149	1.00903552	0.15809856824317065	0.0386056	0.00181
0.0157	-0.1059	0.0396	-1.7453292519943294e-06	0.0025080381351158514	-0.0011763519158441782	1.01940823	58.79140472	1.01320884	0.17609980095710867	0.0406575	0.00253
0.017	-0.0615	-0.0381	0.0007068583470577034	0.0018884462506578647	-0.0015428710587629874	1.04184926	60.08562088	1.03702706	0.20813573518432468	0.0483269	0.00494
0.0245	0.1141	0.0209	0.0001064650843716541	0.0011850785621041497	-0.0017383479349863521	1.12258494	64.74182129	1.09534345	0.3170618913731565	0.0462598	0.00437
-0.0034	0.0879	0.0058	0.00032637657012293966	0.0013857914260834976	-0.0019163715186897737	1.02512467	59.12107849	0.99951003	0.09913239667170272	0.0461606	0.00389
0.02	-0.0315	-0.0194	0.0008691739674931761	0.0013526301702956054	-0.0016039575825827887	1.06796861	61.59197998	1.05387705	0.21241862946325568	0.0468301	0.004
-0.0164	-0.0428	-0.0632	0.0021118483949131386	0.0007400196028455958	-0.0018029251173101424	1.07876325	62.21453094	1.07379845	0.19421262647986628	0.0495895	0.00759
-0.0215	-0.0462	-0.0624	0.0011955505376161158	0.0011187560505283654	-0.0018483036778619948	1.04426432	60.22490692	1.02837767	0.07632064327658222	0.0503852	0.00604
-0.008	-0.0724	-0.0283	0.0007435102613495844	0.0013980087308474581	-0.0016336281798666925	0.99501443	57.38455963	0.98418947	0.12109842272904632	0.0470794	0.00406
-0.003	-0.0377	0.0076	0.00018151424220741024	0.0014660765716752368	-0.001574286985298885	0.95733964	55.21177673	0.96173906	0.110070252726888	0.0440109	0.00336
-0.0028	-0.0291	-0.021	0.0003647738136668148	0.0013683381335635543	-0.001579522973054868	1.06943464	61.67652893	0.9918015	0.05171169986635351	0.0479686	0.00497
0.0001	0.0161	0.0327	0.00038571776469074686	0.0011362093430483087	-0.00147131255943122	1.08663046	62.66824722	1.03390531	0.11986415775814128	0.043448	0.00337
0.0016	0.1197	0.3045	0.001265363707695889	0.0005672320068981572	-0.0009302604913129776	1.54948974	89.36231232	1.39521089	0.4763837673636768	0.0250144	0.00076
-0.0059	-0.0132	0.2787	0.0011885692206081383	0.00102799892942466	-0.000905825881785057	1.16938233	67.4407196	1.08024607	0.19429980095710872	0.0252097	0.00051
0.0004	-0.0631	0.3184	0.0014346606451393388	0.002450442269800039	-0.0005794493116621174	1.14727211	66.16558075	1.05394673	0.19564556675147596	0.0221329	0.00018
-0.0055	-0.0112	0.4273	0.0019530234329816546	0.00400727596257898	-0.0004328416544945937	1.15853405	66.81507874	1.06463149	0.27779020688943906	0.0173443	9e-05
-0.0061	-0.0217	0.4558	0.0021467549799530253	0.004574507969477138	-0.00030368728984701333	1.0106833	58.28821564	0.97580982	0.08410589592585539	0.0162412	7e-05
0.0207	0.0213	0.6147	0.002897246558310587	0.006846926655573755	0.00012217304763960306	1.22116339	70.4270401	1.11578	0.4011385300970398	0.017589	8e-05
0.0119	0.0259	0.6495	0.0025062928058638572	0.006831218692305806	5.4105206811824215e-05	1.10248637	63.58269501	1.03201462	0.07193647782712283	0.0175188	0.00011
0.0117	-0.0294	0.5763	0.0022410027595607188	0.005918411493512772	-2.6179938779914945e-05	1.07246351	61.85121155	1.02242653	0.19161911953439553	0.0155963	7e-05
0.0324	0.0079	0.6311	0.0020629791758572974	0.005729915934297383	-2.094395102393195e-05	1.00794935	58.13054657	0.98869038	0.13138775653373963	0.0146857	5e-05
0.0411	0.0423	0.7235	0.0023352505391684127	0.0060021872976084994	9.250245035569947e-05	1.07959783	62.26266098	1.0329894	0.1683994564000932	0.0172859	8e-05
0.0334	-0.0713	0.6314	0.0023701571242082994	0.005461135229490257	8.901179185171081e-05	1.08054352	62.31719971	1.03572885	0.242372465583106	0.015212	0.0001
0.0162	-0.0732	0.6092	0.002590068609959585	0.006021385919380436	5.93411945678072e-05	1.03464651	59.67022324	0.98929225	0.08179163864626841	0.0141042	9e-05
-0.0058	-0.0264	0.6863	0.0026389378290154262	0.007045894190301109	-6.806784082777885e-05	1.0510211	60.61458206	1.01349034	0.20593932626860503	0.0141432	5e-05
-0.0166	0.0263	0.8321	0.0031381019950858045	0.007129669994396836	0.0001186823891356144	1.15028715	66.33946228	1.08583221	0.2477845100064749	0.0191916	9e-05
-0.0171	0.0621	0.8213	0.0025324727446437724	0.006852162643329738	0.00022340214425527416	1.08493435	62.57043076	1.02360571	0.09649281783143937	0.0183865	7e-05
-0.0027	0.055	0.9259	0.0021275563581810873	0.006333799855487422	0.00023387411976724014	1.0897733	62.84950256	1.03894741	0.17278755749084823	0.0212028	9e-05
0.0114	0.0946	0.995	0.001504473815219112	0.00680852941202988	0.0003665191429188092	0.99661136	57.47665787	0.98164485	0.18432285613280008	0.0248895	0.00012
0.024	-0.0121	0.9441	0.0015969762655748114	0.006536258048718765	0.0005183627878423159	1.08011544	62.2925148	1.01937477	0.196030872929516	0.0226973	0.00011
0.0251	-0.07	0.9251	0.001973967384005587	0.006351253148007365	0.000582939970166106	1.05174637	60.6564064	0.99169059	0.10932866007329828	0.0225126	0.00014
0.007	-0.0594	0.9481	0.0025499260371637153	0.0069307024596694826	0.0005672320068981572	1.03855395	59.89557648	0.98686311	0.11025579640440974	0.0234311	0.00012
-0.0067	-0.0511	0.9874	0.0027436575841350863	0.007606144880191289	0.0005061454830783556	1.03539574	59.71343231	0.98187108	0.10781302456564897	0.0266423	0.00017
-0.0021	0.0023	1.0866	0.0022602013813326567	0.007066838141325039	0.0005183627878423159	1.12104571	64.65304565	1.04496542	0.208949012321632	0.0332595	0.00067
0.0007	0.0601	1.1565	0.0014974924982111347	0.007393214711447979	0.0005113814708343385	1.08658254	62.66548157	1.019688	0.18530333851262204	0.0371445	0.00112
0.0097	-0.0203	1.1102	0.001408480706359424	0.0073897240529439915	0.0005515240436302081	1.04446018	60.23620224	1.00807834	0.1423322511575784	0.0327013	0.0006
0.013	-0.0677	1.016	0.001462585913171248	0.006988298324985294	0.0005148721293383271	1.08160949	62.37868118	1.02519781	0.16950914245312015	0.0263664	0.00032
0.0148	-0.0586	0.9479	0.0020769418098732523	0.006618288523562498	0.000466002910282486	1.06555903	61.45301437	1.00823893	0.13066174585903212	0.0242704	0.00017
0.002	-0.0095	0.9576	0.00277332818141899	0.006799802765769907	0.0003647738136668148	1.09181547	62.96728134	1.00878891	0.12055648551844093	0.0252023	0.00019
0.0028	0.0131	0.9347	0.001998401993533507	0.006061528492176306	0.00026354471705114377	1.04683626	60.37322998	1.00261643	0.1270214779047378	0.0231788	0.00016
0.0072	0.0038	0.8295	0.002036799237077382	0.005403539364174444	0.0002844886680750757	1.05910516	61.08080673	1.01045058	0.1547665161284834	0.0205469	0.00021
0.0227	-0.0642	0.6977	0.00210835773640915	0.004831071369520303	0.0003961897402027128	1.10797596	63.89928436	1.05602594	0.25308637830567726	0.0181437	0.00021
0.0314	-0.2004	0.5787	0.002707005669843205	0.004906120527356061	0.00024609142453120044	1.12360156	64.80044556	1.06593933	0.30508977034706614	0.0196499	0.00035
0.0149	-0.1687	0.5432	0.0026092672317315226	0.005319763560078716	-0.00037524578917878077	1.01253593	58.39506149	0.99005097	0.1403359342272159	0.0187742	0.00027
0.0247	-0.0118	0.55	0.0019931660057775245	0.004696681017116741	-0.00045553093477052	1.17308533	67.65428162	1.07636495	0.23947344572538565	0.017325	0.00024
0.0244	-0.0338	0.5882	0.0007138396640656808	0.005141739976375294	-0.00041538836197465044	1.05742729	60.98403931	1.01148177	0.14872639368831322	0.017473	0.00015
0.0407	-0.0683	0.499	0.0015271630954950383	0.005429719302954359	-0.0003001966313430247	1.07568872	62.03721237	1.06580986	0.2008247244320024	0.0178507	0.00016
0.0444	-0.1519	0.3827	0.0018064157758141308	0.00541401133968641	-0.0004537856055185257	1.09890771	63.37630463	1.06730591	0.22602748088812716	0.0215077	0.00025
0.0353	-0.1009	0.3092	0.002553416695667704	0.004602433237509047	-0.0007138396640656808	1.05322647	60.7417717	1.02312791	0.22453165402890457	0.023064	0.00035
0.0349	0.0648	0.3762	0.002064724505109292	0.004251622057858187	-0.0007470009198535729	1.11290693	64.18367004	1.06728271	0.2767332312998582	0.0201285	0.00035
0.0386	0.0772	0.3482	0.002569124658935653	0.0042603487041181585	-0.0005951572749300663	1.03527927	59.70671463	0.9776019	0.07734852225049192	0.0219859	0.00034
0.0374	-0.0769	0.3014	0.0026808257310632897	0.00411548637620263	-0.0005515240436302081	1.06952369	61.68166733	1.03661979	0.2171098315671512	0.0226091	0.00035
0.0371	-0.1417	0.2705	0.0031555552876057474	0.004009021291830974	-0.0005881759579220891	1.01122129	58.31924057	0.9947615	0.12689232776029968	0.0245208	0.00048
0.0085	-0.0748	0.1913	0.003008947630438224	0.003602359576116296	-0.000752236907609556	1.08709133	62.69482803	1.0571179	0.21056651612848343	0.0272102	0.00096
0.0185	-0.053	0.2105	0.0024068090385001802	0.003570943649580398	-0.0005288347633542819	0.9968226	57.48884201	0.99418531	0.0938478331364608	0.0248911	0.00037
0.0139	-0.052	0.2196	0.002530727415391778	0.0034836771869806815	-0.0006544984694978735	0.93491334	53.91840363	0.95099254	0.031542427281745285	0.0251256	0.00047
0.0018	0.0344	0.2709	0.0022026055160168437	0.003193952531149623	-0.0008918632477691023	1.04931462	60.51616287	0.99769342	0.19256056667386104	0.0229437	0.00049
0.0126	-0.0012	0.2904	0.002251474735072685	0.003223623128433527	-0.0008185594191853405	1.00912857	58.19855118	0.96570016	0.07349218224617537	0.0214897	0.00069
0.0275	-0.0976	0.2958	0.0025551620249196984	0.003342305517569141	-0.0007243116395776468	1.02992129	59.39771271	0.99173806	0.14253087292951608	0.0209301	0.00046
0.0238	-0.118	0.3052	0.00222529479629277	0.003459242577452761	-0.0008185594191853405	1.02718639	59.23998642	0.9785227	0.0605526034059121	0.0213277	0.0004
0.0169	-0.0779	0.3138	0.0018622663118779497	0.0034714598822167216	-0.000890117918517108	1.08840609	62.77065277	0.98759593	0.07794021442552743	0.0215577	0.00047
0.0076	-0.0597	0.322	0.0013648474750595659	0.003159045946109736	-0.0009826203688728075	1.07061028	61.74433136	0.99330275	0.08081676116405342	0.022845	0.00039
0.0158	0.006	0.3836	0.001329940890019679	0.0029146998508305304	-0.0009023352232810684	1.10607779	63.789814	1.02902714	0.1534768912955416	0.0212139	0.00034
0.0156	0.0889	0.5083	0.0015376350710070042	0.002958333082130389	-0.0008115781021773631	1.12483108	64.87136078	1.06240137	0.2249042266695444	0.0194103	0.00021
0.016	-0.001	0.4592	0.0016667894356545846	0.003005456971934235	-0.0008307767239493009	1.03756976	59.8388176	0.99971488	0.14917384381116816	0.0200176	0.00011
0.015	-0.0901	0.4256	0.0019233528356977512	0.0031503192998497648	-0.0008307767239493009	1.04438019	60.23158646	0.9981518	0.14377128639793482	0.0224872	0.00023
0.0121	-0.0708	0.4212	0.0016772614111665507	0.0031293753488258326	-0.0008709192967451704	1.0259285	59.16743851	0.97441981	0.04195889741755006	0.0229254	0.00027
0.0103	-0.0677	0.4195	0.0017174039839624202	0.003089232776029963	-0.0008674286382411819	1.01322818	58.43498611	0.97895958	0.010788790204786425	0.0229	0.00017
0.0176	-0.0282	0.4046	0.002366666465704311	0.0032306044454415038	-0.0008464846872172499	1.00576651	58.00465775	0.98298728	0.10227890510886815	0.0232412	0.00014
0.0237	0.0536	0.403	0.002012364627549462	0.003164281933865719	-0.0008412486994612669	0.992185	57.22138214	0.98164471	0.1107930168743308	0.0225428	8e-05
0.0279	0.0017	0.4019	0.001446877949903299	0.003127630019573839	-0.0007923794804054256	0.97861236	56.43861771	0.97020125	0.08975039054969426	0.0206223	0.0001
0.0223	-0.1406	0.3114	0.0019949113350295183	0.0031363566658338103	-0.0007487462491055673	1.06482565	61.41071701	1.03720053	0.2684196631343024	0.0237836	0.0002
0.0144	-0.1607	0.2683	0.0023474678439323734	0.0030473448739821	-0.0007592182246175333	0.95596379	55.13242722	0.96006237	0.09370201381332659	0.0247025	0.0002
0.0148	-0.0869	0.3225	0.0017226399717184032	0.002633701841259443	-0.00062482787221397	0.97631896	56.30635452	0.9911588	0.18704306286700953	0.0201452	7e-05
0.0175	0.0377	0.3133	0.0014573499254152652	0.0024975661596038853	-0.0006981317007977319	1.05316067	60.73797226	1.03099681	0.1602364778271229	0.0188917	0.00011
0.0194	0.0352	0.284	0.0015428710587629874	0.0023492131731843676	-0.0006841690667817771	1.03271568	59.55886841	0.9884398	0.046091837689159774	0.0191158	8e-05
0.0204	-0.0265	0.2369	0.001837831702350029	0.0024155356847601517	-0.0006370451769779302	1.0341934	59.64409637	0.99237188	0.1302203522483336	0.0210022	9e-05
0.0205	-0.0608	0.2113	0.002012364627549462	0.00243473430653209	-0.0005794493116621174	1.00187612	57.7802887	0.96449208	0.0725663706143592	0.0220514	8e-05
0.0224	-0.0477	0.2273	0.0018256143975860688	0.002553416695667704	-0.00048520153205442357	1.05744791	60.98522949	0.98042864	0.05098401993533508	0.0218083	0.0001
0.0173	-0.0379	0.2519	0.0018151424220741027	0.0027279496208671367	-0.0005497787143782138	1.09570956	63.19185638	0.99939485	0.05197910415175945	0.0206077	8e-05
0.0122	0.0146	0.2978	0.0014049900478554352	0.002713986986851182	-0.000736528944341607	1.03944004	59.94667816	0.98800829	0.13404326190990076	0.0188757	8e-05
0.0107	-0.0211	0.289	0.0012514010736799342	0.0029024825460665696	-0.0007243116395776468	1.00333512	57.86442947	0.96754234	0.06371509190774248	0.0187337	9e-05
0.0086	-0.131	0.249	0.0015062191444711063	0.0027035150113392165	-0.0006963863715457374	1.08298492	62.45800018	1.01707488	0.1760855436775217	0.022374	0.00021
0.0061	-0.1146	0.245	0.0014346606451393388	0.002637192499763432	-0.0007120943348136865	1.03586233	59.740345	0.97491026	0.03057944870877507	0.0227214	0.00011
0.0053	-0.0915	0.2481	0.0014887658519511632	0.0027296949501191318	-0.0007278022980816354	1.04562628	60.30345154	0.9755614	0.035115781021773644	0.0226656	0.00011
0.0053	-0.0763	0.2508	0.0014049900478554352	0.0027331856086231197	-0.0007295476273336296	1.00349593	57.87370682	0.96119302	0.022350589592585537	0.0220343	9e-05
0.0117	0.0051	0.2686	0.001424188669627373	0.0026145032194875057	-0.0006928957130417488	1.07065606	61.74697113	0.99641666	0.1143266462599716	0.0211639	8e-05
0.007	0.0463	0.3055	0.0013543754995475996	0.0026511551337793865	-0.0007347836150896127	1.02739632	59.25209427	0.98529126	0.09021764932097587	0.0201985	7e-05
0.0065	-0.0238	0.3047	0.0012060225131280816	0.002537708732399755	-0.0007243116395776468	1.0248816	59.10705948	0.98739107	0.08501356816555573	0.0191716	5e-05
0.0068	-0.0855	0.3137	0.0016406094968746698	0.0026825710603152844	-0.0007155849933176752	1.00617647	58.02829742	0.97728859	0.1004087978961044	0.0188786	9e-05
0.0085	-0.0711	0.3313	0.002234021442552742	0.0030490902032340936	-0.0006387905062299246	0.98772007	56.96387863	0.96451877	0.08553627878423162	0.0174637	7e-05
0.0098	-0.0513	0.3815	0.003029891581462156	0.003909537524467298	-0.00035604716740684323	1.07520437	62.00928116	1.00746124	0.16825303994828503	0.0163715	8e-05
0.0074	-0.0279	0.4643	0.003316125578789226	0.004729842272904633	-0.0002548180707911721	1.09845901	63.35042191	1.01592882	0.1689883921190037	0.0141351	0.00014
0.0085	0.0018	0.5159	0.0030909781052819575	0.004839798015780276	-0.0002548180707911721	1.0272541	59.24388885	0.98368762	0.0991551608191456	0.0124651	4e-05
0.0155	0.028	0.5441	0.0024975661596038853	0.004687954370856769	-0.00019896753472735358	1.02587283	59.16423035	0.97462928	0.10145530633326987	0.012076	7e-05
0.0126	-0.0115	0.5422	0.0024923301718479027	0.004888667234836118	-9.075712110370512e-05	1.02720368	59.24097824	0.98435082	0.060007963267949	0.0126022	8e-05
-0.0119	-0.1065	0.5129	0.0032114058236695662	0.005797983775125162	8.726646259971648e-06	1.08572555	62.61605835	1.02437285	0.2351937979737192	0.0136061	9e-05
-0.0166	-0.054	0.5485	0.0031049407392979124	0.006269222673163632	1.2217304763960308e-05	1.02769649	59.26940536	0.97846691	0.1218597320457056	0.0123028	6e-05
-0.0147	-0.045	0.5428	0.0029862583501622975	0.006133086991508073	0.00012217304763960306	1.00421631	57.91524887	0.95969529	0.03483869068334088	0.0122622	8e-05
-0.012	-0.0231	0.5827	0.0028431413514987624	0.0063669611112753145	0.00013788101090755203	1.03383398	59.62336349	0.98478751	0.08413495408493632	0.0123559	8e-05
0.0028	0.0591	0.7582	0.0027104963283471934	0.007037167544041136	0.00011519173063162575	1.18976688	68.61634064	1.10545857	0.31377703680966573	0.0148725	5e-05
0.0094	0.0731	0.7089	0.002333505209916419	0.006326818538479445	0.00010995574287564276	1.03806436	59.86734009	1.00687208	0.12452880558742248	0.012719	3e-05
0.0059	-0.0451	0.6168	0.002373647782712288	0.005777039824101231	0.00011344640137963142	1.07243752	61.84970856	1.0298622	0.24347059728390352	0.0109302	7e-05
-0.0025	-0.1162	0.6172	0.0031258846903218446	0.006033603224144398	0.00019896753472735358	1.07206655	61.82831573	1.0116517	0.13461607205002224	0.0131924	9e-05
-0.0074	-0.0576	0.6782	0.0033981560536329595	0.006850417314077744	0.0002513274122871834	1.07866812	62.2090416	1.01652062	0.18157226654021463	0.0138512	9e-05
-0.0176	-0.0251	0.7823	0.0033545228223331013	0.0077335539155868735	0.00024609142453120044	1.09919596	63.39292908	1.04075426	0.19340029102824852	0.0160235	7e-05
-0.0116	-0.0174	0.6635	0.002398082392240209	0.007000515629749256	0.00016406094968746698	1.10491371	63.72267914	1.04424431	0.22107545953871216	0.0130006	3e-05
-0.0011	0.0088	0.6303	0.0019303341527057286	0.006476916854150957	0.00018151424220741024	1.04855478	60.47234726	0.99563946	0.12034001538263613	0.0125937	9e-05
0.0063	0.0209	0.6596	0.0018936822384138475	0.006352998477259359	0.0002600540585471551	1.02140975	58.90683365	0.98487813	0.060755505376161166	0.0140138	7e-05
0.0038	-0.0596	0.7059	0.0030927234345339517	0.008035495876181893	0.0005759586531581287	1.09999537	63.43903351	1.04170839	0.2891721594826806	0.0169423	0.00012
-0.0047	-0.0703	0.756	0.0033929200658769764	0.008686503687175778	0.0006178465552059926	1.04521799	60.27990723	0.99239837	0.1189546172192387	0.0185808	0.00011
-0.0121	-0.065	0.7679	0.003242821750205464	0.008443902921148567	0.0006963863715457374	0.99966961	57.65303421	0.96000345	0.04816194490192344	0.0190306	9e-05
-0.016	-0.0321	0.7997	0.0030595621787460597	0.008255407361933179	0.0006998770300497262	1.06692243	61.53164673	0.9964289	0.087362289458939	0.0201294	0.00013
-0.0105	-0.0032	0.8189	0.0026441738167714093	0.0077824231346427155	0.0006318091892219474	1.1132431	64.20305634	1.00243777	0.1014220215046446	0.0196828	0.00016
0.0023	0.045	0.8894	0.002490584842595908	0.006674139059626316	0.0005637413483941684	1.05219626	60.68235779	1.00790842	0.197997044500984	0.0218538	9e-05
0.0075	-0.0097	0.8603	0.002253220064324679	0.0068975412038815905	0.0006178465552059926	1.01626837	58.61032104	0.98027852	0.1147436064669164	0.0201432	0.00013
-0.0032	-0.1468	0.7791	0.002778564169174973	0.006866125277345693	0.0007225663103256524	1.14524126	66.04845428	1.05618999	0.26207398932529247	0.0189213	0.00011
-0.0218	-0.1055	0.8331	0.002897246558310587	0.008051203839449843	0.0006213372137099814	1.09356725	63.06830597	1.01824109	0.18414950239277167	0.0208769	0.00011
-0.0157	-0.0633	0.7499	0.003139847324337799	0.0074787358447957015	0.0005026548245743669	1.12956405	65.14431763	1.03715484	0.17818755749084836	0.0163003	7e-05
-0.0163	-0.0574	0.7032	0.0029164451800825246	0.006785840131753953	0.00034208453339088857	1.03237498	59.53922272	0.98100119	0.10704340742402504	0.0145217	6e-05
-0.0178	0.0226	0.725	0.0021275563581810873	0.00633729051399141	0.0002181661564992912	1.06853592	61.62469864	0.99897312	0.17136784082777878	0.014798	0.00011
-0.011	-0.0049	0.7015	0.002131047016685076	0.006072000467688272	0.0003211405823669566	1.03789723	59.85770416	0.98783746	0.07638775653373958	0.0148701	5e-05
-0.0103	-0.0959	0.589	0.003178244567881674	0.005757841202329294	0.0002303834612632515	1.10318267	63.62284851	1.03556737	0.27680569688296414	0.0144584	5e-05
-0.0207	-0.155	0.5257	0.0028605946440187057	0.005537929716578008	2.6179938779914945e-05	1.0787611	62.21440887	1.00923553	0.16988824660487953	0.0138888	9e-05
-0.0221	-0.074	0.5564	0.002089159114637212	0.005333726194094671	-0.0001658062789394613	1.03737593	59.82763672	0.99233737	0.1714812634792104	0.0121307	4e-05
-0.0284	0.0441	0.5762	0.0012409290981679683	0.004968952380427856	-0.0003665191429188092	1.09307909	63.04015732	1.01750005	0.2148858347057704	0.011966	9e-05
-0.0271	-0.0496	0.4982	0.0014974924982111347	0.004639085151800928	-0.00034033920413889426	1.06646466	61.50524521	1.02177765	0.20363052837250056	0.0130083	8e-05
-0.0321	-0.1612	0.4074	0.0019303341527057286	0.004153883619746505	-0.0003211405823669566	1.09498131	63.14986038	1.04406827	0.2542620904160477	0.0151092	8e-05
-0.0277	-0.1381	0.3663	0.002092649773141201	0.003937462792499207	-0.00028274333882308137	1.05515361	60.8529129	0.98551474	0.08945668456133225	0.0160821	8e-05
-0.0235	-0.033	0.3592	0.0020996310901491783	0.004071853144902771	-0.0003473205211468716	1.06630588	61.49608612	1.00650011	0.12669744258676655	0.015432	0.00014
-0.0294	0.0326	0.3499	0.0014870205226991688	0.003897320219703338	-0.0005113814708343385	1.06530643	61.43844604	0.9796812	0.12836022211684547	0.0167366	0.00026
-0.0295	-0.036	0.3528	0.0012932889757277981	0.003790855135331684	-0.0005253441048502931	1.04809403	60.44577408	0.9881383	0.08730796326794897	0.0170487	0.00028
-0.0302	-0.0743	0.3015	0.0016859880574265225	0.0037315139407638766	-0.0005393067388662478	1.08921778	62.81746674	1.03796139	0.11360014551412433	0.0204059	0.00068
-0.0304	-0.0702	0.2871	0.0020245819323134223	0.003680899392456041	-0.0005480333851262194	1.08022177	62.29864502	0.99460484	0.03859675347273533	0.02109	0.00096
-0.0321	-0.0508	0.2916	0.001970476725501598	0.003703588672731967	-0.0006283185307179585	1.00840855	58.1570282	0.96587073	0.033453981633974485	0.0199763	0.00068
-0.0293	-0.0214	0.3164	0.0016057029118347831	0.0036966073557239895	-0.0006387905062299246	1.08197892	62.39998627	1.00395117	0.07611135530933792	0.0185356	0.00018
-0.0247	0.0577	0.3603	0.0017400932642383465	0.0038327430373795474	-0.0005585053606381855	1.10377347	63.65692139	1.02427626	0.14514055898254302	0.0183449	0.0001
-0.0353	0.0155	0.3546	0.0019233528356977512	0.003946189438759179	-0.0005811946409141118	1.02334511	59.01844788	0.98631084	0.07446976265574812	0.0191893	0.00011
-0.0336	-0.1258	0.3758	0.001520181778487061	0.003954916085019151	-0.000486946861306418	1.08135736	62.36413956	1.03274246	0.18950727415391777	0.0175438	0.00012
-0.0342	-0.1406	0.3761	0.0013316862192716734	0.0039671333897831115	-0.0005340707511102648	1.00406086	57.90628433	0.96963925	0.028091837689159738	0.0176959	9e-05
-0.0395	-0.0965	0.3808	0.001291543646475804	0.003991567999311032	-0.0005689773361501514	1.00858557	58.16723633	0.96637255	0.059074188368183865	0.0178639	9e-05
-0.0387	-0.058	0.4003	0.001647590813882647	0.0038816122564353885	-0.0005707226654021458	1.03286386	59.56741333	0.98848283	0.08218741197672401	0.0169961	0.0001
-0.0288	0.0258	0.52	0.0019233528356977512	0.0037210419652519105	-0.0004747295565424576	1.14427817	65.99291229	1.06366863	0.24001627109291357	0.0148385	5e-05
-0.0281	0.1011	0.6868	0.0019373154697137059	0.004206243497306334	-0.0003961897402027128	1.12727439	65.01226807	1.07362395	0.2716851991205061	0.0160215	8e-05
-0.0255	-0.0124	0.6099	0.001947787445225672	0.004323180557189954	-0.000296705972839036	1.07505059	62.0004158	1.02628194	0.20434464013796308	0.0136417	5e-05
-0.0277	-0.1212	0.5746	0.0021153390534171274	0.004759512870188536	-0.00018675022996339323	1.08097982	62.34236145	1.02218173	0.181991983203284	0.0149127	6e-05
-0.0354	-0.0497	0.7067	0.001996656664281513	0.006087708430956222	-0.00017104226669544429	1.15795028	66.78141022	1.06852029	0.28442929565856245	0.0161114	0.0001
-0.0479	-0.001	0.8161	0.001837831702350029	0.006967354373961363	-0.00028797932657906436	1.08147275	62.37079239	1.02821763	0.22837039824101227	0.0180815	5e-05
-0.0498	-0.0177	0.8213	0.0019408061282176943	0.006991788983489284	-0.00028274333882308137	1.01118886	58.31737518	0.96749326	0.030432251157578416	0.0189679	5e-05
-0.0512	0.0334	0.9255	0.001424188669627373	0.007162831250184728	-0.0002844886680750757	1.07907951	62.23276901	1.03061923	0.19117025272688795	0.0240244	7e-05
-0.0457	0.0704	0.9978	0.001158898623324235	0.007278022980816354	-0.0002652900463031381	1.04434311	60.22944641	1.00580488	0.13478401993533515	0.0272684	0.00014
-0.0489	-0.0432	0.9627	0.0016249015336067207	0.007255333700540428	-0.00018675022996339323	1.04210663	60.10046768	1.00553186	0.18026160034490787	0.0241577	7e-05
-0.0544	-0.0204	1.0235	0.002408554367752175	0.0077335539155868735	2.6179938779914945e-05	1.00723124	58.0891304	0.98791502	0.16284016089676043	0.0282885	0.00017
-0.0599	-0.0239	1.0448	0.002466150233067988	0.00813148898504158	0.0001361356816555577	1.0244323	59.08115387	0.98611354	0.05857433388230802	0.0306541	0.00034
-0.0645	-0.0404	0.9359	0.0019163715186897737	0.007553785002631459	-4.71238898038469e-05	1.12446797	64.85041809	1.05136875	0.19553711341238705	0.0225916	0.0001
-0.0614	-0.0631	0.8827	0.001562069680534925	0.007173303225696694	-0.0001361356816555577	1.03368783	59.61493301	0.99399527	0.12018977034706615	0.0189194	9e-05
-0.0515	-0.0304	0.888	0.0016929693744344998	0.006791076119509936	-5.759586531581287e-05	1.01971567	58.80913544	0.97727232	0.07748333082130386	0.0188491	7e-05
-0.0532	0.0356	0.9243	0.0021572269554649913	0.006979571678725324	-2.094395102393195e-05	1.07241976	61.84868622	1.01450812	0.13847025272688804	0.0220868	9e-05
-0.0524	-0.0359	0.8919	0.002541199390903744	0.007197737835224614	4.537856055185256e-05	1.04572117	60.30892181	0.99461584	0.13812305517569134	0.0209536	0.00011
-0.0671	-0.0191	0.9083	0.0031747539093776853	0.0076340701482231965	-3.141592653589793e-05	1.02522147	59.12666321	0.9837744	0.10523406592801368	0.0222634	0.00011
-0.0614	-0.0452	0.88	0.0022846359908605773	0.0073181655536122235	-2.96705972839036e-05	1.05026162	60.57077789	0.98917611	0.12048839211900376	0.0209353	0.00011
-0.0454	0.0279	0.9693	0.0016702800941585732	0.00700226095900125	-1.7453292519943294e-06	1.10766232	63.88119888	1.03610718	0.2263092879672444	0.0251325	0.0002
-0.0392	0.0473	1.0362	0.001186823891356144	0.007087782092348972	3.4906585039886588e-06	1.04384601	60.20077896	0.99258301	0.12121066619530668	0.0282972	0.00022
-0.039	-0.0419	1.0511	0.001481784534943186	0.006997024971245267	8.028514559173915e-05	1.01886439	58.76004028	0.9873759	0.1274256125889248	0.0289808	0.00039
-0.0448	-0.0804	1.0171	0.0019931660057775245	0.007419394650227894	0.000153588974175501	1.03148854	59.48809814	0.97839274	0.1286527489200364	0.0283126	0.00036
-0.0636	-0.0699	0.9684	0.0022636920398366456	0.007723081940074907	0.00011344640137963142	1.0741564	61.94884109	1.00054372	0.10871779483510004	0.0267715	0.00022
-0.0609	-0.0791	0.9188	0.001970476725501598	0.007199483164476609	2.792526803190927e-05	1.09916985	63.39141846	1.00665059	0.10661676116405348	0.0227626	9e-05
-0.0466	-0.0263	0.9801	0.001891936909161853	0.0069254664719134995	0.0001186823891356144	1.03281987	59.56487656	0.9918012	0.15056568150032798	0.024976	0.00018
-0.0349	0.043	1.0759	0.0013945180723434693	0.007183775201208661	0.00032812189937493397	1.08031726	62.30415344	1.0199781	0.22505835381764336	0.031019	0.0004
-0.0253	0.0284	1.1328	0.0009512044423369096	0.007642796794483169	0.0005026548245743669	1.02898777	59.34387207	0.98916811	0.13494340742402497	0.0351862	0.0009
-0.0154	-0.0551	1.1225	0.0017016960206944712	0.008197811496617366	0.0007033676885537148	1.06195545	61.24518585	1.00480477	0.1790109572235553	0.0350419	0.0008
-0.0247	-0.0605	1.0923	0.0029129545215785357	0.009519025740377073	0.000778416846389471	1.06491339	61.41578293	1.01614276	0.17527609512397632	0.0345859	0.00097
-0.0499	-0.0372	1.2905	0.0018762289458939042	0.010196213490150874	0.0008115781021773631	1.27173495	73.34361267	1.21914827	0.3340537290623162	0.0510921	0.00966
-0.0556	-0.0707	1.1544	0.0014573499254152652	0.008450884238156544	0.00035081117965086024	1.26314044	72.84794617	1.19467997	0.3065487597499736	0.0381406	0.00177
-0.0537	-0.0772	1.1027	0.001322959573011702	0.008103563717009672	0.0002024581932313422	1.10167027	63.53562546	1.01292259	0.09160319299849776	0.0333794	0.00086
-0.0444	-0.0338	1.0622	0.0018605209826259553	0.007840018999958528	0.00021118483949131387	1.05675972	60.94554138	0.99082735	0.1336916386462684	0.0317834	0.00065
-0.0437	0.0129	1.047	0.001514945790731078	0.007579964941411373	0.00019024088846738194	1.08076608	62.33003616	1.000032	0.09392866007329832	0.0318042	0.00058
-0.0355	0.0104	1.0274	0.0013159782560037243	0.007487462491055673	0.00017453292519943296	1.04302478	60.15341949	0.98837561	0.04565889741754999	0.0292173	0.00033
-0.0237	-0.1057	0.9707	0.0018727382873899156	0.007525859734599549	0.0003089232776029963	1.05986357	61.12454605	1.01201485	0.22107738136668165	0.0266309	0.00024
-0.0187	-0.1767	0.9424	0.0016982053621904826	0.007265805676052394	0.0003665191429188092	1.0192126	58.78011703	0.9830361	0.12890914245312	0.0258773	0.00024
-0.0204	-0.1559	0.8851	0.002258456052080662	0.007061602153569058	0.0004014257279586958	1.04999542	60.55543137	0.99021517	0.11976803987067013	0.0234712	0.00022
-0.0298	-0.0052	0.9158	0.0017959438003021652	0.006824237375297828	0.00018675022996339323	1.15646899	66.69598389	1.05314346	0.2365276264022514	0.0230694	0.00014
-0.0277	0.0292	0.9299	0.0014957471689591403	0.006571164633758651	9.42477796076938e-05	1.03763855	59.84278107	0.98717703	0.08288859116189509	0.0239108	0.00014
-0.0228	-0.0672	0.8708	0.001996656664281513	0.006387905062299246	0.0002024581932313422	1.04049778	60.00767899	1.00301325	0.2000189740202712	0.0218174	0.00011
-0.024	-0.1305	0.8514	0.0015428710587629874	0.00629714794119554	0.00016929693744344995	1.01796222	58.70800781	0.98018082	0.11278519912050612	0.0196121	9e-05
-0.0201	-0.1069	0.8454	0.0015114551322270892	0.0062343160881237454	0.0002007128639793479	1.0277456	59.27223587	0.97417003	0.03978318530717956	0.0189951	0.00022
-0.0236	0.0364	0.8844	0.0013177235852557187	0.006333799855487422	0.00012217304763960306	1.13427711	65.41613007	1.03757184	0.20438775653373956	0.0206555	9e-05
-0.0246	0.0491	0.8873	0.0012880529879718153	0.006538003377970758	5.061454830783555e-05	1.02797568	59.2855072	0.96605917	0.03187163095495032	0.0218591	0.00036
-0.0185	-0.0643	0.8323	0.0015062191444711063	0.0062727133316676205	8.37758040957278e-05	1.0507865	60.60105133	1.00773008	0.20033087292951596	0.018593	0.00024
-0.0198	-0.1376	0.8414	0.0013055062804917586	0.006115633698988131	8.726646259971648e-06	1.06045401	61.15859985	0.98252642	0.10534208272472965	0.0182356	0.0001
